object_id,ra,dec,z,angdisp,foreground,cluster_member,lensed,Z_dir,Z_dir_e,Z_j19,Z_j19_e,R23,R23_e,mean_vel_disp,sterr_vel_disp,zcluster,name,oiii5007_flux,oiii5007_flux_err,oiii5007_ew,oiii5007_ew_err,oiii5007_centroid,oiii5007_fwhm,oiii5007_vel_disp,oiii4959_flux,oiii4959_flux_err,oiii4959_ew,oiii4959_ew_err,oiii4959_centroid,oiii4959_fwhm,oiii4959_vel_disp,oii3726_flux,oii3726_flux_err,oii3726_ew,oii3726_ew_err,oii3726_centroid,oii3726_fwhm,oii3726_vel_disp,oii3729_flux,oii3729_flux_err,oii3729_ew,oii3729_ew_err,oii3729_centroid,oii3729_fwhm,oii3729_vel_disp,halpha_flux,halpha_flux_err,halpha_ew,halpha_ew_err,halpha_centroid,halpha_fwhm,halpha_vel_disp,hbeta_flux,hbeta_flux_err,hbeta_ew,hbeta_ew_err,hbeta_centroid,hbeta_fwhm,hbeta_vel_disp,hgamma_flux,hgamma_flux_err,hgamma_ew,hgamma_ew_err,hgamma_centroid,hgamma_fwhm,hgamma_vel_disp,hdelta_flux,hdelta_flux_err,hdelta_ew,hdelta_ew_err,hdelta_centroid,hdelta_fwhm,hdelta_vel_disp,hepsilon_flux,hepsilon_flux_err,hepsilon_ew,hepsilon_ew_err,hepsilon_centroid,hepsilon_fwhm,hepsilon_vel_disp,hzeta_flux,hzeta_flux_err,hzeta_ew,hzeta_ew_err,hzeta_centroid,hzeta_fwhm,hzeta_vel_disp,heta_flux,heta_flux_err,heta_ew,heta_ew_err,heta_centroid,heta_fwhm,heta_vel_disp,oiii4363_flux,oiii4363_flux_err,oiii4363_ew,oiii4363_ew_err,oiii4363_centroid,oiii4363_fwhm,oiii4363_vel_disp,neiii_flux,neiii_flux_err,neiii_ew,neiii_ew_err,neiii_centroid,neiii_fwhm,neiii_vel_disp,nii6583_flux,nii6583_flux_err,nii6583_ew,nii6583_ew_err,nii6583_centroid,nii6583_fwhm,nii6583_vel_disp,nii6548_flux,nii6548_flux_err,nii6548_ew,nii6548_ew_err,nii6548_centroid,nii6548_fwhm,nii6548_vel_disp,sii6716_flux,sii6716_flux_err,sii6716_ew,sii6716_ew_err,sii6716_centroid,sii6716_fwhm,sii6716_vel_disp,sii6731_flux,sii6731_flux_err,sii6731_ew,sii6731_ew_err,sii6731_centroid,sii6731_fwhm,sii6731_vel_disp,nev3426_flux,nev3426_flux_err,nev3426_ew,nev3426_ew_err,nev3426_centroid,nev3426_fwhm,nev3426_vel_disp,fevii3760_flux,fevii3760_flux_err,fevii3760_ew,fevii3760_ew_err,fevii3760_centroid,fevii3760_fwhm,fevii3760_vel_disp,heii4686_flux,heii4686_flux_err,heii4686_ew,heii4686_ew_err,heii4686_centroid,heii4686_fwhm,heii4686_vel_disp,hei5876_flux,hei5876_flux_err,hei5876_ew,hei5876_ew_err,hei5876_centroid,hei5876_fwhm,hei5876_vel_disp,flux_HST_F435W,flux_HST_F606W,flux_HST_F814W,flux_Spitzer_I1_3.6,flux_Spitzer_I2_4.5,oii_flux,oii_ew,WFC3_F502N,WFC3_F606W,WFC3_F625W,WFC3_F656N,WFC3_F775W,cluster_key,cluster_fullname,source_dir,cluster_ra,cluster_dec,los_velocity_kms,angular_separation_arcsec,projected_distance_mpc,distance_3d_mpc,Z_dir_gen,Z_dir_gen_err,direct,logSFR,log_oiii_ew
0d47m35pt895s-6d05m45pt616s,0.7933041666666666,-6.096004444444445,0.4171300625171268,23.503009517081964,0,0,0,8.769434614379257,0.005302351166699796,8.775329364055633,0.002490171821416462,8.044968083273025,0.41117388155361145,96.70322419015832,22.853351319464224,0.232,a2697,11241.277265827432,56.59734976301956,280.516391884786,3.857673853020273,5006.839084639678,1.8612553173180164,43.85201561171645,4060.43167869229,65.97169842834694,99.47211699588128,4.484194431910959,4958.9088857014685,1.9539557468554143,46.83437146297198,1227.0092039192944,174.11784214695822,6.998127160789378,5.001599445652909,3726.264110442177,1.7314640347655226,54.11000840789738,1072.1633950722967,148.90328461568996,6.127426726544648,4.2773019502570415,3729.1781977122605,1.7314640347655226,54.06952189381034,4217.348179790714,168.73371007703503,101.32374925156527,7.7649585613490775,6562.7787176872735,2.1180158998393086,38.77806009318091,2187.812476236767,107.58949892467416,43.853579870458326,6.185116258358759,4861.493123721483,1.8614111775786863,45.169005292427194,1378.5272190946382,91.34119851769846,32.02570783841526,7.514232357133037,4340.818597896786,2.3607550506925907,66.12935685653686,1318.9770709879954,98.18888746417116,12.491235033396082,3.715484490343308,4101.701361528274,3.1949650153338487,96.75644884001943,368.0086557927496,10211784.785675453,3.000213611255977,357972.5441465321,3972.2793746365983,0.5171138264282209,nan,0.0,51.589647615759084,nan,nan,3889.06,1.0,23.37778840736009,1953.2784956583153,191.32279037879158,155.80748657264377,71.56250820597172,3832.3848682712537,6.884273031713467,227.32836171483774,516.0793716243148,76.24628808897309,6.547099137055848,3.389275375077046,4363.452759793805,1.1825162953882133,27.808798641209172,1015.1905687026045,94.56551526935229,13.17034647399423,5.619706619499626,3868.8830195741825,1.7482943908405366,52.71882988288291,0.0,0.0,nan,nan,6582.8830763053475,5.267932255735621,100.96740791117448,0.0,0.0,nan,nan,6548.72083089888,9.99923566878981,193.93267853817915,0.0,0.0,nan,nan,6716.44,1.0,13.536579167464883,0.0,0.0,nan,nan,6730.82,1.0,13.507659064352907,2564.0215910798265,322.1925650040063,49.063478930102725,39.22920528948127,3426.443574021458,9.99923566878981,370.65991701749095,0.0,0.0,nan,nan,3762.7038215290904,9.99923566878981,337.7342754526394,0.0,0.0,nan,nan,4686.95535495369,9.99923566878981,271.0131455203778,255.80347578149093,172.15832330638412,4.262269985984382,6.237766392636465,5874.700625676206,2.3755416932076985,49.18670240695292,-999.0,-0.8633398692744606,-1.4487304148933275,-999.0,0.1916287011461565,2299.1725989915913,13.125553887334025,,,,,,a2697,Abell2697,cubes,0.79856931500948,-6.091544661679325,45049.185464044735,24.758749646434495,0.09455397615481552,690.4466919431837,7.919999999999959,0.05499999999999883,1.0,-0.4845650876149628,2.4479582441915064
0d47m46pt41s-6d05m01pt731s,0.7962249999999998,-6.0838141666666665,0.813730341991405,29.234392149658305,0,0,0,nan,nan,7.995054837583766,0.005742774737297959,7.657246782344966,1.2710694233796889,47.74267136982182,15.686974371211788,0.232,a2697,2631.1753853074147,126.41843917172314,161.06592596676776,21.137357541580972,5006.842178496315,2.003571712900292,47.73486257063124,648.1729577339107,87.71897925227861,7.289559336587664,2.736740894388615,4959.380628059953,1.5038472363619615,34.17073007166657,1384.470730149666,69.78828444063166,7.843174601487567,1.991732076137701,3725.905951911926,1.4751623977721935,44.36687333976902,1586.994935203225,72.12239595962903,9.00809924562495,2.0583467639600443,3728.708276172414,1.4751623977721935,44.33367689246988,0.0,0.0,nan,nan,6562.8,1.0,13.853480493619768,816.3265709035902,133.3659143771464,16.707999602099157,7.829416748854983,4861.222489373825,1.755217878314025,42.152560955104285,88.27133415263357,143.99896199083807,0.6964808124396319,4.024429999412321,4340.224478071667,0.4999617834394905,nan,0.0,0.0,nan,nan,4101.47128023074,1.9053089619815902,55.00152350500359,0.0,0.0,nan,nan,3973.5105427157696,2.6150198117635757,80.79666229839106,353.91373032235066,53.7527878514079,3.5657043909267205,2.451153459342482,3887.9462374083014,1.138799051652348,29.40480550514024,119.73694845218827,1551.241045957657,0.7938063175650303,48.161863884413805,3834.3620877858802,0.4999617834394905,nan,1179.3675011802975,105.31994407298323,14.146615243730414,4.429185504412305,4362.188445002607,2.2025532392427385,60.93430958136255,351.59875398275443,55.57004799706897,2.7962202792294293,2.026189071625547,3867.4878144882928,1.0135581206830682,24.121302699884023,0.0,0.0,nan,nan,6583.45,1.0,13.810026928666252,0.0,0.0,nan,nan,6548.05,1.0,13.88468655302385,0.0,0.0,nan,nan,6716.44,1.0,13.536579167464883,0.0,0.0,nan,nan,6730.82,1.0,13.507659064352907,180.86782661961004,91.15529682547465,0.6452827693731175,2.0638926558161015,3429.468324170293,0.4999617834394905,nan,2096.274446785904,572.8642945891555,31.753256146883956,42.58925792060859,3763.7462531055044,9.99923566878981,337.7342754526394,0.0,0.0,nan,nan,4687.534783216456,2.6710370355803037,70.0357054091201,0.0,0.0,nan,nan,5875.62,1.0,15.473706908126772,-999.0,0.9793916507898521,2.3053820180429034,2.2551211294622164,3.0376241379467794,2971.465665352891,16.851273847112516,,,,,,a2697,Abell2697,cubes,0.79856931500948,-6.091544661679325,141557.11779122072,29.067532609068007,0.11100927245705813,1935.6773897349317,9.019999999999936,0.024999999999999467,1.0,-0.212448067651802,2.2070036736917253
10d32m44pt1s-28d32m04pt231s,10.545583333333331,-28.534508611111114,0.5465890261485848,30.626610038321612,0,0,0,8.926208859403106,0.013870262738687673,8.117041483765803,0.004370163566436861,9.573103828187977,11.087601140444143,53.17968205522028,14.344013055494667,0.1087,a2811,13319.348903966118,90.61458630912037,122.65953155275909,2.2793094295680687,5006.838791213848,1.7908213977838172,41.912868421507234,4241.101949114843,58.64011411032005,84.96745256158103,3.2595505255087884,4958.96859399804,1.747111516846915,41.09605190530403,243.20006407798996,14258.639284727675,4.112253375024681,1210.6687866847235,3730.5575522896397,1.4576906996771537,43.68750116750287,502.4917742218482,15676.042255838718,8.493884789495493,1331.017264615316,3730.0988139143556,1.4576906996771537,43.654813044113354,0.0,0.0,nan,nan,6562.8,1.0,13.853480493619768,1912.2473776455256,72.07507288265373,25.520118955428472,2.758875484273335,4861.325755493425,1.775191857132788,42.72236566768749,897.2090176807783,58.79230847569583,8.73704699096574,2.0276898451054652,4340.448198104684,1.4215835386181053,36.291138911613764,531.6505409386521,47.701255529757,4.303523430773773,1.542957342050771,4101.526817220613,0.9569788103183019,20.25363803539776,1149.9319862896384,217.09732269526677,10.304106341885907,8.37039662110477,3971.1134084051296,9.197072828419959,294.07071266683886,545.774543378821,674447.8823526915,4.4181764166981194,24684.3042711192,3889.710839418647,0.5412769873635235,nan,708.3524832560809,599.3257587643319,4.418935215901487,17.484527277277653,3836.5476774691733,0.753012933155128,9.21250999310125,594.0277621343208,115.29715305916206,5.3501570015506,3.63820946337211,4363.683717385663,3.3157008905013483,94.56525141562908,1700.722332138654,105.61741559401577,12.52097776486234,3.561742119993095,3868.916173438267,2.7092787425496763,86.12786121007835,0.0,0.0,nan,nan,6583.45,1.0,13.810026928666252,0.0,0.0,nan,nan,6548.05,1.0,13.88468655302385,0.0,0.0,nan,nan,6716.44,1.0,13.536579167464883,0.0,0.0,nan,nan,6730.82,1.0,13.507659064352907,387.0096301573611,1785966.124564913,2.594933785258905,76238.62628535976,3425.8081600057217,0.5319631838485513,nan,0.0,0.0,nan,nan,3759.5481330099183,4.331681712897009,144.73901215014905,272.28135326555486,68.11910118996533,2.5368136921754854,1.9410157669398167,4685.983785945855,1.449034195899242,34.47171088231231,530.8516500108445,160.0612360515174,10.413681350238674,6.8238689787127695,5877.440490082445,5.370624358846212,115.37545548126302,-999.0,-999.0,-999.0,-999.0,-999.0,745.6918382998381,12.606138164520173,,,,,,a2811,Abell2811,cubes,10.537610366655056,-28.53572532948923,118405.18398151935,25.593613704402966,0.052509720205333725,1631.5759903344363,7.319999999999972,0.024999999999999467,1.0,-0.2630473025190619,2.088701301746874
10d51m29pt295s-20d36m50pt04s,10.8581375,-20.6139,0.6518086857639809,31.68321534250361,0,0,0,nan,nan,8.073834121955223,0.0001564847834188448,11.586763163488737,1.1108496396010668,84.68101094470352,20.377784198641873,0.2934,a2813,3065.0043090369836,163.75441343494782,96.2154293499643,14.041081039405567,5006.788690052731,1.9672503479203662,46.74792789644121,1037.883286470421,107.37029463318318,23.73650178604125,6.814350090245311,4958.391315372765,2.6909530393219883,66.70649909529276,3596.0700712164557,171.71832956185875,14.185500958318375,3.412382481783188,3725.957934721481,2.079756562992651,66.9146557497253,3941.6847464164744,190.03985670750507,15.574551451873097,3.7764674250204027,3728.323272552217,2.079756562992651,66.86458846582806,0.0,0.0,nan,nan,6562.8,1.0,13.853480493619768,1004.6500691255499,92.21129647804852,188.7259374521689,49.68757379714674,4861.071732714067,1.3195174043242277,29.292634436073453,2542.9866817254324,1334.85309157561,95.88776739167658,177.5412571736477,4349.126242648948,9.99923566878981,292.5682705754515,0.0,0.0,nan,nan,4102.772586578983,2.05368409337714,59.92549506217582,0.0,0.0,nan,nan,3969.9624791002893,3.278889554096866,102.72142471950308,0.0,0.0,nan,nan,3886.932557259295,9.99923566878981,326.52642944617054,0.0,0.0,nan,nan,3834.9662605409053,6.094383739712804,200.95474699677038,0.0,0.0,nan,nan,4362.8143385762405,3.7036551187237365,106.11787509345437,525.6769377726653,182772.91195076244,17.850505567369826,28445.565068153137,3868.010992658131,0.4999617834394905,nan,0.0,0.0,nan,nan,6583.45,1.0,13.810026928666252,0.0,0.0,nan,nan,6548.05,1.0,13.88468655302385,0.0,0.0,nan,nan,6716.44,1.0,13.536579167464883,0.0,0.0,nan,nan,6730.82,1.0,13.507659064352907,0.0,0.0,nan,nan,3426.582273742998,5.672991536527609,209.1973366955003,215.2059136144058,163.28575685978527,3.5801672741751895,13.368527949662592,3759.7660009139936,0.4999617834394905,nan,0.0,0.0,nan,nan,4690.300173735394,4.460750192431526,119.6972064911326,0.0,0.0,nan,nan,5875.62,1.0,15.473706908126772,0.3533157959366494,0.24014305879487882,0.5400924173429972,0.10132292336485241,0.08485687615455179,7537.75481763293,29.76005241019147,,,,,,a2813,A2813,cubes,10.853776952379075,-20.62122867471815,83074.23911684971,30.19843640922842,0.1367050735398028,1225.9939443941107,8.119999999999955,0.024999999999999467,1.0,-0.3576305918400987,1.9832447221857854
17d53m16pt725s8d55m23pt545s,17.887979166666664,8.923206944444443,0.5429460275003011,39.623248459765136,0,0,0,nan,nan,8.127723805962512,0.0009437026146450259,8.19073043143859,0.43015265136038233,65.62203975766576,17.412679724687706,0.485,macs0111p08,5773.866307295344,109.5959900715652,84.653458557867,4.3889171889768805,5006.853964381164,1.9478535376367736,46.21979900362284,2020.9619262739968,119.03169749908747,41.99184551751875,6.862193319984788,4958.937554926615,2.017539116924669,48.57875873593243,2901.5151331809343,230.6581658141681,44.0544513774224,17.640892252393712,3726.082385188345,2.1232011577041874,68.48897829290921,4148.91427842976,296.76011174540207,63.11504489852314,22.696413706535207,3728.832085317472,2.1232011577041874,68.43773305998373,0.0,0.0,nan,nan,6562.8,1.0,13.853480493619768,1812.4461266847804,81.01897364496654,66.91674142129395,8.579607317274046,4861.308557863765,1.8311341973985693,44.31211995393826,1349.4159152455823,137.99808366316375,136.13623626628242,49.28132509883088,4341.570527984906,3.7339411787459573,107.57856889113835,1067.1704893193817,615109.0495118675,14.406449482718957,33169.606723278426,4102.20932013008,0.5672526503386902,nan,1368.4881353418475,151.73162566549718,53.04881640355058,25.317567410138146,3970.499344107281,1.7318566416556669,50.797505669482426,0.0,0.0,nan,nan,3889.2240098598268,7.711422104178914,251.39469328877678,0.0,0.0,nan,nan,3836.5766911779915,0.4999617834394905,nan,145.08032471328343,1.988873651988935e+122,3.207727963113023,1.5401882003501885e+121,4364.339622198463,0.4999617834394905,nan,4414.7215728215,344.834230529084,61.56320735399034,22.022460349515057,3869.2236528250023,7.9412306116199485,260.3072712787178,0.0,0.0,nan,nan,6583.45,1.0,13.810026928666252,0.0,0.0,nan,nan,6548.05,1.0,13.88468655302385,0.0,0.0,nan,nan,6716.44,1.0,13.536579167464883,0.0,0.0,nan,nan,6730.82,1.0,13.507659064352907,1203.7953501214417,4311408.405961703,25.188958902257056,575127.1109168372,3424.24799423276,0.5025762470636522,nan,357.03241619304407,0.0,3.653857083576473,0.0,3763.2068257313576,0.4999617834394905,nan,0.0,0.0,nan,nan,4685.1316946480065,3.1025538504357373,82.1229619632489,480.67838726912635,215.85417903497483,32.19193328962075,31.44341788929327,5873.50844278155,3.956078947037801,84.36589329310551,-999.0,-999.0,-999.0,-0.16035286702937668,11.25236344994786,7050.429411610694,107.16949627594553,,,,,,macs0111p08,MACSJ0111.5+0855,cubes,17.88123183204167,8.928403637619319,11698.169707508996,30.42717281068676,0.1883216094151003,193.0622810486098,8.449999999999948,0.02999999999999936,1.0,-0.29331413557803826,1.927644706117883
22d57m55pt32s-13d37m11pt705s,22.96536666666666,-13.619918055555557,0.7342241779195031,16.982169009893163,0,0,0,nan,nan,7.451673320329126,0.0021981026423372498,4.7885365651792755,0.35526075893250947,59.39301454899093,14.791797297853698,0.206,a209,5211.040513823118,152.47400028502145,135.43359618229172,10.823946980330518,5006.831436978444,1.7777986255458917,41.55287545463046,1410.6398224989332,107.60823309383773,163.51681484554754,34.60621675414584,4959.154032380066,0.9702608489100599,17.24886295161129,3690.8257706699333,209.53533048153227,90.56282523875166,25.89690624349618,3726.156713004873,2.0895555319042756,67.27010275515252,5139.523798808006,258.0948737084876,126.36941088895112,31.898480943502673,3729.102023346171,2.0895555319042756,67.21976951657118,0.0,0.0,nan,nan,6562.8,1.0,13.853480493619768,3226.8793806780695,225.77533474448128,764.8252910935462,153.48183230142575,4861.3747006090025,2.661314202848281,67.24128706804836,856.3587093142487,84.64897290869263,9.324141683541376,3.26423830789991,4340.462691308599,1.240631444567678,30.043422380883392,0.0,50.57317815506448,nan,nan,4101.73,1.0,22.16567686891332,59.60574839154971,0.0,1.2741476491633825,0.0,3968.4732331589066,0.4999617834394905,nan,486.7066763179441,21552.548421936855,8.380998471667805,1678.6477683606433,3889.011286072868,0.4999617834394905,nan,0.0,0.0,nan,nan,3835.4125887754844,4.407218117559336,144.43371682503818,1608.3361697940002,209.79043813182435,17.113709554473864,7.8199077192908435,4363.985992011106,4.373701618291356,125.97119935723495,809.641473908157,86.07115667146535,11.230386487299821,5.4700227062179385,3868.525625807364,0.9886349620351536,22.973896951439258,0.0,0.0,nan,nan,6583.45,1.0,13.810026928666252,0.0,0.0,nan,nan,6548.05,1.0,13.88468655302385,0.0,0.0,nan,nan,6716.44,1.0,13.536579167464883,0.0,0.0,nan,nan,6730.82,1.0,13.507659064352907,4616.544637701678,260.2859359833993,124.21184108256642,44.4679210979114,3428.8481211371964,4.437623594017971,162.83754378527908,0.0,0.0,nan,nan,3765.02590717712,3.7057865787724658,123.2156669783754,1664.1511979238364,368.19230208213503,103.34185463063662,69.6682096839899,4695.68,9.99923566878981,271.0131455203778,0.0,0.0,nan,nan,5875.62,1.0,15.473706908126772,0.5796692150123965,-0.0011644416289347606,0.12422707162477836,0.19911648515048877,0.025796458427945645,8830.34956947794,216.93223612770277,,,,,,a209,A209,cubes,22.969416197924584,-13.61209250359877,131308.1464954537,31.5342652342898,0.10997687961634055,1812.427732097514,8.239999999999952,0.024999999999999467,1.0,0.275157451702075,2.1317264104844855
24d30m30pt195s-21d55m03pt284s,24.508387499999998,-21.91757888888889,0.6015831643794081,31.05063770398896,0,0,0,nan,nan,8.117442508971145,0.00026193942558061403,8.46904230505903,0.49901613577742143,68.9123602348763,18.265461915064968,0.35,macs0138m21,4064.454909303934,111.31957017595685,176.6323358597911,13.213752189664946,5006.8397480163185,1.7852449765998026,41.75877596927122,1183.9676760695886,109.21284470800244,22.567904636533868,5.775805266056429,4958.97967596512,1.590801490530053,36.67422530027283,2538.2107197065543,134.97220906600322,29.552691080090046,7.915818246457717,3726.097738006498,1.544100169260885,47.02564321794294,3170.4883011409984,148.7722626299271,36.98944139001292,8.725160529282643,3729.0085662071288,1.544100169260885,46.99045740994522,0.0,0.0,nan,nan,6562.8,1.0,13.853480493619768,1293.7852016249553,70.07004353899765,26.55686638790537,4.1255505329862325,4861.151005993916,1.6726914294305244,39.784696663247,926.8416082435999,154.71924768738728,11.54973908582595,6.829005506417834,4340.269062940992,2.8489665815088285,81.00148977748053,0.0,0.0,nan,nan,4103.71927736361,3.8943604225829858,118.9050771459104,953.9945537316463,455.6284478956993,19.052561762898275,39.1905641563521,3969.5192930341627,9.99923566878981,319.8627926142355,0.0,70.16337486776804,nan,nan,3889.06,1.0,23.37778840736009,0.0,0.0,nan,nan,3836.205449685883,6.796502382109993,224.39957526952426,0.0,0.0,nan,nan,4366.820801199893,7.676128893113478,223.04155636023688,1169.3072053968642,130.2240695275361,21.66587809233106,11.048862770287432,3869.4378683125806,2.349112705399143,73.79114006508676,0.0,0.0,nan,nan,6583.45,1.0,13.810026928666252,0.0,0.0,nan,nan,6548.05,1.0,13.88468655302385,0.0,0.0,nan,nan,6716.44,1.0,13.536579167464883,0.0,0.0,nan,nan,6730.82,1.0,13.507659064352907,364.0193087049869,253.56743459247306,26.465902014398136,117.24784979066408,3426.9950507773133,0.4999617834394905,nan,1743.1953253073737,126.107375167154,66.62444036319032,23.69486096755267,3761.319018658984,2.6483084676162356,86.48020761663409,251.86893726110065,1862858.4297398063,5.18914498322316,117423.03446304027,4685.008225170213,0.5007702004218791,nan,0.0,0.0,nan,nan,5875.62,1.0,15.473706908126772,-999.0,-999.0,-999.0,0.10220636060932226,0.0001424559763818357,5708.699020847553,66.54213247010297,,,,,,macs0138m21,MACS0138.0-2155,cubes,24.516220192104292,-21.92522011983686,55868.69277090429,37.960537370893114,0.1934583265190526,858.3268249248978,8.519999999999946,0.034999999999999254,1.0,-0.3322446957343792,2.2470702122650668
24d30m31pt845s-21d55m29pt888s,24.50884583333333,-21.92496888888889,0.8614848083977711,17.361899535732682,0,0,0,7.824739282949823,0.01845186750323162,8.099257890949094,0.0018509872389059863,7.662663686253935,0.4159129123646164,64.75558204867811,16.184506643072623,0.35,macs0138m21,3518.5931131651746,142.7417385940219,136.27443962384146,15.100743031606852,5006.731117576843,1.9753976896598542,46.969534120979546,1442.1941162992832,91.2678053948574,31.040391962702657,5.4512004469172055,4958.3985005280065,1.8073074640154128,42.777427416689314,1884.1003098458768,108.22476072563376,92.8753323368299,26.879033335821656,3725.7399960776816,1.7301759639875525,54.06188676425049,3391.4080739271553,161.7515103490482,167.50588232437343,40.17310095804888,3728.5556508504033,1.7301759639875525,54.02143625602745,0.0,0.0,nan,nan,6562.8,1.0,13.853480493619768,1335.8664861672576,64.2141709312911,39.333260929504824,5.4235229717512015,4861.026767581713,0.9629000645836262,17.315550259241295,1130.4694825749527,98.4302171696399,97.89492729054122,30.195096471631306,4339.973779867761,3.610772481033092,103.89841006394693,647.2524376692226,63.23655431193412,28.120488537367493,10.979140622262829,4101.421867550754,1.0103036726767527,22.611323413539587,942.4578795557009,71.03114977410212,82.77485845041498,26.843299272754194,3971.1244612761484,2.023889945529285,60.89539346692197,0.0,0.0,nan,nan,3886.5776228820137,9.99923566878981,326.52642944617054,195.4198782307077,70.83747478518589,17.477275079290838,29.65540626195059,3835.0790426757544,2.284837361001597,72.19464769449829,854.0613831829546,173.96721574076116,44.097652594440866,31.413371840935785,4367.613561386206,6.970525477361738,202.35847120700126,765.6320446596909,89.43728209755801,129.63890979053863,69.36673126160476,3868.933397396478,2.5038281157701103,79.10874460125092,0.0,0.0,nan,nan,6583.45,1.0,13.810026928666252,0.0,0.0,nan,nan,6548.05,1.0,13.88468655302385,0.0,0.0,nan,nan,6716.44,1.0,13.536579167464883,0.0,0.0,nan,nan,6730.82,1.0,13.507659064352907,1511.7834400256888,101.07610309768339,28.98105229605666,12.35282288601477,3424.2320305579556,3.1738353210594936,115.03542216339193,1129.1533475616054,110.32815878642654,178.71541056516247,86.10676303882514,3756.8817350914096,4.274652544378488,142.78198908175415,0.0,0.0,nan,nan,4686.909661111475,0.4999617834394905,nan,0.0,0.0,nan,nan,5875.62,1.0,15.473706908126772,-999.0,-999.0,-999.0,0.871625770059591,1.013832754565831,5275.508383773033,260.38121466120333,,,,,,macs0138m21,MACS0138.0-2155,cubes,24.516220192104292,-21.92522011983686,113584.6577327606,24.64417318627156,0.1255941257227159,1617.7823247656,8.469999999999947,0.034999999999999254,1.0,0.06224296104787913,2.1344144048345806
24d30m45pt615s-21d55m55pt448s,24.51267083333333,-21.93206888888889,0.37151772700511376,27.74710118999978,0,0,0,7.823138479372591,0.007471814816681766,8.029938262644409,0.0029465382919565044,9.367129590470041,1.7662032912789885,94.74534015198142,19.558949943393937,0.35,macs0138m21,3170.2163851952864,89.89159956242595,53.447755893849994,4.139467372473314,5006.853632206513,1.7988334271259718,42.134112489182954,1115.5633970979904,78.58843998192906,18.281054586560888,3.5735895445028536,4958.6212266863695,1.5993717282838382,36.91908780373746,2752.5874486536945,1056.8827493578488,61.599585874675334,119.1546665477488,3725.881932429885,3.2279688477687567,107.66796581181848,7064.774139369111,2326.8910943701167,158.36372250376644,262.33745664886465,3728.2591042726585,3.2279688477687567,107.58740584254804,2732.816084122511,268.1347798177406,2998.3228368619716,563.5491612587468,6562.126381714623,4.903097698865542,94.13966523405858,1505.599045481807,77.39887840966955,62.704656412582274,9.246671446625406,4860.983280038474,1.6799266584990769,39.993227070534886,1366.865545304274,124.5922125252829,21.98160389777209,7.097400876798215,4340.129726115376,1.930245670444972,52.762006183313254,0.0,0.0,nan,nan,4102.10507924987,6.329152796325451,195.24005454102883,3754.4684549261588,356.4387507262257,47.7461933219115,19.52190513073879,3969.5823076297656,9.999089610932632,319.8580973994786,0.0,0.0,nan,nan,3889.0601077241968,3.661593879109628,117.65318803996789,0.0,0.0,nan,nan,3834.0146911735546,7.11985961279944,235.18767498049877,386.16469844667466,102.45015343420542,4.445127377534994,4.133500483177553,4362.766056244949,1.5546904459922803,40.504637511199576,1000.9073404965826,113.52127145511528,9.843029543527766,5.105518838401225,3871.4430431914843,1.245367496570131,33.89516603410422,0.0,0.0,nan,nan,6585.654438816313,0.4999617834394905,nan,0.0,0.0,nan,nan,6544.753736168687,0.4999617834394905,nan,456.05705058990657,82.5431554458833,28.651233767239116,9.699881005469024,6716.133998310582,1.3138968263694322,21.076094751994187,347.2921891663612,115.91726833039442,885.4774323634557,551.694132665502,6729.874737496359,1.906324797968475,33.53832726528174,0.0,0.0,nan,nan,3426.0,1.0,26.53754284399528,962.4516044812622,143.23363683482702,6.753280749678668,4.945946987616093,3759.8255012253203,1.6118798604142164,49.16166429691843,0.0,0.0,nan,nan,4683.799052371234,9.99923566878981,271.0131455203778,701.9943249629627,332.4550236053286,24.16856129197402,24.88173819594148,5876.17149116711,7.637219510502032,164.78307957157128,-999.0,-999.0,-999.0,-0.14038662065069735,-0.3180764442927888,9817.361588022806,219.96330837844178,,,,,,macs0138m21,MACS0138.0-2155,cubes,24.516220192104292,-21.92522011983686,4778.40908847114,27.356825800014438,0.13941862009050687,78.55934850465354,8.609999999999944,0.034999999999999254,1.0,-0.7651559436029101,1.727929475243997
24d30m56pt79s-21d55m46pt848s,24.515774999999998,-21.92968,0.3085071313086478,20.43238879446017,0,1,0,7.906781049340265,0.008866001529979104,8.112853997731895,0.00010730876455222415,9.71533077979958,0.4919723076799637,92.99150242638503,16.69502154684208,0.35,macs0138m21,7352.142605701017,111.75746909540355,156.4388172682421,6.495228951051657,5006.83568684144,2.3316444555400877,56.55241607607779,2315.975806611808,122.8888292704078,48.56436106537565,7.150223385314203,4958.728719978944,2.251209078419938,54.93029237198303,5738.840474162571,299.46623851502807,38.202580223455286,10.04117234142395,3726.144172269146,1.997517811685784,63.92275087610461,5431.12862425931,275.34530951048066,36.22566392791326,9.23239200487941,3728.9740613378317,1.997517811685784,63.87492221316451,4915.015606656576,104.55423683158224,120.5493686663243,4.911917194607839,6562.722846801301,2.5792875839422527,48.15708426141413,2144.8664984276097,98.7481211840293,57.668077774506074,7.615012386786589,4861.337806018102,2.4056477262167477,60.27380957004557,1314.1593961243407,165.84711568304454,20.036532788557327,8.954952376935635,4340.591248710279,3.6936394624681133,106.37490281614909,1799.9651327548504,252.86512736919528,43.254327448927185,24.297407764316887,4100.344449310288,6.467489876352603,199.5597146613226,238.11248183922095,0.0,2.959238310713917,0.0,3971.273336535662,0.4999617834394905,nan,0.0,0.0,nan,nan,3890.3120707731873,0.4999617834394905,nan,0.0,0.0,nan,nan,3835.480572712636,4.338005684113695,142.1062987820377,1314.810823246722,305.83454467620345,17.173460209982334,14.002444057024386,4362.621635813821,9.506725882093997,276.63512837251096,1238.0189015581132,124.08222269662605,474.0315376695111,217.5937408710101,3869.1533736731494,1.9389990234908796,59.50417103829049,0.0,0.0,nan,nan,6583.07571019275,0.4999617834394905,nan,0.0,0.0,nan,nan,6547.857211824573,6.536417538894585,126.35312214419712,907.2033352003601,193.69242805585608,11.644176065069601,4.6499058414809955,6716.652430082717,3.4014139643048966,63.09373140432929,67.60172589517057,1492.1215923240757,0.6569322054205382,27.062074723191582,6731.010588655967,0.4999617834394905,nan,0.0,0.0,nan,nan,3426.0,1.0,26.53754284399528,1779.5541808500864,354164.9647535646,2172.807485032804,2128133.1186316595,3759.776149123417,0.6684364992516616,nan,0.0,0.0,nan,nan,4685.359752531773,5.493904681130094,148.053033123312,430.27585511108566,287.01102433524153,7.418286098691385,10.755754842850777,5876.657546888525,8.241063905076315,177.91812311999652,-999.0,-999.0,-999.0,20.443877188746907,36.548870717087716,11169.96909842188,74.42824415136855,,,,,,macs0138m21,MACS0138.0-2155,cubes,24.516220192104292,-21.92522011983686,-9214.258588482746,16.124258265131132,0.08217407435135791,154.30043454866552,8.589999999999945,0.034999999999999254,1.0,-0.7990978362397402,2.1943445238754795
24d59m51pt81s-5d54m55pt49s,24.997724999999996,-5.91541388888889,0.6061822708679105,20.67346965365264,0,0,0,9.404830313439883,0.026839095301411285,8.101569473417255,8.34066405149467e-05,9.251696136063632,0.6691882535627195,53.31817280295604,17.5352654888258,0.451,macs0140m05,5876.426719889456,85.56182607780028,110.496024981918,4.394417658347537,5006.831042137718,1.770319566025094,41.34591116112782,1732.4190073631746,72.78241698497666,34.68662347420793,4.043698429180598,4958.592126531461,1.0127249892802372,18.788921974735366,3335.83633780285,144.59605733848127,15.42134632830481,3.3669737010485234,3726.1517274320545,1.8385641554407532,58.08840569947834,6707.7658068608625,243.4363952567358,31.066486830435558,5.668508227639977,3728.7801053402286,1.8385641554407532,58.04494244517765,0.0,0.0,nan,nan,6562.8,1.0,13.853480493619768,1908.022876270883,134.0250536222167,33.10868801828805,6.6699099889549505,4861.542194268596,2.7368055729805763,69.28833813909672,0.0,63.95931380565857,nan,nan,4340.46,1.0,20.94654063936261,799.2202295503688,116.23477796373173,9.918322387007258,5.763755175833808,4101.647566558999,2.436792859451146,72.44573827313563,658.8105877191006,84.6116222940685,4.786401235790409,2.6468132556495627,3969.9798929836843,1.3143048302389593,35.671246272534766,416.7616724567744,964313.2735816714,3.3891637282947897,35475.67560008076,3888.733939487175,0.5021598146869728,nan,1165.79470816213,75.84996175045572,13.719432636912092,4.17164607067562,3837.560790756537,1.3669800848736708,38.974171732450586,135.08131365976467,77.04238185745687,1.3992610956989038,2.799916852056714,4360.68679827641,0.4999617834394905,nan,0.0,59.107257696803664,nan,nan,3868.75,1.0,23.500516131444996,0.0,0.0,nan,nan,6583.45,1.0,13.810026928666252,0.0,0.0,nan,nan,6548.05,1.0,13.88468655302385,0.0,0.0,nan,nan,6716.44,1.0,13.536579167464883,0.0,0.0,nan,nan,6730.82,1.0,13.507659064352907,0.0,0.0,nan,nan,3424.190707921951,9.99923566878981,370.65991701749095,1071.6502040485293,88.31978145550208,7.597316827424044,3.086112391002964,3757.5393872553955,1.6385041619356797,50.16055222052563,0.0,0.0,nan,nan,4685.59437412914,6.5776550221797105,177.70028804026134,0.0,0.0,nan,nan,5875.62,1.0,15.473706908126772,-999.0,2.573079725933387,5.175500738785197,0.08541315295828807,0.38899010300069187,10043.602144663713,46.48783315874037,,,,,,macs0140m05,MACS0140.0-0555,cubes,25.003592373123123,-5.91705469512778,32062.35315059455,21.8245998982291,0.12975070293305419,512.6104865837591,8.589999999999945,0.034999999999999254,1.0,-0.1555168502677139,2.0433466548585066
25d00m32pt685s-5d55m30pt293s,25.009079166666663,-5.92508138888889,0.8268020717462952,63.397374860085684,0,0,0,nan,nan,8.140649719282663,7.314990362827786e-05,11.282121415369534,0.7730481696500461,40.15140898734863,6.972502251698612,0.451,macs0140m05,8667.384420401544,96.87853960985764,150.69888396470756,4.600802172795284,5006.8592415263865,2.2469405971812413,54.29024169199117,2972.3081937456122,142.6904832206649,26.628430770913923,3.5470325011451336,4958.764287477885,2.177813242420747,52.94413203746228,3926.1148603363094,133.17989314835836,37.024595645988406,6.327427727616043,3725.8370200460067,1.9317328001219607,61.51708972636609,5735.82548538234,168.6705738360574,54.20016910658776,8.013603559016929,3728.7312401479603,1.9317328001219607,61.47106104159811,0.0,0.0,nan,nan,6562.8,1.0,13.853480493619768,1888.0875480427626,127.0447982848799,13.259484956285323,2.5588565479648078,4861.483229470434,1.8106793048109382,43.73184871414112,593.521883339291,149420.50983137335,3.2840036491667473,2927.6837134194734,4340.757102399091,0.5003436461432273,nan,166.50258716273333,1264.4364057257746,1.9868040096028028,60.246671154415246,4102.900107740452,0.4999617834394905,nan,710.4290125534587,134.60068489569082,10.253807216519137,8.369023224890684,3969.1311630438954,2.0920023789865527,63.21812363152427,313.12991513301137,128451.09579794941,4.5365351798456,8416.572552836844,3889.139377683425,0.4999617834394905,nan,234.26116245875136,64.37307636667242,4.574894461343891,5.883041836989954,3835.5017449427137,1.2054965602499055,32.577331106334576,2249.6402460094914,114.432972775083,27.461976311028803,4.902405865566747,4360.05381474698,2.5306955933385544,70.95989279233206,1400.7344558993716,76.45990626656136,49.01981308183254,12.257239067175414,3868.840001865844,1.5523986679027957,45.597005764906456,0.0,0.0,nan,nan,6583.45,1.0,13.810026928666252,0.0,0.0,nan,nan,6548.05,1.0,13.88468655302385,0.0,0.0,nan,nan,6716.44,1.0,13.536579167464883,0.0,0.0,nan,nan,6730.82,1.0,13.507659064352907,0.0,54.096629219195826,nan,nan,3426.0,1.0,26.53754284399528,0.0,0.0,nan,nan,3760.106423354481,3.8208484362414232,127.1807689637952,957.8416758395606,102.79181766900072,10.175518173661203,3.335285808243956,4689.450949443801,2.9884344723576124,78.93700231727158,0.0,0.0,nan,nan,5875.62,1.0,15.473706908126772,-999.0,0.6086844122773063,1.630894538868758,0.302544428739901,-0.2324083750464506,9661.940345718649,91.22476475257616,,,,,,macs0140m05,MACS0140.0-0555,cubes,25.003592373123123,-5.91705469512778,77644.81516906558,34.942696887551584,0.20773986715350276,1162.9884505191844,7.8999999999999595,0.024999999999999467,1.0,0.16868789181698696,2.1781100360587335
25d01m35pt88s-34d10m56pt975s,25.02663333333333,-34.182493055555554,0.7124464409134421,18.453007966164225,0,0,0,7.786523952908442,0.010378654395372078,8.053469476169983,0.002511785164824048,7.648961369025075,0.8736230289925474,58.84927778417421,13.086578802801856,0.395,macs0140m34,1770.0910155790084,54.785046066826105,336.4362892330294,28.441792836376884,5006.8328604398,1.819532499219237,42.7048893302133,836.9864186381831,74.98424159007725,68.12859935208775,16.934200511193392,4959.005985418499,1.6035311951055642,37.037816642620044,2005.5353403575893,177.71398497635602,204.9346610845938,91.40940427026294,3727.0800114446347,2.535810175592593,83.27641795544993,2409.151288537047,236.60911642427826,246.5907899440108,121.70284955420982,3729.4820659395855,2.535810175592593,83.21410837598626,0.0,0.0,nan,nan,6562.8,1.0,13.853480493619768,918.0022913368186,96.69165800560049,103.07990299047849,31.143703049208494,4861.0445742343045,1.9024992829225744,46.32821827059505,712.7859938217663,116.12571552206597,204.80493900988236,118.0845892682908,4342.051280549392,5.20318301308011,151.22728076777227,312.19057204724083,567740.990846933,9.581073261634424,69578.98988044325,4102.766746909783,0.4999617834394905,nan,0.0,0.0,nan,nan,3970.449162510339,4.488835523072394,142.1842689111858,1033.724268158288,120.29006941751535,846.7857326588702,445.7123920092469,3888.9242275456104,7.250265156120791,236.23192150751453,0.0,0.0,nan,nan,3836.064963519675,4.027420696141186,131.64922228007592,351.13615756959956,55.52689365552157,13.022904458782733,7.219032878041809,4362.519318177084,1.5564177206277343,40.5610730971265,54.02733283952637,173.31629424135295,1.2870472949632445,18.907541417362598,3869.3067872227302,0.4999617834394905,nan,0.0,0.0,nan,nan,6583.45,1.0,13.810026928666252,0.0,0.0,nan,nan,6548.05,1.0,13.88468655302385,0.0,0.0,nan,nan,6716.44,1.0,13.536579167464883,0.0,0.0,nan,nan,6730.82,1.0,13.507659064352907,0.0,0.0,nan,nan,3430.453144764206,1.5166102147536618,49.995128556281095,0.0,37.81876385875201,nan,nan,3760.0,1.0,24.18021855944889,432.97317525651675,113.94177889188698,83.29496213939142,67.16679986290468,4681.048022012009,3.140400420828156,83.17813009813447,0.0,0.0,nan,nan,5875.62,1.0,15.473706908126772,-999.0,0.3665766148664999,-999.0,-999.0,-999.0,4414.686628894637,451.5254510286046,,,,,,macs0140m34,MACSJ0140.0-3410,cubes,25.0238050778472,-34.176944476350016,68220.82351598033,21.6782176260574,0.11920751581867517,1033.8231080323474,8.579999999999945,0.02999999999999936,1.0,-0.3027132115023807,2.5269028342235256
25d01m58pt62s-34d10m37pt121s,25.032949999999992,-34.17697805555555,0.6456070749755329,24.47971972532535,0,0,0,8.387604762627744,0.006286884476165456,8.129877650824035,0.0001219152183940542,10.43606919261057,0.9052377867903934,43.909801115651106,8.339127381863499,0.395,macs0140m34,3620.1146382139746,57.17660451645315,151.00657203416412,6.514458836858543,5006.841718701805,1.6712006120294904,38.58672221867454,1357.5678129687522,48.62487371832207,38.011902572872586,3.77760658982861,4958.891168140934,1.5660740380283067,35.96593129127402,1764.9049624225372,118.37909449982607,36.594850978146695,12.364081045009064,3726.0777222108227,1.9416005255082462,61.878695091944294,2947.071878397212,167.19762700277417,61.23378101437907,17.462922989316606,3729.0526876768336,1.9416005255082462,61.83239584464715,0.0,0.0,nan,nan,6562.8,1.0,13.853480493619768,928.4778697005379,77.77654523323685,54.08464001054842,12.994004715027602,4861.433999411936,1.682204514508768,40.05883919894694,412.8295680007685,49.6493992616884,6.111756378505496,2.603385767072479,4340.353377418108,1.4511008506244913,37.28264654020709,0.0,0.0,nan,nan,4098.621765014635,2.6675657204265746,79.89481096777092,0.0,0.0,nan,nan,3968.1129785502585,3.7642231909077584,118.60332592749033,452.45471622874527,56.36538994796852,34.62408661223356,19.500655140554052,3889.74489897063,1.3947402836730936,39.49068514487852,727.9777679106346,157.2757522084678,175.47992485679177,177.28060323618027,3836.6636800328006,5.042481934745971,165.75671988375228,222.65988691129417,42.81856562347407,3.66866274512187,2.4722899100186173,4363.225116676761,1.326406258253165,32.87366808968034,116.46414197897307,53.93104033125312,30.454808841120283,64.61106047758877,3868.616899147334,1.1215218735779198,28.834974116227098,0.0,0.0,nan,nan,6583.45,1.0,13.810026928666252,0.0,0.0,nan,nan,6548.05,1.0,13.88468655302385,0.0,0.0,nan,nan,6716.44,1.0,13.536579167464883,0.0,0.0,nan,nan,6730.82,1.0,13.507659064352907,1463.3722416720707,100.56261819504809,111.2937428481041,48.64361118610051,3426.931017096036,1.8086579534907778,61.97194605904422,255.5320655305326,1129988.600521574,28.194688381440102,613638.1981417651,3759.6638907106367,0.5001009026732225,nan,660.1090677281909,81.74409545540661,15.828273836697404,5.993558103794192,4686.457524350211,2.9877590236780995,78.91812505453227,0.0,0.0,nan,nan,5875.62,1.0,15.473706908126772,-999.0,0.7434529975255969,-999.0,-999.0,-999.0,4711.976840819749,97.82863199252577,,,,,,macs0140m34,MACSJ0140.0-3410,cubes,25.0238050778472,-34.176944476350016,53856.71039362386,27.236621725046298,0.1497729228086093,832.3890259283887,8.579999999999945,0.034999999999999254,1.0,-0.4019620175192782,2.1789958488564936
28d07m25pt59s-28d53m23pt342s,28.123775,-28.88981722222222,0.5581272868730427,30.45113887447951,0,0,0,8.22062144065925,0.007863700011163209,8.089001439636203,7.310366981159256e-05,7.881225774049133,0.3086956330226467,52.3741927526773,8.504404629894765,0.4127,macs0152m28,8015.955404951427,168.00817141577198,162.68944189334746,9.313616229735626,5006.860256468812,2.7392512912927893,67.33898922350997,3206.6573355592454,160.37018610743434,28.99371373652931,4.023392289418126,4958.771034848052,2.608658050962436,64.51589991735418,7781.035036221552,203.52703618691336,52.461624478275006,6.911597381506326,3726.1970753985524,2.4236003863426694,79.2798202750686,9391.589093750346,243.7095395704245,63.44035940639624,8.276159507359669,3728.9097178970724,2.4236003863426694,79.22050105382236,0.0,0.0,nan,nan,6562.8,1.0,13.853480493619768,3602.8960068598526,131.9971087036491,76.46441059599961,8.034736311498271,4861.383806790796,2.990378443847497,76.13720888975661,1659.9562803632418,74.96904083058841,11.703105073884224,1.8719834954988908,4340.420537574503,2.50968059949276,70.69018114168674,828.6584768275515,98.42800197238476,4.800800576350368,2.2776327713982445,4102.370759853915,2.2085518048343857,65.01512859684713,247.4083825383726,113.15160698529317,1.1843070436324348,2.33240445542048,3969.791337243779,2.5666452198501553,79.18548786792708,0.0,41.62543979367675,nan,nan,3889.06,1.0,23.37778840736009,94.34403103440117,102.21285244244423,0.5466732031469053,2.7721945372662593,3835.1891559347823,0.4999617834394905,nan,491.0771829355455,109.03677649427904,2.9376080193402423,2.2857843227218564,4363.142112339815,2.066716547494742,56.73857485172047,2110.7040865708286,148.5147859482222,9.776992028415737,3.149098875375379,3869.9469955414543,5.025775798061021,163.7726909800938,0.0,0.0,nan,nan,6583.45,1.0,13.810026928666252,0.0,0.0,nan,nan,6548.05,1.0,13.88468655302385,0.0,0.0,nan,nan,6716.44,1.0,13.536579167464883,0.0,0.0,nan,nan,6730.82,1.0,13.507659064352907,967.6556705835706,83.10535435475312,3.777322776821965,2.0651717305801087,3425.896628030262,1.8522463063162609,63.72496044466752,365.61559072888326,156.31146181923833,2.271180123485833,4.777610327719125,3760.080308027236,2.9216016224239523,96.04141808833269,0.0,0.0,nan,nan,4685.846339629828,1.8397672133823308,46.22696586094837,93.84302355776626,104.57704332722675,4.148634820722029,10.05117856706731,5875.665100241307,0.4999617834394905,nan,-999.0,1.3437738658633203,2.321046805025322,,,17172.624129971897,115.90198388467124,,,,,,macs0152m28,MACSJ0152.5-2853,cubes,28.126689427293268,-28.884492008953615,30861.47362634713,21.2581588207099,0.12002894899640743,493.0581067564445,8.609999999999944,0.034999999999999254,1.0,0.033907661378788416,2.211359369309059
2d55m43pt275s-15d23m04pt376s,2.928687499999999,-15.384548888888888,0.3769632541816905,15.825249432476458,0,1,0,nan,nan,8.08381485217665,0.00015385743140426537,9.774798700720588,0.5942222961485543,86.75617081907986,17.278806670646865,0.3791,macs0011m15,5214.997670738993,147.55046828600823,470.34413784493995,36.34878727827772,5006.832747955684,2.0373353333207715,48.650065232559434,1864.8393948949083,140.97210497534468,155.81427420284527,32.67960487856991,4959.046564507481,2.5437999240317453,62.785691045965464,4659.813660787762,346.7973648557291,47.16360547100228,17.6791903352392,3726.2096813523935,1.70603283983512,53.15859400934559,6866.946092684929,443.92156188321235,69.62739808833373,22.6304308561136,3728.776691449058,1.70603283983512,53.118819368229616,4478.480950094542,137.7015672813382,71.86924489202384,4.2326659310968555,6562.8181996393905,2.9106156874379576,54.80511150312409,1903.5273655031824,98.15043553960489,82.7983070345618,12.246390542643972,4861.02784810381,2.238869947435718,55.69279563428158,3186.8538005297887,664.1336352323244,131.9975306014445,97.02202430007324,4349.301464002934,9.99923566878981,292.5682705754515,1569.6690021071072,230.60800765202626,19.22585606275377,11.293687808758827,4100.436443220492,4.192499761335653,128.30084269466556,612.9968234157114,219.8691972831288,8.104057540440637,12.515489689147815,3970.0016061201086,0.4999617834394905,nan,0.0,93.27871787428323,nan,nan,3889.06,1.0,23.37778840736009,0.0,0.0,nan,nan,3835.9617912016242,6.15460931970869,202.96702853581823,0.0,0.0,nan,nan,4362.4857839597435,5.03745494548828,145.55730143724168,3200.583334276501,313.54919829028285,161.6024005747884,72.49555707248179,3869.407384760722,4.251464205543861,137.99484258830486,0.0,0.0,nan,nan,6583.63981788525,9.99923566878981,192.88987927331783,0.0,0.0,nan,nan,6544.563079383934,0.4999617834394905,nan,1138.719314564365,137.4139462749909,10.385493527211993,2.34398319288308,6716.869692276765,2.2711948730124245,40.95476465641198,815.2047767028928,147.71352648016233,5.812293963001292,1.9659103783993561,6729.954190630839,2.4643288575238076,44.69156645358373,0.0,0.0,nan,nan,3426.0,1.0,26.53754284399528,1570.1872175369244,274.04570833352403,105.55456626599367,90.66007396603419,3759.8290719543456,2.586728494226674,84.31634130286106,123.24484534773644,95.6989986984824,1.1998821773014903,2.8492855293260893,4686.168091527522,0.4999617834394905,nan,96.99162780926878,107.26845689823658,13.301205518915442,31.98850157499306,5874.716406601068,0.4999617834394905,nan,-999.0,1.4350630481402313,2.5473453513504345,0.9715152224769938,0.6098551587317278,11526.759753472692,116.79100355933602,,,,,,macs0011m15,MACS0011.7-1523,cubes,2.9290869736677587,-15.3887518374017,-464.4915386790064,15.194013524536125,0.08146149148079715,7.72296393872431,8.619999999999944,0.03999999999999915,1.0,-0.6484997519711362,2.6724157355461133
2d56m07pt62s-15d23m06pt546s,2.9354499999999994,-15.385151666666665,0.5589078881977365,29.197416718402582,0,0,1,nan,nan,8.106297993058503,7.187831710260163e-05,8.219057137280643,0.37770151931761303,46.808669584269374,10.592000946991462,0.3791,macs0011m15,10144.468090569067,183.8004064674445,189.40154139602552,9.373219394266274,5006.830115611842,2.375977267323223,57.73310140720017,3092.004389663633,158.45424180141848,229.29027585792468,32.600217557817516,4959.093219726322,2.1574992430910647,52.39308648806687,6160.365190854743,185.12955704992072,47.155857840395406,7.139246121910297,3725.882520162131,2.15536675301245,69.6520343600199,10342.678014223147,272.32952997913316,79.32584528264277,10.501983431316232,3728.69468949416,2.15536675301245,69.59991889832841,0.0,0.0,nan,nan,6562.8,1.0,13.853480493619768,3618.3609857651145,158.6565123975443,63.35101952101462,7.967030185101446,4861.401945130085,2.275511654399839,56.70214831543298,2032.3650676366008,89.4253649031498,24.50737823443895,3.8187816566748993,4340.649452126355,2.1433545875251228,59.41953522887574,185.65406926826756,172.78760820003254,1.3200176539043307,4.924240627014978,4095.925335018075,0.4999617834394905,nan,829.9157333381049,102.99822452027263,6.1393896147955935,3.283730644887613,3968.417910832715,1.4811334160568899,41.85693703939782,0.0,0.0,nan,nan,3889.161299809995,4.512432254895676,145.92833080963953,328.2673317329802,1261450.4755660573,1.6245151987607591,29224.9982049454,3834.8930252869377,0.5028752359255363,nan,285.84797959069465,5778949.089173842,3.2115607409758957,227669.36411591084,4361.865974362426,0.5025259525299978,nan,0.0,67.27153461752819,nan,nan,3868.75,1.0,23.500516131444996,0.0,0.0,nan,nan,6583.45,1.0,13.810026928666252,0.0,0.0,nan,nan,6548.05,1.0,13.88468655302385,0.0,0.0,nan,nan,6716.44,1.0,13.536579167464883,0.0,0.0,nan,nan,6730.82,1.0,13.507659064352907,483.0353604546033,174.27080775032118,1.6084635251481834,3.6947636210078243,3425.722442009895,0.4999617834394905,nan,13.854407800120892,231.7559227365278,0.14898666765742075,12.285475346584812,3757.3537066623776,0.4999617834394905,nan,1719.225629912239,433.75054760641,569.5118040908964,439.5374001623981,4685.405567906783,5.578472723342103,150.36934204704542,242.59280119051087,4228244.017131064,17.35433384734997,657603.5602687702,5875.701231681805,0.5174733941992931,nan,-999.0,0.5805010372478205,1.810391625032417,0.3487368413660334,-0.14504513366623759,16503.04320507789,126.48170312303819,,,,,,macs0011m15,MACS0011.7-1523,cubes,2.9290869736677587,-15.3887518374017,39087.12114465131,25.607827580044468,0.1372943248263432,615.7443734865924,8.549999999999946,0.02999999999999936,1.0,0.03723050618290301,2.2773835090762535
34d19m22pt71s-52d46m02pt865s,34.32297499999999,-52.7674625,0.33491412791428266,47.179511707927695,0,1,0,nan,nan,8.128910034748912,5.7565678783814226e-05,9.023894775019038,0.24348897689401489,69.435944178589,14.472547087555032,0.3432,macs0217m52,19272.839255848423,102.05189607542232,105.48884931485476,1.5256977053680485,5006.840998781659,2.3480370514077697,56.98924092189675,6799.332684247034,111.1449562296748,40.869683187346304,1.853629925405322,4958.904183999842,2.3111310529074,56.54666751734681,9089.324486048588,289.91315464090974,23.861265059643657,3.833520931178488,3726.1440064780136,1.9190814942915946,61.05307000293809,15780.246171422594,429.0860983620943,41.50308414048709,5.673804423901386,3728.798928623768,1.9190814942915946,61.00738850978256,12796.431705228282,255.50030952084623,116.50945875350764,4.455872226131193,6562.728114618479,2.790545662109637,52.402294109373614,5645.205741825504,140.105282255626,43.16004126863857,3.072298437807703,4861.336150826273,2.202061348309565,54.677041276144394,3286.4486355764407,133.26266789636597,16.028389425649348,2.3018946223880974,4340.428922678818,2.0581809764634604,56.76980750057008,1086.2393796215792,117.81230229077902,3.8694909127783674,1.6766326304316237,4101.980871877618,1.2356233433847257,31.603565572291373,998.1006115272161,144.09892637539645,5.238471991042481,3.2550755192429586,3970.6595683293435,1.21998657497919,32.04120807709178,0.0,0.0,nan,nan,3889.1342921522782,4.336380693756959,140.09166029775128,0.0,92.2446178993797,nan,nan,3835.4,1.0,23.704860453545347,708.8282401902673,15689617319.551954,2.9742956582288245,230704461.0069418,4363.229895036816,0.4999617834394905,nan,0.0,94.9919969323325,nan,nan,3868.75,1.0,23.500516131444996,0.0,0.0,nan,nan,6582.063783115313,9.99923566878981,192.88987927331783,0.0,0.0,nan,nan,6547.981228966065,9.99923566878981,193.93267853817915,1199.688422623233,170.56184796070605,9.341795906736591,2.4842479821238808,6716.287999775661,2.2104939786728126,39.743553147781384,851.3032127402911,205.150848902241,6.652071659960183,2.992027528828043,6730.616977530867,2.266799984374809,40.77987739021991,0.0,0.0,nan,nan,3426.0,1.0,26.53754284399528,3094.4485495706044,225.63006524977652,11.044318277756219,3.967412572909333,3758.1857665499515,2.9443066679981915,96.83306793678283,1956.7871134700783,427.3210451938906,10.379559633929386,6.918453297987211,4691.207687944317,9.99923566878981,271.0131455203778,0.0,49.39013583702934,nan,nan,5875.62,1.0,15.473706908126772,-999.0,-999.0,-999.0,0.31013486111875466,0.47767143522082445,24869.57065747118,65.36434920013075,,,,,,macs0217m52,MACSJ0217.2-5244,cubes,34.31325042068582,-52.76019528842647,-1849.3463067680098,33.66299672855518,0.16938372289212256,30.638089069808107,8.509999999999946,0.034999999999999254,1.0,-0.2962417785424526,2.0232065550179152
34d34m42pt045s-31d41m44pt286s,34.57834583333333,-31.695635,0.61583971028766,16.364771261465705,0,0,0,10.505815077215292,0.0,8.245124424111145,0.00010790511273917478,10.63269327313097,0.38475522145478025,49.316824409429,14.723237697646876,0.272,rxj0218m31,19586.797019929716,65.0111013362803,162.00388088206776,1.4687098951442452,5006.841407482548,1.7983239804159574,42.120049897385506,6253.56807710753,89.0964799111683,60.87261772070011,2.406318683917828,4958.902739594779,1.7339107707532992,40.72589232669955,2621.451897067384,150.04533882759335,19.69808324671496,5.679391634893449,3726.047853345702,1.9611662333003124,62.594878516646894,3604.9423548597356,182.64943736024952,27.140886421698703,6.913494912719205,3728.8310081295576,1.9611662333003124,62.54804340230471,0.0,0.0,nan,nan,6562.8,1.0,13.853480493619768,3015.864233570784,106.33915698256851,20.564937714404515,2.0797590856207733,4861.353362550429,1.994903477009494,48.921321683622956,1757.6499937120975,62.91297534503877,13.322699486551628,1.6888194444821882,4340.579809515228,1.6833576763430163,44.9032306448438,536.5365176384586,48.36209906552401,2.919625368232282,1.0516209688564946,4101.526584290151,1.5101133052724003,41.53135129262445,610.5578445514615,56.437989300816184,3.5846598066415134,1.4265050385769715,3970.2292039717886,1.3937811335101529,38.64920851712823,830.698556983257,85.17357440366885,3.4176365970987224,1.5853182233540193,3888.6550864351098,1.0327485157450902,24.856739830592534,0.0,0.0,nan,nan,3834.9463884747274,4.085693870980121,133.61296941824307,542.459067119333,797017.335874615,2.960193181049381,15244.602442046551,4362.758518769514,0.5357401725804294,nan,2176.0674382846655,70.5706133082048,9.878083034406,1.4674570227630088,3868.8468340597365,1.4419492716328755,41.48432323458191,0.0,0.0,nan,nan,6583.45,1.0,13.810026928666252,0.0,0.0,nan,nan,6548.05,1.0,13.88468655302385,0.0,0.0,nan,nan,6716.44,1.0,13.536579167464883,0.0,0.0,nan,nan,6730.82,1.0,13.507659064352907,861.8813770217467,98.20978308601781,6.32051370159254,4.585564702036309,3425.7132539032314,1.774871470358263,60.60803626209079,2847.8445696036247,355.45482938808266,39.967824358604126,24.5125184566346,3762.0517571720407,9.99923566878981,337.7342754526394,346.6453243920842,65.49761209857243,2.161640913277421,1.2488404657339014,4686.6205209689615,1.0322851047833992,20.613677412779946,0.0,0.0,nan,nan,5875.62,1.0,15.473706908126772,-999.0,-999.0,-999.0,0.6159355270378675,-2.996870366882742,6226.3942519271195,46.83896966841366,,,,,,rxj0218m31,RXCJ0218.3-3141,cubes,34.58129863040806,-31.69939687668962,81038.16973674958,16.285202983184053,0.06988786720420012,1196.3171933115163,8.249999999999952,0.03999999999999915,1.0,0.05993848825542336,2.209525418403612
34d34m47pt625s-31d42m25pt358s,34.579895833333325,-31.707043888888887,0.3571781676103458,27.58112402422862,0,0,0,8.67466807967073,0.0,8.010645067696258,0.0076267858992504775,6.302758873982911,8.718172589391823,97.0959056988042,24.92956836565497,0.272,rxj0218m31,3815.790613779063,54.41486959987378,67.36082514977815,2.6237819262026845,5006.835859989462,2.038553369878177,48.68304294897487,1681.6249700118021,81.99271200189762,76.96429736248807,10.412478503520475,4958.762334604207,2.1843840417769926,53.1222465362889,1829.7654689870499,8925.548938367858,20.238255157938625,497.4932536165927,3725.4633366459016,7.147038249210437,243.0242658205712,2779.75119475777,10751.13634302106,30.812693807040688,599.2480503213959,3728.5836522644604,7.147038249210437,242.84242875103195,2386.633440249762,109.80493057784882,58.09314442730417,5.119481615563681,6562.786073470864,1.8838003707407447,33.9267706901405,1603.5727289609604,68.17195325240228,54.58094535697412,6.655480865285969,4861.240502958713,2.2729145442885765,56.63066386186531,0.0,64.68998582578486,nan,nan,4340.46,1.0,20.94654063936261,0.0,25.336512274085916,nan,nan,4101.73,1.0,22.16567686891332,0.0,0.0,nan,nan,3971.8741847826113,5.3068407656273795,168.6896282098398,383.1949284364416,3040174.2910278393,3.6425240414787967,130706.98033851804,3889.0660709565022,0.5727575600341207,nan,252.5512917618632,157.89908101414454,2.5811573513731565,7.557406731440861,3834.3952111279045,0.4999617834394905,nan,1398.46760979816,265.10576708160556,23.412560587979414,15.548129630544198,4363.916964976499,8.503197285842788,247.26492915232387,87.59850558191881,0.0,0.7366685603254369,0.0,3869.333278046561,0.4999617834394905,nan,0.0,0.0,nan,nan,6582.2627626737385,9.99923566878981,192.88987927331783,195.2879560159806,4709162.006311763,2.268714460827211,105068.5849589632,6546.091391047619,0.51499804880365,nan,0.0,37.33734726842247,nan,nan,6716.44,1.0,13.536579167464883,325.4909601074458,70.94287939969378,7.690880653338043,3.1288814301730783,6730.253994260799,1.282617381921155,20.32853939604467,0.0,0.0,nan,nan,3426.0,1.0,26.53754284399528,1421.3956485114513,651.0238882017453,16.44395708867079,36.974524786392095,3763.3871969327356,9.99923566878981,337.7342754526394,0.0,78.98017299556604,nan,nan,4685.68,1.0,19.403292965701418,167.6274681476948,350.05862625630533,11.637222420021102,52.85399324613859,5873.983611086713,0.4999617834394905,nan,-999.0,-999.0,-999.0,0.30475369805444813,0.088325808238168,4609.51666374482,51.05094896497931,,,,,,rxj0218m31,RXCJ0218.3-3141,cubes,34.58129863040806,-31.69939687668962,20075.292638240215,27.86250589633849,0.11957180478930844,319.4657919225499,8.33999999999995,0.034999999999999254,1.0,-0.7777452403223954,1.8284073985005078
34d35m05pt955s-31d42m25pt197s,34.5849875,-31.706999166666666,0.3864327307231097,31.052138210433462,0,0,0,nan,nan,7.587589637405845,0.0011823759035109438,5.764791489848161,0.18453539145630074,96.03102161208571,20.32958842102762,0.272,rxj0218m31,7450.272312961724,92.45210870554274,128.03314761257064,4.339644352235201,5006.837556111658,2.3361589607426074,56.672747288029655,2603.843311120703,104.00817999547121,44.69792339826452,4.953705062379059,4958.96078729886,2.519280102775252,62.13065329341767,3484.5604176548186,251.8625698686331,935.770870973959,340.6061551523767,3726.476027784669,2.225746783298217,72.18986526468429,4214.606982999999,299.9176783892158,1133.8176792131055,405.5934446776248,3728.999057256895,2.225746783298217,72.13585093197624,6546.556568402302,118.75036730127388,723.2388017930399,25.128747108105205,6562.755777990846,3.043761627522267,57.46251413600597,3079.605403942346,67.23044078558577,1089.3214394567883,68.20794431847341,4861.328167321803,2.3006862592734088,57.394632441097336,1445.3073133870203,84.29756434852021,196.8704098490872,40.663300962530926,4340.657384424354,1.6610697459988208,44.183394830983005,1438.0282287588805,75.06426065596975,54.38397193704373,11.341280037297643,4101.953900559159,1.170041820148494,29.09978758499103,180.47354093117232,2991.6623783711707,1.3166080220118153,93.97287650883615,3969.9711962949345,0.4999617834394905,nan,345.0161396136051,10767288.137160994,2.7591906781713087,389476.84132338356,3889.009401410984,0.5234939787410811,nan,0.0,47.24039510622577,nan,nan,3835.4,1.0,23.704860453545347,0.0,0.0,nan,nan,4363.92160444158,8.056467277357685,234.18333217165022,1749.3221754243777,102.0290305743878,36.596271711033374,9.77667263349542,3868.9955646706157,2.379525458328477,74.83891930801859,0.0,0.0,nan,nan,6581.144336512858,9.99923566878981,192.88987927331783,0.0,0.0,nan,nan,6549.7998813251825,9.99923566878981,193.93267853817915,0.0,0.0,nan,nan,6714.768107952803,6.082779280509006,114.53308741198,1004.8695969641507,259.2094795366667,10.590350404655087,5.099217166538657,6730.117487199876,3.2338964793712526,59.71740124955228,3503.498982475354,1047.0509047348676,69.77030469995238,132.37146705251953,3429.0927590937426,9.99923566878981,370.65991701749095,2581.7238768907496,290.7754122445794,113.96134159453177,63.182448054706654,3759.412291698523,7.091898848834388,238.95258542234393,313.6373033461189,48.504069300879706,13.088467611461935,6.191736522868176,4685.481955633096,1.597207256960514,39.00648636547029,248.2260827817972,54.31796446942314,13.140023696039957,6.251283268059829,5875.670033757428,1.270094013700935,22.962860871066336,-999.0,-999.0,-999.0,-0.012725402991440914,0.8457596860666701,7699.167400654817,2069.5885501870644,,,,,,rxj0218m31,RXCJ0218.3-3141,cubes,34.58129863040806,-31.69939687668962,26970.180518186444,29.60866216786595,0.12706542570077664,425.5803915276168,7.7099999999999635,0.019999999999999574,1.0,-0.41428015219032527,2.107322422472375
38d04m00pt81s-44d20m58pt424s,38.06689166666666,-44.349562222222225,0.3112150822270707,74.25260449041856,0,1,0,nan,nan,7.2211665748763565,0.0017427279570047857,3.5346902983450263,0.2943538018567662,78.87428576414351,14.564082867224238,0.282,rxj0232m44,6870.733802070937,227.07974876902193,227.42557338032938,20.53053005144235,5006.847967229196,1.9922560460543917,47.427663794983324,2789.9615901766088,307.8517587561948,41.623002282329985,12.7440508502752,4958.679133614232,3.233607736317961,81.04793715068944,6840.013450419853,563.8944626924575,12.134038936120954,5.037589971884107,3726.4456348976246,1.6251504180784975,50.11276121499647,3389.2034685869057,391.4783786781193,6.023604389258403,3.4972990251083758,3729.1197159200306,1.6251504180784975,50.075265545108984,6527.076599985559,264.0374102773462,86.06863089067916,6.668790730086631,6562.923897631342,2.545318311352766,47.47206299423486,5627.059411843504,412.49754898873346,41.39185266304061,8.705630650753623,4860.421270157717,6.040745850720756,157.13133784146416,0.0,120.59639202110068,nan,nan,4340.46,1.0,20.94654063936261,2311.081683018312,35202.73896497697,24.14461585536815,1468.9644689239465,4102.358531842338,0.8025379205933008,12.182905722703998,0.0,0.0,nan,nan,3970.0855538085275,5.538233275167221,176.17242328240724,818.9732221493389,1099.2249423770872,2.3552701427212233,14.313794013641816,3887.2997575165514,0.4999617834394905,nan,8632.83503379487,420.80654638564283,38.861137402116306,8.840134119404643,3839.7825863987123,2.159910051647636,67.8252731482798,0.0,0.0,nan,nan,4362.047885706784,6.483759996099044,188.07795835253393,1412.3096112585356,391.1682374744066,3.639004755726688,4.617376055394275,3868.709490783055,1.9275621721667737,59.100419220053716,0.0,0.0,nan,nan,6581.398502326527,5.831416949196049,111.95198387201481,0.0,0.0,nan,nan,6551.526096662984,8.606955644132427,166.78595087125925,1298.113646597549,382.57472189911607,23.015254455637187,12.687315902539172,6716.299179986355,1.7075894184339742,29.5227528888311,221.4102251299746,606.388925198836,1.640744708947735,8.38729280018925,6730.499985986823,0.4999617834394905,nan,0.0,0.0,nan,nan,3426.0,1.0,26.53754284399528,5370.640067880585,449.7199406935308,16.404211769976605,6.763423231678114,3759.061184518183,2.1543905148034064,68.98780791993819,294.30551982289876,316.7158837576628,4.649078984199306,15.310321504276095,4684.44689981819,0.4999617834394905,nan,2139.772581271669,1164.0446524770907,28.994544109489635,34.34750191903007,5868.109604787472,9.99923566878981,216.12712798001303,-0.07393317454768253,0.5841187726562638,0.4886698613969296,0.3606670278639803,0.08501252284324196,10229.216919006758,18.157643325379357,,,,,,rxj0232m44,RXCJ0232.2-4420,cubes,38.07857428318949,-44.34662663699782,6831.873097913926,31.8782361187921,0.14035802310672418,110.71020994559495,8.039999999999957,0.03999999999999915,1.0,-0.3714553668155794,2.3568392983178392
38d04m12pt825s-44d21m10pt642s,38.070229166666664,-44.35295611111111,0.40293015396403087,66.73403958150307,0,0,0,nan,nan,8.14939532953309,6.750468339590532e-05,9.10781356118506,0.2181052344723957,76.03695183204438,14.390968676324848,0.282,rxj0232m44,31051.94676559555,151.44743228178103,242.14566353067084,3.22579762717598,5006.835429028277,2.069144049872987,49.51042011434985,11014.607164896215,141.76716261058675,85.62939373986319,3.058005179497122,4958.831772165499,2.052792401296961,49.542630336876414,14442.661164372268,531.3618853915082,30.512970386082582,5.654059152779963,3726.260613729783,2.089837642716103,67.28033288426417,17008.11696555188,588.8343820548147,35.99988703299852,6.265606395301617,3728.9253278108704,2.089837642716103,67.22999199123444,18408.700044086047,167.12776126483723,491.19283186077047,8.541680901074129,6562.773579997148,2.6523136537439758,49.62733204387151,8071.896901109845,171.06090681054934,51.30058375035951,3.1182736903323085,4861.270525828348,2.219693512407941,55.16384289341494,4471.61071869446,195.04090644966578,13.774313570066333,2.127778509883534,4340.522993349205,1.9597753014915162,53.69035058742813,1360.8557727080647,339.5707958342727,4.1181591071086485,4.104830315828355,4102.172031293774,0.4999617834394905,nan,0.0,174.34570490706415,nan,nan,3970.08,1.0,22.900702702093618,0.0,103.77604510392247,nan,nan,3889.06,1.0,23.37778840736009,0.0,0.0,nan,nan,3835.114148819423,6.99790144227756,231.11940894469447,0.0,0.0,nan,nan,4365.664004395015,2.182983355517421,60.33177029048511,0.0,118.88465675975279,nan,nan,3868.75,1.0,23.500516131444996,0.0,0.0,nan,nan,6583.104096177012,9.99923566878981,192.88987927331783,0.0,0.0,nan,nan,6547.609041617895,9.99923566878981,193.93267853817915,0.0,0.0,nan,nan,6716.44,1.0,13.536579167464883,0.0,0.0,nan,nan,6730.82,1.0,13.507659064352907,0.0,0.0,nan,nan,3425.102296830328,4.257263437122005,156.04671617657579,0.0,0.0,nan,nan,3760.0306665764583,3.979347596322818,132.63602982953094,0.0,0.0,nan,nan,4685.491205848121,6.006659515608402,162.08920568260876,811.2488208812401,160.28172305152017,7.304627405477641,3.137863145018996,5875.3557378103305,2.6286230682964966,54.89910524542829,1.7193517931007467,2.956990093765354,3.5009491441283798,0.22288139897339634,0.198020286712506,31450.778129924147,66.5128574190811,,,,,,rxj0232m44,RXCJ0232.2-4420,cubes,38.07857428318949,-44.34662663699782,28279.210688919866,31.3164752646259,0.13788462267591955,446.29606634584957,8.459999999999948,0.02999999999999936,1.0,0.04691233346440003,2.38407669588281
4d38m38pt61s16d26m31pt04s,4.644058333333333,16.441955555555555,0.5342696849731088,40.90620329423247,0,1,0,nan,nan,8.103064202457443,0.0002490727690614105,8.253858943465149,0.38544232681926877,64.71678092447183,14.281635204804209,0.5471,macs0018p16,8037.285791035222,178.51865700281363,121.38000356340318,7.363892216055617,5006.844430257236,2.4732466655414265,60.3164479404484,2780.551401066936,229.69474694236374,227.3148312695524,52.09862294212941,4959.042879656302,2.6817873548147726,66.46276838448642,6120.171160591451,448.7434576852202,244.26350089591733,90.22415736789665,3725.940867748441,2.578788699315074,84.80321477059795,7878.717337651486,557.0753346198771,315.0991556524892,112.00531572267396,3728.899104428697,2.578788699315074,84.7397628020905,0.0,0.0,nan,nan,6562.8,1.0,13.853480493619768,3006.6815849807213,104.69418464479526,86.0053636053554,8.58916769510672,4861.444298280455,2.36205227323717,59.07945975494452,2008.1863202066381,170.47123734830734,25.695672523001843,7.725474402373175,4340.408494623599,3.0086308637823476,85.82449831443951,217.0113047010124,214.18814468382516,5.767935978624938,22.74420638787419,4101.9033525473305,0.4999617834394905,nan,0.0,0.0,nan,nan,3968.3512587476134,6.012881349777845,191.5063878601137,1195.2180116584807,285.9755323132457,10.518808530623971,11.380926563185671,3889.391546309444,4.205283664501994,135.74129352596222,0.0,0.0,nan,nan,3836.377207777678,2.4690977003554035,78.59520265925737,0.0,0.0,nan,nan,4367.389140663183,8.630535841370403,250.99289151425984,1726.3060301758053,122.30006096023138,18.7739023152858,6.091829032624831,3869.053760367179,1.3151401653750978,36.63801910362058,0.0,0.0,nan,nan,6583.45,1.0,13.810026928666252,0.0,0.0,nan,nan,6548.05,1.0,13.88468655302385,0.0,0.0,nan,nan,6716.44,1.0,13.536579167464883,0.0,0.0,nan,nan,6730.82,1.0,13.507659064352907,123.81398790221843,775.00663499231,8.585501970371777,341.91958334009786,3426.535627372076,0.4999617834394905,nan,660.7650065734649,2516577.6949094487,38.20293244297792,715776.936494521,3760.334587204617,0.5243203800447713,nan,0.0,52.41829296422645,nan,nan,4685.68,1.0,19.403292965701418,780.7295349053708,284.2328101221813,25.96758910907314,20.557468279074488,5874.724084148583,3.3796163811768842,71.6399466863863,0.39379363895508707,,0.9943102673922601,0.09653789814289002,-0.335356877203944,13998.888498242937,559.3626565484064,,,,,,macs0018p16,MACSJ0018.5+1626,cubes,4.6395957416203055,16.43694892009977,-2486.2204633353135,23.712539245399043,0.15622723517700163,42.060306021968614,8.509999999999946,0.034999999999999254,1.0,-0.09031313788453786,2.084147145904212
4d45m08pt04s-40d52m14pt082s,4.752233333333332,-40.870578333333334,0.5177884932263128,44.663768664596404,0,0,0,11.0622492825291,0.05202866295011732,8.135966388135733,2.8289484505111137e-05,9.064217113094255,0.14005331202251747,41.512651797601514,7.061841685674496,0.477,macs0018m40,43903.08979159236,371.3341673459081,143.2198908850873,3.308666155200471,5006.889275272345,2.304458137578067,55.82728908154061,11956.227315799437,172.15740971755034,33.28162296794509,1.3295933046422515,4959.012088740548,1.6260872668327815,37.680417927111485,19903.17296308031,243.16021459075154,35.448635339989615,2.181745801580117,3725.9252742838275,2.1235348102290987,68.50105348291031,29129.670150043985,320.5649738111904,51.979641745049584,2.876257067478364,3728.6318627763685,2.1235348102290987,68.44979921501395,0.0,0.0,nan,nan,6562.8,1.0,13.853480493619768,11572.114713469062,167.21608222616146,36.055096548180394,1.4944203745375826,4861.111889741067,2.313216762600563,57.739022366646125,4824.454509981025,92.27422468575341,9.479861247114703,0.6422114187003805,4340.281889395434,1.8872516912053483,51.40649086094544,2383.57233165149,107.79905316982776,5.026695080566032,0.9083737021885416,4101.657230959527,1.824967692010645,52.31109940729646,2246.9082215425046,94.84307236093689,3.7092452258571225,0.6741319229692113,3970.001986599262,1.6644148259267513,48.42364719553575,274.2924619327869,292.2097082313606,0.3364509949232431,1.621768875714085,3888.4442605748036,0.4999617834394905,nan,265.6807824939715,37900197903.637955,0.3938146699243722,262909727.64174196,3835.442945290652,0.4999617834394905,nan,117.02049642009827,371.67536587327214,0.1968505875133416,2.191343448248846,4362.87474203107,0.4999617834394905,nan,5598.746615893704,111.5096612556552,7.574795046260972,0.6911608930042096,3868.681744622293,1.984021151724342,61.09017490174473,0.0,0.0,nan,nan,6583.45,1.0,13.810026928666252,0.0,0.0,nan,nan,6548.05,1.0,13.88468655302385,0.0,0.0,nan,nan,6716.44,1.0,13.536579167464883,0.0,0.0,nan,nan,6730.82,1.0,13.507659064352907,571.0256895443454,5515407881.090059,0.8461920204014359,51832460.61189286,3430.279550978679,0.4999617834394905,nan,0.0,0.0,nan,nan,3759.4839179976284,3.3750250776901134,111.79032165076882,613.2392815988616,93.92661074611293,1.3855687139067625,0.6499558780868728,4682.344623545296,3.4380364127308556,91.4549289496606,0.0,101.07682827870205,nan,nan,5875.62,1.0,15.473706908126772,-999.0,4.075980031883007,-999.0,0.3301535651869453,0.3852975397353158,49032.8431131243,87.4282770850392,,,,,,macs0018m40,MACSJ0018.9-4051,cubes,4.756705684875445,-40.863752051028236,8278.999757909733,27.425495030122065,0.16821524952797717,137.2631417755277,8.629999999999944,0.034999999999999254,1.0,0.4623421347696854,2.156003338514665
4d45m39pt18s-40d51m33pt895s,4.760883333333332,-40.85941527777778,0.46470714870622953,6.270993110826676,0,1,0,10.635825467727646,0.0189801161447082,8.216904131544679,7.300296632916895e-05,12.012918810172291,0.21402373699793545,44.052715976959455,8.751586185449407,0.477,macs0018m40,30601.17886608022,124.83556693516341,206.48276460128866,2.3007609155009945,5006.834263874678,2.019822611335561,48.175622817409405,11156.751934570413,116.19251771067438,72.61661203882532,2.098330991145975,4958.908815695334,2.098837522453984,50.79830637821375,5698.227150843169,221.8647898179369,12.670326438955748,2.4847283217555254,3726.22832489985,1.9523857659138812,62.27360927083003,8367.75819278996,287.1795200342966,18.640770154933094,3.2162069855380278,3728.8898225211224,1.9523857659138812,62.22701453848425,0.0,0.0,nan,nan,6562.8,1.0,13.853480493619768,4646.990213320449,75.76464500654821,23.371248848082924,1.0928625416556808,4861.455109349374,1.854901900998101,44.9849807114937,2439.3775317347936,124.51454830086232,8.061588902636869,1.4573937581378222,4340.422634450402,1.7954057112199533,48.493697991736646,828.6589742382215,67.73397806282644,2.376052369718245,0.7757380590572914,4102.364825113224,1.217096889765621,30.903232111357056,198.1811089072256,0.0,0.48347512685289024,0.0,3971.900838136067,0.4999617834394905,nan,1477.1968074288793,164.83020966341715,3.2993646002987296,1.6634051982954827,3890.719333211219,1.673411289543906,49.75686701416387,0.0,63.09694691575503,nan,nan,3835.4,1.0,23.704860453545347,341.32736690239165,129.5464648044083,0.9155477592298243,1.2180291486058625,4362.624362905274,1.1553539236363906,26.81913633438491,3741.950076203027,136.55736122831416,8.351954886090292,1.3961616135957113,3868.8859215166526,2.071286598514444,64.15007215415078,0.0,0.0,nan,nan,6583.45,1.0,13.810026928666252,0.0,0.0,nan,nan,6548.05,1.0,13.88468655302385,0.0,0.0,nan,nan,6716.44,1.0,13.536579167464883,0.0,0.0,nan,nan,6730.82,1.0,13.507659064352907,4168.543634763198,277.18537732374165,11.3249731205753,4.780445616009713,3429.126521969255,4.658650986189693,171.1500235508698,0.0,0.0,nan,nan,3759.5063764977695,3.8492439096568343,128.1586412176043,129.39725843954557,5139.00718218206,0.4905880818995089,59.600536029228884,4685.447060988706,0.4999617834394905,nan,460.6992474881026,118.39556574754353,5.317714092888279,2.971076224512795,5875.735839441178,2.1880736323101067,44.91853876477704,-999.0,2.3946244679231565,-999.0,-0.17031984972088574,-0.008503499669018755,14065.985343633129,31.31109659388884,,,,,,macs0018m40,MACSJ0018.9-4051,cubes,4.756705684875445,-40.863752051028236,-2495.128033302588,19.316336673904893,0.11847743823761588,42.034970495638476,7.86999999999996,0.05999999999999872,1.0,-0.04615176080588172,2.3148838063510317
4d46m35pt34s-20d26m04pt362s,4.776483333333333,-20.434545,0.52816467563896,33.71796440119023,0,0,0,nan,nan,8.265973278792837,0.02439594464021451,5.853519352556823,2.492727967883858,44.80343148248616,12.485035362046762,0.277,s26,8220.157566037193,104.41739163165195,2011.6915863144595,69.7976381283257,5006.840498358536,1.735380397268029,40.37686891301295,2896.680046669329,128.1065726733149,257.0761340993365,31.544731126130653,4958.93273385264,1.566496965474499,35.978068692773896,798.6547019464668,4768.359527346347,21.096569084652618,634.1532922370121,3726.7887951495886,0.9419280000000001,21.534597245939114,342.0285939184164,2052.125953639689,9.043306637495181,272.9161721389436,3728.1482313273164,0.9419280000000001,21.51848450080361,0.0,0.0,nan,nan,6562.8,1.0,13.853480493619768,2094.042945842027,88.99190841871838,232.28039698371066,28.314258490943406,4861.198362274174,1.7414640188173003,41.75948893606763,2021.2877075644437,86.73962242394745,135.6669629671282,20.623702416495217,4339.990930691984,2.9420942183791072,83.81654180314301,933.8869494549967,133.0955587247097,24.27750384863916,13.824927836970186,4101.681860770303,1.6361229193397735,45.89973667658548,1080.7103129042002,105.3076732897525,20.56436531832753,8.646294655340386,3966.409077432322,2.4644820253620594,75.77460071645923,822.7620371499905,112.1061787653755,47.78339142871407,29.447624217331246,3889.0647364750926,1.2316262949517998,33.17287533616243,461.93169607165953,98.98175500673418,26.056886941699016,26.10994117528865,3836.6072923577617,1.1529426834077032,30.40919560250737,0.0,0.0,nan,nan,4362.665194215554,9.99923566878981,291.0428046557292,1969.7301725153384,132.80764657324426,99.13060989365319,30.619264630714856,3868.739737539799,1.4720531823819787,42.61388687225826,0.0,0.0,nan,nan,6583.45,1.0,13.810026928666252,0.0,0.0,nan,nan,6548.05,1.0,13.88468655302385,0.0,0.0,nan,nan,6716.44,1.0,13.536579167464883,0.0,0.0,nan,nan,6730.82,1.0,13.507659064352907,298.14398987325416,356253.03529870237,9.054998458603174,68977.9241742863,3424.2424269126072,0.4999617834394905,nan,0.0,0.0,nan,nan,3759.299422550888,2.603596914188948,84.90947505998352,279.6125623659554,60.0455493223302,7.763987213451756,5.098000835019765,4686.574600643237,1.209263607329018,26.791351434151853,485.3803133063405,171.976314007814,15.194568947080787,11.693881861968414,5879.927769530247,2.0385709444453015,41.48508396199059,-999.0,0.32770519465166514,0.38431402573748275,-0.37758374051244403,-0.06158096329476684,1140.6832958648833,30.1398757221478,,,,,,s26,AbellS26,cubes,4.783542312867333,-20.441070059987297,58964.19379215075,33.44896533242168,0.14542072192517783,895.1025359899917,7.4799999999999685,0.034999999999999254,1.0,-0.25940526056791385,3.303561399530688
4d47m28pt35s-20d26m36pt271s,4.791208333333333,-20.44340861111111,0.8005962919393037,30.268186539002446,0,0,0,9.998615991398136,0.059452314133377496,8.0299786945713,0.0029710971211074854,7.082574152946056,0.6060962246316962,78.37184354773039,20.275181846741635,0.277,s26,5398.320931760925,151.52585978788974,165.14507837870508,12.661268271159413,5006.862668513999,2.3929064683355787,58.18340606606398,1343.1308808891586,128.8825666672451,18.70968690956911,4.981543628344167,4958.742381982832,2.091266019877463,50.592070796457925,4675.63540846546,137.46095833578732,138.80196495756832,20.556091119263314,3726.0183294946883,2.5683186024355877,84.4314588984429,7584.0940872947385,210.69501884307607,225.5843458343318,31.50760811032117,3728.8233660836086,2.5683186024355877,84.36828508733733,0.0,0.0,nan,nan,6562.8,1.0,13.853480493619768,2682.8072531378416,225.07311148472007,44.56061967619719,10.72133836471759,4861.621064837754,3.234501714531495,82.69876803235341,1101.6699040076674,206.79598543777743,9.419743915529034,6.2603506316142905,4341.140612319145,2.470239594775508,69.48471630424015,1893.1051477756414,281.46044148529376,57.90490492680005,34.368890343129884,4103.300630038254,6.2935179486919965,194.12714821106252,0.0,0.0,nan,nan,3968.9131915141675,2.040555338054451,61.46464559522143,0.0,0.0,nan,nan,3890.2075448665923,9.99923566878981,326.52642944617054,399.5928925767623,129354.76041962381,4.444402668478847,6727.327008172573,3836.754922426545,0.4999617834394905,nan,0.0,101.93039525031051,nan,nan,4363.21,1.0,20.83732430562082,1142.8020801203002,199.5935296581057,10.31354635483814,8.24133994806669,3870.76341458362,5.50376807999001,179.64333357600475,0.0,0.0,nan,nan,6583.45,1.0,13.810026928666252,0.0,0.0,nan,nan,6548.05,1.0,13.88468655302385,0.0,0.0,nan,nan,6716.44,1.0,13.536579167464883,0.0,0.0,nan,nan,6730.82,1.0,13.507659064352907,184.8614353549818,188.322160245844,1.8153836399929981,11.810776772674929,3422.219646069772,0.4999617834394905,nan,0.0,0.0,nan,nan,3757.190206135266,0.4999617834394905,nan,1325.7653482221383,1640.618328157496,29.118373952354435,110.02723120367168,4690.169100411236,9.99923566878981,271.0131455203778,0.0,0.0,nan,nan,5875.62,1.0,15.473706908126772,-999.0,2.1443638178795434,4.531134809282536,0.470872428016474,0.14977579148008,12259.729495760199,364.3863107919001,,,,,,s26,AbellS26,cubes,4.783542312867333,-20.441070059987297,122921.08015674974,27.195591471390735,0.1182339275863492,1724.3965470441094,8.529999999999946,0.04499999999999904,1.0,0.2869506101224953,2.2178656354611612
4d54m58pt005s3d36m09pt248s,4.916112499999999,3.602568888888889,0.7169844519341801,21.816413968382165,0,0,0,nan,nan,7.491506751877631,0.0024976741500397134,5.172214351369917,0.4396127340466731,49.57589156771283,10.817580354776213,0.266,rxj0019p03,6303.553844169188,106.53663133750662,1086.5377774583712,50.15969670654226,5006.769605237534,2.0071514165765247,47.83199427050854,2141.0178163878927,113.01893769065639,114.84589718158503,16.821016227876452,4958.851977476251,1.7800839290263646,42.018320921022244,2820.9003516537628,94.94227725436623,182.34226052809902,30.91867704455641,3725.8355005564067,1.6833494137077707,52.30755517779511,4134.789790262824,118.98400934625053,267.8127495808181,38.74805055062041,3728.7324732250113,1.6833494137077707,52.26841730604317,0.0,0.0,nan,nan,6562.8,1.0,13.853480493619768,2977.498757064224,249.55540668683625,97.48227146801175,23.443979230531188,4860.125878945786,5.320827256494292,138.13248535424063,1280.5940334085076,103.6701045953527,47.7923504241903,13.701916428218903,4340.591095524946,2.452572088939276,68.94419089168343,51.4177201069698,136.91875017753756,9.615041797059343,102.3210287284766,4101.368400641603,0.4999617834394905,nan,536.8305783230248,603057.9086053598,150.39968812707122,727305.2673543554,3970.356093364061,0.5013886371847411,nan,204.70930960679203,0.0,31.99403724494756,0.0,3887.7071652625023,0.4999617834394905,nan,0.0,0.0,nan,nan,3832.097378044426,2.3901947077642,75.86013408141052,31.572532819321303,2.792108518798756e+18,4.774364907868171,1.4805445093261153e+18,4361.824826257447,0.4999617834394905,nan,792.7743827134196,58.91307448555132,22.874431662385287,7.787575560828181,3868.6697681572628,1.5749530485106853,46.42703039414204,0.0,0.0,nan,nan,6583.45,1.0,13.810026928666252,0.0,0.0,nan,nan,6548.05,1.0,13.88468655302385,0.0,0.0,nan,nan,6716.44,1.0,13.536579167464883,0.0,0.0,nan,nan,6730.82,1.0,13.507659064352907,0.0,0.0,nan,nan,3424.385299945887,4.071002335506653,149.025285172858,634.4582348770579,53.164950328905775,233.62136015193164,96.34495274826557,3759.7394164526695,1.1923570546685291,32.68261201067448,0.0,0.0,nan,nan,4686.379800850167,5.651816912428642,152.37777509091137,0.0,0.0,nan,nan,5875.62,1.0,15.473706908126772,-999.0,-0.30392613811097596,-999.0,-0.13749113812471978,0.10509369691925546,6955.690141916586,450.1550101089171,,,,,,rxj0019p03,RXCJ0019.6+0336,cubes,4.911404446696832,3.599343020580438,106794.42129947133,20.51828015202876,0.08665650264963448,1526.613680985898,8.669999999999943,0.034999999999999254,1.0,0.21502491822885017,3.0360448307545562
6d23m02pt565s-12d23m18pt413s,6.3840458333333325,-12.388448055555555,0.8036834995719337,13.102172963331746,0,0,0,9.082816644345122,0.007900104807781888,8.11113602443509,4.030876262927008e-05,15.150142374412246,0.6312959158922437,46.71496906464373,10.99951569070241,0.5847,macs0025m12,19841.984501418294,217.67603447589684,120.25437864726786,3.6034008050610637,5006.843831900037,2.481385920350019,60.53219895108545,5217.007131401099,215.65192713286308,72.89292516748854,8.359503244841214,4959.148230506516,2.8132946279626094,69.95424326915908,12162.982772065552,176.25563927231028,55.446635308428746,4.047011324991198,3726.182790194244,2.0263632306947725,64.97401832315782,17341.332798731208,222.6807196422899,79.2060943160254,5.11297906818868,3728.957598179553,2.0263632306947725,64.92540307460155,0.0,0.0,nan,nan,6562.8,1.0,13.853480493619768,3601.504583598539,147.5168601282208,41.37465631733511,4.859695476174459,4861.929079784786,2.2714431959485966,56.59016177039667,2535.098910790089,166.10012234456508,12.73638913101588,2.9554686725663633,4340.472616406107,1.802576409839877,48.72201509503243,388.9922858494145,219.21747522797585,1.0878004766598024,2.4501493518824904,4101.17568343046,0.4999617834394905,nan,581.5298801258477,73.82749814240024,1.7663520752342055,0.9657312789305517,3969.637069366343,0.7746301224624074,10.63805786643182,684.6360796295406,141.77124906676033,1.4341043225802417,1.3432316792235997,3888.9769848295746,2.118310169081701,65.4482950726227,0.0,0.0,nan,nan,3833.1421550492682,1.2825997811712455,35.67426224508192,659.3000716826153,135.57814387627062,2.9550821696778002,2.130776122879629,4361.930681975368,0.9843320212707705,20.192198259259634,3329.648711159997,120.52097671858681,8.062114373913284,1.3365164879183917,3869.137858238953,2.5456380362552076,80.54074094344192,0.0,0.0,nan,nan,6583.45,1.0,13.810026928666252,0.0,0.0,nan,nan,6548.05,1.0,13.88468655302385,0.0,0.0,nan,nan,6716.44,1.0,13.536579167464883,0.0,0.0,nan,nan,6730.82,1.0,13.507659064352907,0.0,0.0,nan,nan,3425.2290983730627,2.307487915272575,81.70552484600518,1762.0403581921119,196.79592085306757,6.181459233476141,3.4025457517032094,3757.6534069835116,7.036016210730454,237.05109152598774,644.0873476090093,101395.32477922148,2.9284010368488436,1409.893971764673,4686.024208463332,0.4999617834394905,nan,0.0,0.0,nan,nan,5875.62,1.0,15.473706908126772,1.6113429084835138,-999.0,,0.536147761488746,0.5508969955844376,29504.31557079676,134.65272962445414,,,,,,macs0025m12,MACSJ0025.4-1222,cubes,6.386565507841748,-12.386070138372844,41427.148102550615,12.319730379925026,0.08381636159232665,654.3520214708614,8.259999999999952,0.03999999999999915,1.0,0.418942452371682,2.08010089866521
6d51m29pt46s26d06m44pt452s,6.858183333333333,26.112347777777778,0.7041231746722099,49.863585430650204,0,0,0,10.741264253617093,0.03764468184427521,8.134855888553629,2.4866877040412838e-05,9.820019274681545,0.14321249759080182,60.073059142008354,19.418668206086185,0.365,macs0027p26a,34539.96636790406,123.81273232649703,124.11445395928882,1.215215554878378,5006.833855601817,2.1353909198027345,51.29686630468687,12197.36417042927,134.26795258487147,60.02062443028452,1.8331452296956023,4958.961904808246,2.2996001622632907,56.23596559917892,17818.660727691207,230.06989112284123,36.61963583832882,2.381563513372567,3726.159304249496,1.931058133815962,61.492356257780095,23736.880682781037,273.40689449967897,48.87486453091542,2.83016556867616,3728.8744152160043,1.931058133815962,61.446346079235894,0.0,0.0,nan,nan,6562.8,1.0,13.853480493619768,8991.109841957907,124.5933285038712,40.153097510731165,1.5959540640451801,4861.2501443450265,2.085645956151086,51.45137369088957,4565.192947666746,113.38516808288469,12.332211486492342,1.084772899535345,4340.493452849256,1.9924427569274952,54.71496408422398,1645.7618518428244,93.26243764056153,3.1107383101923864,0.7043342868644157,4101.741161802348,1.380029041320858,36.914274647027106,1663.1903397611052,75.93004203019422,3.052191676071209,0.5999080578573994,3970.149238172278,1.2335621589767352,32.57131557518778,954.794726906148,144.35403431179887,1.4809571518753089,1.0130289770488434,3888.539736234904,1.2236720085388666,32.85591214019196,0.0,57.2975990009848,nan,nan,3835.4,1.0,23.704860453545347,273.2303111479826,269.39123376859703,0.6097319112345541,2.1058000619003936,4364.1103775577185,0.4999617834394905,nan,5349.86164196787,150.290694672574,9.27023963312982,1.1930828467840116,3868.6689748719027,2.789164571899456,88.84630398535113,0.0,0.0,nan,nan,6583.45,1.0,13.810026928666252,0.0,0.0,nan,nan,6548.05,1.0,13.88468655302385,0.0,0.0,nan,nan,6716.44,1.0,13.536579167464883,0.0,0.0,nan,nan,6730.82,1.0,13.507659064352907,0.0,0.0,nan,nan,3425.6602704293205,9.177901546600987,340.05733839255686,0.0,0.0,nan,nan,3759.5064740762145,9.99923566878981,337.7342754526394,796.0967414618793,96.60980925981326,2.512153298042266,0.9309183734972699,4690.061443263317,0.7625666049875363,8.21900934643451,0.0,0.0,nan,nan,5875.62,1.0,15.473706908126772,-999.0,,-999.0,0.7172059318282289,0.4104753272139806,41555.541410472244,85.49450036924424,,,,,,macs0027p26a,MACS0027.2+2607,cubes,6.862669130004791,26.11912431102761,74481.00373607702,28.379508710948592,0.14857171903849306,1117.4779030001687,8.599999999999945,0.034999999999999254,1.0,0.6758047741916845,2.09382236094459
6d51m52pt995s26d07m16pt522s,6.864720833333332,26.121256111111112,0.8129675247285384,14.440787059984471,0,0,0,9.84975733167959,0.00940659072126774,8.199674304004716,4.549236971626761e-05,10.834521160626394,0.39201054503741384,35.84901339756583,7.031199083834889,0.365,macs0027p26a,22553.869150154795,121.09826157168692,2272.278614074959,33.324533563116574,5006.847505079423,1.773330136060433,41.429240524760125,9030.68916358591,136.53801701613025,397.17013799213834,16.661163714853767,4958.919793769373,1.8259341867408956,43.295650680236626,5605.990761765494,139.03546810308777,1745.4689101407591,218.07369627624976,3725.9796046381834,1.6722277231271347,51.88942050246218,7423.937321720313,160.94018379066551,2315.9472339851986,252.430701586065,3728.7328952640514,1.6722277231271347,51.85059548993761,0.0,0.0,nan,nan,6562.8,1.0,13.853480493619768,4117.808783221495,146.7264525296053,80.82011058635766,8.2598413817308,4861.314962422772,1.7476190686933042,41.935467331270196,2257.812727980852,100.00855430602994,220.34674968866813,34.57090051821156,4340.2281053758115,1.692838459706737,45.2088236731814,1421.4383155786802,71.66155216925289,32.87017670513414,6.621221773132455,4101.731329217925,1.9577493869574925,56.74792423576115,927.032611622793,83.01016595492848,17.874300554682254,6.892004539460085,3969.8419098001,1.6385678158543484,47.5085235585194,1346.1566797482221,106.5692701850541,15.133903625422688,5.4197532029982,3888.7913738317884,1.3631883854505686,38.29183981537165,0.0,47.44590355172653,nan,nan,3835.4,1.0,23.704860453545347,442.43588796738874,104.79432105587779,24.866803762869814,20.640108620233423,4363.209520517378,1.1324555456734517,25.974328103863616,2834.2968227622378,88.75387641496896,42.59199065469029,6.109917385622014,3868.75877194909,1.498180086262108,43.58874763756428,0.0,0.0,nan,nan,6583.45,1.0,13.810026928666252,0.0,0.0,nan,nan,6548.05,1.0,13.88468655302385,0.0,0.0,nan,nan,6716.44,1.0,13.536579167464883,0.0,0.0,nan,nan,6730.82,1.0,13.507659064352907,1015.2022701892664,198460.27623482907,10.586263842277237,13152.052873582821,3427.8412657942076,0.4999617834394905,nan,190.06842039622893,0.0,22.256408394217775,0.0,3759.791574979611,0.4999617834394905,nan,0.0,0.0,nan,nan,4687.318862946658,5.833007133433033,157.33772022715434,0.0,0.0,nan,nan,5875.62,1.0,15.473706908126772,-999.0,,-999.0,0.06572612073650058,0.06850553796906184,13029.928083485807,4061.4161441259575,,,,,,macs0027p26a,MACS0027.2+2607,cubes,6.862669130004791,26.11912431102761,98386.2896282376,10.142903027329433,0.05309988112055302,1430.0678600077529,8.36999999999995,0.02999999999999936,1.0,0.48935527278375596,3.356461581060472
6d56m36pt285s26d16m00pt993s,6.943412499999999,26.2669425,0.3049738261621944,51.14114865523023,1,0,0,nan,nan,8.09367940034533,0.038697456321833364,3.7404900747425667,0.7569980191628654,63.007907729180396,10.367394671952683,0.36,macs0027p26b,4439.285542464897,120.12370004808135,159.76602909430386,11.808259943290624,5006.846098809911,2.0637888553930552,49.36569605528932,1996.3520777225162,92.60629394435375,30.050213052234344,3.8676644850542785,4958.907132150153,2.013235557991716,48.46093837501477,761.0814152105131,1171.4392730517566,11.357030111291152,88.1641949778867,3724.2640414970147,0.9419280000000001,21.534597245939114,963.0068729917558,990.4671947510163,14.41998026498876,74.54397755484072,3729.2155029364653,0.9419280000000001,21.51848450080361,4255.2525615941495,120.29830102931908,89.66882513809352,4.855755620209167,6562.55203842412,2.374300431874451,44.011245304126575,2181.4590455640396,158.31895599667482,67.90005862642703,14.135788799763422,4860.958555378687,2.7332541551100062,69.19212794758664,1410.3965592496859,132.58153718540325,71.75244024639186,23.886565004489945,4340.618818673037,2.5089284827620104,70.66720883840046,510.65838223649166,3.4444031571181706e+18,213.6733784170669,5.757378568397669e+18,4102.100010951294,0.4999617834394905,nan,597.82858631983,8031077282.237131,17.688826441061952,1023161737.321403,3969.9666874956183,0.4999617834394905,nan,776.4730613112093,1163413.8916121442,28.599313804310565,193685.5098218656,3890.112981573054,0.6347887873869348,nan,2689.602563647854,236.4171809252416,111.73679067522421,45.95507733746014,3835.7523710985206,3.446013926005054,112.00026775756986,142.6464997225914,37949319.99519819,16.520685256721546,15403235.058768231,4363.028414504588,0.4999617834394905,nan,1403.5591735486735,210.11672991202096,21.7332464971552,14.90603836259117,3868.604911312037,2.8310713650281834,90.27023162506407,0.0,0.0,nan,nan,6583.596004011699,8.552969526160945,164.84165242637266,0.0,0.0,nan,nan,6548.047350922339,3.6383604279598725,69.41707983216384,823.9587911014216,147.43532237535229,22.941231429966066,7.678141854611978,6716.407535168028,1.416532481085577,23.34286989411827,0.0,0.0,nan,nan,6734.123166188363,6.465202234525892,121.56722461891083,0.0,0.0,nan,nan,3426.0,1.0,26.53754284399528,0.0,0.0,nan,nan,3760.163422094444,3.0670882887460915,101.10793993463137,0.0,0.0,nan,nan,4688.505101766803,4.808270555747941,129.24909277021058,620.6725284636141,108.38763846209977,7.732040015986958,2.9358111958924558,5875.238973954638,1.7210072611294291,34.066046884230246,-999.0,-0.11724569928938937,-999.0,-0.3010198632041857,-1.3340084768702365,1724.0882882022688,25.77701037627991,,,,,,macs0027p26b,MACSJ0027.8+2616,cubes,6.941003467433741,26.27438860365214,-12129.729344978707,27.911255745459155,0.1448431092980361,204.24443702437173,nan,nan,1.0,-0.8032896195284327,2.203484441152713
7d00m41pt115s-75d37m57pt766s,7.011420833333332,-75.63271277777777,0.798780922619357,31.974569532057863,0,0,0,9.839853055285515,0.05815849108205489,8.12451905910591,0.0008224324331882114,7.99696654406499,0.39063548958012323,59.44281594503663,12.172599832763469,0.388,macs0028m75,16104.333103243964,168.6995487590291,121.65463896956048,3.480835869553602,5006.8614064739295,3.2215508675529314,79.95802511431516,3573.477333460031,333.81678911631553,30.485513191271753,7.899941725530636,4959.495408089833,6.016468623299126,153.4118387498361,6875.408854597153,276.5751501509122,42.354319018283014,8.586635667641024,3725.344462685158,2.6678012983698562,87.95904046334596,11797.37409838417,445.40521158661505,72.82233455525108,13.828184760185376,3728.2465397233655,2.6678012983698562,87.89322722406578,0.0,0.0,nan,nan,6562.8,1.0,13.853480493619768,4795.642595022173,219.97900695706863,39.47928257184948,5.194623665593958,4861.048512801766,3.310341285094148,84.73194750544546,967.1018883460221,92.56389309900509,6.026266311004835,2.042415239394002,4340.858767258393,0.9976785831513793,20.85108940932061,18.01219894432359,499.70309341645896,0.049326056535160825,5.469615836153648,4101.065640693767,0.4999617834394905,nan,415.61171048215414,55.35489667019029,1.7057484044004838,0.9793514103356296,3967.995584363477,0.8919212884071606,17.724993769580124,0.0,0.0,nan,nan,3890.901006239525,2.379515401243168,74.44774043752071,398.614962743013,410366.2249196209,2.1746182942098,10462.01373384925,3837.6454408834984,0.4999617834394905,nan,63.247981662888485,380.85412456558157,0.23288472359459944,4.9132654897092864,4363.644357953153,0.4999617834394905,nan,1395.0645774931593,124.03831472583303,4.648342762186894,1.8931346790551957,3868.91721004432,2.1972690812391993,68.53882529390783,0.0,0.0,nan,nan,6583.45,1.0,13.810026928666252,0.0,0.0,nan,nan,6548.05,1.0,13.88468655302385,0.0,0.0,nan,nan,6716.44,1.0,13.536579167464883,0.0,0.0,nan,nan,6730.82,1.0,13.507659064352907,1353.7126623334455,215.1947519878935,28.699976349507413,29.003734755198675,3427.477122086266,3.2001499353045455,116.03774996545079,1845.7486652114685,161.54912309720729,22.63008754947432,9.752283798716073,3759.084946599203,5.74852895412409,193.19144316929115,0.0,0.0,nan,nan,4687.683503610247,4.473365727006995,120.0442586833986,0.0,0.0,nan,nan,5875.62,1.0,15.473706908126772,-999.0,1.9396131331269673,4.540440750913815,1.2387002882133364,0.9084931773884743,18672.782952981324,115.17665357353408,,,,,,macs0028m75,MACSJ0028.2-7537,cubes,7.040040371831652,-75.62853596563879,88724.0796048738,29.662840332931673,0.16133689568634296,1307.2867296578504,8.129999999999955,0.024999999999999467,1.0,0.5367914481051441,2.0851286742242494
7d01m01pt38s-75d37m22pt757s,7.017049999999999,-75.62298805555555,0.400496466490438,39.10105683874975,0,1,0,nan,nan,8.101499121779751,9.0516366379021e-05,10.739010099790626,0.5051882785725634,85.71129841072573,20.71498363128808,0.388,macs0028m75,8945.637273620543,97.58879764885017,138.00971680236017,4.112305283565378,5006.837855302677,2.2959035489839246,55.598938453485445,3168.8490638326994,130.96790590206118,41.73225846952669,4.785719466658995,4958.808797392684,2.006286834118738,48.27062697857669,6409.314811187729,289.1698630110884,48.24905299946747,10.963891939560467,3726.254536387725,2.451967777353701,80.29168521498558,9607.332287416759,395.1933142478651,72.47488650817408,14.983777173502373,3729.2492021394255,2.451967777353701,80.2316088901027,7205.791264150166,126.97620268624176,105.12870695619458,3.548330664077674,6562.827653552377,2.5146929209881974,46.85383339811624,2619.52760772673,113.46682602664445,28.222606215524458,3.506161710976586,4861.454358843082,1.9312329915364677,47.13653460268604,0.0,56.248614189307396,nan,nan,4340.46,1.0,20.94654063936261,1928.9605540776645,219.25009726208793,64.00608413270514,29.062045470948835,4102.110111978229,2.4474335809053396,72.79047200149535,307.4058674179607,321.6017129967781,3.2496483507825156,14.652715971628902,3968.3053556256655,0.4999617834394905,nan,0.0,0.0,nan,nan,3888.9409634656854,2.801190983433067,88.78896640765133,683.0489779403814,185.51179103649278,9.121316171287686,11.602829726694573,3834.1876943362026,1.1513566641243773,30.34291436257063,799.8248856058495,39433674.27405872,4.987613639784328,861755.5351001209,4363.1381878743,0.5459162158361538,nan,0.0,0.0,nan,nan,3869.3352498031977,7.262421427182365,237.87398638901402,0.0,0.0,nan,nan,6585.935174324931,9.99923566878981,192.88987927331783,0.0,0.0,nan,nan,6549.932398123688,0.4999617834394905,nan,0.0,0.0,nan,nan,6716.44,1.0,13.536579167464883,0.0,0.0,nan,nan,6730.82,1.0,13.507659064352907,7722.413396114279,1045.5107668772498,30.493659194940342,26.453522269763365,3418.4146520003756,9.99923566878981,370.65991701749095,1741.0568883505925,194.68465150540476,16.39738977853848,9.009606764218267,3762.0413667432103,1.4304996324886274,42.24019035571897,1962.61237038794,272.9887485334413,23.58732556563424,10.043627054687667,4683.514437735874,7.761083888214184,210.00954741646404,594.5453681290799,114.03976035265039,13.27764404532383,5.537703293629599,5875.0164906513555,2.9572846962117505,62.256088581658396,-999.0,2.333944302788521,3.1332351909783465,0.12734987453897448,0.06221447244936178,16016.647098604488,120.72393950764155,,,,,,macs0028m75,MACSJ0028.2-7537,cubes,7.040040371831652,-75.62853596563879,2699.096833921501,28.65437268377243,0.15585181610228088,44.73176093235312,8.659999999999943,0.034999999999999254,1.0,-0.4480383476138903,2.1399096646989673
7d01m44pt475s-75d37m58pt35s,7.029020833333333,-75.632875,0.5657121341241902,31.518064387141784,0,0,0,nan,nan,7.785628014387205,0.005112055299178127,6.442300807716109,0.5600177892964247,71.78174664813515,15.751278702031781,0.388,macs0028m75,5892.041865224311,169.91256392572777,295.74702665879823,23.295427580367846,5006.811989800183,2.0488793274487294,48.96250769072541,2018.1163432239841,126.02367812993928,49.083246729378445,8.50425335193043,4958.9134761943205,1.8351435149490762,43.5515297006767,3332.879493772727,319.71272283177666,72.78264741389079,35.16062779252349,3726.4063817441997,2.2517108759071,73.1238318700472,4895.483076861816,474.2994489551812,107.07459327367874,52.16140990324896,3728.658588043278,2.2517108759071,73.06911871926025,0.0,0.0,nan,nan,6562.8,1.0,13.853480493619768,2505.0864994930566,196.11010822743683,238.81406223013465,53.62338944388846,4861.268197757323,2.0150879169925817,49.48541514502962,1413.4511405256587,136.78753375078207,34.23829215092254,11.738838151112892,4339.774211517078,2.194884630269715,61.01641527979379,1259.5862187317186,104.67269113941992,107.36366606652322,35.6710259419393,4100.567674930217,1.62156669734832,45.39937546068432,0.0,74.27239062787008,nan,nan,3970.08,1.0,22.900702702093618,0.0,0.0,nan,nan,3890.5509649980386,5.065369019022961,164.22617258755562,372.82790737188645,179.4787806797051,448.6196362774234,1011.3026100985609,3834.502321872184,0.4999617834394905,nan,0.0,0.0,nan,nan,4360.906600781666,7.577093947309824,220.1396561907378,3099.724473205111,214.18219765742757,61.801396272806315,19.56744994744281,3868.357947357851,5.436943017649773,177.4260721219272,0.0,0.0,nan,nan,6583.45,1.0,13.810026928666252,0.0,0.0,nan,nan,6548.05,1.0,13.88468655302385,0.0,0.0,nan,nan,6716.44,1.0,13.536579167464883,0.0,0.0,nan,nan,6730.82,1.0,13.507659064352907,0.0,0.0,nan,nan,3426.9847139705676,7.196838160048356,266.1664199803325,0.0,0.0,nan,nan,3760.105679423734,4.469925595802068,149.48019987867528,970.0283538894173,177.73513640497973,54.719297879957466,30.693256446300992,4683.443027449726,3.3577813181743337,89.22658971646263,358.1261749371382,98.89810524973959,5.0559846990896515,3.03343554537604,5878.916817773561,1.4064603335448347,26.431987007843965,-999.0,0.5069438884790959,1.0522601275480887,-0.2994459134256811,-1.5240861501788778,8228.362570634543,179.85724068756952,,,,,,macs0028m75,MACSJ0028.2-7537,cubes,7.040040371831652,-75.62853596563879,38383.83105584773,18.46415857732008,0.10042699865858615,605.6988686758264,7.799999999999962,0.019999999999999574,1.0,-0.10978966146857642,2.470920387071167
7d04m12pt555s-75d37m54pt293s,7.070154166666666,-75.63174805555555,0.4039211267452194,179.64355579577895,0,1,0,nan,nan,8.077909669732845,0.003291009501640124,7.753650698016723,0.4852054840395351,106.59062053174095,20.996683756205854,0.388,macs0028m75,5870.374122830106,109.22858632123128,305.0225529842513,15.502075741453135,5006.835221202156,2.198668786534061,52.99701312898833,2393.022504855065,135.10630259214648,81.38314686867201,12.747476768826742,4959.163901571516,2.957529347912966,73.77128779756701,2654.395097448244,288.1044339262247,52.35787400157318,28.632272564039848,3725.7439876061335,1.6148778195644329,49.723560345251364,4278.580264965211,393.08178149646733,84.56050530875257,39.06508676172352,3728.5523720251786,1.6148778195644329,49.68635588556619,4909.803961042687,135.69008266684895,118.9785643512833,6.298332591103634,6562.671588040465,2.7440189889368893,51.46939237400779,1959.8989665585077,102.9036589284853,172.7900484566193,26.02130146952216,4861.294313671018,1.710527804016587,40.87314745433976,1622.64120827166,204.16058241255777,20.96094490442409,9.337357294733907,4341.166234502123,3.0388181689147515,86.73464840813736,2033.6106624898566,399.79630605703005,925.0602981722765,726.0398031749046,4103.250219047029,6.016736403662611,185.48023042689357,393.89686395758696,1.9222401584819568e+149,4.465438933213425,9.377180404157328e+147,3970.9982028690556,0.4999617834394905,nan,0.0,0.0,nan,nan,3888.4232236788116,1.9036973548032046,57.95250851756984,0.0,0.0,nan,nan,3836.2289764550114,4.139808124219654,135.4358058180908,0.0,0.0,nan,nan,4361.474939819394,9.99923566878981,291.0428046557292,3052.906632251513,277.769310053448,24.324471806480236,10.1260144708813,3870.7269388077075,3.763502414426734,121.68563507859382,0.0,0.0,nan,nan,6581.782804483234,0.4999617834394905,nan,0.0,0.0,nan,nan,6551.066888086211,9.533524316282529,184.85474773741618,0.0,0.0,nan,nan,6716.44,1.0,13.536579167464883,0.0,0.0,nan,nan,6730.82,1.0,13.507659064352907,2716.8819517267107,276.59172259948593,11.91741752872105,7.711674888532879,3427.660147665095,1.6637503473571724,56.086546181718774,0.0,0.0,nan,nan,3761.978746318717,9.99923566878981,337.7342754526394,1645.5760897360951,492.08287384780755,340.51993359496703,311.40296093242205,4686.161044589223,9.99923566878981,271.0131455203778,1391.7513913723371,269.47945024619764,48.115288797105876,20.251222931980163,5876.457773515216,7.638810044481961,164.81768815185495,-999.0,1.1541367923204737,1.6300810937060168,0.11841445667826919,0.5635078517782577,6932.9753624134555,136.91837931032575,,,,,,macs0028m75,MACSJ0028.2-7537,cubes,7.040040371831652,-75.62853596563879,3438.7851016418313,29.28483832693919,0.15928093376477567,56.93254140145495,7.839999999999961,0.024999999999999467,1.0,-0.5653157152172419,2.4843319517221967
8d27m53pt28s-7d52m14pt418s,8.4648,-7.870671666666667,0.8121822165257149,16.454670311623182,0,0,0,nan,nan,8.141653713866948,0.00019018493241109384,8.89755186701899,0.5323196227530438,52.72610445539859,13.430376299002454,0.3524,macs0033m07,6656.898379821706,104.13657583028629,115.41655254806348,4.93158719722779,5006.836057469319,1.748501327438645,40.741210627777384,2968.3624706886885,109.04449366690697,43.38754883037107,4.42199208462982,4959.128363512252,2.2373314126325594,54.55530375083285,3161.870135274505,78.63224204536203,61.445020491762754,7.697122275504358,3726.087968255616,1.541939465873261,46.942801732875544,4722.93344418484,99.89150459316852,91.95169935524964,9.778140685523972,3728.744535382646,1.541939465873261,46.90767790902919,0.0,0.0,nan,nan,6562.8,1.0,13.853480493619768,1967.9642998064658,115.63334944122357,25.170604606745393,4.242186075928418,4861.1820008239765,1.7763849621351204,42.756363996634754,0.0,0.0,nan,nan,4338.624426409076,0.4999617834394905,nan,531.5565092746739,91.49460500682913,6.792883420649858,4.672600975606116,4101.390091005029,1.9315378940744328,55.87591057402418,394.40939570517276,50384.3369240765,4.945645471073119,2721.1109861573937,3969.4734968075636,0.5000714593269991,nan,0.0,0.0,nan,nan,3890.1519288212353,7.355518727038619,239.6933836258931,724.0382800350346,22321.405245651018,4.856293031554035,700.8442853698796,3835.005045054012,0.5000120020153149,nan,0.0,0.0,nan,nan,4365.314439454405,3.3106753622722827,94.41522954211585,782.534349374089,51.3315918883861,7.3270112472357205,2.201837240536974,3868.7164811335037,1.233256778775189,33.41221565457483,0.0,0.0,nan,nan,6583.45,1.0,13.810026928666252,0.0,0.0,nan,nan,6548.05,1.0,13.88468655302385,0.0,0.0,nan,nan,6716.44,1.0,13.536579167464883,0.0,0.0,nan,nan,6730.82,1.0,13.507659064352907,1791.888820087202,178.15178389917432,23.234554231390643,14.67222265715251,3428.4972130344104,5.261335642604092,193.77307134000316,529.9785214817572,73.22871378133401,4.648237789536531,3.165805845577637,3757.4509965756206,1.6653338583039734,51.163486053725,0.0,0.0,nan,nan,4687.515117182302,2.6775585188065647,70.21929518523164,0.0,0.0,nan,nan,5875.62,1.0,15.473706908126772,-999.0,-999.0,1.1750162943718276,-0.16853218963344996,0.4881351138251577,7884.803579459345,153.3967198470124,,,,,,macs0033m07,MACS0035.4-2015,cubes,8.471549713918339,-7.869722587604801,101921.9467886219,24.311378994349397,0.12444616471149306,1473.9423805250385,8.479999999999947,0.034999999999999254,1.0,0.16767701008455205,2.062268097942554
8d28m38pt715s-7d51m40pt821s,8.477420833333332,-7.861339166666666,0.7636623000665741,41.22664170242419,0,0,0,7.877033234193266,0.003930020001665084,8.143284934402551,0.00015645628629237508,9.384261687015082,0.6548297878350262,46.42699128187949,12.036630771277522,0.3524,macs0033m07,4774.536716554748,125.45260028201841,181.56187763912706,13.030273967851425,5006.884523216053,1.1790888433392528,24.125757126192507,2375.8061941349742,101.89975400259108,189.75404412390472,22.582916898900596,4958.70559175134,1.6861926510497294,39.38314419077571,2460.4150257105543,209.9655697392731,2.309150953872561,0.9928092351689064,3725.795625696905,1.8176766939281028,57.315846244158735,3272.2536854375135,243.41845557177624,3.078062052771705,1.1509891407543886,3729.0499225708522,1.8176766939281028,57.27296103891386,0.0,0.0,nan,nan,6562.8,1.0,13.853480493619768,1372.831667691439,87.7880273476388,869.7121188957765,159.5190963405666,4861.254705830358,1.6367310967253228,38.74536118107757,208.24882145184995,435344217.7762098,0.9791208215114471,7252034.724935186,4339.646356997161,0.4999617834394905,nan,7853.261451652706,363.89011448466346,24.445361468945883,4.514925630799961,4106.158716388545,5.5167658955405825,169.84623963528205,1011.4247896734468,161.79681575445454,2.481937323786005,1.711837110254186,3967.68513285489,5.245250989241726,166.69698795377795,863.5088960640188,369180.6237365056,1.943601232362931,3749.40250429497,3892.8847893510792,0.4999617834394905,nan,0.0,0.0,nan,nan,3833.5536182104506,0.4999617834394905,nan,634.7487786650275,133.5030494758997,2.5143753490938656,1.8518483595540307,4364.795750980147,1.3433009742290256,33.45262009883223,247.34704787614382,3596.943418060926,0.44917444382458716,29.926569123633403,3868.5783948028643,0.4999617834394905,nan,0.0,0.0,nan,nan,6583.45,1.0,13.810026928666252,0.0,0.0,nan,nan,6548.05,1.0,13.88468655302385,0.0,0.0,nan,nan,6716.44,1.0,13.536579167464883,0.0,0.0,nan,nan,6730.82,1.0,13.507659064352907,0.0,0.0,nan,nan,3426.597017522766,1.3634176940277385,43.47731548614789,1241.3011894257559,156.27993541557552,1.2602326103063946,0.7809275549822956,3759.604671828991,3.6503437252676454,121.30347100341793,0.0,0.0,nan,nan,4686.451403662857,0.4999617834394905,nan,0.0,0.0,nan,nan,5875.62,1.0,15.473706908126772,-999.0,-999.0,0.36442119581219756,0.29197051558450443,-2.4851287171922385,5732.668711148068,5.3872130066442665,,,,,,macs0033m07,MACS0035.4-2015,cubes,8.471549713918339,-7.869722587604801,91166.32343958282,36.731689380274176,0.18802380020530504,1337.0775002878368,7.939999999999959,0.019999999999999574,1.0,-0.05426001072828186,2.259024665391011
8d28m41pt88s-7d51m59pt549s,8.478299999999999,-7.866541388888889,0.5528536269911948,34.37300277293504,0,0,1,11.281013997972535,0.04812081941008033,8.15110558322508,1.4225633871010651e-05,9.909411330286387,0.05520816725312493,48.88497122380245,6.966739022947753,0.3524,macs0033m07,92999.24404543037,365.7810820315104,201.4633288606963,2.1643220255395037,5006.858869101443,2.7872396155789945,68.60034740918775,31198.160089300596,143.41569333620788,67.22350763222465,0.857400187100717,4958.929087290919,2.8216998120967594,70.17701455361261,37372.14090883705,235.68870549629105,39.9773493578315,1.2698731765394051,3726.1852048842106,2.358828997205422,76.96531304529108,53716.42987421011,316.56860865529205,57.57183780547839,1.7056480658216422,3728.946524244166,2.358828997205422,76.90772559848584,0.0,0.0,nan,nan,6562.8,1.0,13.853480493619768,21725.405045988362,107.20101831891134,49.3461566557787,0.6983626287234029,4861.4033546960745,2.7111327605965876,68.59264614341583,10721.259250184099,103.03880969278791,16.009682427823602,0.5449329109051771,4340.471202536136,2.3404664165794573,65.50598750204351,6023.594020426353,120.61961449040375,8.542822548113985,0.6834727540472033,4101.817404263327,1.9339801768266134,55.95723573401166,5394.819733785325,176.43130256135385,5.890418796745483,0.829694108386775,3969.480688986288,3.8069092499174113,119.9961774069519,3406.937049962422,350.21303174556607,3.0315282908183123,1.4096479037956884,3888.833141021855,1.8437998315785118,55.83863801935286,426.64450979961305,9667.36173607035,0.43182958527584164,45.788840923652245,3835.5424015802882,0.4999617834394905,nan,387.28155045704307,628.7120403209266,0.4316952885583394,2.454650443334757,4364.290870937411,0.4999617834394905,nan,10050.361437262252,211.04437129611298,9.879928270452199,0.9504207195018776,3868.7420065727765,2.2025149734311533,68.72091783893868,0.0,0.0,nan,nan,6583.45,1.0,13.810026928666252,0.0,0.0,nan,nan,6548.05,1.0,13.88468655302385,0.0,0.0,nan,nan,6716.44,1.0,13.536579167464883,0.0,0.0,nan,nan,6730.82,1.0,13.507659064352907,0.0,68.3271527110872,nan,nan,3426.0,1.0,26.53754284399528,0.0,0.0,nan,nan,3764.4675947978453,2.436041834153858,79.00346709616254,0.0,0.0,nan,nan,4686.248345046828,2.27278003807379,58.749711087783666,2220.7470089216786,133.2036644533928,8.36451477030358,1.0907764176032526,5875.659825375645,3.145191133742363,66.43923921349055,-999.0,-999.0,11.810823616893371,2.9874931373282245,2.1303721488354173,91088.57078304715,97.54918716330988,,,,,,macs0033m07,MACS0035.4-2015,cubes,8.471549713918339,-7.869722587604801,44435.437408093334,26.657624507270505,0.1364562302706062,693.2738155138518,8.489999999999947,0.034999999999999254,1.0,0.8042914595371952,2.304196005698867
8d36m51pt21s2d25m03pt878s,8.614225,2.417743888888889,0.46827201318858225,20.35897825035465,0,0,0,nan,nan,8.110847119736727,0.00011332274432455117,9.429630899027377,0.5162227982269025,66.07296857034565,17.11340299965067,0.388,macs0034p02a,5541.1760214844635,163.71886521921783,100.41473273535905,8.103624434477533,5006.8514751581515,2.0947134205678237,50.20077200316949,2297.5508074626136,118.46916892926825,40.68531180609359,5.82076937870427,4958.874766139536,2.644932537762268,65.48211604727923,5113.370344928466,249.95535661148904,49.29042339481931,12.137658758926005,3725.9821307275015,1.6457921524591517,50.893140294654145,4165.790285668812,204.290503633891,40.22617665677023,9.920205169483166,3728.476008085599,1.6457921524591517,50.85506072486475,0.0,0.0,nan,nan,6562.8,1.0,13.853480493619768,1815.3295333447238,90.80223396016657,31.33387869902649,4.495771546682375,4861.057704205795,2.015577849797582,49.49909753010755,1490.6445630394282,134.43558094145305,37.34255761123387,11.928110959536838,4340.362241725584,2.355240176663915,65.95996376729356,409.1927886117925,83.94978987182112,3.8197940223372577,3.1370450953401416,4098.299374940549,1.221109440507808,31.055350367568664,0.0,0.0,nan,nan,3970.419561973967,4.525534033756149,143.3755497117112,0.0,0.0,nan,nan,3884.7057844493324,4.671591272500044,151.2001037137842,0.0,73.33433215151703,nan,nan,3835.4,1.0,23.704860453545347,185.2161595637225,431235916823267.4,3.4069836699673304,27794867278604.402,4363.438979705113,0.4999617834394905,nan,1649.9456529802692,140.06204558127632,10.909836111186905,4.241798536394822,3869.065690184673,1.9950929941172724,61.479406611899684,0.0,0.0,nan,nan,6583.45,1.0,13.810026928666252,0.0,0.0,nan,nan,6548.05,1.0,13.88468655302385,0.0,0.0,nan,nan,6716.44,1.0,13.536579167464883,0.0,0.0,nan,nan,6730.82,1.0,13.507659064352907,0.0,0.0,nan,nan,3424.0760550318414,9.99923566878981,370.65991701749095,1733.3038726623347,258.9197355514964,73.17981849749114,53.75026647537728,3761.0735050412204,3.6965651569090263,122.89769952021996,0.0,41.93758506952146,nan,nan,4685.68,1.0,19.403292965701418,1605.7285483618236,249.24399887734847,59.23157651304032,19.98859663310394,5875.675737458193,5.964670051102652,128.34654561118646,-999.0,,1.2392529592868071,-0.23661275129820122,-0.12921869373696468,9279.160630597278,89.51660005158953,,,,,,macs0034p02a,MACS0034.4+0225,cubes,8.61706848526243,2.4228958635069398,17337.856010384356,21.180067460278995,0.11519889181600207,281.6196904152182,8.579999999999945,0.034999999999999254,1.0,-0.4464641017191398,2.0017974366762097
8d37m02pt79s2d24m57pt689s,8.617441666666666,2.416024722222222,0.5133239354527537,32.79382826391661,0,0,0,nan,nan,8.051433034430685,0.0004203144915475621,9.112179963945026,1.3378378780731497,61.99405616008852,17.058873682370326,0.388,macs0034p02a,1541.963881795768,120.57895177767945,42.509579839616784,9.079638897319152,5006.855949001754,1.7767891775607323,41.524950877943084,925.406215031065,151.670969813765,27.32073769038674,12.423089074750164,4959.120798349875,2.7468746301393807,68.19226535229429,2259.776803983088,167.869783320628,30.613912506389713,11.455549951244247,3726.0712869552017,1.6478537011129457,50.97095874963201,3601.9147874692085,227.10953527382185,48.880814424757965,15.498111537822176,3728.550975929567,1.6478537011129457,50.93282095405286,0.0,0.0,nan,nan,6562.8,1.0,13.853480493619768,914.0580762490939,128.82975303101705,79.9118946797806,32.307271569366534,4861.074499828068,2.157884017243669,53.455409765769794,1262.5865122691519,100.82925810379706,60.46592505935492,17.101709425779223,4340.480478303053,1.9134687568386632,52.23362615995443,1665.133247049036,398.94171999303387,109.35038541107447,104.56579633431744,4103.7189317425355,9.99923566878981,309.59640827210086,539.5711984052539,1853744.856918978,10.470765172301405,154934.62119100642,3969.4973075559824,0.5073840033986926,nan,0.0,0.0,nan,nan,3891.655412947613,3.399618441104482,108.90335204608763,0.0,0.0,nan,nan,3833.3054374479743,0.4999617834394905,nan,0.0,0.0,nan,nan,4359.49427727905,0.4999617834394905,nan,2927.2597415159094,242.9271795116654,38.469732367235416,14.619041297515063,3869.415198406447,6.300240645908392,206.040285110113,0.0,0.0,nan,nan,6583.45,1.0,13.810026928666252,0.0,0.0,nan,nan,6548.05,1.0,13.88468655302385,0.0,0.0,nan,nan,6716.44,1.0,13.536579167464883,0.0,0.0,nan,nan,6730.82,1.0,13.507659064352907,220.208572100062,246.67297885268763,21.498098188712557,153.71009588931554,3422.853169688949,0.4999617834394905,nan,816.9140446463689,156.04608791365393,34.97828599583189,32.854597915377894,3760.9983176026954,2.0844329305958347,66.47823420269353,0.0,0.0,nan,nan,4685.706658904095,2.4142393022309463,62.777218251867595,0.0,0.0,nan,nan,5873.778675431451,1.8964233866123932,38.18910509204501,-999.0,,0.749335221842708,-0.05650965691912129,-0.2159973028388553,5861.691591452296,79.49472693114768,,,,,,macs0034p02a,MACS0034.4+0225,cubes,8.61706848526243,2.4228958635069398,27068.566754765394,24.77249925932883,0.13473821400896624,433.8354073217351,8.649999999999944,0.02999999999999936,1.0,-0.6491142018400725,1.6284868124656475
8d44m20pt61s2d33m16pt81s,8.739058333333332,2.5546694444444444,0.5311861066060171,10.87701421513342,0,0,0,nan,nan,8.097886760634832,9.08154453776829e-05,10.938959362668982,0.46678568448713575,61.868799016325525,10.588133209054503,0.39,macs0034p02b,10231.590720711263,188.4951415355122,202.18549159205273,10.174016451314666,5006.848932308498,2.9149014967073956,71.94899099799449,4827.43283098781,216.8872559017118,192.6159064851112,24.009921028772247,4959.0258392401265,2.9947016546747838,74.75315973931914,7999.542266179528,328.0673944968538,175.80188184777657,36.32684364375987,3725.6887213263226,2.7404306079983525,90.52821304433303,12751.485077986537,487.9886812471042,280.83862307698763,54.0348989901163,3728.7817348772874,2.7404306079983525,90.46047748337978,0.0,0.0,nan,nan,6562.8,1.0,13.853480493619768,3273.6250047763124,126.230778438145,77.68949494086341,8.591902919751274,4861.442268510213,2.401601493033631,60.16304422754866,2109.888090283938,135.26612584718663,364.1091673678227,82.685118984708,4340.17264560422,2.8306009668695427,80.44565616530905,0.0,0.0,nan,nan,4100.998642616511,4.796682823906684,147.286322616214,0.0,0.0,nan,nan,3970.7693336334796,0.4999617834394905,nan,1605.0857339577358,141.98661319524717,18.695987918447774,7.483663992259031,3888.332567725702,1.420128647565247,40.44869240575179,1036.681326542725,146.51819426097035,14.524330028590544,9.606755101594738,3835.4397466297764,1.88648647216024,58.14854016425732,0.0,0.0,nan,nan,4362.272930431759,2.4977706320190802,69.95965491581276,1311.8245302524624,147.7610760432862,8.89320670177334,4.586814898950639,3869.4746653712596,1.3251085497983193,37.02492484239605,0.0,0.0,nan,nan,6583.45,1.0,13.810026928666252,0.0,0.0,nan,nan,6548.05,1.0,13.88468655302385,0.0,0.0,nan,nan,6716.44,1.0,13.536579167464883,0.0,0.0,nan,nan,6730.82,1.0,13.507659064352907,0.0,0.0,nan,nan,3422.366849716411,2.617135741335599,93.70951153074155,0.0,0.0,nan,nan,3760.4366999478284,4.833954908173387,161.94808226907165,0.0,0.0,nan,nan,4685.152793485872,5.704751923547841,153.827076733579,367.07215494462326,67534.20206206106,28.4126930517519,11366.422191805446,5874.998241562348,0.6419319326976791,nan,-999.0,0.5014021833662419,,0.028627015991120275,-0.21214193061659645,20751.027344166065,456.6405049247642,,,,,,macs0034p02b,MACS0034.9+0234,cubes,8.73857221117775,2.5606921599659285,30450.740960336607,21.75214806424499,0.11868505501607991,485.8667064379933,8.659999999999943,0.03999999999999915,1.0,-0.05941167696471106,2.305749988309494
8d44m45pt72s2d34m00pt454s,8.746033333333331,2.5667927777777777,0.6055746871922316,45.707197325033256,0,0,0,nan,nan,7.705818650423529,0.005935845089965989,6.284409833657807,0.8304448143842352,69.75647836209697,18.391048257021502,0.39,macs0034p02b,3794.1365528536458,153.73073680868248,114.96865239270834,12.72372486005522,5006.837307653844,1.846629242372857,43.450385429489344,1272.8324811422724,152.49855259070864,473.9098280294376,157.51705857177282,4959.3273755628825,2.6297100981336747,65.07677147158543,1501.5287337036436,205.0978595756237,9.537009568048337,6.565291297107692,3725.3326159486082,2.062812295941894,66.29951377108893,1739.1973279012636,215.78565404130273,11.07175212916248,6.907413268229121,3728.5940204089716,2.062812295941894,66.24990675240169,0.0,0.0,nan,nan,6562.8,1.0,13.853480493619768,1321.9531054621523,164.57348244780727,34.30234919285448,12.248315905047827,4861.323668727285,2.018429602754935,49.57872957622543,1649.408480356721,154.07954260676877,30.064472108944766,9.946161208197438,4340.570025594174,3.032596016348915,86.54709189207999,2598.1137003590384,290.5293402358746,29.391276000151382,13.112782085068943,4104.415811486447,9.99923566878981,309.59640827210086,466.8441582028979,107.02101204680014,6.6127984363417465,6.5312636527599865,3968.929987153973,1.4745738166885605,41.61809565859755,0.0,0.0,nan,nan,3891.5805745606854,9.771357164623968,319.0479476968738,271.39741445200457,127.06041367870321,16.426472968268275,35.96557696413866,3836.492856807812,1.3245516072707997,37.32509364746987,0.0,0.0,nan,nan,4363.32032466755,4.269500963937169,122.89013019408999,1430.4559831913823,167.60361767188152,26.679580005362865,14.324416916862377,3868.3092157131805,2.440645367144719,76.94083793389784,0.0,0.0,nan,nan,6583.45,1.0,13.810026928666252,0.0,0.0,nan,nan,6548.05,1.0,13.88468655302385,0.0,0.0,nan,nan,6716.44,1.0,13.536579167464883,0.0,0.0,nan,nan,6730.82,1.0,13.507659064352907,0.0,0.0,nan,nan,3422.2960313702406,0.8121864987585584,15.305537844762295,365.9187667879399,121.60253785306817,1.775034961663849,2.9048253493921967,3758.858646410841,0.4999617834394905,nan,0.0,0.0,nan,nan,4685.844597147375,5.588718525348365,150.64993471021612,0.0,0.0,nan,nan,5875.62,1.0,15.473706908126772,-999.0,0.25760714682208985,,0.0464033736566943,-0.21001308962878082,3240.726061604907,20.608761697210817,,,,,,macs0034p02b,MACS0034.9+0234,cubes,8.73857221117775,2.5606921599659285,46494.72327765483,34.67502688975819,0.18919545149932504,725.6743894554571,8.289999999999951,0.03999999999999915,1.0,-0.31593880556825904,2.0605794407994957
8d51m41pt55s-20d15m44pt023s,8.861541666666666,-20.262228611111112,0.3255930938784817,9.262275527975818,0,1,0,nan,nan,8.033900952381359,0.003952407022044303,7.40235257336617,0.5417932597365852,76.06657975643456,14.689484628874181,0.3524,macs0035m20,4985.181173438838,104.83196842095127,2374.6920087104045,136.39738149927635,5006.845354786945,2.1313063705392103,51.186920328837644,1640.3842276472622,134.39358606888496,48.33791099681986,10.98844473963463,4958.785349115855,1.9340050310478503,46.28534634826118,3810.5252139098466,318.30755171493723,156.73003947149937,65.89751047123983,3727.1773523423994,3.2270386042864994,107.63540645517301,2954.7035948081398,262.9039557518726,121.90858091059096,54.427600236781934,3731.646951515719,3.2270386042864994,107.55487084765912,3672.7108026157775,139.54412653026415,176.39605509910618,12.837545735963964,6562.738084111787,2.474170740187336,46.03484208728188,1808.99167894062,117.85625929906449,217.60599605217556,40.66711785904478,4861.008643274652,2.0497872676914017,50.453359285807714,1679.710812177911,144.9881873795447,55.59913357028162,16.999903365049484,4340.102881050066,2.2352840300428523,62.265381404692356,0.0,0.0,nan,nan,4102.295941243126,2.4724341813099437,73.59990917649725,247.04708939561374,275.6306716172111,5.474158470596671,26.26928268394835,3971.776525295905,0.4999617834394905,nan,0.0,0.0,nan,nan,3890.026746689355,7.5396831592689155,245.74890052837705,0.0,100.3191678016638,nan,nan,3835.4,1.0,23.704860453545347,0.0,0.0,nan,nan,4366.716000181708,8.099485522696195,235.44326186565,2064.3931736340237,162.2760473561902,87.7730452784134,31.580963128268948,3870.079787905584,1.2974440095293183,35.948289060719674,0.0,0.0,nan,nan,6582.953667580825,7.590129874675801,146.1516789005529,0.0,0.0,nan,nan,6549.247005273916,0.4999617834394905,nan,1294.6440794097557,203.37647640874647,48.29594502932334,14.189690599762192,6716.889650192597,1.9135271566013219,33.756864293672876,120.74110479802458,15900744275647.16,2.1056884289340614,517613654511.99304,6730.159106990046,0.4999617834394905,nan,0.0,0.0,nan,nan,3426.0,1.0,26.53754284399528,2977.7282923265097,178.105935777828,24.848615690142108,7.313864659364591,3759.8833389934316,1.84430001056069,57.773575335576695,0.0,0.0,nan,nan,4683.876035174764,4.140290561530961,110.87244668984597,490.2628691429751,175.51549433792633,19.44975158873519,15.14249430026378,5874.372568143165,2.873149812397534,60.378139222545656,-0.07476662671886741,0.707921551958099,0.39539214938932354,0.21704821853449285,0.5266662733277443,6765.228808717986,278.6386203820903,,,,,,macs0035m20,MACS0035.4-2015,cubes,8.859266491981181,-20.26248518697438,-5942.404819243731,7.739084159552708,0.03961516713057094,99.12325527179553,7.85999999999996,0.019999999999999574,1.0,-0.8189253303530921,3.3756072907645653
135d09m40pt25284006s20d53m21pt28761991s,135.16118134445998,20.889246561085816,0.5404366390140505,,,,,,,,,,,,,nan,z2089,5406.854528332823,108.61243441311562,250.96264936407871,13.769978631549225,5006.821374775964,2.1781081507182245,52.44522178557947,204.88081959244053,260.71085472802315,7.920935553809924,27.92939904017965,4962.876520266579,0.4999617834394905,nan,1611.667964703922,218.08355733740459,10.284528542440965,7.016452600236673,3724.767588533355,2.821469266809744,93.38926452622223,361.72103810913677,124.03170181085878,2.314801149225115,3.9905005554186115,3728.827222075535,2.821469266809744,93.31938825221917,0.0,0.0,nan,nan,6562.8,1.0,13.853480493619768,339.4315166223317,881687.5121427182,4.304552881903077,32056.419490443604,4862.539912008443,0.5550212865717525,nan,0.0,0.0,nan,nan,4335.827875837849,0.4999617834394905,nan,356.9276542275519,120.25660320218441,14.079942087864453,18.904369905700598,4106.589126103707,1.1058012595619837,26.56975690363555,1533.530137225967,116.67332042769294,13.769012334927682,4.503878598926194,3972.471318081614,2.964519956923907,92.3762530558308,1258.5524915977537,1808.873077491024,17.777491240266546,115.58993546737058,3888.71538968285,0.7523563045611927,9.02691629404877,308.0790362971781,130.16058452888,2.787587605188922,5.511298614589931,3835.533067694399,0.4999617834394905,nan,2352.584742205265,408.7004374883727,18.98635031984756,11.574359581885979,4360.270946246671,9.99923566878981,291.0428046557292,1266.716672612988,226.1749435276425,20.26618558125471,16.65982925889813,3860.8973874597527,4.261943306926056,138.34444100904426,0.0,0.0,nan,nan,6583.45,1.0,13.810026928666252,0.0,0.0,nan,nan,6548.05,1.0,13.88468655302385,0.0,0.0,nan,nan,6716.44,1.0,13.536579167464883,0.0,0.0,nan,nan,6730.82,1.0,13.507659064352907,0.0,0.0,nan,nan,3426.707906890947,1.9654871437720707,68.24844883653616,480.1062622593387,96.70304798804786,8.740756654791273,8.667298165161718,3759.27429749315,0.8699001980570665,17.486709634644356,0.0,0.0,nan,nan,4685.186071376665,3.4908504879437015,92.92011147205987,199.47584630968936,0.0,10.827656533746817,0.0,5874.00863452315,0.4999617834394905,nan,nan,0.4317784952776862,0.29669477803264216,0.5124530559505689,0.8948182399323512,1973.3890028130588,12.59932969166608,0.0,0.0,0.0,0.0,0.0,z2089,Zw2089,cubes_new,135.1540160423622,20.894552401436773,nan,30.750934582995104,nan,2080.6305857048546,8.279999999999951,0.019999999999999574,1.0,-1.0256661202786832,2.399609090476613
17d53m07pt61874487s8d56m05pt75307645s,17.885449651352566,8.934931410123806,0.6984787742335801,,,,,,,,,,,,,0.4854,macs0111p08,3658.2623614266076,105.17128803280409,452.0042764918945,35.49361442297529,5006.849691213242,0.8135140984121806,10.539436781375958,199.73363162914418,24944294.5592619,5.781753017979172,2001797.427579608,4961.39190193422,0.4999617834394905,nan,882.4444436023665,118.95645183635561,3.566573428574087,2.4255232486932883,3723.8860830863005,1.4289341433093352,42.56394680305734,419.88334616382724,79.71986812988192,1.7056236142832597,1.625488912512235,3731.113748153675,1.4289341433093352,42.532099352233615,0.0,0.0,nan,nan,6562.8,1.0,13.853480493619768,252.28539911406318,297.8923689596407,79.2478946858816,268.7546493881108,4857.419665375242,8.204778573343805,214.08605511377814,0.0,0.0,nan,nan,4341.534934008771,9.99923566878981,292.5682705754515,0.0,0.0,nan,nan,4101.474181683113,4.647846317010122,142.61509248073926,835.4957775038143,227.94942868145665,29.1134851899415,34.17014964235242,3971.4830232173276,8.271748095604424,264.30193019434415,279.14435339587493,131.31628189546797,5.8128778376129056,12.357531338633807,3890.4186549956817,0.4999617834394905,nan,0.0,0.0,nan,nan,3834.204879187958,5.547462510999767,182.6675373754802,0.0,0.0,nan,nan,4355.511935330977,0.4999617834394905,nan,667.2362029705963,114.18684025885555,10.984340654535709,8.626584509410874,3865.9873298544117,2.4310230777975645,76.61024934034023,0.0,0.0,nan,nan,6583.45,1.0,13.810026928666252,0.0,0.0,nan,nan,6548.05,1.0,13.88468655302385,0.0,0.0,nan,nan,6716.44,1.0,13.536579167464883,0.0,0.0,nan,nan,6730.82,1.0,13.507659064352907,853.6758864849797,118.37486729076001,118.8527486375135,105.0038622181764,3424.9291138009853,0.7993372259621435,14.341061433366578,0.0,0.0,nan,nan,3759.6135687440337,6.157898168477341,207.14924953680944,0.0,0.0,nan,nan,4685.593906591954,2.016618787273258,51.38480666533038,0.0,0.0,nan,nan,5875.62,1.0,15.473706908126772,nan,nan,nan,0.5594248643065918,0.45425469880332237,1302.3277897661937,5.272197042857346,nan,0.0050290005356911655,0.030804564469572183,5.760835785431746,0.08320179167610156,macs0111p08,MACSJ0111.5+0855,cubes,17.88123183204167,8.928403637619319,43004.853558039606,27.879203665461855,0.17262849431021632,677.5233952015907,8.32999999999995,0.049999999999998934,1.0,-0.8846407609054986,2.6551425437672354
38d04m12pt5165831s-44d21m10pt25253581s,38.07014349530422,-44.35284792661314,0.4029405823417198,,,,,,,,,,,,,0.2836,rxj0232m44,28345.375371004407,154.53941802758376,189.58957796280893,2.8233114899721783,5006.835890382661,2.0887357737830605,50.039476914578174,10026.732628396747,135.0482092901036,70.33152769135499,2.628370001617196,4958.843291805465,2.022435802994368,48.71277557914197,14878.542796177924,384.3488953115601,46.53343545239573,6.054081264354343,3726.309375463871,2.1177576802428324,68.29194109121444,17021.42574270863,416.30610621092893,53.336170942733716,6.557456073354529,3729.0189059702375,2.1177576802428324,68.24084328664235,17394.86417088579,162.47107844096126,1738.8193620627976,31.108025872016743,6562.815252509256,2.698565381459293,50.55694282826278,7842.8120954905535,184.78775913439276,42.196763125953254,2.8516400183384967,4861.287588262637,2.1064001416719083,52.02799901069767,3074.8171257738472,197.4638478929379,8.685227430559248,1.9755849797642737,4340.2702934853005,1.3860415821158585,35.088428754653116,552.3725582394956,255.5526198509037,1.399251167083889,2.5862463994028277,4101.951243052055,0.4999617834394905,nan,1458.5480870299266,239.3516597260846,3.211807914415277,2.265546731590784,3972.848731859798,1.188494284862288,30.800041499925303,1319.6545177500354,260.42951056836347,2.408391795421023,2.1484201738089874,3890.007980963755,2.3728359172933975,74.21893069997564,0.0,0.0,nan,nan,3835.039855315645,3.4535383224115432,112.2553345400543,1078.958362063835,205.10762698478544,2.40346852459262,1.6022302754309352,4361.6936598107495,1.2172712755650097,29.057471935947735,2132.2534249381065,200.92728919479976,4.028245580232404,1.7391741383394113,3868.53474563845,1.6838190379034799,50.394897434655164,0.0,0.0,nan,nan,6583.182851235239,9.99923566878981,192.88987927331783,0.0,0.0,nan,nan,6547.733365368436,9.99923566878981,193.93267853817915,0.0,0.0,nan,nan,6716.44,1.0,13.536579167464883,0.0,0.0,nan,nan,6730.82,1.0,13.507659064352907,0.0,156.52367757076777,nan,nan,3426.0,1.0,26.53754284399528,0.0,0.0,nan,nan,3760.214765863365,3.2908463581394454,108.87507516143616,0.0,0.0,nan,nan,4685.678629784709,3.8452021735241377,102.7285692171856,0.0,61.34446126900062,nan,nan,5875.62,1.0,15.473706908126772,1.7336036660304723,2.976528569181042,3.5322565947863267,0.14846846228881797,0.3183128686473187,31899.968538886555,99.86960639512944,nan,0.031095065533645563,0.05642461537847164,2.9772666858045533,0.009088673500732763,rxj0232m44,RXCJ0232.2-4420,cubes,38.07857428318949,-44.34662663699782,27872.70685523182,31.187336184822417,0.1378647378475661,440.22193949402396,8.879999999999939,0.034999999999999254,1.0,0.034435021392294464,2.2778144598077064
61d08m01pt44341502s11d08m22pt22575939s,61.133734281950744,11.139507155386976,0.6873382214061154,,,,,,,,,,,,,0.3548,macs0404p11,7670.396349565628,128.51868532108367,447.98849652048665,20.50238698464887,5006.822922556235,1.6371815533242704,37.632004893954154,2641.3272332912575,125.85695512175364,90.97018239104058,12.027319776717029,4958.789602353261,1.7499429509533446,41.17537749661273,1528.817574818792,203.47483529864084,19.95147428136802,13.377785255180495,3725.86015157532,1.438983432643654,42.957370844778254,2691.684334814585,295.24873682977955,35.19984332892283,19.411610248387678,3728.82009297949,1.438983432643654,42.92522902386522,0.0,0.0,nan,nan,6562.8,1.0,13.853480493619768,2036.210047363313,82.68983120751543,77.34435057778865,9.009327109522522,4861.15526532002,1.763668476962628,42.3937811400534,1150.5690266067759,134.873112161777,49.024202387359225,20.356231964238606,4340.133171029322,2.6457240922439116,74.83640397184385,0.0,0.0,nan,nan,4101.812547688695,3.4793301220949906,105.78383692884258,767.4273112498723,84.46495488329106,14.51548111465875,6.876524847472464,3970.5496240920343,1.7117750968811996,50.09266263103539,0.0,0.0,nan,nan,3889.077136131727,1.5125236707457126,43.89148848437854,551.155000564056,1251774.4165571777,9.377669793543742,99586.28921467824,3836.798267194518,0.5024152358454902,nan,0.0,0.0,nan,nan,4365.047921536058,5.021331957317547,145.0822395716615,450.79219812302944,125.46788529887775,37.12985873926708,47.3211471986458,3869.4482951664854,2.5721177609155585,81.44667455428893,0.0,0.0,nan,nan,6583.45,1.0,13.810026928666252,0.0,0.0,nan,nan,6548.05,1.0,13.88468655302385,0.0,0.0,nan,nan,6716.44,1.0,13.536579167464883,0.0,0.0,nan,nan,6730.82,1.0,13.507659064352907,0.0,0.0,nan,nan,3426.3958655699785,1.3748109219483222,43.96994623507887,0.0,56.96534070790395,nan,nan,3760.0,1.0,24.18021855944889,1059.9767136131131,215.25607262752823,270.7182350515493,168.1588408140087,4685.662325155866,2.8897206868144645,76.17545246694428,0.0,0.0,nan,nan,5875.62,1.0,15.473706908126772,nan,nan,0.34494346644707563,0.022836694308176194,,4220.501909633377,55.15131761029085,nan,nan,nan,nan,nan,macs0404p11,MACSJ0404.6+1109,cubes_new,61.138518834989895,11.1335071669113,73584.6256084201,27.42571730528665,0.14100283897016605,1104.6659459239117,8.199999999999953,0.02999999999999936,1.0,0.005269971302587483,2.651266862297659
72d20m20pt67173166s-28d48m43pt05177671s,72.33907548101662,-28.811958826863776,0.5565841194717231,,,,,,,,,,,,,nan,macs0449m28,52513.07243912386,239.0185309732836,199.72403135568683,2.4830293754283317,5006.835078794147,2.3832429151276333,57.92639940587231,18365.05223929169,273.6345744689122,66.82999370752113,2.7628370751375635,4958.857211051854,2.4047088444315783,59.06256437861003,26845.049141063693,220.60414309692393,47.79445437100548,1.9785587819585249,3725.9662679169605,2.1393545844427626,69.07332226819126,36192.90641966788,270.5169646666306,64.5619357504304,2.4262178787583664,3728.736554378085,2.1393545844427626,69.02163981392202,0.0,0.0,nan,nan,6562.8,1.0,13.853480493619768,14387.345934110266,95.75227834713384,47.00897967676603,0.8973793915784948,4861.204040502411,2.2522827915633394,56.06247604301144,7828.630474807022,98.87838103531489,16.71797592396757,0.7478926278671346,4340.300783201353,2.2142447562012753,61.61525804668516,4559.596931476091,143.61286608776794,9.043532156957818,1.1380891075753965,4101.759365578116,2.264791681373063,66.8530561857033,3135.385368490293,150.27821335954232,5.647878938145368,1.165639903657972,3969.8663979384737,3.0194277085313908,94.18726851471315,3050.6803567774477,182.77097891095542,3.7706311818776834,1.0219295481840018,3888.7758826876443,1.4872785750972006,42.95706503668272,982.1552090565042,121.91982277503423,1.7346317109991458,1.0076699634885682,3835.50193421134,1.7340586902232509,52.66116132370713,182.99506737622252,1083.7983117204876,0.3011719001495353,6.249279255491113,4363.698325824904,0.4999617834394905,nan,5702.013093232134,191.2331573892847,7.5247339777169175,1.1561805512701104,3868.634717591697,2.4082640029231563,75.8278525072869,0.0,0.0,nan,nan,6583.45,1.0,13.810026928666252,0.0,0.0,nan,nan,6548.05,1.0,13.88468655302385,0.0,0.0,nan,nan,6716.44,1.0,13.536579167464883,0.0,0.0,nan,nan,6730.82,1.0,13.507659064352907,3616.539642505456,256.1798479826853,5.454462600565071,2.464146992045574,3423.7833339601652,4.9785324870753715,183.16441137270303,387.2062173531607,0.0,0.75676430655287,0.0,3760.4738863112034,0.4999617834394905,nan,351.15584540221437,66.61624299103622,0.8152345850220726,0.47293007650952346,4686.315803464288,1.2009913610668101,26.515238822621463,950.4546562181882,110.68664733594628,4.670699427538448,1.1825353699038692,5875.762751469142,2.3863446178680623,49.431598249289316,nan,2.235741973010189,nan,0.30468698604343375,0.06592281184380555,63037.95556073157,112.35639012143588,1.6372701764046698,0.06371375305252151,0.11837716691001877,13.684615344611121,0.17561737341844644,macs0449m28,MACSJ0449.3-2848,cubes_new,72.3373632728661,-28.819569900021555,nan,27.92704772575472,nan,2133.3136759722215,8.509999999999946,0.034999999999999254,1.0,0.632339390694931,2.3004303235449974
88d19m48pt8284935s-33d42m42pt89990813s,88.33023013708375,-33.71191664114773,0.7300043801847442,,,,,,,,,,,,,nan,macs0553m33b,25714.62837642129,98.80547963602594,1276.7754536260452,13.399904049087736,5006.842235734503,1.937547145553583,45.93886465926384,8617.419116779181,88.2042227351038,225.0460493325536,6.391200058385597,4958.900263101812,1.8804969964318694,44.808548387945386,10527.346981852741,103.497737573993,50.625352601799214,2.507121082370569,3726.054129625856,1.8866863145060069,59.8627248413286,13790.56934978309,120.29974181121123,66.44709291104661,2.914131515995686,3728.8407225836186,1.8866863145060069,59.81793399534856,0.0,0.0,nan,nan,6562.8,1.0,13.853480493619768,6435.645250029809,116.72755699085356,160.94142567936345,8.372510898521147,4861.337709139837,2.003128085637263,49.1512696432077,3007.243284701681,58.59756837759044,29.56644904197753,2.040330277463501,4340.544885624661,1.7489140964602696,47.009318711955565,1748.7833550384307,44.694168480202976,11.258993061517899,1.1497591418172783,4101.66964353798,1.4861596867765257,40.690425897671666,1510.1575417426811,93.13121721451883,7.9786382673818945,2.1196663377888223,3969.1208253179652,2.083804567214055,62.93909183100879,1592.8062690184988,115.6511104491631,6.08913350637359,1.999917736206661,3888.873845817915,1.6194832922962572,47.806382376318595,248.08403148181847,84.80984702969529,1.405500157127883,2.2511594612854426,3833.686489062504,3.269299543241404,106.00262545518095,16.209690337094017,295.45896056744334,0.09215003412807922,5.887472846534109,4362.680338865332,0.4999617834394905,nan,3092.8728188341447,82.61568299661509,14.011308546401068,1.7147516186970306,3868.5526890736037,1.7824637001538406,53.943663385643845,0.0,0.0,nan,nan,6583.45,1.0,13.810026928666252,0.0,0.0,nan,nan,6548.05,1.0,13.88468655302385,0.0,0.0,nan,nan,6716.44,1.0,13.536579167464883,0.0,0.0,nan,nan,6730.82,1.0,13.507659064352907,0.0,0.0,nan,nan,3426.7759720663657,3.8445673895275383,140.4760695267589,0.0,41.84946171360076,nan,nan,3760.0,1.0,24.18021855944889,318.3920852260169,44.060234155885055,3.4820521135334976,1.4754822356089103,4682.840924133129,0.9883319445340945,18.956827243244227,0.0,0.0,nan,nan,5875.62,1.0,15.473706908126772,0.849394771157883,1.2429292768372273,2.012629430952609,0.500739348837015,0.3317954379777776,24317.91633163583,117.07244551284583,0.4292147643075515,0.026086422338142536,0.045682062880187876,nan,0.03876664310991375,macs0553m33b,MACSJ0553.4-3342B,cubes_new,88.3327680653888,-33.70727779454809,nan,18.34802438702813,nan,2667.6586439525504,7.88999999999996,0.024999999999999467,1.0,0.5688510930927665,3.106114524651052
8d27m50pt12046461s-7d52m03pt00122377s,8.46392235128097,-7.867500339937108,0.7604079697024868,,,,,,,,,,,,,0.352,macs0033m07,1989.8580137627048,134.16176075728023,203.3195200534202,37.43974560240887,5007.121845676737,1.8539984054224898,43.65280756902757,1658.5674299868408,204.0925579157993,70.60151702974557,24.106066546244254,4958.765273007327,4.5508673414337,115.44405013078826,1789.4140553721531,178.02644303375604,38.10251978744106,19.085513657441567,3726.775585115182,1.9586074361345085,62.50127629541273,1679.3674985561543,164.93054327747925,35.82518460226236,17.68155383329615,3729.4154960138662,1.9586074361345085,62.4545112166843,0.0,0.0,nan,nan,6562.8,1.0,13.853480493619768,694.7192652635306,80.47314119992325,22.15431006771492,7.360033513405585,4861.513413648567,2.039375311406966,50.163148716775225,1420.7680351178408,136.4030393346567,38.62045347857881,13.13438177237356,4340.048549721534,2.335473556363116,65.35250075666887,48.122219633186646,136.10681358380347,2.9104350127257916,32.93084454200461,4099.476376113568,0.4999617834394905,nan,333.31195442246025,109084.8844982292,40.20563756180133,56615.68291756837,3971.1806651850725,0.500105809107412,nan,1866.8802919249777,159.60897189995407,18.333265495228225,7.067359701090333,3894.0169121591357,6.908306163851457,224.98257795368443,241.89219243400512,52.88113060814982,5.913291970294664,6.04813474764313,3835.8701544139403,0.8218058181884058,14.291109661417583,1880.865788525341,254.21328251608705,143.11976431136426,67.78603291690355,4363.231595126094,8.08208142100637,234.93353206509764,307.51479207358125,53.97967659212756,4.579775977492086,3.683882542413339,3868.2794198096954,1.0076144109716274,23.8501193568782,0.0,0.0,nan,nan,6583.45,1.0,13.810026928666252,0.0,0.0,nan,nan,6548.05,1.0,13.88468655302385,0.0,0.0,nan,nan,6716.44,1.0,13.536579167464883,0.0,0.0,nan,nan,6730.82,1.0,13.507659064352907,434.67144792143085,16407.08606628253,13.82833408279265,3319.636702524309,3426.991814867822,0.4999617834394905,nan,0.0,0.0,nan,nan,3759.882312073836,3.7962875293070066,126.33474662366608,286.635803809974,71.59951664950457,6.5132333844785295,4.97622283905692,4685.779693834553,1.247136784251732,28.043779287249816,0.0,0.0,nan,nan,5875.62,1.0,15.473706908126772,nan,nan,2.054680840948238,0.7790798723762811,0.2172857887159369,3468.7815539283074,73.92770438970342,0.9654011788632667,0.07424015314981262,0.1424426369170112,28.234287322774215,0.3240884235200685,macs0033m07,MACS0035.4-2015,cubes,8.471549713918339,-7.869722587604801,90560.37655613762,28.352072169784467,0.14502356422300625,1329.220724391196,8.579999999999945,0.03999999999999915,1.0,-0.35460628419466617,2.30817907585657
8d28m41pt604992s-7d51m59pt20098902s,8.478223608888783,-7.866444719172139,0.5529390342408789,,,,,,,,,,,,,0.352,macs0033m07,71282.23310896214,337.7411823661295,176.51470169838535,2.284368427237017,5006.869617776149,2.517043093287809,61.476667661796434,24254.959548794905,155.9260259745065,61.53706407087681,1.0976159244633852,4958.92309956032,2.578816156541831,63.720243819508795,31796.266853244553,210.2048401599054,44.21324514400871,1.4723011946458544,3726.1122541444706,2.2569600414270234,73.31251070901943,45263.25130329642,274.09295809784317,63.06175998204635,1.919781625125697,3728.8970341949343,2.2569600414270234,73.25765638382322,0.0,0.0,nan,nan,6562.8,1.0,13.853480493619768,17324.076418315693,120.1881145226831,44.63558811473696,0.888154808962036,4861.407645906519,2.454255055228373,61.60311144161985,9061.20696922027,98.77629722639917,16.342547117976423,0.6309638921832226,4340.408448153653,2.257985543409096,62.966123369995834,4767.9482300529835,117.48466469651171,7.815669082939018,0.7694445746158789,4101.800676973996,1.9003344244073024,54.83547921268526,3577.6060214864788,140.2916553183873,4.555546322562419,0.7692327001675129,3969.8507939220394,2.6656430163123095,82.4802691461904,2772.2708090936003,268.90514486415043,2.987228592104559,1.3106942311065655,3888.8750027168544,1.6812021888310056,50.037514179004255,263.3324192551861,152.65907022449602,0.3062901041389884,0.8310101246244235,3835.3660436132413,0.4999617834394905,nan,163.1875260211105,3.591949415773267e+35,0.21538995144796638,1.6605535445863048e+33,4364.3067288480215,0.4999617834394905,nan,7736.878462207185,193.07475182309645,9.094333920058684,1.0397072106060268,3868.7040587698048,2.111982428539801,65.57121936467712,0.0,0.0,nan,nan,6583.45,1.0,13.810026928666252,0.0,0.0,nan,nan,6548.05,1.0,13.88468655302385,0.0,0.0,nan,nan,6716.44,1.0,13.536579167464883,0.0,0.0,nan,nan,6730.82,1.0,13.507659064352907,1348.7495900690096,106.41130467796134,1.5029397966217315,0.7548470796154766,3425.904468499623,1.6661545322820495,56.1850110244765,0.0,85.62711034338011,nan,nan,3760.0,1.0,24.18021855944889,404.7951410976151,130015.53508707961,0.8971805793174861,881.3865141220261,4685.761390203956,0.4999617834394905,nan,1872.959034813075,123.43557191677783,7.988935720774256,1.1446884081126467,5875.56891286506,2.791590280103136,58.55435802442652,nan,nan,7.237572501200556,6.310413374556658,1.7248483319242696,77059.51815654097,107.27500512605505,3.1150656063132973,0.15289794112264776,0.272882649597839,25.166870090509093,0.4255247602022954,macs0033m07,MACS0035.4-2015,cubes,8.471549713918339,-7.869722587604801,44556.21818285448,26.564637848584567,0.13588066650030653,695.0194247818736,8.509999999999946,0.034999999999999254,1.0,0.706135230974413,2.2467808830982436
99d19m52pt384047s-48d28m52pt49613389s,99.33121779083456,-48.48124892608089,0.44378838225385087,,,,,,,,,,,,,0.2026,a3399,5776.485972292028,97.19913695415173,133.52871451274612,6.13705012240239,5006.84272813074,2.060396721571576,49.273998451057906,1813.923828537137,67.56287465544801,31.160693001997817,3.220273002341312,4958.916577821518,1.6253534018910833,37.65954323455836,2668.4367242132007,179.16404021544759,32.4867544302761,10.987025793363697,3726.1050475783804,2.106232343560108,67.87455352190814,4333.922435838017,258.2275725925771,52.861964064815254,15.835504698490944,3728.786328379881,2.106232343560108,67.82376801755929,0.0,0.0,nan,nan,6562.8,1.0,13.853480493619768,1485.149105115385,81.3675570673816,29.012063949179492,4.558743606768067,4861.477969103574,1.875338847456418,45.56240190439763,502.5351347097662,122.50633455434526,5.506876166812297,4.7535479538635546,4340.88767534656,2.003499480065576,55.06121582392588,549.3963883723579,97875505.92819992,5.3724496461076825,3827921.938323943,4099.934208731406,0.5022004463926433,nan,0.0,0.0,nan,nan,3969.687193871607,3.3494338356450806,105.0358159588318,0.0,0.0,nan,nan,3887.902226869273,0.4999617834394905,nan,1262.1336824381967,171.49487256208067,19.59662940484405,12.4848098857186,3832.5264841063567,3.8559237171474767,125.86465376996678,0.0,0.0,nan,nan,4357.950875789293,6.4570471475440145,187.29392678069797,0.0,0.0,nan,nan,3868.953023685533,4.525855757884524,147.14154702440965,0.0,0.0,nan,nan,6583.45,1.0,13.810026928666252,0.0,0.0,nan,nan,6548.05,1.0,13.88468655302385,0.0,0.0,nan,nan,6716.44,1.0,13.536579167464883,0.0,0.0,nan,nan,6730.82,1.0,13.507659064352907,0.0,0.0,nan,nan,3426.8497483555716,4.753040881691511,174.69701696749405,0.0,0.0,nan,nan,3759.6705363228352,2.7669222453021143,90.63777889433197,428.172291777156,59.09677093401409,6.472115821192624,2.730551188875649,4687.366974228147,1.5805397900124136,38.50203397287001,0.0,0.0,nan,nan,5875.418979406242,4.6370378938063705,99.32171708506804,nan,nan,nan,0.09123947674358487,0.09782245056070628,7002.359160051217,85.34871849509136,0.21278372382081567,0.018302713089804478,0.03526481447903862,2.8788545078205043,0.040069425374243135,a3399,A3399,cubes_new,99.32434531647336,-48.4853324996494,60125.11055789584,22.023850610878952,0.07582123199041092,900.3459010817364,8.899999999999938,0.04499999999999904,1.0,-0.5891019142126019,2.1255746680487797
