object_id,ra,dec,z,angdisp,foreground,cluster_member,lensed,Z_dir,Z_dir_e,Z_j19,Z_j19_e,R23,R23_e,mean_vel_disp,sterr_vel_disp,zcluster,name,oiii5007_flux,oiii5007_flux_err,oiii5007_ew,oiii5007_ew_err,oiii5007_centroid,oiii5007_fwhm,oiii5007_vel_disp,oiii4959_flux,oiii4959_flux_err,oiii4959_ew,oiii4959_ew_err,oiii4959_centroid,oiii4959_fwhm,oiii4959_vel_disp,oii3726_flux,oii3726_flux_err,oii3726_ew,oii3726_ew_err,oii3726_centroid,oii3726_fwhm,oii3726_vel_disp,oii3729_flux,oii3729_flux_err,oii3729_ew,oii3729_ew_err,oii3729_centroid,oii3729_fwhm,oii3729_vel_disp,halpha_flux,halpha_flux_err,halpha_ew,halpha_ew_err,halpha_centroid,halpha_fwhm,halpha_vel_disp,hbeta_flux,hbeta_flux_err,hbeta_ew,hbeta_ew_err,hbeta_centroid,hbeta_fwhm,hbeta_vel_disp,hgamma_flux,hgamma_flux_err,hgamma_ew,hgamma_ew_err,hgamma_centroid,hgamma_fwhm,hgamma_vel_disp,hdelta_flux,hdelta_flux_err,hdelta_ew,hdelta_ew_err,hdelta_centroid,hdelta_fwhm,hdelta_vel_disp,hepsilon_flux,hepsilon_flux_err,hepsilon_ew,hepsilon_ew_err,hepsilon_centroid,hepsilon_fwhm,hepsilon_vel_disp,hzeta_flux,hzeta_flux_err,hzeta_ew,hzeta_ew_err,hzeta_centroid,hzeta_fwhm,hzeta_vel_disp,heta_flux,heta_flux_err,heta_ew,heta_ew_err,heta_centroid,heta_fwhm,heta_vel_disp,oiii4363_flux,oiii4363_flux_err,oiii4363_ew,oiii4363_ew_err,oiii4363_centroid,oiii4363_fwhm,oiii4363_vel_disp,neiii_flux,neiii_flux_err,neiii_ew,neiii_ew_err,neiii_centroid,neiii_fwhm,neiii_vel_disp,nii6583_flux,nii6583_flux_err,nii6583_ew,nii6583_ew_err,nii6583_centroid,nii6583_fwhm,nii6583_vel_disp,nii6548_flux,nii6548_flux_err,nii6548_ew,nii6548_ew_err,nii6548_centroid,nii6548_fwhm,nii6548_vel_disp,sii6716_flux,sii6716_flux_err,sii6716_ew,sii6716_ew_err,sii6716_centroid,sii6716_fwhm,sii6716_vel_disp,sii6731_flux,sii6731_flux_err,sii6731_ew,sii6731_ew_err,sii6731_centroid,sii6731_fwhm,sii6731_vel_disp,nev3426_flux,nev3426_flux_err,nev3426_ew,nev3426_ew_err,nev3426_centroid,nev3426_fwhm,nev3426_vel_disp,fevii3760_flux,fevii3760_flux_err,fevii3760_ew,fevii3760_ew_err,fevii3760_centroid,fevii3760_fwhm,fevii3760_vel_disp,heii4686_flux,heii4686_flux_err,heii4686_ew,heii4686_ew_err,heii4686_centroid,heii4686_fwhm,heii4686_vel_disp,hei5876_flux,hei5876_flux_err,hei5876_ew,hei5876_ew_err,hei5876_centroid,hei5876_fwhm,hei5876_vel_disp
16d23m44pt22264049s-24d38m43pt58535203s,16.39561740013605,-24.64544037556473,0.687697362608686,33.36579001239795,0,0,0,nan,nan,nan,nan,nan,nan,62.64465152949424,14.896093366058707,0.23,a141,8260.409849745954,114.81609512691726,382.39898449619625,14.51790052713935,5006.845628450111,1.0087996936954478,18.47069661171365,670.6680306362261,273.6233602736578,7.947805111946133,8.996942032393898,4958.877408351355,3.429000343282057,86.17891207934086,0.0,0.0,nan,nan,3725.9324198462996,1.7634085564161255,55.301247663021,2491.457000960104,15115.32417671494,44.34533652317641,1350.2853166122088,3731.2770461895784,0.5740891323505166,nan,0.0,0.0,nan,nan,6562.8,1.0,13.853480493619768,0.0,0.0,nan,nan,4861.356160594009,7.397829740628601,192.86758754955895,0.0,0.0,nan,nan,4344.469419594942,6.448203034662293,188.01465849865872,326.67526252203544,6.574273844636221e+50,7.577328868382431,6.089898320883069e+49,4102.644396289835,0.4999617834394905,nan,88.20005555192633,98.9448753239596,0.9127681350439357,4.412248574595656,3968.695857229676,0.4999617834394905,nan,806.5949382585502,82.37187423106506,6.218386055727409,2.8779860246237927,3885.8633920452826,1.8105824008214393,54.66142747194988,0.0,0.0,nan,nan,3834.92909088298,3.30886289159725,107.34666196652398,0.0,0.0,nan,nan,4358.281225800788,0.4999617834394905,nan,0.0,0.0,nan,nan,3869.6892673575207,4.459233942109001,144.92209371727614,0.0,0.0,nan,nan,6583.45,1.0,13.810026928666252,0.0,0.0,nan,nan,6548.05,1.0,13.88468655302385,0.0,0.0,nan,nan,6716.44,1.0,13.536579167464883,0.0,0.0,nan,nan,6730.82,1.0,13.507659064352907,0.0,0.0,nan,nan,3426.2985897636386,1.6925722778810206,57.264994606461215,0.0,0.0,nan,nan,3760.0689023751834,4.150217336330868,138.50930825113744,93.21060878843072,4.366576458796755e+18,0.8101664417910158,1.1618719826633787e+17,4683.47466252733,0.4999617834394905,nan,0.0,0.0,nan,nan,5875.62,1.0,15.473706908126772
16d22m38pt21034632s-24d38m27pt78536621s,16.37728065175652,-24.641051490613766,0.5170984163471928,38.40653970486812,0,0,0,nan,nan,nan,nan,nan,nan,83.00608084182672,21.819805546025812,0.23,a141,45118.72859114103,602.0445919048767,274.56293729453984,10.006773741833,5006.8851655817425,4.221105658537137,105.8449492856816,661.2451437549848,5894.483858808066,109.79986956332844,2714.7762108273964,4959.9425318144185,0.6922603741652545,nan,1187.671575520175,139.5888442870557,14.435857874664297,8.551417367541502,3725.244151393039,1.6828100131658947,52.28728913082421,0.0,0.0,nan,nan,3729.5272681778793,2.3405819259250853,76.255096626251,0.0,0.0,nan,nan,6562.8,1.0,13.853480493619768,0.0,0.0,nan,nan,4862.3302587642675,1.129087097614211,23.20052415623009,1454.1567473452244,362.9162526617156,19.434165313907386,17.165586691735058,4341.982435152095,9.99923566878981,292.5682705754515,1741.7131888416293,630.285147635538,11.35283818733939,16.440766950283724,4098.8571946906395,9.99923566878981,309.59640827210086,745.6731926944316,150.62081066982537,27.475367610617056,23.908499634709514,3969.09495150116,2.5953908430166712,80.14318078725984,2170.815776681313,222.64392585563579,69.28805055126087,32.20917618077625,3885.694789763372,2.5356931761352826,79.78147269246193,0.0,0.0,nan,nan,3832.6272487915767,9.494340057367744,314.29212593175316,608.109961094592,165.18544120447393,8.099120125770238,7.703297633136236,4364.979116956641,3.2287739618268914,91.9687724685953,409.9879039435997,111.78382057541724,22.35462766282678,27.90020169829117,3869.971359086988,0.8884286830270668,18.003198886294143,0.0,0.0,nan,nan,6583.45,1.0,13.810026928666252,0.0,0.0,nan,nan,6548.05,1.0,13.88468655302385,0.0,0.0,nan,nan,6716.44,1.0,13.536579167464883,0.0,0.0,nan,nan,6730.82,1.0,13.507659064352907,0.0,0.0,nan,nan,3426.899457894356,4.6858033561079235,172.17052384068833,0.0,0.0,nan,nan,3760.151026687114,1.397243317918709,40.944137225034325,47.65959966289238,21734.522308583375,1.2396309711553621,1729.4636714994824,4685.205586169407,0.4999617834394905,nan,2927.305883641109,283.3110765417492,56.2196924527011,11.818244377289899,5880.088082971031,1.0680702904677244,17.479315592607175
16d23m19pt35750823s-24d38m39pt98629732s,16.388710418951817,-24.644440638143095,0.22555806137294443,11.241840978724264,0,0,0,nan,nan,nan,nan,0.2907399171210021,0.004457650469419158,52.88601349272618,8.713974257938535,0.23,a141,22241.177958388525,265.6661545847836,2.5855545535496978,0.08435644147309591,5006.844264095019,3.713439250970598,92.72974439400936,7431.289402853528,339.866307089853,0.8257074237777273,0.10476910837323525,4959.148634708989,4.159926544548734,105.27495017211783,0.0,0.0,nan,nan,3726.03,1.0,24.400668213494743,0.0,0.0,nan,nan,3728.82,1.0,24.382410999599827,289428.70951698895,10533.54149530372,36.46053893383492,2.541703487229822,6562.72808383961,3.463229972932216,65.79570213111143,102058.45710856677,497.0480822631558,11.761514669665251,0.16430456030841148,4861.137253490032,2.9873220491184074,76.05487715331465,36896.199719977114,688.8734611460753,2.985494642875095,0.19743401620879875,4340.2621923907245,2.3551056741993603,65.95583195410316,3195.7148187214075,1039.3783523531517,0.21117799920974217,0.2744628371960578,4101.513989948502,0.4999617834394905,nan,0.0,0.0,nan,nan,3969.0712508083143,0.4999617834394905,nan,695.7879620158465,1262.6466916590923,0.04075307974367664,0.3346465638185268,3888.316708194022,0.4999617834394905,nan,0.0,0.0,nan,nan,3835.4,1.0,23.704860453545347,2446.86875065545,1749427713.7772865,0.18469235362969239,462563.73809672485,4364.042097699478,0.6025554147849054,nan,0.0,253.36492543126846,nan,nan,3868.75,1.0,23.500516131444996,65361.59124358825,25539.49619547293,5.673446504534831,4.232319495083125,6583.423428091453,2.6940317547103323,50.30757960433734,2797.4568459931024,115791.0299361398,0.2463187000268339,19.576201591426795,6547.603137534945,0.4999617834394905,nan,33369.514345753814,3053.249100619467,6.933575327216259,1.1866291066506025,6716.376034002364,3.432211894225257,63.69015708561552,25937.186688826372,3577.5224069451538,5.288449131245765,1.3614349309954128,6730.779818265324,3.2565286975788323,60.155798856480146,0.0,0.0,nan,nan,3426.0,1.0,26.53754284399528,0.0,0.0,nan,nan,3760.0,1.0,24.18021855944889,2803.6556817131805,395.0523046425904,0.26140470345208283,0.1126681673692456,4685.573601112304,5.242704447635689,141.1691045464451,9587.20652710441,247.3091012260015,1.7696236614515297,0.09924758607984478,5875.517877821574,3.9443777245303036,84.10827977000764
16d23m11pt21592155s-24d39m07pt58635986s,16.386448867097652,-24.65210732218444,0.21592613716986486,19.97068937545787,0,0,0,nan,nan,nan,nan,2.1230182169313676,0.02335175962237377,47.38060081421887,9.1677210643917,0.23,a141,34463.63366204167,105.07599937096472,16.795480384076903,0.13986912057731535,5006.838211810485,2.4115726390769088,58.67956765692425,11309.487366174963,103.48816922706332,5.460035841125315,0.13862163226895574,4958.977591619748,2.3306774102109777,57.07299139543979,0.0,0.0,nan,nan,3726.03,1.0,24.400668213494743,0.0,0.0,nan,nan,3728.82,1.0,24.382410999599827,52771.00479626645,842.7080869959798,40.68205745060028,1.2444027269535647,6562.623410862522,2.534679778864966,47.25737491435312,21560.399559066227,226.7470718672731,11.342788939758302,0.342157633341884,4861.23925072878,2.3204016890726575,57.93640876487137,8605.680568238884,164.48890239463813,3.317417741432614,0.22458269906178718,4340.375641500968,1.940420602624337,53.08212037574935,1103.7954708128411,809.1995977731341,0.3471736205764895,1.0168915833516257,4101.8034071208795,0.4999617834394905,nan,0.0,106.10319177380806,nan,nan,3970.08,1.0,22.900702702093618,0.0,0.0,nan,nan,3879.06,0.4999617834394905,nan,0.0,0.0,nan,nan,3835.4,1.0,23.704860453545347,0.0,0.0,nan,nan,4363.29631728898,3.643740271805402,104.33704490855604,0.0,0.0,nan,nan,3868.75,1.0,23.500516131444996,1860.1391408850986,32305870.71205441,0.8360589125796878,27721.547422622927,6583.3827003088945,0.4999617834394905,nan,0.0,0.0,nan,nan,6549.044496021251,9.99923566878981,193.93267853817915,9130.690453479468,695.6978638384336,7.400027006651618,1.0546468801517155,6716.202536705915,2.5779361669742444,47.028865107309876,5896.630803263382,927.9670837699191,4.570477570166128,1.3424930075788437,6730.583108559128,2.389301987580901,43.20945920076532,0.0,0.0,nan,nan,3426.0,1.0,26.53754284399528,0.0,0.0,nan,nan,3760.0,1.0,24.18021855944889,1203.8802032530375,89.96936129031792,0.5066129391357588,0.11578543967767785,4686.122724575515,2.4131267574998407,62.745632906895764,1926.5125962583384,91.00316038082282,1.357338480585263,0.13940716980478027,5875.287353600704,2.5319571105296745,52.72295261171051
16d23m34pt54069919s-24d38m44pt18585516s,16.39292797199671,-24.645607181989106,0.4996283137543249,23.689153969890622,0,0,0,nan,nan,8.291188298044363,0.003948516131722229,9.422731968796187,111.36794289318729,101.61704889957011,23.929161710405154,0.23,a141,230.21214708159494,72.43684001996441,5.374885863900199,4.619391333982716,5006.857470427602,1.7094308550890607,39.65471083582765,286.74241114384785,100338.11120001492,41.088644900355696,39909.53867185803,4957.635553920205,0.6198891326726297,nan,3906.3504843211745,1115.0426305828914,248.25460389031966,357.8979176437269,3722.281219070595,9.99923566878981,340.8133793077146,4067.972733455202,884.834406093012,188.59091436153426,207.05685553397083,3723.1253242469525,9.99923566878981,340.5583738828702,0.0,0.0,nan,nan,6562.8,1.0,13.853480493619768,901.1481812409692,156.14187763286193,11.655326788319913,5.783783063807786,4865.580178399422,3.0473611652752535,77.67130630371584,1504.4283352490404,588.0390694211494,32.44117490188372,44.984103805701416,4336.928187548491,9.99923566878981,292.5682705754515,216.0394086244765,1.9497166017132652e+18,4.150347325070818,1.4961946079679152e+17,4102.2089788133935,0.4999617834394905,nan,0.0,0.0,nan,nan,3969.752189745253,5.250243463609162,166.8585272039872,0.0,0.0,nan,nan,3889.360106573974,4.24996205808216,137.2243322582277,566.1355542252676,143683.84256633895,22.678163829246326,26947.733935838256,3834.755585159065,0.5705152015936296,nan,0.0,0.0,nan,nan,4362.756372423897,4.649400295469157,134.1142696199316,898.0984152814963,96.59251647883299,21.70294632497429,10.754850227836656,3859.6951297540304,2.3219937934887294,72.85572605953293,0.0,0.0,nan,nan,6583.45,1.0,13.810026928666252,0.0,0.0,nan,nan,6548.05,1.0,13.88468655302385,0.0,0.0,nan,nan,6716.44,1.0,13.536579167464883,0.0,0.0,nan,nan,6730.82,1.0,13.507659064352907,1715.7666872758969,75.92941687571476,33.23374539491765,9.37128178082499,3424.8277500819877,1.3624673489489505,43.43615760558671,0.0,0.0,nan,nan,3759.8332951195634,4.619964092822968,154.62173029275513,0.0,0.0,nan,nan,4688.872357785885,3.427275565687216,91.15628067606137,0.0,0.0,nan,nan,5876.001892787257,3.405606896891335,72.21548116261206
16d23m25pt29930915s-24d39m00pt18617469s,16.39036091920871,-24.65005171519112,0.20066348541652523,18.963005963219288,0,0,0,10.245469159050362,0.0341692295036031,nan,nan,3.231574459742297,0.02586312775031178,45.430182545527884,8.874062739806362,0.23,a141,46414.11595383298,143.02403993696433,36.84808327650168,0.3101416513939451,5006.84331163216,2.6596058877230777,65.24208029260636,15723.733679629864,152.60417210141327,12.040856508337122,0.3242408011902431,4958.895413135478,2.629271586229135,65.06509209854416,0.0,0.0,nan,nan,3726.03,1.0,24.400668213494743,0.0,0.0,nan,nan,3728.82,1.0,24.382410999599827,42993.828526946476,519.4251608608979,58.969923149810235,1.3646099801979266,6562.841885124649,2.8469157496288378,53.53117138374809,19228.351507152973,139.61796238952144,15.423585485755876,0.3212150627396743,4861.3064532260805,2.5794228655077753,65.0157892726811,8617.292015632725,151.8252167935704,5.139816890747873,0.3207474459967908,4340.288728562848,2.2249720791787246,61.94682172346044,3381.5203152388485,181.41935105118648,1.5337373392598335,0.32878276666708245,4101.695147172236,1.613981568750522,45.13823532777175,1645.677545846722,6822528.675151535,0.7788163577286512,13900.026696197594,3970.2319371326107,0.6154249277684509,nan,0.0,0.0,nan,nan,3889.06,1.0,23.37778840736009,0.0,0.0,nan,nan,3835.4,1.0,23.704860453545347,485.65460827123087,396.819058295209,0.2570247073081892,0.7358909299727312,4363.363997083516,1.1885315533156557,28.026269588964638,0.0,0.0,nan,nan,3868.75,1.0,23.500516131444996,4491.909350374809,3311301872.5104184,2.875986345644722,4047521.3650839203,6583.528739284776,0.4999617834394905,nan,0.0,0.0,nan,nan,6547.950407228365,9.99923566878981,193.93267853817915,6397.6224755728,504.0215631373625,8.66084114766531,1.2761945385249067,6716.669145305724,2.699152827299822,49.41197155860386,4218.336920146773,671.0194311228636,5.431782492715581,1.6126172801938083,6730.9951389619,2.56443740665655,46.663045408367765,0.0,0.0,nan,nan,3426.0,1.0,26.53754284399528,0.0,0.0,nan,nan,3760.0,1.0,24.18021855944889,123.0568274905238,94.91241585518657,0.07747616130380516,0.18274183838157423,4686.205018734632,0.4999617834394905,nan,1869.8237774541888,91.41463011233184,2.3049908350241477,0.24500171983020916,5875.5840737593035,3.0600896688159485,64.54649010874104
16d22m51pt19268571s-24d38m24pt38599595s,16.380886857140663,-24.640107221096084,0.20275376312663207,30.593823391867733,0,0,0,nan,nan,nan,nan,1.0658360804053288,0.026436874923957583,52.18970671643117,13.506317060256015,0.23,a141,7363.118265889348,121.39766444418991,3.838516560565767,0.17286155009348825,5006.841925157468,2.5106062495830987,61.306256316961814,2883.2861761605154,164.55653721909815,1.4455828223854972,0.22891241951468397,4958.899364196306,3.6570140883073834,92.15054998311959,0.0,0.0,nan,nan,3726.03,1.0,24.400668213494743,0.0,0.0,nan,nan,3728.82,1.0,24.382410999599827,27308.265841786128,742.838600870024,20.702408265671025,1.0786713625647812,6562.743393309024,2.3733359800792093,43.9916654902272,9613.489945051624,141.59604926462316,5.116481159671771,0.2161583190199537,4861.179766271108,2.1850804655661364,54.207806447680156,3134.500430958882,179.1690555865304,1.299157846850201,0.2629910989243283,4340.573440224777,1.8206772129709305,49.29763772754473,127.40413584149226,0.0,0.04580040104946071,0.0,4101.211984749827,0.4999617834394905,nan,0.0,0.0,nan,nan,3969.9430018161293,0.4999617834394905,nan,0.0,0.0,nan,nan,3889.06,1.0,23.37778840736009,0.0,0.0,nan,nan,3835.4,1.0,23.704860453545347,3844.0196122366574,668.2266110621993,1.556955253300263,0.9477512689774257,4364.825275438832,9.99923566878981,291.0428046557292,0.0,0.0,nan,nan,3868.75,1.0,23.500516131444996,4360.23403231158,2365.367105046745,2.484573439748534,2.57324200732816,6583.448612516812,1.667369580057196,29.264336501137205,0.0,0.0,nan,nan,6547.9481924549555,0.4999617834394905,nan,6187.183561775485,494.48373498731405,4.9881097124930465,0.7456498360338636,6716.460213245444,2.416259619414684,43.83612410080306,4125.248122110975,633.5892438551285,3.229365596655409,0.9257254252660804,6730.8076845581245,2.259189631223348,40.62850759300164,0.0,0.0,nan,nan,3426.0,1.0,26.53754284399528,0.0,0.0,nan,nan,3760.0,1.0,24.18021855944889,970.6771481404622,160.75442781832345,0.42341412298028375,0.2145481276795224,4684.894396503606,3.742728299884545,99.89570519006845,1226.3417005443298,117.68401862787479,0.858205469908948,0.1790410601746346,5875.903645627731,3.219453877993922,68.08873471346116
16d23m41pt80164201s-24d38m36pt18549406s,16.39494490055822,-24.64338485946044,0.5762005650841973,32.759328529190164,0,0,0,nan,nan,8.095221045238667,1.2645670143236317e-05,8.169792572186966,0.033870503821152954,61.7367809379144,13.738071159835151,0.23,a141,90220.55325228604,275.8312744599267,67.7629752807984,0.565867753507277,5006.855961654468,2.3884500159569866,58.06489680098777,30666.45837037372,226.06446710346555,22.92794705302657,0.4689471876553534,4958.961241157075,2.344405938319005,57.44239658444182,72073.79673088921,389.2436199818702,25.45051829052698,0.692339978094741,3726.1090138316545,2.189466292461421,70.88278741469337,99966.78057531624,493.410238965304,35.367895293715584,0.8776190963717544,3728.861418460544,2.189466292461421,70.82975107159099,0.0,0.0,nan,nan,6562.8,1.0,13.853480493619768,35854.96037269055,119.47082155031613,28.454538496287352,0.27194160379039495,4861.305197845398,2.3865598868475035,59.7511286380271,16326.698169111647,106.31621845911695,8.611820777983192,0.1986124693131658,4340.446237068786,2.1949344903514842,61.01795830093788,7982.992356720413,98.90381463691679,3.378034139188882,0.16721766679249067,4101.761426420842,1.7430865826927462,49.54793036769088,4218.84876830022,120.98446749463834,1.5705965559750728,0.1939599325696718,3969.7194392093543,2.0323916954809604,61.18587253764914,4890.882654569358,374.2013563164354,1.5781189757921144,0.5461596244539119,3888.9035106619226,1.4326755662913653,40.920090587036334,1050.7822437386565,3989561.8588674837,0.3552271980916628,6313.6161605311645,3834.9949567086255,0.4999617834394905,nan,0.0,0.0,nan,nan,4365.131654656313,0.4999617834394905,nan,12015.357199983184,274.70991544386084,3.899807376899001,0.4084430385453182,3868.8122371623676,2.2690980923475035,71.02800763818381,0.0,0.0,nan,nan,6583.45,1.0,13.810026928666252,0.0,0.0,nan,nan,6548.05,1.0,13.88468655302385,0.0,0.0,nan,nan,6716.44,1.0,13.536579167464883,0.0,0.0,nan,nan,6730.82,1.0,13.507659064352907,0.0,0.0,nan,nan,3425.555080596185,5.617860378943324,207.13273021041027,2579.000777052019,381.71053886792197,0.9660137684392478,0.7030845571208365,3760.929239159991,7.81385698998343,263.5062221288994,517.0487389058812,130.245273385186,0.32943029731935897,0.2537827846481566,4686.111784703638,3.6891729439197176,98.4140763940728,2480.0532225503016,132.06243986699735,3.208959643882157,0.371494339267426,5875.749328267489,2.7738017713910645,58.15611881445357
16d23m22pt87887854s-24d39m05pt98623242s,16.389688577373406,-24.651662842339338,0.2156099182804314,21.82152953199808,0,0,0,nan,nan,nan,nan,4.164540051413164,0.058116633405194816,56.5084609507442,10.777331526625106,0.23,a141,33297.48984468203,102.83672423844429,96.46880744523311,0.8137849565267016,5006.844922842618,2.518399511249809,61.51257329520801,11267.31729381838,115.41061120577108,30.55016462583729,0.8682600809597962,4958.81544041459,2.459995246922178,60.54464189252409,0.0,0.0,nan,nan,3726.03,1.0,24.400668213494743,0.0,0.0,nan,nan,3728.82,1.0,24.382410999599827,22914.57215958552,215.3629668496846,144.8474479372033,2.60758025224533,6562.748817055033,2.6337707104484482,49.254301195320664,10701.015379448234,144.64734423252426,34.235097933232,1.3273398532205922,4861.215604598112,2.589086757901897,65.27869928214191,5998.815837771346,115.10012786295665,12.334109387744508,0.8382046178976881,4340.340183813366,2.5523727539120245,71.99321527537565,2504.1319293798597,131.5184938891805,4.128658784346875,0.8664984425897869,4101.514214918136,1.9938470232099297,57.94605042916387,1748.7724096454428,151.89196336851077,2.605748230733861,0.9763149260559332,3966.8282652221783,2.098526662888967,63.44009439389068,0.0,0.0,nan,nan,3879.06,0.4999617834394905,nan,0.0,0.0,nan,nan,3835.4,1.0,23.704860453545347,0.0,0.0,nan,nan,4361.495989175897,0.4999617834394905,nan,0.0,0.0,nan,nan,3868.75,1.0,23.500516131444996,0.0,0.0,nan,nan,6583.884417087665,9.99923566878981,192.88987927331783,0.0,0.0,nan,nan,6548.466518031058,9.99923566878981,193.93267853817915,2495.0386317860225,204.07963736683558,11.792238310192525,1.8041050536962466,6716.410252996288,2.4227353472353097,43.96435554918379,1767.747782209104,279.36986308098074,7.84344005572028,2.3135606155925967,6730.687518731483,2.553926538161564,46.45635534508634,0.0,0.0,nan,nan,3426.0,1.0,26.53754284399528,0.0,0.0,nan,nan,3760.0,1.0,24.18021855944889,704.2947708917245,95.197072794375,1.8136034403429326,0.7511167256736977,4681.155315222781,2.137461337725306,54.87233176467448,1448.706448958055,90.95950318642022,7.237429800601178,0.9878843464621934,5875.91788051275,3.6621329255278874,77.88628653003278
16d23m13pt19641962s-24d39m05pt18635586s,16.38699900544912,-24.65144065440608,0.21575831393865164,17.694839653301567,0,0,0,9.418034295495124,0.04913004034535951,nan,nan,2.788091716575295,0.06982025230364342,60.49060422197914,17.429351182142817,0.23,a141,12109.374177161755,113.59090748175582,24.623389309353836,0.6308939581444616,5006.840232833796,2.2177261829820925,53.50794170594728,3954.2082690935067,90.42030769057351,7.979540380866756,0.5062557716686451,4958.99191152246,1.9846735648927185,47.67809445266342,0.0,0.0,nan,nan,3726.03,1.0,24.400668213494743,0.0,0.0,nan,nan,3728.82,1.0,24.382410999599827,14310.027193945836,219.5475777120408,47.15140155637279,1.3856437393033847,6562.731148109463,2.3300624475877143,43.112352378366914,5761.497138260103,134.55642751820605,13.0749199211175,0.8758313133151245,4861.29973374236,2.112154244455514,52.18774269456367,2356.1029821610196,106.91636935123336,3.436670116931071,0.5522701651038022,4340.674847793112,1.8715202765761276,50.90929724391382,131.20569100121054,0.0,0.18700500637112222,0.0,4103.292002360763,0.4999617834394905,nan,139.46326147312033,5.077175481490335e+90,0.1635096744815163,2.5568482785318243e+88,3974.0517163336613,0.4999617834394905,nan,0.0,0.0,nan,nan,3879.06,9.99923566878981,326.52642944617054,0.0,0.0,nan,nan,3835.4,1.0,23.704860453545347,167.9509192973042,306.2104178492978,0.22237832184828005,1.4208120990728899,4363.199513253473,0.4999617834394905,nan,0.0,0.0,nan,nan,3868.75,1.0,23.500516131444996,210.97209873947813,1597.3076814200467,0.3918365411478767,5.663521482263702,6583.768676523379,0.4999617834394905,nan,0.0,0.0,nan,nan,6547.810363568683,9.99923566878981,193.93267853817915,2433.5338653229473,183.8158760922024,7.718736887219253,1.0905284497167387,6716.380150136783,2.0778191597409377,37.08275005121623,1527.4105789395403,263.88007999315073,4.530143052184127,1.460733526993185,6730.792085555367,2.1297939290432355,38.04601125106117,0.0,0.0,nan,nan,3426.0,1.0,26.53754284399528,0.0,0.0,nan,nan,3760.0,1.0,24.18021855944889,852.629258268129,190.87452766868864,1.3977707055714665,0.9586577379961747,4681.490571663144,4.529980044162768,121.60141383495933,619.1706502643659,56.31966672256854,1.958746932394832,0.3873031666970599,5876.253906841898,1.8896244868803151,38.030551419033046
16d23m11pt43597948s-24d39m09pt38635975s,16.386509994298763,-24.65260732215406,0.21594062796274027,21.772933682504014,0,0,0,9.7058443743875,0.03565333288353308,nan,nan,2.604036239273651,0.04195134136991093,37.10602365844576,4.587692159909183,0.23,a141,21432.76056782237,115.58797297255039,19.07072014684463,0.28092310387234304,5006.846197032441,2.278687748316521,55.139125576211455,7217.417306363747,106.04859320058763,6.257641669816476,0.2551126058341024,4958.905295476114,2.378416065510058,58.35663279825747,0.0,0.0,nan,nan,3726.03,1.0,24.400668213494743,0.0,0.0,nan,nan,3728.82,1.0,24.382410999599827,25608.178576097253,356.3484791065104,42.814620926404075,1.1412029520534326,6562.647728029721,2.2845583379689147,42.1859624892643,11002.219340149262,166.6965406568421,10.970985309834086,0.47678037319021915,4861.206607813015,2.2756607798483683,56.706252676672996,4361.665945108732,156.96885613823034,3.130084056862075,0.3989959214136928,4340.245031774677,1.7007886886977577,45.46481024441467,518.8864927251058,7638.103512203787,0.30037057469343653,17.664520899885684,4101.928689117406,0.4999617834394905,nan,0.0,0.0,nan,nan,3967.872731006389,0.4999617834394905,nan,0.0,0.0,nan,nan,3879.06,0.4999617834394905,nan,0.0,0.0,nan,nan,3835.4,1.0,23.704860453545347,324.41419274448646,269.4378083957317,0.21118495366764628,0.6150356396784593,4361.846553506901,1.8813155459372752,50.95189853773116,0.0,0.0,nan,nan,3868.75,1.0,23.500516131444996,4280.5303685159915,11118368046625.68,3.957228545388026,19624520227.071774,6583.0932296775345,0.4999617834394905,nan,0.0,0.0,nan,nan,6547.370562532986,0.4999617834394905,nan,5163.329036393283,373.75127340139824,7.911148812384404,1.0711474099005596,6716.201135929004,2.3892393204050433,43.30072893669459,3319.6322476568453,549.3283839697018,4.864684364805862,1.502507002595951,6730.614623511633,2.433711919674394,44.087249462068854,0.0,0.0,nan,nan,3426.0,1.0,26.53754284399528,0.0,0.0,nan,nan,3760.0,1.0,24.18021855944889,1015.1214728113648,105.98084022545893,0.7822723951577261,0.2498502996263172,4685.246278366029,2.818857682959087,74.18944086607179,1266.6354822590579,80.94914019359317,1.743195982008968,0.24219621187215934,5875.847690908343,2.447680267715747,50.82010706310714
16d23m07pt47497254s-24d39m05pt98634781s,16.385409714594214,-24.65166287439066,0.21589298033162918,18.72482854727207,0,0,0,7.371448556142308,0.005224771633852882,nan,nan,2.3727109708495018,0.13084117212387927,43.17621368728743,8.344434664637433,0.23,a141,4181.6474213317415,94.71281426260744,27.035033786601772,1.672532866667664,5006.842025935485,2.130686551592951,51.17023411137945,1178.329753058243,92.29843603045236,6.936251522917606,1.5074104763498584,4959.03689402677,1.9690091075244665,47.24807837045663,0.0,0.0,nan,nan,3726.03,1.0,24.400668213494743,0.0,0.0,nan,nan,3728.82,1.0,24.382410999599827,5189.623170111406,161.37487123161029,55.51340449169418,3.3064138716331155,6562.86862062135,2.3233647893857285,42.97611428581387,2259.0097320074983,111.40631282769517,26.297974777499523,3.719689918393019,4861.429056436412,2.092361544118555,51.63803528024715,786.4236027583007,78.3130165532498,4.598341473529161,1.621812942648583,4340.388519077495,1.9168981202875326,52.341689688492266,0.0,64.86129987068477,nan,nan,4101.73,1.0,22.16567686891332,0.0,0.0,nan,nan,3970.6351812300227,1.7333949572333616,50.851432488790415,0.0,0.0,nan,nan,3889.06,1.0,23.37778840736009,0.0,0.0,nan,nan,3835.4,1.0,23.704860453545347,584.7914823129529,106.48327033524751,3.0810048209984027,1.963780434845581,4365.621746163707,2.468404754904081,69.06659220392285,0.0,0.0,nan,nan,3868.75,1.0,23.500516131444996,0.0,0.0,nan,nan,6585.550660147987,9.99923566878981,192.88987927331783,50.11365777444877,961.7843255102367,0.2792535076414142,10.288648025571032,6548.772452406954,0.4999617834394905,nan,1163.1305753630563,143.30784128101692,13.836099952955637,3.1884672212286755,6716.661726100172,2.8305884781048216,51.98728967211222,897.8257169872077,125.09323093428806,10.741787977552498,2.793196829914251,6731.178885813991,2.1123481124995305,37.69644691614045,0.0,0.0,nan,nan,3426.0,1.0,26.53754284399528,0.0,0.0,nan,nan,3760.0,1.0,24.18021855944889,808.2631917678798,101.58723057509931,6.893017331238402,2.6526462239562325,4683.023688187515,2.5486897389079033,66.58501266456038,121.22876592005913,8523051.619564146,1.6190977880460953,247400.57863001822,5877.17198410226,0.6005095654136896,nan
16d23m11pt21592114s-24d39m05pt98635988s,16.38644886698423,-24.65166287774384,0.21583278800078065,18.3707180856151,0,0,0,nan,nan,nan,nan,1.9704955392239176,0.054568449654390054,41.032810180704026,7.691436057492876,0.23,a141,10428.912528217175,108.26484810393528,10.011398638033938,0.2838775825470856,5006.831461153464,2.3475779894221085,56.977012058948986,3845.802586204098,105.87088518763792,3.4723290796396387,0.26521875966955094,4958.9353738211,2.3035172219939177,56.34152919357064,0.0,0.0,nan,nan,3726.03,1.0,24.400668213494743,0.0,0.0,nan,nan,3728.82,1.0,24.382410999599827,17687.108224661108,340.80060492275055,28.033472803355412,1.0346354918990182,6562.757716987525,2.28681405928273,42.231929383463275,7244.226048866565,185.31047864953334,8.207687450625892,0.6021797961839337,4861.39836120309,2.1990238584242023,54.593136106338505,1713.3885846058085,250.9741686163972,1.290166140317649,0.6693680116494802,4340.270572555006,1.077926988916275,24.04297116440214,1424.6575620145804,179.6835696877571,0.8561690532599514,0.43140375977408374,4101.948947022061,1.9279998360021346,55.75806978075645,0.0,0.0,nan,nan,3968.8183051250953,0.4999617834394905,nan,0.0,0.0,nan,nan,3879.06,0.4999617834394905,nan,0.0,0.0,nan,nan,3835.4,1.0,23.704860453545347,0.0,0.0,nan,nan,4363.640985243872,4.766810051529389,137.57857259025903,0.0,0.0,nan,nan,3868.75,1.0,23.500516131444996,1486.145524988455,1483.7491175545292,1.6195667697571496,3.0870642162678714,6583.337534824837,1.7430593909138696,30.86959761789041,0.0,0.0,nan,nan,6546.89205528625,0.4999617834394905,nan,4094.9765440934366,300.0302950329128,6.746413243439562,0.924548840206084,6716.409463953749,2.4200890311081,43.91195735792002,2239.6318602143997,386.7061456688684,3.4962571502339554,1.1267333319160147,6730.713887514058,1.8694009095360793,32.78631844763515,0.0,0.0,nan,nan,3426.0,1.0,26.53754284399528,0.0,0.0,nan,nan,3760.0,1.0,24.18021855944889,0.0,0.0,nan,nan,4687.381129864083,4.681455246385355,125.7653890562398,613.7918831142646,1478.8112878299119,0.8927273501682468,4.676450291836357,5875.357251453249,0.9247531571730931,13.093503655126964
16d22m47pt01172308s-24d38m29pt78582689s,16.379725478634004,-24.641607174134943,0.6857187455461295,29.9702848075513,0,0,0,nan,nan,8.099658977125904,0.00010355510937390221,8.616318533135509,0.2931472270735199,62.288833791939915,13.61910067652077,0.23,a141,6666.947237481129,188.9563504697348,31.76801566565294,2.459317709344425,5006.815945929303,2.1671337312500487,52.1504537990753,2558.8602459766216,163.74424605090093,19.094521808106954,3.3901985250127784,4958.914120850617,2.2937993292709566,56.07960110919034,4404.1886633466665,194.3296795683197,12.981450368306898,2.884619795661317,3726.394256053893,2.2080976451139476,71.55431934642176,8050.972104615019,312.8418614266677,23.775976996278146,4.643808544261179,3729.1421494563797,2.2080976451139476,71.50078054568145,0.0,0.0,nan,nan,6562.8,1.0,13.853480493619768,2516.2681913443207,68.26368633625952,21.385212731291638,1.6639279985096864,4861.459337717168,2.6638487410611944,67.3100824638439,0.0,0.0,nan,nan,4339.422995673356,2.859802344518514,81.32932486659753,1706.32081219475,83.14887295638796,8.673623220949986,1.6891478154992854,4101.335320117939,2.2703312007790646,67.03382143863686,0.0,0.0,nan,nan,3970.6722785760257,5.242704389795641,166.6145877063019,513.2644573292564,390484.72290922806,2.088383614949253,7186.124192977954,3889.051476117161,0.5156437311269845,nan,0.0,0.0,nan,nan,3834.3228121000075,4.510691594950442,147.91148615838014,0.0,0.0,nan,nan,4361.369730897106,0.4999617834394905,nan,959.5781939832061,88.35986763877595,3.8447784379974577,1.6222367940609157,3868.3849269363573,2.8058292932359534,89.41271382119798,0.0,0.0,nan,nan,6583.45,1.0,13.810026928666252,0.0,0.0,nan,nan,6548.05,1.0,13.88468655302385,0.0,0.0,nan,nan,6716.44,1.0,13.536579167464883,0.0,0.0,nan,nan,6730.82,1.0,13.507659064352907,506.06167477036985,82.45151037696922,1.783188862548402,1.847692259212116,3427.0268459225813,2.0569713968709915,71.87487413638917,0.0,0.0,nan,nan,3763.864937645939,7.6803468806790445,258.96712427519833,178.84480843653276,104.40664549670355,1.0411785730669159,1.8585854970085554,4686.487228999006,1.0776081924330512,22.260200848569117,0.0,0.0,nan,nan,5875.62,1.0,15.473706908126772
STACK,0.0,0.0,0.349305677067195,nan,0,0,0,nan,nan,nan,nan,nan,nan,87.4613261219481,20.686107988255227,0.23,a141,8103.68969625477,454.9745627932378,0.60545333748303,0.09284925472922326,5006.792027459553,0.9038820862722932,14.540355292355116,878.1414422818228,790.6817280945756,0.06593768857286691,0.1645138747987678,4962.846696832346,0.4999617834394905,nan,5156.24127830405,615.4334085696457,0.1528833007187405,0.0920480421349452,3724.040677670804,2.2565228750401265,73.29679875207563,0.0,0.0,nan,nan,3731.544445596779,0.4999617834394905,nan,0.0,0.0,nan,nan,6562.8,1.0,13.853480493619768,0.0,0.0,nan,nan,4861.532983681823,7.129419113221625,185.8054785103859,0.0,0.0,nan,nan,4341.406081749096,1.900022266220433,51.809619938238306,0.0,0.0,nan,nan,4101.200956205368,5.334747212657581,164.1490891193876,3274.8945284637193,1706717.9734576019,0.11944251212587254,268.1936427949504,3968.8899568757224,0.5002526106213857,nan,3792.8796168401095,3381257.4811936864,0.13181354543421095,530.7712833440507,3891.2031279906864,0.5019404212909206,nan,0.0,0.0,nan,nan,3836.11137175832,2.78107625075053,89.34146706731379,5229.500285994955,1630.9994936534913,0.26207564862565597,0.2877126152557638,4353.613193100645,9.99923566878981,291.0428046557292,0.0,0.0,nan,nan,3869.0728043308345,5.588444445608915,182.45226906965038,0.0,0.0,nan,nan,6583.45,1.0,13.810026928666252,0.0,0.0,nan,nan,6548.05,1.0,13.88468655302385,0.0,0.0,nan,nan,6716.44,1.0,13.536579167464883,0.0,0.0,nan,nan,6730.82,1.0,13.507659064352907,0.0,0.0,nan,nan,3425.8140348432757,3.0140263887121748,108.9387195865773,0.0,0.0,nan,nan,3758.0064830158926,4.814726064181342,161.2900475543864,0.0,0.0,nan,nan,4686.597261337251,9.412593866012221,255.0324076556602,0.0,0.0,nan,nan,5875.62,1.0,15.473706908126772
22d58m24pt2009025s-13d37m11pt13269827s,22.97338913958469,-13.619759082851651,0.25052987136696747,31.519476715815284,0,0,0,nan,nan,nan,nan,nan,nan,84.1798366847575,14.52170822170802,0.2048,a209,14154.379776787791,399.6880763745306,84.24884758167126,6.49806417350553,5006.818768476981,5.227477896319969,131.72324064906917,0.0,74.90903127374936,nan,nan,4958.91,1.0,18.334194769319836,0.0,0.0,nan,nan,3726.03,1.0,24.400668213494743,0.0,0.0,nan,nan,3728.82,1.0,24.382410999599827,0.0,0.0,nan,nan,6562.654519241906,7.38470374737682,142.60900415074116,0.0,0.0,nan,nan,4863.442060381523,4.595066890738697,118.93264057171957,0.0,107.66719032882114,nan,nan,4340.46,1.0,20.94654063936261,0.0,0.0,nan,nan,4101.52268334294,4.743702281947756,145.6239071052677,0.0,0.0,nan,nan,3970.5855326599562,4.3037953045791895,136.17379656388465,0.0,0.0,nan,nan,3886.013970548908,6.348917908493697,206.56759520402883,0.0,0.0,nan,nan,3836.567604513769,5.631651328886255,185.4842304758774,0.0,0.0,nan,nan,4362.526452218865,3.7236787693117233,106.71279120012983,2724.92460442206,352.87200767540776,12.249648135187888,7.2627616915163635,3869.6677024334194,1.3954806643831434,39.72616770199345,0.0,0.0,nan,nan,6583.424319927695,5.416432427879606,103.86407000693795,351.90365047946455,95.87396724602507,12.362773254594634,6.470264749513934,6544.59490066676,1.3844005126195738,23.221846002442387,1201.7076958030214,451.844832954735,711.6967241464289,500.8728236655301,6711.829930447252,9.99923566878981,189.07053077254085,62.54319893534976,140.9800772203213,2.0620569825467054,8.675122859321565,6730.961007169749,0.4999617834394905,nan,0.0,0.0,nan,nan,3426.0,1.0,26.53754284399528,0.0,0.0,nan,nan,3760.0,1.0,24.18021855944889,132.38830158850317,390.75183286484787,1.1490260689272163,10.389594535198107,4681.625727072437,0.4999617834394905,nan,0.0,0.0,nan,nan,5875.548025147388,4.635370688828298,99.28517395005353
22d58m00pt12367413s-13d36m18pt73309771s,22.966701020591856,-13.605203638253256,0.5908839375978314,36.21311766742793,0,0,0,nan,nan,nan,nan,nan,nan,110.2362720293507,25.698827003657577,0.2048,a209,2987.6865195586297,77.79961944827483,42.893561619673164,3.0509588477904357,5006.732420356203,1.1031616667052133,21.67984709113611,0.0,0.0,nan,nan,4959.729088714225,3.239005261325844,81.1898676557008,0.0,0.0,nan,nan,3725.750632200695,4.107772518437683,138.30054295302318,0.0,0.0,nan,nan,3730.24677701886,9.99923566878981,340.5583738828702,0.0,0.0,nan,nan,6562.8,1.0,13.853480493619768,0.0,0.0,nan,nan,4859.205587140524,1.4279375740739997,32.59375418517415,0.0,0.0,nan,nan,4337.08239554307,3.2528820946373607,93.17502748512065,0.0,0.0,nan,nan,4101.635914551525,4.447583710615078,136.32430428148524,185.49122452564367,382.6429853539422,2.6558763459690766,23.5791550814929,3970.7374614630144,0.4999617834394905,nan,0.0,0.0,nan,nan,3889.0061039910065,4.563897983017491,147.63349225860338,157.19778519558855,124.29679169547103,1.77151927962236,6.560874602538616,3834.1322183265524,0.4999617834394905,nan,0.0,0.0,nan,nan,4363.604604321244,9.99923566878981,291.0428046557292,516.7476813387333,2.5633610588171182e+25,4.214088822915412,9.567738113438295e+23,3870.1811288196586,0.4999617834394905,nan,0.0,0.0,nan,nan,6583.45,1.0,13.810026928666252,0.0,0.0,nan,nan,6548.05,1.0,13.88468655302385,0.0,0.0,nan,nan,6716.44,1.0,13.536579167464883,0.0,0.0,nan,nan,6730.82,1.0,13.507659064352907,9035.224772355616,1311.9843978243068,18.797699859358953,17.38265566198387,3425.479006408045,9.99923566878981,370.65991701749095,0.0,0.0,nan,nan,3759.448914659035,7.636547069822048,257.47786903477163,0.0,0.0,nan,nan,4685.375313037014,3.8794342614160477,103.67431926529729,0.0,0.0,nan,nan,5876.044003830832,5.665780827711356,121.82288861348344
22d58m06pt50286053s-13d36m36pt13305433s,22.968473016813828,-13.61003695953594,0.20058098305205618,20.872357183399544,0,0,0,nan,nan,nan,nan,0.9467924713350114,0.022716105969763263,40.961967513839845,5.175040570872774,0.2048,a209,14644.831324942406,266.63857642640426,3.79985720554742,0.18896891069316116,5006.855851321377,3.000602922275091,74.19187434331835,4474.798668847309,283.19114357129064,1.1363569801199425,0.19952638243816428,4959.035644860696,3.183098184268376,79.71919135529599,0.0,0.0,nan,nan,3726.03,1.0,24.400668213494743,0.0,0.0,nan,nan,3728.82,1.0,24.382410999599827,54225.01839404688,1446.3809323107866,18.528488188521273,0.9466086319161057,6563.038629475888,3.309584301510917,62.749338160623665,20194.108606324626,256.8564261325533,5.226521289464113,0.1906658007313659,4861.418526735113,2.785307277878426,70.60142093713746,5302.3611893495545,336.2177871098516,1.298156806159367,0.2915568858826445,4340.277386650128,1.7302806190316713,46.412311404669985,911.1004680043419,494.00020995727505,0.19956421541263797,0.43235135879059805,4101.666144169028,0.4999617834394905,nan,0.0,0.0,nan,nan,3967.6223449200197,0.4999617834394905,nan,0.0,0.0,nan,nan,3889.06,1.0,23.37778840736009,0.0,0.0,nan,nan,3835.4,1.0,23.704860453545347,0.0,0.0,nan,nan,4363.36470420288,1.4762074367012508,37.922408108646565,0.0,0.0,nan,nan,3868.75,1.0,23.500516131444996,6983.976821445772,4402.5698587406,1.8383178000351927,2.21230928004868,6583.714491287239,2.2591069957062975,41.53629276135709,0.0,0.0,nan,nan,6549.257019415053,0.4999617834394905,nan,10687.725286305667,847.3651636693883,3.89622490576317,0.5777772482398496,6716.595593817197,3.1800026042662557,58.79845525203337,6875.781788242393,1122.0955287537176,2.4589655823071537,0.7489552691227913,6730.986219341858,2.938380435824002,53.97790279589559,0.0,0.0,nan,nan,3426.0,1.0,26.53754284399528,0.0,0.0,nan,nan,3760.0,1.0,24.18021855944889,1630.4710327620282,265.1593106702919,0.3636373288920744,0.18103722379982873,4683.490684849844,2.576030336635002,67.35723308681142,2069.1761285849484,163.41519843245587,0.6686704599040042,0.11479864796106258,5876.18198673026,2.6726829922694315,55.88891646211825
STACK,0.0,0.0,0.3473315973389517,nan,0,0,0,nan,nan,nan,nan,10.773587392924766,558410.1875344618,120.92435193160352,22.618588655693443,0.2048,a209,12213.255896293156,561.5927838039224,3.3248389293256735,0.41759755339008126,5006.764652068916,4.743209472469874,119.28611945491322,0.0,0.0,nan,nan,4960.510963453113,9.99923566878981,256.08064588829484,0.0,0.0,nan,nan,3726.03,1.0,24.400668213494743,0.0,0.0,nan,nan,3728.82,1.0,24.382410999599827,0.0,0.0,nan,nan,6562.764877977672,4.920609545645005,94.48287638273526,1133.6294449436452,58757608.57159275,0.28505269193562177,42364.46414419465,4862.1494935217015,0.6019879053681467,nan,2002.4041045922231,12486938.565621339,0.3879532694470688,8568.643193817905,4340.357767641027,0.6325039671497465,nan,0.0,0.0,nan,nan,4100.719459814324,6.325148370346926,195.11499683666753,19160.111477709175,3216.296923929324,3.942360811453801,2.851031273245574,3969.0360777688047,9.99923566878981,319.8627926142355,0.0,0.0,nan,nan,3888.635333524395,8.659273433391698,282.5375114047419,0.0,0.0,nan,nan,3834.9557844855417,3.4947985743011074,113.65358187413857,6137.362808496913,1186.0254035142502,1.2476246334860344,0.8464872892057761,4359.135510566308,9.485878665823401,276.0251870699277,5382.50278424792,13815.351234167754,0.9465479947373098,11.124529606778614,3869.50078698958,0.8546984131264017,16.138319885639305,1471.953855929601,366.6054699423143,0.586534292537253,0.27897125758929775,6581.68358748662,3.9131446171056017,74.45144109877376,2410.409541304964,1474.6679075761058,0.9450077439554893,1.111432233725868,6540.082677305087,9.99923566878981,193.93267853817915,0.0,0.0,nan,nan,6716.406894997078,4.434402218216743,83.00023640366635,1612.9826174271948,848.0415336491329,0.6994501781586766,0.6860396535615039,6733.929668283873,5.80463517864666,108.99054612284235,0.0,0.0,nan,nan,3426.0,1.0,26.53754284399528,0.0,0.0,nan,nan,3760.0,1.0,24.18021855944889,0.0,0.0,nan,nan,4685.394581000716,0.4999617834394905,nan,0.0,0.0,nan,nan,5875.229201349351,8.586515942427159,185.4292644407764
0d47m35pt7414972s-6d05m45pt46070142s,0.7932615269987924,-6.0959613059510875,0.40356436459876277,23.516597051555127,0,0,0,nan,nan,nan,nan,18.34413584590194,5.809895313390459,71.21886884174728,16.349357794649926,0.234,a2697,3988.9926538417167,64.98208316839337,91.30362943475343,4.062611126529947,5006.839148133549,2.005502532709892,47.78725643463929,141.87351438114544,84.37067112797378,1.5086858750338217,2.488326363069314,4960.1552060915465,1.4945932385722889,33.902069014347795,0.0,0.0,nan,nan,3725.8393172074752,5.9284884732109315,201.14625991669564,0.0,0.0,nan,nan,3728.523119445392,3.085812782665918,102.60991002149609,0.0,0.0,nan,nan,6562.520512789722,0.4999617834394905,nan,225.18728616729544,71.0839220183381,5.0124701777350955,4.547190876912973,4855.689550963157,2.048056436291737,50.405129709215934,283.8931760980184,66.0734783999189,22.330267520419525,18.39782357467272,4341.477706785064,0.9944982779797321,20.71997210438534,609.9371448035231,116.49351930090218,6.073739644709965,4.6280753783563116,4104.487884303846,2.8112365792373124,84.50733513028088,0.0,62.44260744512954,nan,nan,3970.08,1.0,22.900702702093618,0.0,0.0,nan,nan,3888.4982473509667,4.080792793357396,131.6065707711808,0.0,0.0,nan,nan,3831.9760385499812,5.588815628844737,184.05116714215688,0.0,0.0,nan,nan,4361.953154878922,5.5276911842701795,159.98900525592637,1527.9356442147334,190.25672089653818,139.41315142152234,79.4859156356135,3869.536640421949,6.778844466609626,221.8809819153023,18.666888725031686,187.81559642605293,0.3880037392493251,7.453128296047754,6583.405961855005,0.4999617834394905,nan,347.7192066656473,82.92636439491024,13.746608396001934,6.294265010793665,6548.091314060789,1.5059370975163218,25.92376808470854,0.0,0.0,nan,nan,6716.44,1.0,13.536579167464883,0.0,0.0,nan,nan,6730.82,1.0,13.507659064352907,229.18837621195667,0.0,2.1498186287172847,0.0,3423.43698525485,0.4999617834394905,nan,835.4015580936208,14098700.995428685,5.09698226575754,424148.9703793827,3756.950233685972,0.5604893713594409,nan,0.0,34.59111136224426,nan,nan,4685.68,1.0,19.403292965701418,172.02573702215034,74.82661420176892,8.482243891102083,8.031116363190925,5869.9906538552705,1.1321807475104742,19.280848593249267
0d47m48pt01092374s-6d05m28pt46077468s,0.796669701037554,-6.091239104079102,0.636493019604309,5.757052238071843,0,0,0,8.737245876232654,0.0,8.194216460660773,4.487078740944797e-05,9.34684105154491,0.29342762983932913,50.442793430092024,14.182920357225328,0.234,a2697,18342.768660540885,68.24873114911351,18.176749889907224,0.18472790563508096,5006.840834445676,1.7061578651961724,39.563471126068784,6172.784618032881,89.03133378757333,6.295586619562051,0.25193775875344065,4958.924971485399,1.7981981248530818,42.52365054994582,4359.128474228522,106.39051998493038,2.732583602124368,0.3359585599918988,3726.0091038026912,1.6836752121110488,52.31979523028367,6417.408417895022,133.62000423887005,4.030920483279635,0.421943460907614,3728.881789659576,1.6836752121110488,52.28064820020646,0.0,0.0,nan,nan,6562.8,1.0,13.853480493619768,3775.830783477803,116.50194399291375,4.206492539599995,0.3722564704818713,4861.371327364013,1.8034392727729245,43.52618711699272,2185.848799375212,63.61464499085943,1.9143725990705724,0.19732923149516468,4340.3598773307995,1.8542161242411976,50.361610546177126,1251.8394210932784,50.881327147908294,1.007479578360665,0.16363694661317896,4101.488238052665,2.094953179418254,61.28624229314098,744.8375528380597,75.14481076179464,0.6066342173497835,0.26390666894784565,3967.487954972221,1.2241567950879033,32.20435165392934,0.0,0.0,nan,nan,3888.107811255905,5.686648518778757,184.73926975163056,0.0,0.0,nan,nan,3829.647593186112,0.4999617834394905,nan,348.6968479733355,879396.1802210708,0.29090044560440836,2570.6612486351783,4363.412061091764,0.5168278941495127,nan,1692.2004200527167,122.80409121045744,1.346209896620447,0.4475338055983583,3868.8073746476443,1.6826668009224734,50.35320412650667,0.0,0.0,nan,nan,6583.45,1.0,13.810026928666252,0.0,0.0,nan,nan,6548.05,1.0,13.88468655302385,0.0,0.0,nan,nan,6716.44,1.0,13.536579167464883,0.0,0.0,nan,nan,6730.82,1.0,13.507659064352907,255.4780357811572,214413.68032214537,0.1390770985918311,741.8096938157773,3427.8196912486587,0.4999617834394905,nan,818.4189937801627,66.59956848575254,0.523425349322099,0.20977464772622065,3758.698904152189,1.4921435978326003,44.6181533713262,1355.3459761042184,469.4712072075178,1.467562774940182,1.5494444112296206,4694.811977830021,9.99923566878981,271.0131455203778,0.0,0.0,nan,nan,5875.62,1.0,15.473706908126772
0d48m10pt33722465s-6d05m57pt46071002s,0.8028714512914789,-6.099294641672274,0.5081774652974029,32.12194215369499,0,0,0,7.095072338760323,0.1412752961965077,5.314171471501147,0.04156739585622021,8.023032852476433,28670.194382451555,68.55395242896883,21.11542387913887,0.234,a2697,1761.5583930657979,82.72286268633098,25.226101461833178,3.2356572480992773,5006.860223559952,1.9313368870459533,45.769475704569665,939.1369639242889,76.59640933620571,19.00872888086018,4.301322269918005,4959.104787754279,1.7443758191806498,41.01938511745206,844.6056493678326,1696.286682561901,13.016716969101463,131.74659929854906,3725.403836527263,4.224626336900394,142.35076792742342,2017.5833431404958,2977.9813681478568,31.151239847683033,231.29281274281496,3728.029768075795,4.224626336900394,142.2442573845392,0.0,0.0,nan,nan,6562.8,1.0,13.853480493619768,693.3642740577019,2477727.3862455958,10.770468955377615,110423.54794079154,4860.490368831173,0.5124781526497829,nan,0.0,0.0,nan,nan,4336.621863580239,0.4999617834394905,nan,23.705574012205194,158.2668892708946,0.5636400667096678,15.034196367006757,4101.897063451465,0.4999617834394905,nan,0.0,0.0,nan,nan,3969.1413619203554,9.99923566878981,319.8627926142355,0.0,41.244549646109064,nan,nan,3889.06,1.0,23.37778840736009,358.62144571294334,65.2793710709417,3.174539431183496,2.7121007335565808,3830.9997459108304,1.2939449564889587,36.1228491150013,0.0,37.738461902976795,nan,nan,4363.21,1.0,20.83732430562082,0.0,0.0,nan,nan,3868.923630947949,0.6385914491141975,nan,0.0,0.0,nan,nan,6583.45,1.0,13.810026928666252,0.0,0.0,nan,nan,6548.05,1.0,13.88468655302385,0.0,0.0,nan,nan,6716.44,1.0,13.536579167464883,0.0,0.0,nan,nan,6730.82,1.0,13.507659064352907,0.0,0.0,nan,nan,3425.6853367749636,7.213353964361549,266.78306424130005,126.6894321410385,93.59265621434339,2.671744031269437,9.726141684616206,3757.883759088729,0.4999617834394905,nan,0.0,0.0,nan,nan,4686.399036353664,2.4402862159307297,63.51631730182846,0.0,0.0,nan,nan,5875.964136628419,3.012854520812849,63.494689394980945
STACK,0.0,0.0,0.5160782831668249,nan,0,0,0,nan,nan,nan,nan,nan,nan,80.91647670383436,13.090918218671337,0.234,a2697,4629.998924424128,120.42947706508618,5.2288980142130494,0.37149144467851614,5006.839746768578,2.0262327438169954,48.34934596407597,0.0,0.0,nan,nan,4963.249753622213,2.527057606517929,62.338483355671535,0.0,0.0,nan,nan,3725.642698618571,4.205835756561549,141.69969545374659,0.0,0.0,nan,nan,3728.1025473668196,4.655593268928598,157.145217252476,400.6006530767887,612.0935126790552,0.49357935538890185,1.445675408168419,6557.841913070023,9.99923566878981,193.49681168128302,0.0,0.0,nan,nan,4860.719304069731,4.110652067037455,106.07879026848342,0.0,0.0,nan,nan,4336.377494650743,1.2699796126175895,31.080482150064107,0.0,0.0,nan,nan,4102.111378883878,1.8571619246846254,53.39149627909673,0.0,0.0,nan,nan,3970.142310098817,4.992743369017195,158.52289200908058,0.0,0.0,nan,nan,3887.7455265632007,3.3618452262514333,107.63943779470677,0.0,0.0,nan,nan,3835.749040718948,1.7709186337736056,53.995774492626296,0.0,0.0,nan,nan,4362.538174214397,5.15439312218365,149.00199231505545,1578.713941909616,154.28746331132024,1.4193661643754472,0.6384861448150408,3861.2724142464804,2.1556114416912724,67.09105166395446,71.24776298942349,5.440471229187236e+25,0.08861796626682128,1.2919180067244002e+23,6583.33437758995,0.4999617834394905,nan,816.1854003541097,202.29364359389126,1.045162042631244,0.49735337862187506,6548.055261837835,2.4295558593322113,45.23344262321811,0.0,0.0,nan,nan,6716.44,1.0,13.536579167464883,0.0,0.0,nan,nan,6730.82,1.0,13.507659064352907,0.0,0.0,nan,nan,3426.4788058029535,4.152407458831255,152.09511801997166,1375.1226694831357,183.6259896233294,1.2332424052365392,0.8116061916349038,3757.6821440785825,2.01911057576846,64.12526452135845,222.76720766226896,1.4325486083715155e+67,0.21883947172628226,4.3050012617935907e+64,4685.384151583717,0.4999617834394905,nan,0.0,0.0,nan,nan,5876.327641732252,0.4999617834394905,nan
10d32m29pt62604642s-28d32m14pt41093398s,10.541562790672964,-28.537336370549756,0.4411378881620249,16.823808463454398,0,0,0,8.898406777911765,0.0066572674603088645,8.371484329676388,0.0003696089890638445,42.93010853981738,6.987347608760763,95.4527143799234,19.983777483305015,0.1075,a2811,15712.5008759556,274.11314235246545,23.065836667634066,1.0991260275559187,5006.7898518506445,4.2191868426348265,105.79547372584656,0.0,0.0,nan,nan,4958.722000956869,4.6752239324653235,118.67406881289052,0.0,0.0,nan,nan,3725.5348827248176,5.022924235437618,169.9473675599052,852.9778819242916,114.28881579272183,1.0287158011054722,0.6913984880677413,3732.0925733152817,2.744219872004673,90.59428391526461,0.0,0.0,nan,nan,6562.8,1.0,13.853480493619768,385.87087993303174,62.422572115353745,0.6460157853802841,0.2996278647693759,4862.441040672147,1.6707975117980005,39.73007953150609,0.0,0.0,nan,nan,4344.645410785731,4.763411465066098,138.1988968267989,0.0,0.0,nan,nan,4100.7537006213015,3.621796275543224,110.29428782327824,0.0,0.0,nan,nan,3970.2135798262007,2.168958377423166,65.83102082981866,0.0,0.0,nan,nan,3892.134004181302,8.8763650719818,289.66686534819956,0.0,0.0,nan,nan,3834.7204099444834,5.102132661855193,167.7558621518236,989.2113925650785,185.7371635966592,1.4193773389437463,0.9346688840655089,4361.490588058008,8.82350646832917,256.6416086542986,3798.2421235821957,755.7690999994593,4.587657953689681,4.1677054738516155,3874.0976667056566,9.99923566878981,328.2406140748108,0.0,0.0,nan,nan,6583.45,1.0,13.810026928666252,0.0,0.0,nan,nan,6548.05,1.0,13.88468655302385,0.0,0.0,nan,nan,6716.44,1.0,13.536579167464883,0.0,0.0,nan,nan,6730.82,1.0,13.507659064352907,1403.8116523815418,107.16450761988665,1.3499507430007025,0.6567610744853417,3424.6175557852016,1.3620055149154158,43.41615261800589,0.0,0.0,nan,nan,3760.22839637429,1.6191020429527283,49.432995575467835,136.07892304751272,394.3810888150633,0.19758343363956343,1.7525890246887237,4684.097169139468,0.4999617834394905,nan,0.0,0.0,nan,nan,5875.6725519020265,2.7287931543102295,57.147706703271766
STACK,0.0,0.0,0.4411378881620249,nan,0,0,0,8.905386406737216,0.0068412693732169925,8.371246999825965,0.000363034058097084,42.93010853981738,6.987347608760763,95.4527143799234,19.983777483305015,0.1075,a2811,15712.5008759556,274.11314235246545,23.065836667634066,1.0991260275559187,5006.7898518506445,4.2191868426348265,105.79547372584656,0.0,0.0,nan,nan,4958.722000956869,4.6752239324653235,118.67406881289052,0.0,0.0,nan,nan,3725.5348827248176,5.022924235437618,169.9473675599052,852.9778819242916,114.28881579272183,1.0287158011054722,0.6913984880677413,3732.0925733152817,2.744219872004673,90.59428391526461,0.0,0.0,nan,nan,6562.8,1.0,13.853480493619768,385.87087993303174,62.422572115353745,0.6460157853802841,0.2996278647693759,4862.441040672147,1.6707975117980005,39.73007953150609,0.0,0.0,nan,nan,4344.645410785731,4.763411465066098,138.1988968267989,0.0,0.0,nan,nan,4100.7537006213015,3.621796275543224,110.29428782327824,0.0,0.0,nan,nan,3970.2135798262007,2.168958377423166,65.83102082981866,0.0,0.0,nan,nan,3892.134004181302,8.8763650719818,289.66686534819956,0.0,0.0,nan,nan,3834.7204099444834,5.102132661855193,167.7558621518236,989.2113925650785,185.7371635966592,1.4193773389437463,0.9346688840655089,4361.490588058008,8.82350646832917,256.6416086542986,3798.2421235821957,755.7690999994593,4.587657953689681,4.1677054738516155,3874.0976667056566,9.99923566878981,328.2406140748108,0.0,0.0,nan,nan,6583.45,1.0,13.810026928666252,0.0,0.0,nan,nan,6548.05,1.0,13.88468655302385,0.0,0.0,nan,nan,6716.44,1.0,13.536579167464883,0.0,0.0,nan,nan,6730.82,1.0,13.507659064352907,1403.8116523815418,107.16450761988665,1.3499507430007025,0.6567610744853417,3424.6175557852016,1.3620055149154158,43.41615261800589,0.0,0.0,nan,nan,3760.22839637429,1.6191020429527283,49.432995575467835,136.07892304751272,394.3810888150633,0.19758343363956343,1.7525890246887237,4684.097169139468,0.4999617834394905,nan,0.0,0.0,nan,nan,5875.6725519020265,2.7287931543102295,57.147706703271766
10d51m12pt20802915s-20d36m51pt92323091s,10.853391119208057,-20.6144231196972,0.6430103527409736,24.72105661161585,0,0,0,nan,nan,8.106130952302088,0.0023379744783987464,12.968516228563658,5.316115979372559,146.44400911998704,27.215274936146727,0.2924,a2813,34082.62125816577,14915.10038456225,0.6047364256634167,0.7220369477335323,5010.31080179196,9.99923566878981,253.6292103805842,21158.245654185608,15526.399590518127,0.3612687724949048,0.7360001090579611,4957.111620883436,9.99923566878981,256.08064588829484,32083.750033359694,6561.71697134022,0.44391765100159863,0.45894134826109717,3721.03,4.8270302200299895,163.18542831504905,31836.469815109172,6678.474317821403,0.44391765100159863,0.4671076215471145,3732.1086834139396,4.8270302200299895,163.06332873797132,0.0,0.0,nan,nan,6562.8,1.0,13.853480493619768,9188.490391704438,3303.010643883481,0.15042635062680612,0.15545400063484,4854.71418169042,9.99923566878981,261.2208748844296,0.0,0.0,nan,nan,4341.5529502296085,0.4999617834394905,nan,2530.0497904436806,1230.6858797739005,0.04151634399420483,0.08071066571466418,4101.241103146322,2.2095089975908455,65.04645235647723,82340.8259644319,20288.679682136273,1.131536994417814,1.195083849134307,3977.59691557344,9.99923566878981,319.8627926142355,0.0,0.0,nan,nan,3889.530568747212,0.4999617834394905,nan,72884.42340208692,18317.371113166206,1.1218165786351495,1.310967171661659,3845.4,9.99923566878981,331.09476865566154,73404.44899384966,14894.279513766485,1.3184229646584384,0.9337669304004402,4371.7805581873445,9.99923566878981,291.0428046557292,77901.68491946958,6208.515790246618,1.1507239956471937,0.4216417283187333,3863.076171379341,9.99923566878981,328.2406140748108,0.0,0.0,nan,nan,6583.45,1.0,13.810026928666252,0.0,0.0,nan,nan,6548.05,1.0,13.88468655302385,0.0,0.0,nan,nan,6716.44,1.0,13.536579167464883,0.0,0.0,nan,nan,6730.82,1.0,13.507659064352907,0.0,0.0,nan,nan,3425.859685911226,4.524346338929655,166.10022019398843,19613.43563122475,4363.145669612352,0.3004783583951047,0.328590341614354,3761.4223829480566,3.6611936801858627,121.67776612686444,0.0,0.0,nan,nan,4683.507053507043,9.99923566878981,271.0131455203778,0.0,0.0,nan,nan,5875.62,1.0,15.473706908126772
STACK,0.0,0.0,0.6430103527409736,nan,0,0,0,nan,nan,8.105748590806394,0.0020854027902537683,12.968516228563658,5.316115979372559,146.44400911998704,27.215274936146727,0.2924,a2813,34082.62125816577,14915.10038456225,0.6047364256634167,0.7220369477335323,5010.31080179196,9.99923566878981,253.6292103805842,21158.245654185608,15526.399590518127,0.3612687724949048,0.7360001090579611,4957.111620883436,9.99923566878981,256.08064588829484,32083.750033359694,6561.71697134022,0.44391765100159863,0.45894134826109717,3721.03,4.8270302200299895,163.18542831504905,31836.469815109172,6678.474317821403,0.44391765100159863,0.4671076215471145,3732.1086834139396,4.8270302200299895,163.06332873797132,0.0,0.0,nan,nan,6562.8,1.0,13.853480493619768,9188.490391704438,3303.010643883481,0.15042635062680612,0.15545400063484,4854.71418169042,9.99923566878981,261.2208748844296,0.0,0.0,nan,nan,4341.5529502296085,0.4999617834394905,nan,2530.0497904436806,1230.6858797739005,0.04151634399420483,0.08071066571466418,4101.241103146322,2.2095089975908455,65.04645235647723,82340.8259644319,20288.679682136273,1.131536994417814,1.195083849134307,3977.59691557344,9.99923566878981,319.8627926142355,0.0,0.0,nan,nan,3889.530568747212,0.4999617834394905,nan,72884.42340208692,18317.371113166206,1.1218165786351495,1.310967171661659,3845.4,9.99923566878981,331.09476865566154,73404.44899384966,14894.279513766485,1.3184229646584384,0.9337669304004402,4371.7805581873445,9.99923566878981,291.0428046557292,77901.68491946958,6208.515790246618,1.1507239956471937,0.4216417283187333,3863.076171379341,9.99923566878981,328.2406140748108,0.0,0.0,nan,nan,6583.45,1.0,13.810026928666252,0.0,0.0,nan,nan,6548.05,1.0,13.88468655302385,0.0,0.0,nan,nan,6716.44,1.0,13.536579167464883,0.0,0.0,nan,nan,6730.82,1.0,13.507659064352907,0.0,0.0,nan,nan,3425.859685911226,4.524346338929655,166.10022019398843,19613.43563122475,4363.145669612352,0.3004783583951047,0.328590341614354,3761.4223829480566,3.6611936801858627,121.67776612686444,0.0,0.0,nan,nan,4683.507053507043,9.99923566878981,271.0131455203778,0.0,0.0,nan,nan,5875.62,1.0,15.473706908126772
36d28m16pt31991583s-41d54m50pt94375995s,36.47119997661891,-41.91415104443093,0.21927181627865866,38.97864313385986,0,0,0,nan,nan,nan,nan,0.9991571259708394,0.005694853524890017,91.86169074412354,17.256001012504985,0.2195,a3017,175760.63001286972,914.8233265550325,18.379517217876284,0.26129737734713543,5006.849814750775,4.751207319208216,119.49173022747061,59251.72941844221,404.63412575600637,6.112500743841664,0.1158213817437227,4958.834360123037,4.8827384966693925,124.05970726311826,0.0,0.0,nan,nan,3726.03,1.0,24.400668213494743,0.0,0.0,nan,nan,3728.82,1.0,24.382410999599827,519671.25071190606,26888.38055657723,28.241611217096434,2.799141443784747,6562.2888172356925,5.166844920539126,99.30624288025827,235210.6123478429,891.5954423423468,23.821335762063907,0.25902194551730023,4860.988387244218,4.507721890484858,116.61767478146024,114840.13451022953,590.4857180980063,9.236290651875123,0.1682188466085483,4340.195991747636,4.030645294133876,116.42643657865749,52473.498282944,414.0107818483254,3.5941392601196314,0.11332937089086902,4101.316181334152,3.501342679758861,106.48123552709178,20759.44545724896,631.9840781680423,1.3917651721645612,0.18247696992939913,3969.5639767173516,2.8002109409591363,86.94453477688259,0.0,0.0,nan,nan,3899.06,9.99923566878981,326.52642944617054,0.0,0.0,nan,nan,3835.4,1.0,23.704860453545347,0.0,0.0,nan,nan,4363.75395054987,9.99923566878981,291.0428046557292,0.0,0.0,nan,nan,3868.75,1.0,23.500516131444996,157553.46245245633,51412.29959721804,6.853008222574751,4.269709977715484,6582.895327592754,4.2547681201461405,81.15714168991177,0.0,0.0,nan,nan,6546.520726293978,0.4999617834394905,nan,131126.31161646065,11560.868146679606,13.287796821597595,2.191485704288235,6715.767818856511,5.506548731533805,103.52985344178194,75490.38122204207,14208.053357498435,6.891400735782838,2.421112388668519,6729.925035177243,4.816264183742025,90.12995434122375,0.0,0.0,nan,nan,3426.0,1.0,26.53754284399528,0.0,0.0,nan,nan,3760.0,1.0,24.18021855944889,2438.403102695346,263.38292414814646,0.22446990702687142,0.07420617726875262,4684.124245004216,3.070852322331871,81.23858807906365,26061.465352528165,718.9108810111289,3.8862318399632345,0.23308420795801948,5875.3350471658105,6.099994886321031,131.29864548036912
STACK,0.0,0.0,0.21927181627865866,nan,0,0,0,nan,nan,nan,nan,0.9991571259708394,0.005694853524890017,91.86169074412354,17.256001012504985,0.2195,a3017,175760.63001286972,914.8233265550325,18.379517217876284,0.26129737734713543,5006.849814750775,4.751207319208216,119.49173022747061,59251.72941844221,404.63412575600637,6.112500743841664,0.1158213817437227,4958.834360123037,4.8827384966693925,124.05970726311826,0.0,0.0,nan,nan,3726.03,1.0,24.400668213494743,0.0,0.0,nan,nan,3728.82,1.0,24.382410999599827,519671.25071190606,26888.38055657723,28.241611217096434,2.799141443784747,6562.2888172356925,5.166844920539126,99.30624288025827,235210.6123478429,891.5954423423468,23.821335762063907,0.25902194551730023,4860.988387244218,4.507721890484858,116.61767478146024,114840.13451022953,590.4857180980063,9.236290651875123,0.1682188466085483,4340.195991747636,4.030645294133876,116.42643657865749,52473.498282944,414.0107818483254,3.5941392601196314,0.11332937089086902,4101.316181334152,3.501342679758861,106.48123552709178,20759.44545724896,631.9840781680423,1.3917651721645612,0.18247696992939913,3969.5639767173516,2.8002109409591363,86.94453477688259,0.0,0.0,nan,nan,3899.06,9.99923566878981,326.52642944617054,0.0,0.0,nan,nan,3835.4,1.0,23.704860453545347,0.0,0.0,nan,nan,4363.75395054987,9.99923566878981,291.0428046557292,0.0,0.0,nan,nan,3868.75,1.0,23.500516131444996,157553.46245245633,51412.29959721804,6.853008222574751,4.269709977715484,6582.895327592754,4.2547681201461405,81.15714168991177,0.0,0.0,nan,nan,6546.520726293978,0.4999617834394905,nan,131126.31161646065,11560.868146679606,13.287796821597595,2.191485704288235,6715.767818856511,5.506548731533805,103.52985344178194,75490.38122204207,14208.053357498435,6.891400735782838,2.421112388668519,6729.925035177243,4.816264183742025,90.12995434122375,0.0,0.0,nan,nan,3426.0,1.0,26.53754284399528,0.0,0.0,nan,nan,3760.0,1.0,24.18021855944889,2438.403102695346,263.38292414814646,0.22446990702687142,0.07420617726875262,4684.124245004216,3.070852322331871,81.23858807906365,26061.465352528165,718.9108810111289,3.8862318399632345,0.23308420795801948,5875.3350471658105,6.099994886321031,131.29864548036912
2d56m01pt6186889s-15d22m59pt00637594s,2.93378296913935,-15.383057326648919,0.11341750675528006,28.98240035682802,0,0,0,nan,nan,nan,nan,4.777406573223062,1.1526109262246484,43.45323177238158,8.316258036394064,0.378,macs0011m15,3867.8835417851196,170.80582998555758,83.31190629149812,10.048741143997367,5006.921333414763,1.3849218558082714,30.385379795428314,0.0,81.98317734548522,nan,nan,4958.91,1.0,18.334194769319836,0.0,0.0,nan,nan,3726.03,1.0,24.400668213494743,0.0,0.0,nan,nan,3728.82,1.0,24.382410999599827,0.0,0.0,nan,nan,6563.202907957124,3.7939676075252264,72.33469583302629,809.6199229649538,191.26302147498563,188.4389241111514,127.83045684229481,4857.993210806893,2.194955889897244,54.480745343564024,1186.6590103728638,40687.3195644849,10.89733697282758,1322.1467208878237,4342.333431343062,0.8646572023834528,14.887685593295599,0.0,0.0,nan,nan,4101.73,1.0,22.16567686891332,0.0,0.0,nan,nan,3970.08,1.0,22.900702702093618,0.0,0.0,nan,nan,3889.06,1.0,23.37778840736009,0.0,0.0,nan,nan,3835.4,1.0,23.704860453545347,0.0,0.0,nan,nan,4363.193102762493,4.007616903517805,115.13702963509658,0.0,0.0,nan,nan,3868.75,1.0,23.500516131444996,119.80336622034315,36548296.69277482,4.156809603440154,2421374.6737270067,6582.521290770002,0.4999617834394905,nan,219.71391194574477,8.260142352153015e+124,48.55704737456247,3.507011706915328e+124,6544.22576265819,0.4999617834394905,nan,0.0,0.0,nan,nan,6716.084406918725,4.655204691461644,87.23612363803055,418.6593563064018,134.61372789134006,23.22979481058301,13.945644145811166,6728.380762253788,2.96394598183755,54.47566789863441,0.0,0.0,nan,nan,3426.0,1.0,26.53754284399528,0.0,0.0,nan,nan,3760.0,1.0,24.18021855944889,0.0,0.0,nan,nan,4682.71400889171,4.286078677924158,114.88936350271808,0.0,0.0,nan,nan,5877.197771433966,6.279197339659911,135.20659603100313
2d55m43pt77956828s-15d22m53pt40661766s,2.9288276578549586,-15.381501838238446,0.15226339045625004,26.798460078270857,0,0,0,nan,nan,nan,nan,4.6209537491805195,0.11963448097071984,63.729264753912815,16.251713148685912,0.378,macs0011m15,40225.54470700291,211.86763909181812,238.89148924113576,3.43676995189782,5006.837205867413,2.460969999504728,59.99090745343379,13697.528709656544,207.37763305134442,71.21925111734903,2.9916923097327053,4958.893513725618,2.6486500921942056,65.58108062630517,0.0,0.0,nan,nan,3726.03,1.0,24.400668213494743,0.0,0.0,nan,nan,3728.82,1.0,24.382410999599827,26475.565431815307,177.0025715023307,207.22055676096608,2.6535727466166312,6562.802726206701,2.6199611477830675,48.9763629142523,11669.25192147231,295.2209426782842,77.26888652721635,5.606895420956627,4861.291012475947,2.747468811422157,69.57715975364997,7387.902440838945,270.89459562658317,20.419274821868484,2.6519682278521963,4340.257544986981,2.6766386706028102,75.77625875108133,0.0,0.0,nan,nan,4091.7299999999996,9.99923566878981,309.59640827210086,0.0,0.0,nan,nan,3970.08,1.0,22.900702702093618,0.0,0.0,nan,nan,3889.06,1.0,23.37778840736009,0.0,0.0,nan,nan,3835.4,1.0,23.704860453545347,2316.144905774654,32777276.63869397,5.458911877527895,270760.934618649,4362.870322488102,0.6923943294644065,nan,0.0,0.0,nan,nan,3868.75,1.0,23.500516131444996,0.0,0.0,nan,nan,6583.243819255599,9.99923566878981,192.88987927331783,0.0,0.0,nan,nan,6548.119339152202,9.99923566878981,193.93267853817915,2363.263266687795,303.05703739587335,12.561195416511417,3.01278584741345,6716.688763630654,2.477236367174552,45.042366259987396,1496.740512817934,281.93177876677225,7.042264656314132,2.4756653692794153,6731.196071635714,2.338814371720769,42.20967129869225,0.0,0.0,nan,nan,3426.0,1.0,26.53754284399528,0.0,0.0,nan,nan,3760.0,1.0,24.18021855944889,506.66703997876766,115109863.15493445,2.1975864467719046,1526808.513558481,4686.228168364773,0.6208775545935048,nan,521.2787786127408,104.3542746983127,3.7164057901987166,1.6174980748160648,5875.6322921037945,2.0503653063074254,41.75707838018662
STACK,0.0,0.0,0.13284044860576505,nan,0,0,0,nan,nan,nan,nan,1.9078020953449495,0.5929785882220561,50.22927150767747,12.178174486757793,0.378,macs0011m15,2446.386563123093,705.8887106950124,5.14711727938623,4.056068304763466,5007.24379827529,1.7780780025943554,41.5606034077719,1568.4595765419172,235.53714121299956,5.9437074826381915,2.4772299688521553,4958.0389071784875,1.6806929875130072,39.22789317021532,0.0,0.0,nan,nan,3726.03,1.0,24.400668213494743,0.0,0.0,nan,nan,3728.82,1.0,24.382410999599827,0.0,0.0,nan,nan,6563.42101321281,5.222789132170454,100.40148003468077,2104.435333969526,525.0695566236245,13.019778905393423,9.317928883465838,4861.153288863486,5.601310151684069,145.539003331608,380.6786604907513,814848022.731705,1.6413438895296382,12449611.187174026,4339.328643309973,0.4999617834394905,nan,0.0,0.0,nan,nan,4101.73,1.0,22.16567686891332,0.0,0.0,nan,nan,3970.08,1.0,22.900702702093618,0.0,0.0,nan,nan,3889.06,1.0,23.37778840736009,0.0,0.0,nan,nan,3835.4,1.0,23.704860453545347,0.0,0.0,nan,nan,4359.709077803293,8.002143804263062,232.59221876887273,0.0,0.0,nan,nan,3868.75,1.0,23.500516131444996,469.18080870833694,252.71414211209262,4.473961471278311,4.601300151187089,6582.5900549113085,1.8953380705382712,34.060559830067554,520.0888601973705,251.5684917151068,6.254589262103367,5.807803341216557,6548.825131630015,1.541894561848996,26.710833230301336,541.8895934171431,247.0374938567794,4.964922342736773,4.2320298921985104,6718.850079310439,2.738291061237185,50.17972287652527,688.3041008275246,182.2425672858506,7.063445135638867,3.4913101298814118,6729.340640353403,1.7599302379578055,30.541828831496694,0.0,0.0,nan,nan,3426.0,1.0,26.53754284399528,0.0,0.0,nan,nan,3760.0,1.0,24.18021855944889,0.0,0.0,nan,nan,4686.136212962192,5.158132395303484,138.85017299979117,48.02817760734984,313.3182783745628,0.28865701388464754,4.095264942356312,5874.228045089158,0.4999617834394905,nan
4d45m34pt18986889s-40d51m43pt60755318s,4.759497185801797,-40.86211320921588,0.13365588427521424,4.651889447392343,0,0,0,nan,nan,nan,nan,4.638583282085889,0.05727480867588277,47.640250142177266,10.085231661364896,nan,macs0018m40,45443.10758002027,129.3530537272749,60.538272514339305,0.4706803878718115,5006.8348975828285,2.4941565341875163,60.870592494270895,15408.686614201197,159.1782108873355,19.858244678507823,0.5691777835368071,4958.968170723047,2.43772684126837,59.94805177606539,0.0,0.0,nan,nan,3726.03,1.0,24.400668213494743,0.0,0.0,nan,nan,3728.82,1.0,24.382410999599827,29863.245561010284,209.32632905591606,57.06595557215201,0.7661793669061832,6562.764074987195,2.4519362495610526,45.58496979279136,13118.6162872681,155.82962324377186,17.639247382713304,0.600966641773447,4861.326189267597,2.4371590428867713,61.135847174183695,5561.399190902239,250.15730580202646,5.666429532583649,0.9026281168515723,4340.643222612162,1.8728122093756625,50.950154334527596,0.0,0.0,nan,nan,4101.73,1.0,22.16567686891332,0.0,0.0,nan,nan,3970.08,1.0,22.900702702093618,0.0,0.0,nan,nan,3889.06,1.0,23.37778840736009,0.0,0.0,nan,nan,3835.4,1.0,23.704860453545347,0.0,0.0,nan,nan,4363.979368540064,0.4999617834394905,nan,0.0,0.0,nan,nan,3868.75,1.0,23.500516131444996,0.0,0.0,nan,nan,6583.574478271815,0.4999617834394905,nan,0.0,0.0,nan,nan,6548.173703387749,9.99923566878981,193.93267853817915,4047.5297383565253,341.87398393530674,7.890238917139448,1.2465622731810928,6716.339010615047,2.2367852420428846,40.268599417865204,2496.092446158528,457.97524083055816,4.535357615255076,1.5530876295629183,6730.871971048805,2.2968124760940785,41.37630885211181,0.0,0.0,nan,nan,3426.0,1.0,26.53754284399528,0.0,0.0,nan,nan,3760.0,1.0,24.18021855944889,1694.5779674322182,302.29935646254097,1.9268154327511384,1.050116111449538,4688.791336744988,5.937238386153931,160.18993763051753,1844.8771436257225,104.98162706700558,3.032870319664826,0.3752337166287047,5875.397295084892,3.3524304186719047,71.03772779531378
4d45m39pt2142948s-40d51m33pt60754707s,4.760892859665771,-40.85933542974102,0.4647039597293725,6.540986241852113,0,0,0,10.209923991320151,0.013608683808975406,8.219427473950619,8.341434556888332e-05,12.132982481420813,0.23335909398162574,52.972893215434965,10.96356190796499,nan,macs0018m40,27389.211751852763,135.42323567339992,324.574078474996,4.383435780421721,5006.83669530268,1.9702848275535816,46.83048064736008,10189.879430802604,123.47077860818837,118.57062398156421,3.986280213132528,4958.923059657202,2.103000377562816,50.91165613699249,4953.3986175984255,234.565028127148,21.431541075290895,5.111951212821828,3726.12668437766,2.049457983213677,65.81423819936036,7296.610706814323,304.8531877321153,31.631232299843273,6.643763715343987,3728.9139083761547,2.049457983213677,65.7649942764635,0.0,0.0,nan,nan,6562.8,1.0,13.853480493619768,4106.912754829344,70.75464577937234,27.68056484653942,1.3677735539622988,4861.382628537102,1.772961310032938,42.65879343524986,2145.259852608014,136.18932065163096,10.259679720492645,2.306836427779942,4340.399712496492,1.8186500123028366,49.233220797827975,835.8979681357179,86.50080304392182,3.1835201824289205,1.3158697304059945,4102.322147387134,1.152480085497354,28.41661992847738,985.8062976537232,178.7978206676046,3.053150412625023,2.3850642473774997,3969.449122655846,5.0317171166134464,159.78504832681608,830.5856294656033,2361.211390199968,2.4738928792682007,31.780406113247118,3890.502390772727,0.7564375780096226,9.38530643938182,233.9370153182197,261.25766928690325,0.6350673031791771,3.312590551821788,3838.4869622462006,0.4999617834394905,nan,428.28518093577475,126.92147723707619,1.6143474848971775,1.6769379647498985,4362.645837388067,1.2009052504519444,28.471797754411174,2851.1588471690466,113.39714979898757,8.18126089628507,1.4903518843563874,3869.040716552895,2.007959574090565,61.9313520634756,0.0,0.0,nan,nan,6583.45,1.0,13.810026928666252,0.0,0.0,nan,nan,6548.05,1.0,13.88468655302385,0.0,0.0,nan,nan,6716.44,1.0,13.536579167464883,0.0,0.0,nan,nan,6730.82,1.0,13.507659064352907,3871.6790399233314,255.91662806589397,23.67659828456334,9.937042047903981,3428.878630453314,4.016394870087563,146.9649654153359,0.0,0.0,nan,nan,3760.1721250219684,3.6398114317038255,120.94009374301375,0.0,0.0,nan,nan,4684.5363089377415,6.663194004148694,180.0374877006808,432.3094057134155,104.87531428236782,11.930229665437263,6.291966060560876,5875.864606227097,1.9598971631623376,39.66516366759488
4d45m51pt11481506s-40d51m45pt80729101s,4.764198559739286,-40.862724247501895,0.2577321594106601,16.233492546043177,0,0,0,nan,nan,nan,nan,1.9459398975695041,0.0766609115404796,81.75409956936453,17.487863873273884,nan,macs0018m40,5271.772821416564,122.63046680418213,6.482005299548114,0.41184970381499014,5006.833000132198,1.8307506706256498,43.01375657715915,2714.207076469319,181.69526191802385,3.5786956763768667,0.6645667407665015,4959.495571773875,3.5083113269585717,88.25784295287175,0.0,0.0,nan,nan,3726.03,1.0,24.400668213494743,0.0,0.0,nan,nan,3728.82,1.0,24.382410999599827,10878.757029420627,254.09471505670317,21.076360912683317,0.9428811597665119,6563.075018299417,2.886012694062388,54.31328372106908,4103.919092188017,115.97105043688136,5.2256695031703755,0.42349377561058876,4861.682746325731,2.3992988660075034,60.100002248168934,1466.256295465753,155.22460976218522,1.554258471156752,0.5825592786263484,4341.1541157025595,2.5012627680720736,70.43303756125295,201.4619409426922,368.52618975646163,0.1843833864024481,1.347094878614558,4102.480452797365,0.4999617834394905,nan,0.0,0.0,nan,nan,3970.167358273616,3.287560700157112,103.00602960409884,0.0,0.0,nan,nan,3887.8875067316008,6.420063419735468,208.91070200335787,0.0,0.0,nan,nan,3835.7652165707746,4.3653508586639544,143.02595552076562,1262.7722030294426,18460292.012330443,1.249149728355049,64038.29587130873,4361.681999670434,0.61614748563552,nan,2468.115157016849,302.4342798785913,2.0889872047195914,1.172244050284852,3869.299611600069,3.629762071320855,117.20347936210425,1075.832892618954,843.7067556018442,1.506623490726731,2.255819012136735,6583.2627125077515,1.9206248212904875,34.58620895478918,0.0,0.0,nan,nan,6547.665367859949,9.99923566878981,193.93267853817915,2771.7162750910857,297.6388659196086,5.834616536495353,1.1717980095828502,6717.0792985629805,3.1475798622000424,58.168263189838655,1804.818251313431,395.89840829623023,3.5993470327880988,1.4736333289072694,6730.68157210896,4.1948681148261935,78.23136276208942,0.0,0.0,nan,nan,3426.0,1.0,26.53754284399528,0.0,0.0,nan,nan,3750.0,9.99923566878981,337.7342754526394,0.0,63.73474858308222,nan,nan,4685.68,1.0,19.403292965701418,630.7823472623159,73.56740795060162,1.1508817150477693,0.29184547825745305,5875.243774574543,1.6008781986147258,31.195297485479863
4d45m49pt52797661s-40d51m43pt60734478s,4.763757771280492,-40.862113151328316,0.2582620629949093,13.978054358658635,0,0,0,8.090668180273873,0.13940749383071774,nan,nan,3.887822700286924,0.3359527318569076,93.11719562535393,20.175965259263535,nan,macs0018m40,3465.7422748492186,195.22453372848966,5.461878954933139,0.8403382986142608,5006.930818461058,5.381060328566085,135.6628826019589,2929.6313137112343,259.18321977161554,4.478162050282638,1.0998999110636953,4957.090106663736,9.337588447878863,239.04942256115658,0.0,0.0,nan,nan,3726.03,1.0,24.400668213494743,0.0,0.0,nan,nan,3728.82,1.0,24.382410999599827,5858.2440767512735,190.28964035028628,15.24588596786866,0.9484102060190926,6563.78437488385,2.789634106381926,52.384026806013146,1644.9756281551806,115.06262612630113,2.4724512513378833,0.495938410791753,4861.874784964994,2.2505629378468206,56.01508724988111,0.0,66.56717338731413,nan,nan,4340.46,1.0,20.94654063936261,0.0,0.0,nan,nan,4101.331160756443,4.719441662011926,144.86252387117472,0.0,0.0,nan,nan,3970.3453474450107,6.133170394951641,195.38962924177773,365.0242573710567,5.8302632233808e+90,0.393873160912598,2.8447799192485834e+88,3889.40435457051,0.4999617834394905,nan,0.0,0.0,nan,nan,3835.34609624581,4.477648110738192,146.8011071361775,2102.8169718217673,777.0004121280311,2.687701270887922,3.471251102603912,4368.788949537886,9.99923566878981,291.0428046557292,2479.7741758736797,251.54480403799363,2.847080239492991,1.3238414536950447,3867.786035627991,3.6298675722800438,117.20701753004558,328.68605006146146,671.0966432193593,0.668812629029263,2.606833714490961,6583.957863702251,0.4999617834394905,nan,0.0,0.0,nan,nan,6547.225727609429,0.4999617834394905,nan,943.4211392211009,119.71051488818064,2.3939464150666314,0.5680274606399919,6718.17445583896,1.4819921095417516,24.76005544481935,650.3581646357131,137.48396310880403,1.6961738988214905,0.6691292369492464,6731.842567436736,1.7084560924666365,29.477650547076777,0.0,0.0,nan,nan,3426.0,1.0,26.53754284399528,0.0,0.0,nan,nan,3760.0,1.0,24.18021855944889,1037.8647167703987,33334993.77297929,1.4485170286983802,142306.60042841977,4685.670110001411,0.6174501262318914,nan,1638.6662623796522,1009.0254665072896,4.005863892938425,5.357543888089221,5880.208631979519,9.99923566878981,216.12712798001303
STACK,0.0,0.0,0.278588516602539,nan,0,0,0,nan,nan,nan,nan,4.525317720936319,0.09860700810863633,38.756961354086755,8.96057631148905,nan,macs0018m40,44957.36321025573,306.3406267233699,17.59010658593145,0.32738727989480026,5006.819573969697,2.4698574957355,60.22659144332225,14258.459189024805,250.1053705894111,5.783956325058307,0.28149073528136753,4958.970993641399,2.250968114750367,54.92378341378338,0.0,0.0,nan,nan,3726.03,1.0,24.400668213494743,0.0,0.0,nan,nan,3728.82,1.0,24.382410999599827,30826.39241087397,244.6705039773182,20.0961264329519,0.30552002039694676,6562.736644282479,2.484112056192962,46.2358711803436,13085.450801679486,271.41048145365534,5.29620697584257,0.3150722848076608,4861.332766611523,2.300439009574467,57.387835084976444,0.0,311.04001918910484,nan,nan,4340.46,1.0,20.94654063936261,0.0,0.0,nan,nan,4101.73,1.0,22.16567686891332,0.0,0.0,nan,nan,3970.08,1.0,22.900702702093618,0.0,0.0,nan,nan,3889.06,1.0,23.37778840736009,0.0,0.0,nan,nan,3835.4,1.0,23.704860453545347,1176.1762796370601,287407921.6813988,0.3984353966637849,341259.2208733149,4362.734095659341,0.6507620826061118,nan,0.0,0.0,nan,nan,3868.75,1.0,23.500516131444996,0.0,0.0,nan,nan,6583.742842252587,0.4999617834394905,nan,0.0,0.0,nan,nan,6548.328996391471,9.99923566878981,193.93267853817915,3609.667296746782,415.7562531942317,2.457601520674392,0.5294515152801808,6716.41121813435,2.4004356442614703,43.522646924287564,0.0,196.44433062322955,nan,nan,6730.82,1.0,13.507659064352907,0.0,0.0,nan,nan,3426.0,1.0,26.53754284399528,0.0,0.0,nan,nan,3760.0,1.0,24.18021855944889,320.9720167646669,0.0,0.11973948963394085,0.0,4687.423596494781,0.4999617834394905,nan,2152.7369129512326,238.27314962828723,1.1455308597490625,0.2756805951461686,5875.255659638531,3.274277438325091,69.305235613231
6d51m29pt34954568s26d06m43pt24716465s,6.8581526515791404,26.11201310129174,0.05482707783246732,51.01747468399466,0,0,0,nan,nan,nan,nan,nan,nan,50.03007771627206,10.844921261049956,nan,macs0027p26a,11277.501348874686,320.9195563424161,71.28143323014879,5.540470967628069,5006.838108249404,3.9834062761771,99.71086745940784,1886.2061828758171,411.02407319001253,61.77610801057688,37.32522745417196,4960.95173376296,5.724523407704747,145.8628340404795,0.0,0.0,nan,nan,3726.03,1.0,24.400668213494743,0.0,0.0,nan,nan,3728.82,1.0,24.382410999599827,222.5531437987643,152.30619892576263,3.839331219500983,5.033937229386747,6561.293489283012,1.713645060134712,30.342647105010872,0.0,0.0,nan,nan,4855.6466071224895,7.761253919334575,202.42593516770302,0.0,0.0,nan,nan,4340.46,1.0,20.94654063936261,0.0,0.0,nan,nan,4101.73,1.0,22.16567686891332,0.0,0.0,nan,nan,3970.08,1.0,22.900702702093618,0.0,0.0,nan,nan,3889.06,1.0,23.37778840736009,0.0,0.0,nan,nan,3835.4,1.0,23.704860453545347,0.0,0.0,nan,nan,4363.21,1.0,20.83732430562082,0.0,0.0,nan,nan,3868.75,1.0,23.500516131444996,0.0,0.0,nan,nan,6583.188803464823,6.492507881987621,124.81964047655534,0.0,60.6147336081471,nan,nan,6548.05,1.0,13.88468655302385,1158.2701987899118,224.78910954293318,16.111026214846543,5.853040023046537,6711.050902863101,7.080725935548971,133.5577039251867,0.0,0.0,nan,nan,6731.723141814195,3.1348862270176765,57.79770324820237,0.0,0.0,nan,nan,3426.0,1.0,26.53754284399528,0.0,0.0,nan,nan,3760.0,1.0,24.18021855944889,1479.079620099249,266.17615403958587,16.502304914852658,9.088115404268986,4684.412852881056,1.5551045309630913,37.729695098198206,313.2336456301374,187.0171386576018,9.27415728857839,12.04203858933158,5874.20329316115,2.3068002143698845,47.62582427561029
6d51m53pt18242635s26d07m25pt44751243s,6.864772896208636,26.12373542011841,0.5120688810436049,6.524577961071315,0,0,0,nan,nan,nan,nan,nan,nan,47.972437648566505,11.119681282708628,nan,macs0027p26a,0.0,153.65081681871925,nan,nan,5006.84,1.0,18.158683277981286,60.63843325204271,146.79275537498336,1.4947636641173832,10.031373014835784,4961.457081336452,0.4999617834394905,nan,1679.7465395631746,150.54635390172567,25.13621881790257,11.365836585782885,3723.815892989308,2.4395827001687382,79.8500395024034,707.2524205271719,12701306.444406299,22.09914550735707,1994069.5114624933,3729.698923440218,0.5178806476825948,nan,0.0,0.0,nan,nan,6562.8,1.0,13.853480493619768,0.0,0.0,nan,nan,4862.2211959771475,3.1855548597294883,81.38531989264133,1722.5446466584829,166.95803762130882,168.6550654455174,57.77404456192209,4344.93806054633,4.926291475383475,143.02700917957625,1269.767053990318,131.0650415705087,152.09091472585598,62.736624754247245,4101.4045942356715,2.0919714030708936,61.18804102043704,1155.4706054388066,131.10677160754292,24.265130122699485,11.87023071568858,3967.781969187989,1.780241875803229,52.48935583095322,0.0,88.48141118627493,nan,nan,3889.06,1.0,23.37778840736009,1000.925456161758,2183373.662151385,21.431039328271716,218898.8401434387,3834.588489119738,0.5346643249059717,nan,433.71313509636235,88.39426399033765,182.96600928251132,130.72438520940398,4362.41315300699,0.9451384499469637,18.52950455165484,1225.1178795144763,163.63683885891703,333.327833358489,204.1258810731891,3867.458222423613,1.9456911078164982,59.74025382826655,0.0,0.0,nan,nan,6583.45,1.0,13.810026928666252,0.0,0.0,nan,nan,6548.05,1.0,13.88468655302385,0.0,0.0,nan,nan,6716.44,1.0,13.536579167464883,0.0,0.0,nan,nan,6730.82,1.0,13.507659064352907,577.4488332900113,167.60639406314706,5.875011392625208,10.864126818115514,3424.983376109431,0.4999617834394905,nan,0.0,75.38431628568306,nan,nan,3760.0,1.0,24.18021855944889,0.0,0.0,nan,nan,4685.782135671584,6.541084052664204,176.70094625159092,0.0,0.0,nan,nan,5875.576877461148,4.862309834539034,104.25672281332203
STACK,0.0,0.0,0.2834479794380361,nan,0,0,0,nan,nan,nan,nan,nan,nan,48.25773394123214,9.358817899727574,nan,macs0027p26a,11526.093259168665,498.8874249440966,99.80728816086634,11.80047651090121,5006.6250685250025,3.928735496383837,98.29845276370293,2330.1082661220794,426.9341082668091,48.95747759377077,24.884755130661883,4959.38173446211,3.917044425371841,98.94350900669708,0.0,0.0,nan,nan,3726.03,1.0,24.400668213494743,0.0,0.0,nan,nan,3728.82,1.0,24.382410999599827,595.0125037953493,12119867.53704468,26.266188684869494,1024902.4907129224,6562.082526472852,0.7158201239198364,2.9032390082731383,0.0,0.0,nan,nan,4858.393207997405,4.149795681570789,107.11894435660757,0.0,0.0,nan,nan,4340.46,1.0,20.94654063936261,0.0,0.0,nan,nan,4101.73,1.0,22.16567686891332,0.0,0.0,nan,nan,3970.08,1.0,22.900702702093618,0.0,0.0,nan,nan,3889.06,1.0,23.37778840736009,0.0,0.0,nan,nan,3835.4,1.0,23.704860453545347,0.0,0.0,nan,nan,4363.21,1.0,20.83732430562082,0.0,0.0,nan,nan,3868.75,1.0,23.500516131444996,0.0,0.0,nan,nan,6577.719945675141,6.591856306154092,126.7519243535767,494.8801361427754,404.42045574198625,250.20485546148126,392.6383707797138,6546.966035478379,5.001905815766586,96.29227790360977,0.0,0.0,nan,nan,6717.32299247612,3.1764187481233805,58.7288130838841,10.113929831632676,16653834973549.879,0.09613549670219347,295427834889.2147,6731.331311496494,0.4999617834394905,nan,0.0,0.0,nan,nan,3426.0,1.0,26.53754284399528,0.0,0.0,nan,nan,3760.0,1.0,24.18021855944889,1910.1230186439457,462.527895854542,35.051775389615344,25.972302904068133,4684.579298973757,2.310536353608362,59.82704562714265,1878.0996794932385,557.5312274526844,83.62367853826491,53.94063195959448,5878.276604666968,7.227770396483006,155.87169047873337
6d55m59pt84380653s26d16m16pt59913458s,6.933289946256946,26.271277537384236,0.7534403867290116,30.670270499836484,0,0,0,8.648986791618812,0.0816355589949756,8.389724586068851,0.0032597387896298805,27.201276113888365,17.801097028355755,64.63822005600127,13.499964809040366,nan,macs0027p26b,2364.941383764971,183.40827434644055,213.5285470233005,45.235984427639046,5006.534603448589,1.998862685546341,47.607051020326494,1678.0875722932576,176.70063924586407,27.63727269671955,8.068464013447008,4961.171881613113,4.677244016472957,118.72652145509093,227.82063227916808,88.96818810281792,2.8227026191637763,5.550278327661492,3726.671857336344,1.242862670522068,35.08994382955073,0.0,0.0,nan,nan,3728.7823028175267,2.0273330919266526,64.96068735665739,0.0,0.0,nan,nan,6562.8,1.0,13.853480493619768,157.0091627486843,102.27040126828143,50.04460748376354,93.43528489873849,4863.172390244999,1.7965040928526461,43.3290478428943,710.3298626892565,136.34608470268884,8.785269237110981,5.971275515398544,4340.843572503646,1.1175970035258238,25.553753816731252,0.0,0.0,nan,nan,4103.375121813508,7.991109442735426,247.07586687323257,0.0,0.0,nan,nan,3969.142468761643,3.9581082012264743,124.92554662406387,0.0,0.0,nan,nan,3886.684169792482,1.674164895937277,49.78402578953558,0.0,0.0,nan,nan,3835.3998076016123,4.328127221968014,141.7740342311318,754.0207338109338,110.4587668840113,11.975362210117643,6.14804031335374,4363.077478981608,0.9696923229002855,19.579850888609567,0.0,0.0,nan,nan,3868.683140567533,4.825452451482027,157.11296641753847,0.0,0.0,nan,nan,6583.45,1.0,13.810026928666252,0.0,0.0,nan,nan,6548.05,1.0,13.88468655302385,0.0,0.0,nan,nan,6716.44,1.0,13.536579167464883,0.0,0.0,nan,nan,6730.82,1.0,13.507659064352907,653.0878924030696,66.42584185151972,3.0157966219043892,1.9527378736804228,3425.863407736969,1.2983736868114366,40.63499543182853,1292.2232444122603,128.78929674230076,18.753983580675403,9.194196044135248,3760.4685586648025,4.316361362640716,144.2133453313081,0.0,0.0,nan,nan,4685.246865197921,5.2819615351102644,142.24528526427522,0.0,0.0,nan,nan,5875.62,1.0,15.473706908126772
6d56m17pt01762799s26d16m09pt99921007s,6.938060452220176,26.26944422501862,0.7732660170265346,35.840187765914074,0,0,0,9.470030747040829,0.04699170019538055,nan,nan,10.52321469758597,1.4612849763528122,64.94100596914781,13.932024094700395,nan,macs0027p26b,8478.71764839217,328.15169077410826,49.727222187252224,5.25615895871771,5007.2453996909035,4.124666121500113,103.35750491013891,0.0,0.0,nan,nan,4958.413039172178,5.025518144401664,127.76244646806265,0.0,0.0,nan,nan,3729.144655446339,2.6731911221823523,88.14987125870543,0.0,0.0,nan,nan,3728.6698739432254,4.824914107434432,162.9903077589642,0.0,0.0,nan,nan,6562.8,1.0,13.853480493619768,805.7155434011236,107.45057868676147,9.761588748731384,3.735374601453818,4860.149984533885,1.0015752519344385,18.759933979200426,0.0,0.0,nan,nan,4342.944788057176,2.248907294256466,62.68599056405592,0.0,70.23007785088551,nan,nan,4101.73,1.0,22.16567686891332,0.0,0.0,nan,nan,3971.0046992214734,6.159011858188559,196.2237252450907,0.0,0.0,nan,nan,3888.595481477668,1.7335375705315312,51.91591317824149,0.0,0.0,nan,nan,3835.489110487096,4.097643084118585,134.01553996408487,118.69097516251234,275.0560739892914,0.7059897465272283,5.734419423206382,4362.796999164172,0.4999617834394905,nan,371.49001669176505,197.63337379047783,1.0298702637173167,2.5012910936757144,3874.210499839679,0.4999617834394905,nan,0.0,0.0,nan,nan,6583.45,1.0,13.810026928666252,0.0,0.0,nan,nan,6548.05,1.0,13.88468655302385,0.0,0.0,nan,nan,6716.44,1.0,13.536579167464883,0.0,0.0,nan,nan,6730.82,1.0,13.507659064352907,0.0,0.0,nan,nan,3427.7673389884853,4.730172834912672,173.8378261053443,2086.8326842495644,82.27182993673583,5.354430756765446,1.0408623193683508,3756.967147434549,2.2636739483562787,72.88924396689961,0.0,0.0,nan,nan,4684.5489091010795,0.4999617834394905,nan,0.0,0.0,nan,nan,5875.62,1.0,15.473706908126772
STACK,0.0,0.0,0.7633532018777731,nan,0,0,0,nan,nan,8.225589479546027,0.0006739051526421457,nan,nan,55.696246374589336,11.887920883361451,nan,macs0027p26b,1762.877687670913,139.60485253330836,32.364429422704504,7.000345352496486,5006.9363612593115,0.8066205034321665,10.191111820120932,1963.6084574261988,270.10985092327746,201.44127724596763,76.82817614569771,4961.072074647265,4.761583552593166,120.91599096414437,1143.8767061530891,174.28594840038812,4.168963584822951,3.2014337813044107,3725.270151580824,2.8019427121733673,92.70039568225016,0.0,0.0,nan,nan,3729.5442888180537,3.4895749473732223,116.72007517128012,0.0,0.0,nan,nan,6562.8,1.0,13.853480493619768,0.0,56.121056219520675,nan,nan,4861.33,1.0,18.702211490174054,1182.0482864901521,190.65268172789928,8.778126794509568,5.013892861703221,4340.666515534034,1.0415968576480792,22.62340500443915,0.0,0.0,nan,nan,4101.916662168506,3.95950152567905,120.9598482234664,371.8904667754983,88.48335161468788,2.3148278936549387,2.372711722049933,3969.066232348875,1.0758210345597952,26.19713876405982,0.0,0.0,nan,nan,3888.041059427476,0.4999617834394905,nan,0.0,0.0,nan,nan,3835.250244189999,3.924252791083338,128.17037084817602,653.7880432592613,432073.21515328466,5.447266244485934,12616.070863415745,4363.107332950602,0.5005298646444729,nan,0.0,0.0,nan,nan,3868.718439676345,4.307161880328144,139.85272891270174,0.0,0.0,nan,nan,6583.45,1.0,13.810026928666252,0.0,0.0,nan,nan,6548.05,1.0,13.88468655302385,0.0,0.0,nan,nan,6716.44,1.0,13.536579167464883,0.0,0.0,nan,nan,6730.82,1.0,13.507659064352907,2917.129262526442,178.37434300032407,9.803001415377752,3.790647173706992,3433.5592577383277,3.8502967769754846,140.6925872663624,352.77202287103074,435.97134567348684,1.1029158654681188,6.711504675400339,3758.9984502598973,0.4999617834394905,nan,0.0,0.0,nan,nan,4684.33594203284,3.4624712171514016,92.13292422935734,0.0,0.0,nan,nan,5875.62,1.0,15.473706908126772
7d01m34pt1974354s-75d38m08pt43216435s,7.026165954278846,-75.63567560120777,0.27319768917090204,22.775231584006406,0,0,0,nan,nan,-9.490780317591694,0.037751023698384206,4.8498002745741005,6.407828546568487e+82,136.3196953500838,21.994978659383364,nan,macs0028m75,63847.68519142041,443.8871667957493,7.420514727272858,0.14091306201509646,5006.81798949545,5.509028335135593,138.94398629438697,22005.61831860525,587.5330073539294,2.473849298764399,0.18325486202680244,4959.006493602632,5.588639394663899,142.3472561448606,1040.202744648809,9412649025945.826,0.08051694543933567,3657373982.3879304,3731.03,0.9419280000000001,21.534597245939114,1045.4505835749198,1.161898894966502e+87,0.08051694543933567,4.514668269157909e+83,3723.82,0.9419280000000001,21.51848450080361,43021.13914441475,7869.9136482842405,3.3881896836870125,1.1866179674017745,6565.818261407664,9.99923566878981,193.49681168128302,18132.490383013148,988.0912792147511,1.6668738259833782,0.2603147486283222,4863.649507083269,9.99923566878981,261.2208748844296,0.0,0.0,nan,nan,4338.980211739418,0.4999617834394905,nan,0.0,0.0,nan,nan,4100.753405967314,3.2742244912046936,99.27623910733277,0.0,0.0,nan,nan,3969.5505887453232,0.4999617834394905,nan,0.0,0.0,nan,nan,3889.3818289239584,9.99923566878981,326.52642944617054,0.0,0.0,nan,nan,3834.955264095662,2.126790290045641,66.6621295053071,17010.931906234535,1271.5942010224333,1.598233835038629,0.4191849119343954,4360.5231384421495,9.99923566878981,291.0428046557292,21687.199341421765,888.734917615883,1.9379294352187135,0.36389175823402253,3868.3949411400704,7.620580881241354,249.7125733265589,34625.44979628489,8198.653588455241,2.7993503728273206,1.2657350887466867,6582.016207172819,9.53011179903404,183.7945919848529,3689.692718698924,4204.095981000223,0.30938355007335977,0.6767604761970485,6548.524535528454,3.098226857698487,58.67952279157131,5798.126118732752,609.0627749835517,0.8738300291925245,0.17167512481929817,6716.980495022946,6.902516280659378,130.1626780186379,2995.2474334828376,860.9800924987603,0.45497101353325003,0.24406817291508312,6731.428519427073,5.529405759140516,103.7445187068688,0.0,0.0,nan,nan,3426.0,1.0,26.53754284399528,0.0,0.0,nan,nan,3759.5542752269976,1.915529255715316,60.3722877126417,7861.652125317381,846.9534427308957,0.8086472470182615,0.2663417256857203,4686.91386253442,9.99923566878981,271.0131455203778,8490.650603409891,2136.9744111965015,1.1776838073274318,0.6447548385748199,5873.1762588316315,9.99923566878981,216.12712798001303
STACK,0.0,0.0,0.27319768917090204,nan,0,0,0,nan,nan,-9.591447293745803,0.031341286579272015,4.8498002745741005,6.407828546568487e+82,136.3196953500838,21.994978659383364,nan,macs0028m75,63847.68519142041,443.8871667957493,7.420514727272858,0.14091306201509646,5006.81798949545,5.509028335135593,138.94398629438697,22005.61831860525,587.5330073539294,2.473849298764399,0.18325486202680244,4959.006493602632,5.588639394663899,142.3472561448606,1040.202744648809,9412649025945.826,0.08051694543933567,3657373982.3879304,3731.03,0.9419280000000001,21.534597245939114,1045.4505835749198,1.161898894966502e+87,0.08051694543933567,4.514668269157909e+83,3723.82,0.9419280000000001,21.51848450080361,43021.13914441475,7869.9136482842405,3.3881896836870125,1.1866179674017745,6565.818261407664,9.99923566878981,193.49681168128302,18132.490383013148,988.0912792147511,1.6668738259833782,0.2603147486283222,4863.649507083269,9.99923566878981,261.2208748844296,0.0,0.0,nan,nan,4338.980211739418,0.4999617834394905,nan,0.0,0.0,nan,nan,4100.753405967314,3.2742244912046936,99.27623910733277,0.0,0.0,nan,nan,3969.5505887453232,0.4999617834394905,nan,0.0,0.0,nan,nan,3889.3818289239584,9.99923566878981,326.52642944617054,0.0,0.0,nan,nan,3834.955264095662,2.126790290045641,66.6621295053071,17010.931906234535,1271.5942010224333,1.598233835038629,0.4191849119343954,4360.5231384421495,9.99923566878981,291.0428046557292,21687.199341421765,888.734917615883,1.9379294352187135,0.36389175823402253,3868.3949411400704,7.620580881241354,249.7125733265589,34625.44979628489,8198.653588455241,2.7993503728273206,1.2657350887466867,6582.016207172819,9.53011179903404,183.7945919848529,3689.692718698924,4204.095981000223,0.30938355007335977,0.6767604761970485,6548.524535528454,3.098226857698487,58.67952279157131,5798.126118732752,609.0627749835517,0.8738300291925245,0.17167512481929817,6716.980495022946,6.902516280659378,130.1626780186379,2995.2474334828376,860.9800924987603,0.45497101353325003,0.24406817291508312,6731.428519427073,5.529405759140516,103.7445187068688,0.0,0.0,nan,nan,3426.0,1.0,26.53754284399528,0.0,0.0,nan,nan,3759.5542752269976,1.915529255715316,60.3722877126417,7861.652125317381,846.9534427308957,0.8086472470182615,0.2663417256857203,4686.91386253442,9.99923566878981,271.0131455203778,8490.650603409891,2136.9744111965015,1.1776838073274318,0.6447548385748199,5873.1762588316315,9.99923566878981,216.12712798001303
8d02m47pt09655564s18d08m51pt60579824s,8.046415709899861,18.147668277288183,0.3650996048110202,18.407698360026842,0,0,0,nan,nan,nan,nan,nan,nan,80.46203993629524,18.09341798131837,0.3892,macs0032p18,1915.8691733800551,123.8160329934986,166.0217533029337,29.30625356865893,5006.857302908024,1.090115952165264,21.248912185850486,309.55864549599823,27839.61065395445,6.07770222337537,1516.9710234900115,4958.074895521412,0.7277435567283529,5.109553202505672,796.2282153895561,1339552.49085417,4.381675535879161,37122.31533792045,3726.4584578075674,0.6259461414689759,nan,0.0,0.0,nan,nan,3729.4006281118877,2.876534931223913,95.25891177600649,193.20919770494675,6.498986631620924e+63,2.9681793448211455,1.912080695973318e+62,6563.750231504768,0.4999617834394905,nan,0.0,0.0,nan,nan,4860.585655335487,1.475665713834056,34.02054426243219,481.5437041877239,146.39374488432816,4.408675482917843,4.748849175784734,4339.547876741596,1.6611679971423663,44.186572568842195,3324.7461609078678,1270.2901517040873,13.943303918076763,21.23954096270044,4105.72958908048,9.99923566878981,309.59640827210086,739.5594693288207,176.2161957813924,41.134474355228576,42.19842960883318,3970.085402244732,3.9122326153152964,123.43059305606297,0.0,0.0,nan,nan,3888.8075837171627,4.79918050677731,155.42319934094118,0.0,0.0,nan,nan,3834.774306906185,4.057208000122768,132.6531324962185,179.5960806894964,0.0,2.7450823801074447,0.0,4360.583128607391,0.4999617834394905,nan,0.0,0.0,nan,nan,3869.229567985724,3.7698817773688713,121.89928446766876,0.0,0.0,nan,nan,6584.13741477732,2.4399533132489495,45.20014525321695,42.15001673878268,0.0,1.6540260223840395,0.0,6546.119330079096,0.4999617834394905,nan,0.0,0.0,nan,nan,6716.103922490004,3.944215339770075,73.57577587163856,367.1660028865596,826989.6881470233,13.863176943179598,58270.62513515484,6731.702235570416,0.631293971604864,nan,0.0,0.0,nan,nan,3426.0,1.0,26.53754284399528,1080.5944152167751,148.25562952038567,22.86855799428044,15.444968115764915,3759.3827608880124,2.773963191351468,90.88417355990356,64.0764805144026,212.05182972086527,2.1707713035122844,21.95815677994278,4687.489460890088,0.4999617834394905,nan,0.0,0.0,nan,nan,5875.678426621236,4.159012187052144,88.82992975963539
8d02m35pt52050175s18d08m58pt20551832s,8.043200139374601,18.149501532867337,0.5686533176928625,31.09133299462294,0,0,0,nan,nan,nan,nan,nan,nan,62.687145553861214,16.7473625519489,0.3892,macs0032p18,4142.566587196648,344.81535755885096,152.81204371724277,34.744842641618604,5006.633608698143,4.617002723434643,116.04051400681678,34.19983918957637,206.7598866674751,0.478189357678454,8.020380571122994,4959.220034861338,0.4999617834394905,nan,713.3942244639821,381.2533287453063,7.375369354313107,19.857458842904197,3725.8547044213133,0.9419280000000001,21.534597245939114,908.2397881170175,351.9003953337216,9.420637214343062,18.3286206054591,3730.5602361621172,0.9419280000000001,21.51848450080361,0.0,0.0,nan,nan,6562.8,1.0,13.853480493619768,0.0,0.0,nan,nan,4861.7711018752525,1.9395914092048314,47.37132232104928,626.2814085255883,140.79185381474062,8.147178958423677,6.480139781130999,4342.613681636014,3.667338312010459,105.58911997666114,435.4212620105936,75.5895117776375,5.194806180033121,3.5993374113565064,4103.751005148983,1.4878865130976056,40.7511752827809,0.0,0.0,nan,nan,3968.750397167752,9.413531005887089,301.031689682444,551.273009560959,49892.36953933869,7.857545771998448,3214.6405149744564,3889.9491347908343,0.6176584438018499,nan,346.22948995336503,3257805.2055048,20.116351301184334,885600.5622167162,3835.8190961904334,0.5043985512647854,nan,0.0,0.0,nan,nan,4365.216315034615,5.824947045042693,168.72912323128006,0.0,0.0,nan,nan,3868.863167479377,1.715222248307825,51.52896580357526,0.0,0.0,nan,nan,6583.45,1.0,13.810026928666252,0.0,0.0,nan,nan,6548.05,1.0,13.88468655302385,0.0,0.0,nan,nan,6716.44,1.0,13.536579167464883,0.0,0.0,nan,nan,6730.82,1.0,13.507659064352907,506.73625956330187,80.70629684050263,3.4283666096649164,3.4810316153547927,3424.226442173584,1.2134658150546205,36.83339425571331,378.3405607505324,241.57316060394734,3.1275890586059827,9.802791515121266,3763.522580784695,0.4999617834394905,nan,0.0,0.0,nan,nan,4685.72390497784,4.141749545932124,110.91266615517186,588.238564218642,194.52699206252638,12.917769616154871,9.283754277206773,5877.480304043786,4.696382416652282,100.62228085400024
8d03m05pt19704876s18d09m02pt80585028s,8.051443624655189,18.15077940285534,0.21917441201368448,26.855557484630214,0,0,0,nan,nan,nan,nan,1.8753097593758126,0.18425182613712454,43.14444083370924,7.8597112431254175,0.3892,macs0032p18,3092.0015254650893,168.2990393268465,4.826444183962162,0.7175542002748119,5006.848650575518,3.383866695715441,84.18127807176089,1491.9806098074762,170.69048497690173,2.1977402287229375,0.6975242843895162,4959.331301601954,3.5909897021093045,90.42296864530881,0.0,0.0,nan,nan,3726.03,1.0,24.400668213494743,0.0,0.0,nan,nan,3728.82,1.0,24.382410999599827,9386.343224054513,326.44367899483035,17.172210458580892,1.1439915481209582,6562.500191604802,3.5128605455151862,66.77846806588886,2444.3866472482505,203.32297008251376,3.9093803337753097,0.9329190167275873,4860.592889070715,2.6507511929441985,66.95452090733463,601.517749370099,128.469044579033,0.8522344068327095,0.6447925331869916,4339.952896881228,1.0580346931022868,23.270381156307554,1288.9702275395546,281.84558998203454,1.6251088807926426,1.420555813952281,4100.759377241551,4.1325292771242745,126.41257611390131,205.58481471423195,135.48760006832305,0.3264930382157768,0.9258746914022493,3971.049664548094,0.4999617834394905,nan,0.0,0.0,nan,nan,3879.06,0.4999617834394905,nan,0.0,0.0,nan,nan,3835.4,1.0,23.704860453545347,950.6537785964135,10459334.809731225,1.2514878649418875,48206.34024855269,4365.2449246350625,0.6528982019219364,nan,0.0,0.0,nan,nan,3868.75,1.0,23.500516131444996,1729.8747437950065,451661054.7893156,2.3863040354114493,1189406.8763089783,6583.934372247718,0.6132861131770964,nan,0.0,0.0,nan,nan,6549.83133752017,0.8286746306449227,8.622932494836418,1902.6164803188847,202.23730171448528,3.4370238654312506,0.6833832892679109,6715.9712078021885,2.8436809639044895,52.243374729927474,1601.6366962951386,280.47528144295393,2.9141412735654555,0.9524955780371851,6730.583591337949,3.5782906882691474,66.37392089512376,0.0,0.0,nan,nan,3426.0,1.0,26.53754284399528,0.0,0.0,nan,nan,3760.0,1.0,24.18021855944889,0.0,0.0,nan,nan,4685.268730465372,1.7856628979946259,44.63329672484732,292.8217045241154,2598673.2421500185,0.5312165708688432,10247.534110277331,5876.509956296725,0.677969405843895,nan
STACK,0.0,0.0,0.3843091115058557,nan,0,0,0,nan,nan,nan,nan,nan,nan,94.3288856038902,17.397210543235495,0.3892,macs0032p18,0.0,153.50812321622706,nan,nan,5006.84,1.0,18.158683277981286,3212.4125701710823,391.2403350176878,5.404917039610291,1.8296354598040252,4953.595574835379,9.99923566878981,256.08064588829484,0.0,0.0,nan,nan,3725.898983741894,0.7909987533249329,12.585573001166573,0.0,0.0,nan,nan,3729.178580970337,7.670819910871394,260.8059471736825,0.0,0.0,nan,nan,6564.204897572995,3.2170447838968776,60.91139547765379,0.0,0.0,nan,nan,4861.978372678466,4.836499142731038,125.32622652630204,3297.7578482084637,305.0309225840088,5.885017031519012,1.927694262927091,4340.667370535087,2.6799367625440955,75.87647869853656,1244.4797968805042,235.6792840053577,1.8291317357581802,1.3848113328143015,4100.739976666869,1.9900654023000188,57.8206797939403,1666.5965883811486,281.1510543836545,1.8909323560066755,1.3746361364505848,3968.589076454011,3.206744370706991,100.35204853976104,0.0,0.0,nan,nan,3888.4729893889557,3.7274484422283,119.84873919227046,0.0,0.0,nan,nan,3834.962262762403,5.197643639974422,170.95590234982495,0.0,0.0,nan,nan,4363.21804556614,4.615317804374386,133.10825520837747,0.0,0.0,nan,nan,3868.61098643439,6.463448949892259,211.4436382806584,0.0,0.0,nan,nan,6583.2351972670185,1.3395094898101616,22.08491841822465,0.0,0.0,nan,nan,6545.832450490953,4.465344886596337,85.74386085000299,69.34443475357622,178.90109502457742,0.1589164107087285,0.7668361873569743,6716.5745663140515,0.4999617834394905,nan,697.9767793359173,43550282.762392975,1.677609432622541,195340.36031041024,6731.673806262706,0.5515870724021047,nan,0.0,0.0,nan,nan,3426.0,1.0,26.53754284399528,2101.314615047178,241.86947117894644,2.2103000176052903,1.252865329034097,3758.8315661785637,2.8395022744339427,93.17568797364466,915.4956688037202,25906427.366116855,1.4297995877897667,123693.82754500347,4686.99035621664,0.5765187106870554,nan,0.0,0.0,nan,nan,5874.973993418898,2.667007675582793,55.76148858348651
8d28m12pt32957902s-7d52m32pt20133609s,8.47009154972909,-7.875611482247887,0.6833354781875967,23.13323749155172,0,0,0,nan,nan,7.7322814699697835,0.007959811063005225,5.863915592179825,1.1852352310879297,61.00520078231592,13.145983390990127,0.352,macs0033m07,665.3624871387456,157.63795604864876,21.487462244433964,13.90619113152591,5006.598538871518,0.4999617834394905,nan,0.0,0.0,nan,nan,4959.110984677503,1.1710029619904783,24.100486489489903,562.916808358751,102.88055862232484,3.283792725271249,3.02404321262369,3725.6328843271153,0.9419280000000001,21.534597245939114,708.7826654623904,121.58281307346354,4.142522977101258,3.5737722031256394,3728.338282238269,0.9419280000000001,21.51848450080361,0.0,0.0,nan,nan,6562.8,1.0,13.853480493619768,330.3359215373379,54.75085303010814,7.564517056562378,3.5946266893345684,4862.453679811345,1.3853234312081424,31.307066635154033,0.0,0.0,nan,nan,4339.340891826315,0.9283035921173208,17.883449120735985,0.0,0.0,nan,nan,4101.586253433698,4.24421582294957,129.92858235004167,535.370260730234,124.70534938234694,11.531977196242023,11.566445563272664,3969.899953254589,4.818852178332214,152.8889874642531,0.0,0.0,nan,nan,3889.7107322178695,4.7111963701735196,152.5112724556181,950.4987223350395,113.86521730339996,20.289844350540346,11.36974592304716,3836.157288945936,3.1849586505704277,103.13476863017787,0.0,0.0,nan,nan,4363.523800753886,4.0114292667151545,115.25000211932414,0.0,0.0,nan,nan,3868.557464385786,3.2853589160251007,105.62979911384066,0.0,0.0,nan,nan,6583.45,1.0,13.810026928666252,0.0,0.0,nan,nan,6548.05,1.0,13.88468655302385,0.0,0.0,nan,nan,6716.44,1.0,13.536579167464883,0.0,0.0,nan,nan,6730.82,1.0,13.507659064352907,0.0,0.0,nan,nan,3426.973877626516,4.149906358785574,152.00082689419648,0.0,0.0,nan,nan,3761.0175904624866,5.050498502699781,169.35475429380523,563.8649032342906,1059.55435335263,7.223578597483716,41.52231084459312,4685.435592272004,0.6882562781159783,nan,0.0,0.0,nan,nan,5875.62,1.0,15.473706908126772
8d27m50pt12046461s-7d52m03pt00122377s,8.46392235128097,-7.867500339937108,0.7604079697024868,19.837794502778188,0,0,0,nan,nan,8.12941780231009,0.0003528540458220721,10.244723809376518,1.286036900641156,56.80351493743026,14.983811168251641,0.352,macs0033m07,1989.8580137627048,134.16176075728023,203.3195200534202,37.43974560240887,5007.121845676737,1.8539984054224898,43.65280756902757,1658.5674299868408,204.0925579157993,70.60151702974557,24.106066546244254,4958.765273007327,4.5508673414337,115.44405013078826,1789.4140553721531,178.02644303375604,38.10251978744106,19.085513657441567,3726.775585115182,1.9586074361345085,62.50127629541273,1679.3674985561543,164.93054327747925,35.82518460226236,17.68155383329615,3729.4154960138662,1.9586074361345085,62.4545112166843,0.0,0.0,nan,nan,6562.8,1.0,13.853480493619768,694.7192652635306,80.47314119992325,22.15431006771492,7.360033513405585,4861.513413648567,2.039375311406966,50.163148716775225,1420.7680351178408,136.4030393346567,38.62045347857881,13.13438177237356,4340.048549721534,2.335473556363116,65.35250075666887,48.122219633186646,136.10681358380347,2.9104350127257916,32.93084454200461,4099.476376113568,0.4999617834394905,nan,333.31195442246025,109084.8844982292,40.20563756180133,56615.68291756837,3971.1806651850725,0.500105809107412,nan,1866.8802919249777,159.60897189995407,18.333265495228225,7.067359701090333,3894.0169121591357,6.908306163851457,224.98257795368443,241.89219243400512,52.88113060814982,5.913291970294664,6.04813474764313,3835.8701544139403,0.8218058181884058,14.291109661417583,1880.865788525341,254.21328251608705,143.11976431136426,67.78603291690355,4363.231595126094,8.08208142100637,234.93353206509764,307.51479207358125,53.97967659212756,4.579775977492086,3.683882542413339,3868.2794198096954,1.0076144109716274,23.8501193568782,0.0,0.0,nan,nan,6583.45,1.0,13.810026928666252,0.0,0.0,nan,nan,6548.05,1.0,13.88468655302385,0.0,0.0,nan,nan,6716.44,1.0,13.536579167464883,0.0,0.0,nan,nan,6730.82,1.0,13.507659064352907,434.67144792143085,16407.08606628253,13.82833408279265,3319.636702524309,3426.991814867822,0.4999617834394905,nan,0.0,0.0,nan,nan,3759.882312073836,3.7962875293070066,126.33474662366608,286.635803809974,71.59951664950457,6.5132333844785295,4.97622283905692,4685.779693834553,1.247136784251732,28.043779287249816,0.0,0.0,nan,nan,5875.62,1.0,15.473706908126772
8d28m41pt604992s-7d51m59pt20098902s,8.478223608888783,-7.866444719172139,0.5529390342408789,34.21074570644662,0,0,0,nan,nan,8.143115817028967,1.5558616714045692e-05,9.962823220510733,0.07507321002615076,42.838640755190006,5.992115942294363,0.352,macs0033m07,71282.23310896214,337.7411823661295,176.51470169838535,2.284368427237017,5006.869617776149,2.517043093287809,61.476667661796434,24254.959548794905,155.9260259745065,61.53706407087681,1.0976159244633852,4958.92309956032,2.578816156541831,63.720243819508795,31796.266853244553,210.2048401599054,44.21324514400871,1.4723011946458544,3726.1122541444706,2.2569600414270234,73.31251070901943,45263.25130329642,274.09295809784317,63.06175998204635,1.919781625125697,3728.8970341949343,2.2569600414270234,73.25765638382322,0.0,0.0,nan,nan,6562.8,1.0,13.853480493619768,17324.076418315693,120.1881145226831,44.63558811473696,0.888154808962036,4861.407645906519,2.454255055228373,61.60311144161985,9061.20696922027,98.77629722639917,16.342547117976423,0.6309638921832226,4340.408448153653,2.257985543409096,62.966123369995834,4767.9482300529835,117.48466469651171,7.815669082939018,0.7694445746158789,4101.800676973996,1.9003344244073024,54.83547921268526,3577.6060214864788,140.2916553183873,4.555546322562419,0.7692327001675129,3969.8507939220394,2.6656430163123095,82.4802691461904,2772.2708090936003,268.90514486415043,2.987228592104559,1.3106942311065655,3888.8750027168544,1.6812021888310056,50.037514179004255,263.3324192551861,152.65907022449602,0.3062901041389884,0.8310101246244235,3835.3660436132413,0.4999617834394905,nan,163.1875260211105,3.591949415773267e+35,0.21538995144796638,1.6605535445863048e+33,4364.3067288480215,0.4999617834394905,nan,7736.878462207185,193.07475182309645,9.094333920058684,1.0397072106060268,3868.7040587698048,2.111982428539801,65.57121936467712,0.0,0.0,nan,nan,6583.45,1.0,13.810026928666252,0.0,0.0,nan,nan,6548.05,1.0,13.88468655302385,0.0,0.0,nan,nan,6716.44,1.0,13.536579167464883,0.0,0.0,nan,nan,6730.82,1.0,13.507659064352907,1348.7495900690096,106.41130467796134,1.5029397966217315,0.7548470796154766,3425.904468499623,1.6661545322820495,56.1850110244765,0.0,85.62711034338011,nan,nan,3760.0,1.0,24.18021855944889,404.7951410976151,130015.53508707961,0.8971805793174861,881.3865141220261,4685.761390203956,0.4999617834394905,nan,1872.959034813075,123.43557191677783,7.988935720774256,1.1446884081126467,5875.56891286506,2.791590280103136,58.55435802442652
8d28m23pt63602941s-7d52m12pt40126884s,8.47323223039076,-7.870111463567701,0.345569302265889,15.030240248513156,0,0,0,12.32199166368196,0.06362123677284254,7.877868119424122,0.004467273191160057,7.654111663854095,0.29112687947551474,81.68228197438528,16.280395044669483,0.352,macs0033m07,16176.244983569355,91.47297717965036,61.49254964342425,0.9497836822458696,5006.837110928742,2.118362838843181,50.83834333236324,5529.824980970031,81.92754935683104,18.23817614314719,0.7496996025120529,4958.980607355644,1.9829277900879423,47.63019405865572,3153.7216171478563,345.981148172907,8.623116486127225,4.7662050260212165,3725.777115798887,1.8282836865566972,57.70835400924771,4898.256400739671,462.87117234423437,13.419020025733737,6.37647143400104,3728.5424451191025,1.8282836865566972,57.665175119495515,5568.649990846021,150.58294844957715,19.9625914038005,1.0339407914581147,6562.960903750963,1.7740503826684468,31.62207805613631,3887.8512999695076,126.13324803780147,12.192892948635327,1.1345264137071285,4861.46084239549,2.569748319069685,64.75251096406154,2138.637865318241,141.20087140629124,4.9819052574483225,1.164872442320708,4340.581670050066,2.0227431275504553,55.66321833776522,864.7445030023148,131.53284709134104,2.4233928189359855,1.472944405426444,4101.569456839128,0.9346838497929507,19.22447097758291,0.0,0.0,nan,nan,3970.9719597832113,0.4999617834394905,nan,1521.7752475425038,117.94582820877727,2.8770953524587592,1.0083379422149072,3889.426706945727,1.3261799269993837,36.87286731088335,0.0,0.0,nan,nan,3836.9685512379265,2.988795991705001,96.44909918196865,0.0,67.61526801202487,nan,nan,4363.21,1.0,20.83732430562082,0.0,79.38147323749124,nan,nan,3868.75,1.0,23.500516131444996,0.0,0.0,nan,nan,6584.094507619129,9.99923566878981,192.88987927331783,0.0,0.0,nan,nan,6547.598448104743,9.84639143755793,190.95358975927067,572.6925004099321,269.2340789754949,2.5976926503398023,2.2839285965140257,6717.284101390745,6.250596966471956,117.73476999907012,102.37252695060026,152.93132201989147,0.46237498025718027,1.2892783555792655,6730.312709068826,0.4999617834394905,nan,0.0,0.0,nan,nan,3426.0,1.0,26.53754284399528,0.0,0.0,nan,nan,3760.0901194756693,4.599375788677459,153.91644998897976,1566.032321094841,496.97696050442727,4.518380361314937,4.3950790098856904,4680.244389923272,9.99923566878981,271.0131455203778,1307.1380820830261,426.97327706944526,5.5625871657524115,3.954778730323795,5870.38315378893,9.234745445618366,199.51839229185362
STACK,0.0,0.0,0.5855629460992129,nan,0,0,0,nan,nan,8.01406233240936,0.0010400283295756332,10.401040105678103,2.534272566482576,91.86961931167006,25.93490445380753,0.352,macs0033m07,1243.2283456878347,376.17375428961526,1.9003916627469546,1.570676947243543,5006.701283959003,0.6756341967369137,nan,1122.5795143686082,332.87490204379344,1.75109289703217,1.4408952330475442,4958.480400814908,0.4999617834394905,nan,4064.056301499103,704.0281159297193,3.890634468749101,3.397805089524789,3724.893097533641,5.2244134519168535,176.89699430936668,4418.811808869538,749.0649757184434,4.249244540385426,3.6151635556767534,3731.3143612939703,5.2244134519168535,176.76463538238087,0.0,0.0,nan,nan,6562.8,1.0,13.853480493619768,1043.0376058739173,229.10160397207468,1.4266185140930567,0.898134349543352,4863.326798426121,3.5677394623369576,91.61712756866045,0.0,0.0,nan,nan,4341.405392343159,5.318144442095011,154.6294746171837,293.81295526225165,392.97863854607834,0.2934240227165093,1.5666353334670884,4103.441721779405,0.4999617834394905,nan,6428.9923896578875,140.90832592780276,6.038159071430017,0.5718625156669805,3963.969261558486,1.4204695861108338,39.63579474188212,4910.553308086039,187.87699972331166,3.9034042563799685,0.6768440353036431,3885.81064066353,1.606584186842537,47.33768990701718,0.0,0.0,nan,nan,3838.2472728221633,9.99923566878981,331.09476865566154,0.0,0.0,nan,nan,4361.547705072707,1.327102581653104,32.89758522368716,0.0,0.0,nan,nan,3866.7308639044845,4.553222700072963,148.0530210714759,0.0,0.0,nan,nan,6583.45,1.0,13.810026928666252,0.0,0.0,nan,nan,6548.05,1.0,13.88468655302385,0.0,0.0,nan,nan,6716.44,1.0,13.536579167464883,0.0,0.0,nan,nan,6730.82,1.0,13.507659064352907,0.0,0.0,nan,nan,3426.82708589097,9.99923566878981,370.65991701749095,0.0,0.0,nan,nan,3758.6707763585205,0.4999617834394905,nan,101.32291894229147,7.065626673108279e+19,0.14337279922613771,3.059397128841883e+17,4684.565823614115,0.4999617834394905,nan,0.0,0.0,nan,nan,5875.62,1.0,15.473706908126772
8d37m19pt76273492s2d25m00pt32498946s,8.622156315256571,2.416756941516139,0.596648870256991,45.507108244070714,0,0,0,nan,nan,6.563795676350526,0.04225179034942265,4.0128854929673015,1318.900834634129,83.81738254791719,20.727268456344916,0.382,macs0034p02a,3016.9497543210837,121.72379940308281,74.13067806665292,8.169433792660234,5006.840974703435,1.6065718215811724,36.76917323971078,0.0,0.0,nan,nan,4961.600759986509,7.504540090709797,191.82414094600193,636.635115521294,213193.98755607795,7.780328507210895,13137.231073221476,3724.6500947631107,0.5737297647132726,nan,0.0,0.0,nan,nan,3729.0945254023877,6.169065114584817,209.26515683790288,0.0,0.0,nan,nan,6562.8,1.0,13.853480493619768,910.4632754274678,294484.80974138004,22.1984526038434,20599.058897868148,4860.561672431657,0.5469993137916341,nan,417.6997998577408,1109155.1330555582,24.939675111157356,234424.94822542687,4341.552838899355,0.5335088932343549,nan,145.86765312988663,169.4234150501169,5.372281562168434,24.882762705623524,4105.345815562557,0.4999617834394905,nan,3381.6448544277496,321.75388723256157,57.337594215332736,23.54508114565295,3966.017574766149,9.608583328775557,307.30352145959085,907.2370979573958,114.59639362479659,10.027210427759274,5.727329637517566,3889.4189078939557,2.078042130538898,64.04997978631486,0.0,0.0,nan,nan,3834.5026813670274,3.7237646482946736,121.40101408261896,0.0,0.0,nan,nan,4362.408759719391,3.099565788032093,88.10289472295297,0.0,0.0,nan,nan,3869.06317137984,3.651257074408508,117.92427212791844,0.0,0.0,nan,nan,6583.45,1.0,13.810026928666252,0.0,0.0,nan,nan,6548.05,1.0,13.88468655302385,0.0,0.0,nan,nan,6716.44,1.0,13.536579167464883,0.0,0.0,nan,nan,6730.82,1.0,13.507659064352907,948.5168031174533,178.69173611068734,10.486918233914205,12.587503006000363,3424.921936748358,2.8010668684638844,100.78496755298373,1447.0617498208455,233.90846855460288,33.01827805047319,26.196821768630706,3763.654523566949,5.768916109156798,193.88689039694606,310.6582110841357,544.7206901255371,7.062938209889793,37.85288711799622,4687.584665341617,0.7714295741560616,8.808442502440458,0.0,0.0,nan,nan,5885.62,0.4999617834394905,nan
8d36m52pt73873908s2d25m14pt32514144s,8.614649649744297,2.4206458726225755,0.6834829595770489,15.119948728206763,0,0,0,nan,nan,nan,nan,nan,nan,56.052725377490354,12.966231681011674,0.382,macs0034p02a,1320.1373891633261,98.1444854853434,7.035978353506767,1.4288155000710925,5006.710392564516,1.0886098804983477,21.19893277801841,0.0,0.0,nan,nan,4958.922335309744,3.2672457327953826,81.93227684544935,664.8521918769108,2086.7272055985127,3.092924609525376,48.91724758233716,3725.5375146215283,0.4999617834394905,nan,0.0,0.0,nan,nan,3728.0425572686217,1.986111318340267,63.458944327370176,0.0,0.0,nan,nan,6562.8,1.0,13.853480493619768,0.0,0.0,nan,nan,4861.774424502025,5.928331526448938,154.16704423793354,1180.4725328025395,309.47108177001326,5.148039091285462,4.784272047604058,4338.486483412397,5.70593138079443,166.09662498288262,0.0,0.0,nan,nan,4100.690788473873,0.4999617834394905,nan,0.0,0.0,nan,nan,3971.23784703808,1.3046633456167562,35.3054106127812,0.0,0.0,nan,nan,3889.560952754633,6.122470993969297,199.10758427406356,0.0,0.0,nan,nan,3836.005044284725,1.7130683165225258,51.89870129418356,523.6788544442707,0.0,2.766685308278456,0.0,4360.81746358447,0.4999617834394905,nan,0.0,0.0,nan,nan,3868.4817873527377,3.8870249240142973,125.82026409824294,0.0,0.0,nan,nan,6583.45,1.0,13.810026928666252,0.0,0.0,nan,nan,6548.05,1.0,13.88468655302385,0.0,0.0,nan,nan,6716.44,1.0,13.536579167464883,0.0,0.0,nan,nan,6730.82,1.0,13.507659064352907,1748.3439085160185,105.35721855061024,5.691663070014932,2.1810635497931408,3427.14719693793,0.9940963519400365,26.229468635762945,0.0,0.0,nan,nan,3759.94363255065,1.86204456077764,58.42246332158363,0.0,0.0,nan,nan,4686.419309584802,2.084624758935479,53.3506530262807,0.0,0.0,nan,nan,5875.62,1.0,15.473706908126772
8d36m53pt7396396s2d25m16pt72513846s,8.614927677665994,2.4213125384601866,0.3531498011062424,15.379405198363983,0,0,0,nan,nan,7.4126100449884404,0.0036370601331458963,4.303633874299252,0.45988687211967627,87.94447230922503,14.190694535086648,0.382,macs0034p02a,2123.8898027513433,145.61244117251692,1.994779674404669,0.37354772249365,5006.854565012886,4.262320442163321,106.90749659308659,186.14788124421275,96.81587866590093,0.16451482770556974,0.23736581865390738,4959.416124743772,2.61695350564216,64.73695000733755,3045.079238201844,474.7367347566827,2.660467666954687,2.0891185163432007,3726.2007229453975,2.5080187629265835,82.28800777891851,6088.626822697438,931.7656147322044,5.327984305321067,4.100312143796139,3728.4577246867984,2.5080187629265835,82.22643775362816,9146.469997109585,458.0605671528783,9.169990499167236,0.8797456822477361,6562.008058187619,3.226366823660021,61.09665730746863,2659.088593301443,141.58764276952132,2.495369685646924,0.38119677690167114,4860.577711352954,2.3696496955936306,59.28774955146873,0.0,0.0,nan,nan,4342.241054457171,5.245391514045783,152.4765646119083,0.0,0.0,nan,nan,4097.718773260873,3.12336987280771,94.47761444626772,0.0,0.0,nan,nan,3970.465485505578,2.3521894229875064,72.01108938736837,0.0,0.0,nan,nan,3889.084776010257,4.1507242211319735,133.92965612334783,0.0,0.0,nan,nan,3835.017069779248,2.2706615192715254,71.70017277513293,1487.2653192506054,262.5618754452267,1.2796962738951885,0.7910285067125273,4365.014849187957,3.700270292190268,106.01729790409817,2534.2133173062593,274.0785900079406,2.0588837189779268,1.0199836875040862,3868.889419704287,3.846515857154307,124.46482418912852,3195.830317164826,1053.2605681082546,3.0092819696738426,1.8937129310463643,6582.58814842744,3.937989601971356,74.93971680828912,2.512470632362424,1087.6934546051789,0.002326868314694148,1.9341344060113088,6547.749552394157,0.4999617834394905,nan,1606.8725835433968,219.18980055502405,2.0967981679946046,0.53503714757798,6715.716494504124,3.781368257160163,70.437017503721,1380.9625525890986,288.7582562812405,1.8033635528980037,0.7037711364899968,6730.986671530814,4.282567829323739,79.91325545632284,0.0,0.0,nan,nan,3426.0,1.0,26.53754284399528,3893.8474782800768,729.7843953266226,4.1236713216883105,3.7954365509277936,3762.887542583639,9.99923566878981,337.7342754526394,574.2449913323209,99.97084779312308,0.4584045694411985,0.24423747273584562,4684.199825901498,1.1741549612201942,25.612575462704847,1038.7696552120958,242.25594675009575,1.2238045447706243,0.6200576723478486,5879.049906575523,5.0325768087903375,107.98348884611852
8d37m24pt36688605s2d25m06pt32494849s,8.62343524612455,2.4184235968031413,0.3825469970904676,47.65327011348364,0,0,0,nan,nan,7.67258081864945,0.0030672376274612063,4.997793244021193,0.1995317768481729,81.13960314627278,18.63580459461096,0.382,macs0034p02a,881.8160501367955,105.71941117288486,1.2795560451264256,0.41905387783611225,5006.504269581681,1.4906839604019342,33.46498189776926,945.7346938718705,158.65865254420956,1.3105586223354426,0.609407554564214,4961.973894655107,2.784006663381007,69.17764808746615,7284.27236333991,300.5350981160355,10.670781614967263,2.217166245634236,3726.3914164332987,2.159707553232239,69.80883180522979,8009.171128933854,313.5140396406409,11.755931764417658,2.3129170289297867,3729.2274304476773,2.159707553232239,69.75659902361615,11921.055338957673,407.0730266071791,22.495252271983073,1.4711874574390547,6563.442652918372,2.7240689680225736,51.069042420649936,3425.7107888094597,98.48387574791002,5.311645964788993,0.4379091465308468,4861.774032556787,2.2093909427771745,54.8794546257529,1262.8176579051665,114.89353083792915,1.6051790967375594,0.5171176766718641,4340.934301875502,1.0733565474875144,23.866412245447908,295.66514132157465,11062.155871710922,0.32412819994052366,48.44334497437053,4102.155925252814,0.4999617834394905,nan,0.0,0.0,nan,nan,3969.6717366155035,4.24002528421368,134.1008370032651,0.0,0.0,nan,nan,3888.6863430356375,5.736312145810103,186.3773808248446,0.0,0.0,nan,nan,3832.9435153094996,0.4999617834394905,nan,0.0,0.0,nan,nan,4364.835241517687,1.5869957764945282,41.55758675660845,3481.1626860804845,930.5230000773612,3.685637950616312,4.5207922785321175,3866.0938223490975,9.99923566878981,328.2406140748108,2565.831212704515,914.5060088391181,3.8106302673658052,2.5927108473941227,6584.049282290345,1.88281544624129,33.79983798243992,540.4211761446476,268493750.884917,0.7857719193142292,749405.647645037,6549.051758842847,0.4999617834394905,nan,1770.7498740798085,220.66486963959218,4.293989330086419,1.0008196808161491,6716.78271973311,2.5639966721477774,46.75426773470186,753.095443655394,1970482.5248938845,1.7509906998526699,8553.06578704704,6729.139899488746,0.5813992651122898,nan,0.0,0.0,nan,nan,3436.0,0.4999617834394905,nan,0.0,94.92561141524862,nan,nan,3760.0,1.0,24.18021855944889,0.0,0.0,nan,nan,4685.209287109112,5.581935724151685,150.46418108903887,1158.2390924442648,210.09791614041572,2.418157532051322,0.9535394444485302,5876.17226880477,6.637444528986879,143.01496250181924
8d37m10pt15434495s2d25m24pt52506028s,8.619487318043038,2.423479183410281,0.3877289964241779,31.786767366563463,0,0,0,nan,nan,7.395048779119439,0.0017153457926856214,4.169538584398102,0.21757808932481756,97.49528764810636,16.9217745963455,0.382,macs0034p02a,1692.3697172808402,173.10049377639217,1.334101595677033,0.37274702980178537,5006.586835901064,3.8665293884974954,96.69057785609947,518.1410534645274,149.16714882180233,0.3983110113690816,0.317833631890596,4962.0058335432295,3.359236963284283,84.34852146892788,7991.469617527527,419.74274034389447,6.652730349995653,1.759928325923893,3726.2413764581693,2.426999577366225,79.40112550164329,6685.7662645611435,410.1657481386313,5.575778699321284,1.7197732065157865,3728.818317358499,2.426999577366225,79.34171551667498,19127.5375387848,804.9755336574322,16.936447209840267,1.365335845628632,6562.373394367823,4.156291663453877,79.47515479114773,4050.2675082624005,147.83743683674294,3.31766599786528,0.34736857757362993,4861.00402933938,2.9364228316428322,74.6830459521814,109.04452412563595,6.783788742210461e+139,0.069428931322059,1.5301407133044876e+137,4339.896225475954,0.4999617834394905,nan,0.0,0.0,nan,nan,4101.795645527379,3.0058232194444416,90.73007354425135,0.0,0.0,nan,nan,3970.821550756858,0.4999617834394905,nan,0.0,0.0,nan,nan,3888.89185765855,3.078637200898,98.14090010249936,0.0,0.0,nan,nan,3835.674785169959,4.637438181506687,152.1688008402421,4791.840049411266,799.7187478497594,3.2584253402857453,1.9027926698643507,4366.476505600719,9.99923566878981,291.0428046557292,3939.8900986308504,385.76834380023445,2.5625328123003377,1.148066243783612,3870.6153798129426,6.746982455082176,220.8268269497417,4004.7431055769916,1536.2536348927313,2.8819053697097443,2.1107452501085073,6583.043846795352,2.9394575958119935,55.20764108206373,0.0,0.0,nan,nan,6547.438320145949,0.4999617834394905,nan,2686.432956099558,409.20578054694124,2.8989646506024753,0.8261071201902043,6715.114081718014,3.917151591101327,73.05444889581182,1382.8181329649958,289.0773370214511,1.3661243815477657,0.5330198686485242,6730.855212880262,1.6807907450100712,28.90305802252907,1043.78593763723,269.00484006819414,0.7845575778767253,1.2853496751750597,3427.528493714149,0.9216014973519262,22.275837131970263,2411.329420542258,294.3272435553752,1.6537736529340494,0.9955021546927681,3756.7120194521217,3.3231095493448928,109.99280502249442,191.03215596034946,230.46433315091642,0.13476144999636736,0.4976205458744879,4683.911281525901,0.4999617834394905,nan,3129.8173330105687,490.3145705557005,3.082752247748771,1.0509613326845897,5871.180255525878,9.99923566878981,216.12712798001303
STACK,0.0,0.0,0.48071152489098556,nan,0,0,0,nan,nan,nan,nan,nan,nan,68.59098335947378,15.555762321789315,0.382,macs0034p02a,4304.257010174497,437.7281229790338,1.477666545399445,0.4104649182760449,5006.792610520511,3.4542888331060726,86.01067391779343,0.0,0.0,nan,nan,4958.743793744818,5.689694806019991,144.96187632130432,1388.5154498162779,411.98176213209507,0.2899895401390175,0.43344616483384296,3725.9545067072127,0.9419280000000001,21.534597245939114,2411.845236344249,599.4065059896361,0.5050612621820552,0.6306358074034303,3729.792468197553,0.9419280000000001,21.51848450080361,0.0,0.0,nan,nan,6562.8,1.0,13.853480493619768,0.0,0.0,nan,nan,4859.412616266762,8.300457168578001,216.6007811344169,3100.745767603332,10492150.466795461,0.8140104505187148,9778.67886960684,4335.341720535064,0.5006135332976989,nan,0.0,0.0,nan,nan,4101.126188506858,1.9928518602002476,57.913061419060874,1824.9596043026997,242.59727395657472,0.39304643122128924,0.22495647628378332,3970.068427560744,1.4656867926717685,41.294016095800195,4610.47356096301,328.73667225087104,0.9480008085154782,0.3054641386286497,3890.425623415687,2.771673158825658,87.79067150723125,337.87116319667695,1.2175462576714226e+35,0.06698681285055796,1.1308764664023698e+32,3833.8156613499677,0.4999617834394905,nan,0.0,0.0,nan,nan,4361.883569880193,3.154229804853908,89.73942421714327,752.2029970320281,353.61150295616113,0.1505376250780704,0.32344685551461316,3872.3945714706774,0.4999617834394905,nan,0.0,0.0,nan,nan,6583.45,1.0,13.810026928666252,0.0,0.0,nan,nan,6548.05,1.0,13.88468655302385,0.0,0.0,nan,nan,6716.44,1.0,13.536579167464883,0.0,0.0,nan,nan,6730.82,1.0,13.507659064352907,0.0,0.0,nan,nan,3426.096534439255,3.043040862624281,110.04690576379956,674.7025601982016,1.2595247700348267e+68,0.13805424857161952,1.2692757557721112e+65,3758.6674796584116,0.4999617834394905,nan,0.0,0.0,nan,nan,4685.4830276545945,5.240133906428529,141.09863151956873,0.0,0.0,nan,nan,5885.62,9.99923566878981,216.12712798001303
8d44m29pt97104791s2d34m00pt39179231s,8.741658624419124,2.5667754978644983,0.46388261699781297,43.39820629868605,0,0,0,nan,nan,nan,nan,nan,nan,69.90010380772908,20.922256095238332,0.38429,macs0034p02b,0.0,162.8110103638572,nan,nan,5006.84,1.0,18.158683277981286,1918.2746011071995,504.70398242955315,3.9746922826668003,2.8983199991385673,4962.25286698834,9.99923566878981,256.08064588829484,0.0,0.0,nan,nan,3730.520533736933,0.4999617834394905,nan,0.0,0.0,nan,nan,3729.2025946285503,5.198107141896692,175.85826584482894,0.0,0.0,nan,nan,6562.8,1.0,13.853480493619768,0.0,0.0,nan,nan,4861.657885774967,4.544380475653746,117.58939425978096,0.0,0.0,nan,nan,4340.269081558027,2.0966827035211986,57.969251968815755,908.8229523583927,16940194.19200252,1.707218772576848,127208.04816283967,4100.848966419192,0.5302591139502058,nan,246.17398109806507,104935.04454252355,0.47338238445127373,869.2714976785087,3969.1237757100675,0.4999617834394905,nan,0.0,0.0,nan,nan,3888.9118570590776,6.676429227552341,217.3513369584987,192.8121424295582,0.0,0.34586165826704957,0.0,3835.9591639453215,0.4999617834394905,nan,0.0,0.0,nan,nan,4363.01192690744,2.1160550086708434,58.26630692455839,0.0,0.0,nan,nan,3870.7148969843724,0.4999617834394905,nan,0.0,0.0,nan,nan,6583.45,1.0,13.810026928666252,0.0,0.0,nan,nan,6548.05,1.0,13.88468655302385,0.0,0.0,nan,nan,6716.44,1.0,13.536579167464883,0.0,0.0,nan,nan,6730.82,1.0,13.507659064352907,0.0,0.0,nan,nan,3425.7357468660416,2.2288989952939837,78.63523978604975,251.2227019485017,153.70611858260395,0.49897772558196857,1.5051044019962212,3757.1802015798003,0.4999617834394905,nan,0.0,0.0,nan,nan,4685.115707558433,0.4999617834394905,nan,48.08857778191351,2.3512300173352766e+40,0.10566163314427864,1.1235622031730107e+38,5874.051229780201,0.4999617834394905,nan
8d44m08pt54961201s2d33m49pt19173596s,8.735708225557154,2.563664371100013,0.7442381833141027,39.510150090332736,0,0,0,nan,nan,8.378979854690021,0.010089723787917256,8.675304131181921,1.6451069405136165,68.27654174112182,19.055944632347263,0.38429,macs0034p02b,3149.4007070286953,112.8717632295066,17.507335227449612,1.7138108485301373,5006.848894317158,1.5545441465069736,35.29359432002688,1538.2973100448278,310.0668641722007,27.196215047727826,15.218932348306659,4957.08182056693,4.4079720081064195,111.7298537827696,324.0016245664924,119.1194133341694,1.6809926113689722,3.114778261439432,3725.2941694440824,0.9419280000000001,21.534597245939114,998.1355074267847,292.83376899215216,5.190792415290696,7.657125168282646,3728.67638073628,0.9419280000000001,21.51848450080361,0.0,0.0,nan,nan,6562.8,1.0,13.853480493619768,692.7520993143582,120.34416988997769,3.3268442697443095,1.6579529588354085,4860.770668514942,1.2700776442649337,27.753422833813875,0.0,0.0,nan,nan,4343.192834173228,6.585684850698518,192.07060899974127,342.6861154848451,102.69769820463715,1.8040938785832392,2.15976328266336,4102.134055392965,2.427927685741921,72.15842468185014,2330.5390756234624,268.83011083401544,12.55293541080195,6.235228853986856,3969.821092946877,7.644063934559208,244.0952833618666,215.94884679632176,108.2036343189687,0.8892183493047413,2.0183626252081996,3886.5539291742716,0.4999617834394905,nan,148.62677724984184,inf,0.7294117656921537,inf,3835.524428290288,0.4999617834394905,nan,0.0,0.0,nan,nan,4360.797421925986,2.920581780388422,82.73312519236545,0.0,60.522335705695745,nan,nan,3868.75,1.0,23.500516131444996,0.0,0.0,nan,nan,6583.45,1.0,13.810026928666252,0.0,0.0,nan,nan,6548.05,1.0,13.88468655302385,0.0,0.0,nan,nan,6716.44,1.0,13.536579167464883,0.0,0.0,nan,nan,6730.82,1.0,13.507659064352907,909.5897676310472,227.7739162814445,3.862755083081845,6.1653003413574305,3424.4819269305167,3.373620186871253,122.63536928155771,0.0,0.0,nan,nan,3758.4740237546926,9.99923566878981,337.7342754526394,636.008735288853,103.42911818322119,3.6954890916924557,1.8409011410100562,4681.856011451405,2.211031228410422,56.98368166348524,0.0,0.0,nan,nan,5875.62,1.0,15.473706908126772
8d43m55pt93713655s2d33m29pt99165659s,8.732204760152287,2.5583310157194243,0.3909780116823054,37.84063307417366,0,0,0,10.077617830842541,0.05269778451524996,8.082278687131632,4.723705937549084e-05,9.796540408435709,0.22122408040005703,56.20595073372813,11.074725115145894,0.38429,macs0034p02b,15967.498049557325,144.3394845965014,67.15473040088763,1.658105085653663,5006.836695407092,2.207115604854901,53.22353304633202,5315.313109796867,159.86484651612224,23.70650193335751,1.9782670305445573,4958.938777844413,2.240357302651596,54.63708771638537,14445.334904350617,323.3369243745473,24.420485717122727,2.7534612202630804,3726.048692410994,2.102592699433947,67.74268590491637,20832.596329620428,414.7591881235034,35.2876541942216,3.531991721808327,3728.8618336563277,2.102592699433947,67.6919990673445,13191.17051494465,204.28646588582282,187.65123794043976,5.5663731716164,6562.791269125763,2.618158630472998,48.940076264190374,5773.542499209345,116.76076380227742,18.9209318404847,1.0975232077403563,4861.271376212865,2.148360887403702,53.19168850751438,2702.5463437728567,158.95124648685996,6.7278712963014815,1.4015401152730345,4340.315184074658,1.5615613997326165,40.94251612248253,0.0,81.17602204686499,nan,nan,4101.73,1.0,22.16567686891332,105.69325044099331,395.2403960157812,0.1947584166031429,3.131546563543784,3972.30023001777,0.4999617834394905,nan,530.7511625704554,362.7255206835989,0.9224809881246387,2.8523194298717613,3888.5650973483657,0.4999617834394905,nan,2101.275228252818,185.09304340159304,2.851816970275297,1.175432615264959,3835.672209599459,2.192209768894743,68.95760172231053,31.923831549222665,330.83130090013293,0.07360809615708652,2.673347272504967,4363.04232572072,0.4999617834394905,nan,2925.3290936233943,230.35027815132028,4.9457957553434,1.7838472105525909,3868.969405804511,2.058252105303821,63.694141028781566,219.86367598938338,120721.67510814751,0.6466783836167278,677.8046640126713,6584.258307562534,0.4999617834394905,nan,0.0,0.0,nan,nan,6548.305867793314,0.4999617834394905,nan,2549.070600382089,331.84647763382463,274.995363144599,66.96738900304527,6715.804826204386,2.6257905078756387,47.970672303986056,0.0,0.0,nan,nan,6730.82,1.0,13.507659064352907,0.0,0.0,nan,nan,3427.6102196358243,5.987563311884591,220.97205971740678,3094.08101644021,203.42650296203507,7.2639052904553045,2.355126880860363,3756.79260689578,2.079334572895208,66.29493662969226,0.0,0.0,nan,nan,4686.319864758176,3.5551980255395055,94.70400775597264,682.9871006259917,95.58462830198768,5.266278938474771,1.6023872952285252,5875.549686452058,1.4321059376678642,27.070771486524784
8d43m58pt33951374s2d33m32pt39167439s,8.73287208715128,2.5589976873294926,0.39170222134730537,36.5364302156818,0,0,0,nan,nan,8.038311427476216,0.00013100981076962043,10.086389181025678,0.4807860818984704,98.3645623698219,18.914736716978567,0.38429,macs0034p02b,8290.556388997124,122.92268938317449,27.692614061098546,1.121500339152733,5006.837285818244,2.4803056307978797,60.503566749189055,3089.81597454836,154.20116227320335,9.512029777416505,1.317131393524169,4958.886296515702,2.6420247205106233,65.40470008614352,12986.897492384283,785.4927347134882,20.859902743634866,6.355553672525634,3726.024393069919,3.049192453172996,101.40159754520378,18850.472132077157,1241.945382469257,30.332423016969607,10.048788725598891,3728.5908209953122,3.049192453172996,101.32572623547279,10875.663317628587,219.16911618457078,82.82083975820986,3.196952534519276,6562.670926917934,3.109943625858637,58.78093989679055,4284.758520849791,141.7960189928362,14.150594769138099,1.3432238960192262,4861.143393898299,2.426902554250443,60.85537813460842,539.4113566973624,230.05607297695698,1.3149315259160304,1.9864053808964808,4340.246180204964,0.4999617834394905,nan,201.3887262111617,822.5558885557734,0.35554507435771476,5.801698793463233,4101.933148021954,0.4999617834394905,nan,302.83904295937384,300.4343115534091,0.5042362808650147,2.153577386246223,3970.1977768673923,0.4999617834394905,nan,0.0,0.0,nan,nan,3892.257595925937,8.440808236838452,275.3618614915675,0.0,0.0,nan,nan,3837.0592393632064,2.548444835535279,81.3379664110914,134.26821522542286,5.092781651860904e+59,0.3064337955807101,4.080898078890625e+57,4359.071270681296,0.4999617834394905,nan,1716.6581719942333,197.20165733653891,3.6603904231547455,1.9272379878135841,3867.9744235983203,1.710243495007847,51.349450867267585,0.0,0.0,nan,nan,6581.158714142906,9.99923566878981,192.88987927331783,0.0,0.0,nan,nan,6550.497682094019,9.99923566878981,193.93267853817915,1796.645938984019,276.4014182069297,57.58919649917378,16.5721165254902,6716.164575773877,1.8490147453392731,32.439400111521294,0.0,0.0,nan,nan,6740.82,9.99923566878981,188.66659273341497,0.0,0.0,nan,nan,3427.397741502043,0.4999617834394905,nan,5816.854974677188,369.8383597707757,11.244414077922324,3.509510820762678,3763.482882958148,5.59210164988145,187.8541246780246,603.5429212740933,4376313.646151891,1.5827435331044617,35133.02177338899,4683.496374847679,0.5383592533268144,nan,330.83715241765685,70.92241301778448,1.8380377657583642,0.8566051328323869,5875.885855963579,1.1618973158959804,20.093697535179793
STACK,0.0,0.0,0.4977002583353816,nan,0,0,0,3.47914785201922,0.20191149908937103,nan,nan,0.1586903075459343,1728.716477941559,67.0178066360333,17.326035670202298,0.38429,macs0034p02b,0.0,228.68292260220247,nan,nan,5006.84,1.0,18.158683277981286,172.52812796494976,982.358252423069,0.15316329446831603,2.4206519781385127,4957.727459348307,0.4999617834394905,nan,0.0,0.0,nan,nan,3725.858622245325,4.985291778979231,168.64878224860928,0.0,0.0,nan,nan,3731.8623438549157,0.4999617834394905,nan,0.0,0.0,nan,nan,6562.8,1.0,13.853480493619768,1087.200161326866,11843575.02439158,0.8886470635232051,27761.767173126158,4861.747432031582,0.5374002082411068,nan,1769.3106332203233,203.13626198079498,1.038963611552809,0.42270629082907757,4339.2458265675605,1.190048563237642,28.228204973627378,4107.4442798314385,650.5072490827841,2.2963420759308817,1.4536401899769864,4101.0455194265505,4.609486842713736,141.41063164188733,1863.926063202579,353.5087748076863,1.0577992968347452,0.86407419330983,3969.4685845794625,2.2243283948083556,67.70427020670427,0.0,0.0,nan,nan,3889.401247553774,8.664172393661673,282.6984073570749,641.6932736993082,229.58225288287642,0.28757949532238525,0.4810378517827194,3836.9469370913025,0.948026936773733,21.221881870583715,35.70727451728583,520.0099771646037,0.02116140054826749,1.080277713229178,4362.555652389232,0.4999617834394905,nan,2073.815423002192,285.1142669202686,0.9960867001954002,0.6285415408129774,3865.771218785311,1.2672947465819584,34.76413354369786,0.0,0.0,nan,nan,6583.45,1.0,13.810026928666252,0.0,0.0,nan,nan,6548.05,1.0,13.88468655302385,0.0,0.0,nan,nan,6716.44,1.0,13.536579167464883,0.0,0.0,nan,nan,6730.82,1.0,13.507659064352907,0.0,0.0,nan,nan,3425.471936899758,3.880328745876294,141.8273383316923,3307.344838722969,409.75542007260464,1.5713847402047334,0.9581354923674803,3759.7221327089533,1.851403414521497,58.0334589830771,0.0,0.0,nan,nan,4687.24099368696,6.1927262371184,167.1782769442513,1372.8562386588335,334.24857007979705,1.9438323151906105,1.0290824346911123,5874.9136644307255,3.5256748998838567,74.8718244983181
12d54m12pt50705881s27d19m41pt07114923s,12.903474183002112,27.328075319230518,0.5501389263210026,40.92267942316433,0,0,0,7.839498060285896,0.018772720090725198,7.361780887511172,0.01756354582675312,3.4184043472646644,0.8633057816366382,68.94426683085265,15.39774309880855,nan,macs0051p27,3192.6097437499348,202.8836109139892,70.72847329297272,12.277363320119676,5006.676144831317,0.8001485457711389,9.855728291406146,1254.2695559222866,322.6689449040603,15.614057691261156,11.15805087514266,4955.3772110277,5.139650950201645,130.72077396818517,0.0,0.0,nan,nan,3725.7941781696845,4.468310871683406,150.78714121659914,1670.2107828485525,142.25271764471847,14.060621194648693,6.022341740213007,3728.4414179512987,1.359551687015002,39.7926008059795,0.0,0.0,nan,nan,6562.8,1.0,13.853480493619768,1789.457729719874,435.968755675985,9.82817947661379,6.857411411519487,4865.653909718961,8.484143227850009,221.42803647146224,0.0,0.0,nan,nan,4339.799504347489,5.98272702424609,174.27422747702585,846.5190393461245,157.51052793313255,5.186485499135576,3.857597000804865,4100.914500257926,0.9232404634232787,18.68416945670642,318.1888760069536,4.431165705934264e+20,1.8094065432529243,1.0867858542243009e+19,3967.143249314131,0.4999617834394905,nan,1795.3801313103916,263.56265236759083,14.277987145336532,9.469562237724352,3890.844165398489,3.46747655626294,111.17237750335563,0.0,0.0,nan,nan,3835.425733577074,3.94924032240931,129.01322449497093,291.95147692570686,125.9388930747886,4.737775860026808,7.154691926220074,4365.3874246796,1.9497674775630307,53.09765668118134,755.5458251378284,749141.0136212,14.853542227035366,67520.99433798227,3867.5209173069575,0.5536966436191619,nan,0.0,0.0,nan,nan,6583.45,1.0,13.810026928666252,0.0,0.0,nan,nan,6548.05,1.0,13.88468655302385,0.0,0.0,nan,nan,6716.44,1.0,13.536579167464883,0.0,0.0,nan,nan,6730.82,1.0,13.507659064352907,0.0,0.0,nan,nan,3424.608645159574,0.4999617834394905,nan,0.0,0.0,nan,nan,3760.9843633607484,3.8294262981125913,127.47619637495836,0.0,0.0,nan,nan,4686.564516316269,2.8494248006671943,75.04650483724177,0.0,0.0,nan,nan,5876.253225452921,0.4999617834394905,nan
12d54m57pt08270016s27d19m55pt67132128s,12.915856305599698,27.332130922578326,0.25811820509845473,27.401197725302538,0,0,0,nan,nan,nan,nan,11.259529658417476,528193.9423949651,67.24810742368474,11.345639568673748,nan,macs0051p27,6099.965275234469,239.12537275454403,4030.828444143326,431.59482668856106,5006.86195467425,2.903703123033379,71.65562895452882,1254.2307141468684,232.48945735268157,43.99152557788135,22.62597482578002,4958.80584022213,1.514738595592775,34.48634231092315,0.0,0.0,nan,nan,3726.03,1.0,24.400668213494743,0.0,0.0,nan,nan,3728.82,1.0,24.382410999599827,0.0,0.0,nan,nan,6562.817629267624,3.810847441824801,72.6678374311657,653.1530368041117,30639954.595149115,28.412777350571197,3821146.00245962,4862.65653899263,0.6213669934090307,nan,371.4829675473172,36068753.85212911,139.4547869094546,47941076.22121753,4341.075902136716,0.6016851935317201,nan,414.98586361215513,336006144218.7821,3.900281457266562,12609184003.71556,4103.005658827973,0.4999617834394905,nan,4605.396371980229,631.0913606886988,22.890448714173854,13.551395646398424,3964.313432366987,5.3724569447457995,170.81208618945516,664.7667054206307,8349.343109852834,9.406047649823396,534.4946375510302,3888.5667479051654,0.4999617834394905,nan,1016.889088328378,473.0086194487065,47.756382068527216,103.94607611113624,3835.6285498199027,0.4999617834394905,nan,0.0,0.0,nan,nan,4362.956319539176,3.5506739024715213,101.56861424657734,0.0,0.0,nan,nan,3868.4857769608234,2.839594333223701,90.5596588089152,0.0,0.0,nan,nan,6582.555072470338,5.596198167589987,107.3688064099864,0.0,0.0,nan,nan,6548.534790519826,5.482265383596519,105.71622590964425,0.0,0.0,nan,nan,6716.630265959257,5.526331242516764,103.90788687906976,740.3338525827991,247.3657418803821,15.320634868843774,9.552384024273518,6732.106756103297,3.423143019194006,63.37886063770878,0.0,0.0,nan,nan,3426.0,1.0,26.53754284399528,0.0,0.0,nan,nan,3760.0,1.0,24.18021855944889,0.0,0.0,nan,nan,4685.4067222637395,4.529748191817265,121.59503780812744,0.0,0.0,nan,nan,5874.963957106098,0.4999617834394905,nan
12d54m34pt1191408s27d19m39pt47172348s,12.909477539110501,27.32763103430021,0.6743938455002179,34.66823413870161,0,0,0,nan,nan,nan,nan,nan,nan,77.84015840993095,17.923556984401035,nan,macs0051p27,2884.0758809151293,134.56823452027044,89.79789781867781,11.444402555289127,5006.8087555144375,0.4999617834394905,nan,0.0,0.0,nan,nan,4958.1522587243635,2.4641546127971594,60.65602181035964,695.384936459894,924511.173743124,609.9279233809804,4080064.4076317963,3727.6822514291307,0.5009648703977159,nan,0.0,0.0,nan,nan,3728.1770729894797,4.789457877263038,161.7667117509902,0.0,0.0,nan,nan,6562.8,1.0,13.853480493619768,0.0,0.0,nan,nan,4861.368440698642,4.366069722743143,112.86098004003772,0.0,0.0,nan,nan,4338.482932291376,0.4999617834394905,nan,394.82954653583226,309.0203718978134,4.019438060492497,12.588342947292002,4098.990074063915,0.4999617834394905,nan,0.0,0.0,nan,nan,3967.1240351224687,3.992384507612031,126.042146774676,0.0,0.0,nan,nan,3888.947790977604,3.9167886217473318,126.15358390043752,1824.9529030110136,236.52887748368403,9.859303273246955,5.987714238724437,3833.4932386066635,4.502353749718463,147.63132390805688,1.9847291529627906,302.19099943335067,0.04384928140503941,23.42848818436318,4360.24186635485,0.4999617834394905,nan,2005.3890078296824,252.1445814419428,13.28977430731411,7.659934642154002,3867.701030833977,4.265986508946306,138.47932186596313,0.0,0.0,nan,nan,6583.45,1.0,13.810026928666252,0.0,0.0,nan,nan,6548.05,1.0,13.88468655302385,0.0,0.0,nan,nan,6716.44,1.0,13.536579167464883,0.0,0.0,nan,nan,6730.82,1.0,13.507659064352907,0.0,0.0,nan,nan,3425.434131330632,7.0789756118542835,261.76543309256425,392.15731746370017,0.0,20.93342636179152,0.0,3758.625355544843,0.4999617834394905,nan,0.0,0.0,nan,nan,4686.157607600214,3.8861936239496027,103.86103071048645,0.0,0.0,nan,nan,5875.62,1.0,15.473706908126772
STACK,0.0,0.0,0.4942169923065584,nan,0,0,0,nan,nan,11.188960140891764,0.04848025511309683,9.633899760620071,50286.24583103087,73.25178479438908,13.900213939756041,nan,macs0051p27,4532.832315833446,224.13891250680877,98.93715013042763,13.363838306929447,5006.57271287041,1.0305820719311765,19.232467823551282,1924.7993938321229,451.837930664953,19.261661687681524,12.549956596363069,4957.841415418757,4.038386936790386,102.10813642026271,0.0,0.0,nan,nan,3726.0758164759222,2.272456131893678,73.869239485502,669.2221449257504,584.5730289645812,11.944090341471865,52.32141213475383,3732.453866473483,0.4999617834394905,nan,0.0,0.0,nan,nan,6562.8,1.0,13.853480493619768,739.7683214146927,3861382.470753631,4.430480283093137,66357.11868003702,4860.130310457447,0.5075206691582229,nan,0.0,0.0,nan,nan,4340.267920358604,6.880685423942725,200.77044342166056,2032.7910915729744,23813394.6454883,15.824038570037668,741119.5323368511,4100.611737547999,0.5126174873333175,nan,3403.067996414204,449.71319120995776,12.019746268966257,6.846538085688871,3968.168751154415,3.4490398922236594,108.29989785223627,1060.0202926883517,383.7818532590455,4.494530912381316,7.354120365730728,3890.3252869019184,2.1143159721144094,65.30974471312275,0.0,0.0,nan,nan,3834.63136511356,3.97493686213913,129.87981331514467,0.0,0.0,nan,nan,4362.075634526661,4.499932594984232,129.70110211923077,1741.2757474936684,313.30419854935565,10.492220357193615,8.654433154793026,3867.6424971457072,1.806529452858492,54.80374131522948,0.0,0.0,nan,nan,6583.45,1.0,13.810026928666252,0.0,0.0,nan,nan,6548.05,1.0,13.88468655302385,0.0,0.0,nan,nan,6716.44,1.0,13.536579167464883,0.0,0.0,nan,nan,6730.82,1.0,13.507659064352907,7367.321723321264,366.6379629832067,22.924905366224888,7.283476694815221,3422.6197480089127,1.955258955368906,67.84154434250505,0.0,0.0,nan,nan,3760.82177100766,5.489311053574503,184.34561468103763,0.0,0.0,nan,nan,4685.691969612779,3.706577990169143,98.89567986096341,0.0,0.0,nan,nan,5876.6003730561615,7.481103740080764,161.38583833020772
17d52m26pt11573256s8d55m40pt5527223s,17.873921036823326,8.927931311749049,0.6967212709664361,36.967006157907626,0,0,0,nan,nan,nan,nan,127.52851402134714,3875.687144814381,58.112289139136394,14.852735853282446,0.4854,macs0111p08,678.1275984126495,169.86176226459517,12.113134584073158,8.287374242448092,5006.91480230564,0.4999617834394905,nan,174.04546488082352,150.91942038274297,2.349856257199816,5.653703154003416,4958.82777476878,0.4999617834394905,nan,0.0,0.0,nan,nan,3726.2873971801273,2.2423221833886773,72.78624203236843,0.0,0.0,nan,nan,3725.4277144978114,0.4999617834394905,nan,0.0,0.0,nan,nan,6562.8,1.0,13.853480493619768,6.682215893700658,203.0697341325805,0.4219270088990638,36.77088992434651,4861.763096971261,0.4999617834394905,nan,0.0,0.0,nan,nan,4340.286075076931,4.0970125740678425,118.4025964842715,0.0,0.0,nan,nan,4103.881850812035,2.3352829456719144,69.14996336931804,0.0,0.0,nan,nan,3969.4756265061255,2.94930364862649,91.87402965577272,0.0,0.0,nan,nan,3890.059821928323,1.577156015273989,46.2650623432936,675.3327639491696,436886.35793435824,39.095685668096245,118333.46470833613,3835.817435048307,0.5214862316012857,nan,631.1148479559095,132.50191479779681,6.956680143844572,5.119327524541193,4362.749219230827,0.6789514412560248,nan,0.0,0.0,nan,nan,3867.100772820496,2.1075665012583262,65.4171771550243,0.0,0.0,nan,nan,6583.45,1.0,13.810026928666252,0.0,0.0,nan,nan,6548.05,1.0,13.88468655302385,0.0,0.0,nan,nan,6716.44,1.0,13.536579167464883,0.0,0.0,nan,nan,6730.82,1.0,13.507659064352907,0.0,0.0,nan,nan,3421.810971560434,6.186944526370707,228.4305563004859,0.0,0.0,nan,nan,3759.1806384350675,4.8545468234925595,162.65270081455623,719.1992662263541,153.91065910506177,9.721733868455287,6.365586929927174,4684.870357544432,1.929892770562995,48.864448094973426,0.0,0.0,nan,nan,5875.62,1.0,15.473706908126772
17d53m07pt61874487s8d56m05pt75307645s,17.885449651352566,8.934931410123806,0.6984787742335801,11.677469432621637,0,0,0,nan,nan,8.908037203111714,0.004871464017418971,20.454310082720493,98873.32121353806,81.27129373837808,21.17952307772082,0.4854,macs0111p08,3658.2623614266076,105.17128803280409,452.0042764918945,35.49361442297529,5006.849691213242,0.8135140984121806,10.539436781375958,199.73363162914418,24944294.5592619,5.781753017979172,2001797.427579608,4961.39190193422,0.4999617834394905,nan,882.4444436023665,118.95645183635561,3.566573428574087,2.4255232486932883,3723.8860830863005,1.4289341433093352,42.56394680305734,419.88334616382724,79.71986812988192,1.7056236142832597,1.625488912512235,3731.113748153675,1.4289341433093352,42.532099352233615,0.0,0.0,nan,nan,6562.8,1.0,13.853480493619768,252.28539911406318,297.8923689596407,79.2478946858816,268.7546493881108,4857.419665375242,8.204778573343805,214.08605511377814,0.0,0.0,nan,nan,4341.534934008771,9.99923566878981,292.5682705754515,0.0,0.0,nan,nan,4101.474181683113,4.647846317010122,142.61509248073926,835.4957775038143,227.94942868145665,29.1134851899415,34.17014964235242,3971.4830232173276,8.271748095604424,264.30193019434415,279.14435339587493,131.31628189546797,5.8128778376129056,12.357531338633807,3890.4186549956817,0.4999617834394905,nan,0.0,0.0,nan,nan,3834.204879187958,5.547462510999767,182.6675373754802,0.0,0.0,nan,nan,4355.511935330977,0.4999617834394905,nan,667.2362029705963,114.18684025885555,10.984340654535709,8.626584509410874,3865.9873298544117,2.4310230777975645,76.61024934034023,0.0,0.0,nan,nan,6583.45,1.0,13.810026928666252,0.0,0.0,nan,nan,6548.05,1.0,13.88468655302385,0.0,0.0,nan,nan,6716.44,1.0,13.536579167464883,0.0,0.0,nan,nan,6730.82,1.0,13.507659064352907,853.6758864849797,118.37486729076001,118.8527486375135,105.0038622181764,3424.9291138009853,0.7993372259621435,14.341061433366578,0.0,0.0,nan,nan,3759.6135687440337,6.157898168477341,207.14924953680944,0.0,0.0,nan,nan,4685.593906591954,2.016618787273258,51.38480666533038,0.0,0.0,nan,nan,5875.62,1.0,15.473706908126772
STACK,0.0,0.0,0.6976000226000081,nan,0,0,0,nan,nan,nan,nan,nan,nan,68.75752106843198,20.25372215606099,0.4854,macs0111p08,1363.067914032586,732306.3552144847,83.19410172211775,122094.45750152114,5006.5449561142605,0.5006443207693827,nan,637.5820608246636,309.0620772866006,4.990238372533255,6.715924475045625,4956.982964952649,4.355762186248949,110.37203232730705,0.0,0.0,nan,nan,3726.3887884045107,4.5829217764506565,154.7508497666202,756.0109327493866,134.2121682012454,8.64902332922316,7.724100156821138,3727.9614415727615,1.1530471567529672,31.282863517850895,0.0,0.0,nan,nan,6562.8,1.0,13.853480493619768,0.0,0.0,nan,nan,4861.467207237865,2.2162440153292886,55.06864061060773,0.0,0.0,nan,nan,4340.6591374769605,1.7141363797339864,45.8940412974271,0.0,0.0,nan,nan,4101.860117913948,3.946862931112534,120.56127114545774,0.0,0.0,nan,nan,3968.8880873194626,3.257617205930959,102.0230695432547,0.0,0.0,nan,nan,3890.7170133223103,0.4999617834394905,nan,237.65975896771855,0.0,13.753352192028004,0.0,3836.1605555805486,0.4999617834394905,nan,551.4811639468991,935.3964989539475,11.07048447097053,65.81373583690558,4362.810228570739,0.4999617834394905,nan,946.7955031068477,129.21430247066098,133.3145258095311,83.1879147908891,3871.804956457022,1.755972904428355,52.99446174042493,0.0,0.0,nan,nan,6583.45,1.0,13.810026928666252,0.0,0.0,nan,nan,6548.05,1.0,13.88468655302385,0.0,0.0,nan,nan,6716.44,1.0,13.536579167464883,0.0,0.0,nan,nan,6730.82,1.0,13.507659064352907,4351.6556807317265,1139.9665543988333,197.18494857137,328.1792690210173,3428.186004064877,9.99923566878981,370.65991701749095,0.0,0.0,nan,nan,3760.7708847028134,5.102386302510339,171.12857260001857,605.8443053045016,204.32979640344425,58.63872015764339,60.49576069063017,4685.502413295361,0.7536967760787384,7.591041618493395,0.0,0.0,nan,nan,5875.62,1.0,15.473706908126772
24d30m55pt80557939s-21d55m31pt49246619s,24.515501549831114,-21.925414573940934,0.7590433272558361,7.602265951397631,0,0,0,nan,nan,nan,nan,nan,nan,137.1588697530355,29.665511902355124,0.338,macs0138m21,400903.5181200952,16849.37799276021,20.71846263200323,2.3786565182303443,5006.530013230056,7.219646888272989,182.71079701174045,0.0,0.0,nan,nan,4958.8779286696035,7.866187373920776,201.14748981431057,12766.028744449668,2360.5392017400595,1.076637125090091,1.0052986813279332,3722.515388854452,11.20108308739422,381.96794891732696,13797.531985998345,2058.5148890553155,1.1728429240595033,0.8766735591324901,3733.82,11.20108308739422,381.682150574291,0.0,0.0,nan,nan,6562.8,1.0,13.853480493619768,0.0,0.0,nan,nan,4860.572217975528,5.720908096820563,148.6952990731097,0.0,0.0,nan,nan,4339.935459393577,0.4999617834394905,nan,366.9409970974068,169.50752812585745,0.0330454412494417,0.060996548754577516,4101.6337137818045,0.7879564718832435,11.228582219714209,0.0,0.0,nan,nan,3969.9569039979883,7.980141337541983,254.91595854266555,3561.171766901997,415.24450678592234,0.33439899759275543,0.17598108385922795,3892.488625250598,6.884222717664903,224.19010240527166,0.0,0.0,nan,nan,3834.123010282277,9.99923566878981,331.09476865566154,1732.76806332422,601.1255471274443,0.16642019786313603,0.20250891231185314,4361.176749558564,3.0479344396000707,86.55573303274177,81.2732026114686,7.230967226498638e+16,0.007240952899239678,29476068134158.43,3870.7254013710913,0.4999617834394905,nan,0.0,0.0,nan,nan,6583.45,1.0,13.810026928666252,0.0,0.0,nan,nan,6548.05,1.0,13.88468655302385,0.0,0.0,nan,nan,6716.44,1.0,13.536579167464883,0.0,0.0,nan,nan,6730.82,1.0,13.507659064352907,14335.105204132016,540.5680388897184,0.997786848058376,0.23899904634148886,3428.427023068871,9.99923566878981,370.65991701749095,0.0,0.0,nan,nan,3758.955981205226,3.1862003978414983,105.24604769137409,0.0,0.0,nan,nan,4686.527913417227,4.33278041244546,116.17533074279284,0.0,0.0,nan,nan,5875.62,1.0,15.473706908126772
24d30m59pt90139654s-21d55m09pt49240601s,24.51663927681674,-21.919303446115237,0.24434970173303205,21.362446756525344,0,0,0,4.010819200426293,0.5941594572035356,nan,nan,2.5480855566260066,421322.01329933124,90.34141650600242,19.52626158585235,0.338,macs0138m21,1025.2411038639768,8659.39774518435,36.85214425584145,850.1838783470287,5006.82770767093,0.4999617834394905,nan,0.0,0.0,nan,nan,4958.754111085991,5.925437480283667,151.058567076616,0.0,0.0,nan,nan,3726.03,1.0,24.400668213494743,0.0,0.0,nan,nan,3728.82,1.0,24.382410999599827,384.81683364896696,126.29064055606493,93.03170173176231,58.47637721775034,6563.256809647169,5.352072957036428,102.93169995576082,402.3574095453561,66529176.460956655,11.262946493876274,5342698.254330325,4860.665429388781,0.5924113385136744,nan,645.3007944575552,176.4100528683216,34.6644848070282,33.59057416938448,4338.6742634567745,3.11682040784716,89.08411567993642,0.0,0.0,nan,nan,4102.507738863922,4.890378254827412,150.2253140041375,0.0,0.0,nan,nan,3970.773223988634,6.436461460906185,205.17631390149126,4261.461206474501,441.86839301797244,22.01210504891209,10.346340060808116,3885.4838020099965,9.99923566878981,326.52642944617054,0.0,0.0,nan,nan,3834.412690142942,4.512102868550779,147.9589054874992,757.146619230707,14598.38195500972,29.550757385419416,1994.6963092079434,4365.30670388212,0.8139358537506731,12.118275051750055,0.0,0.0,nan,nan,3873.071179024091,0.4999617834394905,nan,0.0,0.0,nan,nan,6583.052008841002,4.50443242802295,86.04805574762531,444.5358416577402,107.33582309564682,205.1009948734797,95.09429572047858,6547.183061808907,3.985860304778411,76.29045560473,69.58345904236717,237.03467445605384,8.535874131281851,54.370239775304164,6718.494268031253,0.4999617834394905,nan,240.91433256963847,184.88574916173502,12.735060919271076,18.239223859891208,6731.46692521131,2.4732988316190156,44.868489812395396,0.0,0.0,nan,nan,3426.0,1.0,26.53754284399528,0.0,0.0,nan,nan,3760.0,1.0,24.18021855944889,279.07557822244246,9183922.723725019,74.68363821966899,7516435.800682854,4686.0400398448,0.5584368460293773,nan,526.1156728188495,234.63748527778253,35.93282854211643,34.85292926277844,5873.99601771836,6.240280158807366,134.35803472339245
24d31m02pt27310359s-21d55m20pt2923582s,24.517298084329358,-21.922303432833232,0.33173262534725456,15.226398507443978,0,0,0,nan,nan,7.964827539101493,5.0726420987199964e-05,10.713574722468815,0.2777628455638578,137.4394594540715,17.06172171006863,0.338,macs0138m21,23796.45096278128,438.2466138246102,44.65253239078475,2.2462442860259446,5006.713060406375,5.291064080681233,133.35457677870068,8396.885399005236,146.78242055154436,17.346735984772856,0.8413669900360493,4958.809755022675,4.766878228442894,121.0534126349374,153710.1199339586,1930.706101809248,147.57352918633438,9.320835601279702,3728.569919343294,6.304443426245651,214.07684338824916,61402.05576049601,1883.1839364259913,59.16653516774647,9.091413686396294,3733.82,6.304443426245651,213.91666553223752,45868.369241105414,1679.1356242216716,56.2736447999675,3.945309555474982,6563.6732056368755,7.4404463691575415,143.69519562906868,23083.379587355186,541.2272234665451,41.889972647066486,2.816168094635932,4862.250626045508,6.5444445038355115,170.40488489162564,12568.590407804764,319.4527890739911,15.360272781332368,1.382036100255394,4341.477503232766,6.307393734865224,183.85947129166132,1730.9402296682467,155.49041196914862,1.5113834557519374,0.5422849336256093,4102.352173878441,1.6742127066000916,47.204414704552626,5360.279765382956,315.1712840406521,4.847556972600739,1.2256486338158048,3972.1626950572163,6.370542983217057,203.04973521388024,3454.366333444522,251.5169981311231,2.447831068622141,0.8057842664954794,3889.726788918544,3.284100254206764,105.03599261944437,528.4847109940384,117.43771358127447,0.39817425982764265,0.41436929342991535,3834.356437794546,1.2667030256490748,35.04285435462774,0.0,0.0,nan,nan,4362.743178098615,9.99923566878981,291.0428046557292,5400.715005691017,417.6047634430153,3.84565930777365,1.361699363659734,3869.3738666101226,7.565245354938087,247.8838422171487,0.0,0.0,nan,nan,6583.647557162604,5.9758753573086185,114.76535661822074,0.0,0.0,nan,nan,6547.8370045069205,9.224005328267456,178.8201037794604,7454.338988255652,2422.0488635936485,13.25022407088756,8.045912729420708,6722.013141945978,9.99923566878981,189.07053077254085,7949.562423110821,1093.869735521033,13.223541910597824,3.3946093913058975,6733.703697671962,7.315612092739658,137.7362848048508,0.0,0.0,nan,nan,3426.0,1.0,26.53754284399528,0.0,0.0,nan,nan,3759.946196728037,6.838898535730667,230.3426244886992,966.4412617834629,198.49314066317692,1.6576309100324726,1.041819330542686,4684.51527090475,5.884275078367841,158.740723315888,0.0,98.66131805249731,nan,nan,5875.62,1.0,15.473706908126772
24d30m35pt75502313s-21d55m44pt49235452s,24.50993195086999,-21.929025654033342,0.33346293128152293,21.274355039228844,0,0,0,nan,nan,7.967190041269454,0.00016007093872268222,9.421121376208255,0.5925128865539404,142.35104585683774,22.11622712596541,0.338,macs0138m21,22017.429892873144,343.5388216666282,2.172112429980835,0.09257280659979197,5006.802722062635,5.858097175263073,147.88800465857423,6966.910955947485,426.62453624231324,0.6536653890174202,0.11104497099148057,4959.324388226746,5.689769697993956,144.9638137418852,90434.16375707932,6252.59424268623,4.975681694572989,1.7326551593696184,3726.2634370948167,4.168282120201294,140.39825470882352,98238.63608138027,8713.542984154596,5.415525537740924,2.4146081805235147,3729.0291566398387,4.168282120201294,140.29320508705644,99963.04433871922,5751.534497702802,13.550321738803222,1.4932764174203381,6563.055257687518,6.694893525627373,129.1607354172213,23103.1033351235,901.0710772726619,2.253887597652429,0.252136556068123,4861.283235772934,4.71846832238093,122.20146704415906,0.0,0.0,nan,nan,4340.680115305901,0.4999617834394905,nan,0.0,0.0,nan,nan,4101.656596553396,0.4999617834394905,nan,0.0,0.0,nan,nan,3969.971317135778,0.4999617834394905,nan,0.0,0.0,nan,nan,3888.984912746967,0.4999617834394905,nan,0.0,0.0,nan,nan,3835.4285045121073,0.4999617834394905,nan,22702.234175972502,4930.394101590102,1.5442239633465065,1.1733329802344403,4366.729692681095,9.99923566878981,291.0428046557292,74996.97083433944,15450.944506746926,3.727477769983688,3.5307003046879153,3863.065284460175,9.99923566878981,328.2406140748108,0.0,0.0,nan,nan,6583.094612186987,1.515222445604764,25.987001608545565,0.0,0.0,nan,nan,6544.495750255875,9.99923566878981,193.93267853817915,8468.336917041943,1205.4994319818195,1.5992190952147505,0.4259290737854434,6714.61206384004,3.4065352694438986,63.19292580841747,14015.751654436446,1927.0639913131963,2.7430318957352258,0.7039002278440353,6730.911837896711,6.764060653692774,127.25192199632696,0.0,0.0,nan,nan,3426.0,1.0,26.53754284399528,19777.096819726972,2760.6780159864466,1.008035331388816,0.6919345924750038,3760.94778920748,6.326545430829964,212.89574334704471,3081.367551132285,636.6515637302657,0.24039434240948057,0.15176185390236424,4688.439888089058,9.99923566878981,271.0131455203778,7178.303215597252,691.5730360163664,1.149433851408633,0.2408063021207004,5874.689319608157,9.133532775251835,197.31896637193304
24d30m37pt04859018s-21d55m45pt69238209s,24.51029127504925,-21.929358995024447,0.6515907327578208,21.47030132664267,0,0,0,nan,nan,8.163344721145554,6.114773299482735e-05,11.51323554316846,0.5423906311657939,58.932613769686796,13.272682444513437,0.338,macs0138m21,11163.248538916061,104.74050925854306,2.7999733176302706,0.07175720885231784,5006.833882979474,1.8403824656477712,43.27868778937701,3641.8095702939822,119.95167733708675,0.8837829459457927,0.08076617910270328,4958.92826270337,1.9088857531900179,45.592868076934536,4528.532028491747,136.7015175199434,0.38891443469708376,0.05913979635670036,3726.006204739597,1.6764517729158297,52.04829811124338,4857.0990947748805,135.25046921775615,0.41799700537182594,0.05851204399043588,3728.974078722833,1.6764517729158297,52.00935422236423,0.0,0.0,nan,nan,6562.8,1.0,13.853480493619768,2101.119979850543,96.57935690107739,0.47559674398784135,0.06270166272278933,4861.336716473909,1.3657089840611922,30.71034207253688,1537.9311411408694,126.59375881708766,0.23709976203672964,0.06912316926163414,4340.413109416446,1.8397622485571763,49.9034862472642,0.0,0.0,nan,nan,4101.008661566657,7.798754542954243,241.08191509216041,0.0,0.0,nan,nan,3968.852024391603,0.4999617834394905,nan,1825.5751443290244,291.61886849418386,0.1883281332613143,0.13617212455078628,3887.815427431241,5.230673777785717,169.68824180162866,1216.2921404726096,128.93873183902528,0.11722947084274145,0.05812372995781521,3836.3753823081684,2.0843423091793,65.16814731796006,0.0,0.0,nan,nan,4362.061523546808,4.3538549440217365,125.38451382439104,2157.3879894400447,92.99170135445563,0.2152152948463883,0.04249450555600106,3868.8376213106794,1.9294713144146949,59.16784222588116,0.0,0.0,nan,nan,6583.45,1.0,13.810026928666252,0.0,0.0,nan,nan,6548.05,1.0,13.88468655302385,0.0,0.0,nan,nan,6716.44,1.0,13.536579167464883,0.0,0.0,nan,nan,6730.82,1.0,13.507659064352907,1704.826569307388,190.22557505020433,0.10562162736170769,0.07505187463603752,3425.483551381065,2.1817092385583368,76.78602643572997,2903.4528484165917,228.55707205668577,0.25877155469329677,0.10010155114929564,3761.933148846556,4.272235417308799,142.6990268306968,191.19658417817502,2520989.559685406,0.03768935513700269,1518.8660877066945,4687.660918208171,0.5015204871479552,nan,0.0,0.0,nan,nan,5875.62,1.0,15.473706908126772
24d30m57pt53061573s-21d55m48pt89244417s,24.5159807265927,-21.93024790115726,0.30889541782183505,22.605383488620408,0,0,0,nan,nan,8.077647926286017,5.160537559354507e-05,9.775235019169354,0.20653124624116112,92.27744212176971,16.136052896609502,0.338,macs0138m21,16307.613963970616,115.87045840172259,28.0017821320661,0.5434412426775729,5006.854821030017,2.4419275239159073,59.4856741540614,5291.193660547624,93.79310216004342,8.10523734524054,0.3986390861344891,4958.913873887553,2.578771477701254,63.719052032484726,15587.11913936103,397.2505534462897,22.577835172822486,2.899269604229507,3725.6839919862628,2.458594565028732,80.5279116951451,22298.876573036127,531.1277127585132,32.36479707856554,3.8763506311210163,3728.5649343471623,2.458594565028732,80.46765861947252,13840.213917798948,145.45768660412674,20.11807904034704,0.40500315795172853,6562.597724483017,2.696008768172357,50.5055881920589,6085.255568819059,108.13803618390789,9.262117710051044,0.47211408442095026,4861.136950807476,2.3195192901522366,57.91217055220525,2279.8961237749877,144.17741185400578,2.87830463166032,0.6447143056316607,4340.259645051431,2.1174116997797454,58.613868294051734,0.0,63.94001653071582,nan,nan,4101.73,1.0,22.16567686891332,606.212855168016,1.2161782746275405e+81,0.6235094836895441,5.388383920115833e+78,3969.207642273247,0.4999617834394905,nan,439.1863390322749,266.1718146727117,0.4034453919319766,1.1060253234806767,3888.8838557857903,0.4999617834394905,nan,0.0,0.0,nan,nan,3836.692291079186,4.731445223147438,155.32465534157762,0.0,0.0,nan,nan,4366.93096836411,7.491435224483138,217.62944024601606,3344.1071597071905,194.46397997435955,3.1009007345094193,0.8261714999764741,3868.5480646385085,2.7233304936487124,86.60643066643087,0.0,0.0,nan,nan,6582.754851394047,0.4999617834394905,nan,0.0,0.0,nan,nan,6548.955434848997,9.99923566878981,193.93267853817915,1921.879364229995,250.0781007522562,2.771161009187163,0.6744283581372222,6716.696390990581,3.0173681931320195,55.633854418172305,1729.985325053646,265.119901370505,2.61944126232297,0.7492686248224959,6730.472719266192,2.7257463830356405,49.82704618771155,0.0,0.0,nan,nan,3426.0,1.0,26.53754284399528,4864.797923469004,408.2297782843427,6.13281846447834,2.534876756234936,3758.515729381463,7.74102809095236,261.0302535693579,0.0,0.0,nan,nan,4686.774399119203,6.1660447575112896,166.44864336343366,1269.3989359262036,199.5803907132916,2.8011345459505255,0.9577606293274689,5874.30366693455,7.379784642669352,159.1806968521269
24d31m00pt33295145s-21d55m27pt09239796s,24.516759153179958,-21.924192332766825,0.3445782434349487,11.268383408376957,0,0,0,nan,nan,8.130753846097342,0.0002832653812127256,11.163567546150478,0.815333795782226,107.08455574212391,21.382446757497128,0.338,macs0138m21,7045.254115752577,77.052367131285,4.720912353563866,0.1410265833143491,5006.846951901478,1.9778619540231086,47.0365357359295,2626.1554861646277,86.50872667114635,1.7045700083933117,0.15579350880319304,4958.926848750755,2.047592485381048,49.400597626216204,4373.091236461745,630.7629254747936,2.2934119691011405,1.6682865669013287,3724.355714227294,3.347854354375218,111.86033535949942,4724.4844655785255,708.0139352519302,2.4839924872101604,1.8726055220678057,3727.9890649397985,3.347854354375218,111.77663855041423,2598.9552673575067,167.47988754676044,2.6340164215959403,0.3251490617102702,6562.277970032008,2.1982251172313036,40.42298721327181,1681.2712626466407,88.06475651076904,1.0651517292012516,0.1600279033979106,4861.249873700731,1.804113762713736,43.545352951202204,377.6946277732394,131.42116031209585,0.18461846276789645,0.22739972506122083,4341.526784637215,2.617026620689899,73.96321335593112,2810.3186319520983,483.6430518065939,1.2433596654667498,0.8572966872502321,4096.712128488493,9.99923566878981,309.59640827210086,0.0,0.0,nan,nan,3970.5463892205044,1.834868109108044,54.38937904409932,5555.881810030835,601.1239881792475,2.5792450065234207,1.269298284782973,3880.0915718594497,9.99923566878981,326.52642944617054,878.0765425214443,245.03976324917022,0.4301549525182612,0.5612866606492315,3836.7864904953985,2.432069463643305,77.31266792206156,0.0,0.0,nan,nan,4363.1353966942725,4.117678302008189,118.39717824067112,9844.48346042605,1585.3028575761637,5.131254100977502,3.7685463435148034,3875.807942607359,9.99923566878981,328.2406140748108,0.0,0.0,nan,nan,6584.431017740467,0.4999617834394905,nan,0.0,0.0,nan,nan,6548.867984415805,3.2527104556549604,61.75886014269619,235.25848971876022,167.62596095814425,0.24704431833998003,0.32931727025518953,6714.869254933068,2.2684860009089136,40.900787082109396,0.0,0.0,nan,nan,6730.953211296138,5.329532393905381,99.93218480006266,0.0,0.0,nan,nan,3426.0,1.0,26.53754284399528,0.0,0.0,nan,nan,3760.252522078949,0.4999617834394905,nan,0.0,0.0,nan,nan,4684.897780453721,6.843132058518318,184.952895279053,903.4568901267082,244.85326183644324,0.8409206122704699,0.49534725519742234,5876.975942209552,6.601193475036867,142.2250626443068
24d30m58pt17739765s-21d55m47pt69243466s,24.516160388235388,-21.929914565184216,0.3087744999888289,21.758663467546537,0,0,0,nan,nan,8.060809794112032,8.436621348630819e-05,9.842528257544695,0.29915708410773584,63.553478464237166,12.262199437656296,0.338,macs0138m21,7800.608588346703,111.61165337792232,30.61068292327186,1.1962962731826063,5006.8544177752565,2.5957679348519624,63.55799147669558,2161.6304660701944,110.12884094347115,8.74273937289391,1.235756630269066,4959.1300022500145,2.412218903100183,59.26406874431527,9135.78884172343,359.7825741849842,34.12811031109105,6.770698326446437,3725.9492556871214,2.5287242049283067,83.02448932927,12186.45264062774,467.6908907170989,45.61334713429686,8.801409957794073,3728.7481364280657,2.5287242049283067,82.96236824934962,7905.237693569479,143.39676876016344,54.28729789546318,1.8862209844670015,6562.714865451209,2.8466379319247714,53.52561135843563,3178.5004541680896,74.06290194931515,11.816743029033287,0.7897644285676164,4861.240365608004,2.1861303177172164,54.23682913141637,2053.859538733134,154.78011593550372,6.308632177650485,1.6839203664557394,4340.291405451346,3.089220942720047,88.2531756119921,271.79969329087817,159.15738157836043,0.7498565786784037,1.754738089808681,4101.39946580456,0.4999617834394905,nan,380.3606117963406,86.45621682029939,0.8381722048947654,0.8197938240386597,3971.0460583893173,1.1172754161140699,27.924505805999626,1251.856345790977,999822.1013348541,2.8245798734939425,10192.980003118586,3890.6832447133716,0.661624051321544,nan,0.0,0.0,nan,nan,3832.0281288173364,6.758628311011896,223.13564501367648,0.0,0.0,nan,nan,4364.634748142178,3.893116551731245,111.74239653013221,0.0,72.95117572145291,nan,nan,3868.75,1.0,23.500516131444996,0.0,0.0,nan,nan,6583.752383857813,0.4999617834394905,nan,0.0,0.0,nan,nan,6546.5762081795065,0.4999617834394905,nan,1479.825387219687,258.4080623909897,12.273490823957898,4.0087060971963755,6716.450872833054,5.059855353812477,94.98732744798738,675.7690995022722,167.37727338164308,4.623265987888567,2.1372350751943427,6730.838597074198,2.3105203525305846,41.64845495732875,0.0,0.0,nan,nan,3426.0,1.0,26.53754284399528,286.7476199202837,268.98907659122216,1.2802712592122552,5.919904170345864,3757.4339656830957,0.4999617834394905,nan,0.0,0.0,nan,nan,4687.847047671244,0.4999617834394905,nan,486.32912182698107,117.275416297794,3.0062435727403707,1.5763991345877608,5874.714163427477,2.2401627623591973,46.10821125999249
24d30m53pt43392294s-21d55m16pt69248821s,24.514842756371863,-21.921303468945958,0.33143147347546886,12.036739331093662,0,0,0,8.414882582908302,0.2779828928985596,8.018647289273483,0.00025805493041217425,17.038667576986217,2.7500165676439847,82.09869108764951,14.868574450216173,0.338,macs0138m21,2508.751252786559,79.66547479219989,64.41413591704135,5.587001278847426,5006.85183176377,2.3146903302213087,56.10030752270493,1074.4918525321455,62.83448268856875,15.107412094069582,2.45117992649211,4958.960440701522,1.9025556144630622,45.418140260215274,7657.036694773859,742.5001348558186,48.63396938616923,23.728633707994383,3727.6968025349643,4.508106091635537,152.16370083882293,5004.302174405918,876.5743812420135,31.864201760304944,28.01334495965117,3731.266601617121,4.508106091635537,152.04984800459107,2779.4479624139562,192.33281093477032,47.887975825539066,6.346683756202928,6563.355644676419,3.4330927435820504,65.19864489791532,953.3950880313969,138.19136250364622,10.035400487150007,4.17158530540582,4861.655424056603,3.194569468277149,81.62729492249044,597.3107895816652,98.04047989559551,8.197945446695423,4.767156492531742,4339.764331612487,1.9254040043057474,52.609592739186546,763.2184474351723,566.3100571923445,10.292690612715129,30.520242115797277,4101.410616195419,0.9420724815976044,19.5688264884813,0.0,0.0,nan,nan,3970.7234588732617,4.1167665364116015,130.09157501660292,1237.8581956019264,806.4562644409922,145.33468417188385,428.12070451080587,3889.547437058062,9.99923566878981,326.52642944617054,0.0,0.0,nan,nan,3835.527562941388,4.350384297034458,142.52262799321093,668.5858981408306,79.54559585842362,5.851651699660069,2.443068055593346,4360.258450585021,1.4181400045068808,35.98642911441178,0.0,0.0,nan,nan,3868.852066687971,4.9186301691131105,160.2113437483204,0.0,0.0,nan,nan,6579.318951104899,2.0167970609674737,36.576105468499236,0.0,0.0,nan,nan,6547.572963036112,3.6619401311734494,69.88419714245828,499.3294505660282,235.68775733928123,12.158864241371695,10.735001960033312,6716.163285718066,0.9892648599732441,13.250142615867682,734.3151685597913,170.33493864402809,15.15350850095843,6.5571507353771,6734.304495433898,5.020930561339601,94.04094490661741,0.0,0.0,nan,nan,3426.0,1.0,26.53754284399528,578.6303869419237,143.45193001683356,11.494940649502837,14.013418333389646,3760.960880918375,1.301187530204202,37.13847016129273,0.0,0.0,nan,nan,4685.981273680034,3.3433225275946685,88.82487895959653,0.0,0.0,nan,nan,5874.784021442616,4.756657307450681,101.94285192448734
STACK,0.0,0.0,0.40153988367739424,nan,0,0,0,nan,nan,nan,nan,nan,nan,118.48495659464561,26.23655511839157,0.338,macs0138m21,360082.8708712381,21344.71326292556,10.006189195980019,1.6202506895166708,5006.562499867127,6.704022057147938,169.5330038942229,0.0,0.0,nan,nan,4958.630940748803,7.315478679187749,186.94855871522486,33002.78366275879,444.3017245970977,0.6914698091613755,0.04691020005131388,3725.4896423694054,1.8587049790849326,58.83194077640196,0.0,0.0,nan,nan,3728.5318058469275,4.706124665670064,158.89009243629167,0.0,0.0,nan,nan,6562.8,1.0,13.853480493619768,0.0,0.0,nan,nan,4860.810594235972,5.817391714715853,151.24085319567254,0.0,0.0,nan,nan,4339.891246338044,3.4927728980558714,100.36809956002813,5052.279543539836,846.7984305497704,0.14190785668704628,0.09500777610490915,4102.230555960995,5.158433358760494,158.62725047042218,0.0,0.0,nan,nan,3969.4676736900446,8.060653547919015,257.507665729356,2461.7897495467937,2690179.011371399,0.061477857476491565,304.01442658264546,3888.2273925676536,0.5001466171738645,nan,0.0,0.0,nan,nan,3831.258505148977,1.5056636859276982,44.24853087417793,28440.274017526855,7061.898646661616,0.9541489624847991,0.8281598244765624,4368.664065042582,9.99923566878981,291.0428046557292,398.87036427344134,144500409956.6025,0.009610876976457192,15944281.309107667,3869.3434012988437,0.4999617834394905,nan,0.0,0.0,nan,nan,6583.45,1.0,13.810026928666252,0.0,0.0,nan,nan,6548.05,1.0,13.88468655302385,0.0,0.0,nan,nan,6716.44,1.0,13.536579167464883,0.0,0.0,nan,nan,6730.82,1.0,13.507659064352907,23437.633899573066,1400.9820491043135,0.3581693802194142,0.13668408654377592,3422.6004532249294,9.99923566878981,370.65991701749095,36613.13786514556,3064.4552566304155,0.7747004272028157,0.31961849499419626,3757.4207778535642,9.99923566878981,337.7342754526394,0.0,0.0,nan,nan,4683.975957331118,0.4999617834394905,nan,0.0,0.0,nan,nan,5875.62,1.0,15.473706908126772
25d00m17pt15509315s-5d55m07pt39686965s,25.004765303652032,-5.918721352679324,0.3978920157068906,35.7801971623985,0,0,0,nan,nan,7.90596235541589,0.0064292550576704535,37.15734750719713,454.19359815422683,153.92021744272785,41.00903826961306,0.454,macs0140m05,10704.802317930571,115.43519245351122,13.498475416877922,0.39758728734514576,5006.82937638386,3.2382040933333265,80.39178012920341,114.10349627017165,19730.585196325308,0.1262872846304532,60.59543307090511,4958.619542841368,0.4999617834394905,nan,9513.230638270263,268269.5157796312,14.539863012309741,2072.650225133324,3721.03,20.015970000000003,683.4827048255002,11191.135962424434,275793.16606946307,17.216614132231317,2130.7779457642955,3730.392130502736,20.015970000000003,682.9713053086389,0.0,0.0,nan,nan,6562.783392024153,5.558348504129971,106.96655617673642,848.3725166009115,201.25990250617326,0.8614022667356108,0.5870930047166907,4856.568895695233,8.099326607821098,211.3142056074122,733.4705293116541,155.87291626581796,0.5445439211926044,0.4099555287069515,4339.9285920274,2.849619770481326,81.02125421394344,432.9233252407905,125.14270376139277,0.3444513509436357,0.39783174609496397,4101.735173591227,1.6085647318138028,44.95157110178874,3338.0983404626254,1380.532756980777,2.4100632002913667,4.2896925955765965,3970.73687450357,9.99923566878981,319.8627926142355,783.7885853345535,6955930.105197187,0.5843351022046789,23436.52452359582,3890.329519827415,0.5501767050512026,nan,59029.358069657224,508.632759804783,50.26706847139663,2.02175901594841,3839.4430314715596,4.750910130563134,155.97792198420936,0.0,0.0,nan,nan,4363.898925288995,2.6864151471188484,75.67666259723406,3261.5523001312054,299.0966871213806,2.6937325684241293,1.1291533675506398,3872.2318457149327,6.205891414660679,202.91586620934825,158.91854892584482,119.79146100501211,0.3301564447490309,0.4751022434344303,6583.798237261956,2.955369508838948,55.524407408867575,0.0,0.0,nan,nan,6548.2190785392095,5.353164976242982,103.18497719188451,0.0,0.0,nan,nan,6716.44,1.0,13.536579167464883,0.0,0.0,nan,nan,6730.82,1.0,13.507659064352907,0.0,0.0,nan,nan,3426.035609816597,4.243999565436537,155.54700817649672,1619.7126726956278,133.14235323740684,1.2742689461326557,0.5151653071892717,3760.7074044036062,1.4094157582713396,41.41967078040194,0.0,0.0,nan,nan,4685.897270755267,3.6321137861201964,96.83462844869318,716.3377528069868,161.59756534624682,1.119500069579439,0.549369994731468,5873.00026752454,4.998462735995084,107.23701529087239
STACK,0.0,0.0,0.3978920157068906,nan,0,0,0,nan,nan,7.888320829744353,0.0065131599989710935,37.15734750719713,454.19359815422683,153.92021744272785,41.00903826961306,0.454,macs0140m05,10704.802317930571,115.43519245351122,13.498475416877922,0.39758728734514576,5006.82937638386,3.2382040933333265,80.39178012920341,114.10349627017165,19730.585196325308,0.1262872846304532,60.59543307090511,4958.619542841368,0.4999617834394905,nan,9513.230638270263,268269.5157796312,14.539863012309741,2072.650225133324,3721.03,20.015970000000003,683.4827048255002,11191.135962424434,275793.16606946307,17.216614132231317,2130.7779457642955,3730.392130502736,20.015970000000003,682.9713053086389,0.0,0.0,nan,nan,6562.783392024153,5.558348504129971,106.96655617673642,848.3725166009115,201.25990250617326,0.8614022667356108,0.5870930047166907,4856.568895695233,8.099326607821098,211.3142056074122,733.4705293116541,155.87291626581796,0.5445439211926044,0.4099555287069515,4339.9285920274,2.849619770481326,81.02125421394344,432.9233252407905,125.14270376139277,0.3444513509436357,0.39783174609496397,4101.735173591227,1.6085647318138028,44.95157110178874,3338.0983404626254,1380.532756980777,2.4100632002913667,4.2896925955765965,3970.73687450357,9.99923566878981,319.8627926142355,783.7885853345535,6955930.105197187,0.5843351022046789,23436.52452359582,3890.329519827415,0.5501767050512026,nan,59029.358069657224,508.632759804783,50.26706847139663,2.02175901594841,3839.4430314715596,4.750910130563134,155.97792198420936,0.0,0.0,nan,nan,4363.898925288995,2.6864151471188484,75.67666259723406,3261.5523001312054,299.0966871213806,2.6937325684241293,1.1291533675506398,3872.2318457149327,6.205891414660679,202.91586620934825,158.91854892584482,119.79146100501211,0.3301564447490309,0.4751022434344303,6583.798237261956,2.955369508838948,55.524407408867575,0.0,0.0,nan,nan,6548.2190785392095,5.353164976242982,103.18497719188451,0.0,0.0,nan,nan,6716.44,1.0,13.536579167464883,0.0,0.0,nan,nan,6730.82,1.0,13.507659064352907,0.0,0.0,nan,nan,3426.035609816597,4.243999565436537,155.54700817649672,1619.7126726956278,133.14235323740684,1.2742689461326557,0.5151653071892717,3760.7074044036062,1.4094157582713396,41.41967078040194,0.0,0.0,nan,nan,4685.897270755267,3.6321137861201964,96.83462844869318,716.3377528069868,161.59756534624682,1.119500069579439,0.549369994731468,5873.00026752454,4.998462735995084,107.23701529087239
25d01m39pt35696146s-34d10m31pt20016587s,25.02759915596234,-34.175333379408116,0.5918007264473235,9.028111084348199,0,0,0,12.00941752779161,0.027034362986111192,8.360530733673556,0.00023097313567964402,96.23908742101538,34.90805414935085,65.88043648316795,17.337679362765197,0.4,macs0140m34,23865.244692497363,393.8752555257693,5661.044602390263,255.19759280256886,5006.8364992367415,3.155935009158903,78.24787523127513,1032.1555050081188,281.403824688632,9.242939382450036,6.98265194296585,4962.889566090328,6.732025226891218,171.89447376019132,826.4523480349178,94.79354303385337,4.318639276454652,2.4976889817684116,3724.6206318195577,1.0969129462520821,28.855445434853955,698.2347517901742,86.32610020149991,3.662962311521799,2.2745826605016752,3730.235132339955,1.0969129462520821,28.833855040905405,0.0,0.0,nan,nan,6562.8,1.0,13.853480493619768,274.5463200595653,99.44801571371814,3.5359616152822793,3.672534753856955,4862.18711839254,1.4656330021679327,33.72179072669631,0.0,0.0,nan,nan,4340.420585989976,5.087535372454537,147.8033798255426,375.98617530629406,1325908.548767133,4.7604867915459925,67151.65056458075,4099.67562536778,0.5050849927921925,nan,0.0,0.0,nan,nan,3968.914332258297,6.184008563508713,197.0305110524581,655.6739023844151,91.98977337491088,5.188587554277126,3.2926019214208595,3888.989407691848,2.8235657077610683,89.5452131503017,0.0,0.0,nan,nan,3840.1367943047153,6.761474160276193,223.23061910403968,160.38791973030342,78.65503592220834,2.085504563578083,3.5848624213479434,4362.702725328106,1.9214629381736144,52.21182468046324,17.144353702054218,191.6499988636687,0.16952214775585311,8.699269021540145,3865.4787507897195,0.4999617834394905,nan,0.0,0.0,nan,nan,6583.45,1.0,13.810026928666252,0.0,0.0,nan,nan,6548.05,1.0,13.88468655302385,0.0,0.0,nan,nan,6716.44,1.0,13.536579167464883,0.0,0.0,nan,nan,6730.82,1.0,13.507659064352907,919.0740263424829,154896.69536964656,8.68531443289344,9306.657401969678,3427.3464170668317,0.5594242969806376,nan,237.04211990627783,259.5740903697346,1.9535160119740502,10.581928488935533,3752.27495576854,0.4999617834394905,nan,0.0,0.0,nan,nan,4688.670483799822,0.4999617834394905,nan,119.06314122134063,3.815976714127959e+17,1.249260190381392,8706007821865317.0,5875.012083110551,0.4999617834394905,nan
25d01m36pt45600265s-34d10m26pt6001902s,25.026793334068856,-34.17405560838989,0.5917805072593709,12.21282048402009,0,0,0,11.75523638176835,0.04935578189770418,8.394831620680794,0.0025484435679739284,75.42329243240744,19.729131983600475,83.22632506284245,23.159714368767954,0.4,macs0140m34,24352.096587478845,348.8998648726132,486.9736156436175,19.056985335179682,5006.856923684234,3.0399672602004815,75.22081878037937,1517.114542608921,345.0871391256172,10.473971899059064,6.620071104387779,4954.443912502793,9.99923566878981,256.08064588829484,209.55910899991076,460.8025586432379,1.6445981454996486,18.219616451542834,3725.8044379465396,0.9419280000000001,21.534597245939114,487.4998237567634,780.415150442273,3.836436238213531,30.85673993628978,3729.765119906922,0.9419280000000001,21.51848450080361,0.0,0.0,nan,nan,6562.8,1.0,13.853480493619768,352.22898929601223,91.11668893937326,3.9769126803966683,2.9515662191432868,4860.499474984815,1.6511237149193048,39.16193317158786,1612.0678705662774,490.4821269479254,18.79068209185209,20.282563146941254,4336.866437973851,9.99923566878981,292.5682705754515,0.0,0.0,nan,nan,4101.37077850517,6.1001616337838565,188.08705525869217,0.0,0.0,nan,nan,3971.3417407111283,0.4999617834394905,nan,194.36056874445708,2153.1526909355866,3.1967479615163694,160.27265974061484,3888.083260333978,0.4999617834394905,nan,508.3018061023262,86.75729109880926,4.7634065072673515,3.792135735400912,3840.6113093018257,1.758839229422103,53.558991818716095,181.4967229153351,135.7897324327306,2.418377245101516,6.337115358181253,4364.38028562517,0.4999617834394905,nan,0.0,0.0,nan,nan,3868.7366670203583,4.2323427015201665,137.35685873779843,0.0,0.0,nan,nan,6583.45,1.0,13.810026928666252,0.0,0.0,nan,nan,6548.05,1.0,13.88468655302385,0.0,0.0,nan,nan,6716.44,1.0,13.536579167464883,0.0,0.0,nan,nan,6730.82,1.0,13.507659064352907,0.0,0.0,nan,nan,3424.70949199177,8.550979962814857,316.6878669866511,526.7808416497936,1610494.3054624486,6.995185104740021,105257.68818177549,3759.6336463415796,0.5265294946431189,nan,339.2560718319634,77.55491851998154,5.319452593056721,3.7142261279710462,4689.403038608819,3.111070400541557,82.36046395492558,400.69677198497476,123.96607033620064,2.2772990057538256,1.5321533565404515,5874.391073248622,1.4929242642106237,28.571757067639282
STACK,0.0,0.0,0.5917906168533472,nan,0,0,0,18.61590829418079,0.09456743359045375,8.674231103027383,0.004011341726369211,80.14103319626454,4370.617460700813,67.61422943594991,15.652181200325067,0.4,macs0140m34,48216.28645625549,729.5909777799584,888.8098332284793,36.7354136512599,5006.813716037295,3.096966059749922,76.70939642361921,1011.8029946047569,2809904.563338217,4.652267216419224,35860.14908557678,4957.837459803279,0.503505578133235,nan,937.0263334472048,218.75920495402568,2.8719190976728655,3.3812288507554378,3724.4318694005283,1.682618431168032,52.28009079513453,1359.4905924203279,271.6868534401208,4.182941254534515,4.199299533090554,3729.9903523730677,1.682618431168032,52.24097347294723,0.0,0.0,nan,nan,6562.8,1.0,13.853480493619768,642.924159095186,249.03363650047623,3.860733700178036,4.289124435329741,4861.377584477752,3.186465956696458,81.40977762657172,0.0,0.0,nan,nan,4340.466301029213,5.692058624874951,165.686618229478,0.0,0.0,nan,nan,4101.824992579017,4.072545869721014,124.52309255414973,0.0,0.0,nan,nan,3970.948522002957,4.131800502158781,130.58077286987685,813.2830008129305,112.76349507655871,4.372630627839808,2.7433269437658745,3888.3648110128815,0.938642898755479,20.470797086486165,535.0079031798618,3108.7054165587533,2.4543619090755637,66.6610181259062,3837.2904682049934,0.7117432018013246,4.273890879217462,156.56338682068824,159.60708854103663,1.0491836021475438,3.7479196124542873,4363.347891639027,0.4999617834394905,nan,0.0,0.0,nan,nan,3868.3144026887394,2.529382302334679,79.98421368813148,0.0,0.0,nan,nan,6583.45,1.0,13.810026928666252,0.0,0.0,nan,nan,6548.05,1.0,13.88468655302385,0.0,0.0,nan,nan,6716.44,1.0,13.536579167464883,0.0,0.0,nan,nan,6730.82,1.0,13.507659064352907,0.0,0.0,nan,nan,3426.612153511115,4.424641103237013,162.34897980904876,834.7690215884724,118.72585765819906,4.396156204989089,3.0792170201051654,3758.7472620738995,1.9650581152869477,62.17040755683163,601.2837575047826,683.9680127413071,5.055996385966787,17.581740874961497,4687.127295064289,9.99923566878981,271.0131455203778,0.0,0.0,nan,nan,5871.817562733788,0.4999617834394905,nan
28d07m52pt64210062s-28d53m03pt97154321s,28.13128947239406,-28.884436539781305,0.7621702396738157,7.291494381128803,0,0,0,nan,nan,8.167755925527077,0.019117750438749498,12.047570548307657,20.6885388032378,79.39478814597496,22.334938436858014,nan,macs0152m28,257.1321745810691,92.8034864588426,0.9336064012299863,0.9203170550397711,5006.989083295567,0.8019733516817628,9.951160396932186,1705.1824822730805,339.02441688587146,8.383637597718582,4.626822278106273,4957.570927476261,9.99923566878981,256.08064588829484,401.5187947540398,2295.753193626622,1.3581871353489479,39.147169226103884,3724.9797506653713,0.4999617834394905,nan,0.0,0.0,nan,nan,3728.3747613463443,7.186859876631606,244.20855869046238,0.0,0.0,nan,nan,6562.8,1.0,13.853480493619768,196.20830956165193,276.33802751159675,1.6051920312347059,6.484027122560335,4861.416939064654,0.7285381712829814,5.287700770898622,0.0,0.0,nan,nan,4341.0589766310695,3.988937777731397,115.18403391981316,201.0347608366355,85.72041130435727,0.9499543400316824,1.6187924129714537,4101.318739682586,0.7352718428242452,6.983563195395789,591.2824173280216,102.130262215138,2.608525330510621,1.9381352097630036,3971.5955434931484,4.580113442752933,145.14683124687454,1046.3137160264391,180.0679229388273,3.054925633468172,2.3815615999741926,3886.602058765495,9.63732211659355,314.64878972437515,0.0,0.0,nan,nan,3840.087727309645,2.6150423457710925,83.63461191057733,50.208648977195836,11704780278801.709,0.30784525845077343,251589328194.39478,4362.3617583065,0.4999617834394905,nan,280.2526287244825,62.526336906326186,1.1062623748104323,1.1310668569881206,3868.2082946446417,2.551608545883203,80.74507252779172,0.0,0.0,nan,nan,6583.45,1.0,13.810026928666252,0.0,0.0,nan,nan,6548.05,1.0,13.88468655302385,0.0,0.0,nan,nan,6716.44,1.0,13.536579167464883,0.0,0.0,nan,nan,6730.82,1.0,13.507659064352907,189.84609611890832,91.8424697923116,0.5099166685183033,1.5709494774845132,3425.480542758629,0.4999617834394905,nan,0.0,0.0,nan,nan,3759.149883511753,4.851950634707336,162.56386738685399,432.03994092635736,316287.2663715101,2.830802731900114,6337.501814881641,4686.216413826398,0.5003204192445426,nan,0.0,0.0,nan,nan,5875.62,1.0,15.473706908126772
28d07m06pt27061441s-28d53m28pt16925471s,28.11840850400225,-28.891158126309538,0.6380541441955105,50.200829660445535,0,0,0,nan,nan,8.118271013687378,4.881659344308516e-05,10.348044648081473,0.4865523311469691,74.44875701246114,18.790892750067542,nan,macs0152m28,10767.626232220191,104.88980738934222,120.63236198665824,3.209690655305062,5006.844767114408,2.880226447754079,71.04038653126325,3681.1646559713895,110.66157984600004,41.5022469191619,3.4616009094962465,4958.935660894523,3.244375465478743,81.33106824601481,6820.744686032204,147.9130272730469,38.930327397722046,4.252117347390314,3726.228081172071,2.4867193254144326,81.52986178600581,8825.993268195429,185.57274021739644,50.47464836425299,5.334736787074977,3729.0440197729527,2.4867193254144326,81.46885902524424,0.0,0.0,nan,nan,6562.8,1.0,13.853480493619768,2908.3300145983544,134.00180091098846,30.91194504801529,4.08481289170961,4861.520441513574,2.6461367945135175,66.82922170957674,1581.8422786704464,64.53092732500102,8.704071644539123,1.2575689512497563,4340.474457399692,2.2119255924461005,61.54355320315973,531.4576546025384,61.080673862989364,2.4611721157760083,1.1296641580746702,4102.60267018487,1.1098021043859772,26.729974614065853,941.4776194173147,122.4512278903984,4.781658362058342,2.6775000646099216,3970.162473265966,3.4943265974553017,109.78257804833225,105.3371199531105,96.49222071258711,0.4517915044357887,1.871584920865386,3889.2761955505543,0.4999617834394905,nan,0.0,0.0,nan,nan,3837.0364801481683,7.4682032767757605,246.8040491138949,0.0,0.0,nan,nan,4361.778293373506,2.9616189598940346,83.96594018255279,2589.4802367756893,147.26860677854592,14.63129409342734,3.811890030968582,3868.778233677366,2.9021093709226182,92.68089150426843,0.0,0.0,nan,nan,6583.45,1.0,13.810026928666252,0.0,0.0,nan,nan,6548.05,1.0,13.88468655302385,0.0,0.0,nan,nan,6716.44,1.0,13.536579167464883,0.0,0.0,nan,nan,6730.82,1.0,13.507659064352907,3042.6140957736075,7139.202325027539,25.98533413798987,388.069730927671,3426.122357281313,9.99923566878981,370.65991701749095,1366.3135235299235,105.56856326637842,9.063169735723813,3.4469231693600797,3759.4924506018806,3.178865412215933,104.99145716455966,41.92155585999951,154.99177092383985,0.47815403762587694,5.406584679727489,4686.017044196709,0.4999617834394905,nan,0.0,0.0,nan,nan,5875.62,1.0,15.473706908126772
28d07m28pt65921543s-28d52m52pt17091043s,28.124627559841763,-28.881158586229237,0.5529154406743906,31.313678000949665,0,0,0,9.45154007452034,0.05564878946815859,8.59125779014689,0.021604328134575045,1.3512830822308748,17.268884804496526,102.19320570006204,25.777463063668776,nan,macs0152m28,1377.819529272008,19477.50814965893,25.326254278356814,977.916168564862,5006.819291711372,0.6237798733370363,nan,350.95890570468134,27949.587489582216,7.185380817641225,1587.4426349805187,4959.385008677728,0.6293498288439751,nan,0.0,0.0,nan,nan,3725.1105172168227,2.5172771814931716,82.61738749608598,937.3733907277847,62.990368511015845,11.594637221605835,3.9172355992827077,3728.8065913255964,1.177974064344257,32.347336063164356,0.0,0.0,nan,nan,6562.8,1.0,13.853480493619768,1973.0520279309958,451.5241469453296,18.996075207372606,12.480609136328738,4858.549467065279,9.99923566878981,261.2208748844296,0.0,0.0,nan,nan,4339.952008197133,1.3347609924975632,33.33412330517348,311.0355963725329,313812.75679455796,3.2163461164375775,12957.250508096737,4102.952849107466,0.5690286613984209,nan,0.0,0.0,nan,nan,3968.541890590331,0.4999617834394905,nan,0.0,0.0,nan,nan,3889.6022527550895,5.1952632156644345,168.51846670845262,0.0,0.0,nan,nan,3832.097951693388,8.87520863303714,293.6810066590596,899.7393770737036,119.48353432643134,20.849723648697683,9.689821157441681,4366.100633495582,6.24450326026612,181.05427246044056,0.0,0.0,nan,nan,3873.6997289902,0.4999617834394905,nan,0.0,0.0,nan,nan,6583.45,1.0,13.810026928666252,0.0,0.0,nan,nan,6548.05,1.0,13.88468655302385,0.0,0.0,nan,nan,6716.44,1.0,13.536579167464883,0.0,0.0,nan,nan,6730.82,1.0,13.507659064352907,1074.1056473846675,260.57569313224076,12.292323315966996,18.818396663731324,3436.0,9.50119100093007,352.1046680934694,0.0,0.0,nan,nan,3760.084863909429,3.771267816377285,125.47272216435599,0.0,0.0,nan,nan,4686.4866264695775,6.935658491501251,187.47992112082923,0.0,0.0,nan,nan,5874.754566809287,2.5466654272299056,53.05449143852824
STACK,0.0,0.0,0.6510466081812389,nan,0,0,0,77.51178889873631,0.1708949893582163,11.31673054355161,0.010163705704432027,41.2511899883235,2.5251738120510983e+20,110.38421549614672,27.27170581219194,nan,macs0152m28,193.43783721363192,2.4096724952766782e+22,1.3075711634132268,4.444632146572724e+20,5009.926783224495,0.4999617834394905,nan,2945.238952024682,742.7002275935042,22.30757556962169,15.620479122187193,4956.468765322798,9.99923566878981,256.08064588829484,797.759484491123,717594.6525491289,281.803132921216,1277819.6715432324,3724.9958800248037,0.5029163908170454,nan,0.0,0.0,nan,nan,3724.101207664225,3.61959583178964,121.24797213163819,0.0,0.0,nan,nan,6562.8,1.0,13.853480493619768,95.42600528236103,1154.643423620105,1.2064938031726482,41.87149022157119,4861.3007459153405,0.4999617834394905,nan,0.0,0.0,nan,nan,4340.45137163757,1.8989845389067055,51.77687798303332,27.083815241782844,360.55020771647696,0.23303662219170435,12.384772883349127,4103.298794362211,0.4999617834394905,nan,71.17146102669423,594.1517057070473,13.686657513271557,491.90347571237373,3970.1888372167314,0.4999617834394905,nan,2286.607002436466,401.062857215503,8.57926627010892,6.827785508015154,3883.9476126296286,9.787078331210736,319.5639107143374,0.0,0.0,nan,nan,3835.604531479859,4.4679578959252115,146.47544260383327,3143.462078828582,1496.2237221555995,15.781329851446017,26.35364723821822,4360.702345000516,9.99923566878981,291.0428046557292,66.29450805600834,171.66423458095088,0.7177786198963986,8.500273273141758,3871.397959392271,0.4999617834394905,nan,0.0,0.0,nan,nan,6583.45,1.0,13.810026928666252,0.0,0.0,nan,nan,6548.05,1.0,13.88468655302385,0.0,0.0,nan,nan,6716.44,1.0,13.536579167464883,0.0,0.0,nan,nan,6730.82,1.0,13.507659064352907,0.0,0.0,nan,nan,3425.9311955381204,4.503067775830717,165.2998252441081,0.0,0.0,nan,nan,3760.508167486774,5.06834533376538,169.96489957788745,5534.18554109753,2526.5522084650665,19.8588295654735,27.78388565625282,4680.743999822273,9.99923566878981,271.0131455203778,0.0,0.0,nan,nan,5875.62,1.0,15.473706908126772
29d46m00pt19654s-34d13m31pt49453773s,29.766721261111446,-34.225415149368395,0.24933333764156984,50.96876656754685,0,0,0,7.5237138822980985,0.00249091480846673,nan,nan,3.7407594927740124,0.16617255296825828,68.25869399400415,16.260126023417726,nan,macs0159m34,8105.096533073717,109.81222972468709,57.085623107212,2.1125480082211885,5006.835554380677,2.1686103298945696,52.1901246389221,2917.230275396203,122.8533667614219,25.223210793308564,2.9472613687725953,4958.878897777717,2.4192127793756444,59.451671402982946,0.0,0.0,nan,nan,3726.03,1.0,24.400668213494743,0.0,0.0,nan,nan,3728.82,1.0,24.382410999599827,6191.516684325731,122.28030279498441,81.8528103916634,3.0964780765068975,6562.64205429664,2.3422163598011183,43.35947802145851,2946.547841357253,123.25733702081367,26.705926264249523,3.204478671740602,4861.048205552558,2.4697863327208736,62.02735875853411,1303.6055784981775,112.42301660087284,13.84738036315533,4.228996876659978,4340.689985572697,1.0731114209592627,23.856927223472784,340.8352338777,374.4727012255303,19.351998283894197,84.9971991220075,4100.77784086724,0.4999617834394905,nan,0.0,0.0,nan,nan,3966.3454472294748,7.180501721674795,229.16324852428636,211.0726453712149,578.5551619944474,1.0651886530964623,13.208942042753181,3888.656816537184,0.4999617834394905,nan,0.0,0.0,nan,nan,3835.922905470219,5.561866932820506,183.1495122111372,1118.2329870607666,133.40235234371616,11.144345770179639,4.665861557222587,4360.020466271399,1.4994211946135927,38.69001472388985,1827.4754535670143,1112.1872201755655,8.1165474728606,22.634765822353213,3868.3482860532777,1.001740569514156,23.580653770406048,209.45711558751862,1796.3819472027305,1.132652853953695,18.54799911640004,6582.624086716647,0.4999617834394905,nan,0.0,0.0,nan,nan,6548.853115076744,9.524928070573463,184.6871628947243,1025.3932237007602,169.1466213479297,12.197736446289587,3.763428208029786,6716.589282700085,2.9816735969335406,54.9380498906356,509.32683979908643,155.03633915589953,5.025063446671276,2.854791196687979,6730.983549904417,2.0523044059924245,36.49055481534692,0.0,0.0,nan,nan,3426.0,1.0,26.53754284399528,0.0,0.0,nan,nan,3760.0,1.0,24.18021855944889,133.33281293223956,7.715832086377178e+31,2.378558866700241,4.209235508299193e+30,4686.258901693429,0.4999617834394905,nan,785.9103328171001,371.80415421070865,9.347434094846593,9.618238862796554,5873.669684491891,9.525207488338586,205.82958839374322
STACK,0.0,0.0,0.24933333764156984,nan,0,0,0,7.522530977822998,0.002648097419513189,nan,nan,3.7407594927740124,0.16617255296825828,68.25869399400415,16.260126023417726,nan,macs0159m34,8105.096533073717,109.81222972468709,57.085623107212,2.1125480082211885,5006.835554380677,2.1686103298945696,52.1901246389221,2917.230275396203,122.8533667614219,25.223210793308564,2.9472613687725953,4958.878897777717,2.4192127793756444,59.451671402982946,0.0,0.0,nan,nan,3726.03,1.0,24.400668213494743,0.0,0.0,nan,nan,3728.82,1.0,24.382410999599827,6191.516684325731,122.28030279498441,81.8528103916634,3.0964780765068975,6562.64205429664,2.3422163598011183,43.35947802145851,2946.547841357253,123.25733702081367,26.705926264249523,3.204478671740602,4861.048205552558,2.4697863327208736,62.02735875853411,1303.6055784981775,112.42301660087284,13.84738036315533,4.228996876659978,4340.689985572697,1.0731114209592627,23.856927223472784,340.8352338777,374.4727012255303,19.351998283894197,84.9971991220075,4100.77784086724,0.4999617834394905,nan,0.0,0.0,nan,nan,3966.3454472294748,7.180501721674795,229.16324852428636,211.0726453712149,578.5551619944474,1.0651886530964623,13.208942042753181,3888.656816537184,0.4999617834394905,nan,0.0,0.0,nan,nan,3835.922905470219,5.561866932820506,183.1495122111372,1118.2329870607666,133.40235234371616,11.144345770179639,4.665861557222587,4360.020466271399,1.4994211946135927,38.69001472388985,1827.4754535670143,1112.1872201755655,8.1165474728606,22.634765822353213,3868.3482860532777,1.001740569514156,23.580653770406048,209.45711558751862,1796.3819472027305,1.132652853953695,18.54799911640004,6582.624086716647,0.4999617834394905,nan,0.0,0.0,nan,nan,6548.853115076744,9.524928070573463,184.6871628947243,1025.3932237007602,169.1466213479297,12.197736446289587,3.763428208029786,6716.589282700085,2.9816735969335406,54.9380498906356,509.32683979908643,155.03633915589953,5.025063446671276,2.854791196687979,6730.983549904417,2.0523044059924245,36.49055481534692,0.0,0.0,nan,nan,3426.0,1.0,26.53754284399528,0.0,0.0,nan,nan,3760.0,1.0,24.18021855944889,133.33281293223956,7.715832086377178e+31,2.378558866700241,4.209235508299193e+30,4686.258901693429,0.4999617834394905,nan,785.9103328171001,371.80415421070865,9.347434094846593,9.618238862796554,5873.669684491891,9.525207488338586,205.82958839374322
34d19m31pt98968793s-52d45m42pt50028208s,34.32555269109046,-52.761805633911635,0.49655518190097414,49.089847277519155,0,0,0,nan,nan,nan,nan,nan,nan,76.00441704605286,17.9369130466361,nan,macs0217m52,32445.121562805667,363.7692933589926,99.31608731483281,3.0413924103221532,5006.914641498007,6.259983432424581,158.17582830703083,557.0955995728649,105.12822951888312,1.5333467297982821,0.8028608806433198,4958.820716553324,2.9376326938411337,73.24543697413787,1138.6647338303433,169.4366029487932,1.971677086833353,1.478522865613673,3725.442681133978,0.9419280000000001,21.534597245939114,233.8280258371466,99.69830949386288,0.4063694029989995,0.8699786686248298,3730.672319091732,0.9419280000000001,21.51848450080361,0.0,0.0,nan,nan,6562.8,1.0,13.853480493619768,0.0,0.0,nan,nan,4861.758735329147,3.45833319991834,88.69331389056683,24.85959842875873,228.74179439307386,0.04861201824094974,1.5841436164873932,4340.499675955827,0.4999617834394905,nan,0.0,0.0,nan,nan,4097.725085684909,6.858444787161961,211.76181875698876,0.0,0.0,nan,nan,3969.1965422147614,2.014880215740454,60.587377196244795,0.0,0.0,nan,nan,3889.410965356014,1.354606680257751,37.96408174511712,541.1090002981941,140.54542814072298,0.8466638367921256,1.0296703594248637,3834.654773356821,2.610131208644734,83.46540779997753,0.0,0.0,nan,nan,4364.8663498042515,7.449921584242752,216.4127988612462,170.66653977400463,222.86218424668886,0.3114461584323097,1.8520266525067597,3878.2016594026877,0.4999617834394905,nan,0.0,0.0,nan,nan,6583.45,1.0,13.810026928666252,0.0,0.0,nan,nan,6548.05,1.0,13.88468655302385,0.0,0.0,nan,nan,6716.44,1.0,13.536579167464883,0.0,0.0,nan,nan,6730.82,1.0,13.507659064352907,1301.429649779153,124.63860399268587,1.7709097519705483,1.0823234870053742,3423.080890045718,1.5489120934785912,51.34441623515229,0.0,0.0,nan,nan,3759.607330367591,4.653757265692453,155.77920168034703,1761.4474116774124,409.59421461330055,4.171375657958602,2.966128522536897,4686.361221586174,9.99923566878981,271.0131455203778,147.19195333858346,4.4102450169267885e+21,0.37503724857837234,2.4432339022283477e+19,5875.290966936049,0.4999617834394905,nan
34d18m39pt1087464s-52d45m32pt50304245s,34.310863540665665,-52.75902862290355,0.2827114589658719,6.138965420821951,0,0,0,nan,nan,6.956828902778959,0.04739745745632858,3.5061458099312004,16004.169135288399,91.4410932855782,18.33107823778298,nan,macs0217m52,536.8227449083945,153.1782805082807,1.5005810888578226,1.1690412154270673,5008.141903813269,4.030786518478668,100.9344312224434,0.0,42.396540661609066,nan,nan,4958.91,1.0,18.334194769319836,0.0,0.0,nan,nan,3722.9415786038767,1.94912508425577,62.15424980840995,731.3639995150718,4397295.417332778,7.942416583169671,240024.55238308417,3729.170069823768,0.6109093060005649,nan,0.0,0.0,nan,nan,6561.142939367499,6.349465672505581,122.42090806392406,361.703937363732,1073769.5190163837,1.188985684355055,10126.71914046266,4860.49511067031,0.6575368194653629,nan,183.14437894757407,2.944520991989209e+107,0.5731775397669538,3.2634953952662054e+105,4340.630775421007,0.4999617834394905,nan,588.9830849992809,158.46396207740693,3.5598126982180855,3.8290397277894295,4100.642755746623,1.4761011250607698,40.33616482622443,0.0,0.0,nan,nan,3969.9719962211793,4.5335103162456205,143.6344385596737,0.0,101.26378135438391,nan,nan,3889.06,1.0,23.37778840736009,0.0,0.0,nan,nan,3836.7465863281977,7.371456800053631,243.57831252694479,0.0,0.0,nan,nan,4363.480351195153,5.2802887326924735,152.7089064625774,3326.9270975703557,367.0007993171129,98.55250655498811,49.89075241673869,3865.9865367654006,5.3760368008383725,175.40479870161533,976.7386221773957,368.72178005414526,3.45477414974583,2.491800021252399,6578.603961960717,8.735839506001911,168.3896278858722,1606.6770625330275,129.06337929233058,5.715464300711389,0.8815137884692821,6547.83810988282,1.4837644660780451,25.43587454525369,0.0,0.0,nan,nan,6715.6319401632945,4.578350553096596,85.76231291996112,0.0,0.0,nan,nan,6726.451158323411,3.3458386738515697,61.884368453906255,0.0,0.0,nan,nan,3426.0,1.0,26.53754284399528,1939.776148014305,7552754.975734345,26.398712352118377,507405.6632765624,3755.27644625487,0.5981929581517961,nan,797.921696298568,426.52327869717107,2.69304535081649,4.407505529190138,4683.124896926601,9.99923566878981,271.0131455203778,0.0,77.2266053762946,nan,nan,5875.62,1.0,15.473706908126772
34d18m15pt97052766s-52d45m56pt5021961s,34.3044362576841,-52.76569505447286,0.3445669157972413,33.446462670948094,0,0,0,nan,nan,7.661915654457257,0.004906279854830296,5.0395088944874376,0.37552187622810285,127.24400608385046,21.312187822776803,nan,macs0217m52,2549.700616984588,126.45456994527366,1.2560694532861707,0.17016292869431887,5006.702762622222,4.215555393788766,105.70183717072074,967.2301117642537,176.25759283430256,0.4631644404610582,0.23400955439428334,4961.115025644153,4.464997593912919,113.21244398977919,9333.511915012003,968.7150543207626,5.288148410754744,2.7657734137825143,3725.5049157276094,3.501335888932497,117.21762729879063,14590.373265598086,1602.9176087223868,8.28267724261072,4.576481894148675,3728.2941391845316,3.501335888932497,117.1299220246922,18962.52678961487,1356.9473296682363,8.810966622999917,1.2078571869849013,6561.915918472164,3.4131017969715707,64.80247349300376,5445.1369139115095,157.03298398656145,2.8326481705547226,0.23429678395661702,4861.436462036767,2.849251260646939,72.33022956362059,666.328185176226,82204442.4459749,0.2841681246693792,124118.1767499346,4341.219292539731,0.5619727833367409,nan,0.0,0.0,nan,nan,4105.292524760512,8.32713837112323,257.54419904095136,0.0,0.0,nan,nan,3969.7530936183457,0.4999617834394905,nan,0.0,0.0,nan,nan,3889.3569341754915,0.4999617834394905,nan,0.0,0.0,nan,nan,3836.7045265049983,0.4999617834394905,nan,6273.288244273757,604.6660565025195,2.8513611832856984,0.9626286366616228,4364.2967443974285,9.99923566878981,291.0428046557292,11914.261719293454,1569.5010959072033,5.102704381898644,3.093201512323426,3861.69393966416,9.99923566878981,328.2406140748108,10484.158876087033,2501.2514030222187,4.859884457709626,2.2136867094292367,6583.063959025072,4.385525825136788,83.71959115174349,483.50825413891175,2102.115039307549,0.22371396700083712,1.8673003084129107,6548.33589214101,0.4999617834394905,nan,4580.859537449431,426.88834275022566,2.808850208227454,0.4896084168405615,6716.25993648715,4.111214450006808,76.7901840317171,2872.234418689614,726.0923699399756,1.7409273406751031,0.8215205917409436,6729.9044820031195,5.956541266324704,111.88435326520664,0.0,0.0,nan,nan,3426.0,1.0,26.53754284399528,5308.284502309784,518.5162958154648,2.4631580570339016,1.1828556607982699,3761.3018045268477,6.038905321948517,203.0934518312573,0.0,0.0,nan,nan,4686.272945988763,5.904175490064169,159.2852722008034,3109.7953887847025,393.2734089102209,2.02387607759945,0.5565201195638678,5875.050889097324,7.502871444806677,161.85956287248635
STACK,0.0,0.0,0.3746111855546958,nan,0,0,0,nan,nan,nan,nan,nan,nan,99.38230328119917,25.074591770550516,nan,macs0217m52,32906.38964485661,509.97419696525634,12.010351541812831,0.5083916090779026,5006.925600166545,6.181598949038478,156.16998701165528,1221.8046674500702,161.04895506920445,0.4204456604543718,0.15378496851764736,4958.559589249792,2.3583512890307277,57.817419308476204,3826.4765518471113,67766055.63468291,0.818493570267037,73030.69640742277,3725.7849207373906,0.5128287253179953,nan,0.0,0.0,nan,nan,3728.9841023816175,5.419074212363097,183.46905470527588,0.0,0.0,nan,nan,6562.8,1.0,13.853480493619768,0.0,0.0,nan,nan,4861.819954831223,6.28425533558469,163.55000578091605,23.342897001711055,456.84281192889034,0.006687606389017255,0.4635472347240874,4340.441930425455,0.4999617834394905,nan,470.3161590548198,28159237.04651085,0.11156493446666912,26654.838380859932,4104.107020230675,0.5081158777680195,nan,0.0,0.0,nan,nan,3969.334145190809,2.73754953817544,84.86767246741256,9309.543927625902,909.5327396467999,2.551637627025363,1.1339511985267756,3879.99851957257,9.99923566878981,326.52642944617054,1242.2177187653995,15999222.700400252,0.2840769945815113,17124.816586447116,3835.246505015168,0.5117090337289697,nan,0.0,0.0,nan,nan,4363.213511665834,4.006615129253281,115.10734330695989,352.04954759188223,0.0,0.0888682797124787,0.0,3869.0029334913047,0.4999617834394905,nan,0.0,0.0,nan,nan,6583.45,1.0,13.810026928666252,0.0,0.0,nan,nan,6548.05,1.0,13.88468655302385,0.0,0.0,nan,nan,6716.44,1.0,13.536579167464883,0.0,0.0,nan,nan,6730.82,1.0,13.507659064352907,13706.098095923853,1720.530026397405,3.7306710869299917,2.9888297155587256,3422.983118676995,9.99923566878981,370.65991701749095,1864.8480777826112,206.8054621137351,0.4218577174857879,0.23026565670758137,3759.5687719291404,1.8868403179817532,59.32750576288659,1406.0720190570783,157.88687495170643,0.4650442235171623,0.1595461154830254,4688.599329824003,2.2262716665530875,57.42005381662789,0.0,0.0,nan,nan,5874.925936927663,6.745704883388776,145.37363823058567
34d34m55pt73093721s-31d41m56pt42873486s,34.58214748255707,-31.699007981905503,0.27871773729472715,4.981161730713526,0,0,0,7.750422824329691,0.0,7.9899995108372295,0.004415438247988493,7.074238601674871,0.4921665853348776,68.4332663754243,13.420644814542696,0.275,rxj0218m31,4829.216122175562,88.27958566674567,32.58370580521349,1.6269294155991223,5006.85502275917,2.4037495797378456,58.47166806573224,1354.60512322335,97.67902374262461,15.660364036461464,3.133119941732224,4958.985650864034,2.174263652965005,52.84788767887631,2749.6315571870996,366.3952485499526,13.305071767992223,8.927938413130184,3726.504722453501,2.0456579029223985,65.67607306016548,4596.908908808852,537.027495293161,22.28434772444776,13.085727566363989,3729.1159600174765,2.0456579029223985,65.62693251601536,4008.717040595563,169.76597983360526,96.24614934436353,7.80714188431309,6562.808259752627,2.61773823782347,48.93161302272194,1912.6244495331928,94.41647738254981,13.643432739317035,1.9317870305532583,4861.265629583734,2.4176332122391915,60.60181062808059,0.0,49.32643037765822,nan,nan,4340.46,1.0,20.94654063936261,107.97626155091749,102.50650362195888,0.5182724344656919,1.966750548518876,4100.926330026238,0.4999617834394905,nan,0.0,0.0,nan,nan,3965.966468982256,7.113964685558602,227.01927113192818,0.0,0.0,nan,nan,3889.9490677658537,4.944495107843651,160.2300265395859,0.0,0.0,nan,nan,3835.3600199120247,4.3287545300602215,141.7951345002861,165.25088849803169,308266.24490836996,0.8736726052116517,5699.953327287869,4367.515491939475,0.4999617834394905,nan,1014.1608116104046,168.23781777036908,4.518123966192094,3.438322338110877,3866.556389247585,3.635225949330982,117.38671530462524,889.7103401904094,21330701.40115368,7.0722467711067605,323766.9757011334,6582.304401390499,0.6010048838245259,nan,59.13655170500527,593.163434209487,0.6456420723612155,12.432517634652736,6548.617276021759,0.4999617834394905,nan,523.5571370666756,83.83420791274962,13.98144155193207,4.187218126998881,6716.8202316000425,2.056233776927141,36.64790415052288,426.22151181657335,105.64290694698833,37.538584144951315,17.364645451522783,6731.1810680777035,1.6081415420979701,27.38438502835246,0.0,0.0,nan,nan,3426.0,1.0,26.53754284399528,114.22446546590956,118.7105082392149,0.7114924355814575,3.6413076129411985,3758.8522636787857,0.4999617834394905,nan,0.0,0.0,nan,nan,4683.597931031392,2.446361296442496,63.6885992839259,478.49739325845513,123.3518329953551,13.677291644709483,7.664986001708507,5876.013395845206,2.767129109629318,58.00669036346098
34d34m31pt75522611s-31d41m36pt42835792s,34.57548756280794,-31.69345232164579,0.33222509390511523,28.895688975794727,0,0,0,9.74116795461349,0.013385716878892952,8.165914814633602,5.612291656298255e-05,10.179147697615662,0.1798208084506181,66.26699517270106,13.610340657671927,0.275,rxj0218m31,28564.700212282227,94.01552954705635,21.385107507174478,0.19225112364594982,5006.834131273791,2.2288376488408006,53.805614970194256,9292.101621238431,96.84994516823397,7.752644539968223,0.224194356614876,4958.96615575919,2.133038114100338,51.72873188758244,9613.064301786984,278.3360473680459,8.2560205386516,1.2040570982182688,3726.1418661318485,2.6042813919345127,85.70787070300568,13711.514226523597,394.1596860120095,11.798217315944063,1.7050999044571802,3728.853964639869,2.6042813919345127,85.64374184742634,15029.420364302403,171.65719137041722,15.724497719776808,0.34399862402249026,6562.85583183393,2.6033071510472983,48.64102609450762,6010.46199341053,94.07941833550932,4.445050197840469,0.19955586650132748,4861.374108519428,2.250103185254379,56.002418585343136,3914.7262939842835,114.58677010740168,2.376131359153154,0.24632529024606434,4340.470235864692,2.1798839161917387,60.55200622606468,1251.4494398302327,94.85682891325628,0.8533667346202587,0.2584250949243406,4101.876263602731,1.196635794229652,30.123601220175857,301.17604656919696,665345615.4265585,0.1914943226358153,1821726.876719149,3969.7631143302847,0.4999617834394905,nan,1129.560176710658,141.81270983187227,0.6437493326192536,0.3656342193501335,3888.6731181596374,1.6277521763554916,48.1063821633884,783.8550368172555,91.33001581455669,0.46270566891909015,0.25222964513521046,3835.8691780622717,1.3286311267097286,37.484506548602255,548.2578037586165,166.4391443774162,0.31711032432666364,0.33765319217090656,4361.293706265121,1.3857571835109614,34.895861117913505,2949.486659172589,123.23547509720055,1.6894620122726685,0.3233607741063044,3868.8162210995347,2.04348890901285,63.17728518298893,0.0,0.0,nan,nan,6582.649023201466,0.4999617834394905,nan,0.0,0.0,nan,nan,6548.463498226691,9.717440744101276,188.44002792222608,867.9559027185712,161.05687726908207,0.8956052621711027,0.3108406214808808,6716.466362044073,1.9294245799179888,34.08043618743406,1262.0812407547653,280.6213186517114,1.2853084319799204,0.5333592373012366,6731.241848319795,4.975856270067164,93.17990131438935,0.0,0.0,nan,nan,3426.0,1.0,26.53754284399528,0.0,0.0,nan,nan,3760.0860742113146,0.4999617834394905,nan,1689.1544737397737,391.6969884659988,1.0922739039957954,0.773681822962688,4689.221112232379,9.99923566878981,271.0131455203778,1115.6491398797982,213.47705863263445,1.0930959412850516,0.45474608272229106,5875.5601869028305,2.6874239816047654,56.21980311840552
34d34m43pt74198831s-31d42m20pt22870196s,34.578817218975026,-31.705619083879018,0.29927889406049935,23.398463227115744,0,0,0,8.11069344041156,0.007184622008518837,8.087548565589906,9.385948175003254e-05,11.040239077477636,0.7096256935414265,73.88056566721737,13.514318772628304,0.275,rxj0218m31,6270.044751907629,68.58921500683512,27.99628390239048,0.8365133334551659,5006.835812350308,2.390208135779,58.11165249339045,2178.224482868067,89.47512401267817,8.98214940835,1.0237671198870943,4958.744797484161,2.4481283143554835,60.226776460713715,5703.472532869731,256.5674167291682,18.50761047740745,4.193603760652403,3726.1214767149595,2.417587470685191,79.06520239828414,7483.760666339433,333.5511112030692,24.32896743726169,5.451905047582592,3728.7369009300032,2.417587470685191,79.00604375970916,5853.803363122196,150.45058783010228,48.6517309332579,2.395031853100833,6562.897919781214,2.8274211602486004,53.140936623566795,1959.6951009984762,119.62141886450803,7.146334947678377,1.2511576873523806,4861.32675103611,2.132427888171107,52.75014898386732,221.68946408847467,132.45707487708444,0.6919391147260961,1.464404601742155,4340.187440241261,0.4999617834394905,nan,309.88612105741095,144.7072003202931,0.9532700717783875,1.7797753938855456,4100.531931935077,4.626316821152717,141.9391100523345,110.17620701195281,66737.7678176283,0.28164337292243075,734.6796673418104,3969.7081618891143,0.4999617834394905,nan,0.0,0.0,nan,nan,3889.1798111309017,4.547038170919178,147.07494511570485,0.0,0.0,nan,nan,3834.2758732766915,7.27430015611371,240.33851226966837,480.94561297678524,110.97367742038995,1.5204587595245587,1.2294071931491988,4363.24692088478,3.407187609109193,97.29450442450837,1281.3076543416962,95.62946424223627,2.8576491151452514,0.9765664747964495,3869.5253087133165,1.8353145422507564,55.829834015509995,0.0,0.0,nan,nan,6583.434394480858,0.4999617834394905,nan,0.0,0.0,nan,nan,6548.962536006249,0.4999617834394905,nan,725.0421748796402,69.81842932748934,4.824844518640575,0.8690389617623383,6716.319072489432,1.6879181394521021,29.113474362738724,311.6214032307062,144.01240433760174,1.7052120811464244,1.4707724795498602,6731.004920619627,2.297482445920779,41.389613781022526,0.0,0.0,nan,nan,3426.0,1.0,26.53754284399528,0.0,0.0,nan,nan,3759.4076463263445,3.6568984875569996,121.52959824680106,177.9285995302757,79.89242507898418,0.6281357214863584,0.8621483676455486,4687.308029847918,1.8491423219761622,46.502286178097634,93.17716710664212,109.04213711491026,0.6514409157625582,1.6572064912841415,5876.321695362631,0.4999617834394905,nan
STACK,0.0,0.0,0.30340724175344724,nan,0,0,0,8.153851838730455,0.1949471170585383,7.719715055408184,0.004785995888987053,6.037181016188013,0.5330522648526653,91.42983692459606,19.540024704131923,0.275,rxj0218m31,4925.683437546973,142.6798995224646,2.7851093662566537,0.220361943936728,5006.759158924804,2.236673494266233,54.015437443774466,953.7322986373466,206.08781724873876,0.5301277646779218,0.3178382324072603,4958.894007615695,1.9722583175042,47.33731499066537,3354.0811090624707,418.21904863548855,2.1054845029434874,1.3222295231987067,3726.2874191380315,1.5246344732612886,46.27822637517645,4224.455663725522,466.3697770496231,2.65673871516809,1.474461505171823,3728.9256323549216,1.5246344732612886,46.24359980387863,4079.4570897651515,282.5478249471572,3.701153860198945,0.4909994868541033,6562.940361995635,2.924276778838476,55.078093843707855,2229.178232835217,162.0181829438052,1.1814008716411641,0.24630960421173945,4860.951624169498,2.763274444787618,70.00512404451163,0.0,0.0,nan,nan,4337.725128082401,8.97271884169086,262.376923253132,0.0,0.0,nan,nan,4101.271673033065,4.376130153339498,134.07806197378636,6701.665350990585,1240.6762455944681,4.009957112122626,3.1794034069938273,3979.0080674530777,9.99923566878981,319.8627926142355,0.0,0.0,nan,nan,3890.7268821142534,0.5936592166859866,nan,0.0,0.0,nan,nan,3835.337783408081,4.386899619854726,143.75056345906648,361.67751218995676,12093.14247386458,0.17631845115162667,20.649588083876928,4364.248092350375,0.7957579672733539,11.042692647485854,0.0,0.0,nan,nan,3870.2532229976828,6.769842604894104,221.58316067718525,1404.0339164564093,85740744.45496742,1.204430444253492,140445.980887988,6582.314650932443,0.5797980355213574,nan,0.0,0.0,nan,nan,6548.728478771146,7.437358309965211,143.95857337744323,758.3943695466522,186.1280418173329,0.7297472420628304,0.3349624964296301,6716.965051288299,2.623951667371654,47.93450737206203,795.4452384718683,213.15910309790138,0.8017262122646479,0.4009586664677701,6731.229361857697,2.5217919010557392,45.82401396384708,0.0,0.0,nan,nan,3426.0,1.0,26.53754284399528,1808.327695300646,173243705.00072852,1.0133236102910423,477938.70661376364,3759.234504032794,0.5820238517146848,nan,0.0,0.0,nan,nan,4685.356512109317,4.883168141492853,131.30563588354445,212.08055100491623,155.7028946739863,0.17406736482545251,0.27780713258993084,5876.176095815819,1.2099768676698364,21.384473924423528
38d04m43pt56908128s-44d20m30pt25594442s,38.07876918924535,-44.34173776233986,0.5593317296032165,32.185818491455436,0,0,0,nan,nan,nan,nan,nan,nan,60.46318164742812,14.341237118548126,0.2836,rxj0232m44,1367.1965467501968,177.16063103777134,7.608257692940687,2.692778101681583,5006.894246506876,0.7711738250558356,8.22794563838661,123.12568712385264,6.500143565134441e+52,0.6718315804452245,9.839220661944235e+50,4959.406631500399,0.4999617834394905,nan,236.2145818961141,188.36464372263586,0.7902633636152195,3.191360607672383,3718.441267595842,0.4999617834394905,nan,0.0,0.0,nan,nan,3729.079750980675,4.154026781254866,139.79946002792076,0.0,0.0,nan,nan,6562.8,1.0,13.853480493619768,0.0,0.0,nan,nan,4860.050870371558,6.8250107145304035,177.79308407775022,968.0017099039088,149.1058901018574,4.771138711928577,2.6026160837365353,4340.647409019334,2.537631701117959,71.54349951970758,0.0,0.0,nan,nan,4102.463582341074,4.773432618801783,146.55683116307324,1497.2204224267084,147.4178855145684,10.53781924135176,4.4698434087768595,3969.076419008215,1.050055438862397,25.099093643067413,2354.5230051062877,206.81122357592304,11.393443553057326,4.52384921968869,3889.9349128251833,2.5958806024965217,81.82943682815865,0.0,0.0,nan,nan,3835.4539517640674,4.567864837875439,149.8322396680834,493.4653318492814,2387953.422496588,2.5891454426376233,43949.367812088734,4361.109037088958,0.5284259741276277,nan,912.856053320013,19631230.11807688,3.2078233339145727,316155.6557485105,3868.1048852708086,0.5004853730540773,nan,0.0,0.0,nan,nan,6583.45,1.0,13.810026928666252,0.0,0.0,nan,nan,6548.05,1.0,13.88468655302385,0.0,0.0,nan,nan,6716.44,1.0,13.536579167464883,0.0,0.0,nan,nan,6730.82,1.0,13.507659064352907,0.0,0.0,nan,nan,3425.2719206588995,2.6428241990254766,94.69981729082858,3495.9198069541467,214.60331225554614,39.92682351441268,12.05334506932405,3760.8404073369393,2.012878374940645,63.90024794217399,651.3731526047093,5047716.467856285,7.192477252979651,170422.70853939067,4686.617058138867,0.5022445480829973,nan,241.05991704965385,11559071.482062628,1.4979329726975414,156170.60982998213,5875.323575079854,0.5017515978355223,nan
38d04m51pt11588217s-44d21m05pt45641969s,38.08086552282515,-44.35151567213619,0.5659446118069362,31.94818020582985,0,0,0,nan,nan,nan,nan,nan,nan,66.62952338286159,13.924936603651322,0.2836,rxj0232m44,1580.027236441154,170.49486000978905,18.211194500751727,5.36761062348514,5006.774763619668,1.8409244749121294,43.29358923596336,701.7170190047573,139.17442498457436,7.189831515674144,3.9540426803766713,4960.80293460411,1.3510269679182096,29.666200492860355,1161.1777962850026,421.70691195432175,3.283514013650546,6.0086863906820325,3725.614737582811,1.5717732240368791,48.08403258330644,524.2353224629185,272.928765214998,1.4843685238425541,3.88882257009495,3727.511524113212,1.5717732240368791,48.048054860888236,0.0,0.0,nan,nan,6562.8,1.0,13.853480493619768,0.0,0.0,nan,nan,4857.943634470568,0.4999617834394905,nan,0.0,0.0,nan,nan,4340.55454618832,2.7473858942640974,77.9241411200852,1379.1063255411098,262.21808847509254,269.5139870388288,205.018092821728,4099.3273692398325,5.611963578201593,172.82466383585185,54.08146397716057,292.9453649323663,8.70343239036807,202.63209357486087,3972.9589624624878,0.4999617834394905,nan,0.0,0.0,nan,nan,3886.7718707727054,3.8675963109388514,124.51655784551359,0.0,0.0,nan,nan,3836.3841191743268,3.8841910468754963,126.81867978424701,192.7569787057377,363.082235944466,2.619657480395587,17.292882398676866,4363.093201739564,0.4999617834394905,nan,0.0,0.0,nan,nan,3868.4120454748427,5.729319218299272,187.12396362568433,0.0,0.0,nan,nan,6583.45,1.0,13.810026928666252,0.0,0.0,nan,nan,6548.05,1.0,13.88468655302385,0.0,0.0,nan,nan,6716.44,1.0,13.536579167464883,0.0,0.0,nan,nan,6730.82,1.0,13.507659064352907,2487.7668871139354,252.24916866111639,7.629030343524413,4.935599370129248,3423.2876670545957,1.7097277166620037,57.964453495258326,0.0,0.0,nan,nan,3759.7716427859846,0.6313988993763514,nan,0.0,0.0,nan,nan,4685.2697387837225,4.578583681079354,122.93785781969999,608.0408594096515,378.79863777051406,68.74659654918716,93.20673396020211,5870.87642938979,7.333181405598225,158.16631736788386
38d04m52pt23490236s-44d21m03pt05647846s,38.08117636176589,-44.350849021793245,0.593803567261536,29.45815273540398,0,0,0,7.972322575949913,0.02362080024444636,8.03293317996489,0.0003740678118886351,11.152918713696128,2.2773596921120336,97.39572374354934,21.887920834653585,0.2836,rxj0232m44,2180.295550415103,151.58980415864357,21.145216488298153,4.015111041853942,5007.238389084309,1.8351043717254223,43.133538363025515,144.4792877241818,215.64262989367006,1.5212292487300494,6.299308958921567,4959.1062789793195,0.4999617834394905,nan,3594.9753499963467,406.14949482680925,7.710083132272632,4.39100413105623,3725.0016456939916,3.5249386357887738,118.04058239358417,3564.205576798569,395.18907522929516,7.685310547656966,4.272507744026828,3732.7142855224433,3.5249386357887738,117.95226136310319,0.0,0.0,nan,nan,6562.8,1.0,13.853480493619768,850.3563962398122,164.34648971160755,10.92007727676903,6.049337266548879,4863.2122032458265,2.355305686241918,58.89444227358206,3281.3671558879014,460.61621382076487,28.43605132847277,14.15251215223819,4338.143271091787,8.084172750299118,236.22648011501298,0.0,0.0,nan,nan,4101.519559861596,3.714343600626706,113.22057461528833,1299.7434063527537,8141065.979923435,9.239831083775163,249023.21505566698,3971.118231384896,0.5028858726439125,nan,2510.3507041148114,586.7090868253581,15.10847469834516,15.919121218281424,3894.2627887812578,9.93809282887795,324.51993795642835,0.0,0.0,nan,nan,3838.084171906746,9.872071902385526,326.8632498622308,330.1663880180426,132.34766564494612,6.738368000416266,9.460653387547683,4364.3127683405955,1.2495993695716139,30.20317950438185,0.0,0.0,nan,nan,3868.505020222696,3.8357621801897177,124.10492293331754,0.0,0.0,nan,nan,6583.45,1.0,13.810026928666252,0.0,0.0,nan,nan,6548.05,1.0,13.88468655302385,0.0,0.0,nan,nan,6716.44,1.0,13.536579167464883,0.0,0.0,nan,nan,6730.82,1.0,13.507659064352907,2076.6767384141303,279.30060106105145,10.872743077812972,9.30587305586436,3426.290805657667,3.0140414482121027,108.9392949291531,0.0,0.0,nan,nan,3759.1878595466587,4.2817052980352015,143.02405102712908,346.4013193662805,82.76247979366356,3.3959831115038823,2.4842340197748465,4683.087238141396,0.9022813135129775,15.468123091158207,0.0,0.0,nan,nan,5885.62,9.99923566878981,216.12712798001303
38d04m38pt81394627s-44d20m37pt055574s,38.077448318407335,-44.34362654833203,0.842448075576187,34.94774626430069,0,0,0,nan,nan,nan,nan,nan,nan,69.75224763189773,23.59201997564321,0.2836,rxj0232m44,1385.71070408914,115.43562129298527,7.716916933609715,1.7559029080907005,5006.820756281368,1.6615825539647135,38.31723118583398,987.8073993347701,123.44299182460958,8.903330727151163,3.089747461229023,4956.278893810901,1.789776989828213,42.28884209490842,1575.473770671645,46441661.51454421,41.739120228928066,6197508.9916788675,3726.1135412766716,0.4999617834394905,nan,0.0,0.0,nan,nan,3728.703160605164,5.301689872745601,179.42667446475485,0.0,0.0,nan,nan,6562.8,1.0,13.853480493619768,0.0,0.0,nan,nan,4860.417310617127,2.40643600898564,60.29538674558872,1019.9772719873794,90.510344102848,16.010832307272793,5.035047984688006,4339.113497330042,0.9144010890613806,17.256250440903198,0.0,0.0,nan,nan,4104.437507931083,0.4999617834394905,nan,2748.5219333983546,303.4365784654841,63.49822537746285,30.14816057994244,3971.98111243844,6.2849810270764115,200.2890410176944,12.387932921362923,254.7944368099008,0.25254756670916856,23.499976967238407,3888.640352908572,0.4999617834394905,nan,0.0,0.0,nan,nan,3838.3519892869517,0.4999617834394905,nan,477.6138468964315,103.94365361703764,13.484892961370782,10.278144039111044,4364.496282494548,1.4827250585883895,38.138270879264276,667.7234993911734,9248.442720868548,12.992964428246216,823.3591420541405,3870.7825472735367,0.557397111706181,nan,0.0,0.0,nan,nan,6583.45,1.0,13.810026928666252,0.0,0.0,nan,nan,6548.05,1.0,13.88468655302385,0.0,0.0,nan,nan,6716.44,1.0,13.536579167464883,0.0,0.0,nan,nan,6730.82,1.0,13.507659064352907,1416.1492248286283,542.9860788367923,24.707008788231867,60.34553306487048,3425.1520388444424,9.99923566878981,370.65991701749095,0.0,0.0,nan,nan,3762.335713952219,4.632480386992583,155.050456780568,159.11066702282528,0.0,4.277182747260351,0.0,4685.205498608418,0.4999617834394905,nan,0.0,0.0,nan,nan,5875.62,1.0,15.473706908126772
38d04m57pt55184527s-44d20m25pt65671619s,38.08265329035348,-44.34046019894167,0.2081103804136355,23.082554395083015,0,0,0,8.024189496569004,0.015435845076598703,nan,nan,3.5577103983425533,0.052754710672776414,58.233195359022716,14.568970612623916,0.2836,rxj0232m44,55282.12299851553,291.8302632993306,29.499654912970634,0.4253528637468751,5006.839201191327,2.592056520058822,63.459984247598484,17477.99401609436,345.7152020188876,9.944452219538556,0.5457592907171733,4958.938318420156,2.65803699240768,65.83092188131253,0.0,0.0,nan,nan,3726.03,1.0,24.400668213494743,0.0,0.0,nan,nan,3728.82,1.0,24.382410999599827,49528.808623825054,664.943779875061,45.020768620494046,1.1577273543925193,6562.766433014848,2.911514319524576,54.82307079571832,20451.388355979445,275.3083825211594,11.914589385885828,0.46003720707681844,4861.267362522759,2.4478111724366336,61.42702291484196,7880.687458373903,342.9935887907712,3.4928666704601077,0.5384248294886288,4340.393214607067,1.9874903148276788,54.55978621144381,507.57807078408973,479.0213354019546,0.17463948673055818,0.6586243760781079,4101.4541987898565,0.4999617834394905,nan,620.5813053983507,732191.6528364017,0.1987908988061603,1009.4316924451954,3970.720521106597,0.4999617834394905,nan,0.0,0.0,nan,nan,3889.06,1.0,23.37778840736009,0.0,0.0,nan,nan,3835.4,1.0,23.704860453545347,4210.733804472313,1634.7295912205923,1.7645411866186251,2.3956004805001836,4367.744793235219,9.99923566878981,291.0428046557292,0.0,0.0,nan,nan,3868.75,1.0,23.500516131444996,770.2056657696081,4334.68263160654,0.3837752209240345,4.123637918962161,6583.259979551627,0.4999617834394905,nan,0.0,0.0,nan,nan,6548.808208479416,8.80527060930116,170.65420511324615,7988.7037116607025,685.0011629612957,7.503418148387195,1.2034061446029096,6716.488422261951,3.1159414502951246,57.55299029217583,5363.216543859642,781.125091645202,4.750509922482461,1.2913518643084803,6730.779131698234,2.6311266922855925,47.97289870703759,0.0,0.0,nan,nan,3426.0,1.0,26.53754284399528,0.0,0.0,nan,nan,3760.0,1.0,24.18021855944889,1065.5236222408776,187.9940421320959,0.5027811991124573,0.2714054194722164,4684.97089775738,1.1667924570810815,25.362980425253134,3025.657564103756,266.630752780457,2.5412027559186487,0.4868416254472849,5875.876021611609,4.754392390446804,101.89323632720802
38d04m12pt5165831s-44d21m10pt25253581s,38.07014349530422,-44.35284792661314,0.4029405823417198,66.85119936486566,0,0,0,8.859281626663483,0.007463605420587862,8.140725410199776,5.0220229530562034e-05,8.960061223281459,0.2246601782352553,60.78030789771851,11.170470038291473,0.2836,rxj0232m44,28345.375371004407,154.53941802758376,189.58957796280893,2.8233114899721783,5006.835890382661,2.0887357737830605,50.039476914578174,10026.732628396747,135.0482092901036,70.33152769135499,2.628370001617196,4958.843291805465,2.022435802994368,48.71277557914197,14878.542796177924,384.3488953115601,46.53343545239573,6.054081264354343,3726.309375463871,2.1177576802428324,68.29194109121444,17021.42574270863,416.30610621092893,53.336170942733716,6.557456073354529,3729.0189059702375,2.1177576802428324,68.24084328664235,17394.86417088579,162.47107844096126,1738.8193620627976,31.108025872016743,6562.815252509256,2.698565381459293,50.55694282826278,7842.8120954905535,184.78775913439276,42.196763125953254,2.8516400183384967,4861.287588262637,2.1064001416719083,52.02799901069767,3074.8171257738472,197.4638478929379,8.685227430559248,1.9755849797642737,4340.2702934853005,1.3860415821158585,35.088428754653116,552.3725582394956,255.5526198509037,1.399251167083889,2.5862463994028277,4101.951243052055,0.4999617834394905,nan,1458.5480870299266,239.3516597260846,3.211807914415277,2.265546731590784,3972.848731859798,1.188494284862288,30.800041499925303,1319.6545177500354,260.42951056836347,2.408391795421023,2.1484201738089874,3890.007980963755,2.3728359172933975,74.21893069997564,0.0,0.0,nan,nan,3835.039855315645,3.4535383224115432,112.2553345400543,1078.958362063835,205.10762698478544,2.40346852459262,1.6022302754309352,4361.6936598107495,1.2172712755650097,29.057471935947735,2132.2534249381065,200.92728919479976,4.028245580232404,1.7391741383394113,3868.53474563845,1.6838190379034799,50.394897434655164,0.0,0.0,nan,nan,6583.182851235239,9.99923566878981,192.88987927331783,0.0,0.0,nan,nan,6547.733365368436,9.99923566878981,193.93267853817915,0.0,0.0,nan,nan,6716.44,1.0,13.536579167464883,0.0,0.0,nan,nan,6730.82,1.0,13.507659064352907,0.0,156.52367757076777,nan,nan,3426.0,1.0,26.53754284399528,0.0,0.0,nan,nan,3760.214765863365,3.2908463581394454,108.87507516143616,0.0,0.0,nan,nan,4685.678629784709,3.8452021735241377,102.7285692171856,0.0,61.34446126900062,nan,nan,5875.62,1.0,15.473706908126772
38d04m36pt85454668s-44d20m47pt45540542s,38.076904040744495,-44.34651539039307,0.29642600094945104,36.81547877733084,0,0,0,nan,nan,nan,nan,nan,nan,163.54960327309888,22.724096624974923,0.2836,rxj0232m44,1394.6700028328396,387.7753916461671,0.1771096384183637,0.134570421493415,5005.330296632884,4.385658467367067,110.08557261156822,0.0,0.0,nan,nan,4959.042826953046,4.660551445117103,118.29307360660144,0.0,0.0,nan,nan,3726.618421215938,6.53238517696858,221.91185516365766,0.0,0.0,nan,nan,3728.690133988955,6.036166855253832,204.69756576806188,0.0,0.0,nan,nan,6563.033180120198,7.786437589042905,150.4355588175131,0.0,0.0,nan,nan,4861.35947564794,3.995526511052494,103.0178374856251,3248.699155368024,639.7165012235411,0.39815770214704105,0.2777371494349146,4340.00243050286,4.217812836718462,121.9971214199385,5920.083403480406,819.6053673903966,0.8190401241023346,0.4523187682354024,4104.7641186194705,8.32030941923853,257.3314874529633,34099.585519725144,8394.792426172457,5.734903520344945,6.042870013148915,3980.08,9.99923566878981,319.8627926142355,27521.844256492634,3728.7774235393035,6.171816289724685,3.775466487009836,3891.8288182566166,9.99923566878981,326.52642944617054,0.0,0.0,nan,nan,3835.4862407674595,4.716078039876529,154.80887100005916,0.0,0.0,nan,nan,4359.787755216636,0.4999617834394905,nan,0.0,0.0,nan,nan,3868.100606426737,9.99923566878981,328.2406140748108,0.0,0.0,nan,nan,6583.865545488638,6.059535812549963,116.39423295924797,24390.10412599986,2075.4613237748376,3.494399259518661,0.5706795868161806,6550.485693759093,4.211315313922383,80.73926953442601,0.0,0.0,nan,nan,6716.217808575544,5.3649948611755915,100.82416708123418,392.6216323529651,166.2283741302399,0.06536685424828671,0.05166037800349259,6729.854447487304,1.8071416922154855,31.51273117503593,0.0,0.0,nan,nan,3426.0,1.0,26.53754284399528,24992.512982062435,1718.4125525207496,5.261742569892801,1.7801814917044387,3759.9988163961402,9.99923566878981,337.7342754526394,0.0,0.0,nan,nan,4686.19615195568,9.99923566878981,271.0131455203778,15683.274545332886,5832.928376879232,2.5362310650027866,2.0464359137848933,5885.62,9.99923566878981,216.12712798001303
STACK,0.0,0.0,0.4955721354218117,nan,0,0,0,nan,nan,12.194420494309417,0.0042598851908968284,1.2634990141396938,1.3992313876651867e+21,146.85528418383493,28.463070644780398,0.2836,rxj0232m44,1658.2092395252164,1.9389337294734977e+25,0.15172955155760443,4.846269992432284e+21,5006.6469063973955,0.4999617834394905,nan,4756.1116670988895,1190.6347220651926,0.4444683102536942,0.3088036283275526,4958.092651121995,9.457654612944676,242.14046946524144,3827.823922042946,1245.6824191005044,0.22213831519546254,0.3639290591689459,3726.9028969412275,4.655000322948657,157.24239279319636,7266.33073347615,2037.331704967044,0.4236034390548501,0.5952112667200607,3733.423624534438,4.655000322948657,157.12473994969815,0.0,0.0,nan,nan,6562.8,1.0,13.853480493619768,13857.13432793185,3331.500410879244,1.3627599929069258,0.942673953919175,4852.32564297793,9.99923566878981,261.2208748844296,585.3443638503732,104547.40262214249,0.044542334111037814,28.189972308370198,4339.418173026644,0.4999617834394905,nan,23003.39761142623,8127.451529230601,1.5407627003444564,2.1834629746256153,4094.675785356935,9.99923566878981,309.59640827210086,7656.835650259733,914.7502583531013,0.4701330665790637,0.24225399005639706,3967.0574514039013,5.30790607857417,168.72409108845022,0.0,0.0,nan,nan,3888.780242031427,7.246427256127116,236.10569611953045,0.0,0.0,nan,nan,3835.1192170772188,4.434921823616028,145.36504631973648,0.0,0.0,nan,nan,4361.558510130552,9.99923566878981,291.0428046557292,0.0,0.0,nan,nan,3868.2292923997234,9.99923566878981,328.2406140748108,0.0,0.0,nan,nan,6583.45,1.0,13.810026928666252,0.0,0.0,nan,nan,6548.05,1.0,13.88468655302385,0.0,0.0,nan,nan,6716.44,1.0,13.536579167464883,0.0,0.0,nan,nan,6730.82,1.0,13.507659064352907,0.0,0.0,nan,nan,3426.0381596671496,9.600290804969937,355.79714739303546,703.3857976326535,2103.8108698657957,0.0406127137066695,0.5973923356434079,3760.784130635421,0.4999617834394905,nan,1355.741301074263,49515.288136032046,0.11313897233089633,12.63886427235444,4685.720892498787,0.4999617834394905,nan,2590.66733532447,690.8187390253464,0.3382832714974026,0.19608212365473182,5876.448568365402,3.2631174115921064,69.05768226977617
4d46m56pt37672986s-20d26m43pt35221169s,4.782326869404984,-20.44537561435892,0.11322753391385043,15.396524552824298,0,0,0,nan,nan,nan,nan,nan,nan,49.09043577791574,8.916852102219519,0.272,s26,263.21936132190586,0.0,10.713932544985,0.0,5007.202819327457,0.4999617834394905,nan,963.9032424076271,183.3278223343278,44.523771177760835,23.496835258739825,4958.736022814505,2.8041408637279415,69.71158160539791,0.0,0.0,nan,nan,3726.03,1.0,24.400668213494743,0.0,0.0,nan,nan,3728.82,1.0,24.382410999599827,142.61447318024162,404.8434627120491,5.280659088988484,28.71976881823253,6561.280348158629,0.4999617834394905,nan,0.0,0.0,nan,nan,4864.423557647457,0.4999617834394905,nan,990.4542598183394,201.17744313216454,40.66042926967779,29.25386218142508,4340.171269186515,3.2590023230835965,93.35883830281438,0.0,0.0,nan,nan,4101.73,1.0,22.16567686891332,0.0,0.0,nan,nan,3970.08,1.0,22.900702702093618,0.0,0.0,nan,nan,3889.06,1.0,23.37778840736009,0.0,0.0,nan,nan,3835.4,1.0,23.704860453545347,0.0,66.97873542735162,nan,nan,4363.21,1.0,20.83732430562082,0.0,0.0,nan,nan,3868.75,1.0,23.500516131444996,606.3447089369267,299.8275992711833,79.57851068083603,75.11662755475618,6584.202688879995,3.9815340498255476,75.79524970618641,0.0,0.0,nan,nan,6547.391746742426,3.5296984657897754,67.26292907746037,0.0,0.0,nan,nan,6714.637538255122,6.255229545122691,117.82313599875224,0.0,0.0,nan,nan,6731.452864331268,3.7589985683025113,69.855934320465,0.0,0.0,nan,nan,3426.0,1.0,26.53754284399528,0.0,0.0,nan,nan,3760.0,1.0,24.18021855944889,1802.304299612243,192.56323565959264,365.35364761341174,119.5281883591945,4682.856169334136,4.871781728336895,130.9930303914886,0.0,0.0,nan,nan,5875.70760354028,5.629025697110186,121.02030667023287
4d47m15pt15971359s-20d26m34pt5520152s,4.787544364885602,-20.442931115334574,0.11494283140906725,17.196686986305085,0,0,0,nan,nan,nan,nan,nan,nan,56.94338403026156,12.060958732382625,0.272,s26,745.8535428250902,2619.777645194796,113.84564835912381,1092.22329457429,5006.858345032283,1.0286022449396968,19.163819210943917,114.63320128521944,0.0,7.297276327069551,0.0,4960.283539230757,0.4999617834394905,nan,0.0,0.0,nan,nan,3726.03,1.0,24.400668213494743,0.0,0.0,nan,nan,3728.82,1.0,24.382410999599827,0.0,0.0,nan,nan,6563.140552877345,3.1239374983565273,59.0595196955184,0.0,0.0,nan,nan,4859.891653620546,2.4333394816347598,61.03141175436551,939.2758885634232,131.6355834708902,13.448110732526757,6.672317674773715,4341.305787481911,2.2720232943523997,63.39905926413598,0.0,0.0,nan,nan,4101.73,1.0,22.16567686891332,0.0,0.0,nan,nan,3970.08,1.0,22.900702702093618,0.0,0.0,nan,nan,3889.06,1.0,23.37778840736009,0.0,0.0,nan,nan,3835.4,1.0,23.704860453545347,0.0,0.0,nan,nan,4362.367262456876,2.4099910302233334,67.28733801618377,0.0,0.0,nan,nan,3868.75,1.0,23.500516131444996,643.8593096776818,288.92213798417777,14.190111787377463,12.1625480981074,6580.409219066092,4.852751246512869,92.86060421296007,1642.2591368182668,758.5713561790301,25.289757235264403,22.451990961862016,6541.353607796673,9.99923566878981,193.93267853817915,0.0,0.0,nan,nan,6719.272660001628,2.6660983824806013,48.76293808326716,859.0920414925047,2515.04450901268,34.05511121706614,186.12047966264674,6729.286738632003,9.99923566878981,188.66659273341497,0.0,0.0,nan,nan,3426.0,1.0,26.53754284399528,0.0,0.0,nan,nan,3760.0,1.0,24.18021855944889,0.0,0.0,nan,nan,4690.398114127862,6.6348048891062525,179.26184368857034,0.0,0.0,nan,nan,5875.702367834541,3.043548124369023,64.17825828831874
4d46m59pt15152699s-20d26m28pt35221793s,4.78309764638728,-20.441208949424723,0.27149637244901204,0.14207125679894123,0,0,0,7.63572270718705,0.06475229366231634,10.36898417502831,0.007402037142979201,0.6116638304328812,0.04688777986164676,91.49152637247174,14.750748169898142,0.272,s26,3878.4155004056297,226.90532703437881,0.848349830599704,0.1355621368644559,5006.937125842003,4.796301927310334,120.65089183326764,820.9818271421497,198.9754456927733,0.17027423466911698,0.11447219644649018,4959.69074187338,1.7643526346645941,41.57870405219397,0.0,0.0,nan,nan,3716.03,0.4999617834394905,nan,0.0,157.9531665145112,nan,nan,3728.82,1.0,24.382410999599827,0.0,0.0,nan,nan,6562.84826784445,3.781091802911689,72.08054296357793,7682.974035299691,191.6700728262646,1.5782267412570392,0.11290376155709216,4861.948203170066,4.104525510689504,105.91596416717123,5016.567564622175,305.04664310257095,1.0338334711976522,0.2226494008443963,4340.441393551623,6.503834580700564,189.65600553704215,231.63308995829868,1475.8451669316378,0.04904861384063228,1.2485681878642283,4101.8692792736865,0.4999617834394905,nan,0.0,0.0,nan,nan,3969.467054388205,0.4999617834394905,nan,0.0,0.0,nan,nan,3891.8224392431507,0.4999617834394905,nan,0.0,0.0,nan,nan,3834.9349532027945,3.0281273336235817,97.79148665901822,208.95436000569325,312.13122545738196,0.042066057824564525,0.219871176160815,4366.466661733028,0.4999617834394905,nan,2736.6548275553373,196.30056074506243,0.8636408973851905,0.28391199784043697,3868.0913305838803,2.6614185495953944,84.49650540364621,42546.01600863068,1501.0386415110993,9.87846382761091,0.6652897316579404,6584.200157474804,5.90826876931857,113.44881926569252,9954.296173529963,1324.9300549221084,2.3142749605314137,0.5913540382954533,6548.598179440638,4.84738208376828,93.25713203623589,7687.624959858771,663.3601290413029,2.043488124719482,0.3297852300713645,6717.043424706805,5.828601096850349,109.68149635113616,3937.467665721814,824.3288888597937,1.0383287774141987,0.4056803630424577,6731.450749822945,4.422823777789631,82.60112270885114,0.0,0.0,nan,nan,3426.0,1.0,26.53754284399528,0.0,0.0,nan,nan,3759.704486143268,5.278604790342035,177.15019553057854,442.94611592450417,260.59574031458544,0.08783606794927955,0.15794985615843654,4687.54046893707,0.4999617834394905,nan,7493.196179882892,1692.5953332638999,2.0321732864340616,0.9987345290587509,5872.141732470911,9.99923566878981,216.12712798001303
STACK,0.0,0.0,0.1665555792573099,nan,0,0,0,nan,nan,nan,nan,nan,nan,46.994857689633115,11.728602871112807,0.272,s26,623.3905861178733,9.833416369761786e+46,0.16221968705327622,6.988839034407141e+43,5007.049593143942,0.4999617834394905,nan,4335.138320731535,327.2506223593649,1.1332934983211094,0.23743415523221742,4958.035814339513,4.229971919642742,107.0987990128188,0.0,0.0,nan,nan,3726.03,1.0,24.400668213494743,0.0,0.0,nan,nan,3728.82,1.0,24.382410999599827,0.0,0.0,nan,nan,6562.426240634038,7.645401071939204,147.68829643918585,0.0,0.0,nan,nan,4860.867967468371,4.301421751407464,111.14542904649625,1375.2726667717736,39911933.266423315,0.5311341511647097,54615.566103226476,4339.524197513549,0.6479813002178667,nan,0.0,0.0,nan,nan,4101.73,1.0,22.16567686891332,0.0,0.0,nan,nan,3970.08,1.0,22.900702702093618,0.0,0.0,nan,nan,3889.06,1.0,23.37778840736009,0.0,0.0,nan,nan,3835.4,1.0,23.704860453545347,1027.2495309554167,356.13488038362743,0.45429124412518773,0.551878483745034,4363.379088328592,1.7425929806318732,46.56287777636649,0.0,0.0,nan,nan,3868.75,1.0,23.500516131444996,217.66125717464234,2225846836352751.5,0.05928648001261919,1157614914744.409,6582.65866023993,0.4999617834394905,nan,0.0,0.0,nan,nan,6544.843496872574,2.515487255280194,46.97545447644385,8587.666495733438,2433.20800242185,2.761181809838113,1.4651932786845754,6707.946055659132,9.99923566878981,189.07053077254085,0.0,0.0,nan,nan,6730.541124712903,0.4999617834394905,nan,0.0,0.0,nan,nan,3426.0,1.0,26.53754284399528,0.0,0.0,nan,nan,3760.0,1.0,24.18021855944889,1524.3058765140656,6728768.599761431,0.421210575460144,5689.818560975392,4684.508402773733,0.7072514340434511,2.7446574748719663,898.1546795974637,149.346436241372,0.26397795871281726,0.09537974998280148,5878.18362615169,1.407816715964662,26.465865924408913
224d52m11pt15052862s-18d11m12pt00763245s,224.8697640357269,-18.186668786790314,0.7889214442319599,39.57850473790277,0,0,0,nan,nan,nan,nan,nan,nan,76.29095942431434,19.123874162865654,0.2357,s780,4592.904320967645,0.0,50.424056552403385,0.0,5006.715057237878,0.4999617834394905,nan,7316.118597003826,2080.7639502080447,14.15819939750367,11.162446285714656,4961.609609732364,2.942402061132196,73.37150646700056,2291.355445478029,824.0006400144445,5.720988040856029,10.362948296507705,3726.1138594075915,0.4999617834394905,nan,0.0,0.0,nan,nan,3729.2861749041813,4.565725424860802,154.04094215277019,0.0,0.0,nan,nan,6562.8,1.0,13.853480493619768,0.0,0.0,nan,nan,4861.190913166152,4.152048374634051,107.17879581719265,0.0,0.0,nan,nan,4341.430028520454,5.410257580460946,157.35455113946682,5714.508144859371,1114.3854624329629,6.387037551556974,4.97531575219881,4102.211251014114,2.36879263326139,70.23941214920659,1092.3326249756672,1265.9165052077194,2.2925067379868116,11.474585512837123,3964.810504034245,0.4999617834394905,nan,0.0,0.0,nan,nan,3890.0924383172123,9.829692115292403,320.96245836677315,0.0,0.0,nan,nan,3835.267771208308,0.4999617834394905,nan,6750.329615942843,1076.3764789069335,6.425404544449613,3.594486087352808,4360.760524437522,2.7274146096777874,76.91507549005516,8033.489747490853,1059437.2689820747,140.82237507961173,85039.56142046725,3869.438970553835,0.5001288016554238,nan,0.0,0.0,nan,nan,6583.45,1.0,13.810026928666252,0.0,0.0,nan,nan,6548.05,1.0,13.88468655302385,0.0,0.0,nan,nan,6716.44,1.0,13.536579167464883,0.0,0.0,nan,nan,6730.82,1.0,13.507659064352907,0.0,0.0,nan,nan,3425.7551776957484,1.3469198546541923,42.76133740122116,0.0,0.0,nan,nan,3759.761677389342,4.39346417787652,146.85837137373505,0.0,0.0,nan,nan,4685.760623171441,5.181416380601974,139.48868016498216,0.0,0.0,nan,nan,5875.62,1.0,15.473706908126772
224d52m15pt36113317s-18d10m25pt20766811s,224.87093364810238,-18.173668796698543,0.7982943923182009,8.838667530844447,0,0,0,nan,nan,nan,nan,0.46592187395964063,0.18955313460531037,72.30145410239209,21.816485999403273,0.2357,s780,4517.13144287225,1175.9069170850053,6.649416738007576,4.7277827464164055,5007.003606606716,0.4999617834394905,nan,0.0,0.0,nan,nan,4959.205687362916,1.869128040507749,44.4939195928446,0.0,0.0,nan,nan,3725.4576331789817,4.436773308916468,149.69600416406033,0.0,0.0,nan,nan,3730.650901558482,7.804601268043953,265.3923453880082,0.0,0.0,nan,nan,6562.8,1.0,13.853480493619768,9695.040510726345,3031.1082429221656,11.363504662214636,10.198712567862716,4858.867181677669,9.99923566878981,261.2208748844296,1182.6197464982563,3.4466710215314e+34,1.929080720725129,1.9920149301747055e+32,4339.57707354109,0.4999617834394905,nan,4634.590685999938,1486.8767521385098,3.9945140330129227,5.1284565547078715,4098.848949857723,0.7438565856460896,7.810437250963322,3966.5506916535696,427.61854044656155,9.975468780704588,4.637688714874109,3967.3375787791188,0.8587346781881332,15.9509196519809,6575.180147383796,679.6640637734585,11.395691341123825,5.333432332523226,3887.364930218123,1.5906697232376381,46.75821440146893,2311.8425946819343,63717.65606817468,5.224977094647467,673.6551835920343,3836.088898178151,0.4999617834394905,nan,1012.9384258318257,20546593526454.15,1.0068622420091158,71565014020.88457,4363.362234759886,0.4999617834394905,nan,5327.131123317096,795.0206296169696,12.785359594027671,8.743642576760495,3868.2897236251856,1.9017433109634363,58.18759302270256,0.0,0.0,nan,nan,6583.45,1.0,13.810026928666252,0.0,0.0,nan,nan,6548.05,1.0,13.88468655302385,0.0,0.0,nan,nan,6716.44,1.0,13.536579167464883,0.0,0.0,nan,nan,6730.82,1.0,13.507659064352907,0.0,0.0,nan,nan,3426.4185458119864,3.0782029651941523,111.38910659707449,0.0,0.0,nan,nan,3757.826459545918,7.60663043425343,256.46061977427007,7194.200337791192,3163591.2704248223,13.642056428437197,18335.320787407964,4687.65510226942,0.501353738237147,nan,0.0,0.0,nan,nan,5875.62,1.0,15.473706908126772
224d52m14pt93999625s-18d10m45pt80766572s,224.870816665625,-18.179391018255398,0.23413309420801087,13.238982459383472,0,0,0,nan,nan,nan,nan,0.39434921645594984,0.0053563278708071834,89.9708451086102,15.27111189150751,0.2357,s780,214263.95378197878,2568.8781674494703,7.675508422808569,0.25135563258843013,5006.837315580791,4.172267883297131,104.58549507541306,66140.73287976625,2259.193459195263,2.286132599922506,0.21665175614823415,4959.056492972765,4.569600316141603,115.93075008217697,0.0,0.0,nan,nan,3726.03,1.0,24.400668213494743,0.0,0.0,nan,nan,3728.82,1.0,24.382410999599827,1300152.653184221,108252.12648922425,16.433868086821697,2.6209578399781357,6562.595953758994,3.8993298164962718,74.41330489196046,711056.7866262444,4245.327276389215,23.251674047543904,0.39818408541113215,4861.23079183676,4.10029362462845,105.80348865824332,342818.87724293023,2627.285675970412,10.412142171812633,0.28261207590613097,4340.457601938841,3.824772192866936,110.28965054032683,170208.87944010846,2099.4368362455643,4.712627580966693,0.23224742655233188,4101.776701547294,3.291472102376421,99.82417458345407,80264.91177935705,2860.36510395545,2.2833947372468852,0.3503601587067844,3970.006209630869,3.1090881040550675,97.14055294828036,115448.45710830543,3621.299554727216,3.2101205416723344,0.455501314951296,3888.792071333799,2.8762264710011327,91.32357126708598,0.0,0.0,nan,nan,3825.4,9.99923566878981,331.09476865566154,0.0,0.0,nan,nan,4363.956440113333,8.80842785824299,256.2002501177486,59196.396429537184,6589.715626823796,1.595502324679571,0.813422508921858,3869.1880364515896,3.270226617127158,105.12007674022317,967893.032173781,156251.41465109354,13.160623642447854,4.056268370136892,6583.250965212159,4.095022617572347,78.02362130702184,117146.39738550244,118176.22821323255,1.663221545025516,3.221447239706446,6547.887226937363,2.4919088904540527,46.497991872223686,436162.0034574826,37496.96118794979,14.37727827753658,2.311939255967908,6716.282625250943,4.981935773443606,93.49579398194157,258732.1472967621,43659.255125954754,7.718152812886826,2.430871870443246,6730.568449246342,4.036195323455545,75.18575052475822,0.0,0.0,nan,nan,3426.0,1.0,26.53754284399528,0.0,0.0,nan,nan,3760.0,1.0,24.18021855944889,19673.678023018125,1958.9050232951213,0.6313846950219527,0.19231699413689174,4685.346560563451,3.5066470666037026,93.35816208420216,72596.44618464012,3529.571289328565,3.286146910275304,0.34733127400553204,5875.958310330755,4.282409199974493,91.54119355077397
224d52m16pt41356234s-18d10m42pt80767292s,224.87122598953792,-18.178557686921437,0.23327373775613336,9.939781509165833,0,0,0,nan,nan,nan,nan,0.41485511704963496,0.012536386883085568,92.50202322532428,14.632869306476591,0.2357,s780,102547.04492919674,3094.7383310870396,4.029413409842039,0.33216194863235443,5006.693425587598,6.838786770446091,172.97815869817788,37298.815495972856,2560.134693860093,1.3790122917018506,0.26258191912356327,4959.386460675813,6.196469983321404,158.06368699067937,0.0,0.0,nan,nan,3726.03,1.0,24.400668213494743,0.0,0.0,nan,nan,3728.82,1.0,24.382410999599827,511327.4867205364,62003.27568416229,8.716138191186799,2.024364710328479,6563.014654779798,4.193381577686865,80.20498531505689,337095.66226330976,3167.7934548438216,12.740165271189452,0.3433620839801551,4861.555446176362,5.093265231055665,132.11839632352542,143702.09407398745,2377.587161177409,5.79655450258029,0.3396407759548999,4340.612260817769,4.304277482877953,124.56815194314962,83497.96086548599,2194.1831673305346,3.548089180598037,0.37245810917445976,4102.121017265869,3.610605318037355,109.94024468433915,60908.74378772515,4227.502041197366,3.287923338743753,0.9827685706306912,3969.6662913270693,4.848964210959904,153.86488865589936,53080.56626983629,3722.7688890993454,2.853731615584598,0.9049726994093784,3889.5297930320194,3.779033353014768,121.56755449745356,0.0,0.0,nan,nan,3835.4,1.0,23.704860453545347,0.0,0.0,nan,nan,4364.354961873763,9.99923566878981,291.0428046557292,30127.71271622653,3526.577949589113,1.560847884617249,0.8369635781091119,3868.7832977792646,2.0511272408652537,63.44476253197885,623546.1348442436,74699.23922700653,12.649995168050378,2.893160030947684,6583.5291599519305,5.002724532811043,95.79049238000111,80004.09713180298,54219.948261420825,1.687065778364009,2.195062025838333,6548.344117351842,2.8735662921376335,54.186157951787635,241587.6005487161,17506.792222623848,8.836000275220552,1.1976512260174255,6716.417471729476,5.997401257944167,112.90376753941618,76868.3208584929,20758.05379294488,2.5189384650806934,1.2694228350544732,6731.698669371412,3.661748255125484,67.98285058761464,0.0,0.0,nan,nan,3426.0,1.0,26.53754284399528,0.0,0.0,nan,nan,3760.0,1.0,24.18021855944889,9405.779531484644,3156.4545172094304,0.35159330471736916,0.36110708092481564,4684.179060800886,7.346645513533352,198.70053947244332,17657.113360591324,1669.9685404786287,0.7472298422133993,0.1536341667091042,5876.01567500398,3.1696798728532323,66.98339088512222
224d52m28pt20175298s-18d10m30pt40761811s,224.8745004869401,-18.175113227253682,0.2312070680020264,9.556509106466308,0,0,0,7.692469499391407,0.004181946122610357,nan,nan,3.1187236669761997,0.07863985768548348,63.62391152541689,14.757651168860951,0.2357,s780,126627.1353485898,1296.5895502815506,30.98470988697715,0.86658256767234,5006.839430489929,2.5874818819905583,63.33916670919502,53699.47347842271,1223.1594747522859,14.268177624454388,0.9017676210698673,4958.801465704171,2.6397683251807407,65.3446227552654,0.0,0.0,nan,nan,3726.03,1.0,24.400668213494743,0.0,0.0,nan,nan,3728.82,1.0,24.382410999599827,145819.99711367508,2003.4390507069172,56.07760102153425,1.4758048382336202,6562.562665353493,2.645932438109654,49.49898253648511,57820.64334088649,1341.2738003807217,12.282096328675115,0.8172235170847364,4861.157866812155,2.285972646649514,56.9899970699389,23960.53262969382,1646.8358835162805,5.043768851414513,1.2278221019995432,4340.367468196593,2.157228501388926,59.849914713920434,3347.0994040250766,11219945957.173914,0.545671450465954,7308467.649385749,4101.752337948645,0.4999617834394905,nan,0.0,0.0,nan,nan,3975.4501703356423,0.4999617834394905,nan,0.0,0.0,nan,nan,3887.7954607547135,7.842437689191425,255.70102881135296,0.0,0.0,nan,nan,3835.4,1.0,23.704860453545347,12274.49953818548,1684.643746636184,2.2334668254251113,1.0738032397059831,4364.024259643557,2.058148893154459,56.47281134826015,40928.309861947455,4699.199373378706,10.590477442859383,5.568286062700502,3869.3386084371573,4.0459512045984445,131.13352888140454,4319.915927712668,18306819.794910297,0.8430593448355105,6820.493484629771,6583.7398586563495,0.7296748387589503,3.983109614561938,0.0,0.0,nan,nan,6546.958151525593,0.4999617834394905,nan,27463.635971590375,2085.041851386333,11.583031177338055,1.6449089015037706,6716.107967435093,2.6482846539306366,48.412914745754726,18740.04917192626,4797.179411861021,7.890064789690621,3.7693322269959193,6731.403883976498,4.794243520180376,89.70895338574903,0.0,0.0,nan,nan,3426.0,1.0,26.53754284399528,0.0,0.0,nan,nan,3760.0,1.0,24.18021855944889,11248.126005031272,2813.75167502845,2.5506566859921467,1.9495490971231653,4688.460897036952,8.181743301356496,221.4832375796967,9466.101030837055,1406.9057114673626,3.5311060829352323,1.1409976224118816,5875.635846095035,2.294861160195906,47.3542612866685
STACK,0.0,0.0,0.4571659473032662,nan,0,0,0,nan,nan,6.732230662774963,0.006917958044473183,1.2344527266497713,0.28679818950473823,96.70871425641586,19.961470244620855,0.2357,s780,13942.830097397002,0.0,0.23332028802144514,0.0,5006.718667696809,0.4999617834394905,nan,0.0,0.0,nan,nan,4954.554582914488,5.4495138582707225,138.7464003310253,8844.632251944575,1380.226584177125,0.07918704211370996,0.06221710190954478,3726.7473460812125,1.4414293325319605,43.05299681692408,0.0,0.0,nan,nan,3729.0796418249224,3.5057301748624137,117.28303994480052,0.0,0.0,nan,nan,6562.8,1.0,13.853480493619768,18459.566622032864,4140.366990157863,0.30392892221754775,0.19559078032120866,4860.332156311713,4.6358763999647765,120.01388153995065,594307.6527590055,5566.975791205702,7.813828760680308,0.25865778700459724,4345.149131132708,5.720518395388977,166.5277250940199,8480.292925300468,7599720.339770981,0.09578219133002554,343.0138750601625,4101.467687373336,0.5005479354777902,nan,37527.94414243182,2628.859253308377,0.3743092643938022,0.1130365757479679,3967.915793732677,4.828523181375071,153.20242931728407,13625.149593441227,1879.544763331446,0.13607518080654218,0.08486033492836167,3889.815152948308,1.9028587101407686,57.9229858709071,1737.6349007242086,9318.798770561289,0.01712670562966045,0.4302172342414363,3834.0959610572017,0.4999617834394905,nan,0.0,0.0,nan,nan,4363.651909246918,9.99923566878981,291.0428046557292,0.0,0.0,nan,nan,3872.5861929798143,6.343436289669461,207.4705322609167,0.0,0.0,nan,nan,6583.45,1.0,13.810026928666252,0.0,0.0,nan,nan,6548.05,1.0,13.88468655302385,0.0,0.0,nan,nan,6716.44,1.0,13.536579167464883,0.0,0.0,nan,nan,6730.82,1.0,13.507659064352907,0.0,0.0,nan,nan,3426.9292490360426,6.170197224117571,227.80419377509233,23612.275008553435,2862.680677770474,0.2168777313996417,0.12980241386303737,3755.229530815286,6.76972841777749,227.98809503999226,0.0,0.0,nan,nan,4685.769168717786,3.7122663815920793,99.05306136642068,0.0,0.0,nan,nan,5875.62,1.0,15.473706908126772
57d56m48pt79154107s-73d58m48pt60684687s,57.94688653918589,-73.98016856857441,0.27518057123325623,39.248131084847024,0,0,0,nan,nan,7.784883388427484,0.0010222075218475639,6.626805074523425,0.11830017073806444,82.02814383670133,17.757048023005616,0.127,BLANK,19219.065637970107,108.18122953664741,117.43846827453073,1.8055775966157914,5006.8440133410595,2.6397817192971744,64.71943815781913,6967.136108399569,156.11761616285642,39.286053762378536,2.44247596802334,4958.932099242395,2.552980403853781,63.03081017092129,10239.26835553471,366.27374974807225,24.378960866805453,4.389467212069559,3727.1605714384905,1.8444088410816717,58.30431290832494,14200.654660239872,481.1007536713505,33.857266154307354,5.765567380667746,3729.1319157322914,1.8444088410816717,58.26068810664124,21288.95502511588,300.6210758883675,115.57872315507579,3.126140237123915,6562.778844372808,2.7485613074451427,51.56051753262757,7639.597693430737,97.22396080799388,41.40591020237308,1.5113827238538413,4861.319768223093,2.6319444051371965,66.44373865485593,3860.3026775704307,94.54618098334626,14.815075172226283,1.2850964645688514,4340.451806819618,2.450703543440327,68.88700394558599,2843.911205703502,113.3510259532846,12.481678192854545,1.9879491213480722,4101.540945454418,2.5106559648463507,74.8360343038936,2454.6267931365455,133.98474557623575,8.87031792055673,2.084298634504153,3970.345017484817,2.1558757399133373,65.38761982840936,132.72671437209806,230277439.268712,0.3248694134288014,2551121.875843945,3887.917694242912,0.4999617834394905,nan,0.0,74.27351948702074,nan,nan,3835.4,1.0,23.704860453545347,0.0,0.0,nan,nan,4361.477933318056,0.4999617834394905,nan,3098.3202839254254,225.23503132049666,9.88524358603416,3.290166351506667,3869.6480914025883,6.7694332988343175,221.56961892817097,258.8566216550539,2195.0559027961745,0.44364022026885025,7.182350305999773,6583.312871413154,0.4999617834394905,nan,0.0,0.0,nan,nan,6549.123664188079,9.99923566878981,193.93267853817915,3062.3102482917575,260.7807545943629,18.627056569447802,2.9669173705213066,6716.537709340889,2.8231657485614865,51.84206912481715,2018.0885901937263,302.90613452750875,11.122719099664625,3.115926884703878,6730.789325706467,2.3682071149780626,42.7919742262024,0.0,0.0,nan,nan,3426.0,1.0,26.53754284399528,4761.7246003241235,451.32143179559307,17.607903454591998,8.2271860088759,3757.285321111844,9.99923566878981,337.7342754526394,0.0,0.0,nan,nan,4685.891300099936,4.595408070466323,123.40039484812417,822.3709566356762,76.84658168021242,6.608467159856018,1.3425710497811718,5875.639793210902,2.306513249037344,47.619298709274105
57d57m19pt18502289s-73d58m03pt20516538s,57.955329173023635,-73.96755699038196,0.26927454889705293,60.81267437445762,0,0,0,nan,nan,nan,nan,0.6340207489509695,0.03427370074902344,84.54781536105993,18.532727694946775,0.127,BLANK,3805.036431191798,98.81030775063275,2.4971505542889325,0.17712378294753667,5006.825603139886,2.2677654994377003,54.8472185405306,2363.850099150106,305.93474999162027,1.5253948676106273,0.5474176737548885,4960.785936106638,5.483966307598973,139.6382399463187,0.0,0.0,nan,nan,3726.03,1.0,24.400668213494743,0.0,0.0,nan,nan,3728.82,1.0,24.382410999599827,29901.790829543745,1135.14636757454,21.847943526962716,1.58869856147505,6562.623037146753,2.7635557981701493,51.86125379835672,9729.786510218706,139.7127512373274,6.42238360708817,0.2645198998805891,4861.187299739311,2.397135909151442,60.04077907142115,665.2810840921921,9.13454759509265e+81,0.374640836660756,1.8220976741225724e+79,4340.13063328964,0.4999617834394905,nan,752.0588536118569,125.49295667621327,0.40240092313878034,0.2682654955218515,4101.898947596167,1.2787731143733945,33.21605757364611,0.0,0.0,nan,nan,3970.0204996386497,0.4999617834394905,nan,0.0,0.0,nan,nan,3888.73334233752,3.7615202483190098,120.98411102519965,0.0,0.0,nan,nan,3836.563105552926,0.4999617834394905,nan,2503.7349293057146,431.4477616322869,1.4286822827412538,0.8626195621435612,4363.512294417784,7.89653389947222,229.49870578325363,5899.443967872969,746.8666511451345,3.1532884729224464,1.834757882026204,3863.613732684995,9.99923566878981,328.2406140748108,8340.069333274347,2778.960683296183,5.016868727216193,3.191547527951372,6583.218631687828,2.4002571753489796,44.39822483874982,725.4082617175826,5339.2512087798605,0.42494588312524245,6.005440006217924,6547.6917647557,0.4999617834394905,nan,4494.460707411071,342.54301739014784,4.508315013866386,0.6426998233436314,6716.207479030806,2.6980828080267107,49.39097051960163,2907.679419805226,459.80580144612276,2.8640626039410124,0.8453240320201648,6730.722407331955,2.55108391009893,46.40044489801939,0.0,0.0,nan,nan,3426.0,1.0,26.53754284399528,3190.7749617649342,346.7955943291658,1.6947909401194896,0.9089030583384058,3755.9316827505295,3.9743816233163582,132.4652196892528,836.2235291918776,178.5818316848199,0.4712029689109928,0.30772194116260293,4686.307106847431,4.347134088568807,116.57049476344737,2150.2135813258683,255.78876960012173,1.970034673803619,0.5095986857911814,5874.8305294805805,5.744225652787902,123.53553528044081
57d56m58pt90723155s-73d58m01pt20641911s,57.949696453207565,-73.96700178308524,0.26954626238508683,42.71287069211503,0,0,0,nan,nan,nan,nan,0.7769693923966212,0.11933323985783838,69.25306047575555,19.881719510326928,0.127,BLANK,1180.039215204379,84.44711319343477,1.3287687782191757,0.25973431645780476,5006.805431516165,2.0674418351922537,49.46442305297696,94.31375578850067,155.79572507936408,0.10105893548094184,0.46296266654932616,4960.347048047232,0.4999617834394905,nan,0.0,0.0,nan,nan,3726.03,1.0,24.400668213494743,0.0,0.0,nan,nan,3728.82,1.0,24.382410999599827,7435.442103267742,360.1501480675873,11.139705823680156,1.0335190090768465,6562.743297049386,2.873579707495573,54.06464200255194,1640.1585229271914,106.94791171008147,1.9291508557134958,0.3607972502086907,4861.311530733407,1.8029999070180376,43.513701723323194,600.2514569985507,1582511.9214565041,0.6274050021586244,5858.189718005424,4340.488860981421,0.6337021723547208,nan,0.0,0.0,nan,nan,4101.391658299458,0.4999617834394905,nan,0.0,0.0,nan,nan,3969.252378484725,0.4999617834394905,nan,0.0,0.0,nan,nan,3887.6688664255134,0.4999617834394905,nan,0.0,0.0,nan,nan,3832.4767153919083,0.4999617834394905,nan,771.3462435119689,161.3322899571145,0.8032564825965681,0.5888070926665648,4362.99926961804,2.425197109597438,67.75087849278584,3590.523565478153,744.4809287581761,3.340408232170953,3.171475689361521,3869.483702580668,9.99923566878981,328.2406140748108,2309.1750088040058,669.529190180763,3.1450800889420654,1.7409723805474744,6583.339952108595,2.3107817922061717,42.586057267109986,192.43178198871433,4.9666373946702745e+66,0.251721413952189,1.247446614033172e+64,6547.651513758443,0.4999617834394905,nan,1656.695331703217,141.64489201378947,3.11035561222089,0.49739953227232714,6716.504112324363,2.5669555268804958,46.812564889991,869.0300756197896,165.9396551978105,1.5677479146981188,0.5587182066948486,6730.900884257351,2.1503238101655318,38.45692817952058,0.0,0.0,nan,nan,3426.0,1.0,26.53754284399528,0.0,0.0,nan,nan,3759.8724708534983,5.050027502828119,169.33865123766475,345.12430838184457,105.1366829854549,0.3415194471416324,0.3181018013321119,4686.68842832283,2.0704565849350876,52.94179577406054,577.0169702631663,173.41425115853772,0.9013731308114413,0.589013193670995,5875.158732228518,6.478814388641081,139.55808886020333
57d56m53pt83982568s-73d58m04pt00664979s,57.94828884046664,-73.96777962494207,0.26927015150880207,36.925470724294264,0,0,0,7.441493596953898,0.036761797464633005,nan,nan,2.2671833248415107,0.1938445022620282,75.82727223386217,16.936988386061223,0.127,BLANK,2256.0870251270744,110.88570668153764,5.89195533963237,0.7909552224410413,5006.939545956708,2.1315735114071104,51.19411187803257,1478.5247352285855,201.9252536449528,3.652235744691774,1.3834168293521742,4960.058755352411,4.371517644370762,110.78182945953895,0.0,0.0,nan,nan,3726.03,1.0,24.400668213494743,0.0,0.0,nan,nan,3728.82,1.0,24.382410999599827,5842.334724294937,240.39549553761222,18.821832949888606,1.483462884658994,6562.643154196364,2.614431391695639,48.86503675510179,1647.24736611969,97.52599781104462,4.250695261012083,0.7218584849248418,4861.179773875868,2.2564227221059143,56.17653170721936,81.46690984974538,119.17292700658726,0.1519641656688869,0.7874540527275217,4340.066842328147,0.4999617834394905,nan,296.85689062868556,99.33294667357785,0.5414395924866122,0.7243328293081699,4100.613393821317,1.371295123550879,36.599373162902324,0.0,0.0,nan,nan,3973.6005774285586,0.4999617834394905,nan,0.0,0.0,nan,nan,3891.922815658415,9.99923566878981,326.52642944617054,0.0,0.0,nan,nan,3836.5626137737972,3.670135307314365,119.58807471115962,736.3787767163398,107.82988130696658,1.3793010773334038,0.7070308391287651,4365.516055452212,1.9894307345525464,54.33579849499271,2056.027691865754,250.10734007465825,3.325346141201278,1.8555900347756882,3866.6433304125203,5.445269923050718,177.70238428461025,2186.4795958487884,93565905.36280362,5.77569446173929,471899.45876856404,6582.967712781604,0.613163152489432,nan,0.0,0.0,nan,nan,6549.43727810709,0.4999617834394905,nan,1451.1863685506003,144.5450107356549,5.27793573583127,0.9833021665332412,6716.413222797728,2.652762787504975,48.50092243623774,1021.119066827744,192.72830509498922,3.7407635954181035,1.317758560781596,6730.819875189139,3.1889363850112367,58.84605050785214,0.0,0.0,nan,nan,3426.0,1.0,26.53754284399528,0.0,0.0,nan,nan,3759.995047931774,2.131464423062161,68.16649562874073,0.0,0.0,nan,nan,4685.120908703478,4.908931786709018,132.01290129398183,0.0,0.0,nan,nan,5876.183913943043,3.581319826524264,76.10161061975116
STACK,0.0,0.0,0.2708178835060495,nan,0,0,0,nan,nan,8.07410981123828,0.014408837743244493,7.804229615154827,4.224596580172885,120.79602035192046,22.844761591676583,0.127,BLANK,19152.350145520893,547.9808633448745,6.325371064581861,0.49432337675097443,5006.874757286113,2.6465946229829176,64.89908590961733,4986.509011915334,475.5403166542208,1.5376655063472617,0.40686013961335854,4958.9441857385455,2.1877936295875626,53.21464595143756,1762.4680853786926,2388.48110942125,0.4444814617734392,3.033419938454441,3726.4397729258135,2.547565473273726,83.69422809097276,21699.122602935317,24722.972577182976,5.480191204516751,31.398681638165105,3728.488992849516,2.547565473273726,83.63160589511084,18505.02136289125,1447.3208084928913,8.014634445771668,1.2006698451734785,6562.790602607664,2.5029559668180386,46.616735113638185,6099.314370929858,873.6652791720612,1.823744968277067,0.7492992630727985,4861.202032601604,2.6967762510254363,68.2034034793943,5948.6598100975625,465.32264182701067,1.6788010828041209,0.4649605512735925,4341.0774039830285,3.447138595317803,99.00150133358328,8353.281642474818,851.0844777927385,2.2350885605019593,0.9100916113805458,4101.3208997696565,9.490080380689838,293.7522067894514,4244.733794504789,530.6385687461653,1.0743087643044447,0.5780926187629283,3970.4653054079026,2.3911459518929683,73.31857600837196,10613.687026312666,1025.557998302803,2.694053183960398,1.1762167024535017,3890.653161024443,9.99923566878981,326.52642944617054,18856.015753833355,3112.0629961036,5.313046215347892,4.087675600095095,3841.4944382073563,9.99923566878981,331.09476865566154,0.0,0.0,nan,nan,4364.578870725069,6.174194519364249,178.98963578610693,0.0,0.0,nan,nan,3869.4864640998826,5.651909427081822,184.55712119645077,780.6064620925474,8218.841907164338,0.3409049350135053,6.852258287140316,6583.712016381592,0.4999617834394905,nan,0.0,0.0,nan,nan,6547.510530273217,8.175035128596395,158.35896377776817,1771.2373326925212,462.017664577821,0.9025379151480246,0.44034125015228465,6716.426878866715,2.083429224719879,37.19567152656758,2172.688575261102,307.227312231703,1.1909348231292274,0.3143203546479856,6730.577631739588,2.4691322162131772,44.78631466883861,0.0,0.0,nan,nan,3426.0,1.0,26.53754284399528,17757.62058577238,1049.9057603469307,5.003963091557986,1.4506217535084391,3765.2142817006165,9.99923566878981,337.7342754526394,0.0,0.0,nan,nan,4684.834592155507,4.937166190987681,132.78790572161643,470.17589010079763,179.13653843163692,0.21360163400195598,0.17697514677524498,5874.513294504466,1.659919157719224,32.61183009485747
77d34m26pt41964476s-45d19m21pt89816852s,77.574005456878,-45.32274949125679,0.5342542479259165,5.2006571031240645,0,0,0,nan,nan,8.115678580075834,5.0975833066263295e-06,8.685257884703859,0.02077714185149501,49.82166929197533,8.175986044383318,0.201,BLANK,249308.32288192012,215.24777575033266,60.01883084853585,0.14153873451491678,5006.845825257513,2.4300107539299285,59.16932050977938,80912.18471914898,187.1825512701041,19.306741181884618,0.12392661468456115,4958.86329400616,2.3482172933999914,57.544914244616244,152556.7908883294,381.42652541350174,20.09656282606138,0.25310903518662903,3726.017259518478,2.3017530870364165,74.92071259461422,216121.83700075248,501.71782839419507,28.52482209710671,0.3329325755284513,3728.76874001539,2.3017530870364165,74.86465497098555,0.0,0.0,nan,nan,6562.8,1.0,13.853480493619768,80469.58936257093,175.25019781491832,19.337985681159818,0.12079526972594534,4861.302183474398,2.535063185759595,63.80794689857295,38756.776411874416,251.51991188028055,6.69625487196706,0.15390989079591744,4340.448893000747,2.172255638767141,60.31570093304677,20814.337733270873,203.3329643934597,3.2327147020797806,0.126183171758965,4101.684901087284,2.139566931461451,62.753491698900675,12125.36008243875,268.90900009071356,1.6853512764137253,0.1609664669659093,3969.631718837856,2.4417976432498714,75.01561512191233,13202.617281841412,995.8118873865373,1.6011081549662085,0.5462741782432485,3888.8629907222194,1.7782804294336851,53.51301501966475,4611.007891199343,41389825.860060245,0.5935076660785563,24933.301447431477,3835.363713935077,0.5058343797689566,nan,0.0,0.0,nan,nan,4363.056251565034,0.4999617834394905,nan,29607.96352004574,645.5932691026426,3.649951448841458,0.3645913655804969,3868.74628104767,2.222241400252445,69.40521785855528,0.0,0.0,nan,nan,6583.45,1.0,13.810026928666252,0.0,0.0,nan,nan,6548.05,1.0,13.88468655302385,0.0,0.0,nan,nan,6716.44,1.0,13.536579167464883,0.0,0.0,nan,nan,6730.82,1.0,13.507659064352907,283.9054255321234,0.0,0.02964318468246698,0.0,3424.8116738643885,0.4999617834394905,nan,623.1243175528505,237.0701870596974,0.07988711793092369,0.14943162276705188,3761.192827651989,1.855609318669926,58.1872567999845,1660.4684896018443,204.5133877687701,0.33923085903028805,0.12776150820658128,4686.4389191719765,5.942144538746644,160.32417347047917,8192.306864480055,202.39399934740445,2.721917677691114,0.14620072022679748,5875.603513219343,2.767675780750271,58.01893351126716
77d33m52pt28579072s-45d19m21pt29705831s,77.56452383075523,-45.32258251619784,0.5366391711089196,30.643132446956535,0,0,0,nan,nan,7.412984222971876,0.0006524378112872472,4.335733214331925,0.09008529128435554,60.63783483695968,9.652229463780012,0.201,BLANK,7153.263883989061,121.63889153220653,7.508611124930444,0.3487500241122174,5006.841945047856,3.2590748711541133,80.93523262547575,3490.6614285025908,190.38115537040994,3.587363622334594,0.5428102107631874,4959.195503185504,5.226223441730242,132.96390409778073,20204.710823716003,585.4962676797802,19.534565816955983,2.851738252129514,3725.925342885194,3.1961670177611525,106.55460774532852,27822.980046369492,884.398467473591,26.952626553211715,4.30758158342101,3728.7171682238936,3.1961670177611525,106.47488081948885,0.0,0.0,nan,nan,6562.8,1.0,13.853480493619768,13532.109399313587,128.4283395971402,14.832315747296914,0.4037383565428388,4861.409610627539,3.6154490484931703,92.89099191455563,5416.991428781284,118.66025010071593,4.769955667940847,0.37008466706416937,4340.302576593213,3.2087265403452405,91.84838547839547,1608.5153121671592,145.1428235538672,1.2655329346906952,0.4561120682082165,4102.3673774169965,2.3001953288225763,68.00755699839893,118.2703014146109,324.0881490344846,0.08975128771560001,1.0596709575896714,3968.820819012046,0.4999617834394905,nan,684.5944251167559,4951997.370999935,0.47203267580843306,15446.352668684483,3888.73731648043,0.5153155010501996,nan,0.0,0.0,nan,nan,3829.9396222376868,0.4999617834394905,nan,0.0,0.0,nan,nan,4363.220853493835,3.6238711609724152,103.74623649717938,1018.9328450673531,122.54348740754872,0.693680727500327,0.3823335994878388,3868.1308171171727,2.139867214414382,66.54302673047957,0.0,0.0,nan,nan,6583.45,1.0,13.810026928666252,0.0,0.0,nan,nan,6548.05,1.0,13.88468655302385,0.0,0.0,nan,nan,6716.44,1.0,13.536579167464883,0.0,0.0,nan,nan,6730.82,1.0,13.507659064352907,0.0,0.0,nan,nan,3428.8747306490804,0.4999617834394905,nan,1511.2744340924185,182.39737300650037,1.2023516838128263,0.7151570876962919,3757.7141753239966,2.9344241555244115,96.48854288309737,0.0,0.0,nan,nan,4687.478914462106,2.4459324565351954,63.676439154583846,1604.3229830300113,131.75559983260916,2.1418727252191188,0.38245790866467383,5875.283231143855,3.4589732642800923,73.39662475034214
77d34m16pt46489436s-45d18m50pt09813663s,77.57124024843284,-45.313916149064454,0.5750586376976505,28.792961809877177,0,0,0,nan,nan,nan,nan,nan,nan,81.59821913919751,19.34043318077365,0.201,BLANK,17575.7975786034,560.7744433041228,79.941852772731,6.967282682548658,5006.630839558185,6.1507486562083065,155.38044504016614,382.6346301124486,263.0249643174031,2.218583133725273,4.232591191808004,4958.073007032777,6.068632451775395,154.7601188769085,2099.6413933143936,412.49328172516834,5.289677984530446,5.247211102581565,3722.6561532137393,4.087933258496824,137.61256780183936,761.5574396373781,265.1859420189006,1.92743792801115,3.37335583597997,3729.2262897244577,4.087933258496824,137.50960250338912,0.0,0.0,nan,nan,6562.8,1.0,13.853480493619768,0.0,0.0,nan,nan,4861.5900748237145,4.334025559216414,112.01071581839656,604.3384357407067,58.07827812373684,1.7296662814472057,0.5889957044579629,4339.435731196996,1.5785521722101707,41.49927290183551,0.0,0.0,nan,nan,4101.844964263902,2.390437010696514,70.94231465189768,547.2014742796721,90.09233555876374,1.4047884014161962,0.9962830580703003,3969.254766362292,1.6899064679878522,49.32320101034305,162.88348935699935,0.0,0.38992714777455956,0.0,3887.971346619873,0.4999617834394905,nan,0.0,58.159487381077355,nan,nan,3835.4,1.0,23.704860453545347,246.6749803997018,2839082.0400699694,0.7020532066017239,28328.86180523756,4362.20637773147,0.5035852004679034,nan,0.0,0.0,nan,nan,3868.4341661392077,3.3918301290384716,109.21315046338707,0.0,0.0,nan,nan,6583.45,1.0,13.810026928666252,0.0,0.0,nan,nan,6548.05,1.0,13.88468655302385,0.0,0.0,nan,nan,6716.44,1.0,13.536579167464883,0.0,0.0,nan,nan,6730.82,1.0,13.507659064352907,5210.151665864219,643.6762076465274,12.33001944850303,9.66755114634489,3429.417420169918,9.99923566878981,370.65991701749095,161.01383600646267,375.26643582915716,0.4186406647200711,4.805666039835236,3758.587248108077,0.4999617834394905,nan,0.0,0.0,nan,nan,4683.081447157613,5.414710178775572,145.88337168158301,208.59428169276444,133.71026154833356,0.9458385141611394,1.3187861893360422,5873.311343299178,2.6274356424699716,54.872412356040314
STACK,0.0,0.0,0.5486506855774955,nan,0,0,0,nan,nan,8.118277357089534,3.073935867419972e-05,8.668310043927937,0.08406580517579293,67.09300144153059,15.613943978545809,0.201,BLANK,247832.63975352404,510.8722811260847,45.26026533222084,0.2548336881007236,5006.84564367671,2.4272695650340608,59.09653057979293,79805.33250052268,338.2996026090167,14.47945132351949,0.17030439574152773,4958.863299211106,2.3307592930006864,57.075195320941305,144941.69601789644,2448.8456615869827,12.558907777541247,1.0688389272766676,3726.0640619264022,2.2755451958606114,73.9801725845663,209707.03166744806,3266.841147123984,18.20549579363511,1.4258664978553413,3728.805500126908,2.2755451958606114,73.92481869740872,0.0,0.0,nan,nan,6562.8,1.0,13.853480493619768,78710.46334081303,596.5300416090573,13.896153031298986,0.3020683834348457,4861.309636396029,2.5027425345892276,62.926813791036345,37504.40016641621,307.9381533023388,5.08535923250134,0.1478822203789764,4340.433094568124,2.125603728713989,58.86840369510729,20307.678281383116,272.3123291651718,2.5053233020169943,0.13423371218942118,4101.676743109724,2.1687805027117992,63.712261297956736,10076.399137345548,301.98876133158325,1.127723417758002,0.14554798855782605,3969.6942957839287,2.1546095930761973,65.3446904350375,11656.59209521083,1028.1912452217216,1.149419500202393,0.45863628686494284,3888.808383543544,1.689659472027001,50.34185765764934,1113.3761429539468,694.9042445232767,0.11496201267491375,0.3359544690374036,3834.698201824092,0.4999617834394905,nan,0.0,0.0,nan,nan,4362.138632048795,0.4999617834394905,nan,31352.167079860326,648.5405596642606,3.166606681957108,0.3000678450484718,3868.793821218468,2.2101087751385458,68.98442352399496,0.0,0.0,nan,nan,6583.45,1.0,13.810026928666252,0.0,0.0,nan,nan,6548.05,1.0,13.88468655302385,0.0,0.0,nan,nan,6716.44,1.0,13.536579167464883,0.0,0.0,nan,nan,6730.82,1.0,13.507659064352907,4789.7123216294685,484.07487977423864,0.4059955636249255,0.26130876230540745,3425.45820334809,6.032576885981602,222.65622628502393,0.0,0.0,nan,nan,3756.6331073755955,8.962293753525794,302.5279943542259,1472.4991196101084,268.1051442606922,0.23428614858665694,0.1304180072960723,4686.875102707117,4.783082810828305,128.55733165114003,7335.316705543002,307.4527363386812,1.8052946079852286,0.16450851712355843,5875.628354362976,2.5160351874063833,52.36387819113331
86d54m02pt06828667s-31d52m21pt54405832s,86.90057452407386,-31.8726511273119,0.15075321734996905,24.759792915751184,0,0,0,nan,nan,nan,nan,5.259169015554124,0.10487792294708563,51.292120123350855,12.078567268137032,0.1464,BLANK,24316.490145308035,96.14982327586551,66.21936189027626,0.7151849331046596,5006.846668067292,2.440721006728676,59.45365115244672,7788.652549659581,100.12013913546537,21.375272689674244,0.7623761758411164,4958.90247972884,2.2839958429317244,55.81525050621874,0.0,0.0,nan,nan,3726.03,1.0,24.400668213494743,0.0,0.0,nan,nan,3728.82,1.0,24.382410999599827,14827.025282577071,130.02901820151249,73.93796786087407,1.2420037527496017,6562.726004943886,2.5453929407349536,47.47356877221194,6104.603712110384,118.84175092488894,15.40613641040501,0.8602351239106971,4861.302810206782,2.346240360034738,58.64575505425617,2228.499707173297,125.88464165434986,4.413443905327476,0.8830435379320312,4340.2795055223905,1.1824934659497763,27.953724301610805,0.0,0.0,nan,nan,4101.73,1.0,22.16567686891332,0.0,0.0,nan,nan,3970.08,1.0,22.900702702093618,0.0,0.0,nan,nan,3889.06,1.0,23.37778840736009,0.0,0.0,nan,nan,3835.4,1.0,23.704860453545347,0.0,0.0,nan,nan,4367.059881548262,7.991778302339405,232.28860783726242,0.0,0.0,nan,nan,3868.75,1.0,23.500516131444996,0.0,0.0,nan,nan,6584.229261719352,0.4999617834394905,nan,0.0,0.0,nan,nan,6547.670810680615,9.99923566878981,193.93267853817915,1866.836922503806,195.94384575387878,8.831605603914062,1.7338458611137668,6716.373472756801,2.4789761645104753,45.076744161720335,1333.55503337348,201.3068150270962,6.207910808678441,1.7491037895301225,6730.571360958261,2.049832173599569,36.440806876589065,0.0,0.0,nan,nan,3426.0,1.0,26.53754284399528,0.0,0.0,nan,nan,3760.0,1.0,24.18021855944889,0.0,0.0,nan,nan,4685.476657340168,4.376250753524741,117.37198507719813,604.7569875437609,61.08581401947021,2.474500380795655,0.5433863028954757,5875.83522524014,1.9236641612444045,38.823485256129366
STACK,0.0,0.0,0.15075321734996905,nan,0,0,0,nan,nan,nan,nan,5.259169015554124,0.10487792294708563,51.292120123350855,12.078567268137032,0.1464,BLANK,24316.490145308035,96.14982327586551,66.21936189027626,0.7151849331046596,5006.846668067292,2.440721006728676,59.45365115244672,7788.652549659581,100.12013913546537,21.375272689674244,0.7623761758411164,4958.90247972884,2.2839958429317244,55.81525050621874,0.0,0.0,nan,nan,3726.03,1.0,24.400668213494743,0.0,0.0,nan,nan,3728.82,1.0,24.382410999599827,14827.025282577071,130.02901820151249,73.93796786087407,1.2420037527496017,6562.726004943886,2.5453929407349536,47.47356877221194,6104.603712110384,118.84175092488894,15.40613641040501,0.8602351239106971,4861.302810206782,2.346240360034738,58.64575505425617,2228.499707173297,125.88464165434986,4.413443905327476,0.8830435379320312,4340.2795055223905,1.1824934659497763,27.953724301610805,0.0,0.0,nan,nan,4101.73,1.0,22.16567686891332,0.0,0.0,nan,nan,3970.08,1.0,22.900702702093618,0.0,0.0,nan,nan,3889.06,1.0,23.37778840736009,0.0,0.0,nan,nan,3835.4,1.0,23.704860453545347,0.0,0.0,nan,nan,4367.059881548262,7.991778302339405,232.28860783726242,0.0,0.0,nan,nan,3868.75,1.0,23.500516131444996,0.0,0.0,nan,nan,6584.229261719352,0.4999617834394905,nan,0.0,0.0,nan,nan,6547.670810680615,9.99923566878981,193.93267853817915,1866.836922503806,195.94384575387878,8.831605603914062,1.7338458611137668,6716.373472756801,2.4789761645104753,45.076744161720335,1333.55503337348,201.3068150270962,6.207910808678441,1.7491037895301225,6730.571360958261,2.049832173599569,36.440806876589065,0.0,0.0,nan,nan,3426.0,1.0,26.53754284399528,0.0,0.0,nan,nan,3760.0,1.0,24.18021855944889,0.0,0.0,nan,nan,4685.476657340168,4.376250753524741,117.37198507719813,604.7569875437609,61.08581401947021,2.474500380795655,0.5433863028954757,5875.83522524014,1.9236641612444045,38.823485256129366
91d28m01pt55559375s-35d18m25pt74619137s,91.46709877604255,-35.30715171982486,0.5405273621933371,65.85367199337713,0,0,0,nan,nan,nan,nan,nan,nan,70.96321160919014,17.334659718130435,0.1356,BLANK,2719.190682162819,30737.197357437628,67.74517933888255,2091.7142238868178,5006.749844613485,0.6178922386198001,nan,520.9765417013454,181.14059779493252,4.896615187230051,4.725394983600794,4957.888284636041,2.109680428482361,51.093487903821845,784.2453231215987,480.4105298466213,5.674977213886001,17.567855520583898,3721.45161204929,0.9419280000000001,21.534597245939114,517.482643992036,233.79504734235204,3.7719530650269024,8.549516211582262,3731.865242971012,0.9419280000000001,21.51848450080361,0.0,0.0,nan,nan,6562.8,1.0,13.853480493619768,0.0,0.0,nan,nan,4860.7591345093215,4.5632092640821735,118.08841992765448,549.2268186040399,82.86506186829187,5.665827396670124,3.025886160855445,4341.628923952651,3.479544377495478,99.97202685366908,726.8999781020655,122.73526860078731,4.500985231196259,3.0348021738048017,4102.789689077456,1.1389409560664823,27.88578374254195,0.0,0.0,nan,nan,3970.9386781544204,7.645895635315504,244.15426902271017,388.4538799751904,124.38710800406619,3.163852614916822,4.580028189808771,3889.8093537551886,0.4999617834394905,nan,795.0938901877194,210.0377401777538,12.9212059662791,15.993912457213101,3833.5272648908026,4.318591090058074,141.45326472149597,275.56939366655587,62.439586586757855,3.172946605618356,2.51694088746182,4365.3177604254215,1.4402358737036034,36.72592531511426,0.0,0.0,nan,nan,3869.5722627557575,4.353680010313038,141.4039160379731,0.0,0.0,nan,nan,6583.45,1.0,13.810026928666252,0.0,0.0,nan,nan,6548.05,1.0,13.88468655302385,0.0,0.0,nan,nan,6716.44,1.0,13.536579167464883,0.0,0.0,nan,nan,6730.82,1.0,13.507659064352907,852.5238741621856,122.92895266914377,4.939843912727932,4.534589434478301,3425.8616892577074,3.2595038997343497,118.2970475297134,0.0,0.0,nan,nan,3760.53477339644,1.8376856335231126,57.531431654860334,2510.0839982285615,679.7450335086207,14.789248307947505,12.276486941118113,4680.113805075701,9.99923566878981,271.0131455203778,0.0,0.0,nan,nan,5877.447384401041,0.4999617834394905,nan
91d28m58pt16999931s-35d17m42pt95100288s,91.4828249998071,-35.29526416746644,0.11311516385767084,50.703798005604014,0,0,0,16.156457251593004,0.11078179195066654,nan,nan,5.825292623018904,4496.481436827825,51.144386985636494,10.689528753850858,0.1356,BLANK,2567.874994435188,288.2904301211247,19.049586037872878,5.8417145223916265,5006.756338884231,1.852680116703302,43.61660562162455,347.5756642193201,2250383.809052191,4.533266237476465,81422.82442914063,4959.394813423808,0.7580658707337701,7.470089347615189,0.0,0.0,nan,nan,3726.03,1.0,24.400668213494743,0.0,0.0,nan,nan,3728.82,1.0,24.382410999599827,0.0,0.0,nan,nan,6562.254851254908,1.942730574316309,35.155133030104494,500.481408802362,1690.1122679206217,6.552987698835071,63.58330052906066,4856.2669469548255,0.9645084014989586,17.37683218701517,0.0,0.0,nan,nan,4339.384380381208,4.949716737870022,143.72110555800913,0.0,0.0,nan,nan,4101.73,1.0,22.16567686891332,0.0,0.0,nan,nan,3970.08,1.0,22.900702702093618,0.0,0.0,nan,nan,3889.06,1.0,23.37778840736009,0.0,0.0,nan,nan,3835.4,1.0,23.704860453545347,727.2839064015087,318.8860339571978,22.17766706103655,34.16617221863163,4357.524751680704,6.530982440953939,189.46386094629378,0.0,0.0,nan,nan,3868.75,1.0,23.500516131444996,0.0,0.0,nan,nan,6584.548624989546,4.748062150792041,90.81426030059114,0.0,0.0,nan,nan,6549.022736500045,6.338192484585376,122.47614580552242,0.0,0.0,nan,nan,6716.659518656048,4.337116949969965,81.13224426985776,75.97406633877122,0.0,2.9239146347171703,0.0,6731.965829106379,0.4999617834394905,nan,0.0,0.0,nan,nan,3426.0,1.0,26.53754284399528,0.0,0.0,nan,nan,3760.0,1.0,24.18021855944889,0.0,0.0,nan,nan,4685.824723032514,4.459833575251423,119.67198947399027,388.7388085433101,116.10433699819093,6.951197364785835,4.515087201598456,5874.166259570847,2.8172208277885833,59.12786196348301
91d28m53pt02331169s-35d17m59pt55086774s,91.48139536435897,-35.299875241038585,0.45302387705558655,36.146066882289524,0,0,0,nan,nan,8.231395963486769,0.00024859561109919013,86.93266452811326,2.8939199862640494,77.4030216658023,19.685828168879773,0.1356,BLANK,3419.9799672580434,112.6996907910971,251.50057501843114,22.637297611349187,5006.841877348937,1.203522665561197,24.89360558269041,280.74315719166395,67.37275999661125,9.093975803549956,6.061809744665488,4955.60559531257,1.010376507193318,18.705401509166553,0.0,0.0,nan,nan,3726.582049922025,6.085629101421067,206.55224087491152,1050.59489013979,88.18555683784525,14.221988944109823,6.003929277633325,3728.3045679542874,1.3256808915050846,38.437357328386646,0.0,0.0,nan,nan,6562.8,1.0,13.853480493619768,54.65515224203168,0.0,3.552566193403839,0.0,4860.359134450726,0.4999617834394905,nan,0.0,0.0,nan,nan,4340.096465537406,6.745141717117918,196.7736530890159,1161.302805547261,212.12872150235918,28.18351893976968,20.52565299198811,4105.675367481812,5.265913865577524,161.99374900991032,865.6028369347498,154.7084506621351,11.200632015449472,8.5892773677722,3975.9262287706133,3.3696777085519964,105.69955209730286,0.0,0.0,nan,nan,3889.4981394260035,6.288968980710353,204.5929863353441,0.0,0.0,nan,nan,3832.959253690249,2.5702830712566382,82.09158851181816,0.0,0.0,nan,nan,4359.326629485179,0.4999617834394905,nan,1843.7722841102332,176.91263622916344,26.400020029814403,11.614165609713135,3867.42590758789,6.344894166175586,207.51880177296474,0.0,0.0,nan,nan,6583.45,1.0,13.810026928666252,0.0,0.0,nan,nan,6548.05,1.0,13.88468655302385,0.0,0.0,nan,nan,6716.44,1.0,13.536579167464883,0.0,0.0,nan,nan,6730.82,1.0,13.507659064352907,411.16063956794113,21462.247039695467,3.676995070572009,1221.2970469243473,3426.4243264787065,0.4999617834394905,nan,304.4332935386607,0.0,3.161060886924731,0.0,3762.6705165937888,0.4999617834394905,nan,399.71213903245877,750268318.7104065,77.3357432576552,444067131.1292129,4685.326766459149,0.4999617834394905,nan,115.3741435339566,254.3852941877601,2.3089796573138783,11.067072149461564,5876.187681560566,0.4999617834394905,nan
91d28m44pt69130426s-35d18m00pt75052166s,91.47908091784922,-35.30020847823766,0.46776876642385634,39.12440582145774,0,0,0,22.337854811163044,0.02516390038770604,5.51890665680315,0.004694267788946804,220.00463304328505,1.0555690662730612e+16,85.36086517973062,23.309855921749826,0.1356,BLANK,39692.38644437258,984.8577818079372,58.41754067178572,3.958959014400065,5006.948843830253,6.320610490548234,159.7270423269533,0.0,0.0,nan,nan,4957.9373459377975,0.4999617834394905,nan,2762.2170444876747,730.8553782014558,1.755735443841997,2.330257498164774,3732.078873362887,9.99923566878981,340.8133793077146,149.13470064329735,2.044101868145128e+18,0.09242909066639686,6370794839392836.0,3728.4760435829635,0.4999617834394905,nan,0.0,0.0,nan,nan,6562.8,1.0,13.853480493619768,193.64927729099887,88.00748212817236,0.23374592233326238,0.30476391805411573,4860.617229342724,1.7805860736086567,42.87604414759373,0.0,119.21049051359066,nan,nan,4340.46,1.0,20.94654063936261,937.3109709146287,132.97056213671883,0.7711923272834771,0.4375833078763381,4099.833774879995,3.952604429469323,120.74234304043624,1196.9795240887952,123.38366921183123,0.9250513757252091,0.4101372325324498,3971.740172238735,3.06285955400499,95.61844558623717,748.6190664440029,102.75562267967804,0.5355478506637629,0.33293374561474454,3886.866691251883,1.956660083762811,59.81295254038937,750.3125534056948,325420.9345779401,0.4749390152576932,963.6805290949328,3835.9458613712563,0.5830791184644153,nan,2064.224799903518,155.92908569041123,1.892880276208485,0.5001483516795825,4367.190524333502,7.9022380794666685,229.6658002116226,921.4737520915712,149.581644626288,0.6199709186157674,0.4608362078394355,3869.4331625077634,3.006374992628156,96.21260006797031,0.0,0.0,nan,nan,6583.45,1.0,13.810026928666252,0.0,0.0,nan,nan,6548.05,1.0,13.88468655302385,0.0,0.0,nan,nan,6716.44,1.0,13.536579167464883,0.0,0.0,nan,nan,6730.82,1.0,13.507659064352907,423.3839454860097,4180.031684609071,0.23318508660966564,14.645060997874959,3426.7404924597377,0.4999617834394905,nan,161.72018142833096,0.0,0.10439193236199111,0.0,3758.9281286512,0.4999617834394905,nan,756.5370138695338,2557500.476709606,0.9542478546819777,9875.856805864621,4683.3564586312505,0.5624642044363359,nan,0.0,0.0,nan,nan,5873.55769666162,9.99923566878981,216.12712798001303
91d28m43pt71113891s-35d17m59pt95047053s,91.47880864969667,-35.29998624181484,0.46749031830625953,40.342285326554595,0,0,0,nan,nan,nan,nan,nan,nan,106.6586212064672,22.25990503579912,0.1356,BLANK,25511.612331070195,422.7272467081797,35.01359862741302,1.584613584943982,5006.999690730899,5.866787642245054,148.11057157467977,1769.9222506826736,535.4434918657685,2.504171119789051,2.1084562821835635,4949.594732942332,9.99923566878981,256.08064588829484,442.2344716992286,96.58342335430073,0.27408043547337946,0.30182255568645544,3724.6431384810317,1.1957612168130605,33.12414852632551,26.15082898886845,59.24309999196799,0.016256954528470667,0.18513429349848975,3729.0233393247277,1.1957612168130605,33.09936417782158,0.0,0.0,nan,nan,6562.8,1.0,13.853480493619768,0.0,0.0,nan,nan,4861.032371960203,7.058861395528575,183.9486275933365,121.76853241141585,90.98884924743267,0.10684568638194289,0.2824153630298078,4343.060459771634,1.2327736736953652,29.763849485026345,0.0,0.0,nan,nan,4101.591234415145,4.438985074212547,136.0540435611056,3213.915049169919,636.742345393859,2.713037800578527,2.3208121312866328,3965.281209080541,9.99923566878981,319.8627926142355,0.0,0.0,nan,nan,3890.0512130519937,9.99923566878981,326.52642944617054,0.0,0.0,nan,nan,3836.2004044797673,2.6462317112345026,84.7086172495229,892.2333186918815,191.0077579872506,0.8033929272012443,0.6008797711439893,4369.779066158434,5.775226885539179,167.26770148002743,304.8836585897969,121.97035217023573,0.20809709449113922,0.3821131828457081,3865.7063506152776,2.341619943700533,73.53279872690035,0.0,0.0,nan,nan,6583.45,1.0,13.810026928666252,0.0,0.0,nan,nan,6548.05,1.0,13.88468655302385,0.0,0.0,nan,nan,6716.44,1.0,13.536579167464883,0.0,0.0,nan,nan,6730.82,1.0,13.507659064352907,0.0,0.0,nan,nan,3424.982698551646,7.268460740216249,268.8404682417345,689.6076237137288,160.53962299716665,0.46290515634850166,0.5302064542922992,3760.148555993496,2.668351272390694,87.18366557671563,71.70451471790761,2.9201300058330355e+21,0.08417419245723241,1.051124636728447e+19,4679.221565851033,0.4999617834394905,nan,0.0,0.0,nan,nan,5875.094958137525,6.030994011097587,129.7935101932533
91d28m43pt71105887s-35d18m00pt9504705s,91.47880862746408,-35.30026401958398,0.4678023019805535,39.53039940309669,0,0,0,10.169160607311749,0.022132551792641602,8.334014082382454,0.001155913625169625,1563.4535069063425,11357.523300267334,94.5577434501165,26.080868420048247,0.1356,BLANK,26976.48630678857,738.910400021205,56.93296429630217,4.2593673797472045,5006.924038886117,6.099600700037378,154.07131637977392,0.0,0.0,nan,nan,4961.003578367936,2.1211316948675507,51.405027453690934,0.0,0.0,nan,nan,3725.9808448031686,2.1499471016725025,69.45621458634676,2382.3008807895485,658.9473970445515,2.134373458747226,2.960068287813068,3732.7211383745725,9.99923566878981,340.5583738828702,0.0,0.0,nan,nan,6562.8,1.0,13.853480493619768,18.778164529926656,136.41028802003527,0.03164690811154755,0.659408387917046,4861.188476800337,0.4999617834394905,nan,41.50218653358205,143.0060985459681,0.052847409861206354,0.6447123554136199,4341.190887318269,0.4999617834394905,nan,0.0,0.0,nan,nan,4102.309446158964,1.6251781932926603,45.52361316398395,119.46608796451152,5.87766014158282e+16,0.1196588285293325,253578301892192.28,3969.3470160722363,0.4999617834394905,nan,985.1325024125241,232.69386388839555,0.9630640043257612,1.0280593630233548,3890.337632614702,8.54159102590234,278.67230016421905,838.0721704740632,103.98774350690313,0.7230632243505182,0.41973242470096706,3835.9332378714253,1.8995926970327845,58.61676894265558,1207.0798508517776,192.55405707940065,1.5590515217597922,0.8697390537982004,4367.658091343128,8.833778731515977,256.9422802511986,466.56175737785384,104.12650132268767,0.4276304477415391,0.43718068162436524,3868.850368781696,2.1678344336013424,67.51618364010086,0.0,0.0,nan,nan,6583.45,1.0,13.810026928666252,0.0,0.0,nan,nan,6548.05,1.0,13.88468655302385,0.0,0.0,nan,nan,6716.44,1.0,13.536579167464883,0.0,0.0,nan,nan,6730.82,1.0,13.507659064352907,396.55177132799486,120.99374124815567,0.2945578006376416,0.5716620795418241,3426.8448068559,0.4999617834394905,nan,1515.3494013808322,7663567.231242441,1.370548627064786,34161.15568226145,3757.6291740812712,0.5322817251457294,nan,660.1481261250542,40433502.965862,1.14079165003169,213704.01648846993,4685.882495796039,0.5086901216447677,nan,0.0,0.0,nan,nan,5876.634188318278,9.99923566878981,216.12712798001303
91d28m32pt43779589s-35d18m06pt14972423s,91.47567716552496,-35.301708256729235,0.14119220064357707,43.70785513747017,0,0,0,nan,nan,nan,nan,15.549022819819143,3.2006755319989386,63.42128281829541,14.260961799445111,0.1356,BLANK,12816.96444550263,258.2269342957454,1.765851498338818,0.09717525755880492,5006.850951769893,3.037163570910928,75.14755817752925,4443.624867686077,511.980060298904,0.5510132993131642,0.17616476422573313,4958.605276153996,3.733069454284798,94.13913383358938,0.0,0.0,nan,nan,3726.03,1.0,24.400668213494743,0.0,0.0,nan,nan,3728.82,1.0,24.382410999599827,3441.729833540685,1953.5362000371053,0.49628351207820576,0.5395312065050077,6563.117489566418,2.0743827669276813,37.88007664629192,1110.0755020558565,225.5070760968356,0.1387021119090104,0.08080711556763281,4861.652494196606,1.2439103608778972,26.928344760456614,2900.40901892612,454.73075688847734,0.3941355835375472,0.2191171738346927,4337.869586696012,4.58083550113638,132.78259672238795,0.0,0.0,nan,nan,4101.73,1.0,22.16567686891332,0.0,0.0,nan,nan,3970.08,1.0,22.900702702093618,0.0,0.0,nan,nan,3889.06,1.0,23.37778840736009,0.0,0.0,nan,nan,3835.4,1.0,23.704860453545347,9388.166284043691,1062.0770227346934,1.3180865735640572,0.5227186757608833,4362.491953980427,9.99923566878981,291.0428046557292,0.0,0.0,nan,nan,3868.75,1.0,23.500516131444996,25156.288789188584,879.8209041243623,3.9555370827723157,0.2641055060732628,6583.6779654479315,3.4626174006070745,65.5772282643179,7208.517751458754,855.0049790799594,1.1277880162609666,0.2568228266148595,6548.120648762768,3.5493181672421095,67.65207015396095,4016.5208691766693,570.192496802163,0.6497657759232175,0.1725197932597923,6716.909630765573,3.3965761423288003,63.000021710549454,3899.2366693636573,587.5625557762686,0.6442818556788324,0.18119566079293759,6730.960099627289,3.2728763001970664,60.47236827264506,0.0,0.0,nan,nan,3426.0,1.0,26.53754284399528,0.0,0.0,nan,nan,3760.0,1.0,24.18021855944889,1053.9519064275817,248.55603900562065,0.1336597791675946,0.09648687334984953,4683.740109314888,4.209859791071941,112.78978846342773,12558.014747181,4697.270589759886,2.0082481986215703,1.6356227041582954,5868.494585862627,9.99923566878981,216.12712798001303
91d28m04pt50211571s-35d17m59pt74662321s,91.46791725436461,-35.29992961755859,0.3458965720346654,70.75533180227868,0,0,0,nan,nan,8.09746665714929,0.0003165475104985065,8.158460336869377,0.500048838272803,92.35530361775648,16.492831629533104,0.1356,BLANK,4610.153844505675,81.3834422169647,27.07786133755978,1.305628246276801,5006.855383330885,2.133477741656982,51.24537143715002,1285.883973624526,72.83529032894882,7.024984385763466,1.1040077417919287,4958.984868485034,1.7279615713481524,40.55889334799763,3144.124109392051,292.98899179827725,18.880117669987314,8.869879910029258,3724.848061717794,2.922264849814393,96.94036282997507,4940.6315461206805,413.79261677420055,29.743639328711502,12.527060473899681,3728.496887056013,2.922264849814393,96.8678295319624,3611.3031337997627,237.139046888328,35.920267689881754,4.518270828158151,6562.373284524856,2.913410535194671,54.86096582545035,1713.65587333452,83.61023562198284,12.769250315583713,1.7868280872195934,4861.50294867126,1.9576318094239626,47.87756330024866,0.0,48.030528429435584,nan,nan,4340.46,1.0,20.94654063936261,0.0,0.0,nan,nan,4103.347137184511,9.99923566878981,309.59640827210086,0.0,0.0,nan,nan,3970.5459567016087,5.040102157268733,160.056570663989,1067.2665204185257,147.28909014590255,3.1748179246963337,1.9815692485186314,3889.157799862157,5.359437166060838,173.940697959825,0.0,0.0,nan,nan,3835.1275108546324,4.504835594051937,147.71471838802938,0.0,0.0,nan,nan,4361.470244061393,4.014398379805007,115.33798407638865,151.7627746189692,129.3542956578291,0.4690672832190441,1.832347665575645,3868.061860355726,0.4999617834394905,nan,47.5731676887364,579.0642352664203,0.24908064269322128,5.78696801362375,6584.811961723358,0.4999617834394905,nan,0.0,0.0,nan,nan,6549.622198663774,0.8181097136067915,8.232758570550764,1130.8502237921643,315.142170004566,9.675663771692296,5.043682661597844,6716.06701490084,6.754585998433869,127.34380731923828,113.54296797088206,250.32690959226835,0.8894706050156223,3.6606633079571993,6729.672046428477,0.4999617834394905,nan,0.0,0.0,nan,nan,3426.0,1.0,26.53754284399528,0.0,0.0,nan,nan,3760.5083150137957,3.0909838654142954,101.93877837578447,1992.831201912305,213.35265075435333,8.731159164342547,2.860844067509142,4684.154591309339,5.649189278140318,152.3058279307474,1012.3732859135107,267.55125423057524,9.24383848699337,5.31401949565099,5873.209484189597,5.344451502915159,114.8034510423339
91d28m28pt02579828s-35d18m12pt74935296s,91.47445161063362,-35.3035414869335,0.14163921411758706,43.883954238768474,0,0,0,10.052602128616133,0.0503893660977295,nan,nan,2.7185805727045853,130.86970572340218,63.261664974372174,16.6962354511912,0.1356,BLANK,426.34388330111926,127863.95798601263,0.3271709421230583,268.0301502727183,5006.59687322262,0.4999617834394905,nan,2229.835279901464,500.2329705336334,1.4992120595338758,0.9362735839845295,4948.91,9.99923566878981,256.08064588829484,0.0,0.0,nan,nan,3726.03,1.0,24.400668213494743,0.0,0.0,nan,nan,3728.82,1.0,24.382410999599827,1350.7546265277754,349.5967124033732,1.0269099881382673,0.5092098653620607,6561.218648963247,2.1501222874004613,39.43736321872288,977.0463269955902,169.34536698404872,0.6706938877147618,0.33353254270214205,4860.353985043057,2.0353718288045846,50.05150787095775,0.0,0.0,nan,nan,4341.106845534769,5.301314122799219,154.13147753327087,0.0,0.0,nan,nan,4101.73,1.0,22.16567686891332,0.0,0.0,nan,nan,3970.08,1.0,22.900702702093618,0.0,0.0,nan,nan,3889.06,1.0,23.37778840736009,0.0,0.0,nan,nan,3835.4,1.0,23.704860453545347,2601.3075174036717,610.9196842739501,1.9932402405005643,1.6392117869849223,4364.810691954633,9.99923566878981,291.0428046557292,0.0,0.0,nan,nan,3868.75,1.0,23.500516131444996,4610.1867593923525,320.2332792082384,3.852971234931294,0.5110799230096378,6581.919249982144,4.443375003047786,84.85260899617818,1299.8510423723403,217.21148302559143,1.0517079650953771,0.3375172102138767,6546.2822930991315,2.2667949488624424,41.918027553475625,1143.910054512672,211.05296654947844,0.98154225212367,0.3388113874369233,6714.781028386401,5.342920219960816,100.40211938073816,409.05895061270115,194.48836043113064,0.3614117206844186,0.3207795329163407,6729.428242758585,2.207903611514866,39.60698614885252,0.0,0.0,nan,nan,3426.0,1.0,26.53754284399528,0.0,0.0,nan,nan,3760.0,1.0,24.18021855944889,119.05879110997597,297.2584038590921,0.07902140133039258,0.604429609568701,4681.559778719599,0.4999617834394905,nan,305.72834873724133,162.58143767868344,0.24572549137240113,0.28407507448263014,5875.986980682085,2.6696597473137125,55.82103803570007
91d28m26pt55567156s-35d18m10pt74921944s,91.47404324209927,-35.30298589428815,0.1382824941100782,46.12087106090393,0,0,0,nan,nan,nan,nan,nan,nan,60.81374016944024,14.765671392398753,0.1356,BLANK,1143.2887090458876,10628678.496215895,0.5218955678852523,13252.355665701292,5006.844140249853,0.6850390688853258,nan,0.0,0.0,nan,nan,4958.943520229977,2.6192467416558407,64.79804862445471,0.0,0.0,nan,nan,3726.03,1.0,24.400668213494743,0.0,0.0,nan,nan,3728.82,1.0,24.382410999599827,3177.916367684519,564.7460724647736,1.6220806838081567,0.5518557434450538,6566.003109629727,3.027022641326684,57.12880364768968,0.0,0.0,nan,nan,4864.057300309515,9.8669197983347,257.74710571737245,859.6625861436322,435.50212546309564,0.42294499650046224,0.7588077279883446,4340.567832337351,4.57720988663188,132.67498893086517,0.0,0.0,nan,nan,4101.73,1.0,22.16567686891332,0.0,0.0,nan,nan,3970.08,1.0,22.900702702093618,0.0,0.0,nan,nan,3889.06,1.0,23.37778840736009,0.0,0.0,nan,nan,3835.4,1.0,23.704860453545347,91.58408842322963,inf,0.041354052214676286,inf,4367.149159658701,0.4999617834394905,nan,0.0,0.0,nan,nan,3868.75,1.0,23.500516131444996,3830.002619637124,932.1654723712759,1.788390472726379,0.8312481158683609,6581.49330283606,2.7562792716142357,51.55311354280432,0.0,0.0,nan,nan,6549.877982109376,9.99923566878981,193.93267853817915,0.0,0.0,nan,nan,6719.32427491053,0.4999617834394905,nan,0.0,0.0,nan,nan,6728.971616266251,2.157857061075254,38.607593007869696,0.0,0.0,nan,nan,3426.0,1.0,26.53754284399528,0.0,0.0,nan,nan,3760.0,1.0,24.18021855944889,892.2190422619317,124.54662803465467,0.37912841341570386,0.16204455784225597,4682.999823133205,2.748066486492091,72.20216068212856,0.0,0.0,nan,nan,5875.124378267535,6.154156373677855,132.47992551754476
91d28m28pt76168372s-35d18m07pt54941805s,91.47465602325526,-35.302097060569714,0.14308666406270198,45.883592367274915,0,0,0,nan,nan,nan,nan,nan,nan,73.41214565163861,17.222423852734586,0.1356,BLANK,0.0,0.0,nan,nan,5007.876906802419,0.4999617834394905,nan,0.0,0.0,nan,nan,4959.026705932289,4.3467451919917774,110.13748398825352,0.0,0.0,nan,nan,3726.03,1.0,24.400668213494743,0.0,0.0,nan,nan,3728.82,1.0,24.382410999599827,0.0,0.0,nan,nan,6562.933689155253,6.428757949656111,123.96839554143082,0.0,0.0,nan,nan,4861.462691752124,4.454677518252406,115.21126554551485,91.76389264281873,9.128829905576943e+27,0.00510757148274918,1.798131854442978e+24,4342.148361773116,0.4999617834394905,nan,0.0,0.0,nan,nan,4101.73,1.0,22.16567686891332,0.0,0.0,nan,nan,3970.08,1.0,22.900702702093618,0.0,0.0,nan,nan,3889.06,1.0,23.37778840736009,0.0,0.0,nan,nan,3835.4,1.0,23.704860453545347,29028.856853690177,3683.7085473757743,1.729132427358943,0.771874064566423,4354.9780047449385,9.99923566878981,291.0428046557292,0.0,0.0,nan,nan,3868.75,1.0,23.500516131444996,0.0,0.0,nan,nan,6585.522751222319,9.99923566878981,192.88987927331783,0.0,0.0,nan,nan,6546.919776079043,3.0846609450941886,58.40873503742336,9362.31887032941,4871.453783346302,0.6554556960284205,0.6376385174925283,6719.282524143889,9.99923566878981,189.07053077254085,0.0,0.0,nan,nan,6732.739103230849,7.120338946114698,134.02529404708403,0.0,0.0,nan,nan,3426.0,1.0,26.53754284399528,0.0,0.0,nan,nan,3760.0,1.0,24.18021855944889,0.0,0.0,nan,nan,4690.441054525099,0.4999617834394905,nan,0.0,0.0,nan,nan,5872.279596820627,1.902817579637244,38.338138991581836
STACK,0.0,0.0,0.3108931758896249,nan,0,0,0,nan,nan,nan,nan,0.27324385689363134,399005965.87226236,116.19988857783298,31.014825596594903,0.1356,BLANK,2377.058748685761,5582563770504.08,0.06596112811929199,423093358.6477096,5007.070502107625,0.4999617834394905,nan,1445.9448815294556,2938.087527027587,0.03777176822947561,0.21283054569993254,4960.605116408388,0.4999617834394905,nan,0.0,0.0,nan,nan,3730.1885065813567,0.4999617834394905,nan,0.0,0.0,nan,nan,3724.8694955339192,0.4999617834394905,nan,0.0,0.0,nan,nan,6562.8,1.0,13.853480493619768,13991.178699045518,3809.786427167073,0.3347257504004546,0.26130625786049083,4862.60646845048,2.003124845853578,49.151179089592404,59654.610796074325,33144.82126153821,1.3098228872591584,2.589614486292537,4330.46,9.99923566878981,292.5682705754515,0.0,0.0,nan,nan,4102.254207702212,2.299610921283557,67.98851463693323,31364.87944312394,2219.9022831356388,0.5615901753510807,0.17106168266800847,3970.764686624237,9.99923566878981,319.8627926142355,39378.250844638,2537.9379106374677,0.7375671152260466,0.2156684173279424,3884.1252960477423,9.99923566878981,326.52642944617054,0.0,0.0,nan,nan,3835.2776056924217,0.4999617834394905,nan,0.0,0.0,nan,nan,4364.124280099452,0.4999617834394905,nan,2406.0834831572756,1806.4534178285724,0.04508378727123341,0.15516412516493333,3867.7068394101857,3.567335537946615,115.10918194783055,0.0,0.0,nan,nan,6583.45,1.0,13.810026928666252,0.0,0.0,nan,nan,6548.05,1.0,13.88468655302385,0.0,0.0,nan,nan,6716.44,1.0,13.536579167464883,0.0,0.0,nan,nan,6730.82,1.0,13.507659064352907,81209.28395135739,4754.787661341494,1.1711550410019802,0.43740181726433597,3423.5776437471536,9.99923566878981,370.65991701749095,0.0,0.0,nan,nan,3759.5045104677765,5.963246347878442,200.51410025303468,0.0,0.0,nan,nan,4685.480013880947,3.7630711959666345,100.45829573110038,0.0,0.0,nan,nan,5875.032534316121,3.0340599896684592,63.96699230419331
99d19m52pt384047s-48d28m52pt49613389s,99.33121779083456,-48.48124892608089,0.44378838225385087,30.666536996666125,0,0,0,nan,nan,8.131864881035503,0.00012763156988900611,9.825793861786446,0.5838986742628933,64.77820969591454,12.109382020055742,0.2026,BLANK,5776.485972292028,97.19913695415173,133.52871451274612,6.13705012240239,5006.84272813074,2.060396721571576,49.273998451057906,1813.923828537137,67.56287465544801,31.160693001997817,3.220273002341312,4958.916577821518,1.6253534018910833,37.65954323455836,2668.4367242132007,179.16404021544759,32.4867544302761,10.987025793363697,3726.1050475783804,2.106232343560108,67.87455352190814,4333.922435838017,258.2275725925771,52.861964064815254,15.835504698490944,3728.786328379881,2.106232343560108,67.82376801755929,0.0,0.0,nan,nan,6562.8,1.0,13.853480493619768,1485.149105115385,81.3675570673816,29.012063949179492,4.558743606768067,4861.477969103574,1.875338847456418,45.56240190439763,502.5351347097662,122.50633455434526,5.506876166812297,4.7535479538635546,4340.88767534656,2.003499480065576,55.06121582392588,549.3963883723579,97875505.92819992,5.3724496461076825,3827921.938323943,4099.934208731406,0.5022004463926433,nan,0.0,0.0,nan,nan,3969.687193871607,3.3494338356450806,105.0358159588318,0.0,0.0,nan,nan,3887.902226869273,0.4999617834394905,nan,1262.1336824381967,171.49487256208067,19.59662940484405,12.4848098857186,3832.5264841063567,3.8559237171474767,125.86465376996678,0.0,0.0,nan,nan,4357.950875789293,6.4570471475440145,187.29392678069797,0.0,0.0,nan,nan,3868.953023685533,4.525855757884524,147.14154702440965,0.0,0.0,nan,nan,6583.45,1.0,13.810026928666252,0.0,0.0,nan,nan,6548.05,1.0,13.88468655302385,0.0,0.0,nan,nan,6716.44,1.0,13.536579167464883,0.0,0.0,nan,nan,6730.82,1.0,13.507659064352907,0.0,0.0,nan,nan,3426.8497483555716,4.753040881691511,174.69701696749405,0.0,0.0,nan,nan,3759.6705363228352,2.7669222453021143,90.63777889433197,428.172291777156,59.09677093401409,6.472115821192624,2.730551188875649,4687.366974228147,1.5805397900124136,38.50203397287001,0.0,0.0,nan,nan,5875.418979406242,4.6370378938063705,99.32171708506804
STACK,0.0,0.0,0.44378838225385087,nan,0,0,0,nan,nan,8.13183858360156,0.00012619501572361485,9.825793861786446,0.5838986742628933,64.77820969591454,12.109382020055742,0.2026,BLANK,5776.485972292028,97.19913695415173,133.52871451274612,6.13705012240239,5006.84272813074,2.060396721571576,49.273998451057906,1813.923828537137,67.56287465544801,31.160693001997817,3.220273002341312,4958.916577821518,1.6253534018910833,37.65954323455836,2668.4367242132007,179.16404021544759,32.4867544302761,10.987025793363697,3726.1050475783804,2.106232343560108,67.87455352190814,4333.922435838017,258.2275725925771,52.861964064815254,15.835504698490944,3728.786328379881,2.106232343560108,67.82376801755929,0.0,0.0,nan,nan,6562.8,1.0,13.853480493619768,1485.149105115385,81.3675570673816,29.012063949179492,4.558743606768067,4861.477969103574,1.875338847456418,45.56240190439763,502.5351347097662,122.50633455434526,5.506876166812297,4.7535479538635546,4340.88767534656,2.003499480065576,55.06121582392588,549.3963883723579,97875505.92819992,5.3724496461076825,3827921.938323943,4099.934208731406,0.5022004463926433,nan,0.0,0.0,nan,nan,3969.687193871607,3.3494338356450806,105.0358159588318,0.0,0.0,nan,nan,3887.902226869273,0.4999617834394905,nan,1262.1336824381967,171.49487256208067,19.59662940484405,12.4848098857186,3832.5264841063567,3.8559237171474767,125.86465376996678,0.0,0.0,nan,nan,4357.950875789293,6.4570471475440145,187.29392678069797,0.0,0.0,nan,nan,3868.953023685533,4.525855757884524,147.14154702440965,0.0,0.0,nan,nan,6583.45,1.0,13.810026928666252,0.0,0.0,nan,nan,6548.05,1.0,13.88468655302385,0.0,0.0,nan,nan,6716.44,1.0,13.536579167464883,0.0,0.0,nan,nan,6730.82,1.0,13.507659064352907,0.0,0.0,nan,nan,3426.8497483555716,4.753040881691511,174.69701696749405,0.0,0.0,nan,nan,3759.6705363228352,2.7669222453021143,90.63777889433197,428.172291777156,59.09677093401409,6.472115821192624,2.730551188875649,4687.366974228147,1.5805397900124136,38.50203397287001,0.0,0.0,nan,nan,5875.418979406242,4.6370378938063705,99.32171708506804
42d00m25pt11764436s-3d32m09pt88493573s,42.006977123434105,-3.5360791488145193,0.4121800543242835,46.67686397713839,0,0,0,nan,nan,8.079651941094543,5.620576007055199e-05,7.974470812720932,0.20715812308296339,73.13304676990617,15.297608430306887,0.19,BLANK,17942.518221893275,175.99556576458082,42.59739568899729,1.1412700279669072,5006.837614787989,2.4911431171797753,60.79075692894507,6913.5918494398775,146.50529036651014,15.062118546403454,0.8855776908759373,4958.9546226459315,2.422003407137631,59.52651291540629,18976.431693816518,518.2043292137095,40.25069529527655,5.536458803340361,3726.130359243943,2.228714060372425,72.29666229002572,23592.681604407466,618.54091078761,50.133951575077575,6.60844782202493,3728.7557202161756,2.228714060372425,72.24256804900868,16422.016814121795,272.74395108704755,175.01024537081526,5.567639979197764,6562.583143011376,2.8669113206095385,53.931256020651446,8455.134510242353,192.82125988062742,19.739759608655792,1.2910744141035033,4861.545951787073,2.1793341327115465,54.048923376489206,2478.775171610477,190.71626396504686,3.9717482876226087,1.0823531649314988,4340.31709175998,2.5471196778035097,71.83298038307589,1617.5242229952362,201.00641426756232,2.5255039518325435,1.2538980026624964,4101.828177362945,1.7493771563021057,49.761050975785736,0.0,0.0,nan,nan,3966.721185356048,6.482768839324048,206.67006769751532,0.0,0.0,nan,nan,3888.8049066791878,0.4999617834394905,nan,1621.6524688755178,192812011.01907536,1.9501593901733325,1084271.446251039,3836.6583821547983,0.5197369350898791,nan,0.0,0.0,nan,nan,4363.151571151014,4.845617701179767,139.90281452744892,5270.203364021966,347.84157163693493,6.5570343114133625,1.9817697240482683,3869.3906763420123,3.4504022961418928,111.18226592543883,0.0,0.0,nan,nan,6582.035605540763,0.4999617834394905,nan,0.0,0.0,nan,nan,6547.9054055186725,0.4999617834394905,nan,0.0,0.0,nan,nan,6716.44,1.0,13.536579167464883,0.0,0.0,nan,nan,6730.82,1.0,13.507659064352907,2333.0508575643794,301.03128708296475,3.4710863922186457,2.847074189061773,3427.533493390079,1.521495138645905,50.199663127938585,2203.281066279659,223.7713747249709,3.1912903838577087,1.5919997355934576,3762.6170999581213,1.5091226488204763,45.26809588510096,3211.687842642024,898.4862475761927,6.7878357902479785,5.822455447589402,4679.357926838311,9.99923566878981,271.0131455203778,1433.4608562545031,210.4831556039769,4.309886105706265,1.3756767049287826,5876.296363312098,2.1399640182233775,43.816886773190845
42d01m09pt00113333s-3d31m54pt88505542s,42.019166981481916,-3.5319125153940685,0.37309216561518954,23.629126371205246,0,0,0,nan,nan,8.00814123797258,0.0001753901713674026,9.063643605587353,0.5052570911684463,86.46239885793037,16.843054799376354,0.19,BLANK,7330.545414105135,216.79288218436574,7.48273378125127,0.6044374761729066,5006.870933047453,3.235124199770617,80.3115685723765,1991.7463475407671,201.08046587148465,1.9058490462247364,0.5338448344784807,4958.957007326174,2.6444943187897825,65.47044958218805,14707.556361737139,1075.9525106094345,25.899236872038887,9.545323075913158,3725.8703863252917,3.115514159052204,103.72846715349199,22653.435921101503,1733.349382445976,39.969195808526294,15.377425765296895,3728.6573358527594,3.115514159052204,103.65085481946724,16466.45131311038,404.1502721608343,29.230151400375217,1.3741703152676168,6562.762194818953,3.491238852828977,66.35039551045062,5150.608968749198,175.24160670786517,5.449051950234548,0.5317589547861321,4861.280704543646,2.5805566810086975,65.04663920837409,2472.1124149491634,219.02999189352457,2.192276820380894,0.6880191243229576,4340.154802906922,1.9010588723572224,51.8423237147866,0.0,0.0,nan,nan,4106.053029757375,0.4999617834394905,nan,0.0,0.0,nan,nan,3971.652501613731,9.99923566878981,319.8627926142355,0.0,0.0,nan,nan,3889.9981413396426,7.944395304523054,259.051860101237,0.0,0.0,nan,nan,3834.857889825744,3.0437712617198915,98.32514159787402,0.0,0.0,nan,nan,4362.803887174723,2.185118299808969,60.39753309338835,0.0,0.0,nan,nan,3869.466626196824,2.5425869533329992,80.4363071668773,1100.781373547752,1057.5226993530646,1.2132760586900226,2.2253113472031494,6583.412401868726,1.8697001238450883,33.52647764641278,0.0,0.0,nan,nan,6548.741088329316,0.4999617834394905,nan,4401.983032412235,328.4705082642356,7.604471787702167,1.0613720844438488,6716.296532959333,3.142269077790459,58.065006996725714,2555.5745030037688,468.1641294518978,4.192467501319521,1.4335020838431407,6730.625998169562,3.0682635100289177,56.50418908306755,0.0,0.0,nan,nan,3426.0,1.0,26.53754284399528,0.0,0.0,nan,nan,3762.438564180792,3.9056053158673225,130.09886797002193,558.407210172258,5181729.6389708165,0.5095274047192844,14455.6674873931,4686.838955723094,0.593216994403884,nan,691.0771545401699,176.62343131206185,0.995454455996165,0.5533055273731018,5874.102968785693,3.3074825744311065,70.04155948363673
STACK,0.0,0.0,0.3926361099697365,nan,0,0,0,nan,nan,8.087403028604719,8.270261567752251e-05,8.27288324890523,0.40780900716207724,87.04627805189038,19.33406933023565,0.19,BLANK,18362.01685085415,264.71133862085685,13.534719298382191,0.5329555504534333,5006.819516139066,2.4554278506003024,59.84389952392602,6281.608936810955,188.49642915804006,4.294208168515983,0.3575475982834536,4958.763482394213,2.1994777440477873,53.531159996216886,18586.56238913787,715.7460308869315,9.859130076887663,1.912200735633941,3726.2529453113098,2.3071474087578756,75.11416547929583,19914.23153059508,772.7724422718323,10.583032183447681,2.064553583005857,3728.9156733654886,2.3071474087578756,75.0579631091929,16198.098912985342,378.0813413001968,24.279411498519487,1.0855271326672413,6562.550031272112,2.853271622699162,53.658363320548105,7632.698033754327,351.8683731314203,4.595432836205799,0.6075971188362983,4861.466032803248,1.7760384906870548,42.74649149276921,1759.0136359814587,273.102230852781,0.8557955197114049,0.47057469167930344,4340.484794536395,2.7352372623351626,77.55559110985799,2010.7090712932034,318.26630821939705,1.0322744191753233,0.6527977892966881,4101.883043144156,1.8394860963889295,52.798713997840025,0.0,0.0,nan,nan,3969.4710115629678,3.826527861094599,120.63615071440556,0.0,0.0,nan,nan,3888.6590425955983,0.4999617834394905,nan,545.7107287944282,573.4647852529633,0.25442993781578127,1.2504048015298896,3836.4928231691056,0.4999617834394905,nan,0.0,0.0,nan,nan,4363.403736489623,3.911456049277276,112.28633098773106,6635.0250382856,502.960840008592,3.068730358206973,1.0647880735449506,3870.0410570927875,3.3842685980465137,108.95883363113997,134.12655404154458,1278.1481075755903,0.142447883200994,2.591835238697874,6582.794445385098,0.4999617834394905,nan,0.0,0.0,nan,nan,6551.891379742096,8.149188438547624,157.85458247157786,0.0,0.0,nan,nan,6716.44,1.0,13.536579167464883,0.0,0.0,nan,nan,6730.82,1.0,13.507659064352907,7149.318705515158,2164.376559180977,3.967043928402758,7.606715853804805,3431.7381743066667,9.99923566878981,370.65991701749095,4575.6620167610845,808.3561515390353,2.3764839572510263,2.0590505478081003,3764.8459262946503,7.396449311954642,249.3128868627888,0.0,0.0,nan,nan,4687.37859729083,2.6302933229947225,68.88794833738899,1780.82950767768,231.06447211448545,1.7482397050903413,0.49314609945290844,5875.8125003704945,1.7595539947660057,34.9783247538199
73d33m13pt45421257s2d57m13pt64663919s,73.55373728126835,2.9537907331076263,0.7506268718864433,25.81978297650772,0,0,0,nan,nan,nan,nan,nan,nan,55.394827170603435,18.34174082598789,0.2011,BLANK,3283.98603404514,83.48433651561146,27.137516969969706,1.8843490360178619,5006.833985368012,0.9108056234611169,14.817056272393378,185.24509520217515,645.8125467189791,1.7883105891829456,17.29197546895097,4959.9913536677495,0.4999617834394905,nan,0.0,0.0,nan,nan,3725.5170795012937,3.6084586987977985,120.95088465349879,96.08894482267894,519988436349.65027,0.48413733757770794,13135897077.97292,3732.7419495988693,0.4999617834394905,nan,0.0,0.0,nan,nan,6562.8,1.0,13.853480493619768,0.0,0.0,nan,nan,4860.992150418397,2.012072722963783,49.40119956192415,0.0,0.0,nan,nan,4341.209162776585,4.575099638568683,132.612356089012,357.59179741440636,43.73323839822381,2.471687380382513,1.2101928083702604,4098.097553669318,0.7744645008575802,10.284607253586296,207.3967787687118,53.81915750607633,1.469338043794846,1.6411687956006331,3970.555999270047,1.0179939286840918,23.701942881935413,110.45326479520011,82.563034435786,0.7448396751724015,2.5183781671770764,3888.9428694848434,0.4999617834394905,nan,0.0,0.0,nan,nan,3836.8914218736777,9.99923566878981,331.09476865566154,124.52118326164319,173.2944055699601,1.0330857111689629,5.04390001459046,4360.801773541406,0.4999617834394905,nan,363.64622115590385,70.12508443100086,2.3420569031582485,2.0684836434858958,3869.1408013850055,2.1034788678262597,65.27455125878713,0.0,0.0,nan,nan,6583.45,1.0,13.810026928666252,0.0,0.0,nan,nan,6548.05,1.0,13.88468655302385,0.0,0.0,nan,nan,6716.44,1.0,13.536579167464883,0.0,0.0,nan,nan,6730.82,1.0,13.507659064352907,917.5839967164085,94.31090717966147,5.86150158022459,3.8309006716911513,3427.1890380244176,2.426406756928715,86.33162670024352,394.3678414279649,78.94059541207575,2.339999976317773,2.302106638366203,3761.709138791333,0.4999617834394905,nan,0.0,0.0,nan,nan,4685.659538102564,2.975367170858927,78.57175662856517,0.0,0.0,nan,nan,5875.62,1.0,15.473706908126772
STACK,0.0,0.0,0.7506268718864433,nan,0,0,0,nan,nan,nan,nan,nan,nan,55.394827170603435,18.34174082598789,0.2011,BLANK,3283.98603404514,83.48433651561146,27.137516969969706,1.8843490360178619,5006.833985368012,0.9108056234611169,14.817056272393378,185.24509520217515,645.8125467189791,1.7883105891829456,17.29197546895097,4959.9913536677495,0.4999617834394905,nan,0.0,0.0,nan,nan,3725.5170795012937,3.6084586987977985,120.95088465349879,96.08894482267894,519988436349.65027,0.48413733757770794,13135897077.97292,3732.7419495988693,0.4999617834394905,nan,0.0,0.0,nan,nan,6562.8,1.0,13.853480493619768,0.0,0.0,nan,nan,4860.992150418397,2.012072722963783,49.40119956192415,0.0,0.0,nan,nan,4341.209162776585,4.575099638568683,132.612356089012,357.59179741440636,43.73323839822381,2.471687380382513,1.2101928083702604,4098.097553669318,0.7744645008575802,10.284607253586296,207.3967787687118,53.81915750607633,1.469338043794846,1.6411687956006331,3970.555999270047,1.0179939286840918,23.701942881935413,110.45326479520011,82.563034435786,0.7448396751724015,2.5183781671770764,3888.9428694848434,0.4999617834394905,nan,0.0,0.0,nan,nan,3836.8914218736777,9.99923566878981,331.09476865566154,124.52118326164319,173.2944055699601,1.0330857111689629,5.04390001459046,4360.801773541406,0.4999617834394905,nan,363.64622115590385,70.12508443100086,2.3420569031582485,2.0684836434858958,3869.1408013850055,2.1034788678262597,65.27455125878713,0.0,0.0,nan,nan,6583.45,1.0,13.810026928666252,0.0,0.0,nan,nan,6548.05,1.0,13.88468655302385,0.0,0.0,nan,nan,6716.44,1.0,13.536579167464883,0.0,0.0,nan,nan,6730.82,1.0,13.507659064352907,917.5839967164085,94.31090717966147,5.86150158022459,3.8309006716911513,3427.1890380244176,2.426406756928715,86.33162670024352,394.3678414279649,78.94059541207575,2.339999976317773,2.302106638366203,3761.709138791333,0.4999617834394905,nan,0.0,0.0,nan,nan,4685.659538102564,2.975367170858927,78.57175662856517,0.0,0.0,nan,nan,5875.62,1.0,15.473706908126772
38d39m53pt86576804s-58d31m03pt44572608s,38.66496271334575,-58.51762381279874,0.8072895443527524,75.23500105145312,0,0,0,nan,nan,20.85935239632224,0.0025335913427612243,20.571669372229422,3.9177333396805537e+61,64.29924412283691,18.23175389473144,0.415,BLANK,2009.35830540633,55.41012833223904,109.91930338980022,8.279246286149899,5006.851647692128,1.2160027494502312,25.282693370726218,225.96070526252657,180.54816589662775,213.98416762251685,474.21936407157324,4960.022086252979,0.4999617834394905,nan,294.1523513247908,58.39592960337755,3.177121388496344,3.17821551382656,3725.579760161771,1.1193386088320858,29.84391707863334,0.0,0.0,nan,nan,3729.166881803876,5.427920644668516,183.77363902918742,0.0,0.0,nan,nan,6562.8,1.0,13.853480493619768,122.95897412235729,2.3416693298715595e+62,3.9851318868365926,2.176680286549943e+61,4861.469478962845,0.4999617834394905,nan,424.5591420135714,35661.37429603631,8.457660100878037,2517.730671675558,4339.029231052275,0.5000715139748961,nan,0.0,0.0,nan,nan,4101.712130893353,3.9812365706128263,121.64519977596989,162.58241508218023,53.525430934324284,1.1810313168725586,1.6749783891388816,3969.1383614094816,0.6631102346831201,nan,626.0859097069126,59.72493018755424,12.856946834539723,5.544805585236594,3889.7696986572196,1.3283731903116607,36.95737273475166,108.30007881489202,120.37154876121798,1.5076512406322362,7.8434786745411715,3835.1610190547244,0.4999617834394905,nan,716.6229602853534,91.77370755433252,198.852859075411,89.23356962951735,4363.38738902359,1.6466235447763853,43.487778795017924,0.0,0.0,nan,nan,3869.6925596283804,7.2225932650654245,236.5571839669041,0.0,0.0,nan,nan,6583.45,1.0,13.810026928666252,0.0,0.0,nan,nan,6548.05,1.0,13.88468655302385,0.0,0.0,nan,nan,6716.44,1.0,13.536579167464883,0.0,0.0,nan,nan,6730.82,1.0,13.507659064352907,0.0,0.0,nan,nan,3426.8244156965343,5.083493333404584,187.10307070730778,0.0,0.0,nan,nan,3761.138240225447,0.4999617834394905,nan,0.0,0.0,nan,nan,4684.922124583185,5.359488092603058,144.3701555144748,0.0,0.0,nan,nan,5875.62,1.0,15.473706908126772
38d39m44pt64316779s-58d31m52pt44420975s,38.66240087994077,-58.531234502708934,0.44225149189779334,84.88729181902173,0,0,0,10.101561502656336,0.05480255434015582,8.09044154486934,4.448165538902554e-05,10.060074738870135,0.1855487850207526,60.70031251546972,15.215930913906417,0.415,BLANK,20133.23487543524,135.19873045495407,56.735016951764095,1.0406296166146285,5006.845414658196,2.445193050164269,59.57233963099871,6371.334197703156,76.82254411815653,16.64588241022769,0.5568893928690195,4958.865747564006,2.537721454790898,62.62335587664055,16536.388371819114,358.0088668553386,34.7573154098145,3.7904944653424844,3726.050196392073,2.692952925650841,88.84931196431877,23430.959956972587,512.8981766557512,49.34234501301432,5.430417735110032,3728.769012138231,2.692952925650841,88.78283260077201,0.0,0.0,nan,nan,6562.8,1.0,13.853480493619768,6607.497372270584,103.6697212660653,17.4686750565173,0.7861300712598691,4861.252371541388,2.5778296821061226,64.97243859403123,2914.516831146975,107.14394285912293,5.758886367686854,0.7497539818381237,4340.5991803584375,1.4650666050799166,37.74961042363383,1010.1834202821691,143.01062701506666,1.6449792572755386,0.9305559787821345,4101.578452881258,1.7811581521350928,50.83557582128612,951.3694243390788,18175543.010136697,1.2993241791205479,107116.688930512,3966.263918183435,0.5194069648222788,nan,0.0,0.0,nan,nan,3887.2583327401194,0.4999617834394905,nan,0.0,0.0,nan,nan,3837.777543622959,4.874624529943381,160.1285739830656,71.95892589439102,409.86037662535097,0.12276965845134909,2.4507817883715504,4362.922299207352,0.4999617834394905,nan,766.8711688718757,0.0,1.0768625395523004,0.0,3869.701764085803,0.4999617834394905,nan,0.0,0.0,nan,nan,6583.45,1.0,13.810026928666252,0.0,0.0,nan,nan,6548.05,1.0,13.88468655302385,0.0,0.0,nan,nan,6716.44,1.0,13.536579167464883,0.0,0.0,nan,nan,6730.82,1.0,13.507659064352907,0.0,0.0,nan,nan,3426.133412764286,1.8268900045683292,62.706065592294884,0.0,0.0,nan,nan,3759.3974614849535,0.4999617834394905,nan,1994.725371433231,295.09121735419814,5.116890850142483,2.317552057705873,4683.224027220621,9.99923566878981,271.0131455203778,618.5791549021064,150.41535545197507,2.2948118092638476,1.2131301918743442,5875.816283917177,3.6120275827892105,76.77994306390784
38d41m16pt20401233s-58d31m03pt85113782s,38.68783444786991,-58.517736427171705,0.21566747813008047,25.079637491099945,0,0,0,nan,nan,nan,nan,0.3825766410799138,0.015538046130727193,48.387433069768875,7.604679959873545,0.415,BLANK,5230.223203969392,193.36212567929329,2.1120718465351875,0.2132770362662293,5006.857661731302,4.228120989486617,106.0258301360408,1085.5227103069126,142.49516332947897,0.40994457938914597,0.14925956867257445,4959.894547227628,1.917182895475278,45.821754025931504,0.0,0.0,nan,nan,3726.03,1.0,24.400668213494743,0.0,0.0,nan,nan,3728.82,1.0,24.382410999599827,62574.591517770314,2395.2563906580126,27.17461600049673,1.9924141412903047,6562.826044896954,4.029440890628206,76.97759971612497,16508.446246087075,235.29175418787386,6.750728372152082,0.27595878462927603,4861.426760189079,3.242693641702356,82.91849493152216,4679.64918547262,233.0428544933874,1.5680092851034089,0.27653504737926315,4340.599960360673,2.1261191899361016,58.88441563976334,1237.4892379029843,6.2577803485543965e+19,0.36997574381179155,7.474928575594122e+16,4101.828703025055,0.4999617834394905,nan,0.0,0.0,nan,nan,3970.342587833444,0.4999617834394905,nan,0.0,0.0,nan,nan,3889.06,1.0,23.37778840736009,0.0,0.0,nan,nan,3835.4,1.0,23.704860453545347,1279.6105591801281,43947081.150233485,0.4066776500274405,49016.68485006687,4360.043673822616,0.623044808518039,nan,0.0,0.0,nan,nan,3868.75,1.0,23.500516131444996,13136.313418653857,5509.9688709331795,4.180614803971376,3.3477796335433165,6583.433709043934,3.0905735437547994,58.2120582688026,0.0,0.0,nan,nan,6547.644881715819,0.4999617834394905,nan,11096.705640575414,857.9088763594497,6.0033121378184795,0.8681212137260661,6716.422948825437,3.801691021613256,70.82897348224502,6871.308984135883,1299.3591271964654,3.589520337837779,1.2668684505529946,6730.836654208582,4.044791099086692,75.35083164271063,0.0,0.0,nan,nan,3426.0,1.0,26.53754284399528,0.0,0.0,nan,nan,3760.0,1.0,24.18021855944889,0.0,0.0,nan,nan,4686.352465939943,2.0678962729517902,52.86787342547322,3366.3745445892037,253.34335647040473,1.693525779682014,0.27706988441982383,5875.95713961143,5.645927880339073,121.38939144810509
38d39m56pt52055987s-58d31m51pt04612994s,38.665700155519254,-58.53084614720596,0.40656495894492006,73.18639290999755,0,0,0,nan,nan,7.901709063070416,0.0020474664536035666,7.365993639275535,1.2390321310746595,108.9267021146043,19.556608779320175,0.415,BLANK,1861.359287561054,127.16906270204875,1.4743137000340527,0.2751391077603811,5006.665666822381,4.583878425351941,115.18833147907539,0.0,0.0,nan,nan,4959.569390801883,5.064565705347847,128.77470610949925,15521.942901407087,2500.727132222987,10.117078021393976,8.205242416399702,3726.9747432116756,4.39826617458058,148.3634648387902,7371.314165868962,3174.5359478667397,4.813815323499227,10.41610525042248,3729.7328040587477,4.39826617458058,148.25245543986497,12162.39366487417,643.595762262791,12.59640548441318,1.276987221469183,6561.619253846667,4.772099258121311,91.57142454987026,3360.662195368361,135.1567048234825,2.7046760326642567,0.31207318589436034,4860.533606557888,3.0745928000949294,78.4038705018291,904.5893971185307,171.20723285319704,0.5952160180186067,0.39910129429254554,4339.820294441288,1.7338120881403651,46.52555318006023,0.0,0.0,nan,nan,4102.4160278306645,0.4999617834394905,nan,0.0,0.0,nan,nan,3970.34178200253,0.4999617834394905,nan,0.0,0.0,nan,nan,3891.3360782057293,3.0297100656959226,96.49544423507253,0.0,0.0,nan,nan,3833.9117217006324,0.4999617834394905,nan,3358.4563954025407,343.60952350149483,2.1675962478953776,0.7768435154345593,4364.080257468235,6.661009363600024,193.27934717315014,2209.3362186154927,209.9683962029037,1.1008370263456912,0.47943763531560646,3868.207815084058,1.9191349708056096,58.80268362647355,3956.4133427826623,1139.3119373499496,3.747340025823752,2.060526261157223,6582.371088465451,3.940679030506677,74.99256578289625,759.080673623374,268991543.6439978,0.7114151244779608,484080.75537478615,6547.251380161724,0.5261802043153949,nan,0.0,0.0,nan,nan,6716.44,1.0,13.536579167464883,0.0,0.0,nan,nan,6730.82,1.0,13.507659064352907,1679.75983588621,10455342.800832618,0.885718393257427,35008.69676798578,3428.7445705503064,0.5188719041764189,nan,3615.794503674923,577.8724701040995,2.2055847097182792,1.733421217830223,3760.8936592998743,7.882693204259657,265.84627941408684,0.0,0.0,nan,nan,4687.274235228091,9.99923566878981,271.0131455203778,2079.507597932315,458.3430942681811,2.431447242060052,1.1656313640926346,5873.623351482553,9.99923566878981,216.12712798001303
STACK,0.0,0.0,0.46794336833138656,nan,0,0,0,12.421614289162873,0.09133755561177519,nan,nan,179.63447203540824,8132.678151843015,99.65571963145958,26.049661585043804,0.415,BLANK,2442.819693633314,292230.7435199049,0.6817267254891671,222.74448968554108,5007.014891505829,0.5006040011047752,nan,4186.894339110452,867.7152699675788,1.174814190981959,0.6754603486837796,4959.271550600647,9.99923566878981,256.08064588829484,0.0,0.0,nan,nan,3723.5778035387575,0.4999617834394905,nan,0.0,0.0,nan,nan,3728.8213440780237,4.989276688780608,168.66000871814506,0.0,0.0,nan,nan,6562.8,1.0,13.853480493619768,36.90669144749102,381.2632035752814,0.00961450928909409,0.2850805598884187,4859.266156026528,0.4999617834394905,nan,1013.1160109006224,511357.5491306636,0.19927123124244223,356.01198134149166,4341.7026319715915,0.4999617834394905,nan,0.0,0.0,nan,nan,4101.893018180546,0.4999617834394905,nan,136.3677407485563,1035.6137939390687,0.019591557995952788,0.6405611353471073,3970.1328057713768,0.4999617834394905,nan,0.0,0.0,nan,nan,3889.697002113935,7.447578673047508,242.7205766668789,278.46906677135064,208.68949200384034,0.037621472077641306,0.13198685465703744,3834.953081884813,0.4999617834394905,nan,1681.3442973667577,399.6247285421895,0.3352684738850762,0.27953570364610947,4361.0002544736235,4.406295885190845,126.9345637934229,0.0,0.0,nan,nan,3869.597100076687,9.99923566878981,328.2406140748108,0.0,0.0,nan,nan,6583.45,1.0,13.810026928666252,0.0,0.0,nan,nan,6548.05,1.0,13.88468655302385,0.0,0.0,nan,nan,6716.44,1.0,13.536579167464883,0.0,0.0,nan,nan,6730.82,1.0,13.507659064352907,3202.0808369068245,341.4303742416019,0.32336709633330935,0.21952223475299332,3425.76716272788,4.644361933850365,170.61292582598387,0.0,0.0,nan,nan,3761.924730323493,4.18929962580836,139.85164920330868,0.0,0.0,nan,nan,4684.811048246296,2.930766101582239,77.32439081725357,0.0,0.0,nan,nan,5875.62,1.0,15.473706908126772
40d38m59pt87142409s-21d32m25pt96496864s,40.64996428446892,-21.54054582462238,0.31324023191713035,1.2815242446807678,0,0,0,8.16496464999801,0.026109846373439678,7.907164246411688,3.2621779184768876e-05,18.620276104805225,0.1414946761694953,132.00561378936592,19.786205022612723,0.314,BLANK,44957.7538278849,547.7437204154899,3.8757108620664895,0.12897785186824712,5006.809587107584,7.811312441300891,197.82100889301017,17572.90882629371,504.58550129417256,1.4868117927367974,0.11847737861138237,4958.278578587071,9.192088456187784,235.30329181913467,413427.69589843455,742.7029482558798,38.86862872092908,0.35144407483280754,3727.2210125197244,6.229087029306284,211.4858682752468,414182.10592297406,730.2676403984647,39.13505498757811,0.34729466894226213,3727.220953169808,6.236793744453244,211.59242852468694,91689.69647533075,9561.28412928353,6.2407132575092445,1.246675854020056,6561.939274970334,4.616874349405527,88.52620111671175,47804.901466840965,356.6993711597586,4.1172869430133785,0.08813387193754645,4860.709510034178,4.379706797557736,113.22277789441229,17681.025295003332,501.3616011818142,1.4079891234313489,0.14143784681247323,4339.894871107066,3.320940269149338,95.21811798564859,1490.4909705667633,554.0293682871494,0.11139646074264581,0.16546541810395918,4101.500506733495,0.4999617834394905,nan,0.0,0.0,nan,nan,3969.891984793671,0.4999617834394905,nan,0.0,0.0,nan,nan,3888.216687494812,0.4999617834394905,nan,0.0,0.0,nan,nan,3835.6104450688445,0.4999617834394905,nan,10360.08359237438,1934.8457898019105,0.8125353011182372,0.5312433724385178,4365.382654522371,9.43621894573009,274.5722289282854,36480.06868004901,745.8611926441672,3.1735146687845828,0.2973222879460892,3868.325506329462,8.107323054260508,265.79384442121193,97992.08646824428,12974.906381436867,7.4338397361381015,1.8794424665184248,6582.53771691507,5.432367806501103,104.17482522863814,9416.454974826825,9056.248125594098,0.7178472286181806,1.3256449585719834,6547.390788799823,2.9778564754359054,56.274488829909664,46430.74924608457,3784.7607093055203,5.03601540575207,0.7679500202618461,6715.336730202202,5.160704475035937,96.91711479279202,18995.69582376159,3999.960042465101,1.9532187570459925,0.7676053762871149,6731.12520276149,3.186296815478628,58.79487516581884,0.0,0.0,nan,nan,3426.0,1.0,26.53754284399528,0.0,0.0,nan,nan,3759.2889650332954,2.312675388901935,74.6319489342396,4685.135741447024,378.24683570371826,0.3755618397870406,0.09276555562689554,4685.008739334705,6.702559654042336,181.11297036419688,13165.54348386449,2104.413646171255,1.484219689798305,0.5160733547436033,5873.031685876724,9.99923566878981,216.12712798001303
40d38m58pt36630444s-21d32m23pt56496996s,40.64954619567878,-21.539879158321842,0.3131510882986852,2.4253668658799494,0,0,0,nan,nan,7.831627707007558,0.0003891635999939569,6.879644186534975,0.20248954431846242,99.86915697516154,15.964624803481412,0.314,BLANK,1081.2538028657164,95.65520582083296,0.42961873188646876,0.10379396791534672,5007.401323334682,1.5467847743381204,35.072483702349274,763.6712397764874,251.72765610569417,0.2933491147545701,0.2683458849545694,4958.297106422319,6.262508603478721,159.7699035041754,26280.306423864473,782.7587613813779,13.99935701110707,2.1001657121490047,3726.2102515215583,3.6856387387170235,123.63791919619976,32910.285641873765,1159.031909809366,17.565279664062462,3.1097180847551456,3729.00074168444,3.6856387387170235,123.54541009290237,17502.746251572473,1799.4071913373957,6.8971449307583335,1.358126781457013,6563.03558815375,4.466422830092963,85.57232259109486,8871.900268889021,159.14435644630515,3.449641737508794,0.17747674858152143,4861.428102683013,3.7185876490731107,95.64262963779514,3718.154169811463,192.97862812076033,1.422128355458121,0.26145748371349486,4340.102223806624,3.6859165563812217,106.14419225748095,566.9701454607504,5854953.409646619,0.21178976282514725,8742.608048221542,4100.906198499859,0.5659345287757808,nan,0.0,0.0,nan,nan,3971.4176905246954,9.99923566878981,319.8627926142355,2304.7579717202507,245.8596167402823,1.093931085322693,0.5277610348639882,3889.1845303104733,4.153340754320975,134.01655337475523,897.5915259987945,42545302.956879914,0.507648592148521,112611.83037270972,3835.391317512491,0.5679793268508259,nan,1085.6776270936555,213.01167586775978,0.40371475742844737,0.2777012642582871,4362.233966646964,2.8078570791792976,79.34113128932447,3058.9403282749986,269.60813494737687,1.5706093264624144,0.6345965670285799,3867.6606677335362,4.461995605032934,145.01411272724712,16238.807081364144,2108.6327562647675,6.854151591934225,1.6991536332399861,6583.564005204466,4.475480781658304,85.48126086302878,2201.093448511394,1714.3051975354795,0.8944992836487488,1.3375033335519886,6548.382813206018,3.32770023043797,63.251010972275715,5638.269427443103,521.3088180370579,2.829756712876599,0.48938885190541215,6716.217727576716,4.419962195815878,82.72303882640053,3361.84626578718,601.1145890659185,1.6589988193787781,0.5535277848136313,6732.247775399985,3.726435019534397,69.22894698262583,0.0,0.0,nan,nan,3426.0,1.0,26.53754284399528,1970.9157963727832,301.35366938438216,1.0613278359816165,0.796915566323534,3762.913631760767,6.657174172855268,224.15622380581124,1243.3752254080678,176.16206318600234,0.4496474920997792,0.19489772261071792,4685.175058095152,4.5728826038231,122.78111428856833,0.0,107.35568244178825,nan,nan,5875.62,1.0,15.473706908126772
40d38m55pt57108047s-21d32m25pt76496246s,40.64876974457417,-21.540490267348623,0.3139852199548101,3.026556432402758,0,0,0,7.420566477215402,0.018152763666069025,7.87687245789873,0.00027934614408568623,5.665385047344171,0.09614644490714076,81.4829025883207,13.020744867014576,0.314,BLANK,1733.9322610791482,177.23443570015974,0.6959153539793611,0.19440544480540864,5005.064036252813,6.851435288502817,173.30147062449112,1669.618659707347,302.80853437625103,0.6376286562217127,0.32098203530662067,4957.766278407723,9.99923566878981,256.08064588829484,27719.587913711282,434.261707900267,13.823393701055156,1.0915386938431801,3725.18309902483,2.915105402199064,96.6883862483842,36438.02997421865,609.7288922139738,18.206446864787047,1.5325843068773157,3727.96052140607,2.915105402199064,96.61604148579632,24273.375031986445,2191.778707026918,8.656350480219686,1.4975023939262713,6561.325435600125,3.118070197751831,58.942725842418525,11925.256314288446,140.23062341411782,4.543288700701922,0.15328909440597663,4860.287518880781,3.1067842886947896,79.26940416197337,6116.012453581818,186.0197304920252,2.353633070441653,0.2536590334829776,4339.412999460246,3.292251878570937,94.35714385392318,2603.135776956864,127.38413650758248,0.9368066992340731,0.18323512167896627,4101.044129476825,2.0593899402813047,60.113840401741804,517.0472404520834,21307169.736523073,0.23868923913804005,42350.84459072187,3970.0228766881314,0.5950196875360847,nan,3524.7962016001934,258.6891742377686,1.6373557684677786,0.5438563171850378,3888.0372183658924,3.694841643618838,118.76183045875493,0.0,0.0,nan,nan,3837.29863608204,0.622663677443463,nan,1151.2771350290711,247.44368300260524,0.4237095702043955,0.319272066585108,4362.256609393168,2.140030658671765,59.00709664511819,2506.8015191517757,267.0680684719843,1.268223473058487,0.6191592902820904,3868.252824897465,3.402169178151641,109.56084272729002,21717.6406563399,2790.7302368717615,8.365142539568525,2.0526598151977207,6582.01661233107,3.4508464739593165,65.3447873671794,3826.5621793151927,2212.7742135096673,1.4354323986889133,1.5940261686785704,6546.672411828584,2.3720840573398516,44.065285903812935,4476.422163359501,595.0363210816532,2.160398565435861,0.5373248658511922,6714.149417239905,2.3235144812070008,41.996002158206956,6590.061126896525,684.6105554663555,3.276634159366813,0.6354479700654656,6729.409871231716,3.4624686500064263,64.13855469148422,0.0,0.0,nan,nan,3426.0,1.0,26.53754284399528,0.0,0.0,nan,nan,3760.6784655902466,5.245512140188813,176.0196609475462,758.43442052417,87.24127301034085,0.2698246145793023,0.09496844618878113,4684.759252704211,2.1302057544524837,54.66364890947216,1203.8963861120276,203.9895473314376,0.5728277442753958,0.21105223832419723,5874.911031044414,1.789143093049402,35.67604319485096
STACK,0.0,0.0,0.3134588467235419,nan,0,0,0,10.905094692058652,0.1698200269786797,7.321281006872324,0.0031519439757581587,8.84523604948237,13141.352287406577,128.70977573041537,18.19675476435467,0.314,BLANK,48125.20623643258,683.279724399015,2.899710575544154,0.11245556102725737,5006.742694145802,7.634411324494989,193.30430684032183,17923.82004744905,684.6375607164091,1.048630341888539,0.11114975987569002,4958.503447273189,7.976783484828018,203.9979763941966,357468.2953912623,628126167.6582276,23.9413471468904,211681.50192253914,3727.6052060361912,6.038854739044867,204.94330305042544,174875.66813678946,629153755.1180785,11.710175760708578,212027.80377725884,3727.3510818997515,6.038854739044867,204.78995914658705,128217.8159743808,13588.543409568905,6.3817658625163896,1.2955152679884343,6562.610549012469,5.062270360073023,97.25835375205041,67651.4438353459,526.7281208312943,4.020075572014871,0.08977806198911004,4861.205772782684,4.584704743760672,118.6580611811804,27445.512502892594,776.609690047179,1.5456809327511438,0.1549230557043044,4340.179352353829,3.8202694785559776,110.15530955892605,5105.48444006745,507.2195297027377,0.2710756037601624,0.10759631073429143,4101.858240612979,2.261366099772378,66.74124947292073,0.0,0.0,nan,nan,3970.148601429122,0.4999617834394905,nan,622.9513143167081,2291.1647546598206,0.03677026484947665,0.6118071420927463,3888.705130414845,0.4999617834394905,nan,0.0,0.0,nan,nan,3835.489162436521,0.4999617834394905,nan,13381.75183946183,2639.3333186880545,0.7373567563843368,0.5090527075304818,4365.703422827531,9.046872704193651,263.1791046832041,40527.621676603536,1087.1759983132838,2.628039081905958,0.3229813182443296,3868.6444508034783,7.504594896991589,245.87933020397844,130749.89235217155,17962.305605127887,7.15167141278158,1.875795031636904,6583.200430295389,5.641211826069893,108.24611141575149,11879.794357751745,12696.089323984093,0.6489371220304958,1.331524682668493,6548.090753630306,3.280545069707101,62.3129036578284,55964.550935250925,4822.764358303322,4.212243939802279,0.6790311963557767,6715.643085179359,5.082363223773466,95.41808782298517,29237.34327569183,5513.162045654364,2.126170553158694,0.7481943667779425,6731.637331352806,3.900733740075485,72.58273456886894,0.0,0.0,nan,nan,3426.0,1.0,26.53754284399528,0.0,0.0,nan,nan,3758.1055563849454,0.4999617834394905,nan,6628.208479132596,441.54376690686775,0.3673907536473235,0.074872950953864,4685.2067021698185,5.760540239876909,155.3542763046581,15738.9503444287,3648.829864647392,1.2013014688310373,0.6057949502545756,5873.303391736269,9.99923566878981,216.12712798001303
44d16m49pt4645361s-23d26m27pt69314013s,44.2804068155829,-23.441025872258386,0.4951022556175857,31.370450478747966,0,0,0,10.239529240665316,0.05676527134953277,8.067744789006722,0.009333751794626708,7.89063147525675,4.2011066994105075,53.25743500657049,14.237126314344508,0.5049,BLANK,7742.446811484215,99.65405248102806,206.30202984006593,7.252805569051758,5006.846405405306,2.1719524175378706,52.27990279806756,3162.80182911192,123.11607722792718,55.28390897127721,5.97073779344083,4958.986365120646,2.2179362171972667,54.03080168164682,7097.368412291278,6944.734380614471,45.54994844377646,224.38818129356721,3726.850396324751,3.539710757490191,118.55552539236747,2379.8252629332083,8270.028126450987,15.255941542441995,267.2091499598566,3725.2137270635953,3.539710757490191,118.46681906815643,0.0,0.0,nan,nan,6562.8,1.0,13.853480493619768,2583.11928262464,133.9558170243826,70.77747890841871,10.52782001000209,4861.2079342346715,2.1742574258168466,53.908515020997854,0.0,0.0,nan,nan,4342.105770125937,1.4326771860148357,36.664529528281335,405.62495780473404,156539.69651858942,3.403344920385908,5249.249953072633,4101.250457229964,0.4999617834394905,nan,199.80719712852436,199.75632125677686,1.1887133415831954,5.113770798550813,3971.030409631759,0.4999617834394905,nan,0.0,0.0,nan,nan,3887.808991487602,1.16649631244226,30.54611701667917,0.0,0.0,nan,nan,3833.868829238748,7.1071942717776455,234.76521831517556,84.16733159210169,108.57310159880076,0.6412645484257148,2.8999386665399114,4362.3723060726825,0.4999617834394905,nan,1570.9676224829097,142.4649680020096,25.50369306635988,10.591399985439315,3869.325851831243,1.260147270053369,34.48162904926396,0.0,0.0,nan,nan,6583.45,1.0,13.810026928666252,0.0,0.0,nan,nan,6548.05,1.0,13.88468655302385,0.0,0.0,nan,nan,6716.44,1.0,13.536579167464883,0.0,0.0,nan,nan,6730.82,1.0,13.507659064352907,1857.0213193401798,29753094.803290956,15.732420855592443,1606359.8400134947,3424.658087618361,0.5093163723466402,nan,1589.9470551990705,221.79749773746622,19.929318332319916,13.68022869959686,3759.965882074978,3.12396373291976,103.08490503393453,69.57813434934818,179.26046714712683,0.7340310339463224,5.78000153282456,4687.709364255893,0.4999617834394905,nan,13.183130833083114,332.76892076708265,0.23701110189027152,13.005337791138908,5876.19170648626,0.4999617834394905,nan
STACK,0.0,0.0,0.4951022556175857,nan,0,0,0,10.281029666816595,0.06519787428725138,8.056729245615387,0.008332412410251549,7.89063147525675,4.2011066994105075,53.25743500657049,14.237126314344508,0.5049,BLANK,7742.446811484215,99.65405248102806,206.30202984006593,7.252805569051758,5006.846405405306,2.1719524175378706,52.27990279806756,3162.80182911192,123.11607722792718,55.28390897127721,5.97073779344083,4958.986365120646,2.2179362171972667,54.03080168164682,7097.368412291278,6944.734380614471,45.54994844377646,224.38818129356721,3726.850396324751,3.539710757490191,118.55552539236747,2379.8252629332083,8270.028126450987,15.255941542441995,267.2091499598566,3725.2137270635953,3.539710757490191,118.46681906815643,0.0,0.0,nan,nan,6562.8,1.0,13.853480493619768,2583.11928262464,133.9558170243826,70.77747890841871,10.52782001000209,4861.2079342346715,2.1742574258168466,53.908515020997854,0.0,0.0,nan,nan,4342.105770125937,1.4326771860148357,36.664529528281335,405.62495780473404,156539.69651858942,3.403344920385908,5249.249953072633,4101.250457229964,0.4999617834394905,nan,199.80719712852436,199.75632125677686,1.1887133415831954,5.113770798550813,3971.030409631759,0.4999617834394905,nan,0.0,0.0,nan,nan,3887.808991487602,1.16649631244226,30.54611701667917,0.0,0.0,nan,nan,3833.868829238748,7.1071942717776455,234.76521831517556,84.16733159210169,108.57310159880076,0.6412645484257148,2.8999386665399114,4362.3723060726825,0.4999617834394905,nan,1570.9676224829097,142.4649680020096,25.50369306635988,10.591399985439315,3869.325851831243,1.260147270053369,34.48162904926396,0.0,0.0,nan,nan,6583.45,1.0,13.810026928666252,0.0,0.0,nan,nan,6548.05,1.0,13.88468655302385,0.0,0.0,nan,nan,6716.44,1.0,13.536579167464883,0.0,0.0,nan,nan,6730.82,1.0,13.507659064352907,1857.0213193401798,29753094.803290956,15.732420855592443,1606359.8400134947,3424.658087618361,0.5093163723466402,nan,1589.9470551990705,221.79749773746622,19.929318332319916,13.68022869959686,3759.965882074978,3.12396373291976,103.08490503393453,69.57813434934818,179.26046714712683,0.7340310339463224,5.78000153282456,4687.709364255893,0.4999617834394905,nan,13.183130833083114,332.76892076708265,0.23701110189027152,13.005337791138908,5876.19170648626,0.4999617834394905,nan
47d13m45pt18308447s26d45m29pt90595372s,47.22921752346435,26.7583072093658,0.6779095026452062,38.79297836251681,0,0,0,6.653480256260634,0.10098469472573778,6.056278026921996,0.01751520324643206,39.55326169537825,14561.50391414715,84.10828322488675,22.033804889166014,0.356,BLANK,1903.8230630662592,112.81851621281845,10.87420267859799,1.7600772118092716,5006.88420213588,0.832146754503136,11.441361275536712,0.0,0.0,nan,nan,4959.421297867051,7.01306071182736,179.14723538703328,6523.142074160883,868.076405758727,24.981721054995354,16.82815568598986,3719.091483732199,9.99923566878981,340.8133793077146,0.0,0.0,nan,nan,3729.4132517107064,2.3060221295395067,75.01764197590259,0.0,0.0,nan,nan,6562.8,1.0,13.853480493619768,213.05360862848443,78435.52464422704,1.4567384556084277,1537.331713443004,4862.951633275351,0.4999617834394905,nan,0.0,0.0,nan,nan,4339.957923878892,0.9609913316731375,19.31185292501701,2077.5517081176376,357.03451681700153,14.413362993837511,9.891015085171915,4102.835879583726,6.3516376733855235,195.9422361941327,0.0,0.0,nan,nan,3972.488743406043,2.182738031169265,66.29770930352663,0.0,0.0,nan,nan,3890.0919399932213,5.946984059191364,193.3238905286931,0.0,0.0,nan,nan,3835.402980429261,3.3942077525475556,110.2434495274108,1.0967134238170682,322.73101099881274,0.006098702602242937,6.292433923746185,4362.070066207672,0.4999617834394905,nan,250.7972123585962,3698.5423319573365,1.6893757387133135,114.15034699965256,3868.4763363452,0.4999617834394905,nan,0.0,0.0,nan,nan,6583.45,1.0,13.810026928666252,0.0,0.0,nan,nan,6548.05,1.0,13.88468655302385,0.0,0.0,nan,nan,6716.44,1.0,13.536579167464883,0.0,0.0,nan,nan,6730.82,1.0,13.507659064352907,1864.6141857977357,387384.297523274,6.384863907663675,8439.909644014964,3426.507690381793,0.5441585382424378,nan,2285.6652457674872,196.69322656173696,7.097681958300743,3.006645557133658,3759.4193356914648,2.782985204540202,91.19983264194128,0.0,0.0,nan,nan,4685.961760824882,8.540045978880233,231.25265309068493,0.0,0.0,nan,nan,5875.62,1.0,15.473706908126772
STACK,0.0,0.0,0.6779095026452062,nan,0,0,0,6.603855612091245,0.07868182742170564,6.080036205161366,0.018884731584920583,39.55326169537825,14561.50391414715,84.10828322488675,22.033804889166014,0.356,BLANK,1903.8230630662592,112.81851621281845,10.87420267859799,1.7600772118092716,5006.88420213588,0.832146754503136,11.441361275536712,0.0,0.0,nan,nan,4959.421297867051,7.01306071182736,179.14723538703328,6523.142074160883,868.076405758727,24.981721054995354,16.82815568598986,3719.091483732199,9.99923566878981,340.8133793077146,0.0,0.0,nan,nan,3729.4132517107064,2.3060221295395067,75.01764197590259,0.0,0.0,nan,nan,6562.8,1.0,13.853480493619768,213.05360862848443,78435.52464422704,1.4567384556084277,1537.331713443004,4862.951633275351,0.4999617834394905,nan,0.0,0.0,nan,nan,4339.957923878892,0.9609913316731375,19.31185292501701,2077.5517081176376,357.03451681700153,14.413362993837511,9.891015085171915,4102.835879583726,6.3516376733855235,195.9422361941327,0.0,0.0,nan,nan,3972.488743406043,2.182738031169265,66.29770930352663,0.0,0.0,nan,nan,3890.0919399932213,5.946984059191364,193.3238905286931,0.0,0.0,nan,nan,3835.402980429261,3.3942077525475556,110.2434495274108,1.0967134238170682,322.73101099881274,0.006098702602242937,6.292433923746185,4362.070066207672,0.4999617834394905,nan,250.7972123585962,3698.5423319573365,1.6893757387133135,114.15034699965256,3868.4763363452,0.4999617834394905,nan,0.0,0.0,nan,nan,6583.45,1.0,13.810026928666252,0.0,0.0,nan,nan,6548.05,1.0,13.88468655302385,0.0,0.0,nan,nan,6716.44,1.0,13.536579167464883,0.0,0.0,nan,nan,6730.82,1.0,13.507659064352907,1864.6141857977357,387384.297523274,6.384863907663675,8439.909644014964,3426.507690381793,0.5441585382424378,nan,2285.6652457674872,196.69322656173696,7.097681958300743,3.006645557133658,3759.4193356914648,2.782985204540202,91.19983264194128,0.0,0.0,nan,nan,4685.961760824882,8.540045978880233,231.25265309068493,0.0,0.0,nan,nan,5875.62,1.0,15.473706908126772
51d42m11pt67972359s-0d44m11pt90717545s,51.70324436766274,-0.7366408820690522,0.3254948479519506,33.77358759422057,0,0,0,7.357832984048031,0.03671720204325555,7.080361548113447,0.0006740417690734615,2.8119036926010614,0.09464691579725132,87.01968676506563,16.26268393562696,0.25,BLANK,5665.6367279399965,196.05539697917092,2.793046178314256,0.2639849289944672,5006.952307652673,4.098521633492029,102.68287352690034,1839.6482975802699,206.54118250478254,0.8496650974609679,0.26469679682538094,4958.6904410289635,3.8215075069334374,96.44963147572619,17681.087770923663,775.0348731447925,8.126408807111446,1.7941174090583083,3726.2367273214545,2.871838247748972,95.16478306033449,18158.602798043044,946.2150280581658,8.361567159620902,2.19037996014742,3728.9275791953414,2.871838247748972,95.09357829723561,51080.627333105724,2234.669378227441,23.479233467434923,1.9676246544176077,6562.261872268804,4.338121516159718,83.05135624411027,15414.815133441532,264.0973794334913,7.833370278454606,0.3849785731044462,4860.971180538942,3.6460833440777667,93.70859261825474,4939.509156607085,241.38950116005964,2.1358049345426675,0.36971443715771624,4340.152372706738,2.8085949240275454,79.77933544438926,417.1736343238206,416.7413815462997,0.16293534555540792,0.650663807679472,4100.826717619395,0.4999617834394905,nan,0.0,0.0,nan,nan,3970.0639537587,0.4999617834394905,nan,0.0,0.0,nan,nan,3888.616762261693,4.9062365657332485,158.96477238862954,0.0,0.0,nan,nan,3835.4589032054864,1.961639922614579,60.826759105614094,1350.517506851302,228.63083001320274,0.5406719143755085,0.32080974291355585,4362.838566069328,1.6865903761324268,44.77279873247705,5421.65833770406,780.7605562927388,2.18998783122151,1.4463085675344005,3867.0578177267766,9.99923566878981,328.2406140748108,11908.261367722107,4397.162561593466,4.277843922438677,3.0158463075419797,6583.156478848885,3.243525656298573,61.244886486904235,0.0,0.0,nan,nan,6547.3901749843835,0.4999617834394905,nan,7018.485935290796,480.55959569335084,4.444238629286673,0.5692360129357797,6715.673990194879,3.8029651850810517,70.85354523543234,1993.4850192189176,482.81622549071665,1.1846760978796194,0.5354759486831656,6731.359918233363,1.5885094191236486,26.971330610729744,0.0,0.0,nan,nan,3426.0,1.0,26.53754284399528,0.0,0.0,nan,nan,3758.584542584991,2.1436830005567957,68.60434878316045,0.0,0.0,nan,nan,4685.2527536340085,0.4999617834394905,nan,2672.644839802264,334.50994033875696,1.6647578080043952,0.4531065128954135,5874.539481176489,7.437060476576272,160.42729960754247
STACK,0.0,0.0,0.3254948479519506,nan,0,0,0,7.424585456996645,0.04099079281483692,7.0816010973138654,0.00068849310761552,2.8119036926010614,0.09464691579725132,87.01968676506563,16.26268393562696,0.25,BLANK,5665.6367279399965,196.05539697917092,2.793046178314256,0.2639849289944672,5006.952307652673,4.098521633492029,102.68287352690034,1839.6482975802699,206.54118250478254,0.8496650974609679,0.26469679682538094,4958.6904410289635,3.8215075069334374,96.44963147572619,17681.087770923663,775.0348731447925,8.126408807111446,1.7941174090583083,3726.2367273214545,2.871838247748972,95.16478306033449,18158.602798043044,946.2150280581658,8.361567159620902,2.19037996014742,3728.9275791953414,2.871838247748972,95.09357829723561,51080.627333105724,2234.669378227441,23.479233467434923,1.9676246544176077,6562.261872268804,4.338121516159718,83.05135624411027,15414.815133441532,264.0973794334913,7.833370278454606,0.3849785731044462,4860.971180538942,3.6460833440777667,93.70859261825474,4939.509156607085,241.38950116005964,2.1358049345426675,0.36971443715771624,4340.152372706738,2.8085949240275454,79.77933544438926,417.1736343238206,416.7413815462997,0.16293534555540792,0.650663807679472,4100.826717619395,0.4999617834394905,nan,0.0,0.0,nan,nan,3970.0639537587,0.4999617834394905,nan,0.0,0.0,nan,nan,3888.616762261693,4.9062365657332485,158.96477238862954,0.0,0.0,nan,nan,3835.4589032054864,1.961639922614579,60.826759105614094,1350.517506851302,228.63083001320274,0.5406719143755085,0.32080974291355585,4362.838566069328,1.6865903761324268,44.77279873247705,5421.65833770406,780.7605562927388,2.18998783122151,1.4463085675344005,3867.0578177267766,9.99923566878981,328.2406140748108,11908.261367722107,4397.162561593466,4.277843922438677,3.0158463075419797,6583.156478848885,3.243525656298573,61.244886486904235,0.0,0.0,nan,nan,6547.3901749843835,0.4999617834394905,nan,7018.485935290796,480.55959569335084,4.444238629286673,0.5692360129357797,6715.673990194879,3.8029651850810517,70.85354523543234,1993.4850192189176,482.81622549071665,1.1846760978796194,0.5354759486831656,6731.359918233363,1.5885094191236486,26.971330610729744,0.0,0.0,nan,nan,3426.0,1.0,26.53754284399528,0.0,0.0,nan,nan,3758.584542584991,2.1436830005567957,68.60434878316045,0.0,0.0,nan,nan,4685.2527536340085,0.4999617834394905,nan,2672.644839802264,334.50994033875696,1.6647578080043952,0.4531065128954135,5874.539481176489,7.437060476576272,160.42729960754247
59d42m42pt61298438s-29d55m42pt69872441s,59.71183694010491,-29.928527423446457,0.7671875867716398,28.587611887816568,0,0,0,9.491560335848146,0.019945229073580317,8.158389536567105,0.0006361110447343791,8.68381075481272,0.4511774417638869,74.25149255637088,21.554237019059627,0.425,BLANK,7091.889116921416,119.68665860660658,79.22688598972516,3.652129746027253,5006.817862621904,2.2534272403086937,54.463790318814404,1634.581200383247,99.132226187519,28.766120509030223,4.840092126953928,4959.142709656893,1.5702743223344313,36.086437167876554,2650.783436944051,96.20564317234667,300.99767750491685,55.020704492673715,3726.247363624957,1.8317642832863616,57.8370665936915,3055.5007300546795,101.07136750198603,347.6240713591459,57.80344749668133,3729.0141498143644,1.8317642832863616,57.79379139783962,0.0,0.0,nan,nan,6562.8,1.0,13.853480493619768,1662.0300570581303,82.93551051396213,43.780481327364534,6.266034545755584,4861.311141777024,2.1132988493831864,52.21951245715509,973.3819579200967,73.69580249782574,114.71436609111316,30.75772949786684,4340.610038382721,1.4988317859144356,38.873253682547954,300.7983294926495,52.87410667726951,31.95336404099715,22.41406703196859,4104.0260094786945,1.1497309587506723,28.309134042979046,151.8409170060359,78.35940267733442,3.174551310130357,7.056604436892813,3969.332985391489,0.4999617834394905,nan,0.0,0.0,nan,nan,3887.932157755506,6.106410307926175,198.57835085382376,0.0,0.0,nan,nan,3836.4136149552637,6.550749084144526,216.1969136629274,156.55567839500446,66.86033091107599,11.767094280272586,17.611359884928046,4363.113227958657,0.8472043924222771,13.924868171165047,35.36202105762836,189.84277042464086,1.4104424107172246,34.7351476070752,3866.610256489236,0.4999617834394905,nan,0.0,0.0,nan,nan,6583.45,1.0,13.810026928666252,0.0,0.0,nan,nan,6548.05,1.0,13.88468655302385,0.0,0.0,nan,nan,6716.44,1.0,13.536579167464883,0.0,0.0,nan,nan,6730.82,1.0,13.507659064352907,0.0,0.0,nan,nan,3427.236801117182,9.99923566878981,370.65991701749095,784.8774962677302,65.49600890235264,55.453533033451656,22.77127579411088,3759.9042976574246,2.443272129562318,79.25902368184516,1327.8371866508937,644.507713769956,77.04376472134813,114.78876313425522,4676.482170256652,9.99923566878981,271.0131455203778,0.0,0.0,nan,nan,5875.62,1.0,15.473706908126772
STACK,0.0,0.0,0.7671875867716398,nan,0,0,0,9.510485701930174,0.021679655712352437,8.15890659841633,0.0006007388473122698,8.68381075481272,0.4511774417638869,74.25149255637088,21.554237019059627,0.425,BLANK,7091.889116921416,119.68665860660658,79.22688598972516,3.652129746027253,5006.817862621904,2.2534272403086937,54.463790318814404,1634.581200383247,99.132226187519,28.766120509030223,4.840092126953928,4959.142709656893,1.5702743223344313,36.086437167876554,2650.783436944051,96.20564317234667,300.99767750491685,55.020704492673715,3726.247363624957,1.8317642832863616,57.8370665936915,3055.5007300546795,101.07136750198603,347.6240713591459,57.80344749668133,3729.0141498143644,1.8317642832863616,57.79379139783962,0.0,0.0,nan,nan,6562.8,1.0,13.853480493619768,1662.0300570581303,82.93551051396213,43.780481327364534,6.266034545755584,4861.311141777024,2.1132988493831864,52.21951245715509,973.3819579200967,73.69580249782574,114.71436609111316,30.75772949786684,4340.610038382721,1.4988317859144356,38.873253682547954,300.7983294926495,52.87410667726951,31.95336404099715,22.41406703196859,4104.0260094786945,1.1497309587506723,28.309134042979046,151.8409170060359,78.35940267733442,3.174551310130357,7.056604436892813,3969.332985391489,0.4999617834394905,nan,0.0,0.0,nan,nan,3887.932157755506,6.106410307926175,198.57835085382376,0.0,0.0,nan,nan,3836.4136149552637,6.550749084144526,216.1969136629274,156.55567839500446,66.86033091107599,11.767094280272586,17.611359884928046,4363.113227958657,0.8472043924222771,13.924868171165047,35.36202105762836,189.84277042464086,1.4104424107172246,34.7351476070752,3866.610256489236,0.4999617834394905,nan,0.0,0.0,nan,nan,6583.45,1.0,13.810026928666252,0.0,0.0,nan,nan,6548.05,1.0,13.88468655302385,0.0,0.0,nan,nan,6716.44,1.0,13.536579167464883,0.0,0.0,nan,nan,6730.82,1.0,13.507659064352907,0.0,0.0,nan,nan,3427.236801117182,9.99923566878981,370.65991701749095,784.8774962677302,65.49600890235264,55.453533033451656,22.77127579411088,3759.9042976574246,2.443272129562318,79.25902368184516,1327.8371866508937,644.507713769956,77.04376472134813,114.78876313425522,4676.482170256652,9.99923566878981,271.0131455203778,0.0,0.0,nan,nan,5875.62,1.0,15.473706908126772
61d04m16pt35854086s-27d02m41pt28837823s,61.071210705793774,-27.044802327285677,0.6031842847232971,39.06373648032912,0,0,0,nan,nan,8.78101009820214,0.003967846238701661,10.341838797502103,11340.462943013228,58.57455477563126,22.230619947413352,nan,BLANK,3205.2580196042213,3152411.3417693814,44.532317350434056,119624.77954618762,5006.987734985676,0.4999617834394905,nan,571.2151835914314,6935477.28496268,9.285129767326634,312538.8807544984,4961.399550905352,0.4999617834394905,nan,692.3801281328833,295.3147074898893,2.3197388724087222,4.988444120399578,3724.768671522962,1.2103059183741345,33.735208201693105,2478.594528178293,853.2563522444987,8.328113678220268,14.4131718657913,3728.879646623303,1.2103059183741345,33.70996664246452,0.0,0.0,nan,nan,6562.8,1.0,13.853480493619768,671.7807147781947,400.8012551800399,6.783016149291313,11.610270278367429,4860.603056227189,0.4999617834394905,nan,126.85239127226913,264.3433695012077,0.9190867768421803,6.778543971424091,4341.920661887175,0.4999617834394905,nan,0.0,0.0,nan,nan,4104.395946467225,0.4999617834394905,nan,1010.0727424278343,1950973.992395636,4.858264571150726,40413.67122978416,3969.5771715679243,0.4999617834394905,nan,0.0,0.0,nan,nan,3889.5422916697335,4.310490119676448,139.23278844240912,0.0,0.0,nan,nan,3837.4830885126185,9.99923566878981,331.09476865566154,0.0,0.0,nan,nan,4364.221923425311,2.126190227304571,58.57958440141044,1600.7985453459164,164.7847451782248,10.594241407931051,4.993992043165115,3869.3687261915047,1.387578472792532,39.42528604016798,0.0,0.0,nan,nan,6583.45,1.0,13.810026928666252,0.0,0.0,nan,nan,6548.05,1.0,13.88468655302385,0.0,0.0,nan,nan,6716.44,1.0,13.536579167464883,0.0,0.0,nan,nan,6730.82,1.0,13.507659064352907,685.7734842049227,448.3791650003593,2.9512788464534774,12.291451001556176,3425.1972995363785,0.4999617834394905,nan,0.0,0.0,nan,nan,3759.6272682669273,4.741235477290717,158.7745801354079,21.617118179425287,310.9316084000453,0.6916042889976968,30.425860249810107,4685.812154327972,0.4999617834394905,nan,0.0,0.0,nan,nan,5875.62,1.0,15.473706908126772
61d04m18pt82674285s-27d03m14pt28849662s,61.071896317457764,-27.05396902683838,0.28004886932206263,23.541447199440118,0,0,0,nan,nan,7.350531359099889,0.00595752191197384,3.994431046067337,0.7310885567431961,88.0230601352226,18.933269294417183,nan,BLANK,1223.1404368552253,230.29012791203144,7.808672032282312,4.014140948782739,5008.053720994064,3.591261692624467,89.56440944718564,755.2056992556082,225.8889686955428,3.971908494707358,3.2961790640730753,4959.018821735053,1.5331666357464009,35.01896072037382,2388.1406736784943,508.20959991167985,3.512433434262043,3.7696699784056755,3724.351396080009,1.2603546601274576,35.81091768860899,3929.940588264719,714.2108231050718,5.795759934502471,5.297694294990667,3728.228615923316,1.2603546601274576,35.78412302961466,1911.824847883313,1866.933838501404,29.866463628603196,55.865973757781006,6562.52958509123,0.9769824416248871,13.22099639679343,2076.9985267919897,299.720351333178,8.897576598113591,3.6843332235783723,4860.014908685157,2.407826385021602,60.333443054849354,2808.2021740795526,520.4553084819885,8.180953216609344,5.3726359994661035,4339.376151494719,5.588552003182803,162.62700677621936,4926.126660330342,510.211918702837,26.427557789347958,10.943365602699139,4100.584289181698,4.936968521879128,151.6862913879913,7945.218207149052,2903.8201033555456,15.043933917714353,23.61635908924015,3974.0965576233966,9.99923566878981,319.8627926142355,2838.4695127122536,117773.3303570223,11.757634873839192,2210.880543500862,3885.8816262226765,0.7831391126196271,11.495079306268972,0.0,0.0,nan,nan,3835.495700070163,3.237770123228036,104.93095726704028,2847.5349430823208,498.6371950193106,9.51448131608866,5.8356076318171235,4364.3009265574465,5.143740130036355,148.68824555713869,0.0,0.0,nan,nan,3868.828244571218,5.560741370209799,181.5333621475671,1419.8578112284217,75488.72540465585,34.1757468157121,3467.0896324606647,6586.8029518757985,0.7283773604831673,3.893291440824885,304.7410698216836,6.673037149824568e+75,3.157203591964462,1.3270647493888707e+74,6549.362914840471,0.4999617834394905,nan,0.0,0.0,nan,nan,6716.878994131241,0.4999617834394905,nan,0.0,0.0,nan,nan,6730.740183363415,3.729616627382083,69.29021526500516,0.0,0.0,nan,nan,3426.0,1.0,26.53754284399528,0.0,0.0,nan,nan,3758.793245220349,7.552758561134216,254.62873900876613,1559.8745441685596,7316.650349626312,12.326726412922147,176.85521498595386,4685.6360969093,0.8834980014809206,14.645856752298917,0.0,0.0,nan,nan,5873.407943858576,5.991505550865881,128.9320321348972
61d04m21pt74797642s-27d02m38pt88862205s,61.072707771228536,-27.044135728346195,0.303106956102156,37.74241526714928,0,0,0,nan,nan,7.971604931211546,0.00016787826780783905,7.184250837284909,0.44529187114678304,80.81249972161935,15.294249863911356,nan,BLANK,4639.478774776692,240.84041479204112,3.126748544835743,0.44334555181821644,5006.822002833528,2.1813936794053026,52.533436217685946,2765.9583982783897,213.2557694779449,1.7980086998422875,0.38438956546264647,4960.806817654945,3.3789322568218605,84.86543950431175,18605.837211651175,1250.9105962118904,12.761814783159544,4.324197052252061,3725.3270704236456,2.71630289960814,89.67527222944108,27100.066831079283,1706.350164262008,18.62894921492527,5.898578501737901,3728.4757223597267,2.71630289960814,89.60817486096522,22695.556161873912,664.8098595003687,20.43157493470811,1.146530437564833,6561.888870737467,3.1368707236233373,59.3169262285073,7392.745940905582,348.17572532511844,4.872530055543837,0.6583082442628195,4860.839716502801,2.567077324290874,64.67980988163558,317.86432988626956,1465.4547424791292,0.1464181191717118,2.389911032021078,4341.202730428653,0.4999617834394905,nan,0.0,0.0,nan,nan,4101.6236045021105,4.024864168353687,123.02051123410095,0.0,0.0,nan,nan,3967.5324509573047,9.99923566878981,319.8627926142355,238.00739133195754,1.674503989482162e+123,0.08517247838988168,2.711155303805708e+120,3888.5437589523276,0.4999617834394905,nan,0.0,0.0,nan,nan,3835.632691672702,2.6667290951958442,85.413923638783,3029.630303990786,466.58656875275443,1.3716547866001922,0.740334588177494,4363.030339544758,4.003404397454019,115.01219570771268,2677.866773996111,432.6769207504224,0.9416126942511917,0.6967077660700769,3869.347174181295,1.8358963037803178,55.85054315626374,3979.1038006508184,1985.519610917474,2.816707266631034,2.6836520552648704,6582.6400808020235,2.575616474571522,47.93226813347278,0.0,0.0,nan,nan,6544.651546607579,0.4999617834394905,nan,3834.436904903795,569.6417669561922,3.5218151954113,0.9787281682538395,6715.610849742516,3.3580441463049038,62.25343473956314,1499.69706474876,499.76687445967127,1.3256599698084135,0.824548690320501,6730.607437134145,2.0628946957460386,36.703570936240176,0.0,0.0,nan,nan,3426.0,1.0,26.53754284399528,8310.42720945011,855.7260061160149,3.8704381254846565,1.9669953864549126,3755.5689654625726,5.136309335711821,172.2880659057494,0.0,0.0,nan,nan,4684.870950189604,3.872021524534359,103.46954730563306,950.9822291049167,196.2347234883469,0.8949762957069975,0.40169073205828626,5873.508444218076,1.4383819206407094,27.22653929409056
61d05m07pt33321354s-27d02m53pt08840245s,61.08537033709344,-27.048080111791975,0.30867044709139013,30.768249251471385,0,0,0,nan,nan,nan,nan,nan,nan,93.98618255303587,14.906232461782862,nan,BLANK,0.0,121.25937829745024,nan,nan,5006.84,1.0,18.158683277981286,0.0,0.0,nan,nan,4962.928726726127,4.6365167646849965,117.6689137556338,2227.3703382382396,710.8089708616533,42.1129932472789,67.67543531972265,3726.5184233275004,2.2291237040339897,72.31140479355888,6698.7082315542475,1691.262376847741,127.03841243754069,161.02345677249025,3730.878030901864,2.2291237040339897,72.25729952181767,7550.034027727089,411.7264220157466,9.813582512706722,1.0245314944745367,6566.067499669679,4.727034687868703,90.6875759460657,0.0,0.0,nan,nan,4862.489567267639,5.153233118689344,133.70372333853228,545.8502169360692,359.60554213944266,0.9529891500850245,2.2241102498382608,4339.930432094022,2.4222329175779986,68.01517386925501,0.0,0.0,nan,nan,4101.8128140664185,3.502606027763049,106.52125515932144,0.0,0.0,nan,nan,3971.934690974321,2.79495562317828,86.77047352531031,0.0,0.0,nan,nan,3893.2430670053127,2.6340684888472365,83.1268872857246,0.0,0.0,nan,nan,3834.887361000956,4.57359361847793,150.02466766216912,2324.4611544507234,433.8860211722184,4.899152080413942,3.200798731352827,4365.801800633137,4.039189600614352,116.07252832547691,0.0,108.56593039212106,nan,nan,3868.75,1.0,23.500516131444996,0.0,0.0,nan,nan,6583.085008986093,3.7850044809090835,71.93144381719436,0.0,0.0,nan,nan,6546.662000574506,8.471398546296966,164.141487935878,1992.1008201764987,449.2901468968449,2.7299263247800023,1.1508624742018496,6720.80521096342,4.859328357294344,91.14788716216614,0.0,0.0,nan,nan,6730.080189920308,7.390335033370776,139.1560809013154,0.0,0.0,nan,nan,3426.0,1.0,26.53754284399528,7754.838991356479,2114.7073445516075,18.170756645504262,24.216669738894645,3770.0,9.99923566878981,337.7342754526394,0.0,0.0,nan,nan,4685.526443083092,3.6824560645330098,98.22819546130881,608.1329414717594,12172058.402583208,0.8707169045497256,37882.54661641857,5876.538712563599,0.5906518582122463,nan
STACK,0.0,0.0,0.37375263930972646,nan,0,0,0,nan,nan,nan,nan,nan,nan,54.96276259076999,12.089939334802102,nan,BLANK,3141.978296518356,3.9694850392055793e+18,1.5057557475099506,5195721717720271.0,5007.027683041766,0.4999617834394905,nan,1870.0104432031872,514.1732942733631,0.8548089414354257,0.6523135506927846,4958.04563439735,3.478044196810753,87.46470645306006,3217.846436344526,454.27245832952934,0.8404434344719046,0.5977282224382051,3725.8931316592643,1.4985085952551562,45.27104434368635,3798.10697164627,480.68924827156457,0.9939777287273189,0.6324872323782751,3728.750806147739,1.4985085952551562,45.23717137215142,0.0,0.0,nan,nan,6562.8,1.0,13.853480493619768,0.0,0.0,nan,nan,4863.009291243842,5.687941451493233,147.82538297055928,0.0,0.0,nan,nan,4340.551798734173,0.9279068611672535,17.86572716293105,2222.541143773814,4491.466148970999,0.7589876608330269,6.126994419041947,4102.169518913696,0.4999617834394905,nan,5042.689622190648,678.1735269137259,1.7531804984977022,1.0146203652794157,3970.9384454362694,3.0983166644694653,96.78600582504927,0.0,0.0,nan,nan,3888.8528878670413,5.757747345221677,187.08433546755415,0.0,0.0,nan,nan,3832.067037163342,0.4999617834394905,nan,0.0,0.0,nan,nan,4364.227937423039,2.909451736447944,82.3985827806121,3307.1118374552175,560.2159401371673,0.9793307284227173,0.7602027297642213,3868.2932651417277,3.1149196865497135,99.88179951920107,0.0,0.0,nan,nan,6583.45,1.0,13.810026928666252,0.0,0.0,nan,nan,6548.05,1.0,13.88468655302385,0.0,0.0,nan,nan,6716.44,1.0,13.536579167464883,0.0,0.0,nan,nan,6730.82,1.0,13.507659064352907,6857.481684295884,754.4438679839797,1.4852703614780143,1.040504325972927,3425.5997018352214,3.0783955057377614,111.39645388780436,1044.575843175387,485.2561039282246,0.26802202646699286,0.6144242536477046,3755.7876557998143,0.4999617834394905,nan,1408.1897826552088,265.72172108894887,0.628725380171334,0.3629236680009039,4685.390670622546,1.597493555446351,39.01514032676649,0.0,0.0,nan,nan,5875.62,1.0,15.473706908126772
61d08m20pt40057355s11d08m22pt22578941s,61.1390001593194,11.139507163725204,0.03261564227282676,41.988281739286066,0,0,0,nan,nan,nan,nan,3.470070736015745,0.05501742201122381,51.53766921065424,13.250369877587621,0.3548,BLANK,40957.51434384267,304.7588688249734,27.468595781194164,0.558268867921496,5006.857878234364,2.6581219759418087,65.2029687340598,14343.806402050717,273.6588072584029,8.934694464506252,0.47293485625412995,4959.054928264803,2.6230744554356296,64.90002112634625,0.0,0.0,nan,nan,3726.03,1.0,24.400668213494743,0.0,0.0,nan,nan,3728.82,1.0,24.382410999599827,44679.35869470107,350.340180189926,39.64137123227597,0.5953718640320721,6562.906849678539,2.671203281266651,50.007136490240725,15936.655173026555,223.40810609462872,10.690119554197045,0.4298161198362511,4861.391763366293,2.405244393806205,60.26276914912267,0.0,0.0,nan,nan,4340.46,1.0,20.94654063936261,0.0,0.0,nan,nan,4101.73,1.0,22.16567686891332,0.0,0.0,nan,nan,3970.08,1.0,22.900702702093618,0.0,0.0,nan,nan,3889.06,1.0,23.37778840736009,0.0,0.0,nan,nan,3835.4,1.0,23.704860453545347,0.0,0.0,nan,nan,4363.21,1.0,20.83732430562082,0.0,0.0,nan,nan,3868.75,1.0,23.500516131444996,0.0,0.0,nan,nan,6583.8478771559,0.4999617834394905,nan,0.0,0.0,nan,nan,6547.408214126451,9.99923566878981,193.93267853817915,5910.773598873278,472.41506377096573,5.293653414166637,0.7913514325692379,6716.54371262843,2.4603237682565973,44.70806819161778,3282.19788729005,632.6538563838957,2.7732838615728905,0.9977145580879438,6730.756319290865,1.9498624903983373,34.4221338110383,0.0,0.0,nan,nan,3426.0,1.0,26.53754284399528,0.0,0.0,nan,nan,3760.0,1.0,24.18021855944889,4807.161136882366,1080.236029997798,2.887667548356798,1.9869438463655245,4682.875384690307,9.99923566878981,271.0131455203778,2006.8512281721128,242.55935177699826,1.6451624617399554,0.43227026408125574,5876.02965120636,4.323591131779244,92.44555094853092
61d08m12pt85847736s11d08m18pt02581718s,61.13690513260126,11.138340504772234,0.21463788655286287,37.0664479959913,0,0,0,18.100327163720976,0.07677701661902973,nan,nan,0.574246273738095,5473.598345019098,71.43358483218613,18.445343735990217,0.3548,BLANK,1034.571835945539,128.16128297319315,0.49682752125516444,0.1681038204946118,5006.918074224557,1.534888846689933,34.73294106921971,1114.6784144335309,20486214.97600264,0.5230582824743457,26676.53477364756,4958.425388146873,0.642305963886116,nan,0.0,0.0,nan,nan,3726.03,1.0,24.400668213494743,0.0,0.0,nan,nan,3728.82,1.0,24.382410999599827,27233.763984934925,1103.0682891090855,12.18912065645473,0.9457258999222992,6562.306763721753,3.003807892869532,56.66581857620247,3742.7326021436415,258.769764089772,1.951000287075269,0.3869245957266831,4861.088988020461,2.341141142591341,58.50582808639238,2050.6366264855415,32642625.639736466,1.0649068170813532,60024.02651525509,4340.903928246822,0.6254323613947554,nan,0.0,0.0,nan,nan,4102.87497181131,6.748111576951389,208.31900570035614,0.0,0.0,nan,nan,3970.535747434935,4.133315495402862,130.63006707806923,0.0,0.0,nan,nan,3879.06,9.99923566878981,326.52642944617054,0.0,0.0,nan,nan,3835.4,1.0,23.704860453545347,1686.6166189460484,210.11489876519158,0.8834251523100252,0.38594530118014014,4361.663060163312,1.7933181499092865,48.17469692004425,0.0,0.0,nan,nan,3868.75,1.0,23.500516131444996,6018.922032728389,2233.5872169426293,2.3417460564371972,1.6591511658728029,6583.129479610552,2.0264681464973813,36.775455801502815,395.0600561424403,0.0,0.15690723532843603,0.0,6548.015831529079,0.4999617834394905,nan,3251.059360197712,299.47928323303705,1.7325447120207094,0.29853685318607287,6715.974053733121,2.9982071279073557,55.260401854979946,2461.817438423223,400.0432971552945,1.3026364070288228,0.3951152460262192,6730.157327372271,3.3941101974519556,62.817759753041045,0.0,0.0,nan,nan,3426.0,1.0,26.53754284399528,0.0,0.0,nan,nan,3760.0,1.0,24.18021855944889,724.7492168974908,143.53520722186823,0.33118841191044135,0.2005712897162181,4686.382700995461,1.8807885864314389,47.429947176202056,3301.245717105529,761.2150794414745,1.7475182940724914,0.8764531603277994,5873.501680301628,9.99923566878981,216.12712798001303
61d08m01pt44341502s11d08m22pt22575939s,61.133734281950744,11.139507155386976,0.6873382214061154,42.75908623861245,0,0,0,nan,nan,7.7769149238445605,0.0027852117961627387,7.136899020466004,0.3504487080076152,42.57312845082004,7.4872492035429,0.3548,BLANK,7670.396349565628,128.51868532108367,447.98849652048665,20.50238698464887,5006.822922556235,1.6371815533242704,37.632004893954154,2641.3272332912575,125.85695512175364,90.97018239104058,12.027319776717029,4958.789602353261,1.7499429509533446,41.17537749661273,1528.817574818792,203.47483529864084,19.95147428136802,13.377785255180495,3725.86015157532,1.438983432643654,42.957370844778254,2691.684334814585,295.24873682977955,35.19984332892283,19.411610248387678,3728.82009297949,1.438983432643654,42.92522902386522,0.0,0.0,nan,nan,6562.8,1.0,13.853480493619768,2036.210047363313,82.68983120751543,77.34435057778865,9.009327109522522,4861.15526532002,1.763668476962628,42.3937811400534,1150.5690266067759,134.873112161777,49.024202387359225,20.356231964238606,4340.133171029322,2.6457240922439116,74.83640397184385,0.0,0.0,nan,nan,4101.812547688695,3.4793301220949906,105.78383692884258,767.4273112498723,84.46495488329106,14.51548111465875,6.876524847472464,3970.5496240920343,1.7117750968811996,50.09266263103539,0.0,0.0,nan,nan,3889.077136131727,1.5125236707457126,43.89148848437854,551.155000564056,1251774.4165571777,9.377669793543742,99586.28921467824,3836.798267194518,0.5024152358454902,nan,0.0,0.0,nan,nan,4365.047921536058,5.021331957317547,145.0822395716615,450.79219812302944,125.46788529887775,37.12985873926708,47.3211471986458,3869.4482951664854,2.5721177609155585,81.44667455428893,0.0,0.0,nan,nan,6583.45,1.0,13.810026928666252,0.0,0.0,nan,nan,6548.05,1.0,13.88468655302385,0.0,0.0,nan,nan,6716.44,1.0,13.536579167464883,0.0,0.0,nan,nan,6730.82,1.0,13.507659064352907,0.0,0.0,nan,nan,3426.3958655699785,1.3748109219483222,43.96994623507887,0.0,56.96534070790395,nan,nan,3760.0,1.0,24.18021855944889,1059.9767136131131,215.25607262752823,270.7182350515493,168.1588408140087,4685.662325155866,2.8897206868144645,76.17545246694428,0.0,0.0,nan,nan,5875.62,1.0,15.473706908126772
STACK,0.0,0.0,0.3115305834106017,nan,0,0,0,nan,nan,nan,nan,3.4579405188518963,0.08456043838594487,40.2993234501269,8.721251357107882,0.3548,BLANK,40745.68095155966,431.90483522552694,13.4812721901228,0.390316293484438,5006.89260320485,2.6230275218949597,64.27750113848589,14179.6969980201,468.80678953134566,4.490287109650409,0.41189281399591215,4959.009340507078,2.8181863662607824,70.0838993830954,0.0,0.0,nan,nan,3726.03,1.0,24.400668213494743,0.0,0.0,nan,nan,3728.82,1.0,24.382410999599827,44758.33379406103,427.1643771779207,15.792052237594275,0.2886795273129321,6562.911526017251,2.6775281195189224,50.13426243044659,15883.84116214239,341.89433961437135,5.340491597528589,0.3296927300416677,4861.435489000027,2.193235844093804,54.43321643925068,0.0,0.0,nan,nan,4340.46,1.0,20.94654063936261,0.0,0.0,nan,nan,4101.73,1.0,22.16567686891332,0.0,0.0,nan,nan,3970.08,1.0,22.900702702093618,0.0,0.0,nan,nan,3889.06,1.0,23.37778840736009,0.0,0.0,nan,nan,3835.4,1.0,23.704860453545347,0.0,0.0,nan,nan,4363.21,1.0,20.83732430562082,0.0,0.0,nan,nan,3868.75,1.0,23.500516131444996,0.0,0.0,nan,nan,6583.897096375731,0.4999617834394905,nan,0.0,0.0,nan,nan,6547.3640029447615,9.99923566878981,193.93267853817915,4959.3163190146,575.170286369157,1.759046376064877,0.3815841632190614,6716.48321410673,2.127520920311287,38.08184610995915,4345.76737502196,617.0051377691769,1.5220165597097386,0.40331708969325347,6730.843398812918,2.0538769247413513,36.52219399844578,0.0,0.0,nan,nan,3426.0,1.0,26.53754284399528,0.0,0.0,nan,nan,3760.0,1.0,24.18021855944889,614.9710518292374,1129.2647000930565,0.20515664613085938,1.153022726654477,4684.05611014965,0.4999617834394905,nan,2262.741132481645,342.7546076289646,0.7870976949232352,0.25918456927210226,5876.155774280361,3.8434836108895367,81.8859442899226
61d29m15pt98421158s-49d16m19pt74235927s,61.48777339210681,-49.27215065535313,0.668032804379477,59.25474793458943,0,0,0,6.024245394411552,0.07600903814710701,11.15031705990973,0.013970682762058342,12.587524464523383,43237.06988732901,67.6098482957437,18.43410943782902,nan,BLANK,4241.983069614656,117.35296907209236,4.731904861704845,0.3575589892307785,5006.841094945211,0.8511298191247821,12.311144263171316,43.499218700785256,162.5564906616044,0.04841270631204697,0.5020169123696774,4958.641256108477,0.4999617834394905,nan,441.5631182988686,94.40360281110748,0.29380640422520465,0.31641074580126544,3726.0578869007004,0.9419280000000001,21.534597245939114,218.04350264602985,74.21754915050451,0.14527908453048383,0.2487535367187298,3728.0086379610484,0.9419280000000001,21.51848450080361,0.0,0.0,nan,nan,6562.8,1.0,13.853480493619768,392.85634941147913,1349427.9579317211,0.46380876618745615,4568.8282381784775,4861.711388481445,0.502348580897464,nan,129.7903872657483,1078.8813064193982,0.11363977573530204,3.345207474696287,4340.685901112651,0.4999617834394905,nan,0.0,0.0,nan,nan,4098.856185880375,4.402427002751747,134.90484964076902,0.0,0.0,nan,nan,3969.948800839691,5.267370314307061,167.4126719408264,538.0684873127204,195716.08988698447,0.39912132488673435,658.8359828119808,3883.6736513989504,0.5058683594986957,nan,0.0,0.0,nan,nan,3835.090256667184,5.213798397690004,171.497049095556,124.28966530554663,130.75906107344636,0.10903227257446499,0.40217099891000924,4362.143456698256,0.4999617834394905,nan,648.4729881372994,1125544.4983155956,0.468877193232797,3729.8056472087574,3868.0648567037824,0.5001797060980544,nan,0.0,0.0,nan,nan,6583.45,1.0,13.810026928666252,0.0,0.0,nan,nan,6548.05,1.0,13.88468655302385,0.0,0.0,nan,nan,6716.44,1.0,13.536579167464883,0.0,0.0,nan,nan,6730.82,1.0,13.507659064352907,0.0,0.0,nan,nan,3425.676899672603,4.806333217702129,176.69894604649687,0.0,0.0,nan,nan,3756.417795217412,4.383491033384989,146.51631031949873,927.6679545459572,331.05677836189193,0.8913534743560816,0.9733522325382025,4684.661421165328,7.867304950068215,212.90722885932738,0.0,0.0,nan,nan,5875.62,1.0,15.473706908126772
STACK,0.0,0.0,0.668032804379477,nan,0,0,0,6.095232114920598,0.08205306972123207,11.15816489271238,0.013209864155879542,12.587524464523383,43237.06988732901,67.6098482957437,18.43410943782902,nan,BLANK,4241.983069614656,117.35296907209236,4.731904861704845,0.3575589892307785,5006.841094945211,0.8511298191247821,12.311144263171316,43.499218700785256,162.5564906616044,0.04841270631204697,0.5020169123696774,4958.641256108477,0.4999617834394905,nan,441.5631182988686,94.40360281110748,0.29380640422520465,0.31641074580126544,3726.0578869007004,0.9419280000000001,21.534597245939114,218.04350264602985,74.21754915050451,0.14527908453048383,0.2487535367187298,3728.0086379610484,0.9419280000000001,21.51848450080361,0.0,0.0,nan,nan,6562.8,1.0,13.853480493619768,392.85634941147913,1349427.9579317211,0.46380876618745615,4568.8282381784775,4861.711388481445,0.502348580897464,nan,129.7903872657483,1078.8813064193982,0.11363977573530204,3.345207474696287,4340.685901112651,0.4999617834394905,nan,0.0,0.0,nan,nan,4098.856185880375,4.402427002751747,134.90484964076902,0.0,0.0,nan,nan,3969.948800839691,5.267370314307061,167.4126719408264,538.0684873127204,195716.08988698447,0.39912132488673435,658.8359828119808,3883.6736513989504,0.5058683594986957,nan,0.0,0.0,nan,nan,3835.090256667184,5.213798397690004,171.497049095556,124.28966530554663,130.75906107344636,0.10903227257446499,0.40217099891000924,4362.143456698256,0.4999617834394905,nan,648.4729881372994,1125544.4983155956,0.468877193232797,3729.8056472087574,3868.0648567037824,0.5001797060980544,nan,0.0,0.0,nan,nan,6583.45,1.0,13.810026928666252,0.0,0.0,nan,nan,6548.05,1.0,13.88468655302385,0.0,0.0,nan,nan,6716.44,1.0,13.536579167464883,0.0,0.0,nan,nan,6730.82,1.0,13.507659064352907,0.0,0.0,nan,nan,3425.676899672603,4.806333217702129,176.69894604649687,0.0,0.0,nan,nan,3756.417795217412,4.383491033384989,146.51631031949873,927.6679545459572,331.05677836189193,0.8913534743560816,0.9733522325382025,4684.661421165328,7.867304950068215,212.90722885932738,0.0,0.0,nan,nan,5875.62,1.0,15.473706908126772
72d20m32pt54167568s-28d49m36pt65181981s,72.3423726876891,-28.82684772772523,0.7503101750482222,45.09150880438609,0,0,0,nan,nan,7.867303047989831,0.007405021737862913,6.682907828850376,1.3165728269696053,74.3361300247614,17.198766371867897,nan,BLANK,0.0,0.0,nan,nan,5006.742232874592,3.708926402463747,92.6128977396148,1079.5064445088447,136.89729697995548,28.829478631736542,10.144505497570622,4958.7223451898335,3.927035866544884,99.20420514905274,955.6038418637785,121.23372320254433,5.924216345045886,3.788967772756882,3724.9039630922,1.4499289957637378,43.38491620930041,386.65769667979475,77.77437854072164,2.4011424239192705,2.430714870850425,3727.3371878015973,1.4499289957637378,43.35245448783787,0.0,0.0,nan,nan,6562.8,1.0,13.853480493619768,362.38237082928936,64.90449596607777,25.31050093989393,13.008932478008788,4859.842974167325,0.9697726046076517,17.576624065466287,486.3787849616516,89.9735645975373,10.861550508120578,7.131864481879158,4335.737668382994,2.107440355325315,58.30388434486166,0.0,0.0,nan,nan,4101.599443992403,4.770796923443559,146.47412947045657,0.0,0.0,nan,nan,3970.443298809493,4.220361473298268,133.4614549526199,1057.2488704422449,281.67475496770334,13.764933661802496,16.56314745094086,3891.3512915949445,8.993054553648697,293.4985264171919,206.92122817762964,58.27325703028361,5.943590476016484,7.829027326331231,3836.2917749883013,0.4999617834394905,nan,497.75436539931087,73.5237169610902,12.81599120251219,6.6324404531575905,4363.686451055759,1.4839551373241813,38.178980274443745,0.0,0.0,nan,nan,3868.4678875238715,4.883351870828687,159.03840430124205,0.0,0.0,nan,nan,6583.45,1.0,13.810026928666252,0.0,0.0,nan,nan,6548.05,1.0,13.88468655302385,0.0,0.0,nan,nan,6716.44,1.0,13.536579167464883,0.0,0.0,nan,nan,6730.82,1.0,13.507659064352907,2274.9155637467725,219.67147053841313,26.695514301056352,16.552493737826577,3416.0,7.086267951123268,262.0377496320423,0.0,0.0,nan,nan,3765.7783091889223,1.4013490195196976,41.104685239192676,0.0,0.0,nan,nan,4685.192425501581,4.584474354776268,123.0998091461736,0.0,0.0,nan,nan,5875.62,1.0,15.473706908126772
72d20m18pt38846883s-28d49m09pt05173514s,72.33844124134221,-28.819181037538637,0.7355640823374792,19.994527395647268,0,0,0,nan,nan,nan,nan,2.0542095324505873,0.5816370637715761,91.09216039117882,23.866477909230998,nan,BLANK,2584.3437253678103,137.24529307004386,3.302343013954185,0.47901863801877836,5006.866028260212,2.07531893383175,49.67723621623264,0.0,0.0,nan,nan,4958.924213463727,4.003066306146622,101.18728641508498,0.0,0.0,nan,nan,3726.3313935594,3.0498129680873536,101.42338081491496,0.0,0.0,nan,nan,3730.4690248532133,9.235745128156495,314.4216918514869,0.0,0.0,nan,nan,6562.8,1.0,13.853480493619768,1258.072112188475,349.893851936072,1.624646460838762,1.2957345056913836,4861.866964177345,6.734570218798029,175.41187151523798,567.8960114138298,164.11443452791264,0.5350162479460068,0.5470625630146084,4342.500873462566,2.6543758660294716,75.09951434663955,218.64830828182184,420737.65125819645,0.1681681028524602,1292.3490571350674,4102.608016753079,0.5000660166817306,nan,0.0,0.0,nan,nan,3970.1172700715515,5.9270014013425865,188.7333115514674,84.05762294224404,126.50374533394901,0.057414433494735705,0.3907548989498791,3889.2892719244705,0.4999617834394905,nan,126.49208163415675,235.51218896448148,0.08404460924000126,0.731760546119248,3836.596262789675,0.4999617834394905,nan,0.0,0.0,nan,nan,4363.008291880883,1.6011449736372623,42.01711075449215,0.0,0.0,nan,nan,3869.050562920347,2.3809468823652007,74.88785873131913,0.0,0.0,nan,nan,6583.45,1.0,13.810026928666252,0.0,0.0,nan,nan,6548.05,1.0,13.88468655302385,0.0,0.0,nan,nan,6716.44,1.0,13.536579167464883,0.0,0.0,nan,nan,6730.82,1.0,13.507659064352907,4374.77966038,671.71233523063,2.18202226075375,2.1142096879111096,3436.0,9.99923566878981,370.65991701749095,0.0,0.0,nan,nan,3760.6780415819317,4.577463399977089,153.1657291027764,74.45668575802138,87.54945168984678,0.0825345680736053,0.2966564590053367,4687.310901170715,0.4999617834394905,nan,0.0,0.0,nan,nan,5875.62,1.0,15.473706908126772
72d20m10pt1706933s-28d49m08pt25149738s,72.33615852591643,-28.81895874927227,0.32658745796468347,24.596172968873923,0,0,0,nan,nan,7.847780824835238,8.88068979554878e-05,14.506178891581603,0.12206103290433505,145.37230352553664,16.73956298697053,nan,BLANK,15700.495418065508,349.38338998440764,4.543778345334222,0.2761519487301286,5007.158020364927,9.99923566878981,253.6292103805842,6290.215530156808,618.1669714304536,1.7177662146933697,0.4687394107104839,4956.620176098603,9.99923566878981,256.08064588829484,293535.1242161333,604.9376541914739,119.7086614884967,1.2412264164367188,3727.77043056594,6.7800779764666235,230.42217345337187,294378.63772382576,589.3688995657839,122.7725915962274,1.2366798737450517,3727.7702568136633,6.793397971565513,230.7069780900242,51874.055641788065,6010.64066423338,7.832360932479098,1.7382232681656369,6563.113596303707,6.028264531365851,116.14973613518602,42044.46101530765,345.50571566318604,11.518704627677645,0.27148466625767026,4861.412676648654,6.57708411689389,171.2645692625197,23239.00031432243,361.93233417760666,6.771752469030657,0.3734962012004963,4340.619027053692,6.229080801125072,181.54801375995032,9758.825635580582,257.75874806685744,2.9603607030587527,0.3124662498664808,4101.457239939254,4.927890452548171,151.4016437746529,2859.884382532769,284.392062611642,1.143402946177441,0.48949761597183417,3970.2228527995544,2.613013917725508,80.72990021837262,5908.624763858139,450.49809302325957,2.2842764325656173,0.7876525918941643,3889.206586103928,4.859930249594689,157.43309431668098,985.9485885142252,179.77773550246565,0.5372981012664557,0.4586588924776117,3834.8763204892557,1.6601335187702804,49.96736147090238,0.0,0.0,nan,nan,4361.421306821791,9.99923566878981,291.0428046557292,9226.176389133985,500.13566571961786,4.146959320775398,1.0298855328619965,3868.658033312418,4.504665583853955,146.4357016453937,55736.42779747358,7823.350682981249,9.540385492574178,2.556498714916271,6583.65324177037,6.592501503912253,126.76447206876149,2855.171770209663,5036.514504639176,0.5035218745855287,1.7050318823569428,6549.085072621802,3.0919170807547127,58.55358198466028,23607.641726790636,2226.0470943702185,6.889974006370549,1.215149110655064,6716.608591688897,6.9541203367204245,131.14586413748657,13353.467511637675,2827.71937178453,3.725772333950138,1.4726116865503462,6730.4618627400805,6.455253040611748,121.37792598372272,0.0,0.0,nan,nan,3426.0,1.0,26.53754284399528,0.0,0.0,nan,nan,3761.600846688623,5.679878120488883,190.84934859377563,2295.8368544168857,284.4219771045663,0.6205785655932482,0.2350572082259337,4686.792146179435,5.7620383722695445,155.3952844432642,5292.940439059988,1083.9335775406823,1.8407963538273895,0.8194418995291054,5876.429750205697,9.99923566878981,216.12712798001303
72d19m49pt17085008s-28d48m56pt85026178s,72.33032523613272,-28.81579173938281,-0.13224227057385496,39.569224870100676,0,0,0,nan,nan,nan,nan,nan,nan,39.680789954905215,9.540036523090903,nan,BLANK,0.0,0.0,nan,nan,5006.84,1.0,18.158683277981286,0.0,0.0,nan,nan,4958.91,1.0,18.334194769319836,0.0,0.0,nan,nan,3726.03,1.0,24.400668213494743,0.0,0.0,nan,nan,3728.82,1.0,24.382410999599827,28797.09925012728,647.7949075597995,980.5538706987758,42.2514477532171,6562.549727864238,5.625676306762573,108.28298670073315,0.0,0.0,nan,nan,4861.33,1.0,18.702211490174054,0.0,0.0,nan,nan,4340.46,1.0,20.94654063936261,0.0,0.0,nan,nan,4101.73,1.0,22.16567686891332,0.0,0.0,nan,nan,3970.08,1.0,22.900702702093618,0.0,0.0,nan,nan,3889.06,1.0,23.37778840736009,0.0,0.0,nan,nan,3835.4,1.0,23.704860453545347,0.0,0.0,nan,nan,4363.21,1.0,20.83732430562082,0.0,0.0,nan,nan,3868.75,1.0,23.500516131444996,0.0,0.0,nan,nan,6583.5356490934755,9.99923566878981,192.88987927331783,0.0,0.0,nan,nan,6548.061813041443,6.242334505552035,120.600782793723,0.0,0.0,nan,nan,6718.145216053589,2.1341608457328296,38.215101484199934,0.0,0.0,nan,nan,6729.718393727418,5.798393080339603,108.8716109906943,0.0,0.0,nan,nan,3426.0,1.0,26.53754284399528,0.0,0.0,nan,nan,3760.0,1.0,24.18021855944889,0.0,0.0,nan,nan,4685.68,1.0,19.403292965701418,386.1719877961548,5221607.7773990715,4.48790697698669,131951.8972865541,5874.8980602242,0.9002371270917874,12.265175092095467
72d20m20pt67173166s-28d48m43pt05177671s,72.33907548101662,-28.811958826863776,0.5565841194717231,11.642159821686606,0,0,0,10.235135747088336,0.060391204292406964,8.134846769893748,1.9561091765629635e-05,9.307907160392379,0.07116034448507853,49.18817829410128,8.761800373781929,nan,BLANK,52513.07243912386,239.0185309732836,199.72403135568683,2.4830293754283317,5006.835078794147,2.3832429151276333,57.92639940587231,18365.05223929169,273.6345744689122,66.82999370752113,2.7628370751375635,4958.857211051854,2.4047088444315783,59.06256437861003,26845.049141063693,220.60414309692393,47.79445437100548,1.9785587819585249,3725.9662679169605,2.1393545844427626,69.07332226819126,36192.90641966788,270.5169646666306,64.5619357504304,2.4262178787583664,3728.736554378085,2.1393545844427626,69.02163981392202,0.0,0.0,nan,nan,6562.8,1.0,13.853480493619768,14387.345934110266,95.75227834713384,47.00897967676603,0.8973793915784948,4861.204040502411,2.2522827915633394,56.06247604301144,7828.630474807022,98.87838103531489,16.71797592396757,0.7478926278671346,4340.300783201353,2.2142447562012753,61.61525804668516,4559.596931476091,143.61286608776794,9.043532156957818,1.1380891075753965,4101.759365578116,2.264791681373063,66.8530561857033,3135.385368490293,150.27821335954232,5.647878938145368,1.165639903657972,3969.8663979384737,3.0194277085313908,94.18726851471315,3050.6803567774477,182.77097891095542,3.7706311818776834,1.0219295481840018,3888.7758826876443,1.4872785750972006,42.95706503668272,982.1552090565042,121.91982277503423,1.7346317109991458,1.0076699634885682,3835.50193421134,1.7340586902232509,52.66116132370713,182.99506737622252,1083.7983117204876,0.3011719001495353,6.249279255491113,4363.698325824904,0.4999617834394905,nan,5702.013093232134,191.2331573892847,7.5247339777169175,1.1561805512701104,3868.634717591697,2.4082640029231563,75.8278525072869,0.0,0.0,nan,nan,6583.45,1.0,13.810026928666252,0.0,0.0,nan,nan,6548.05,1.0,13.88468655302385,0.0,0.0,nan,nan,6716.44,1.0,13.536579167464883,0.0,0.0,nan,nan,6730.82,1.0,13.507659064352907,3616.539642505456,256.1798479826853,5.454462600565071,2.464146992045574,3423.7833339601652,4.9785324870753715,183.16441137270303,387.206217353161,0.0,0.7567643065528704,0.0,3760.4738863112034,0.4999617834394905,nan,351.15584540221437,66.61624299103622,0.8152345850220726,0.47293007650952346,4686.315803464288,1.2009913610668101,26.515238822621463,950.4546562181882,110.68664733594628,4.670699427538448,1.1825353699038692,5875.762751469142,2.3863446178680623,49.431598249289316
STACK,0.0,0.0,0.4473607128496506,nan,0,0,0,nan,nan,-inf,nan,2.842636825418279,464.0834730685266,98.9557667595931,23.613927728202867,nan,BLANK,0.0,0.0,nan,nan,5007.139082088858,6.681507455438547,168.95736246468516,0.0,0.0,nan,nan,4954.753437057185,6.361291698957169,162.32170473320647,963.1252249884238,247.21899761639617,0.11145512184987988,0.14421413170110609,3725.0216684602274,0.9419280000000001,21.534597245939114,860.7145938802464,220.79155070703402,0.09992400047145311,0.12879779498808167,3729.618063231071,0.9419280000000001,21.51848450080361,0.0,0.0,nan,nan,6562.8,1.0,13.853480493619768,641.6014182889163,104746.56043742067,0.12266852060071347,57.46945656247899,4859.867316204913,0.4999617834394905,nan,0.0,0.0,nan,nan,4343.29193022798,9.578950647912302,280.2092270267264,0.0,0.0,nan,nan,4100.4651759114495,6.557308028771581,202.3637505522413,0.0,0.0,nan,nan,3969.723485799792,3.361322657810998,105.4256369204296,3607.7974093569774,626.0980977792735,0.48395406959395554,0.3792634580629515,3891.578087200476,7.11758505177989,231.86780963321786,2122.419453948159,1048739.8316366037,0.26347112568192294,609.046764044144,3835.984595494757,0.5009383136495803,nan,1794.2587558882453,967522.5788129785,0.28310984942116435,534.861864760945,4363.677298077221,0.4999933300122959,nan,0.0,0.0,nan,nan,3869.652509957683,3.4102901271395134,109.83390964798234,0.0,0.0,nan,nan,6583.45,1.0,13.810026928666252,0.0,0.0,nan,nan,6548.05,1.0,13.88468655302385,0.0,0.0,nan,nan,6716.44,1.0,13.536579167464883,0.0,0.0,nan,nan,6730.82,1.0,13.507659064352907,0.0,0.0,nan,nan,3426.518465238055,1.034495294185187,28.30461092102444,15106.281531429022,2119.5161958500053,1.7821205129807232,1.2355137314810347,3753.889388244431,9.99923566878981,337.7342754526394,3357.382079068682,513.9042024718084,0.6297677780020602,0.2943198345126335,4690.376284183536,8.309898183181945,224.97782697771177,0.0,0.0,nan,nan,5875.62,1.0,15.473706908126772
73d49m33pt22917319s6d57m52pt30004305s,73.82589699255209,6.96452778973635,0.39130856755430177,13.067333282345581,0,0,0,nan,nan,7.17551380236838,0.001138781601982097,3.234518555871079,0.1603509539224092,131.09276610797335,24.315379260161443,0.425,BLANK,5081.168864991433,200.64860192539203,1.7600648476822867,0.189843307602224,5006.78716854639,3.3246498538735247,82.64165462214619,2225.903403819552,228.7411368442708,0.7493046996968169,0.21364178419626684,4958.96336131138,4.751071469720618,120.64314309623775,17243.740314703988,1149.8065514578666,5.673379721289262,1.9058264065370196,3725.8799418783733,3.40623065058044,113.89920849445957,19363.940051468955,1593.387248090492,6.38346982975437,2.6410699168480867,3728.6927337495285,3.40623065058044,113.8139861475242,47651.71605743224,2326.8216679284064,16.447319904736847,1.5382902448238807,6562.878369135963,3.9058414754861777,74.54170535521213,13576.905457930625,274.11489704381904,4.828166448455459,0.2795992588963853,4861.236361544029,3.2662119703809243,83.54916223141547,1962.1419404040882,304.6994468050007,0.5745503301095575,0.3159635214129688,4340.656094261341,0.4999617834394905,nan,0.0,0.0,nan,nan,4103.090764130748,9.814784282179586,303.85703152546,0.0,0.0,nan,nan,3969.1884920856096,0.4999617834394905,nan,0.0,0.0,nan,nan,3889.1161656166587,0.4999617834394905,nan,0.0,0.0,nan,nan,3835.2471657122014,0.4999617834394905,nan,4377.506972633601,546.8826439076644,1.280938152668939,0.560657150216021,4363.720658501184,8.46802107854001,246.23504440641534,11927.24886066248,1361.3728272625585,3.3949211726906543,1.7793703486017052,3865.00273804466,9.99923566878981,328.2406140748108,13307.081529309478,4280.1446528734205,3.9437075758912257,2.421674473991017,6583.515757758363,3.1863553147596293,60.112153310912426,1582.4740236062034,4505.742928838852,0.47471593260571887,2.595059399854956,6548.1177673957845,0.4999617834394905,nan,6886.25728673137,513.6176887956074,3.118115480656685,0.4349807518948599,6716.7486719862145,3.479561926880793,64.60667623371653,0.0,0.0,nan,nan,6730.82,1.0,13.507659064352907,2644.6582491252943,159.60006966130152,0.7578456320861561,0.2914522055115032,3424.681754394191,1.3369063308067388,42.32519153994536,5983.458972022286,601.5567885464144,1.8136697536594162,0.8971813133415802,3760.0645603545036,6.668924305621763,224.5562863405208,2623.0658680808688,897.9114936422498,0.8074039345820669,0.8453114727664308,4685.911331326576,9.99923566878981,271.0131455203778,4909.966244200782,558.2337938278532,2.0875083944234643,0.5160468139315102,5875.16915178958,9.99923566878981,216.12712798001303
STACK,0.0,0.0,0.39130856755430177,nan,0,0,0,nan,nan,7.175471180594732,0.0011455196906516312,3.234518555871079,0.1603509539224092,131.09276610797335,24.315379260161443,0.425,BLANK,5081.168864991433,200.64860192539203,1.7600648476822867,0.189843307602224,5006.78716854639,3.3246498538735247,82.64165462214619,2225.903403819552,228.7411368442708,0.7493046996968169,0.21364178419626684,4958.96336131138,4.751071469720618,120.64314309623775,17243.740314703988,1149.8065514578666,5.673379721289262,1.9058264065370196,3725.8799418783733,3.40623065058044,113.89920849445957,19363.940051468955,1593.387248090492,6.38346982975437,2.6410699168480867,3728.6927337495285,3.40623065058044,113.8139861475242,47651.71605743224,2326.8216679284064,16.447319904736847,1.5382902448238807,6562.878369135963,3.9058414754861777,74.54170535521213,13576.905457930625,274.11489704381904,4.828166448455459,0.2795992588963853,4861.236361544029,3.2662119703809243,83.54916223141547,1962.1419404040882,304.6994468050007,0.5745503301095575,0.3159635214129688,4340.656094261341,0.4999617834394905,nan,0.0,0.0,nan,nan,4103.090764130748,9.814784282179586,303.85703152546,0.0,0.0,nan,nan,3969.1884920856096,0.4999617834394905,nan,0.0,0.0,nan,nan,3889.1161656166587,0.4999617834394905,nan,0.0,0.0,nan,nan,3835.2471657122014,0.4999617834394905,nan,4377.506972633601,546.8826439076644,1.280938152668939,0.560657150216021,4363.720658501184,8.46802107854001,246.23504440641534,11927.24886066248,1361.3728272625585,3.3949211726906543,1.7793703486017052,3865.00273804466,9.99923566878981,328.2406140748108,13307.081529309478,4280.1446528734205,3.9437075758912257,2.421674473991017,6583.515757758363,3.1863553147596293,60.112153310912426,1582.4740236062034,4505.742928838852,0.47471593260571887,2.595059399854956,6548.1177673957845,0.4999617834394905,nan,6886.25728673137,513.6176887956074,3.118115480656685,0.4349807518948599,6716.7486719862145,3.479561926880793,64.60667623371653,0.0,0.0,nan,nan,6730.82,1.0,13.507659064352907,2644.6582491252943,159.60006966130152,0.7578456320861561,0.2914522055115032,3424.681754394191,1.3369063308067388,42.32519153994536,5983.458972022286,601.5567885464144,1.8136697536594162,0.8971813133415802,3760.0645603545036,6.668924305621763,224.5562863405208,2623.0658680808688,897.9114936422498,0.8074039345820669,0.8453114727664308,4685.911331326576,9.99923566878981,271.0131455203778,4909.966244200782,558.2337938278532,2.0875083944234643,0.5160468139315102,5875.16915178958,9.99923566878981,216.12712798001303
82d26m16pt12654003s-31d44m51pt16420157s,82.4378129277858,-31.7475456115466,0.2590966504920136,21.677701878491213,0,0,0,nan,nan,nan,nan,2.9963124550207723,0.04528523060360275,56.73763740998401,11.077366028938492,nan,BLANK,15186.787570880577,177.2444531746966,26.631670097639383,0.8489683132303767,5006.842532291898,2.194766123455342,52.89232159385977,5598.71847572147,105.30012146661386,9.662384649732122,0.5042170508659141,4958.941222959062,2.3135617191564077,56.61214219248102,0.0,0.0,nan,nan,3726.03,1.0,24.400668213494743,0.0,0.0,nan,nan,3728.82,1.0,24.382410999599827,16560.716339386225,181.68505950161324,45.92742370709913,0.9651409692376557,6562.589871366698,2.4261973954778817,45.06374040726191,6937.028884211593,79.10732070353104,12.264395361410424,0.40116630640115924,4861.149288004814,2.1201366688819316,52.40925958234816,3819.5742508320473,121.62298230341736,5.139735722172561,0.5796657693632375,4340.31957860805,2.428389357930379,68.2037748947339,1338.538048733251,86.07071403408501,1.470360584909944,0.3777681958940552,4101.735768610064,1.303200302039265,34.11841704088317,486.59173994752234,156461289596718.56,0.5148863879162353,712534981406.1084,3970.727317391829,0.4999617834394905,nan,987.3221327745191,3172324.991047502,1.0000245053640928,14538.927965130719,3888.3832320834836,0.661555233465324,nan,0.0,0.0,nan,nan,3833.77959168941,0.4999617834394905,nan,0.0,0.0,nan,nan,4363.3949203522125,3.711008616885501,106.33636620224854,2143.898205827844,203.99154032608106,2.096152994595397,0.9137191923289726,3868.699245883871,2.628215704668851,83.36348331457839,73.75878605922121,2743.050960034655,0.11128248819539281,7.900981793411653,6583.534866923925,0.4999617834394905,nan,0.0,0.0,nan,nan,6547.057161206864,9.99923566878981,193.93267853817915,2808.9508048118655,239.04879939659196,7.956361349427851,1.2665305328268557,6716.171645322333,2.559169091160782,46.659140156829736,1660.7827502290925,316.8906364945,4.450822130136311,1.5850871147748273,6730.6679516460545,2.5530047178659614,46.43822500689533,0.0,0.0,nan,nan,3426.0,1.0,26.53754284399528,0.0,0.0,nan,nan,3760.0,1.0,24.18021855944889,0.0,0.0,nan,nan,4681.108462520544,0.4999617834394905,nan,1101.4333070459131,202.62062313241287,2.9332103895114368,1.172948348602854,5876.392146632236,6.303987071691344,135.7470838328743
82d26m49pt05349642s-31d44m54pt96351295s,82.44695930456052,-31.748600975820526,0.29920539297176973,31.029720190782733,0,0,0,nan,nan,7.08440907192908,0.0015022065904981333,2.8322465400207477,0.21544997995929552,128.48031355857583,22.48964706550055,nan,BLANK,9920.715169841667,187.89443819960428,2.3613117894615048,0.12215637823816544,5006.803161888365,4.387049172896522,110.1213934969166,3099.459379510938,191.3597221743481,0.7057374945703296,0.12084815765185371,4960.058404912278,4.87649300682406,123.89769101857449,15275.056273491997,2051.132500249112,3.2081190570414684,2.169699912051181,3726.242109738447,3.806095022211335,127.82746409781542,21722.070797867287,3064.4239538898432,4.570110126604334,3.2415655168229316,3728.742150855461,3.806095022211335,127.73182026817683,59559.83432848485,3064.738745304195,14.089413560129135,1.388725709983519,6562.51751060121,5.4907161358360925,105.64391181383387,17659.939173355113,317.1792930595439,4.057741130047155,0.20903567368953369,4861.246190902355,4.348484991488854,112.39440499597399,438.73947535978334,466.88259985668765,0.08601803934590703,0.3241786952065714,4340.526827576963,0.4999617834394905,nan,0.0,0.0,nan,nan,4101.776452678447,0.4999617834394905,nan,0.0,0.0,nan,nan,3969.7887303085554,0.4999617834394905,nan,0.0,0.0,nan,nan,3889.0247780758077,0.4999617834394905,nan,0.0,0.0,nan,nan,3835.266843918928,0.4999617834394905,nan,6659.408847619166,834.0430577636278,1.3401112902143766,0.5878587174512581,4364.331070398644,9.99923566878981,291.0428046557292,13876.586081522033,833.718730318429,2.6634718532414294,0.7336136698521266,3867.6068308179197,9.99923566878981,328.2406140748108,14514.266996842982,5548.044434730536,2.965752803599635,2.1643899014198724,6583.220249214088,4.247973765791995,81.02393504668451,0.0,0.0,nan,nan,6548.495180117457,0.4999617834394905,nan,6829.397107885843,597.3755762304419,2.286382237255888,0.3741041288262658,6715.867395203488,4.812170134645848,90.24448765504489,4050.909280347019,786.2015820677707,1.3313129035997395,0.48228756715569193,6730.232782468368,4.648009346901906,86.91208472434573,0.0,0.0,nan,nan,3426.0,1.0,26.53754284399528,883.3640169820837,376.562457171927,0.17372356354907795,0.3653073477565849,3756.34119555181,2.6177500656938846,85.40690230349641,3541.3809491766547,729.1911951107875,0.755872757213917,0.4759330659305798,4686.349912794779,9.99923566878981,271.0131455203778,6041.751498236554,1227.059191619991,1.8810752175549648,0.8308878371232907,5873.975890166942,9.99923566878981,216.12712798001303
82d26m49pt75914006s-31d44m55pt76347245s,82.44715531668409,-31.74882318679089,0.29914207295975515,31.208651671528365,0,0,0,nan,nan,7.217226886548582,0.0007255419186357357,3.462115619136258,0.10508046422010633,119.5976663938978,23.465015358956613,nan,BLANK,8575.022421400676,185.7659649141509,2.263919416058457,0.13396290008877076,5006.797286009224,4.284641865284923,107.48283980617083,3744.8641068571696,266.1148122989978,0.9428322069804724,0.1858204213578873,4960.101621696978,6.128149420965269,156.29826522234137,16928.831667945415,699.74014758134,4.09528813872469,0.8528085702141935,3725.849941204326,3.196558798380332,106.56832705002282,19827.11349027073,931.9985332928117,4.806253868602781,1.1358735658750754,3728.784962717211,3.196558798380332,106.48858985904293,46462.77591854106,2335.020715676974,12.317189088965259,1.1858163944854205,6561.9879747379255,4.134527605978153,79.04680802735616,14175.099010332191,250.99312571373488,3.611979856723587,0.18346257457548937,4860.942769667774,3.4994647438463815,89.79297210580972,1373.6026812331925,182.60163610471912,0.30215462113542596,0.14229782996171725,4339.881186225077,1.6266437256329311,43.06739050230795,0.0,0.0,nan,nan,4101.439679924943,0.4999617834394905,nan,0.0,0.0,nan,nan,3969.582148625969,0.4999617834394905,nan,0.0,0.0,nan,nan,3888.9174218268827,0.4999617834394905,nan,0.0,0.0,nan,nan,3835.407184879593,0.4999617834394905,nan,4681.0859542565695,483.73246095715564,1.0347236492050795,0.3747320155578698,4363.044331673253,9.99923566878981,291.0428046557292,12219.00117534981,733.534513863058,2.621180327849317,0.7216020985918352,3867.12135562576,9.99923566878981,328.2406140748108,13283.464151529543,4429.121650462781,3.148689306884169,2.004619044251467,6582.6371527585125,3.4265048081630467,64.86400329376607,0.0,0.0,nan,nan,6547.165018447335,0.4999617834394905,nan,6222.355799839797,531.2870365505956,2.334226368967256,0.37283307663273424,6715.5834036649285,4.180022547895639,78.11344338637134,3807.146203492236,696.1466209278815,1.4091269584754864,0.4809690805289061,6729.903659236528,3.843018389657137,71.47278594077403,0.0,0.0,nan,nan,3426.0,1.0,26.53754284399528,267.34050944790187,785.9649519474647,0.05835438564764211,0.8437986292151209,3760.6410764812413,0.4999617834394905,nan,1845.6698320469543,376.88115724699423,0.42871254467828485,0.267614719593407,4687.1597297949465,9.99923566878981,271.0131455203778,4293.070172632623,735.1767074660307,1.5031623535979863,0.5595429107026536,5876.4622485910395,9.861292934121117,213.1307964073865
82d26m13pt77483403s-31d44m43pt96416086s,82.43715967611888,-31.745545600239403,0.19629544789501274,29.252016478052873,0,0,0,7.077592668546157,0.019540582120511258,nan,nan,1.0206648003476468,0.027564590656928355,52.20536365085013,13.474281779573882,nan,BLANK,5899.606270629451,110.84782393603243,4.891670647301163,0.25104473912384273,5006.8180969112655,2.5348045080721113,61.946701291843674,1735.9036990052098,101.78707314832747,1.3761495763538085,0.22387482258881367,4959.082639276306,2.1169757951506494,51.29198730698323,0.0,0.0,nan,nan,3726.03,1.0,24.400668213494743,0.0,0.0,nan,nan,3728.82,1.0,24.382410999599827,20990.352816904975,655.4771627631201,24.390936458882667,1.4589382690480541,6562.704747020671,2.4614359274991866,45.777221257312554,7480.918286820455,138.1211999531261,6.712144108532422,0.3554558305704416,4861.256149840498,2.2226131236718403,55.24440814816452,3013.7191670040957,126.65136591497993,2.0015547137070664,0.2979202833409385,4340.371934007498,1.7701259438432626,47.68746271410811,142.6965723199144,2483.779846091531,0.08202860445801093,5.706694374027686,4101.130796933154,0.4999617834394905,nan,0.0,0.0,nan,nan,3980.08,0.4999617834394905,nan,0.0,0.0,nan,nan,3889.06,1.0,23.37778840736009,0.0,0.0,nan,nan,3835.4,1.0,23.704860453545347,1385.1297632952296,403.96117609729777,0.8829126246465351,0.9024738724744208,4362.895382945517,5.75806090903996,166.76309961225056,0.0,0.0,nan,nan,3868.75,1.0,23.500516131444996,4181.16571803898,1855.1667276382402,3.6139968913582714,3.06142412991094,6583.301284376689,1.9612520727908684,35.42855098615439,1292.9066694279718,48367.656144775916,1.1403931976810842,81.90899553523293,6548.039662146374,0.4999617834394905,nan,4375.89459391828,328.55790464551035,5.586423646970118,0.7845625231024221,6716.326690435379,2.4155781736385094,43.82262838128653,2624.4624929230213,449.08631154314463,3.2279978715245874,1.0309624305681269,6730.608762889075,2.170109854628581,38.852516783083125,0.0,0.0,nan,nan,3426.0,1.0,26.53754284399528,0.0,0.0,nan,nan,3760.0,1.0,24.18021855944889,1768.9288669258956,763.9729299792658,1.2416945314729118,1.6425607998952811,4682.093582955641,9.99923566878981,271.0131455203778,737.5718896045656,79.28430656099367,0.857886146335245,0.2005058896129878,5875.262721554878,2.6863431001917,56.19554540654905
82d26m16pt83227649s-31d44m42pt16421161s,82.43800896569063,-31.74504561433614,0.19666246154875466,30.20187769731268,0,0,0,7.085633341296118,0.03696037181900501,nan,nan,0.9133623904283968,0.10164139410040914,60.82294695576442,14.901792008338928,nan,BLANK,3747.8269419409676,127.29153311640248,1.8592607295550967,0.17248593215288344,5006.792282576556,2.774650524737141,68.26959179021611,3132.6368481629506,740.6978803683503,1.5189846037820929,0.9970482440592281,4957.282428364122,9.99923566878981,256.08064588829484,0.0,0.0,nan,nan,3726.03,1.0,24.400668213494743,0.0,0.0,nan,nan,3728.82,1.0,24.382410999599827,21472.792843186548,875.5290283940948,13.742390356091972,1.0733640533551752,6562.240721856024,3.2293134873988025,61.1552124043088,7533.114853652728,160.25226200041996,3.876264384006478,0.23653533779072983,4861.031012671713,2.67248254638132,67.54439494146523,518.9945603066634,224.71096573831161,0.2103551656985208,0.3226155486236247,4340.150355745156,0.4999617834394905,nan,0.0,0.0,nan,nan,4100.2527224718415,0.4999617834394905,nan,839.8635681576548,8.661099217190718e+23,0.2920854467297093,1.2975472625215524e+21,3969.1857671714993,0.5431102835640271,nan,0.0,0.0,nan,nan,3889.06,1.0,23.37778840736009,0.0,0.0,nan,nan,3835.4,1.0,23.704860453545347,1273.796349041564,206.39513087001595,0.5232388074334843,0.2970769451819821,4363.3839746664535,2.684074191431945,75.60591171309856,0.0,0.0,nan,nan,3868.75,1.0,23.500516131444996,5025.5043576904445,1923.5721982606822,2.777405404067573,2.0297575864698447,6582.924239327924,2.4876359855266164,46.16186452762033,268.6534231633782,1763.3733346605904,0.1481208980860245,1.866722274875286,6547.7185619737875,0.4999617834394905,nan,4504.097277624624,406.3961467180791,3.3300318662658253,0.5620382884208821,6715.911481531289,3.0828473690020672,56.90905333096763,3197.8451174519387,485.7592033741492,2.328745343536409,0.6602529034099149,6730.538494684754,2.8924351092104525,53.0826801762996,0.0,0.0,nan,nan,3426.0,1.0,26.53754284399528,0.0,0.0,nan,nan,3760.0,1.0,24.18021855944889,0.0,0.0,nan,nan,4685.682038059613,3.191994100557915,84.61550379835055,3238.9085315001557,398.0495011269172,2.1688830944747726,0.5796390194787573,5874.5221534258,9.99923566878981,216.12712798001303
82d26m15pt89151056s-31d44m43pt56419814s,82.43774764182179,-31.745434499482755,0.1964270101740122,29.04647463907093,0,0,0,nan,nan,nan,nan,0.7421866836658647,0.052940688726099715,60.917341105850966,17.307021609994045,nan,BLANK,3441.06900872276,149.66593159983563,1.1956749103805466,0.14204582803951793,5006.846440927911,2.4374967238736627,59.368066277495316,1166.0782685406407,250.8895958698466,0.38218060352101263,0.22807082383519398,4959.961891929871,4.349811410326934,110.21724332567138,0.0,0.0,nan,nan,3726.03,1.0,24.400668213494743,0.0,0.0,nan,nan,3728.82,1.0,24.382410999599827,23379.587086520092,984.4724479529611,10.557731983964754,0.8515579590539305,6562.6147073416605,2.726182700383967,51.11146978920675,6207.531580204902,202.7908169300595,2.1986496906044133,0.20601208006994834,4861.33293698379,2.364251899576595,59.13977098725152,281.20623357483686,425.70689070247124,0.08121085879051017,0.43540241771070376,4340.541342827502,0.4999617834394905,nan,0.0,0.0,nan,nan,4102.611225025529,0.4999617834394905,nan,0.0,0.0,nan,nan,3974.118414968456,0.4999617834394905,nan,0.0,0.0,nan,nan,3889.06,1.0,23.37778840736009,0.0,0.0,nan,nan,3835.4,1.0,23.704860453545347,5965.272526275452,1099.8653304843292,1.8139667131165116,1.1714862213304587,4364.234745369582,9.99923566878981,291.0428046557292,0.0,0.0,nan,nan,3868.75,1.0,23.500516131444996,6764.906439643593,2200.897550940574,2.7304650380923103,1.6960197620420845,6583.212543713334,2.363164280401317,43.64777968021294,420.3976662228628,13634.320887770571,0.17046030498906878,10.614186666099874,6548.023440242215,0.4999617834394905,nan,4842.660963852316,382.02888874135,2.4348120261098725,0.35927225006749725,6716.36547031898,2.7617905029633074,50.640326603370134,2919.0120688051156,520.656996313428,1.4642425108034882,0.48745897449862513,6730.777077783895,2.4867423623585903,45.133544997477884,0.0,0.0,nan,nan,3426.0,1.0,26.53754284399528,0.0,0.0,nan,nan,3760.0,1.0,24.18021855944889,120.86948321116735,111.94807291272383,0.034350354253846097,0.09734067258925116,4684.94283727812,0.4999617834394905,nan,3305.243075600793,755.4755561225079,1.487976393046086,0.7395657622085754,5874.731167776238,9.99923566878981,216.12712798001303
82d26m12pt36229889s-31d45m28pt76413035s,82.43676730524597,-31.75799003620873,0.29797637711991953,20.047950299260133,0,0,0,9.97858809789501,0.06036625305017713,8.044997880291046,0.0010283208397928597,7.628954744143653,0.6850166202781472,73.9554586403727,19.038733983764736,nan,BLANK,1791.8894561937418,98.66735399246448,16.801244649358217,2.5271897979746805,5006.501978231573,2.7727332032143583,68.21920871520902,717.6099779298243,52.223869324067785,5.3611499998588865,1.0828506467018093,4957.9889211663,1.5713677150679122,36.11779339082641,2165.045984489263,194.424100045741,15.62595728292561,7.071615991155664,3725.415753574168,2.1749583200416436,70.35942507433788,3983.8243092245884,306.41944780915367,28.811825028698195,11.145123812420941,3728.3543262502276,2.1749583200416436,70.3067803245357,2754.3480888544846,104.88080161678835,29.596591526989478,2.158991192389332,6561.818472920418,2.6955269959613313,50.49591045011469,1134.9352589204952,88.92871813710401,9.149864585386394,2.056746734834304,4860.7529980089175,2.0066477028466108,49.24963273973764,415.7922517379126,4104656.598458489,2.8462682139572415,99534.91845821912,4340.010231856922,0.5852730448439101,nan,0.0,0.0,nan,nan,4099.56551344655,0.4999617834394905,nan,0.0,0.0,nan,nan,3970.030681336211,9.99923566878981,319.8627926142355,0.0,0.0,nan,nan,3889.255717175375,4.4658259114754735,144.38375698020994,815.3765025788442,122.2936363943066,4.3071087438117655,3.0241696374226583,3834.9410972154024,2.0779806863950387,64.94391885047982,0.0,36.86603341795843,nan,nan,4363.21,1.0,20.83732430562082,1401.6516528776206,111.81570158391837,11.24111968834037,4.106738567831437,3869.270064917724,2.6883987353878904,85.41640858886248,0.0,0.0,nan,nan,6580.568248439485,0.4999617834394905,nan,0.0,0.0,nan,nan,6547.122390919355,0.4999617834394905,nan,663.9281210242955,98.97339470949123,7.1941073125181285,2.0062265696805617,6715.451863346932,2.302006624238258,41.56825718218695,356.2249223143925,146.19292606545835,4.369293266209749,3.3471057601235525,6730.053073370985,2.5402795012904775,46.187891118775944,0.0,0.0,nan,nan,3426.0,1.0,26.53754284399528,0.0,59.129176723417345,nan,nan,3760.0,1.0,24.18021855944889,2008.1313688108198,473.3362891486094,17.271159207528818,12.436869924793399,4688.849072300653,9.99923566878981,271.0131455203778,0.0,48.484601457123645,nan,nan,5875.62,1.0,15.473706908126772
STACK,0.0,0.0,0.24925791616589107,nan,0,0,0,nan,nan,nan,nan,1.576148569059054,0.16894189055840558,98.23935661420167,24.34275311936831,nan,BLANK,7151.599665121121,1321.9774012687108,0.46431943026385547,0.23443104351878516,5006.906077672071,1.3506303899773409,29.370418354236723,6875.939593536028,374.8325912888918,0.4492820546944994,0.06794964420314968,4959.150710333406,2.662492174562497,65.94947772861778,0.0,0.0,nan,nan,3726.03,1.0,24.400668213494743,0.0,0.0,nan,nan,3728.82,1.0,24.382410999599827,14520.263191241304,830.2901876484258,1.4117446578675075,0.1546271938644855,6562.651467060747,2.241491712269057,41.307434329039765,8899.883890407273,387.2681712851075,0.5697814803846222,0.07111722109073253,4861.123886178032,2.171569572973094,53.83416075063576,6976.996342786089,587.0876923482027,0.36085577545788233,0.10748865744124421,4341.5062421658795,3.1972825666845317,91.50440696601763,0.0,0.0,nan,nan,4098.907630902105,9.99923566878981,309.59640827210086,3104.204225732056,845.6307072880908,0.1534249765249839,0.18000859406817402,3969.50562816796,2.154271457406715,65.33322525882022,0.0,0.0,nan,nan,3887.8014756337316,0.4999617834394905,nan,0.0,0.0,nan,nan,3834.862681032211,9.99923566878981,331.09476865566154,0.0,0.0,nan,nan,4363.149028853692,3.1785975385873093,90.46846648913822,0.0,0.0,nan,nan,3869.5232651612505,4.85690773101089,158.15906824013177,0.0,0.0,nan,nan,6587.032390018024,0.4999617834394905,nan,7597.950912494329,2763.5911098687848,0.7205643746685846,0.5034435997294766,6545.003348012507,6.574034504890945,127.08869406515717,2376.04019499128,521.4137315947078,0.24692135540521726,0.10134941224322597,6716.5525394985525,2.332401221413678,42.17262425331441,1738.2150216770663,895.7785319125684,0.17748500956541466,0.17072702298864975,6730.249608685026,2.612826608299774,47.61372479723085,0.0,0.0,nan,nan,3426.0,1.0,26.53754284399528,0.0,0.0,nan,nan,3750.0,9.99923566878981,337.7342754526394,144.05585934723308,1564.7538477491287,0.008559695169708524,0.2837291322220701,4691.741996490086,0.4999617834394905,nan,2205.400735686216,9174332.619383426,0.1897475387899937,1716.3654719926967,5874.916041672412,0.6522242392718991,nan
86d45m43pt80905047s-39d04m29pt53186516s,86.76216918068606,-39.07486996254395,0.31926669520258844,21.42471699280471,0,0,0,nan,nan,7.911827883639807,2.373168250871515e-05,13.414858241466563,0.10148194938115947,167.6607225497511,18.53457082012248,0.3142,BLANK,216101.2347842509,2339.3738196378417,19.83334784033482,0.5864400494704752,5006.8505695774,6.657253730065118,168.33723194855213,74208.3639169714,854.1952139966223,7.06176980606746,0.2255441406333663,4958.797007781878,6.8132044456049465,173.98981092261127,1819182.7675500982,4792.225768442626,144.66731458305313,1.91741584896665,3727.737224816866,7.617700447576549,259.1786035359981,1819129.5223851209,4792.544987609313,144.62980157827965,1.917102444895034,3727.7372312749576,7.61753247504737,258.9789200508976,502399.00964193715,29546.520978724962,15.608457813689881,1.7581796301847465,6563.064958402864,6.833861647279155,131.87109662286036,292856.0121860035,2149.044174503996,26.062580592406587,0.5485145546817117,4861.516108378046,7.1387976999639955,186.05227899333025,135452.85309257207,907.1411048194215,11.69385053647543,0.2773380147893883,4340.668108993266,6.358729005256384,185.37447037756633,61857.62407434192,527.1995065275283,5.250784327856826,0.17877662331657404,4102.040991632551,5.246893282180256,161.39807958542352,30651.98285793384,608.5713989985601,2.7994858934259206,0.23934719406384358,3969.776330835111,4.675500086574614,148.24124062836282,31290.579900038818,1691.4369906700124,2.5282000432679985,0.6180925692876279,3889.1314876563315,3.73181736234332,119.99434532157723,1179.92303111703,603.0090548217681,0.11519133944332803,0.2753912057402426,3836.0592093667437,0.4999617834394905,nan,0.0,0.0,nan,nan,4363.1632425019325,9.99923566878981,291.0428046557292,47314.58182370537,2056.0860375856087,3.9560301931379587,0.7874886730993716,3868.856784080554,5.33360363318397,173.9963512824022,173648.71282004833,51268.55149205336,5.168310692485677,2.913034410827893,6583.776517842859,5.06823053926573,97.06966203046841,0.0,0.0,nan,nan,6550.936851345182,0.4999617834394905,nan,281825.55129881,31376.795991920204,19.49778709708003,4.059324484762278,6717.990181695018,9.99923566878981,189.07053077254085,206639.6751137597,59268.28500063012,13.080685822678024,7.007481224345029,6725.944969926341,9.99923566878981,188.66659273341497,0.0,0.0,nan,nan,3426.0,1.0,26.53754284399528,0.0,0.0,nan,nan,3760.0203768716938,9.99923566878981,337.7342754526394,9995.132663721173,389.6597668700994,0.9127502069198485,0.10880271549950637,4686.575541521405,7.658625691949092,207.2142078063912,26261.413287534102,3868.362152200814,3.384624671922075,1.0843427894686042,5873.83032210612,9.99923566878981,216.12712798001303
86d45m47pt4153666s-39d04m25pt13166807s,86.76317093516602,-39.07364768557408,0.31955579690375835,24.88858705156193,0,0,0,nan,nan,7.92308922146604,0.0002817880252198451,6.186635343814289,0.16605599283386935,127.44451137847699,16.140033107023143,0.3142,BLANK,2324.752641073704,285.0119717584657,1.3306377160421554,0.4455684396448312,5006.971555344647,9.99923566878981,253.6292103805842,2509.711179237127,434.8731202939371,1.5134085676241666,0.7278358318882971,4957.930570040081,8.67491015942592,221.9847854653072,49025.551114191796,633.1842280528126,10.807892300336734,0.7029086676351658,3726.5322464472156,5.415773944651629,183.4927177286919,3647.8708441124168,345.88095383135914,0.807921160287941,0.3839683770482397,3733.1778401288116,5.415773944651629,183.35542371008466,13935.853474092672,751.2020282544893,11.4412873279575,1.1818489633005984,6559.915017953982,4.62786841489662,88.74196066730114,9295.502738191017,203.9288004287961,4.7829970177381025,0.30119803932691,4859.097116805633,5.634961240105075,146.42719055015286,5001.811261175595,194.77662353996712,1.8509568335344067,0.25548548389313824,4338.7288952926765,5.182566633327148,150.61701117897917,1453.0463239903715,262.3349009428243,0.4522318418042766,0.3263841641865473,4100.827740466177,6.475001022148951,199.79422279426637,3078.4265392797474,334.5893966763166,0.8612912015867207,0.40333522603682237,3968.8601976676932,8.251529033546504,263.6512175437012,1959.4425504432538,225.7626246061378,0.49562303716877626,0.25872195256020725,3886.324120973939,4.330619541210701,139.90055668612953,819.5929019332718,214.49951631057948,0.19716531439086613,0.24150575187768333,3835.317107489958,4.179690815450284,136.77880215998087,0.0,0.0,nan,nan,4361.575667185073,7.227254793961095,209.88604044536947,1405.3288207383318,209.13300271283694,0.346058504637371,0.23600092223820318,3868.198446927214,4.0385532996664315,130.88634933096202,6082.729235065893,1372.5286564359794,5.141152417436799,2.2157849765552093,6580.477795430631,4.108751064209085,78.29305297454991,0.0,0.0,nan,nan,6549.124628348145,5.458003247452273,105.24060008985107,4211.1702056876165,396.77800856693636,5.42507926214261,0.9564681893305493,6713.704605152296,6.195037476490273,116.6749126315961,1564.8795208214406,416.4216664308509,1.929629956243995,0.9588291813146763,6727.608065651745,3.9131436662897467,72.82132293965957,0.0,0.0,nan,nan,3426.0,1.0,26.53754284399528,134.83580880295892,289.2806293356752,0.030362088584639808,0.3206341239077763,3759.5034376526855,0.4999617834394905,nan,0.0,0.0,nan,nan,4686.438240447535,1.4921551590504145,35.80396512570913,412.24331117255025,92.29136315392132,0.39546822506556445,0.19239883931895316,5877.765275171332,2.8232341642512115,59.262365079622185
86d46m00pt55633295s-39d04m40pt73068874s,86.76682120359628,-39.07798074687324,0.04832722115383703,40.496965235822316,0,0,0,nan,nan,nan,nan,3.529908951951201,0.02072167000003938,40.69811196824992,8.567412426273295,0.3142,BLANK,315778.4053444027,388.62811289388713,31.955935663226064,0.10742126861931589,5006.838196478772,2.9139079792511824,71.92296677689095,107791.6899111505,384.1844096301177,10.404660871510286,0.10289251116787568,4958.882725711956,2.9399881343530816,73.30770026794204,0.0,0.0,nan,nan,3726.03,1.0,24.400668213494743,0.0,0.0,nan,nan,3728.82,1.0,24.382410999599827,307205.21294729906,3229.7129885960917,48.87867066047644,0.9842876882837884,6562.752359551468,3.0395798470134583,57.379155317383116,119994.62338013551,687.1835506614885,12.24470382806234,0.20113159842924522,4861.242205647129,2.8318335851984218,71.85957457209186,0.0,0.0,nan,nan,4340.46,1.0,20.94654063936261,0.0,0.0,nan,nan,4101.73,1.0,22.16567686891332,0.0,0.0,nan,nan,3970.08,1.0,22.900702702093618,0.0,0.0,nan,nan,3889.06,1.0,23.37778840736009,0.0,0.0,nan,nan,3835.4,1.0,23.704860453545347,0.0,0.0,nan,nan,4363.21,1.0,20.83732430562082,0.0,0.0,nan,nan,3868.75,1.0,23.500516131444996,5262.782800827925,112697.38787492232,0.4354055473122746,17.800366632236067,6583.498924266933,0.4999617834394905,nan,0.0,0.0,nan,nan,6547.7530568329175,9.99923566878981,193.93267853817915,42671.83101871579,3452.827495120336,7.0236726575901285,1.063017678938379,6716.418760650922,2.8937010104710725,53.221060967931145,27071.75093768556,4723.27535487742,4.2584382765735995,1.386714587864946,6730.768322082221,2.7317806570627674,49.9451330195927,0.0,0.0,nan,nan,3426.0,1.0,26.53754284399528,0.0,0.0,nan,nan,3760.0,1.0,24.18021855944889,443.25629780962225,56690644.21891392,0.03698639984948998,14470.925468410649,4685.334712074919,0.7134398134490192,3.7447741773788175,12847.573774021623,308.5079168974256,1.8595929743476451,0.09708209836806933,5875.679692172099,2.9956414909118587,63.111169539228726
86d46m01pt84293669s-39d04m30pt5305709s,86.76717859352586,-39.07514738080678,0.4060094240974872,39.456287575513414,0,0,0,nan,nan,8.118164957849576,5.512260811797453e-05,9.765903521925562,0.29260410533891085,81.0842713616067,18.469940480073287,0.3142,BLANK,14229.321045244867,67.24813985961794,317.02131040525717,4.092344871969965,5006.833074564699,2.3060363033956643,55.86940617017913,4686.9167036536965,82.12396004076786,100.28037836310726,4.875164933005985,4958.956944687108,2.139721646514547,51.91034387352602,7393.121672290771,219.42611478163283,30.58254776547341,4.572133316716686,3726.0889544628876,2.1574435562921503,69.72705682902382,13110.808678515286,341.9593837892117,54.337802012157326,7.125331882864085,3728.8165476287913,2.1574435562921503,69.67488523357193,9960.205152367527,136.20561135415778,168.53914605852515,4.414580286312136,6562.830391661023,2.705082988248549,50.68784600205869,4036.5100895377336,113.03845235688837,92.82094817797618,7.455881051686551,4861.164627689806,2.00014031746499,49.0677513219972,1903.4168075383773,76.5745321385083,17.153470204802623,2.4437013580922273,4340.763791308015,1.7975679313092314,48.56256081497217,1609.8931389159238,141.35623334064704,19.375347495106844,6.802258815013621,4100.428203897934,3.2116643442421746,97.28760240965757,547.4844121017111,113.51988429927766,5.025948043950795,4.484908654244448,3970.794169073821,1.58444294970213,45.58151871876724,812.1764192802143,82.5487199347266,4.477004311484948,2.058109111067735,3889.0539438157043,1.1486640125472383,29.81315561676909,0.0,0.0,nan,nan,3839.7016628633464,1.1626633566898015,30.814281995724773,0.0,0.0,nan,nan,4363.3400923485315,3.813926097077891,109.39267334797404,1403.331440891079,115.81318986146422,8.159831799381474,3.0833258931757133,3869.5767863118135,2.332787428427564,73.22816005026984,0.0,0.0,nan,nan,6583.911933094091,0.4999617834394905,nan,0.0,0.0,nan,nan,6547.098912993831,9.99923566878981,193.93267853817915,0.0,0.0,nan,nan,6716.44,1.0,13.536579167464883,0.0,0.0,nan,nan,6730.82,1.0,13.507659064352907,3940.8977618580043,435.43917318834764,36.480907686453776,25.561572657061436,3430.336140162738,9.99923566878981,370.65991701749095,0.0,0.0,nan,nan,3760.46959452662,3.421213420971748,113.38849444174825,0.0,0.0,nan,nan,4685.117195409443,0.4999617834394905,nan,1487.3961254814762,314.4949145398631,84.00254250264997,38.6055599398333,5876.822856798389,9.99923566878981,216.12712798001303
86d45m44pt32479652s-39d04m35pt33183885s,86.76231244347804,-39.07648106634725,0.31897381130750047,23.40744214464777,0,0,0,nan,nan,7.8849979268853465,0.00207188674880535,6.5515508453615645,0.9059047632210544,149.6817870196402,23.042241450657293,0.3142,BLANK,2864.650060351319,231.10104883971457,0.9828103270835544,0.2165374018031603,5007.223638950715,6.171552517807072,155.91287747231928,0.0,0.0,nan,nan,4954.919402367189,4.59550339014412,116.60365696809917,13935.965153832769,3279.626943070855,8.174463877987893,9.686126313177816,3726.6866536818807,4.454380255800403,150.30519370695006,27164.31569673141,4907.026992622254,15.962274188428642,14.49252738124165,3729.240283326556,4.454380255800403,150.19273145603898,15211.286409421074,829.0553663227377,5.903490834239476,0.6161314499159969,6564.492021813435,3.8475198623290914,73.39143028251392,6710.614318446792,219.50489103494164,2.1394733522506346,0.20063408227281218,4862.596262393869,2.9770417399946276,75.77791497153201,9264.052353861824,278.4786676043824,3.1680053080043957,0.3370304997132482,4342.007943435883,6.19348322163615,180.4972058436608,5133.826983179448,393.74457766668525,1.8114575486236553,0.5554363313478521,4100.6523684334425,9.99923566878981,309.59640827210086,10535.205252916176,1873.1334925971742,4.501184950709244,3.439619608232361,3973.043328749064,9.99923566878981,319.8627926142355,10534.631345153934,566.1867207655146,5.492702379928901,1.3320800801761747,3892.806778694533,9.568595240994064,312.3929831736559,1652.6282425619577,210.78019366522267,0.9645428049737981,0.5760372601491738,3834.586546713522,3.3274845868441867,107.97901142128121,0.0,0.0,nan,nan,4363.189342656365,5.864448124816952,169.8900456404716,3806.0730047757556,1040.1308249053445,1.902377809632234,2.3686428259301158,3877.412687116112,9.99923566878981,328.2406140748108,5897.209916984256,1452.4560888230892,2.181657345080362,1.0255691332991512,6585.168257103392,3.43393121233331,65.01070143173686,994.5342743338546,1271.270468161718,0.3778059803756122,0.9270019669024014,6549.410984769564,2.5681972875830117,48.04149272453314,3735.7544509027593,316.5696130252297,1.6570525659215334,0.2625791564988064,6718.1000133979605,3.9555962886485156,73.79497135528614,2047.459630498936,433.8970225046269,0.8973500703401792,0.354841066095692,6732.452727040813,4.03226871585069,75.11033674621075,0.0,0.0,nan,nan,3426.0,1.0,26.53754284399528,5816.98524152263,542.7277667955036,3.0134219874303025,1.381993460256817,3761.535898694182,9.99923566878981,337.7342754526394,639.1154453021645,4118319.79873262,0.19397060592397267,3822.9384140106195,4685.797090040987,0.6199497681912323,nan,3185.467501446161,1042.9744743742312,1.302497544978136,0.9252026049768036,5885.62,9.99923566878981,216.12712798001303
86d45m26pt03284796s-39d04m22pt53238582s,86.75723134665522,-39.0729256627271,0.32514688423549853,5.399959746400213,0,0,0,nan,nan,7.873641407548193,0.00014309062985605692,9.603988466158533,0.270914370122798,103.46601562947137,16.48114654250889,0.3142,BLANK,1507.0624671234557,93.61595955249682,1.6983633074086222,0.28840708105093743,5004.205192678188,2.613348919607919,64.02210359392512,699.7600202313092,79.18647457478743,0.7788724374530575,0.2446916838042716,4957.148832743318,2.2587308319487356,55.13343410182217,22003.707906138316,307.3572918737127,22.18422358027137,1.5615044390958408,3725.5400363633335,4.961709048325867,167.8349114144733,21546.48171095166,323.6923969927344,20.756287686267424,1.571289795174368,3725.5428859904496,4.91010197349097,165.9293625706325,16488.713831228077,603.9961330967087,22.368707221643273,1.5704072355793834,6559.04796227683,4.118522003430097,78.73175321955178,4764.375995002307,125.45572884911893,5.539885057546381,0.4188060602759236,4858.560833722345,3.322548989198694,85.05901545419592,0.0,0.0,nan,nan,4339.364169058732,4.545501733079765,131.73380730211616,0.0,0.0,nan,nan,4100.911604347917,6.78351116190568,209.42367179585682,0.0,0.0,nan,nan,3970.1380354890484,0.4999617834394905,nan,186.67239468942637,234.8382220923043,0.1468915627263881,0.8334098241216975,3893.6599673166875,0.4999617834394905,nan,0.0,0.0,nan,nan,3843.145090182954,9.99923566878981,331.09476865566154,106.29926732451806,82117.67149722144,0.09688154400454496,262.2124361283282,4363.700901754663,0.4999617834394905,nan,3637.016286620127,233.97004146466452,2.9251770718605523,0.8628127504125667,3867.3634297581966,4.304860582188234,139.77597846626645,0.0,0.0,nan,nan,6583.207588579349,3.885444174063249,73.90692645325356,0.0,0.0,nan,nan,6549.072364105938,6.057936093962224,116.99217011868713,3370.7039119891924,289.9459750278153,5.2994133630532225,0.8531217752609577,6712.676454811393,4.161839478714331,77.76382433687685,1820.8202489242124,409.7878565630142,2.806693870508902,1.1796490272594002,6726.82307113759,4.00221027094669,74.5329631014528,0.0,0.0,nan,nan,3426.0,1.0,26.53754284399528,1056.4285855855442,191.8836893125341,0.8396820601754226,0.7508883654424579,3759.1708507925046,3.0685911930122187,101.1602056329179,0.0,0.0,nan,nan,4686.59600434972,3.0792954107535833,81.47417218086518,689.8235675816258,152.17614772434382,1.0406261421422316,0.4994069957505312,5872.703140523618,4.130980494394217,88.21370134687658
STACK,0.0,0.0,0.28954663881677833,nan,0,0,0,nan,nan,7.911035198693893,2.6398133570932896e-05,13.249424807124095,0.1079211704558227,140.82427324818872,19.03073538923203,0.3142,BLANK,225412.79918868604,2530.1201076912043,9.07111221675803,0.27810890373105185,5006.8037392367405,6.182388416958355,156.1901909441872,73762.20438393718,1324.205457089506,3.0189965647892527,0.15038575756754655,4958.735247567285,6.811970402548081,173.9579607461539,1892838.2456464663,4693.164608487894,46.79196120656926,0.5837260942330288,3727.7351828585574,7.467939709340667,254.03943252873808,1891450.8327678964,4659.567881603216,46.6659221294547,0.5784102584713967,3727.7352713960363,7.464045505076002,253.71580863752243,521879.8547376806,31187.37830851495,12.687226176024984,1.452195337067501,6563.002166362787,6.608693480396769,127.47922490199997,308199.34762687545,2450.8077194756174,11.707907779629517,0.2670243995447912,4861.419848173847,7.024526102759786,183.0449674026507,152232.65258271433,1109.8054534377764,5.013071073909041,0.12942641934523444,4340.595157118405,6.54072803332442,190.74441491396175,70089.61560964161,1076.992888248103,2.1409485013308074,0.13143340257612196,4101.890275271875,5.137893864701291,157.98376628948787,384757.37571620237,1569.4093536760927,10.990619015615554,0.192048803376393,3978.577823723329,2.3027842622895363,70.34987351856664,32586.319907535697,4239.510223015754,0.8836037518497213,0.5198784540910573,3889.2640991382436,3.5036879573845625,112.38242752308508,7139.971455470535,522.7041856309629,0.2076501819582586,0.07114190577945415,3835.4420655381605,2.031807001593468,63.31374004546484,0.0,0.0,nan,nan,4362.756445160195,9.99923566878981,291.0428046557292,12278.586860633788,5970.800285321197,0.31408011529351165,0.6996278336598498,3868.842100134533,2.2181491147646466,69.26331413320621,193010.89620004842,55398.57201056052,4.533878873289832,2.484263835619748,6583.870615617199,5.262741179829562,100.86612432303887,0.0,0.0,nan,nan,6550.3764476041515,0.4999617834394905,nan,289811.31730677123,29840.209426565772,13.036397847636605,2.5102181558386447,6717.573947562076,9.99923566878981,189.07053077254085,224023.19929196933,70579.26776612952,9.76235895323303,5.745148682956784,6725.335787062452,9.99923566878981,188.66659273341497,0.0,0.0,nan,nan,3426.0,1.0,26.53754284399528,0.0,0.0,nan,nan,3759.723538988019,9.851195500800305,332.709257989141,2007.6819075083552,1077.472509871962,0.07252167298017377,0.11897951463217316,4687.161582685291,3.6029990022852303,96.02833944650598,12229.965176363534,1383.1039175900078,0.6838958139942205,0.16808759920262994,5877.4108476262345,2.8896946994453936,60.7476971107615
88d21m52pt47042617s-33d42m43pt39125989s,88.36457511838123,-33.71205312774827,0.6912436221517422,57.79778342579955,0,0,0,nan,nan,5.885568720055134,0.03118528831770491,3.266265556093981,244.0443631693057,51.43757538337778,12.79008698899966,nan,BLANK,0.0,144.2175577490421,nan,nan,5006.84,1.0,18.158683277981286,71.00176948879881,417.9802914826414,2.3422369884522083,38.27834500376095,4957.25511315959,0.4999617834394905,nan,1400.025304891525,300.6330726219172,4.488445133470201,4.854356924624338,3726.253259677222,0.9419280000000001,21.534597245939114,756.2339791543853,168.9917069624373,2.434266099167746,2.728728598429621,3732.0395045318487,0.9419280000000001,21.51848450080361,0.0,0.0,nan,nan,6562.8,1.0,13.853480493619768,681.8983378063775,50948.85824993039,3105.7737256290725,665370.0337228265,4862.18233511564,0.5347363344606213,nan,448.2607512332724,31102.532810365432,12.18177932597637,2993.461890601772,4340.507144358328,0.4999617834394905,nan,0.0,0.0,nan,nan,4103.692123808501,2.873808151429072,86.51115968081001,727.1311084049579,80.47678850428231,5.39157881955814,2.568748390257439,3970.3573732719055,0.9293099440011937,19.600945399301253,0.0,0.0,nan,nan,3888.8678695147732,5.060737493924653,164.07308736134343,0.0,0.0,nan,nan,3835.202481145122,4.697918407885079,154.19931203515907,0.0,0.0,nan,nan,4362.847985678399,2.929043733941704,82.98741917050256,0.0,0.0,nan,nan,3868.7908582604628,4.322137272277872,140.35214515498993,0.0,0.0,nan,nan,6583.45,1.0,13.810026928666252,0.0,0.0,nan,nan,6548.05,1.0,13.88468655302385,0.0,0.0,nan,nan,6716.44,1.0,13.536579167464883,0.0,0.0,nan,nan,6730.82,1.0,13.507659064352907,2499.823765282885,154.88568072521852,8.307018603297015,3.2743028840233026,3426.670127203249,1.3619773090044462,43.41493076062555,0.0,0.0,nan,nan,3759.420440690063,4.219743142523413,140.8970285814675,427.0560606513188,inf,13.023030172615842,inf,4684.311957642262,0.4999617834394905,nan,0.0,0.0,nan,nan,5875.62,1.0,15.473706908126772
88d21m08pt23096203s-33d42m11pt39349775s,88.35228637834102,-33.703164860484925,0.6989912515032484,4.647914788585335,0,0,0,nan,nan,nan,nan,nan,nan,76.09527496825311,20.39943933251688,nan,BLANK,1192.5803192473384,166.35348613639113,29.39976245589581,11.202324337819306,5006.602327096759,0.4999617834394905,nan,0.0,0.0,nan,nan,4960.197744190924,0.5685591926593183,nan,1418.5550762966711,125.68878905143328,215.75469836382712,96.2535398593576,3726.6779050039186,1.0395328294798165,26.258736952909217,0.0,0.0,nan,nan,3730.521663871833,0.8559519444561824,16.818414295620148,0.0,0.0,nan,nan,6562.8,1.0,13.853480493619768,0.0,0.0,nan,nan,4860.242270500749,9.99923566878981,261.2208748844296,0.0,0.0,nan,nan,4342.144662280088,1.7214862044644321,46.13010817768945,1320.0443124926837,661632.7691746874,8.164131894328403,16334.176908774509,4103.507445043602,0.4999617834394905,nan,712.7586981245333,1387.4279539666472,12.259167521874312,102.73329314794974,3970.22271120673,0.6849015436459297,nan,0.0,0.0,nan,nan,3887.808654592129,5.5492801489910155,180.20712987509134,2147.719980080322,235.30126901219134,15.334388790100837,7.874529195859325,3833.0347463301905,3.7063743712227657,120.81324279294537,600.6862910416658,140.83897801587977,15.169471192762144,12.427641725735468,4369.498681520448,2.13907575599006,58.97761170823752,2967.586940492537,332.1871170373128,37.04197668709039,18.970316673861664,3870.811743766911,7.132395651085673,233.57480565476754,0.0,0.0,nan,nan,6583.45,1.0,13.810026928666252,0.0,0.0,nan,nan,6548.05,1.0,13.88468655302385,0.0,0.0,nan,nan,6716.44,1.0,13.536579167464883,0.0,0.0,nan,nan,6730.82,1.0,13.507659064352907,665.0797425492666,103035.18863938662,11.70522747659466,11535.782819434935,3426.713641655453,0.4999617834394905,nan,0.0,0.0,nan,nan,3762.2621904118932,3.950096047011735,131.62979148997164,1184.3315709374153,413.92272354033446,57.14325345992231,61.04167851796376,4687.62683078406,7.76139718291053,210.0180944816398,0.0,0.0,nan,nan,5875.62,1.0,15.473706908126772
88d21m54pt38932442s-33d42m13pt19106439s,88.36510814567254,-33.70366418455411,0.7622762308981048,47.07429189566175,0,0,0,nan,nan,nan,nan,nan,nan,73.104560031791,13.787395946743361,nan,BLANK,1384.3927645916192,57661.60738494681,28.33839114951957,3223.9301615651448,5006.866284366086,0.4999617834394905,nan,979.9285693771657,376.4983169814925,7.188484601670872,7.673176576049522,4954.940550011612,4.5096469130807275,114.37293357164397,612.3447351448666,176.73676544819142,2.1372837657964983,3.10972008085443,3724.9574738807473,1.3836246347600032,40.77887360717754,764.5107506091787,194.5187980977342,2.675120167059495,3.4225986370985866,3728.5632494670494,1.3836246347600032,40.74836179449577,0.0,0.0,nan,nan,6562.8,1.0,13.853480493619768,0.0,0.0,nan,nan,4861.0973957984625,5.335619076509906,138.5232453504553,0.0,0.0,nan,nan,4341.767834285122,5.20336094640366,151.23254761296988,52.243932926885044,288.16926823010965,3.87821709955164,85.45203479883418,4102.152390123142,0.4999617834394905,nan,0.0,0.0,nan,nan,3968.066958606018,5.670040533863599,180.43250723246376,0.0,0.0,nan,nan,3889.362832985756,4.243081600424524,136.9959734628589,1725.5414649368458,158.33224673518652,13.391743433102883,5.748050632316648,3836.132439831178,3.2891392447292365,106.67671087934667,1001.0236494885322,250.4737634598262,13.57677267716633,11.893317703483778,4365.281106017305,3.7707218913550618,108.11001630861594,0.0,0.0,nan,nan,3868.562019164146,1.838068963705718,55.92787412831821,0.0,0.0,nan,nan,6583.45,1.0,13.810026928666252,0.0,0.0,nan,nan,6548.05,1.0,13.88468655302385,0.0,0.0,nan,nan,6716.44,1.0,13.536579167464883,0.0,0.0,nan,nan,6730.82,1.0,13.507659064352907,0.0,0.0,nan,nan,3426.245804139229,2.4444588982173876,87.03199767262747,2458.496709133107,229.8605338392788,21.66175991236635,9.976277719568488,3758.437688438523,6.327162321375236,212.91675972027602,0.0,0.0,nan,nan,4685.5810159518605,2.9328186720115372,77.3818202111069,0.0,0.0,nan,nan,5875.62,1.0,15.473706908126772
STACK,0.0,0.0,0.7175037015176985,nan,0,0,0,nan,nan,7.179256100865189,0.029711124661738548,1.8819176962642863,0.9663281793867786,70.7431343648421,15.752197504805787,nan,BLANK,948.4653891844436,799.4732145418825,25.911261447411132,59.67331311297943,5005.967472109102,5.255024017083505,132.4299941939379,0.0,0.0,nan,nan,4959.16485916782,4.92950481387029,125.27275018332845,1064.6871758849145,565.1497647150189,3.766292840063775,10.067032252033188,3726.546881687743,0.4999617834394905,nan,0.0,0.0,nan,nan,3728.638946842361,5.375981354823384,181.98523809867487,0.0,0.0,nan,nan,6562.8,1.0,13.853480493619768,1069.7346483672375,176.24803836155053,16.747921798180496,7.911162106475695,4862.495741075515,0.9827369068748946,18.063721842393914,0.0,0.0,nan,nan,4335.672335946961,2.1106924562634384,58.405003812838146,0.0,0.0,nan,nan,4101.766918864778,3.940286028640266,120.35384226713558,1098.4607524844334,194.44041057601123,3.3332696172872276,2.5403375962922405,3970.0800008872657,1.3830145672800431,38.24942030007648,52.86626653605609,417.62978604923825,0.19996245231012266,7.145265013136161,3888.9207300367643,0.4999617834394905,nan,1558.4223716570862,280.1116205232675,3.3315174426278955,2.799584885108045,3836.964411320311,2.25411263692669,71.1225118207055,0.0,0.0,nan,nan,4361.71555241818,5.346713443830203,154.66409414765317,0.0,0.0,nan,nan,3869.0207718273514,6.83082436627869,223.6006231240187,0.0,0.0,nan,nan,6583.45,1.0,13.810026928666252,0.0,0.0,nan,nan,6548.05,1.0,13.88468655302385,0.0,0.0,nan,nan,6716.44,1.0,13.536579167464883,0.0,0.0,nan,nan,6730.82,1.0,13.507659064352907,1057.0957119616141,320.32170369835995,2.4702271680601187,4.760333160891032,3427.0499721063834,0.4999617834394905,nan,0.0,0.0,nan,nan,3760.303987581511,4.074459167415159,135.90621402598282,246.6451852308451,737.6192971532982,3.218635607399607,29.42151569528556,4687.518455367831,0.4999617834394905,nan,0.0,0.0,nan,nan,5875.62,1.0,15.473706908126772
88d20m09pt74633861s-33d42m54pt2999808s,88.33604064961483,-33.71508332800021,0.3241668089670833,16.432846510025794,0,0,0,9.67915897815894,0.05576361771430755,8.033156421859072,5.809018374372356e-05,7.359731247922568,0.14714498398980067,67.39985303059142,11.02584681695369,nan,BLANK,12338.246890286919,80.12714440329968,13.853142169325569,0.24573183415397604,5006.838414124541,2.729629825878032,67.08590881806055,4931.928800977441,114.10713459913246,5.497640440668648,0.3529119361706918,4958.933926654027,3.2105552555741435,80.44162925883212,19658.902917225423,560.2660983604275,17.4241569993269,2.5017540377996403,3725.8483571163547,2.807135521177259,92.88362144515985,31635.46021820089,895.0327425193534,28.093632435570367,3.9965862366353613,3728.6232448840938,2.807135521177259,92.81412350644679,24082.861028098054,465.2145350671729,36.22413465828681,1.3403293454125105,6562.738017467753,3.131869586203652,59.21739655869601,9316.174261939848,117.25804401093457,10.214313719384702,0.36874102150440513,4861.333471128906,2.7203751333529533,68.8431530905886,3555.8019739181086,121.35176543298402,2.7877541147523472,0.336934403481033,4340.583740493202,1.904424484168105,51.948485788204025,359.3563466483995,0.0,0.26240992005299,0.0,4101.18501640795,0.4999617834394905,nan,0.0,0.0,nan,nan,3970.2253289627433,0.4999617834394905,nan,266.8494749484228,698.6031296677295,0.17515086549872777,2.074189021881341,3888.866164703295,0.4999617834394905,nan,0.0,0.0,nan,nan,3834.829043140382,1.932276325374992,59.78222934159246,69.50919401384024,281.0260106472691,0.05471546913564103,0.7736114269434592,4367.674795572412,0.4999617834394905,nan,3746.6534812728205,208.26324498428642,2.5454972965157316,0.648657332906943,3867.6387628458433,4.325448677517379,140.46257131752944,2156.250415544634,1827.5114209600933,2.0947068743715094,3.389403412194301,6583.462313717069,2.0749928070720003,37.773791723571854,0.0,0.0,nan,nan,6547.860805227756,9.99923566878981,193.93267853817915,4409.353140766315,437.188439821502,7.727327496028186,1.4330796265973107,6716.348285355964,3.4524928156566554,64.08278555099406,3333.9875710598826,454.49121310809613,5.638015062459709,1.4344054614066963,6731.163646210821,2.9409828793124095,54.02858456531231,0.0,0.0,nan,nan,3426.0,1.0,26.53754284399528,156.43092068036876,474.360176352663,0.11257356264592529,1.6803874525555111,3759.4244627517573,0.4999617834394905,nan,548.4533723408969,2931594.7826889777,0.4927651452900578,8054.742193195883,4686.235880153603,0.6235469017510059,nan,1295.4369504691385,188.98685840220813,2.05862957509673,0.6528889530811778,5876.007331950996,2.675982857991813,55.96299917289164
88d19m48pt8284935s-33d42m42pt89990813s,88.33023013708375,-33.71191664114773,0.7300043801847442,12.25088863725316,0,0,0,10.998480244396939,0.055259290325378976,8.154040065777378,2.0670941853078067e-05,9.11329968421809,0.16838553659251476,40.25682289225364,7.06511451902184,nan,BLANK,25714.62837642129,98.80547963602594,1276.7754536260452,13.399904049087736,5006.842235734503,1.937547145553583,45.93886465926384,8617.419116779181,88.2042227351038,225.0460493325536,6.391200058385597,4958.900263101812,1.8804969964318694,44.808548387945386,10527.346981852741,103.497737573993,50.625352601799214,2.507121082370569,3726.054129625856,1.8866863145060069,59.8627248413286,13790.56934978309,120.29974181121123,66.44709291104661,2.914131515995686,3728.8407225836186,1.8866863145060069,59.81793399534856,0.0,0.0,nan,nan,6562.8,1.0,13.853480493619768,6435.645250029809,116.72755699085356,160.94142567936345,8.372510898521147,4861.337709139837,2.003128085637263,49.1512696432077,3007.243284701681,58.59756837759044,29.56644904197753,2.040330277463501,4340.544885624661,1.7489140964602696,47.009318711955565,1748.7833550384307,44.694168480202976,11.258993061517899,1.1497591418172783,4101.66964353798,1.4861596867765257,40.690425897671666,1510.1575417426811,93.13121721451883,7.9786382673818945,2.1196663377888223,3969.1208253179652,2.083804567214055,62.93909183100879,1592.8062690184988,115.6511104491631,6.08913350637359,1.999917736206661,3888.873845817915,1.6194832922962572,47.806382376318595,248.08403148181847,84.80984702969529,1.405500157127883,2.2511594612854426,3833.686489062504,3.269299543241404,106.00262545518095,16.209690337094017,295.45896056744334,0.09215003412807922,5.887472846534109,4362.680338865332,0.4999617834394905,nan,3092.8728188341447,82.61568299661509,14.011308546401068,1.7147516186970306,3868.5526890736037,1.7824637001538406,53.943663385643845,0.0,0.0,nan,nan,6583.45,1.0,13.810026928666252,0.0,0.0,nan,nan,6548.05,1.0,13.88468655302385,0.0,0.0,nan,nan,6716.44,1.0,13.536579167464883,0.0,0.0,nan,nan,6730.82,1.0,13.507659064352907,0.0,0.0,nan,nan,3426.7759720663657,3.8445673895275383,140.4760695267589,0.0,41.84946171360076,nan,nan,3760.0,1.0,24.18021855944889,318.3920852260169,44.060234155885055,3.4820521135334976,1.4754822356089103,4682.840924133129,0.9883319445340945,18.956827243244227,0.0,0.0,nan,nan,5875.62,1.0,15.473706908126772
88d19m51pt9540592s-33d42m44pt29998123s,88.33109834977691,-33.71230555034175,0.7303612048554116,9.66830777097832,0,0,0,nan,nan,8.089838573041677,3.080918051234083e-05,9.457553915512003,0.3115161421463484,65.7683672835349,15.857330241935417,nan,BLANK,12898.037896835363,99.25003958550862,42.35538478058814,0.8902292975041807,5006.8434771898155,2.7988335988783573,68.904869392955,4492.5403271277655,89.87403070508944,13.455378940717289,0.746847958206427,4958.933814820627,2.7978137239981624,69.54382158908756,10550.415665392418,136.37614907806886,26.170186988996974,1.703837629179014,3726.1952046276465,2.2134527948391782,71.74721774225402,15842.59567878168,185.28630159005985,39.37306153336153,2.3149045852573047,3728.9521072189896,2.2134527948391782,71.69353460992237,0.0,0.0,nan,nan,6562.8,1.0,13.853480493619768,4629.483475248781,149.8674538706295,12.488542342922585,1.1595352039314626,4861.3982883276785,2.6146887457158208,65.97483988933794,2374.4687217500996,66.53519793170013,6.727209650183999,0.667568373068044,4340.615991616953,2.335670524596318,65.35855641783019,1192.7826630606373,65.59721370511664,2.846820222254582,0.6256136481348608,4101.544177375923,2.7636339886649544,82.98091937599726,75.93244644333161,142.80287885158327,0.14952995273576894,1.2116427226451416,3968.8444647348315,0.4999617834394905,nan,611.9055014578429,517674.85092857166,1.199806715835126,4591.576138955868,3888.844337811596,0.4999617834394905,nan,39.19243612601396,61.498760859883625,0.08511341543606665,0.6251840249996609,3835.0437767882995,0.4999617834394905,nan,0.0,0.0,nan,nan,4362.063911559437,9.99923566878981,291.0428046557292,1518.5352686504787,75.43926470323686,3.0584495788274335,0.6960370472441285,3868.783973502605,2.8445872434056962,90.72918439073031,0.0,0.0,nan,nan,6583.45,1.0,13.810026928666252,0.0,0.0,nan,nan,6548.05,1.0,13.88468655302385,0.0,0.0,nan,nan,6716.44,1.0,13.536579167464883,0.0,0.0,nan,nan,6730.82,1.0,13.507659064352907,0.0,0.0,nan,nan,3426.2489218347578,3.0749194472842687,111.26380465357049,1577.4352316853017,148.12113697872593,3.869874671025293,1.7859105476946942,3761.7543420322136,5.253521277800179,176.29328655449433,355.5338516856322,81455.75906619249,0.9996620854057137,699.3831269439553,4689.995310366603,0.5346543014638936,nan,0.0,0.0,nan,nan,5875.62,1.0,15.473706908126772
88d20m26pt81459385s-33d42m18pt69931468s,88.34078183162464,-33.705194254078826,0.32209183262901964,33.90446165499478,0,0,0,nan,nan,8.041533207638068,8.227522430004224e-05,8.654695208193965,0.2834824176587539,54.55974491608895,9.25021614761773,nan,BLANK,6012.608017616492,70.07192953145572,18.43665562441006,0.5868819497795292,5006.834836106922,2.075741206209363,49.68864168019345,2098.299042491073,73.1895137759801,6.257440515349214,0.605573863952314,4958.969368162544,2.3241934890379947,56.89844823395967,7939.316847332877,333.4258684030055,29.316189823387663,6.203013358289875,3725.7782759714933,2.664506196040574,87.84236083891939,13886.84255060271,540.479989975612,51.38377694438504,10.055022466507818,3728.7408349334614,2.664506196040574,87.7766349023656,9494.999142597146,186.20802816220777,43.96635825934811,1.6515423794359398,6562.774903776463,2.282444615050843,42.14288495833154,3459.0549681864914,85.53249369654066,10.981368313204516,0.7788483247025862,4861.230925507033,2.16668965530583,53.69913992194263,1685.246090603445,82.86944462614501,4.206545947215401,0.7325338240803231,4340.639776986993,1.9176475988484716,52.36530272782437,531.4003560986858,92.00815700094687,1.127798523731164,0.7799763289252092,4102.2925297616575,0.9930947576406283,21.86455121426151,963.4470567599254,10286614.680501958,1.714881468674277,78821.61829000128,3970.2837549845226,0.5962813120391108,nan,0.0,0.0,nan,nan,3888.658240543846,4.942357337654055,160.15933333720108,0.0,0.0,nan,nan,3837.082324879969,0.4999617834394905,nan,0.0,0.0,nan,nan,4367.360265942933,4.070805559894343,117.00908200533111,746.7162359705476,107.38157582769739,1.3153144795676708,0.8663879803697692,3868.9651391859406,1.4639410094848404,42.310185886338836,727.9770694917555,750.147822285466,1.862928883024064,3.66475898327138,6583.740603927044,1.6047445722128983,27.924398752638673,0.0,0.0,nan,nan,6548.526817940016,0.4999617834394905,nan,1568.695840707413,176.13666243073138,9.942316209997225,2.088037001588194,6716.4650960836825,2.1563614326307,38.66028083048997,1023.698842698722,189.31996531835972,6.167262662903883,2.128784308541733,6730.688071922406,1.8755178872020908,32.91106290133802,0.0,0.0,nan,nan,3426.0,1.0,26.53754284399528,1112.9147079048685,7892411.299008787,2.1974184558390517,76658.74865404783,3760.390494387873,0.6055109300547795,nan,0.0,0.0,nan,nan,4685.77497966165,3.1801470673949597,84.28555745447005,435.26313187276077,8159753.1713238545,1.8007280246501882,73395.59763282182,5875.455896884275,0.6069972103826007,nan
STACK,0.0,0.0,0.5266560566590647,nan,0,0,0,8.015219865445319,0.00999624035221197,7.983581924412085,0.0036814043060049476,14.52232100499399,7.526907177149805,76.17662867381061,12.48629774426419,nan,BLANK,11066.460559613528,441.19569666950713,6.471751935639263,0.7047472915147217,5006.823419354027,2.566572354530582,62.78672369166104,4269.767895088985,288.6827569137486,2.6079233780008506,0.48919408711022117,4959.102246927839,2.8567477672583883,71.10546239416348,24427.688186613028,21006.142490696835,9.460815711055309,41.00984418839978,3725.0648390482315,5.806311487375907,196.94171201291917,37769.41341855552,27720.2427904342,14.659111149516752,54.11763907646463,3728.1020291123477,5.806311487375907,196.79435510737906,17776.911548316937,2913.6470397567955,8.372558225942887,2.628497277836165,6562.732014033801,2.62842014390893,49.14662621721373,5338.907605279391,1385.6401151301147,2.176961360842054,1.6205402751478144,4861.308098877373,2.0692662184979183,50.995772683647495,3574.3317368221205,198.3044934045342,1.6102736212365534,0.3163487944179721,4340.846659766398,1.8129362334312078,49.05159069719364,184.24501576380487,15143.910297150085,0.07734569500724037,25.41409107120802,4100.807311214306,0.4999617834394905,nan,0.0,0.0,nan,nan,3969.946479902589,4.067769786422029,128.4968725103551,500.41011812817766,0.0,0.18749233612303304,0.0,3888.3585751655396,0.4999617834394905,nan,0.0,0.0,nan,nan,3834.880315625025,3.037954945980325,98.12675000968427,1244.864255585277,381.12745548655244,0.5810589698959185,0.6231545178433305,4364.092088738559,3.464800662498932,99.01155592297698,3745.890112306295,349.77507710213297,1.3912900061331566,0.5955538935597755,3867.6533463492888,2.440788826208185,76.94576580387617,2038.4965792089276,1889.8380056579897,1.357272611708829,2.4023339038714164,6583.278969199545,2.2429573415801096,41.20770050769548,0.0,0.0,nan,nan,6548.128415862922,3.485667628861718,66.38928789740585,5218.282245898606,714.0642060743546,5.297119790689453,1.3557551551642943,6716.585204744566,4.078325433890135,76.15745862267691,3387.8458036653756,656.517503976889,3.309479813903206,1.196949702712854,6731.0200599820055,3.0409099124201275,55.97266401068715,0.0,0.0,nan,nan,3426.0,1.0,26.53754284399528,0.0,0.0,nan,nan,3759.9505763904917,5.725243301599561,192.39707687131477,850.4322836714722,127.49796864908323,0.4380345872101775,0.2008340069794768,4686.128628444837,1.0686277009365066,21.938278641478107,1489.0079139938805,291.06046496285614,1.1857291795921536,0.5039232147530516,5875.500288229274,1.9616578952946575,39.706005703699475
90d02m09pt29683101s-20d08m25pt42075551s,90.03591578639167,-20.14039465430772,0.34775621463490825,39.575458868583155,0,0,0,nan,nan,8.406737072739226,0.010916547636958717,nan,nan,79.74175648771815,15.84679156846886,0.46,BLANK,561.8771864303847,12897.652142377068,32.5552705846491,2041.1444237567598,5006.8651868390825,0.7468510856890623,6.62019851719034,877.5645246455204,153.5083540718992,11.8026282823224,5.729355424805713,4958.3775739171115,3.7626434241886195,94.91198669402876,217.52172266309256,479.5329981762892,1.2699451715461185,14.109678010883576,3725.326136405185,0.4999617834394905,nan,0.0,0.0,nan,nan,3729.3371609002697,5.142437255033173,173.93990932720732,0.0,0.0,nan,nan,6562.012309289663,3.3117805124348414,62.79292739302928,0.0,76.10096473280184,nan,nan,4861.33,1.0,18.702211490174054,0.0,0.0,nan,nan,4340.808018692831,3.5747283594584838,102.82054191898024,2043.3270013156957,281.6752083133982,19.233981194458657,10.575194959388055,4104.993335052041,4.261399461075227,130.46930581358868,4183.689883764558,538.4994520329133,32.90081874231384,18.230546505662065,3970.2815005066113,7.292232606533645,232.76305025154699,0.0,0.0,nan,nan,3890.5270908750526,2.640898681297895,83.35879355332224,1233.9739060012027,180.21123788108827,28.913974332819244,19.755279160065474,3835.9191072139365,1.6567359453593669,49.84295974486309,0.0,0.0,nan,nan,4363.037467559481,5.7678405386315506,167.05057912814047,1346.6673578860498,7473633.544532631,21.16747982923028,538445.2889064576,3867.9026283147396,0.5954855232749195,nan,0.0,0.0,nan,nan,6585.845528480815,1.8697148637127146,33.526785040994206,186.15251764551618,526.1027072853718,45.652336578567045,247.75730014191686,6546.995979975476,0.4999617834394905,nan,1559.8101129510992,215.53282894161106,709.1870333769851,183.36602686785622,6713.754462775339,3.2781772004804433,60.70469525896052,0.0,0.0,nan,nan,6729.063713027143,5.939951654313259,111.56837331518729,0.0,0.0,nan,nan,3426.0,1.0,26.53754284399528,0.0,0.0,nan,nan,3758.3031438233697,0.4999617834394905,nan,81.56231779657946,338.0799790896941,4.608182688287614,58.419952852113454,4685.911016232545,0.4999617834394905,nan,766.5189887434999,17238973.26507143,68.19593996234941,3334402.361231891,5875.73442282651,0.5590692965691579,nan
90d01m35pt85316203s-20d07m59pt41999829s,90.02662587834072,-20.133172221746328,0.3283239518834278,33.98275305838341,0,0,0,nan,nan,7.588154058847548,0.004837579965521034,3.7122442104958053,282.4639764983018,120.8595863598609,20.34317356622433,0.46,BLANK,3698.5191907196017,218.48585803207288,1.5930518159496199,0.2570415472847109,5006.902210572902,3.742461268643785,93.48105819500724,54.501974179977765,269.0156934187435,0.022241711726585137,0.3042121069137506,4962.767857985832,0.4999617834394905,nan,10989.525741134465,1695441.1281799374,5.55639453102105,4312.65267118762,3727.860350356084,5.54760003946355,188.03410672781916,17054.126230995345,1725974.8591446567,8.618097170391678,4390.320585583258,3727.094257387845,5.54760003946355,187.89341472397595,37324.70033047045,1570.903481808464,16.726547922286873,1.348653361610194,6561.69073654408,4.264700373738316,81.6078332208753,8565.350589578438,250.2390525447703,3.5642380497706077,0.29872354131178297,4860.7688441428645,3.6581223260441917,94.02982945859539,1713.2600117086513,281.7996315901153,0.6249409553620974,0.3640981239630986,4340.19129413407,2.9108809297363107,82.87365274408756,0.0,0.0,nan,nan,4101.670830718668,5.485538002505152,168.86903987675103,0.0,0.0,nan,nan,3969.638801350278,0.4999617834394905,nan,0.0,0.0,nan,nan,3883.1210123194887,0.4999617834394905,nan,0.0,0.0,nan,nan,3835.543137404269,2.4880556347746747,79.25118681062334,3025.652418602778,737.1755190213548,1.078547600320154,0.9209644162904068,4362.975383255428,9.99923566878981,291.0428046557292,11931.944524984834,1157.5748730745684,4.359095641186841,1.9374982398005542,3868.6073452305995,9.99923566878981,328.2406140748108,6654.165346147541,3093.655488077648,2.4123203938352793,2.1416175448269272,6582.1599889767585,3.0038357242611844,56.488630988897725,0.0,0.0,nan,nan,6551.156140969681,9.99923566878981,193.93267853817915,1586.543146243008,377.8169580938453,0.9005176239904981,0.4010611923256293,6717.243552716787,1.9868381834749547,35.24573444397365,5523.3396169561665,555.0036688988722,3.2717454145051046,0.6136680685569957,6729.995463331008,5.96209777540518,111.99018453287654,0.0,0.0,nan,nan,3426.0,1.0,26.53754284399528,0.0,0.0,nan,nan,3760.096485741453,1.563657461824141,47.34250717366435,1877.1367462655328,419.88338032408717,0.6790512469858404,0.46375400322574156,4690.408413644043,9.04629506050933,245.05129251361691,2363.9914270306385,428.28493628865675,1.220846867635022,0.48091077333566423,5875.243174097975,4.909031333101532,105.2796156737396
STACK,0.0,0.0,0.338040083259168,nan,0,0,0,nan,nan,8.001277953055467,0.006516622499335716,13.342647032390609,12.410081869566707,130.39994626169883,25.571832333529283,0.46,BLANK,220.83278006211933,775.8753682925595,0.09089740957373431,0.872268281922968,5006.95794536237,0.4999617834394905,nan,1447.110580509722,246.10866302795154,0.6129751469965568,0.2892135956283645,4959.235272667534,2.0967556993518843,50.741610184739585,4487.272613925077,1150.5550347154854,1.536060181346192,1.982949584576137,3726.7689439626065,3.5091405702042078,117.48977782511997,1130.1470185813785,1296.7403513847871,0.3876038553876979,2.2348959097966468,3729.499786894437,3.5091405702042078,117.4018689209272,0.0,0.0,nan,nan,6561.146720880897,9.99923566878981,193.49681168128302,546.0208139653512,487.15117627071675,0.21308109828189842,0.5446251024872569,4864.695399620364,0.4999617834394905,nan,0.0,0.0,nan,nan,4337.714712663904,9.42353227012788,275.63822361425576,2415.3559509027073,1254047.1858840033,0.7584738616593643,1571.23607623629,4104.3159996967215,0.6446578780240872,nan,5067.719951921541,678.1827004720735,1.5005470614480005,0.8647201803098249,3969.796626850948,6.379231654040435,203.3300533479879,14696.442579034367,2010.3089053243511,5.559168400887105,3.429979393313844,3893.445461700332,9.99923566878981,326.52642944617054,0.0,0.0,nan,nan,3835.1701392943414,2.9807509513744184,96.17439519023144,0.0,0.0,nan,nan,4362.841153961036,7.293763717535162,211.8357265943826,1573.8299459069003,41578791.74652977,0.5091868643737519,61662.70192689687,3867.7924020264545,0.5628140451772649,nan,0.0,0.0,nan,nan,6584.418988816958,3.4743099796026202,65.80808869547764,173.97427558876322,480.11662719954603,0.10203254846986273,0.5407012506216394,6547.066252500903,0.4999617834394905,nan,2126.0766943720196,438.3157899295753,1.324516557204246,0.5109795405260681,6713.4243990838795,3.8802650205188347,72.34371377054937,0.0,0.0,nan,nan,6730.317312179287,4.225177756632236,78.81274748141132,0.0,0.0,nan,nan,3426.0,1.0,26.53754284399528,7502.210628343969,1172.5315395858001,2.754797092263583,2.1147943065169725,3762.6130564393666,9.99923566878981,337.7342754526394,745.901902470286,246.55942933384387,0.26967129008091256,0.2726681015198148,4685.562749023722,1.7280917890191243,42.92782139970937,1323.185985798206,29055325.062533654,0.6269208516990591,29928.04801807434,5875.844536260601,0.5790121797951597,nan
92d56m40pt78433942s-30d37m20pt36208363s,92.94466231650597,-30.62232280100793,0.11327726804392335,24.13349499398317,0,0,0,nan,nan,nan,nan,2.775830197042812,579.5558473068949,50.30010458581753,10.944568528898188,nan,BLANK,1856.4315458773697,145.84576947827566,33.97734894141562,7.291108745821501,5006.8222581798245,1.8504946994413056,43.55658172446642,363.21797133190336,463432.61994440056,14.228873829877521,50375.851883137744,4958.665751872914,0.7629498999402436,7.790924603062203,0.0,0.0,nan,nan,3726.03,1.0,24.400668213494743,0.0,0.0,nan,nan,3728.82,1.0,24.382410999599827,767.7356829176985,235.57612038310984,13.711231865502452,8.061317661687244,6560.692414059708,9.99923566878981,193.49681168128302,799.6344731655211,151.86893306985405,17.989470009003966,9.804848478963914,4859.764612689614,3.016338906923659,76.83632463698324,1124.3202531724305,173.88215189123665,24.359690035195907,13.353245132861597,4338.779473655153,3.727138998659753,107.37544607342006,0.0,0.0,nan,nan,4101.73,1.0,22.16567686891332,0.0,0.0,nan,nan,3970.08,1.0,22.900702702093618,0.0,0.0,nan,nan,3889.06,1.0,23.37778840736009,0.0,0.0,nan,nan,3835.4,1.0,23.704860453545347,0.0,0.0,nan,nan,4360.950612925796,0.8544140765065261,14.294983796604638,0.0,0.0,nan,nan,3868.75,1.0,23.500516131444996,55.00521060062155,176.35700886904428,4.182010706689197,25.60647034904666,6581.4743769254255,0.4999617834394905,nan,0.0,0.0,nan,nan,6548.61793504276,5.5709419941679,107.4543156602797,33.17519366170009,4980049.371586485,1.6083202366977742,451655.5080768405,6715.3147819538235,0.4999617834394905,nan,0.0,0.0,nan,nan,6732.004051878577,3.219861257625264,59.44545627791014,0.0,0.0,nan,nan,3426.0,1.0,26.53754284399528,0.0,0.0,nan,nan,3760.0,1.0,24.18021855944889,0.0,0.0,nan,nan,4686.555244551709,3.156072678921385,83.6148789677156,0.0,0.0,nan,nan,5875.37312967116,6.833497925738452,147.2860877005468
92d56m43pt10698141s-30d36m52pt76199783s,92.94530749483593,-30.614656110508314,0.5476344475203039,20.969964792391146,0,0,0,nan,nan,nan,nan,nan,nan,85.47531501667024,20.775886533163273,nan,BLANK,2362.4830516097027,151.74209961406933,92.46497346771224,16.219541591457237,5007.287303740745,2.8502761723515473,70.25503521303247,275.73585360988955,1803551.3566537304,10.475877265090887,189884.43090958253,4962.623165108198,0.4999617834394905,nan,0.0,0.0,nan,nan,3726.2575925100177,7.284426351712052,247.74075880560625,0.0,0.0,nan,nan,3728.7936306506326,5.233165879550935,177.06617693467348,0.0,0.0,nan,nan,6562.8,1.0,13.853480493619768,0.0,0.0,nan,nan,4861.552566400911,9.653127414638528,252.13378169840598,0.0,0.0,nan,nan,4340.033891213681,1.5345195195350925,40.05323020076925,0.0,0.0,nan,nan,4101.664687172875,1.355691765073593,36.035020419422345,61.594977462338726,81.41872671202516,1.481344202481529,8.423695172152332,3971.4471271774987,0.4999617834394905,nan,236.9806792863158,86.97982270489472,3.8825581421536417,6.440050145443306,3890.3636597188465,2.3592168811471885,73.75221157370231,0.0,0.0,nan,nan,3835.7087781840587,6.393755466057708,210.95500194444026,228.528411576676,25899.728260871445,9.795068363847436,3887.0606925602915,4364.931014216338,0.5883616397521317,nan,0.0,0.0,nan,nan,3869.729991831586,0.4999617834394905,nan,0.0,0.0,nan,nan,6583.45,1.0,13.810026928666252,0.0,0.0,nan,nan,6548.05,1.0,13.88468655302385,0.0,0.0,nan,nan,6716.44,1.0,13.536579167464883,0.0,0.0,nan,nan,6730.82,1.0,13.507659064352907,1753.453605920629,173.6009417594312,36.37242712990589,22.82239606335024,3431.022765859192,5.691540786770987,209.89191728724666,431.03732658493834,73.59061061398259,42.65557346490928,35.85523912267424,3759.148160873545,1.8250506280982433,57.068467771504196,5.6098329713673705,136.2864566924389,0.19759811072168948,14.680306381432988,4686.223124291209,0.4999617834394905,nan,0.0,0.0,nan,nan,5875.78069400268,4.440500076036349,95.01163624413336
92d56m24pt28316721s-30d36m47pt16236396s,92.9400786575596,-30.613100656654797,0.3065205357417238,15.35237471753992,0,0,0,8.206217843129446,0.0,8.017276071435157,6.991209300536078e-05,8.958953710510269,0.2421330569290539,58.976007134074656,10.25670191847457,nan,BLANK,4821.04879078584,82.73364895508115,17.271734265217887,0.8095920877110037,5006.818936488527,2.2387193472115268,54.070206605426215,1739.83481316793,104.86425336973636,5.303548148211719,0.8870063521630928,4958.609066741024,2.4878001490889035,61.28889346683729,9136.635683007511,215.91568353166292,24.461768201847814,2.9123408183747532,3725.8526356060624,2.1028221858257368,67.75100124445105,14385.952052328574,301.23021075061,38.58975605384383,4.063090851702682,3728.5966426840455,2.1028221858257368,67.70030818512612,7923.10944430446,129.24652357475608,39.61137497032174,1.2377141775926845,6562.609182869247,2.3101549849456497,42.70729632464569,3357.922399353084,79.3895324157638,10.031756721979946,0.6802715035440453,4861.297322041612,2.1006120610294565,51.86725737720695,0.0,76.49058372505795,nan,nan,4340.46,1.0,20.94654063936261,0.0,0.0,nan,nan,4101.0719665876695,3.04244186347497,91.89837913685055,486.3651315484196,26630335.00785658,0.9954461546734825,234697.06521699255,3969.859568039171,0.5831289775297271,nan,0.0,0.0,nan,nan,3888.9583396191415,0.4999617834394905,nan,0.0,0.0,nan,nan,3835.543089454628,3.3084336888984525,107.33208528646924,1557.1729088251384,224.3942529744721,3.7288058434953264,1.8823697498304062,4363.927923241164,5.595122871229484,161.9723067503321,985.2980500035286,786334.1203663701,1.8735667019726299,6850.794096302825,3868.515724817534,0.6460658792723666,nan,279.0602343762074,1780.5888944054775,0.8632932600979553,10.517285878203719,6582.872365971335,0.4999617834394905,nan,0.0,0.0,nan,nan,6547.439166588701,0.4999617834394905,nan,647.9217073055984,139.42307095170256,3.5036118846718174,1.410372030697687,6715.453110206079,1.5637818483884938,26.505937091557314,918.1399372357118,154.4921858424732,5.143045132958984,1.6151471695532846,6731.010254387631,1.9055120868529778,33.521800184947914,0.0,0.0,nan,nan,3426.0,1.0,26.53754284399528,0.0,0.0,nan,nan,3760.3524535684883,3.5387202353357536,117.45021262563455,0.0,0.0,nan,nan,4685.492257583797,4.273562401975293,114.54465374237397,0.0,37.443969724885335,nan,nan,5875.62,1.0,15.473706908126772
92d56m11pt9660189s-30d37m01pt76219597s,92.9366572274719,-30.617156165547545,0.2859332592338635,12.598147343177283,0,0,0,7.846310134151531,0.0,8.168171550341794,0.000484120463520152,8.85410576380934,0.4443856079253585,61.746158149481445,10.880650413539596,nan,BLANK,9425.96900965328,91.61713534264784,6.6277097629927635,0.1759552685190986,5006.8300700969785,2.119053307939528,50.8569446223653,3482.6321513924136,105.78225760305546,2.3379313624819758,0.19702696815935364,4958.970915157473,2.1298727356115044,51.642694960360416,3418.9608922397906,217.06665209473923,3.2434837640672347,1.0374510554753424,3725.8511711150413,1.9347920487714465,61.62922633601237,4170.591604600643,237.16306306801326,3.964937826183895,1.133500091908584,3728.88983493699,1.9347920487714465,61.58311374771969,5286.529478325838,139.20097395063925,5.061008806088282,0.25525408241498054,6562.800444318733,2.4932630089520975,46.42085653291196,2315.1015138842345,109.23752877599615,1.5406549120218598,0.2085152919543317,4861.178484004227,2.212045859317777,54.952754010544524,0.0,97.49096838601551,nan,nan,4340.46,1.0,20.94654063936261,1199.6873957711894,187.21786434987305,0.9591296585254827,0.5981204373036497,4101.501693159611,2.6047111889567818,77.87126534513474,763.5648514657098,130.65994150904552,0.7803358067474244,0.5752457027697381,3969.0834622956345,1.9504840609536405,58.3801759253591,1398.70822218519,181.2285082428086,1.089014453013613,0.6386207666581877,3887.988880311408,3.4169151861364524,109.48190261438303,214.13467226502442,383.366534160598,0.17893807216737814,1.4992558277956283,3835.3990252406356,0.4999617834394905,nan,347.03505733982485,1888106.6712785196,0.23637351884595895,4509.040105339195,4362.077866327759,0.6213499709672501,nan,0.0,65.97542237417683,nan,nan,3868.75,1.0,23.500516131444996,0.0,0.0,nan,nan,6587.538970376204,6.636943562847099,127.628741498051,0.0,0.0,nan,nan,6548.9207453541785,9.99923566878981,193.93267853817915,73.21844840254086,207.32566790929778,0.07464259094078382,0.3952679794306023,6717.496578633032,0.4999617834394905,nan,955.6615360683812,268.8972256687546,1.0194961776001998,0.5357733888208809,6726.090561698255,6.842218529379064,128.73812811215802,0.0,0.0,nan,nan,3426.0,1.0,26.53754284399528,1136.457032313775,125.03746376571894,0.9141371490184707,0.4944676740839115,3761.2742497395393,1.7359489018572667,53.78713205168607,24.23820599761555,103.66607404697928,0.015411564418876622,0.2014130024072281,4688.292677893267,0.4999617834394905,nan,158.8145902489125,77.33729480062098,0.12634695731315798,0.13372615301953555,5877.011868383446,1.3608725854357582,25.286790930479018
92d55m59pt8825963s-30d36m43pt16171806s,92.93330072119318,-30.611989366128352,0.3237833603780751,31.345357089208303,0,0,0,nan,nan,7.195470864335828,0.003513572003685126,2.544620555344308,23697.746249776195,133.05823646442659,25.491541136410124,nan,BLANK,1869.1320829364163,115.59151854590733,0.8840919788783433,0.14939002011903227,5005.760955842859,4.5285878117397065,113.76555112189807,777.9916659151108,183.03583692510784,0.34917221336140203,0.22853488608225028,4950.9056865031935,5.079292885371859,129.15645033986135,6728.52540166932,123222532.05839124,2.927059697883081,269823.2891607595,3727.1016312335137,4.777674944498801,161.48086286287207,9353.359578194597,123445929.70469713,4.068321011855796,270312.4682638838,3726.8902269269224,4.777674944498801,161.36003868595083,28539.805358451005,1064.9717466380885,15.259828637652642,1.0910981290060404,6560.4463500422025,3.70091123113706,70.49717081554931,7360.236357982755,163.2631895220621,3.482497686880066,0.22168465679123903,4859.743524202594,2.941699703257258,74.82533300434118,1203.8404710720545,143.51899702716565,0.4726849424412921,0.19969874210565933,4339.206069704874,1.780261046041767,48.010947265485854,0.0,0.0,nan,nan,4101.681337705676,0.4999617834394905,nan,0.0,0.0,nan,nan,3970.051895376204,0.4999617834394905,nan,0.0,0.0,nan,nan,3888.1263844494247,0.4999617834394905,nan,0.0,0.0,nan,nan,3834.4089957487845,0.4999617834394905,nan,3637.238240034072,834.1789214450706,1.44764787609601,1.1617554559283219,4366.398780768576,9.99923566878981,291.0428046557292,6748.554044557874,770.2705957722892,2.763522747081097,1.4472346895813448,3866.296181638026,9.99923566878981,328.2406140748108,5383.6780254281975,2342.373181441041,2.4181801684080577,2.009458947623174,6580.924650623788,2.6557501054567805,49.540561518645774,0.0,0.0,nan,nan,6551.443660386731,9.273417964683127,179.78357003990965,403.47943863509505,271.1610234125705,0.2531842262694348,0.31834906543418,6714.602246381705,0.4999617834394905,nan,2623.953516787807,393.4698197640898,1.6800698522491284,0.47038681228597645,6728.259717124172,3.968598271398893,73.8871692335503,0.0,0.0,nan,nan,3426.0,1.0,26.53754284399528,307.3562167831589,906.0702383534565,0.12467187529059204,1.8118748237202502,3757.225195804494,9.99923566878981,337.7342754526394,354.4025150211908,13063651.98841762,0.14631479156040444,16496.138298289912,4685.763377167092,0.5888343153334333,nan,3267.1181924907332,1017.2575658305252,1.9181630984611218,1.299782358173891,5870.891760854485,9.99923566878981,216.12712798001303
92d55m47pt79458085s-30d37m20pt36092911s,92.92994293912633,-30.622322480307687,0.31834992522107,40.852446618402546,0,0,0,8.110578318735302,0.0068862249014486655,8.057321243940434,6.446498080370599e-05,9.732965068262088,0.33631755766919247,64.67764245724003,11.65408025981617,nan,BLANK,6030.6711955505625,74.98614669158293,21.957563053843,0.7457380104959032,5006.839605767212,2.263661232608712,54.73749012096007,2231.3559319323303,89.50406197753188,8.039492177139952,0.894680361507642,4959.132835063275,2.5160565305921274,62.04449745380402,7787.248002048857,224.0304907581498,34.43234003406999,4.989205650105791,3726.230752019819,2.304322795069509,75.01287402440677,10639.430947554902,285.7497991177104,47.134308218238445,6.363707491109945,3728.9897482824053,2.304322795069509,74.95674744320196,6408.748022304724,111.837037138091,55.79047592605836,1.864797222091488,6562.87116758517,2.4587756663692186,45.72339035359393,2742.0940987567083,86.2681091068209,10.740906278937638,0.9692508711398222,4861.20066373177,2.226350868794694,55.34753240863565,0.0,65.91758704515117,nan,nan,4340.46,1.0,20.94654063936261,229.75931552017047,95.31218646206237,0.6521745755641289,1.08058141912384,4102.407270087938,0.4999617834394905,nan,229.9797761670142,152.59888541601939,0.6502629606795209,1.8574497285669378,3970.2848640860598,0.4999617834394905,nan,82.15229142945535,0.0,0.21348077630858073,0.0,3890.1400214992464,0.4999617834394905,nan,0.0,0.0,nan,nan,3835.6460161220057,4.072732791629318,133.17626869958826,406.50835439294065,95.49493324187857,1.2317350694887688,1.0122482359505613,4366.924616804059,1.30695285413844,32.20348903585026,0.0,43.54987970801521,nan,nan,3868.75,1.0,23.500516131444996,0.0,0.0,nan,nan,6581.56004247471,9.99923566878981,192.88987927331783,0.0,0.0,nan,nan,6549.856327227372,9.99923566878981,193.93267853817915,1184.1047132763917,178.77236295230753,6.265896952913848,1.7694598956855516,6716.348453903615,3.1397323042226097,58.015681958167164,896.0301516442853,174.52890646899468,4.994188916765203,1.8155533464897826,6730.930368719074,3.093104932080784,56.98667289152624,0.0,0.0,nan,nan,3426.0,1.0,26.53754284399528,1150.0141637727295,124.30480765041546,3.5956336131558824,1.91023988233302,3761.6514978615887,2.739080348319483,89.66304111289729,292.6799856762232,73.34968121395549,0.9489107202939278,0.7268106321803242,4687.775821239754,1.8288737705473932,45.90675765679468,515.1676024661181,92.36295106854897,2.6798838800998435,1.0445768270202043,5875.689549963976,2.4986350497195304,51.97124855907445
STACK,0.0,0.0,0.3159164660231599,nan,0,0,0,nan,nan,nan,nan,0.49464156942426146,0.14914331748262724,66.44088249271984,14.726049700659898,nan,BLANK,2291.4265903604464,412.61312556465435,0.6195186497623596,0.3046919388579442,5006.962650490237,2.8508545817146316,70.27020713165531,1058.005614234322,505.2534619908865,0.2831661514729017,0.3756652205438485,4955.154861168808,9.409942992787308,240.91218261039603,0.0,0.0,nan,nan,3726.03,1.0,24.400668213494743,0.0,0.0,nan,nan,3728.82,1.0,24.382410999599827,0.0,0.0,nan,nan,6562.340113185831,3.9682085469748416,75.77113886896058,6771.432915541941,1558.6448595901493,1.935233303445473,1.2795541543161142,4857.039386303804,9.99923566878981,261.2208748844296,2707.125652609045,13868371.944151428,0.9340146567047114,16958.643172894106,4338.9253547489125,0.7298350651609637,6.058061637133702,0.0,0.0,nan,nan,4101.73,1.0,22.16567686891332,0.0,0.0,nan,nan,3970.08,1.0,22.900702702093618,0.0,0.0,nan,nan,3889.06,1.0,23.37778840736009,0.0,0.0,nan,nan,3835.4,1.0,23.704860453545347,0.0,0.0,nan,nan,4364.433711135808,3.869241882512282,111.03416495419728,0.0,0.0,nan,nan,3868.75,1.0,23.500516131444996,1162.5085326651406,134156820.99563345,0.3953974149274565,87114.28161015693,6583.464878460567,0.6778821395078249,nan,740.0902840938136,487.9419526633078,0.2503834086310088,0.31685934943584226,6549.642294286979,4.562379237753064,87.65355208862529,0.0,0.0,nan,nan,6716.300550399242,5.63843971879024,106.04981130877816,0.0,0.0,nan,nan,6730.741279059634,4.584938077368157,85.70516678436418,0.0,0.0,nan,nan,3426.0,1.0,26.53754284399528,0.0,0.0,nan,nan,3760.0,1.0,24.18021855944889,0.0,0.0,nan,nan,4685.961897856921,4.570565955677007,122.71741979240879,5183.768419957368,313.2526716284985,1.558236579021634,0.20471583202259228,5875.757830025335,3.719689532233648,79.15644959899197
110d51m11pt41361453s-73d27m34pt64474649s,110.85317044847947,-73.4596235406916,0.5494165968883693,169.38070571133733,0,0,0,nan,nan,nan,nan,nan,nan,78.81865425225344,16.557231456812254,nan,BLANK,47309.702704448224,676.3231711969278,79.53570503485724,3.105382288728063,5007.1094704086645,7.326732087852838,185.44637821415847,356.37300559695683,159.16843319241434,0.7153837366320874,0.8875151761232075,4955.527645437163,2.2157889918426164,53.972703564973635,593.1736806223352,255.35945373633714,0.6494844789130405,1.410220571551792,3724.2331172901536,1.7394789459895108,54.40928482937655,1103.4894013024636,390.54191413501593,1.212568772911801,2.156764644143826,3729.3486111860334,1.7394789459895108,54.36857438889565,0.0,0.0,nan,nan,6562.8,1.0,13.853480493619768,0.0,0.0,nan,nan,4861.4176518317745,4.593633022527777,118.89464636556205,550.0209132365588,6168973.980376225,0.9610654040885083,38285.35404536136,4334.391957655395,0.5003955039064253,nan,9.540081829649141,435.6567774806523,0.014138658357896239,2.583653443704454,4098.95657268881,0.4999617834394905,nan,126.05964520859723,0.0,0.17680249933098688,0.0,3970.932475751047,0.4999617834394905,nan,0.0,0.0,nan,nan,3889.1519300941095,4.263703087135115,137.68035903310417,139.34987534183466,419.7257225939118,0.20699454110680113,2.9176238577818596,3835.521218092364,0.4999617834394905,nan,0.0,0.0,nan,nan,4362.990048839122,4.547739357578837,131.11301794710158,0.0,0.0,nan,nan,3868.7527337645215,2.9647154523424604,94.80238513665616,0.0,0.0,nan,nan,6583.45,1.0,13.810026928666252,0.0,0.0,nan,nan,6548.05,1.0,13.88468655302385,0.0,0.0,nan,nan,6716.44,1.0,13.536579167464883,0.0,0.0,nan,nan,6730.82,1.0,13.507659064352907,0.0,0.0,nan,nan,3425.1406306742424,5.707155730444273,210.47659518345165,0.0,0.0,nan,nan,3759.8238951927156,4.9584734071423195,166.20793101437175,365.9092776477868,117.33929127018554,0.7290406345978611,0.7153294365761789,4684.8160802487455,0.9726288224871038,18.347463187316418,0.0,0.0,nan,nan,5873.230035869776,9.406142429137168,203.24265972071962
110d48m46pt69244396s-73d27m26pt86286416s,110.81297012332253,-73.45746190671217,0.176773498154289,30.356569672506737,0,0,0,4.890660824207637,0.04656029140782391,nan,nan,15.20932534736056,88455.51719060405,61.17938918156342,14.760510123512548,nan,BLANK,5241.57268180593,2000.6334254754283,116.3101356168972,121.25767388467851,5006.8466759671965,1.0410341609626117,19.59304130062719,1690.9295576504167,1580.7198945374892,26.047307226699758,67.52580650865453,4960.438929347741,9.99923566878981,256.08064588829484,0.0,0.0,nan,nan,3726.03,1.0,24.400668213494743,0.0,0.0,nan,nan,3728.82,1.0,24.382410999599827,977.2202248478677,501.73703700232926,10.491512961175003,10.311198066379594,6566.799462942414,8.706072891236536,168.34016532829858,455.8060322287352,2650910.3670245167,7.787283020102884,129944.9306118798,4860.336147699413,0.7019713096926,1.3767493100456234,3009.026312959067,424.7453460351663,13.129701299576553,6.5538247816577915,4343.753270627526,5.046758916833706,146.5957860915975,0.0,0.0,nan,nan,4102.239189544966,4.725766121493752,145.0610159918863,0.0,0.0,nan,nan,3970.08,1.0,22.900702702093618,0.0,0.0,nan,nan,3889.06,1.0,23.37778840736009,0.0,0.0,nan,nan,3835.4,1.0,23.704860453545347,1150.6090709171963,246.43799438537079,9.106432758777476,6.820096551330895,4367.904915528975,1.5611006248549966,40.71399886044675,0.0,0.0,nan,nan,3868.75,1.0,23.500516131444996,0.0,0.0,nan,nan,6583.356763716982,7.74605971681524,149.17967993480713,0.0,0.0,nan,nan,6550.113070125229,2.923408702793478,55.1847785484359,66.69575247949223,2422070108073.734,1.8128892908162084,123139881160.40599,6716.475645640974,0.4999617834394905,nan,0.0,0.0,nan,nan,6731.0138159378175,2.4528765021169106,44.46559846579434,0.0,0.0,nan,nan,3426.0,1.0,26.53754284399528,0.0,0.0,nan,nan,3760.0,1.0,24.18021855944889,0.0,0.0,nan,nan,4685.534589511189,2.4993957227528143,65.19100478161518,224.09578367034848,330.8627306106736,3.2768999940873367,10.525710207808176,5872.4575795613255,0.4999617834394905,nan
110d50m13pt03741408s-73d26m56pt65538492s,110.83695483724578,-73.44907094025476,0.746990069119619,109.02277908661964,0,0,0,7.035162791917389,0.08045255515463065,5.8080043587293,0.014473758735305925,19.046959527664704,12955.206086697252,52.68313081640946,9.656206825036298,nan,BLANK,8106.580410715652,226.4354974110327,170.04872733299035,12.973731290060242,5006.8542684537515,2.2949357401579733,55.57309892200648,2667.9356257983836,212.97900611787915,290.6597256759737,64.37458289034083,4959.113894211478,2.982270899921609,74.42489265912883,2915.4019994105806,186.87259593135832,31.16095202475168,10.061758104966296,3725.986058414641,1.9678598478473108,62.839650536237826,2664.1495142271115,167.47149717510118,28.533962527437886,9.017147140565044,3728.926263193935,1.9678598478473108,62.792632277111316,0.0,0.0,nan,nan,6562.8,1.0,13.853480493619768,858.6182758669859,584007.9982493302,42.011482402882216,81990.40195191058,4860.217872197099,0.4999617834394905,nan,856.0990707427388,157.75569148421977,9.45917249013659,6.1749448007499295,4339.913465811489,1.2497288027658713,30.366068714415597,172.94401902785683,104.60469520632823,3.540807222693214,8.559344207799096,4101.245760002693,0.4999617834394905,nan,785.8160193278978,113.55679352154934,7.118066569099909,4.43096817550816,3969.203856114851,2.0646397240745213,62.286223142974755,780.3473989864698,99.08249162635492,19.794396911483247,11.36305696779264,3889.7061936275786,1.57620426419907,46.230291620307334,0.0,0.0,nan,nan,3835.0802815653374,3.814015722232838,124.4498132249764,12.689685902122504,374.5775389120186,0.17971365430953218,18.572386162436224,4365.245233612661,0.4999617834394905,nan,1069.1654204900615,108.9209463729263,21.273438732539578,9.920913187984953,3869.915132358707,3.1991192256347984,102.72332250030681,0.0,0.0,nan,nan,6583.45,1.0,13.810026928666252,0.0,0.0,nan,nan,6548.05,1.0,13.88468655302385,0.0,0.0,nan,nan,6716.44,1.0,13.536579167464883,0.0,0.0,nan,nan,6730.82,1.0,13.507659064352907,0.0,0.0,nan,nan,3426.2102300663187,4.053218056909438,148.3543849832295,0.0,0.0,nan,nan,3761.0704244226235,2.7364541483624594,89.57106312016461,0.0,0.0,nan,nan,4685.654454169107,4.10810308523339,109.98503551207546,0.0,0.0,nan,nan,5875.62,1.0,15.473706908126772
110d50m17pt95383063s-73d26m57pt65466219s,110.83832050850948,-73.44934851727518,0.7465638307450309,113.84151289128599,0,0,0,10.576764437278486,0.00041781192232433765,8.22022074425811,5.222844939574315e-05,9.901906310543575,0.2587919414129869,42.60196700388492,7.925011801844715,nan,BLANK,47917.37219567994,260.22812213533865,1395.9745698830695,20.707315252544774,5006.851726146486,2.081914062408308,49.855334994656964,16341.557047863213,185.08117245511474,317.3265006739291,9.97160892385227,4958.961211588893,2.010948062503604,48.398298555586464,8563.23576390381,239.1309314728471,85.47376065709946,12.024263291844854,3725.9470795959783,2.1233748349232617,68.49526385916519,12198.10477793534,308.1694794242078,121.9857037549738,15.49574091601025,3728.6575202590557,2.1233748349232617,68.44401392321572,0.0,0.0,nan,nan,6562.8,1.0,13.853480493619768,8586.252699124461,218.55539231518136,117.68681154914434,8.592510764735769,4861.15395254839,2.460245007509571,61.76675893242104,4238.551958067452,182.77573849462334,72.26288027310426,11.03659167716645,4340.405493533772,1.880931491044982,51.20682051146388,3270.3156453135516,84.10074548983187,111.17884761648511,11.424531520763201,4101.612095879438,2.6994902838646047,80.92122730195752,4434.36728963383,175.01097176281064,86.06300762357978,14.63262226500442,3969.096244309957,4.869401478706205,154.52716666051157,1996.6713577878675,193.90966643863914,8.879913368610993,3.9003793905870308,3889.1116698932756,1.7208645950308417,51.46211796890967,0.0,0.0,nan,nan,3833.2957729645636,0.4999617834394905,nan,473.154214038979,0.0,3.2873489067737074,0.0,4362.352476147368,0.4999617834394905,nan,4679.395720526131,116.79496259985424,18.407238572997482,2.10459256053096,3868.8327485108957,1.807504601708669,54.838548562737266,0.0,0.0,nan,nan,6583.45,1.0,13.810026928666252,0.0,0.0,nan,nan,6548.05,1.0,13.88468655302385,0.0,0.0,nan,nan,6716.44,1.0,13.536579167464883,0.0,0.0,nan,nan,6730.82,1.0,13.507659064352907,208.72692106155608,135.14998978173355,1.9284247348677657,7.946699325347155,3426.2073700100436,0.4999617834394905,nan,352.53147626566766,109.47321837253273,5.345044258510832,8.167430362150434,3759.9752830066554,1.7513678453979995,54.35715546952239,203.66300558570796,63.156201264877325,3.0062933372013063,2.848995418553178,4687.980877433839,1.118441511221696,23.700494222296374,0.0,0.0,nan,nan,5875.62,1.0,15.473706908126772
STACK,0.0,0.0,0.554935998726827,nan,0,0,0,nan,nan,nan,nan,nan,nan,133.17794470008064,27.343631923337377,nan,BLANK,42146.07366663317,1026.3663019390683,65.62460612795154,4.364341819978713,5007.409580143385,6.921697584174723,175.09734903303047,4319.66059995236,2052.998049747629,12.182251519917308,16.073996939879475,4957.104285385755,9.99923566878981,256.08064588829484,19825.84790143409,3676.4571306297757,41.98007631759037,39.35168775448996,3721.03,10.181660899135531,347.06149662742644,17796.507863169652,3210.8481380862336,37.979006197407855,34.36794959592276,3732.2315917263218,10.181660899135531,346.80181619887526,0.0,0.0,nan,nan,6562.8,1.0,13.853480493619768,0.0,0.0,nan,nan,4864.06491752521,0.4999617834394905,nan,597.0444698880168,407.4415918716498,0.8195998206742469,1.9840565793947564,4337.096224723421,0.6857093868801787,nan,1380.5073589066633,323.25607411233506,2.308809039813822,2.162061959175184,4100.062581074299,2.0378611702076745,59.40283134940041,0.0,0.0,nan,nan,3968.9977669677664,7.584144683335462,242.16565687734186,781.2126176957421,274.4039072738392,1.0418434922980104,1.6564206575432918,3887.852224687832,0.4999617834394905,nan,0.0,0.0,nan,nan,3834.3354500793344,2.6567872882960883,85.0718809395419,3953.592217732413,225.72123714221243,5.41119851277874,1.0835554276768942,4361.356877367138,1.8227957400338752,49.10755204091273,8696.104386759316,1966.660547862343,17.604071814163174,18.21445336711446,3870.8217300828874,9.99923566878981,328.2406140748108,0.0,0.0,nan,nan,6583.45,1.0,13.810026928666252,0.0,0.0,nan,nan,6548.05,1.0,13.88468655302385,0.0,0.0,nan,nan,6716.44,1.0,13.536579167464883,0.0,0.0,nan,nan,6730.82,1.0,13.507659064352907,0.0,0.0,nan,nan,3425.894792454435,4.642114292149351,170.5284378528144,0.0,0.0,nan,nan,3759.978932830321,5.745047745575635,193.0726883819939,0.0,0.0,nan,nan,4689.050983716192,9.102988336252487,246.5962547290053,0.0,0.0,nan,nan,5876.178109461884,4.473663624556955,95.73923780103665
82d13m07pt1333634s-39d27m50pt76770368s,82.21864815650078,-39.464102139910395,0.72549449344756,35.5101475491246,0,0,0,nan,nan,8.531610787853044,0.00033963870742716857,72.2764349684883,17.973430916469013,89.12187796285367,21.4939139073044,0.2839,BLANK,69370.6782695559,815.2470564077302,119.30406919445474,3.8296337988010003,5006.825798620284,6.446272432634384,162.94166735910463,3475.439156267204,738.0486339705296,6.759664646203489,3.9924227924573246,4951.705576527885,9.99923566878981,256.08064588829484,0.0,0.0,nan,nan,3726.222571073393,4.494292013906946,151.68589141047025,588.0157013493979,74.97133328547685,0.3773124443593472,0.24184969400383777,3728.882207634069,1.3740876504459294,40.37042279733051,0.0,0.0,nan,nan,6562.8,1.0,13.853480493619768,1016.0176433603697,252.19874947145146,1.6335053622172908,1.164250330550462,4858.189323219271,5.554547720785668,144.304614277366,483.3123944952858,771551.0744995665,0.5422914220824202,3063.8952162036153,4341.9487193772875,0.5003397449793953,nan,394.99659603080704,119868.95582181371,0.36377165513731735,440.9942660569401,4102.100600187945,0.5016268505762888,nan,497.45465554805105,107771.96442127765,0.3993664332822101,372.59592951219986,3969.709628855061,0.4999803184748387,nan,194.47317237256806,5.181706537773209e+16,0.15005888835284195,180894920947720.62,3888.572626710943,0.4999617834394905,nan,0.0,0.0,nan,nan,3835.24947934121,3.7203111360244008,121.2842974020451,0.0,0.0,nan,nan,4358.709224749384,7.233950761229387,210.08233803002835,0.0,0.0,nan,nan,3865.704205283555,0.4999617834394905,nan,0.0,0.0,nan,nan,6583.45,1.0,13.810026928666252,0.0,0.0,nan,nan,6548.05,1.0,13.88468655302385,0.0,0.0,nan,nan,6716.44,1.0,13.536579167464883,0.0,0.0,nan,nan,6730.82,1.0,13.507659064352907,5008.840140785482,330.6635376833345,2.2700224297537437,0.952660969969793,3427.4986252769963,6.724250829458592,248.51548878967066,0.0,0.0,nan,nan,3762.357096931333,2.912971610014691,95.7404202989478,121.27721623119596,4.500715342408897e+40,0.16487185437166763,1.8719839726938436e+38,4685.002085703007,0.4999617834394905,nan,0.0,0.0,nan,nan,5875.62,1.0,15.473706908126772
82d13m14pt38817517s-39d28m16pt76757612s,82.22066338199241,-39.47132432670034,0.283173852195455,14.411123940064858,0,0,0,nan,nan,7.8815640205590345,0.003355898598181188,7.3177620121163764,1.457457145320541,137.69987224124822,21.251124751991583,0.2839,BLANK,4718.594459638665,284.41999005391364,0.8628758727454825,0.14206310921114365,5006.848358832272,5.550717595059268,140.01262575610684,3641.677654542487,972.5664242046573,0.6302675644801287,0.4675950946049641,4955.231904594046,9.99923566878981,256.08064588829484,44436.17748510617,14147.420646239512,8.335695777676293,13.366444122955569,3726.258063273478,5.4021660308873045,183.0238225138653,61326.1366892205,17463.288177806095,11.524222076825987,16.499266648564735,3728.7682576459833,5.4021660308873045,182.88687933483985,24367.950563900788,4573.784931853068,4.111330603503204,1.477966070791403,6563.358799037832,5.699485555831057,109.72586168138685,15595.285293447569,442.5057331872945,2.7371619422073357,0.22273517975105966,4861.626950730627,5.642049981995271,146.61428023447408,3407.206621901621,295.16346790076983,0.5310254363984589,0.16281960427188283,4341.836647681815,2.1615842974990316,59.984967364088334,0.0,0.0,nan,nan,4102.718976508115,0.4999617834394905,nan,0.0,0.0,nan,nan,3970.625640534999,0.4999617834394905,nan,0.0,0.0,nan,nan,3892.0553673120203,0.4999617834394905,nan,0.0,0.0,nan,nan,3837.046849517292,0.4999617834394905,nan,4238.6232835611045,767.5511569583832,0.6547344583909552,0.41594162371345744,4360.822330661136,9.99923566878981,291.0428046557292,13078.853821436172,1520.5023927463417,2.2767666952598047,1.214050687843486,3866.8133413786227,9.99923566878981,328.2406140748108,46063.34078210055,4762.390966650536,8.918062751318663,1.7601774075179957,6583.794248204875,7.16406346774986,137.87507073931837,3028.7134523125737,2608.875442534802,0.5873459728706792,0.9710333303078871,6550.109778227562,2.7860634368229693,52.43030575931232,15500.742587748799,1370.7932409934804,3.8650252722300915,0.6392299932650619,6717.297382230805,7.703432766882142,145.41449060003643,6896.050049029325,1763.615883318197,1.6676065770723225,0.7958999596283538,6731.516932564643,6.2195848428572,116.89292563078756,0.0,0.0,nan,nan,3426.0,1.0,26.53754284399528,1388.734053415429,369.1596107319717,0.2389438987168803,0.31308102635721935,3757.4748941449957,1.1803015951459381,32.17702631739483,3033.017019192842,317.13556460156946,0.49117380787976805,0.15702665881401215,4686.711688705884,7.0730112711257,191.23058120926197,9257.90745072768,2280.9165380520117,2.2833118317115964,1.225424615878065,5866.514510239911,9.99923566878981,216.12712798001303
STACK,0.0,0.0,0.5043341728215075,nan,0,0,0,nan,nan,nan,nan,nan,nan,119.04699694312018,26.336127347353244,0.2839,BLANK,78652.17308667756,1579.231125633128,12.314747984095412,0.675428841300385,5006.609087263043,6.287049004469893,158.8683557245465,0.22699678206504517,227.10395561024038,3.7486398366004734e-05,0.10405091281456263,4959.120418354845,0.4999617834394905,nan,7846.83583230428,272.3621985220129,0.6752902096351747,0.11832565289871702,3722.956566447682,4.622060692219863,156.10388012061534,510.5918728877461,803.6614014963541,0.04373622862228877,0.34802285469023414,3720.88281482213,0.4999617834394905,nan,0.0,0.0,nan,nan,6562.8,1.0,13.853480493619768,0.0,0.0,nan,nan,4861.640762550923,7.202562773463444,187.7301942957934,1259.7188388761106,454.83605563061263,0.15040737105808338,0.19190563829423327,4345.229391916549,8.55136822471229,249.9786263262235,541.1769523713436,251054.83249918718,0.05752783424994296,106.69366091085446,4100.658569850455,0.5005763835036435,nan,0.0,0.0,nan,nan,3969.6321413848,0.4999617834394905,nan,0.0,0.0,nan,nan,3885.2541852243935,6.605795003842185,215.02614082890017,3188.880441300755,355.04285529959185,0.3217727277271514,0.16781389181569492,3834.012268596325,3.943620223951316,128.82366832515407,5748.420442722006,1318.979498568236,0.735560319510355,0.5914877072669128,4363.043820522013,9.99923566878981,291.0428046557292,10185.746297529466,485.09231121441326,1.0220985912703735,0.22329439932208733,3866.622242286587,5.360686428547025,174.89530945213514,0.0,0.0,nan,nan,6583.45,1.0,13.810026928666252,0.0,0.0,nan,nan,6548.05,1.0,13.88468655302385,0.0,0.0,nan,nan,6716.44,1.0,13.536579167464883,0.0,0.0,nan,nan,6730.82,1.0,13.507659064352907,12750.726208232261,1020.1223859965845,0.8247334563167856,0.4181963330623704,3430.974688479934,9.99923566878981,370.65991701749095,1523.3849988526638,159315.60582448987,0.1402453315985703,72.16263832404704,3760.1399910740747,0.4999617834394905,nan,9863.834918014552,237.82873203689286,1.4557645648826665,0.10734536027994503,4686.078946956545,4.6772891958495615,125.65090911432048,0.0,0.0,nan,nan,5875.62,1.0,15.473706908126772
48d13m47pt986321s8d22m22pt30596361s,48.22999620027693,8.372862767668968,0.23855702605325257,25.560772367728262,0,0,0,11.063843769879334,0.038623711243283364,nan,nan,6.647795581563921,0.1250779862959535,61.61898319867464,12.281563361745283,nan,BLANK,56375.2457627931,205.51121603343722,277.0163919169154,2.7582845983887636,5006.841240689889,2.556767104174843,62.527538700897665,19787.108944840442,174.74841450784226,100.94714992621748,2.4735585083058482,4958.911597505368,2.632124981952837,65.1410870870186,0.0,0.0,nan,nan,3726.03,1.0,24.400668213494743,0.0,0.0,nan,nan,3728.82,1.0,24.382410999599827,39359.666883124126,214.82329939297026,258.7357883917961,2.704916288820836,6562.751802522674,2.7395953028864266,51.380637053672125,11456.783496600243,211.70488202594186,75.31150052508231,3.9916593106917158,4861.222758920577,2.8811215014294103,73.19094142746883,3947.640104366247,222.98600717233174,14.004000369239613,2.801638091014642,4340.39965298914,1.6012564053596667,42.24097247069351,2643.6641281314814,183.15250405901466,13.84630679962478,3.833558330112462,4101.3771573917265,1.5671525795999584,43.519514776598136,0.0,109.5594150618995,nan,nan,3970.08,1.0,22.900702702093618,882.0894805329586,299.22645090748466,2.3889694428383614,3.6629613568153228,3890.1102609923614,1.616630904445865,47.702814780905406,702.0719214616455,3.621931373260107e+45,85.6315884850458,2.0681224647680966e+45,3834.909140923827,0.4999617834394905,nan,390.02535155289456,372.83311115805446,1.1765076053295733,3.9438264456980097,4361.733194947115,0.4999617834394905,nan,8588.706664258918,382.578816602653,49.592876006768385,10.112452686235004,3869.927473332713,4.132568268487864,134.02656997811326,0.0,0.0,nan,nan,6583.049383942439,9.99923566878981,192.88987927331783,0.0,0.0,nan,nan,6547.951249111998,9.99923566878981,193.93267853817915,2914.4151111162246,435.3236631026073,28.44078908362014,7.945891348815433,6716.457203104918,3.1146937737448446,57.528719960561844,1600.2929429260273,372.3066220866771,11.278101960360864,4.897260849012795,6730.673594072972,2.2049625326920275,39.548326784467136,0.0,0.0,nan,nan,3426.0,1.0,26.53754284399528,0.0,0.0,nan,nan,3760.0,1.0,24.18021855944889,2264.352961989412,341.28494065253983,8.053632807286453,3.714040462336687,4684.83115917108,5.656051318430082,152.4937161135149,0.0,117.9529274308182,nan,nan,5875.62,1.0,15.473706908126772
STACK,0.0,0.0,0.23855702605325257,nan,0,0,0,11.00907429676723,0.036268212729737986,nan,nan,6.647795581563921,0.1250779862959535,61.61898319867464,12.281563361745283,nan,BLANK,56375.2457627931,205.51121603343722,277.0163919169154,2.7582845983887636,5006.841240689889,2.556767104174843,62.527538700897665,19787.108944840442,174.74841450784226,100.94714992621748,2.4735585083058482,4958.911597505368,2.632124981952837,65.1410870870186,0.0,0.0,nan,nan,3726.03,1.0,24.400668213494743,0.0,0.0,nan,nan,3728.82,1.0,24.382410999599827,39359.666883124126,214.82329939297026,258.7357883917961,2.704916288820836,6562.751802522674,2.7395953028864266,51.380637053672125,11456.783496600243,211.70488202594186,75.31150052508231,3.9916593106917158,4861.222758920577,2.8811215014294103,73.19094142746883,3947.640104366247,222.98600717233174,14.004000369239613,2.801638091014642,4340.39965298914,1.6012564053596667,42.24097247069351,2643.6641281314814,183.15250405901466,13.84630679962478,3.833558330112462,4101.3771573917265,1.5671525795999584,43.519514776598136,0.0,109.5594150618995,nan,nan,3970.08,1.0,22.900702702093618,882.0894805329586,299.22645090748466,2.3889694428383614,3.6629613568153228,3890.1102609923614,1.616630904445865,47.702814780905406,702.0719214616455,3.621931373260107e+45,85.6315884850458,2.0681224647680966e+45,3834.909140923827,0.4999617834394905,nan,390.02535155289456,372.83311115805446,1.1765076053295733,3.9438264456980097,4361.733194947115,0.4999617834394905,nan,8588.706664258918,382.578816602653,49.592876006768385,10.112452686235004,3869.927473332713,4.132568268487864,134.02656997811326,0.0,0.0,nan,nan,6583.049383942439,9.99923566878981,192.88987927331783,0.0,0.0,nan,nan,6547.951249111998,9.99923566878981,193.93267853817915,2914.4151111162246,435.3236631026073,28.44078908362014,7.945891348815433,6716.457203104918,3.1146937737448446,57.528719960561844,1600.2929429260273,372.3066220866771,11.278101960360864,4.897260849012795,6730.673594072972,2.2049625326920275,39.548326784467136,0.0,0.0,nan,nan,3426.0,1.0,26.53754284399528,0.0,0.0,nan,nan,3760.0,1.0,24.18021855944889,2264.352961989412,341.28494065253983,8.053632807286453,3.714040462336687,4684.83115917108,5.656051318430082,152.4937161135149,0.0,117.9529274308182,nan,nan,5875.62,1.0,15.473706908126772
52d46m16pt46385503s-21d00m22pt19638647s,52.77123995973191,-21.006165662909208,0.18872390848635878,30.318335549221494,0,0,0,6.816198727616854,0.013398088950418807,nan,nan,0.625872518352128,0.009886070674401708,97.65952363900618,18.049923777587335,0.19276,BLANK,52785.618289979204,611.3348692762388,4.109029645820762,0.12998475290021466,5006.819446542343,6.889750953357404,174.28082861591983,15053.36858246266,725.8267863955805,1.1140007510846075,0.1490162602820036,4959.24761593883,6.820167310427653,174.1695186321705,0.0,0.0,nan,nan,3726.03,1.0,24.400668213494743,0.0,0.0,nan,nan,3728.82,1.0,24.382410999599827,312311.6707441533,17465.26128820526,21.18884647192008,2.2696434979424227,6562.808094188393,6.514243221546381,125.63649070799072,108391.06189077684,795.1847218910704,8.126931448809293,0.17102002070109348,4861.0789108485515,5.4335719126082385,141.11042379631593,23586.23824221891,1085.6254210940099,1.2420853862865322,0.20248428456689216,4340.406106260014,3.543458468689723,101.88509232288526,0.0,0.0,nan,nan,4101.34798422778,0.4999617834394905,nan,0.0,0.0,nan,nan,3970.08,1.0,22.900702702093618,0.0,0.0,nan,nan,3889.06,1.0,23.37778840736009,0.0,0.0,nan,nan,3835.4,1.0,23.704860453545347,12418.633654479172,3062.999386024618,0.6381393747787426,0.551173630377449,4364.727034552842,9.99923566878981,291.0428046557292,0.0,0.0,nan,nan,3868.75,1.0,23.500516131444996,85503.95153479396,30350.576612134704,4.9080093136818865,3.3258580138718994,6583.775886682417,4.699411360741723,89.86295246764868,0.0,0.0,nan,nan,6547.077148240075,9.99923566878981,193.93267853817915,54411.80733260293,5747.540589283544,6.551589320701842,1.2943692576085295,6716.7254908948435,6.733503651823486,126.94202121311554,36039.73901658651,6539.156366746653,4.191353429024178,1.4193775872957752,6730.864492445625,5.992057278674429,112.56078033517521,0.0,0.0,nan,nan,3426.0,1.0,26.53754284399528,0.0,0.0,nan,nan,3760.0,1.0,24.18021855944889,10056.599715601209,1366.3717660976874,0.6202595732342041,0.25775231575785407,4685.852480323952,9.99923566878981,271.0131455203778,12975.813339310123,612.5259527649821,1.5072120609521225,0.15466577970769838,5876.178522021284,7.099915736222621,153.08807494164537
52d46m11pt32141615s-21d00m33pt79612557s,52.76981150448514,-21.00938781265717,0.1882988743604983,33.87569151054642,0,0,0,nan,nan,nan,nan,0.582225378331627,0.04201003743597873,78.55133074082256,15.861268862874713,0.19276,BLANK,4370.83080368312,247.1266236747364,17.479912004455034,2.699529811634519,5006.792639360528,5.1432090613219845,129.5607198353314,0.0,69.85763176498955,nan,nan,4958.91,1.0,18.334194769319836,0.0,0.0,nan,nan,3726.03,1.0,24.400668213494743,0.0,0.0,nan,nan,3728.82,1.0,24.382410999599827,13918.738966534691,904.9329867286144,25.164522958811474,3.1335381058105445,6563.294949901911,6.725261027980519,129.75305899566865,7507.111449191346,314.4056954051445,33.434119618310376,4.015411097665538,4861.8920295917615,5.622061067213927,146.0867131458067,5418.905123697223,368.2952810315357,21.20627931949767,5.097387930315313,4343.4519652416775,9.399314731384267,274.9259254444356,3037.1189449977046,315.96557742654534,10.452466810933878,4.344911851287407,4101.7046523953295,2.831014018569845,85.14100729607688,0.0,0.0,nan,nan,3970.08,1.0,22.900702702093618,0.0,0.0,nan,nan,3889.06,1.0,23.37778840736009,0.0,0.0,nan,nan,3835.4,1.0,23.704860453545347,0.0,0.0,nan,nan,4363.80291803268,6.901114819303198,200.3228063999756,0.0,0.0,nan,nan,3868.75,1.0,23.500516131444996,1797.0775059301095,3087.033513572475,2.3477290116275515,7.698214107415035,6584.505307574493,9.99923566878981,192.88987927331783,0.0,0.0,nan,nan,6546.175072782807,0.4999617834394905,nan,5804.084085995196,502.4647992998059,17.986206536797003,2.911956304207758,6717.481920490869,7.202052438272678,135.86857703515307,2145.0640121035335,595.0266361792142,5.633033835440051,2.9159644334840324,6731.788129885662,4.665895700710412,87.25428419273858,0.0,0.0,nan,nan,3426.0,1.0,26.53754284399528,0.0,0.0,nan,nan,3760.0,1.0,24.18021855944889,672.0563312666632,299.6953287569884,1.9662761763416525,2.6819649964619234,4685.715169257744,3.7685838013919772,100.6107300864509,486.8250404969298,87.24156277592974,3.2541162807169024,1.2670601248208482,5878.521179142416,1.7349581345633744,34.3966715128389
STACK,0.0,0.0,0.18851139142342854,nan,0,0,0,6.9288633476530945,0.015561423064891076,nan,nan,0.6340120729130959,0.010373025232902903,97.90245667778117,17.728718871457946,0.19276,BLANK,58296.65625519564,699.2758560134306,4.463527768211227,0.14624918622297692,5006.671612723598,7.01925959438445,177.59068692513827,15749.178980911103,806.9872280719645,1.1489917890553862,0.1633505599841647,4958.927350268231,7.5860845234013645,193.92669977285445,0.0,0.0,nan,nan,3726.03,1.0,24.400668213494743,0.0,0.0,nan,nan,3728.82,1.0,24.382410999599827,326232.8634592481,18213.70535995451,21.31389696948498,2.279301378246545,6562.738285515966,6.582551674109751,126.96922605827505,116789.3142726577,902.5116521704521,8.624280662814723,0.1911729624414861,4861.025621057251,5.538525714733465,143.88164262216213,26568.74865404492,1158.3433858955336,1.3771522402597567,0.21264778263059647,4340.43488990681,3.866287501810887,111.52802715826193,335.5985686141374,1772.2257011142167,0.01444412731770435,0.30508764767490215,4099.799330083841,0.4999617834394905,nan,0.0,0.0,nan,nan,3970.08,1.0,22.900702702093618,0.0,0.0,nan,nan,3889.06,1.0,23.37778840736009,0.0,0.0,nan,nan,3835.4,1.0,23.704860453545347,8781.705427437213,2819.8297036941594,0.4415876167936773,0.4966552779555735,4364.257129457362,9.114831314464595,265.1679249574455,0.0,0.0,nan,nan,3868.75,1.0,23.500516131444996,88169.26375410102,31575.577041785204,4.869775285485397,3.329374262605236,6583.746048862837,4.712207252151993,90.11318214758836,0.0,0.0,nan,nan,6547.343777339089,9.99923566878981,193.93267853817915,60071.67024930122,6208.26648105472,6.962892484569442,1.3459275171597964,6716.591826446458,6.830061916235817,128.78211214714128,38226.54973922409,7138.447826496735,4.263193926418862,1.4858821513095128,6730.756287713559,5.967212190869221,112.08759430820871,0.0,0.0,nan,nan,3426.0,1.0,26.53754284399528,0.0,0.0,nan,nan,3760.0,1.0,24.18021855944889,10758.955884783176,1957.4315859912335,0.6503942164776237,0.36189430067634665,4685.989025048265,9.99923566878981,271.0131455203778,13381.138382082374,624.1291093107646,1.5280001312853306,0.15492964369717918,5876.180853670375,6.7687843625121955,145.8764184445705
69d17m28pt77928939s0d44m15pt0027323s,69.29132758038661,0.7375007589711621,0.5593197690469893,28.702581732337684,0,0,0,nan,nan,nan,nan,nan,nan,80.32199391163799,18.560645191265294,0.2842,BLANK,1947.7766000229014,80.22632339817527,88.24056493180566,9.927251805238724,5006.866275381339,1.7324844488313165,40.29638261394172,0.0,0.0,nan,nan,4959.512080858174,1.4172096089652746,31.636011923117845,2681.609354928463,584.7114226299344,26.096430747991818,28.719625015674097,3723.2348321312247,9.99923566878981,340.8133793077146,90.79964037458313,4782536.868997621,1.9460271181699724,515125.47962995135,3729.3715566087917,0.4999617834394905,nan,0.0,0.0,nan,nan,6562.8,1.0,13.853480493619768,0.0,0.0,nan,nan,4860.667321716486,4.083550934816221,105.35846542729563,0.0,0.0,nan,nan,4340.626792413644,5.880539740432784,171.2558767546462,449.51666928795555,243151.43434516448,4.896597168797427,10576.31545800768,4102.870602677455,0.5865171592093975,nan,0.0,0.0,nan,nan,3970.359779325673,4.97834227257449,158.05646590014632,606.5613542868592,51.44809377363684,7.068987891140907,2.718620733916446,3885.093896307831,1.1276120276626254,28.939118315421148,0.0,0.0,nan,nan,3837.7981679104314,5.177810340096905,170.2914904918579,771.3590917528767,103.56640343473642,12.428357936931642,5.8375777234999005,4366.935770201144,4.42447818282029,127.47188396910356,0.0,0.0,nan,nan,3868.690424366135,1.3247628011418393,37.01152423958549,0.0,0.0,nan,nan,6583.45,1.0,13.810026928666252,0.0,0.0,nan,nan,6548.05,1.0,13.88468655302385,0.0,0.0,nan,nan,6716.44,1.0,13.536579167464883,0.0,0.0,nan,nan,6730.82,1.0,13.507659064352907,0.0,0.0,nan,nan,3427.6311668790313,4.599797390487465,168.93758281595998,0.0,0.0,nan,nan,3760.4972954861655,4.38127435890684,146.44027958026462,362.95662116777567,91.57464685161774,7.803978129799897,6.0227917958517985,4685.553416246424,1.2457284206199388,27.997532026459954,0.0,0.0,nan,nan,5875.2533706087315,3.020430416927357,63.66344657175498
69d17m05pt57736722s0d44m07pt40274998s,69.28488260200629,0.7353896527733936,0.2847550713737754,8.465469924849172,0,0,0,7.555740873401297,0.016552587995991436,7.624924384364021,0.000521058632360295,5.165575079714391,0.05254143495998341,98.70763319363607,23.091859636781265,0.2842,BLANK,17611.539366998724,158.06104108124023,7.699482724336723,0.18874523590593315,5006.838360481312,2.914175937540558,71.92998573652002,5729.456497345481,147.34381818520788,2.434264577516911,0.17369020845520242,4958.968327790333,2.687249107063626,66.60801270148582,45320.4184576521,450.1906591660456,15.258037563089973,0.7634958145114795,3726.020897100923,2.8993341373927644,96.13318295565381,63477.205633080215,660.2195622126275,21.41210197542176,1.1196919841511472,3728.781236742585,2.8993341373927644,96.0612536105939,48845.380032374655,2086.312968390572,25.692116467835003,2.101740739393214,6563.38816532185,1.9629462544241445,35.57520773448358,25580.62130855381,204.98494817715027,11.566289583958403,0.2658388943304518,4861.291529221461,2.6121560655187586,65.905997804388,610.7170621111578,440.8925683142062,0.20814673412932408,0.5319699068192794,4341.357705007689,0.4999617834394905,nan,1061.9205001836187,249.24375519510977,0.30772611310163434,0.2885961773975674,4101.663405832922,0.4999617834394905,nan,0.0,0.0,nan,nan,3970.2851417749307,0.4999617834394905,nan,0.0,0.0,nan,nan,3888.698033911435,9.423801425375798,307.6401611668616,0.0,0.0,nan,nan,3835.545118445724,0.4999617834394905,nan,4538.017478423087,1322.227725984114,1.558534627738496,1.5888155594445652,4366.635055802931,9.99923566878981,291.0428046557292,8607.238886866835,889.737524606621,2.2071364769270727,1.0461700815992006,3867.2701987355204,9.99923566878981,328.2406140748108,14826.93696426858,5537.778204871372,6.12714916326162,4.3690233606430695,6583.423053843266,2.4939695954218655,46.28948673772998,1412.441713736117,8508.709041497728,0.5448935161480893,6.302315811434998,6547.949667368552,0.4999617834394905,nan,15355.787416260651,1238.1341034203906,10.327880203734418,1.557573085479194,6716.433706355937,3.2058342822246084,59.300303928591276,10180.592636687581,1611.5111318921327,6.554857604196716,1.9365508840189014,6730.836310336601,2.9836131609896874,54.85841796075009,0.0,0.0,nan,nan,3426.0,1.0,26.53754284399528,2511.005986748935,333.4015966890261,0.7441813331184206,0.4848237831915244,3764.1624076033672,2.6668726123479822,87.13178134620294,1421.5465926587096,110.41759034696693,0.5199253669639238,0.1235719475908675,4684.71186213791,2.471860001619526,64.4112993817197,3779.0422908351047,280.13628707788394,2.420360652307612,0.3900825455855061,5875.541702736576,3.715832026357735,79.07134484593327
69d17m43pt5804299s0d43m39pt4027042s,69.29543900830672,0.7276118622764877,0.7039197152966525,43.27166457921432,0,0,0,10.364507103115274,0.011207566174994197,8.223713499753725,2.8404883004911812e-05,9.955084989879184,0.08264690919407663,48.20218739293316,9.19237118614761,0.2842,BLANK,89064.18433955,128.87786454562652,733.2117718366925,2.8979403269170794,5006.853727684922,2.1004349520030137,50.35510212519827,29553.620714494133,170.56194805522782,382.9039735680151,6.131364843446266,4958.9212751605855,2.087581970972659,50.49168920480047,15346.28622378278,246.32160370069118,234.1882914255443,18.932350205369804,3726.2360291576942,1.874349078714573,59.40855040485162,21428.25654222573,301.3684518733973,327.63165217478144,23.163266989160494,3728.9980936754378,1.874349078714573,59.364099383984545,0.0,0.0,nan,nan,6562.8,1.0,13.853480493619768,15609.344167129859,121.66902169684614,238.00208270205562,5.320826612389616,4861.361383987076,2.0008117043526195,49.08652039161156,8030.056900499524,108.57025343651539,54.73153698548607,2.6207075193284304,4340.552708460434,1.8930026173078713,51.58808377465911,5149.5245042576935,76.54242969800912,24.18383999909508,1.4362325099570965,4101.788611213613,1.8310232219873024,52.51456055046683,6797.938479936167,140.83891881636242,37.07321701398442,3.3091540591977706,3968.9437641522068,4.4440373125693355,140.72973175734478,2718.0962861301227,335.1694152928318,5.5543386399729275,3.0979569226697072,3888.97080123914,1.5283525735040329,44.475199180649525,1707.0406741115323,79.56073422674555,5.5148603591632845,1.202984035478137,3835.311434341977,1.3585931259377528,38.649703878633595,1097.2824085314485,289.9037909128009,3.7268530846847105,3.4504908822184284,4363.216869516019,1.3240103754473123,32.79133783527799,10632.86299464437,153.7688184793874,31.875895529635564,2.1117052768277413,3868.8043915352473,1.8696052034658153,57.048622180846834,0.0,0.0,nan,nan,6583.45,1.0,13.810026928666252,0.0,0.0,nan,nan,6548.05,1.0,13.88468655302385,0.0,0.0,nan,nan,6716.44,1.0,13.536579167464883,0.0,0.0,nan,nan,6730.82,1.0,13.507659064352907,0.0,0.0,nan,nan,3426.3669889160333,4.625041056181624,169.88663040731456,0.0,0.0,nan,nan,3758.193724078712,3.61234140042551,119.99215245363557,219.4202006914925,904572.8119965967,1.6448502883900973,20753.451451270157,4684.140920346638,0.4999617834394905,nan,0.0,0.0,nan,nan,5875.62,1.0,15.473706908126772
STACK,0.0,0.0,0.5159981852391391,nan,0,0,0,nan,nan,7.94854795193019,0.010673615631848037,9.341662419283569,6.157425634857201,88.50762239042695,18.56691263032037,0.2842,BLANK,2058.3960431608784,283.62955098167043,0.9695481830847127,0.3649276651176247,5006.639381114041,2.1158982158828197,50.77194013543925,0.0,0.0,nan,nan,4959.417326690935,3.8550036252543243,97.32424591255871,1175.774281436702,425.63075906279903,0.23500555615491936,0.4285976977689894,3725.8322536721116,2.368907878361861,77.32585666431834,498.6257697311084,298.59950998889616,0.09984703210650682,0.3006809536462725,3728.4916365682575,2.368907878361861,77.26799944941028,0.0,0.0,nan,nan,6562.8,1.0,13.853480493619768,399.58584744223333,255.63696077907764,0.1782708862426571,0.3271803060647232,4860.766341482816,1.7298008124025557,41.42569728595289,3993.2798544540697,227.02289608477008,1.3300993141083686,0.2682667814144647,4336.854245263306,4.492234717556317,130.1523409713671,0.0,0.0,nan,nan,4101.473384556782,7.1133449982967125,219.7134844837634,0.0,0.0,nan,nan,3970.7694275791746,5.638785715334059,179.42247686261658,2034.9921210270625,235.14467502352815,0.4881349555938136,0.2557732436743116,3884.925004724404,6.72709773117863,219.01911597480782,705.1334475868081,120.89983031503826,0.16007822297664343,0.12843003184369903,3835.6330076011086,1.081627365282144,27.370359822211874,957.2883244522495,10966771.717985353,0.31904040173275067,12835.543639029785,4358.598299781664,0.5109896497003398,nan,0.0,0.0,nan,nan,3867.9957598804062,2.8952795907425704,92.44928723010452,0.0,0.0,nan,nan,6583.45,1.0,13.810026928666252,0.0,0.0,nan,nan,6548.05,1.0,13.88468655302385,0.0,0.0,nan,nan,6716.44,1.0,13.536579167464883,0.0,0.0,nan,nan,6730.82,1.0,13.507659064352907,0.0,0.0,nan,nan,3425.3283126170436,2.9199160696448403,105.33995982545837,5585.190333078391,829.6602912952674,1.2443615037736544,0.9072249072917346,3763.753430331042,9.99923566878981,337.7342754526394,768.3586616253779,227.97967538271857,0.32977118414107587,0.2993003117828174,4685.547130950715,1.9437893777443578,49.269391822909995,0.0,0.0,nan,nan,5876.210539699436,8.060389111439777,173.98882848870662
69d45m33pt88085519s5d20m43pt64429647s,69.75941134866486,5.345456749020105,0.21110282526343283,26.461404429567636,0,0,0,nan,nan,nan,nan,nan,nan,109.18177733895219,17.497841788698206,0.208,BLANK,0.0,0.0,nan,nan,5007.597387591714,7.570273114555092,191.66649129086707,0.0,0.0,nan,nan,4959.332386880754,6.396865770627105,163.24054706536913,0.0,0.0,nan,nan,3726.03,1.0,24.400668213494743,0.0,0.0,nan,nan,3728.82,1.0,24.382410999599827,314818.4677825315,27236.859694364066,12.4849576921106,2.0683657100732833,6564.542190409579,7.846416475908174,151.60376849557335,0.0,0.0,nan,nan,4861.803009072779,7.535813908657929,196.49714920484598,0.0,0.0,nan,nan,4340.919992018915,6.0722688472445245,176.918474093765,0.0,0.0,nan,nan,4101.984605719783,5.153355181923573,158.46816017739135,0.0,0.0,nan,nan,3969.334461640201,5.845412886896155,186.09828001547422,0.0,0.0,nan,nan,3889.06,1.0,23.37778840736009,0.0,0.0,nan,nan,3835.4,1.0,23.704860453545347,0.0,0.0,nan,nan,4366.261549936588,9.5729069538299,278.5713852891146,0.0,0.0,nan,nan,3868.75,1.0,23.500516131444996,0.0,0.0,nan,nan,6583.671311642854,7.531860864136382,145.02001795442175,77353.89898535376,23498.41242043397,2.4644061742863026,1.4383284527807605,6543.731245473999,4.260365247215974,81.70621577817491,131313.65684947738,33749.22240745534,11.99956057831186,5.776224127722718,6707.503139609429,9.99923566878981,189.07053077254085,0.0,0.0,nan,nan,6731.040918049405,7.74967572384008,145.98209559143118,0.0,0.0,nan,nan,3426.0,1.0,26.53754284399528,0.0,0.0,nan,nan,3760.0,1.0,24.18021855944889,0.0,0.0,nan,nan,4686.28323652354,6.188839046969734,167.07198011908977,0.0,0.0,nan,nan,5875.5994104328365,0.4999617834394905,nan
69d45m57pt18221633s5d20m24pt44445001s,69.7658839489792,5.340123458337105,0.47765791036589134,16.558592488571115,0,0,0,nan,nan,8.148979026231476,0.0008136588539213957,8.14583363706854,0.2528662131537489,81.6648637428039,20.222096457285062,0.208,BLANK,7010.445097787521,82.02115272130824,2372.4135214019375,75.81535363778859,5006.841431593391,1.9771079129485463,47.016035160911215,2461.41027993794,130.3490190760097,128.36565816333766,18.8608489356829,4958.971357533459,2.2293464108887817,54.339426795444005,2788.473110039225,153.36613353050592,107.007694686561,29.6449812890476,3726.127181660786,2.0225049802796202,64.83352444952554,3910.320045658121,192.16845391354482,150.34244546080976,37.14529465841356,3728.8349704751713,2.0225049802796202,64.78501432213561,0.0,0.0,nan,nan,6562.8,1.0,13.853480493619768,1985.143479954763,50.28925348496684,51.00511851026168,3.7060527249665673,4861.285135972517,2.0668584592628556,50.9287620549324,856.5935873013024,61.331217199675436,15.567013087541296,3.946766996743875,4340.843591585572,1.3794663186767415,34.864796336133374,880.3744545666983,101.30875791541655,28.853110566216156,13.278173072023709,4100.08807642578,3.7976054767094594,115.85096083221376,0.0,0.0,nan,nan,3969.7362429762993,4.261249742412159,134.79087135267184,1364.430718420269,117.31132631780565,40.934972595753294,15.920373880085604,3888.8719398578196,4.0928388065392305,132.00681732517546,1447.775073188242,94.36979384712414,270.73260249840837,82.58579790151951,3835.4448278734335,2.5100321863527717,80.01108455301257,0.0,0.0,nan,nan,4364.519599371146,9.99923566878981,291.0428046557292,742.3713854515755,78.96261820377244,9.307049327587048,4.536074144739229,3868.386491251128,1.6967315831167304,50.86172927417711,0.0,0.0,nan,nan,6583.45,1.0,13.810026928666252,0.0,0.0,nan,nan,6548.05,1.0,13.88468655302385,0.0,0.0,nan,nan,6716.44,1.0,13.536579167464883,0.0,0.0,nan,nan,6730.82,1.0,13.507659064352907,0.0,0.0,nan,nan,3425.050039491923,8.259580385322769,305.8217014432866,0.0,0.0,nan,nan,3757.574409447883,9.99923566878981,337.7342754526394,377.14775279976527,67.3313745843045,9.689176180082884,5.295185598120264,4683.593963188245,1.286835220768367,29.337922961247212,0.0,39.3740564957284,nan,nan,5875.62,1.0,15.473706908126772
69d45m31pt269462s5d20m46pt44426403s,69.75868596166585,5.3462345177849375,0.20780195603706564,29.471181706370324,0,0,0,nan,nan,nan,nan,0.3775691391486332,0.04201201071290057,86.68862974950092,17.49849382171383,0.208,BLANK,1190.8853766358288,116.02129488688193,0.6398574574892126,0.17028309010299675,5006.59884867243,3.294620582415077,81.86041893164979,1119.264031142321,169.8724286690178,0.5759175534206049,0.24229041493660397,4961.774627490594,4.080737324843686,103.21193209282313,0.0,0.0,nan,nan,3726.03,1.0,24.400668213494743,0.0,0.0,nan,nan,3728.82,1.0,24.382410999599827,8842.034663486256,1797.33665083108,3.6682434755656614,1.4283531254518433,6562.2772837861785,3.468988790116606,65.90976633218806,6118.48048012404,408.2242876285283,3.4317248243282936,0.6567603994276783,4861.12219720546,4.33680384486877,112.08444184305128,0.0,72.78397555795878,nan,nan,4340.46,1.0,20.94654063936261,2162.2845046143825,231.01308647409516,1.4239907870025474,0.6074954296646228,4102.857444581765,5.742012773283456,176.89219514291656,0.0,0.0,nan,nan,3971.8079608396433,6.1470115166991155,195.83639080189488,0.0,0.0,nan,nan,3889.06,1.0,23.37778840736009,0.0,0.0,nan,nan,3835.4,1.0,23.704860453545347,0.0,0.0,nan,nan,4364.464682118154,9.99923566878981,291.0428046557292,0.0,0.0,nan,nan,3868.75,1.0,23.500516131444996,19714.486416785647,1478.4603565790358,9.503256088202201,1.360674389387517,6583.193527358694,4.556947462447868,87.07592914828619,2765.8848810822997,1122.1939998748878,1.3509250253000735,1.0524923219378752,6547.110493143392,2.797826250712793,52.666549504249254,3908.2103709397506,371.3236322901205,2.273923308005183,0.4041351586426039,6715.904261441818,4.0778318453136215,76.14796169760999,2870.329530249863,501.8290621031241,1.695539212466724,0.5533371615223815,6730.025797291401,3.919279267203491,72.93927433948015,0.0,0.0,nan,nan,3426.0,1.0,26.53754284399528,0.0,0.0,nan,nan,3760.0,1.0,24.18021855944889,1101.7954498252084,344.6474815738336,0.568398771823468,0.544057694583479,4684.616171823281,9.99923566878981,271.0131455203778,2228.590798025965,483.63554477545324,1.346386483285528,0.6357896932291794,5871.57385680408,9.99923566878981,216.12712798001303
69d45m32pt27392228s5d20m39pt24427693s,69.75896497841198,5.344234521368426,0.20782970678658885,27.946755555896313,0,0,0,nan,nan,nan,nan,0.5976425745379095,0.03821150228986903,59.342874354563925,9.435224922210566,0.208,BLANK,2678.548034063203,142.4354165093113,2.958667284886304,0.4296824681170274,5007.223049222113,5.349015947468058,134.8410570612994,1345.566316251028,146.52861250105983,1.377722507680424,0.4161781077336353,4959.58638342652,4.49077021653776,113.88234060722682,0.0,0.0,nan,nan,3726.03,1.0,24.400668213494743,0.0,0.0,nan,nan,3728.82,1.0,24.382410999599827,9561.04126870334,1910.6103597226052,5.610038890235231,2.1474006280807663,6562.565345003946,3.051418954748826,57.615137285945565,6733.312721948618,261.5809086401569,8.009457817471263,0.8924580097800515,4861.33218839737,3.6635908319750787,94.17573261774636,2002.030698321964,108.64951676118575,2.4189369575752884,0.4649981432548869,4340.155511961922,2.1497619438764324,59.61833727057494,156.98449078199673,3.4122111161111092e+97,0.20601948300815592,1.7898237671831718e+95,4101.117676304057,0.4999617834394905,nan,1199.350324212678,179.87963304820963,2.7543592936623456,1.780083338943407,3968.661842779862,2.106777903628213,63.720696504989014,0.0,0.0,nan,nan,3889.06,1.0,23.37778840736009,0.0,0.0,nan,nan,3835.4,1.0,23.704860453545347,704.654539469691,31681308.241861865,0.8203999344775984,129302.2401137654,4362.4683852504295,0.6191066488698898,nan,0.0,0.0,nan,nan,3868.75,1.0,23.500516131444996,22206.439683859022,1609.8942186145282,16.944961340231902,2.345291804837797,6583.479834272946,4.413327675380637,84.26415824027654,3441.011956392172,1253.2058169957518,2.7192923661273203,1.901646359485072,6547.343213027379,2.7990581182996315,52.691286417441084,5079.008696313751,392.3331337479964,5.271300251023376,0.7616118211742965,6716.460645517881,4.566396259123204,85.53301623528054,2670.198343025842,560.9287842627205,2.69806516105418,1.057858796862866,6730.7489691590945,4.049954462229819,75.44998836773776,0.0,0.0,nan,nan,3426.0,1.0,26.53754284399528,0.0,0.0,nan,nan,3760.0,1.0,24.18021855944889,0.0,0.0,nan,nan,4687.235515565528,6.120082244052461,165.1916523215308,1548.2526224136088,119.742931450157,1.8148250560509926,0.30516084722955233,5875.572369286039,4.172798473168601,89.13295290690412
69d45m32pt27386659s5d20m43pt64427689s,69.75896496294158,5.3454567435794,0.20728086165625426,28.05916840046145,0,0,0,7.230851822139194,0.0110671597577827,nan,nan,1.5410571132599398,0.09885736973880734,134.47211351306103,21.613563874741153,0.208,BLANK,22270.643593410892,1260.3887204377318,4.134501826675098,0.6383102675407445,5010.762045651681,9.99923566878981,253.6292103805842,9752.163855878516,1302.0833721779911,1.77713841991326,0.6578445138857718,4961.2274414883805,9.99923566878981,256.08064588829484,0.0,0.0,nan,nan,3726.03,1.0,24.400668213494743,0.0,0.0,nan,nan,3728.82,1.0,24.382410999599827,37782.32488654248,9287.651286586408,4.799171886355886,2.2573224468131676,6569.364154962151,9.99923566878981,193.49681168128302,20779.766806662097,627.7542586415034,3.92802905412896,0.3399095503673313,4865.082095703712,8.293422499552154,216.41589568452684,8454.573346214842,536.8842380271136,1.6493178246348519,0.37036701725099214,4343.745121765708,9.510027640688694,278.18218565534147,0.0,0.0,nan,nan,4102.877668188712,6.121588156309788,188.75650165085014,0.0,0.0,nan,nan,3970.7621463750443,6.151994475704695,195.99722673205918,0.0,0.0,nan,nan,3889.06,1.0,23.37778840736009,0.0,0.0,nan,nan,3835.4,1.0,23.704860453545347,4543.550134479405,802.6945668147824,0.891061054329619,0.5516288945643103,4363.3093709402765,9.98759498381185,290.7023153732985,0.0,0.0,nan,nan,3868.75,1.0,23.500516131444996,52460.67891847688,4703.499288632154,6.309724283221507,1.0793184804342149,6587.64525644604,8.135917417996517,156.748192093564,435.53760814571353,4744.531185483065,0.06361182231370266,1.329705365431585,6551.475787732913,0.4999617834394905,nan,29195.29990795309,9227.094805721652,5.868350860530118,3.4640875066023824,6725.976340549539,9.99923566878981,189.07053077254085,21977.802468277732,7637.583298428477,4.1581713051821945,2.697465540047954,6729.657496936302,9.99923566878981,188.66659273341497,0.0,0.0,nan,nan,3426.0,1.0,26.53754284399528,0.0,0.0,nan,nan,3760.0,1.0,24.18021855944889,1897.6013844598485,261.3375005674081,0.34815685845072547,0.14644034454071805,4689.587079863013,6.092207024692215,164.42925505268354,6051.207965344702,1696.559691740731,1.3406389079172956,0.817392445123377,5874.428439578492,9.99923566878981,216.12712798001303
69d45m31pt06867267s5d20m40pt04426147s,69.75863018685399,5.344456739297194,0.20769624341089954,29.120583580613207,0,0,0,nan,nan,nan,nan,0.5432215647852375,0.05079535268166865,65.33357802620246,12.628258772765562,0.208,BLANK,1415.6517224717306,111.75455574973367,1.1779234728390997,0.25400203293120593,5006.66468366024,3.57385797859106,89.1131837500652,687.7735087557488,114.31193346783232,0.5449845787995622,0.25123240429602833,4959.967625712035,3.481218942695033,87.54791278320864,0.0,0.0,nan,nan,3726.03,1.0,24.400668213494743,0.0,0.0,nan,nan,3728.82,1.0,24.382410999599827,7178.034485100579,1355.7167751768188,4.246694560613322,1.5362283038185003,6563.128009891284,3.1768216550342636,60.11171087622599,3872.1313135995765,210.93177175256025,3.34486180954821,0.5225464585659596,4861.679356426753,3.3701792837708497,86.33459511022234,3517.960586614524,284.16966702367984,3.45110505935678,0.9873260179917199,4340.420312277001,7.155456994631356,208.87018165413926,347.9275473250166,1.1510665317830426e+24,0.3383411979585412,4.4731138844080855e+21,4101.453715423859,0.4999617834394905,nan,0.0,0.0,nan,nan,3975.302134577202,5.626092580838277,179.01226073110453,0.0,0.0,nan,nan,3889.06,1.0,23.37778840736009,0.0,0.0,nan,nan,3835.4,1.0,23.704860453545347,907.8999568135188,5261190.543381531,0.8957719220298066,18192.902214579946,4362.941353543663,0.663486772642498,nan,0.0,0.0,nan,nan,3868.75,1.0,23.500516131444996,13923.488501134747,1096.2547049616699,9.424668915299513,1.4165495552388034,6583.998788044354,4.008663433285199,76.32811861243955,2185.425161039884,855.1860347485188,1.5196229774055898,1.1417166891293942,6547.914460042155,2.2960126988879037,42.514882989158494,3052.9780724982147,244.78295688629566,2.7210983770687776,0.4080552035988175,6716.808987883584,4.479643156366501,83.8685547990363,1608.396473546328,363.63532018103103,1.4438117892897575,0.609197584905094,6731.310868154272,3.8520304503389844,71.64613777096535,0.0,0.0,nan,nan,3426.0,1.0,26.53754284399528,0.0,0.0,nan,nan,3760.0,1.0,24.18021855944889,577.1548892296053,21502021.49313705,0.44797126643700186,51046.96044787536,4685.7240097414615,0.6125735753427993,nan,1521.621880886934,244.13916859357263,1.3707191540637145,0.4782242049675725,5874.854338803367,7.015044666375504,151.24001583859436
69d45m35pt48783484s5d20m44pt44431489s,69.75985773190015,5.345678976358801,0.20724919769297312,24.971270723692584,0,0,0,10.083750234662201,0.05528919419586719,nan,nan,1.558343325356414,0.0227836774444454,92.47252110426476,14.646603681325331,0.208,BLANK,54442.16922843474,421.59114274224044,11.021862583105738,0.23313129930831,5006.819791344155,6.8541385857232155,173.37056946151148,17997.88752404962,244.89451290889448,3.5129722246420165,0.1326327069539622,4958.764479485487,6.6139903750593065,168.84735102316375,0.0,0.0,nan,nan,3726.03,1.0,24.400668213494743,0.0,0.0,nan,nan,3728.82,1.0,24.382410999599827,54907.818224297145,13267.191766373424,4.619376525949529,2.137484242690687,6564.0896450945875,4.152102935906305,79.3927199584525,46485.29985259592,603.3389096697834,9.70146699225268,0.36104511944504114,4862.183860167506,5.778533435674509,150.21572079920915,21381.913240130285,350.81482099395674,4.620750443844204,0.268420248088934,4341.128600101719,5.3348066560371095,155.12247021276258,7916.570290981246,223.01608639821401,1.8430665723422823,0.2073885308897322,4102.295986415672,4.093227639464384,125.17466424534875,0.0,0.0,nan,nan,3969.4298506984887,5.779192558055774,183.95919614398534,0.0,0.0,nan,nan,3889.06,1.0,23.37778840736009,0.0,0.0,nan,nan,3835.4,1.0,23.704860453545347,161.5763103450327,769.274714049877,0.032448645152565465,0.5410716010975625,4364.455079386066,2.4543855266187613,68.63991966657679,0.0,0.0,nan,nan,3868.75,1.0,23.500516131444996,162781.17616596608,11896.192523855885,18.279663288832722,2.549931777831894,6584.6643093205585,6.3554122222514575,122.1526145306471,26264.547078047708,9290.359008355075,3.1576506403866125,2.144084305148338,6549.101091114335,4.051991132883203,77.59616061246459,46409.635293467785,4078.6143834644654,8.139389774659946,1.3376717660504416,6717.790523857843,6.406179831315563,120.70205481809124,23342.953041215074,4949.966944207666,3.848719524766403,1.5229615197495534,6732.058936232567,4.980433042851275,93.26733744075136,0.0,0.0,nan,nan,3426.0,1.0,26.53754284399528,0.0,0.0,nan,nan,3760.0,1.0,24.18021855944889,5143.993728910387,323.95605252906813,1.0314086315988766,0.19864619234359346,4686.137663289873,8.208616907026746,222.21607289622273,11383.341135367904,1334.4949066536922,2.632246443532562,0.6709286323013244,5875.392491738092,9.99923566878981,216.12712798001303
69d45m54pt77167291s5d20m57pt64444538s,69.76521435358696,5.3493456792715826,0.6403313009031022,17.75918099159523,0,0,0,8.521025042350395,0.025124422049139034,7.541522973873079,0.003047519847809776,5.661257785399077,0.58987592676997,60.74137636412593,18.9010539452846,0.208,BLANK,4594.309069538887,62.57866721240887,929.4269885476537,34.57867600243852,5006.838003195845,2.0316513935830676,48.49614049331055,1521.9935752328743,60.554382398020365,207.43303553952705,22.89911409035595,4958.83673852416,1.9826383383812607,47.62225153199385,1163.256731425658,75.2724584063361,23.382212433022094,7.6246379811597755,3725.468345216309,1.5856514090121665,48.61306888250774,1509.3542466184524,85.33068348520915,30.401933588946076,8.643474439847484,3728.436453650269,1.5856514090121665,48.57669532138594,0.0,0.0,nan,nan,6562.8,1.0,13.853480493619768,1552.4665994689938,159.7673010873981,41.869289655745746,12.357627015806592,4861.553628262633,2.193923613357601,54.45222162558697,561.4251545785315,54.56279871655549,41.45327551798721,14.269729444492713,4340.24134190237,2.5390088343486843,71.58552175120847,117.69085920274696,6869.538690421008,19.535078074382465,4553.460585185948,4102.73242464532,0.4999617834394905,nan,249.51346461253388,63.523051449236384,30.135099856962963,33.01043145647066,3971.160856786092,1.2227419852529653,32.14903318884769,475.26892451280213,66.66489425215816,144.0269716043634,91.34448057982841,3889.570777909028,1.3335590513102873,37.15696894171382,1120.032629148002,891.306764171095,32.0921861955403,119.70751355006011,3832.984840204431,9.99923566878981,331.09476865566154,238.26227611786308,128.8892899850837,22.38158677346873,42.442449759424036,4362.496011007651,9.199520320916552,267.6462402109614,394.6791220815128,73.82347124892371,27.107668537213037,23.232237100084543,3868.4564840720072,1.061380183978312,26.254335632914437,0.0,0.0,nan,nan,6583.45,1.0,13.810026928666252,0.0,0.0,nan,nan,6548.05,1.0,13.88468655302385,0.0,0.0,nan,nan,6716.44,1.0,13.536579167464883,0.0,0.0,nan,nan,6730.82,1.0,13.507659064352907,0.0,0.0,nan,nan,3426.0596442210417,3.2284211001935392,117.11414193117162,29.804874035026113,195.60738437816946,0.4475620159294631,14.473047241176165,3758.003585899395,0.4999617834394905,nan,277.60798510321865,821723.1546038304,12.246945895845682,110899.40250662864,4685.274379885825,0.5028349633540569,nan,0.0,0.0,nan,nan,5875.62,1.0,15.473706908126772
STACK,0.0,0.0,0.29586875026452597,nan,0,0,0,nan,nan,nan,nan,nan,nan,109.36894987505808,19.709711063259025,0.208,BLANK,0.0,0.0,nan,nan,5007.377262827488,7.3464165067559835,185.94919263584336,0.0,0.0,nan,nan,4959.090346027889,6.208631384933739,158.37791426617565,0.0,0.0,nan,nan,3726.03,1.0,24.400668213494743,0.0,0.0,nan,nan,3728.82,1.0,24.382410999599827,566567.5323960365,44882.34979443804,11.847599505701355,1.7972006616886718,6564.558368854773,7.056960940378307,136.2211001035541,0.0,0.0,nan,nan,4861.8927526450525,6.51944665462069,169.74644098810003,0.0,0.0,nan,nan,4340.5571501801,5.513088931309381,160.39578400799246,0.0,0.0,nan,nan,4105.904728384731,6.268511952968243,193.34614283488057,57293.74269873282,9231.19733217958,3.5916246863323016,2.4768406336369444,3980.08,9.99923566878981,319.8627926142355,0.0,0.0,nan,nan,3889.06,1.0,23.37778840736009,0.0,0.0,nan,nan,3835.4,1.0,23.704860453545347,0.0,0.0,nan,nan,4364.691951430176,9.99923566878981,291.0428046557292,0.0,0.0,nan,nan,3868.75,1.0,23.500516131444996,0.0,0.0,nan,nan,6583.613676556179,7.97647824518917,153.65326607131408,156382.88466709666,42428.76083212696,2.6453362097139057,1.37889575882627,6543.875137395027,4.071105511872664,77.97343651772267,185417.4882297037,40969.925219962715,7.118400236033733,2.9456593959512856,6708.10202136054,9.99923566878981,189.07053077254085,0.0,0.0,nan,nan,6731.12640536792,7.79782645954735,146.89655796169865,0.0,0.0,nan,nan,3426.0,1.0,26.53754284399528,0.0,0.0,nan,nan,3760.0,1.0,24.18021855944889,0.0,0.0,nan,nan,4685.405417740863,2.089696636550394,53.49692821260146,0.0,0.0,nan,nan,5875.7753530713935,0.4999617834394905,nan
69d44m56pt90091447s7d16m02pt45142932s,69.7491391429077,7.267347619254366,0.8178231549005688,17.063296304486812,0,0,0,nan,nan,7.632429307721606,0.052726459304542804,0.90170102173081,0.4291554960206457,64.96675387826946,21.017298132660773,nan,BLANK,1008.9574312422653,839.8744606925741,10.14329167143595,23.062117738118324,5006.896726433196,0.4999617834394905,nan,272.1536368797098,209.2364376981089,3.058301045642649,6.527602377806235,4957.153749806776,1.260700877677405,26.91832561341823,332.5778879240899,48.817312153638866,3.812615538198247,2.8190459466107844,3726.0431907924917,0.9419280000000001,21.534597245939114,254.3542381824972,41.73439966298435,2.9215912712711343,2.4100300695355013,3728.8501449899145,0.9419280000000001,21.51848450080361,0.0,0.0,nan,nan,6562.8,1.0,13.853480493619768,2071.6880087846234,213.7920180867697,17.549585684469594,5.194703844547769,4861.204342545294,1.4546669619286636,33.39455194502271,0.0,0.0,nan,nan,4339.094625885626,9.80895953954885,286.9732836570846,0.0,0.0,nan,nan,4102.035320378095,0.4999617834394905,nan,61.55811683922551,280.6651298867521,0.6160059831886229,12.073021038986058,3972.7703220815456,0.4999617834394905,nan,322.6214918614922,82505.38880092023,2.7461108516755326,3174.2306320010043,3890.121361188677,0.4999617834394905,nan,0.0,0.0,nan,nan,3834.4691139297747,2.957845574750295,95.39203547558773,0.0,0.0,nan,nan,4363.054389165838,4.5912168329609635,132.39676040036866,1662.8627740597315,182.4888983918879,10.794465701571523,5.428916198951453,3868.15340054748,8.775945152551076,287.87255481983755,0.0,0.0,nan,nan,6583.45,1.0,13.810026928666252,0.0,0.0,nan,nan,6548.05,1.0,13.88468655302385,0.0,0.0,nan,nan,6716.44,1.0,13.536579167464883,0.0,0.0,nan,nan,6730.82,1.0,13.507659064352907,156.5204787821111,88.9400251842049,0.9612213287934243,3.4843953079141583,3423.4793612639546,0.4999617834394905,nan,1462.0304932964034,247.82700300509512,7.114007694781999,5.902218710844433,3767.8102787515163,4.4767570462529545,149.71439157073195,702.7541721981862,117.05411439347881,19.0414978733503,9.698079416899798,4686.512059277428,1.2955728362503915,29.620445464801683,0.0,0.0,nan,nan,5875.62,1.0,15.473706908126772
69d44m56pt29614464s7d16m27pt05143154s,69.74897115128907,7.274180953204831,0.5500041012027885,10.580451682475138,0,0,0,8.815269232737736,0.017910087639182132,8.288349017723098,0.000747702563793318,50.21028152168442,58.67749287175463,80.02008832870038,18.818976547405228,nan,BLANK,4617.901657960369,155.8028202373841,76.03463218024537,7.00706133436844,5006.789149769731,1.6112294095687947,36.90070446446394,1450.7998742920972,608.9077028992339,12.539728982832287,14.600761392824264,4959.285746744498,9.99923566878981,256.08064588829484,0.0,0.0,nan,nan,3725.736829979298,4.659340577610482,157.3923936940085,896.9219098773087,189.5653650324274,7.79497167285578,8.250732256070123,3734.3896180503443,5.346714538215668,180.97737696160553,0.0,0.0,nan,nan,6562.8,1.0,13.853480493619768,138.72902582953088,161.59551428108588,1.4298641302422939,4.775222769386178,4862.457640249235,1.5852943249820655,37.24970060773894,1154.1052181881228,511.2329782989801,11.181879892760765,17.57068611789185,4337.062311564335,9.99923566878981,292.5682705754515,888.2361456365038,272.2037348970956,8.811117876208769,10.793202496325604,4100.987112564433,0.8289347124605664,13.780827871229747,657.6323241497385,95.68750643674646,5.4127002185544875,3.397963056225366,3966.530939158271,2.060894954541252,62.158562780461644,0.0,0.0,nan,nan,3887.60646923859,2.3434824907656613,73.21267582892409,916.6840142045121,158.8644678965961,6.173695304844457,5.007477550932646,3835.324676381091,2.4250032397202204,77.06771958052082,470.5060503395859,125.99045514843309,5.2349842035532514,4.9120825087180116,4363.342715122055,3.7731213345637284,108.18126515581753,202.2527992812964,0.0,1.3866492324377278,0.0,3870.4217537849504,0.4999617834394905,nan,0.0,0.0,nan,nan,6583.45,1.0,13.810026928666252,0.0,0.0,nan,nan,6548.05,1.0,13.88468655302385,0.0,0.0,nan,nan,6716.44,1.0,13.536579167464883,0.0,0.0,nan,nan,6730.82,1.0,13.507659064352907,876.5840352465734,100.82883757593699,3.8873204437454163,2.8446293042578543,3426.6374367769436,0.8568224309579496,18.361123481646022,0.0,0.0,nan,nan,3759.237254188101,6.122333179741775,205.93714913149813,721.0553938160624,290.6778385584717,4.965374823964415,6.124073892269547,4685.05113091305,3.4562746435295613,91.961006673919,50.515874961422384,184.81259550010057,0.5824787998559809,4.631793288156387,5876.877900763858,0.4999617834394905,nan
69d44m49pt03772029s7d16m33pt65144138s,69.74695492230272,7.276014289271198,0.7063428687804651,15.472310757180939,0,0,0,nan,nan,8.125105922949276,0.0001899687973817397,8.193185295550938,0.3838963738274389,51.21583546482407,10.313255592918358,nan,BLANK,10246.88315511484,253.97573348904058,49.54392439922304,3.354120618473222,5006.831922421258,2.7919409183367683,68.72383978023788,5900.29824228978,679.6610833538672,11.639393344161013,3.7179863101382993,4960.567894985408,1.883581082135765,44.89384554049375,7345.889777102095,180.67731670813222,15.03716491926401,1.8634642396252616,3725.722783191514,2.4603986503485493,80.59221255363325,8717.99395239214,201.96408345585223,17.884816870277056,2.0830110501177983,3728.8445773973294,2.4603986503485493,80.53191136638779,0.0,0.0,nan,nan,6562.8,1.0,13.853480493619768,3931.445947449779,158.1047270680518,15.986752455163002,1.842963589468228,4862.939288729484,1.5731293616790167,36.894297729733346,0.0,0.0,nan,nan,4342.549832986923,2.1542520675856585,59.75761112323434,603.9255298553314,121.73581190399489,1.3780021776862386,1.1096842977729575,4101.9995679186295,1.5184509550545118,41.82319006860879,338.5244193033053,48.627480778383706,1.0596567355214672,0.6560694814779683,3968.238145625407,0.9334710937172946,19.803228853297743,1056.3895265804904,120.03636719095364,2.581086694074314,1.326762359095871,3888.7558974127282,2.383028155270087,74.56804749045251,514.4927750780613,135.25134050043494,0.7992868910765484,0.9833784624651379,3835.3637735794955,2.150265214992437,67.48677369336548,0.0,0.0,nan,nan,4363.809442725452,3.9774915906349513,114.2442007433457,2137.5026727695476,148.65728498245227,4.331150971218457,1.3789749321681057,3869.820289575941,2.6591740819395167,84.41994820557836,0.0,0.0,nan,nan,6583.45,1.0,13.810026928666252,0.0,0.0,nan,nan,6548.05,1.0,13.88468655302385,0.0,0.0,nan,nan,6716.44,1.0,13.536579167464883,0.0,0.0,nan,nan,6730.82,1.0,13.507659064352907,0.0,0.0,nan,nan,3426.306655776808,5.97136255503612,220.36587153829583,309.4892919501702,454271.2617710184,0.6221546179363217,4495.461230212214,3759.360730745815,0.4999617834394905,nan,21426.955544010663,933.5663707435583,25.45963889149674,3.3949785492662468,4684.122780372615,1.9200464700980548,48.57726242421027,0.0,0.0,nan,nan,5875.62,1.0,15.473706908126772
69d44m47pt02148888s7d16m31pt65143843s,69.74639485802234,7.275458732897742,0.49455483810204215,13.83683201288634,0,0,0,nan,nan,7.249708674657252,0.03752034953146037,1.7141001806208966,1.9000048553228508,66.64314991126486,15.05371220703265,nan,BLANK,144.43040190626775,128.14083120960333,3.1792388571539547,7.704239785564759,5006.904016239254,0.4999617834394905,nan,778.3527097555233,97.83115585315369,10.099452720924367,3.5299889611527315,4952.130167980178,1.725340421514531,40.4852797379147,509.3896456603494,162.15596869600964,5.672020691040437,9.106014604147779,3724.366405292624,2.613732947412064,86.04310050286448,0.0,0.0,nan,nan,3728.869568335574,4.636582205234483,156.48864277702253,0.0,0.0,nan,nan,6562.8,1.0,13.853480493619768,835.5245355632401,916.4846326069004,397.2656038202035,1248.8085280408561,4863.6992230224305,0.4999617834394905,nan,0.0,0.0,nan,nan,4339.021614616814,6.227545545906632,181.5026960275347,1273.3159810872087,75.96087691315768,21.236685501103228,5.059042879624797,4102.79067190244,1.7264233563644737,48.98267080783467,373.4034046206775,1223.6184823264846,12.862910599291306,181.3807811760061,3970.9932674494094,0.638466350089081,nan,0.0,0.0,nan,nan,3889.90380025079,2.8211515065382393,89.46363425312549,0.0,0.0,nan,nan,3832.008019939755,3.1663085345031874,102.50009595264544,0.0,0.0,nan,nan,4362.284431413635,4.316849963346804,124.29042302740578,111.32290789560132,2.612397359977756e+112,5.776221007681088,6.209633605998824e+111,3868.7512067245566,0.4999617834394905,nan,0.0,0.0,nan,nan,6583.45,1.0,13.810026928666252,0.0,0.0,nan,nan,6548.05,1.0,13.88468655302385,0.0,0.0,nan,nan,6716.44,1.0,13.536579167464883,0.0,0.0,nan,nan,6730.82,1.0,13.507659064352907,1062.5178837794608,207.4353745937755,15.152411740394173,18.873211219802787,3423.374932300988,5.079555699671377,186.95533987173553,842.0758248808949,1198208.4943429506,10.535669271804435,73698.18176502595,3761.3619435921605,0.5543323178827918,nan,283.3473728565951,37595.453773170826,11.809966086952635,4793.403108254981,4685.4462258637595,0.6354876623760927,nan,576.1481006871152,255.33723887471845,10.949435256250528,10.547716361446588,5876.646877017641,2.306950130669571,47.629233326291605
STACK,0.0,0.0,0.6421812407464662,nan,0,0,0,7.538223257188349,0.2642222895298069,nan,nan,0.1296012625137641,0.5852057371312321,70.17500041687701,20.24214134804262,nan,BLANK,0.0,0.0,nan,nan,5006.835791431551,5.7412272928674515,144.8944388864622,217.3019697794416,980.0792294046175,1.3119728230614343,16.43941098252432,4954.977544124041,0.4999617834394905,nan,0.0,0.0,nan,nan,3723.768823545049,0.4999617834394905,nan,0.0,0.0,nan,nan,3728.223564528919,3.947027032634944,132.6239966010607,0.0,0.0,nan,nan,6562.8,1.0,13.853480493619768,1676.6963960429273,363.7474783943219,24.50710335020058,15.244255951575598,4862.247773392402,2.411227242957388,60.426520194633824,1006.6455434816901,1770.9925165718319,0.7837493398845997,4.884198101956783,4340.124448594133,0.4999617834394905,nan,0.0,0.0,nan,nan,4101.345719691999,3.051449200687171,92.18563364623509,0.0,0.0,nan,nan,3969.935186539185,9.99923566878981,319.8627926142355,265.15443657800927,174.87604375281617,1.3442144900888473,4.008496713563479,3889.5677105696786,0.4999617834394905,nan,0.0,0.0,nan,nan,3835.2421566672715,1.960151715828032,60.77387604481898,3.2371078026147617,3169.524303063465,0.0034678464742851265,11.924713399715536,4358.505895391261,0.4999617834394905,nan,370.1336237063414,116.55334909128317,1.772805419884299,2.559971925423468,3867.1508721135347,0.701497436344646,1.5075185029387617,0.0,0.0,nan,nan,6583.45,1.0,13.810026928666252,0.0,0.0,nan,nan,6548.05,1.0,13.88468655302385,0.0,0.0,nan,nan,6716.44,1.0,13.536579167464883,0.0,0.0,nan,nan,6730.82,1.0,13.507659064352907,0.0,0.0,nan,nan,3425.57259407738,0.4999617834394905,nan,7490.339771958811,480.68294285686204,19.6167217972855,6.201726125631564,3758.2726996709534,4.739087946844696,158.70106066959835,0.0,0.0,nan,nan,4687.0987549045085,5.124691082601067,137.9330308116716,0.0,0.0,nan,nan,5875.62,1.0,15.473706908126772
