object_id,ra,dec,z,angdisp,foreground,cluster_member,lensed,Z_dir,Z_dir_e,Z_j19,Z_j19_e,R23,R23_e,mean_vel_disp,sterr_vel_disp,zcluster,name,oiii5007_flux,oiii5007_flux_err,oiii5007_ew,oiii5007_ew_err,oiii5007_centroid,oiii5007_fwhm,oiii5007_vel_disp,oiii4959_flux,oiii4959_flux_err,oiii4959_ew,oiii4959_ew_err,oiii4959_centroid,oiii4959_fwhm,oiii4959_vel_disp,oii3726_flux,oii3726_flux_err,oii3726_ew,oii3726_ew_err,oii3726_centroid,oii3726_fwhm,oii3726_vel_disp,oii3729_flux,oii3729_flux_err,oii3729_ew,oii3729_ew_err,oii3729_centroid,oii3729_fwhm,oii3729_vel_disp,halpha_flux,halpha_flux_err,halpha_ew,halpha_ew_err,halpha_centroid,halpha_fwhm,halpha_vel_disp,hbeta_flux,hbeta_flux_err,hbeta_ew,hbeta_ew_err,hbeta_centroid,hbeta_fwhm,hbeta_vel_disp,hgamma_flux,hgamma_flux_err,hgamma_ew,hgamma_ew_err,hgamma_centroid,hgamma_fwhm,hgamma_vel_disp,hdelta_flux,hdelta_flux_err,hdelta_ew,hdelta_ew_err,hdelta_centroid,hdelta_fwhm,hdelta_vel_disp,hepsilon_flux,hepsilon_flux_err,hepsilon_ew,hepsilon_ew_err,hepsilon_centroid,hepsilon_fwhm,hepsilon_vel_disp,hzeta_flux,hzeta_flux_err,hzeta_ew,hzeta_ew_err,hzeta_centroid,hzeta_fwhm,hzeta_vel_disp,heta_flux,heta_flux_err,heta_ew,heta_ew_err,heta_centroid,heta_fwhm,heta_vel_disp,oiii4363_flux,oiii4363_flux_err,oiii4363_ew,oiii4363_ew_err,oiii4363_centroid,oiii4363_fwhm,oiii4363_vel_disp,neiii_flux,neiii_flux_err,neiii_ew,neiii_ew_err,neiii_centroid,neiii_fwhm,neiii_vel_disp,nii6583_flux,nii6583_flux_err,nii6583_ew,nii6583_ew_err,nii6583_centroid,nii6583_fwhm,nii6583_vel_disp,nii6548_flux,nii6548_flux_err,nii6548_ew,nii6548_ew_err,nii6548_centroid,nii6548_fwhm,nii6548_vel_disp,sii6716_flux,sii6716_flux_err,sii6716_ew,sii6716_ew_err,sii6716_centroid,sii6716_fwhm,sii6716_vel_disp,sii6731_flux,sii6731_flux_err,sii6731_ew,sii6731_ew_err,sii6731_centroid,sii6731_fwhm,sii6731_vel_disp,nev3426_flux,nev3426_flux_err,nev3426_ew,nev3426_ew_err,nev3426_centroid,nev3426_fwhm,nev3426_vel_disp,fevii3760_flux,fevii3760_flux_err,fevii3760_ew,fevii3760_ew_err,fevii3760_centroid,fevii3760_fwhm,fevii3760_vel_disp,heii4686_flux,heii4686_flux_err,heii4686_ew,heii4686_ew_err,heii4686_centroid,heii4686_fwhm,heii4686_vel_disp,hei5876_flux,hei5876_flux_err,hei5876_ew,hei5876_ew_err,hei5876_centroid,hei5876_fwhm,hei5876_vel_disp
88d21m08pt23096203s-33d42m11pt39349775s,88.35228637834102,-33.703164860484925,0.6989912515032484,4.647914788585335,0,0,0,nan,nan,nan,nan,nan,nan,76.09527496825311,20.39943933251688,nan,BLANK,1192.5803192473384,166.35348613639113,29.39976245589581,11.202324337819306,5006.602327096759,0.4999617834394905,nan,0.0,0.0,nan,nan,4960.197744190924,0.5685591926593183,nan,1418.5550762966711,125.68878905143328,215.75469836382712,96.2535398593576,3726.6779050039186,1.0395328294798165,26.258736952909217,0.0,0.0,nan,nan,3730.521663871833,0.8559519444561824,16.818414295620148,0.0,0.0,nan,nan,6562.8,1.0,13.853480493619768,0.0,0.0,nan,nan,4860.242270500749,9.99923566878981,261.2208748844296,0.0,0.0,nan,nan,4342.144662280088,1.7214862044644321,46.13010817768945,1320.0443124926837,661632.7691746874,8.164131894328403,16334.176908774509,4103.507445043602,0.4999617834394905,nan,712.7586981245333,1387.4279539666472,12.259167521874312,102.73329314794974,3970.22271120673,0.6849015436459297,nan,0.0,0.0,nan,nan,3887.808654592129,5.5492801489910155,180.20712987509134,2147.719980080322,235.30126901219134,15.334388790100837,7.874529195859325,3833.0347463301905,3.7063743712227657,120.81324279294537,600.6862910416658,140.83897801587977,15.169471192762144,12.427641725735468,4369.498681520448,2.13907575599006,58.97761170823752,2967.586940492537,332.1871170373128,37.04197668709039,18.970316673861664,3870.811743766911,7.132395651085673,233.57480565476754,0.0,0.0,nan,nan,6583.45,1.0,13.810026928666252,0.0,0.0,nan,nan,6548.05,1.0,13.88468655302385,0.0,0.0,nan,nan,6716.44,1.0,13.536579167464883,0.0,0.0,nan,nan,6730.82,1.0,13.507659064352907,665.0797425492666,103035.18863938662,11.70522747659466,11535.782819434935,3426.713641655453,0.4999617834394905,nan,0.0,0.0,nan,nan,3762.2621904118932,3.950096047011735,131.62979148997164,1184.3315709374153,413.92272354033446,57.14325345992231,61.04167851796376,4687.62683078406,7.76139718291053,210.0180944816398,0.0,0.0,nan,nan,5875.62,1.0,15.473706908126772
88d21m54pt38932442s-33d42m13pt19106439s,88.36510814567254,-33.70366418455411,0.7622762308981048,47.07429189566175,0,0,0,nan,nan,nan,nan,nan,nan,73.104560031791,13.787395946743361,nan,BLANK,1384.3927645916192,57661.60738494681,28.33839114951957,3223.9301615651448,5006.866284366086,0.4999617834394905,nan,979.9285693771657,376.4983169814925,7.188484601670872,7.673176576049522,4954.940550011612,4.5096469130807275,114.37293357164397,612.3447351448666,176.73676544819142,2.1372837657964983,3.10972008085443,3724.9574738807473,1.3836246347600032,40.77887360717754,764.5107506091787,194.5187980977342,2.675120167059495,3.4225986370985866,3728.5632494670494,1.3836246347600032,40.74836179449577,0.0,0.0,nan,nan,6562.8,1.0,13.853480493619768,0.0,0.0,nan,nan,4861.0973957984625,5.335619076509906,138.5232453504553,0.0,0.0,nan,nan,4341.767834285122,5.20336094640366,151.23254761296988,52.243932926885044,288.16926823010965,3.87821709955164,85.45203479883418,4102.152390123142,0.4999617834394905,nan,0.0,0.0,nan,nan,3968.066958606018,5.670040533863599,180.43250723246376,0.0,0.0,nan,nan,3889.362832985756,4.243081600424524,136.9959734628589,1725.5414649368458,158.33224673518652,13.391743433102883,5.748050632316648,3836.132439831178,3.2891392447292365,106.67671087934667,1001.0236494885322,250.4737634598262,13.57677267716633,11.893317703483778,4365.281106017305,3.7707218913550618,108.11001630861594,0.0,0.0,nan,nan,3868.562019164146,1.838068963705718,55.92787412831821,0.0,0.0,nan,nan,6583.45,1.0,13.810026928666252,0.0,0.0,nan,nan,6548.05,1.0,13.88468655302385,0.0,0.0,nan,nan,6716.44,1.0,13.536579167464883,0.0,0.0,nan,nan,6730.82,1.0,13.507659064352907,0.0,0.0,nan,nan,3426.245804139229,2.4444588982173876,87.03199767262747,2458.496709133107,229.8605338392788,21.66175991236635,9.976277719568488,3758.437688438523,6.327162321375236,212.91675972027602,0.0,0.0,nan,nan,4685.5810159518605,2.9328186720115372,77.3818202111069,0.0,0.0,nan,nan,5875.62,1.0,15.473706908126772
88d20m09pt74633861s-33d42m54pt2999808s,88.33604064961483,-33.71508332800021,0.3241668089670833,16.432846510025794,0,0,0,9.65808274559328,0.05529974215273916,8.03319569060206,5.8750797300497845e-05,7.359731247922568,0.14714498398980067,67.39985303059142,11.02584681695369,nan,BLANK,12338.246890286919,80.12714440329968,13.853142169325569,0.24573183415397604,5006.838414124541,2.729629825878032,67.08590881806055,4931.928800977441,114.10713459913246,5.497640440668648,0.3529119361706918,4958.933926654027,3.2105552555741435,80.44162925883212,19658.902917225423,560.2660983604275,17.4241569993269,2.5017540377996403,3725.8483571163547,2.807135521177259,92.88362144515985,31635.46021820089,895.0327425193534,28.093632435570367,3.9965862366353613,3728.6232448840938,2.807135521177259,92.81412350644679,24082.861028098054,465.2145350671729,36.22413465828681,1.3403293454125105,6562.738017467753,3.131869586203652,59.21739655869601,9316.174261939848,117.25804401093457,10.214313719384702,0.36874102150440513,4861.333471128906,2.7203751333529533,68.8431530905886,3555.8019739181086,121.35176543298402,2.7877541147523472,0.336934403481033,4340.583740493202,1.904424484168105,51.948485788204025,359.3563466483995,0.0,0.26240992005299,0.0,4101.18501640795,0.4999617834394905,nan,0.0,0.0,nan,nan,3970.2253289627433,0.4999617834394905,nan,266.8494749484228,698.6031296677295,0.17515086549872777,2.074189021881341,3888.866164703295,0.4999617834394905,nan,0.0,0.0,nan,nan,3834.829043140382,1.932276325374992,59.78222934159246,69.50919401384024,281.0260106472691,0.05471546913564103,0.7736114269434592,4367.674795572412,0.4999617834394905,nan,3746.6534812728205,208.26324498428642,2.5454972965157316,0.648657332906943,3867.6387628458433,4.325448677517379,140.46257131752944,2156.250415544634,1827.5114209600933,2.0947068743715094,3.389403412194301,6583.462313717069,2.0749928070720003,37.773791723571854,0.0,0.0,nan,nan,6547.860805227756,9.99923566878981,193.93267853817915,4409.353140766315,437.188439821502,7.727327496028186,1.4330796265973107,6716.348285355964,3.4524928156566554,64.08278555099406,3333.9875710598826,454.49121310809613,5.638015062459709,1.4344054614066963,6731.163646210821,2.9409828793124095,54.02858456531231,0.0,0.0,nan,nan,3426.0,1.0,26.53754284399528,156.43092068036876,474.360176352663,0.11257356264592529,1.6803874525555111,3759.4244627517573,0.4999617834394905,nan,548.4533723408969,2931594.7826889777,0.4927651452900578,8054.742193195883,4686.235880153603,0.6235469017510059,nan,1295.4369504691385,188.98685840220813,2.05862957509673,0.6528889530811778,5876.007331950996,2.675982857991813,55.96299917289164
88d19m48pt8284935s-33d42m42pt89990813s,88.33023013708375,-33.71191664114773,0.7300043801847442,12.25088863725316,0,0,0,11.016938794409134,0.054473673786516436,8.15405453374439,1.9906500627130204e-05,9.11329968421809,0.16838553659251476,40.25682289225364,7.06511451902184,nan,BLANK,25714.62837642129,98.80547963602594,1276.7754536260452,13.399904049087736,5006.842235734503,1.937547145553583,45.93886465926384,8617.419116779181,88.2042227351038,225.0460493325536,6.391200058385597,4958.900263101812,1.8804969964318694,44.808548387945386,10527.346981852741,103.497737573993,50.625352601799214,2.507121082370569,3726.054129625856,1.8866863145060069,59.8627248413286,13790.56934978309,120.29974181121123,66.44709291104661,2.914131515995686,3728.8407225836186,1.8866863145060069,59.81793399534856,0.0,0.0,nan,nan,6562.8,1.0,13.853480493619768,6435.645250029809,116.72755699085356,160.94142567936345,8.372510898521147,4861.337709139837,2.003128085637263,49.1512696432077,3007.243284701681,58.59756837759044,29.56644904197753,2.040330277463501,4340.544885624661,1.7489140964602696,47.009318711955565,1748.7833550384307,44.694168480202976,11.258993061517899,1.1497591418172783,4101.66964353798,1.4861596867765257,40.690425897671666,1510.1575417426811,93.13121721451883,7.9786382673818945,2.1196663377888223,3969.1208253179652,2.083804567214055,62.93909183100879,1592.8062690184988,115.6511104491631,6.08913350637359,1.999917736206661,3888.873845817915,1.6194832922962572,47.806382376318595,248.08403148181847,84.80984702969529,1.405500157127883,2.2511594612854426,3833.686489062504,3.269299543241404,106.00262545518095,16.209690337094017,295.45896056744334,0.09215003412807922,5.887472846534109,4362.680338865332,0.4999617834394905,nan,3092.8728188341447,82.61568299661509,14.011308546401068,1.7147516186970306,3868.5526890736037,1.7824637001538406,53.943663385643845,0.0,0.0,nan,nan,6583.45,1.0,13.810026928666252,0.0,0.0,nan,nan,6548.05,1.0,13.88468655302385,0.0,0.0,nan,nan,6716.44,1.0,13.536579167464883,0.0,0.0,nan,nan,6730.82,1.0,13.507659064352907,0.0,0.0,nan,nan,3426.7759720663657,3.8445673895275383,140.4760695267589,0.0,41.84946171360076,nan,nan,3760.0,1.0,24.18021855944889,318.3920852260169,44.060234155885055,3.4820521135334976,1.4754822356089103,4682.840924133129,0.9883319445340945,18.956827243244227,0.0,0.0,nan,nan,5875.62,1.0,15.473706908126772
88d19m51pt9540592s-33d42m44pt29998123s,88.33109834977691,-33.71230555034175,0.7303612048554116,9.66830777097832,0,0,0,nan,nan,8.08981532789837,3.1864040148571105e-05,9.457553915512003,0.3115161421463484,65.7683672835349,15.857330241935417,nan,BLANK,12898.037896835363,99.25003958550862,42.35538478058814,0.8902292975041807,5006.8434771898155,2.7988335988783573,68.904869392955,4492.5403271277655,89.87403070508944,13.455378940717289,0.746847958206427,4958.933814820627,2.7978137239981624,69.54382158908756,10550.415665392418,136.37614907806886,26.170186988996974,1.703837629179014,3726.1952046276465,2.2134527948391782,71.74721774225402,15842.59567878168,185.28630159005985,39.37306153336153,2.3149045852573047,3728.9521072189896,2.2134527948391782,71.69353460992237,0.0,0.0,nan,nan,6562.8,1.0,13.853480493619768,4629.483475248781,149.8674538706295,12.488542342922585,1.1595352039314626,4861.3982883276785,2.6146887457158208,65.97483988933794,2374.4687217500996,66.53519793170013,6.727209650183999,0.667568373068044,4340.615991616953,2.335670524596318,65.35855641783019,1192.7826630606373,65.59721370511664,2.846820222254582,0.6256136481348608,4101.544177375923,2.7636339886649544,82.98091937599726,75.93244644333161,142.80287885158327,0.14952995273576894,1.2116427226451416,3968.8444647348315,0.4999617834394905,nan,611.9055014578429,517674.85092857166,1.199806715835126,4591.576138955868,3888.844337811596,0.4999617834394905,nan,39.19243612601396,61.498760859883625,0.08511341543606665,0.6251840249996609,3835.0437767882995,0.4999617834394905,nan,0.0,0.0,nan,nan,4362.063911559437,9.99923566878981,291.0428046557292,1518.5352686504787,75.43926470323686,3.0584495788274335,0.6960370472441285,3868.783973502605,2.8445872434056962,90.72918439073031,0.0,0.0,nan,nan,6583.45,1.0,13.810026928666252,0.0,0.0,nan,nan,6548.05,1.0,13.88468655302385,0.0,0.0,nan,nan,6716.44,1.0,13.536579167464883,0.0,0.0,nan,nan,6730.82,1.0,13.507659064352907,0.0,0.0,nan,nan,3426.2489218347578,3.0749194472842687,111.26380465357049,1577.4352316853017,148.12113697872593,3.869874671025293,1.7859105476946942,3761.7543420322136,5.253521277800179,176.29328655449433,355.5338516856322,81455.75906619249,0.9996620854057137,699.3831269439553,4689.995310366603,0.5346543014638936,nan,0.0,0.0,nan,nan,5875.62,1.0,15.473706908126772
88d20m26pt81459385s-33d42m18pt69931468s,88.34078183162464,-33.705194254078826,0.32209183262901964,33.90446165499478,0,0,0,nan,nan,8.041607931608159,8.392882513987589e-05,8.654695208193965,0.2834824176587539,54.55974491608895,9.25021614761773,nan,BLANK,6012.608017616492,70.07192953145572,18.43665562441006,0.5868819497795292,5006.834836106922,2.075741206209363,49.68864168019345,2098.299042491073,73.1895137759801,6.257440515349214,0.605573863952314,4958.969368162544,2.3241934890379947,56.89844823395967,7939.316847332877,333.4258684030055,29.316189823387663,6.203013358289875,3725.7782759714933,2.664506196040574,87.84236083891939,13886.84255060271,540.479989975612,51.38377694438504,10.055022466507818,3728.7408349334614,2.664506196040574,87.7766349023656,9494.999142597146,186.20802816220777,43.96635825934811,1.6515423794359398,6562.774903776463,2.282444615050843,42.14288495833154,3459.0549681864914,85.53249369654066,10.981368313204516,0.7788483247025862,4861.230925507033,2.16668965530583,53.69913992194263,1685.246090603445,82.86944462614501,4.206545947215401,0.7325338240803231,4340.639776986993,1.9176475988484716,52.36530272782437,531.4003560986858,92.00815700094687,1.127798523731164,0.7799763289252092,4102.2925297616575,0.9930947576406283,21.86455121426151,963.4470567599254,10286614.680501958,1.714881468674277,78821.61829000128,3970.2837549845226,0.5962813120391108,nan,0.0,0.0,nan,nan,3888.658240543846,4.942357337654055,160.15933333720108,0.0,0.0,nan,nan,3837.082324879969,0.4999617834394905,nan,0.0,0.0,nan,nan,4367.360265942933,4.070805559894343,117.00908200533111,746.7162359705476,107.38157582769739,1.3153144795676708,0.8663879803697692,3868.9651391859406,1.4639410094848404,42.310185886338836,727.9770694917555,750.147822285466,1.862928883024064,3.66475898327138,6583.740603927044,1.6047445722128983,27.924398752638673,0.0,0.0,nan,nan,6548.526817940016,0.4999617834394905,nan,1568.695840707413,176.13666243073138,9.942316209997225,2.088037001588194,6716.4650960836825,2.1563614326307,38.66028083048997,1023.698842698722,189.31996531835972,6.167262662903883,2.128784308541733,6730.688071922406,1.8755178872020908,32.91106290133802,0.0,0.0,nan,nan,3426.0,1.0,26.53754284399528,1112.9147079048685,7892411.299008787,2.1974184558390517,76658.74865404783,3760.390494387873,0.6055109300547795,nan,0.0,0.0,nan,nan,4685.77497966165,3.1801470673949597,84.28555745447005,435.26313187276077,8159753.1713238545,1.8007280246501882,73395.59763282182,5875.455896884275,0.6069972103826007,nan
90d02m09pt29683101s-20d08m25pt42075551s,90.03591578639167,-20.14039465430772,0.34775621463490825,39.575458868583155,0,0,0,nan,nan,8.399816247262695,0.009559657357407733,nan,nan,79.74175648771815,15.84679156846886,0.46,BLANK,561.8771864303847,12897.652142377068,32.5552705846491,2041.1444237567598,5006.8651868390825,0.7468510856890623,6.62019851719034,877.5645246455204,153.5083540718992,11.8026282823224,5.729355424805713,4958.3775739171115,3.7626434241886195,94.91198669402876,217.52172266309256,479.5329981762892,1.2699451715461185,14.109678010883576,3725.326136405185,0.4999617834394905,nan,0.0,0.0,nan,nan,3729.3371609002697,5.142437255033173,173.93990932720732,0.0,0.0,nan,nan,6562.012309289663,3.3117805124348414,62.79292739302928,0.0,76.10096473280184,nan,nan,4861.33,1.0,18.702211490174054,0.0,0.0,nan,nan,4340.808018692831,3.5747283594584838,102.82054191898024,2043.3270013156957,281.6752083133982,19.233981194458657,10.575194959388055,4104.993335052041,4.261399461075227,130.46930581358868,4183.689883764558,538.4994520329133,32.90081874231384,18.230546505662065,3970.2815005066113,7.292232606533645,232.76305025154699,0.0,0.0,nan,nan,3890.5270908750526,2.640898681297895,83.35879355332224,1233.9739060012027,180.21123788108827,28.913974332819244,19.755279160065474,3835.9191072139365,1.6567359453593669,49.84295974486309,0.0,0.0,nan,nan,4363.037467559481,5.7678405386315506,167.05057912814047,1346.6673578860498,7473633.544532631,21.16747982923028,538445.2889064576,3867.9026283147396,0.5954855232749195,nan,0.0,0.0,nan,nan,6585.845528480815,1.8697148637127146,33.526785040994206,186.15251764551618,526.1027072853718,45.652336578567045,247.75730014191686,6546.995979975476,0.4999617834394905,nan,1559.8101129510992,215.53282894161106,709.1870333769851,183.36602686785622,6713.754462775339,3.2781772004804433,60.70469525896052,0.0,0.0,nan,nan,6729.063713027143,5.939951654313259,111.56837331518729,0.0,0.0,nan,nan,3426.0,1.0,26.53754284399528,0.0,0.0,nan,nan,3758.3031438233697,0.4999617834394905,nan,81.56231779657946,338.0799790896941,4.608182688287614,58.419952852113454,4685.911016232545,0.4999617834394905,nan,766.5189887434999,17238973.26507143,68.19593996234941,3334402.361231891,5875.73442282651,0.5590692965691579,nan
90d01m35pt85316203s-20d07m59pt41999829s,90.02662587834072,-20.133172221746328,0.3283239518834278,33.98275305838341,0,0,0,nan,nan,7.58108175340602,0.00470865685230905,3.7122442104958053,282.4639764983018,120.8595863598609,20.34317356622433,0.46,BLANK,3698.5191907196017,218.48585803207288,1.5930518159496199,0.2570415472847109,5006.902210572902,3.742461268643785,93.48105819500724,54.501974179977765,269.0156934187435,0.022241711726585137,0.3042121069137506,4962.767857985832,0.4999617834394905,nan,10989.525741134465,1695441.1281799374,5.55639453102105,4312.65267118762,3727.860350356084,5.54760003946355,188.03410672781916,17054.126230995345,1725974.8591446567,8.618097170391678,4390.320585583258,3727.094257387845,5.54760003946355,187.89341472397595,37324.70033047045,1570.903481808464,16.726547922286873,1.348653361610194,6561.69073654408,4.264700373738316,81.6078332208753,8565.350589578438,250.2390525447703,3.5642380497706077,0.29872354131178297,4860.7688441428645,3.6581223260441917,94.02982945859539,1713.2600117086513,281.7996315901153,0.6249409553620974,0.3640981239630986,4340.19129413407,2.9108809297363107,82.87365274408756,0.0,0.0,nan,nan,4101.670830718668,5.485538002505152,168.86903987675103,0.0,0.0,nan,nan,3969.638801350278,0.4999617834394905,nan,0.0,0.0,nan,nan,3883.1210123194887,0.4999617834394905,nan,0.0,0.0,nan,nan,3835.543137404269,2.4880556347746747,79.25118681062334,3025.652418602778,737.1755190213548,1.078547600320154,0.9209644162904068,4362.975383255428,9.99923566878981,291.0428046557292,11931.944524984834,1157.5748730745684,4.359095641186841,1.9374982398005542,3868.6073452305995,9.99923566878981,328.2406140748108,6654.165346147541,3093.655488077648,2.4123203938352793,2.1416175448269272,6582.1599889767585,3.0038357242611844,56.488630988897725,0.0,0.0,nan,nan,6551.156140969681,9.99923566878981,193.93267853817915,1586.543146243008,377.8169580938453,0.9005176239904981,0.4010611923256293,6717.243552716787,1.9868381834749547,35.24573444397365,5523.3396169561665,555.0036688988722,3.2717454145051046,0.6136680685569957,6729.995463331008,5.96209777540518,111.99018453287654,0.0,0.0,nan,nan,3426.0,1.0,26.53754284399528,0.0,0.0,nan,nan,3760.096485741453,1.563657461824141,47.34250717366435,1877.1367462655328,419.88338032408717,0.6790512469858404,0.46375400322574156,4690.408413644043,9.04629506050933,245.05129251361691,2363.9914270306385,428.28493628865675,1.220846867635022,0.48091077333566423,5875.243174097975,4.909031333101532,105.2796156737396
92d56m40pt78433942s-30d37m20pt36208363s,92.94466231650597,-30.62232280100793,0.11327726804392335,24.13349499398317,0,0,0,nan,nan,nan,nan,2.775830197042812,579.5558473068949,50.30010458581753,10.944568528898188,nan,BLANK,1856.4315458773697,145.84576947827566,33.97734894141562,7.291108745821501,5006.8222581798245,1.8504946994413056,43.55658172446642,363.21797133190336,463432.61994440056,14.228873829877521,50375.851883137744,4958.665751872914,0.7629498999402436,7.790924603062203,0.0,0.0,nan,nan,3726.03,1.0,24.400668213494743,0.0,0.0,nan,nan,3728.82,1.0,24.382410999599827,767.7356829176985,235.57612038310984,13.711231865502452,8.061317661687244,6560.692414059708,9.99923566878981,193.49681168128302,799.6344731655211,151.86893306985405,17.989470009003966,9.804848478963914,4859.764612689614,3.016338906923659,76.83632463698324,1124.3202531724305,173.88215189123665,24.359690035195907,13.353245132861597,4338.779473655153,3.727138998659753,107.37544607342006,0.0,0.0,nan,nan,4101.73,1.0,22.16567686891332,0.0,0.0,nan,nan,3970.08,1.0,22.900702702093618,0.0,0.0,nan,nan,3889.06,1.0,23.37778840736009,0.0,0.0,nan,nan,3835.4,1.0,23.704860453545347,0.0,0.0,nan,nan,4360.950612925796,0.8544140765065261,14.294983796604638,0.0,0.0,nan,nan,3868.75,1.0,23.500516131444996,55.00521060062155,176.35700886904428,4.182010706689197,25.60647034904666,6581.4743769254255,0.4999617834394905,nan,0.0,0.0,nan,nan,6548.61793504276,5.5709419941679,107.4543156602797,33.17519366170009,4980049.371586485,1.6083202366977742,451655.5080768405,6715.3147819538235,0.4999617834394905,nan,0.0,0.0,nan,nan,6732.004051878577,3.219861257625264,59.44545627791014,0.0,0.0,nan,nan,3426.0,1.0,26.53754284399528,0.0,0.0,nan,nan,3760.0,1.0,24.18021855944889,0.0,0.0,nan,nan,4686.555244551709,3.156072678921385,83.6148789677156,0.0,0.0,nan,nan,5875.37312967116,6.833497925738452,147.2860877005468
92d56m43pt10698141s-30d36m52pt76199783s,92.94530749483593,-30.614656110508314,0.5476344475203039,20.969964792391146,0,0,0,nan,nan,nan,nan,nan,nan,85.47531501667024,20.775886533163273,nan,BLANK,2362.4830516097027,151.74209961406933,92.46497346771224,16.219541591457237,5007.287303740745,2.8502761723515473,70.25503521303247,275.73585360988955,1803551.3566537304,10.475877265090887,189884.43090958253,4962.623165108198,0.4999617834394905,nan,0.0,0.0,nan,nan,3726.2575925100177,7.284426351712052,247.74075880560625,0.0,0.0,nan,nan,3728.7936306506326,5.233165879550935,177.06617693467348,0.0,0.0,nan,nan,6562.8,1.0,13.853480493619768,0.0,0.0,nan,nan,4861.552566400911,9.653127414638528,252.13378169840598,0.0,0.0,nan,nan,4340.033891213681,1.5345195195350925,40.05323020076925,0.0,0.0,nan,nan,4101.664687172875,1.355691765073593,36.035020419422345,61.594977462338726,81.41872671202516,1.481344202481529,8.423695172152332,3971.4471271774987,0.4999617834394905,nan,236.9806792863158,86.97982270489472,3.8825581421536417,6.440050145443306,3890.3636597188465,2.3592168811471885,73.75221157370231,0.0,0.0,nan,nan,3835.7087781840587,6.393755466057708,210.95500194444026,228.528411576676,25899.728260871445,9.795068363847436,3887.0606925602915,4364.931014216338,0.5883616397521317,nan,0.0,0.0,nan,nan,3869.729991831586,0.4999617834394905,nan,0.0,0.0,nan,nan,6583.45,1.0,13.810026928666252,0.0,0.0,nan,nan,6548.05,1.0,13.88468655302385,0.0,0.0,nan,nan,6716.44,1.0,13.536579167464883,0.0,0.0,nan,nan,6730.82,1.0,13.507659064352907,1753.453605920629,173.6009417594312,36.37242712990589,22.82239606335024,3431.022765859192,5.691540786770987,209.89191728724666,431.03732658493834,73.59061061398259,42.65557346490928,35.85523912267424,3759.148160873545,1.8250506280982433,57.068467771504196,5.6098329713673705,136.2864566924389,0.19759811072168948,14.680306381432988,4686.223124291209,0.4999617834394905,nan,0.0,0.0,nan,nan,5875.78069400268,4.440500076036349,95.01163624413336
92d56m24pt28316721s-30d36m47pt16236396s,92.9400786575596,-30.613100656654797,0.3065205357417238,15.35237471753992,0,0,0,8.206983446361082,0.01753676808447467,8.01739509899098,6.842742682462175e-05,8.958953710510269,0.2421330569290539,58.976007134074656,10.25670191847457,nan,BLANK,4821.04879078584,82.73364895508115,17.271734265217887,0.8095920877110037,5006.818936488527,2.2387193472115268,54.070206605426215,1739.83481316793,104.86425336973636,5.303548148211719,0.8870063521630928,4958.609066741024,2.4878001490889035,61.28889346683729,9136.635683007511,215.91568353166292,24.461768201847814,2.9123408183747532,3725.8526356060624,2.1028221858257368,67.75100124445105,14385.952052328574,301.23021075061,38.58975605384383,4.063090851702682,3728.5966426840455,2.1028221858257368,67.70030818512612,7923.10944430446,129.24652357475608,39.61137497032174,1.2377141775926845,6562.609182869247,2.3101549849456497,42.70729632464569,3357.922399353084,79.3895324157638,10.031756721979946,0.6802715035440453,4861.297322041612,2.1006120610294565,51.86725737720695,0.0,76.49058372505795,nan,nan,4340.46,1.0,20.94654063936261,0.0,0.0,nan,nan,4101.0719665876695,3.04244186347497,91.89837913685055,486.3651315484196,26630335.00785658,0.9954461546734825,234697.06521699255,3969.859568039171,0.5831289775297271,nan,0.0,0.0,nan,nan,3888.9583396191415,0.4999617834394905,nan,0.0,0.0,nan,nan,3835.543089454628,3.3084336888984525,107.33208528646924,1557.1729088251384,224.3942529744721,3.7288058434953264,1.8823697498304062,4363.927923241164,5.595122871229484,161.9723067503321,985.2980500035286,786334.1203663701,1.8735667019726299,6850.794096302825,3868.515724817534,0.6460658792723666,nan,279.0602343762074,1780.5888944054775,0.8632932600979553,10.517285878203719,6582.872365971335,0.4999617834394905,nan,0.0,0.0,nan,nan,6547.439166588701,0.4999617834394905,nan,647.9217073055984,139.42307095170256,3.5036118846718174,1.410372030697687,6715.453110206079,1.5637818483884938,26.505937091557314,918.1399372357118,154.4921858424732,5.143045132958984,1.6151471695532846,6731.010254387631,1.9055120868529778,33.521800184947914,0.0,0.0,nan,nan,3426.0,1.0,26.53754284399528,0.0,0.0,nan,nan,3760.3524535684883,3.5387202353357536,117.45021262563455,0.0,0.0,nan,nan,4685.492257583797,4.273562401975293,114.54465374237397,0.0,37.443969724885335,nan,nan,5875.62,1.0,15.473706908126772
92d56m11pt9660189s-30d37m01pt76219597s,92.9366572274719,-30.617156165547545,0.2859332592338635,12.598147343177283,0,0,0,7.855064366825535,0.0,8.167941715382888,0.0005148934049724543,8.85410576380934,0.4443856079253585,61.746158149481445,10.880650413539596,nan,BLANK,9425.96900965328,91.61713534264784,6.6277097629927635,0.1759552685190986,5006.8300700969785,2.119053307939528,50.8569446223653,3482.6321513924136,105.78225760305546,2.3379313624819758,0.19702696815935364,4958.970915157473,2.1298727356115044,51.642694960360416,3418.9608922397906,217.06665209473923,3.2434837640672347,1.0374510554753424,3725.8511711150413,1.9347920487714465,61.62922633601237,4170.591604600643,237.16306306801326,3.964937826183895,1.133500091908584,3728.88983493699,1.9347920487714465,61.58311374771969,5286.529478325838,139.20097395063925,5.061008806088282,0.25525408241498054,6562.800444318733,2.4932630089520975,46.42085653291196,2315.1015138842345,109.23752877599615,1.5406549120218598,0.2085152919543317,4861.178484004227,2.212045859317777,54.952754010544524,0.0,97.49096838601551,nan,nan,4340.46,1.0,20.94654063936261,1199.6873957711894,187.21786434987305,0.9591296585254827,0.5981204373036497,4101.501693159611,2.6047111889567818,77.87126534513474,763.5648514657098,130.65994150904552,0.7803358067474244,0.5752457027697381,3969.0834622956345,1.9504840609536405,58.3801759253591,1398.70822218519,181.2285082428086,1.089014453013613,0.6386207666581877,3887.988880311408,3.4169151861364524,109.48190261438303,214.13467226502442,383.366534160598,0.17893807216737814,1.4992558277956283,3835.3990252406356,0.4999617834394905,nan,347.03505733982485,1888106.6712785196,0.23637351884595895,4509.040105339195,4362.077866327759,0.6213499709672501,nan,0.0,65.97542237417683,nan,nan,3868.75,1.0,23.500516131444996,0.0,0.0,nan,nan,6587.538970376204,6.636943562847099,127.628741498051,0.0,0.0,nan,nan,6548.9207453541785,9.99923566878981,193.93267853817915,73.21844840254086,207.32566790929778,0.07464259094078382,0.3952679794306023,6717.496578633032,0.4999617834394905,nan,955.6615360683812,268.8972256687546,1.0194961776001998,0.5357733888208809,6726.090561698255,6.842218529379064,128.73812811215802,0.0,0.0,nan,nan,3426.0,1.0,26.53754284399528,1136.457032313775,125.03746376571894,0.9141371490184707,0.4944676740839115,3761.2742497395393,1.7359489018572667,53.78713205168607,24.23820599761555,103.66607404697928,0.015411564418876622,0.2014130024072281,4688.292677893267,0.4999617834394905,nan,158.8145902489125,77.33729480062098,0.12634695731315798,0.13372615301953555,5877.011868383446,1.3608725854357582,25.286790930479018
92d55m59pt8825963s-30d36m43pt16171806s,92.93330072119318,-30.611989366128352,0.3237833603780751,31.345357089208303,0,0,0,nan,nan,7.19753259140806,0.0035793173711787256,2.544620555344308,23697.746249776195,133.05823646442659,25.491541136410124,nan,BLANK,1869.1320829364163,115.59151854590733,0.8840919788783433,0.14939002011903227,5005.760955842859,4.5285878117397065,113.76555112189807,777.9916659151108,183.03583692510784,0.34917221336140203,0.22853488608225028,4950.9056865031935,5.079292885371859,129.15645033986135,6728.52540166932,123222532.05839124,2.927059697883081,269823.2891607595,3727.1016312335137,4.777674944498801,161.48086286287207,9353.359578194597,123445929.70469713,4.068321011855796,270312.4682638838,3726.8902269269224,4.777674944498801,161.36003868595083,28539.805358451005,1064.9717466380885,15.259828637652642,1.0910981290060404,6560.4463500422025,3.70091123113706,70.49717081554931,7360.236357982755,163.2631895220621,3.482497686880066,0.22168465679123903,4859.743524202594,2.941699703257258,74.82533300434118,1203.8404710720545,143.51899702716565,0.4726849424412921,0.19969874210565933,4339.206069704874,1.780261046041767,48.010947265485854,0.0,0.0,nan,nan,4101.681337705676,0.4999617834394905,nan,0.0,0.0,nan,nan,3970.051895376204,0.4999617834394905,nan,0.0,0.0,nan,nan,3888.1263844494247,0.4999617834394905,nan,0.0,0.0,nan,nan,3834.4089957487845,0.4999617834394905,nan,3637.238240034072,834.1789214450706,1.44764787609601,1.1617554559283219,4366.398780768576,9.99923566878981,291.0428046557292,6748.554044557874,770.2705957722892,2.763522747081097,1.4472346895813448,3866.296181638026,9.99923566878981,328.2406140748108,5383.6780254281975,2342.373181441041,2.4181801684080577,2.009458947623174,6580.924650623788,2.6557501054567805,49.540561518645774,0.0,0.0,nan,nan,6551.443660386731,9.273417964683127,179.78357003990965,403.47943863509505,271.1610234125705,0.2531842262694348,0.31834906543418,6714.602246381705,0.4999617834394905,nan,2623.953516787807,393.4698197640898,1.6800698522491284,0.47038681228597645,6728.259717124172,3.968598271398893,73.8871692335503,0.0,0.0,nan,nan,3426.0,1.0,26.53754284399528,307.3562167831589,906.0702383534565,0.12467187529059204,1.8118748237202502,3757.225195804494,9.99923566878981,337.7342754526394,354.4025150211908,13063651.98841762,0.14631479156040444,16496.138298289912,4685.763377167092,0.5888343153334333,nan,3267.1181924907332,1017.2575658305252,1.9181630984611218,1.299782358173891,5870.891760854485,9.99923566878981,216.12712798001303
92d55m47pt79458085s-30d37m20pt36092911s,92.92994293912633,-30.622322480307687,0.31834992522107,40.852446618402546,0,0,0,8.127123298116665,0.0070725205011429185,8.057489758884742,6.683517092111726e-05,9.732965068262088,0.33631755766919247,64.67764245724003,11.65408025981617,nan,BLANK,6030.6711955505625,74.98614669158293,21.957563053843,0.7457380104959032,5006.839605767212,2.263661232608712,54.73749012096007,2231.3559319323303,89.50406197753188,8.039492177139952,0.894680361507642,4959.132835063275,2.5160565305921274,62.04449745380402,7787.248002048857,224.0304907581498,34.43234003406999,4.989205650105791,3726.230752019819,2.304322795069509,75.01287402440677,10639.430947554902,285.7497991177104,47.134308218238445,6.363707491109945,3728.9897482824053,2.304322795069509,74.95674744320196,6408.748022304724,111.837037138091,55.79047592605836,1.864797222091488,6562.87116758517,2.4587756663692186,45.72339035359393,2742.0940987567083,86.2681091068209,10.740906278937638,0.9692508711398222,4861.20066373177,2.226350868794694,55.34753240863565,0.0,65.91758704515117,nan,nan,4340.46,1.0,20.94654063936261,229.75931552017047,95.31218646206237,0.6521745755641289,1.08058141912384,4102.407270087938,0.4999617834394905,nan,229.9797761670142,152.59888541601939,0.6502629606795209,1.8574497285669378,3970.2848640860598,0.4999617834394905,nan,82.15229142945535,0.0,0.21348077630858073,0.0,3890.1400214992464,0.4999617834394905,nan,0.0,0.0,nan,nan,3835.6460161220057,4.072732791629318,133.17626869958826,406.50835439294065,95.49493324187857,1.2317350694887688,1.0122482359505613,4366.924616804059,1.30695285413844,32.20348903585026,0.0,43.54987970801521,nan,nan,3868.75,1.0,23.500516131444996,0.0,0.0,nan,nan,6581.56004247471,9.99923566878981,192.88987927331783,0.0,0.0,nan,nan,6549.856327227372,9.99923566878981,193.93267853817915,1184.1047132763917,178.77236295230753,6.265896952913848,1.7694598956855516,6716.348453903615,3.1397323042226097,58.015681958167164,896.0301516442853,174.52890646899468,4.994188916765203,1.8155533464897826,6730.930368719074,3.093104932080784,56.98667289152624,0.0,0.0,nan,nan,3426.0,1.0,26.53754284399528,1150.0141637727295,124.30480765041546,3.5956336131558824,1.91023988233302,3761.6514978615887,2.739080348319483,89.66304111289729,292.6799856762232,73.34968121395549,0.9489107202939278,0.7268106321803242,4687.775821239754,1.8288737705473932,45.90675765679468,515.1676024661181,92.36295106854897,2.6798838800998435,1.0445768270202043,5875.689549963976,2.4986350497195304,51.97124855907445
110d51m11pt41361453s-73d27m34pt64474649s,110.85317044847947,-73.4596235406916,0.5494165968883693,169.38070571133733,0,0,0,nan,nan,nan,nan,nan,nan,78.81865425225344,16.557231456812254,nan,BLANK,47309.702704448224,676.3231711969278,79.53570503485724,3.105382288728063,5007.1094704086645,7.326732087852838,185.44637821415847,356.37300559695683,159.16843319241434,0.7153837366320874,0.8875151761232075,4955.527645437163,2.2157889918426164,53.972703564973635,593.1736806223352,255.35945373633714,0.6494844789130405,1.410220571551792,3724.2331172901536,1.7394789459895108,54.40928482937655,1103.4894013024636,390.54191413501593,1.212568772911801,2.156764644143826,3729.3486111860334,1.7394789459895108,54.36857438889565,0.0,0.0,nan,nan,6562.8,1.0,13.853480493619768,0.0,0.0,nan,nan,4861.4176518317745,4.593633022527777,118.89464636556205,550.0209132365588,6168973.980376225,0.9610654040885083,38285.35404536136,4334.391957655395,0.5003955039064253,nan,9.540081829649141,435.6567774806523,0.014138658357896239,2.583653443704454,4098.95657268881,0.4999617834394905,nan,126.05964520859723,0.0,0.17680249933098688,0.0,3970.932475751047,0.4999617834394905,nan,0.0,0.0,nan,nan,3889.1519300941095,4.263703087135115,137.68035903310417,139.34987534183466,419.7257225939118,0.20699454110680113,2.9176238577818596,3835.521218092364,0.4999617834394905,nan,0.0,0.0,nan,nan,4362.990048839122,4.547739357578837,131.11301794710158,0.0,0.0,nan,nan,3868.7527337645215,2.9647154523424604,94.80238513665616,0.0,0.0,nan,nan,6583.45,1.0,13.810026928666252,0.0,0.0,nan,nan,6548.05,1.0,13.88468655302385,0.0,0.0,nan,nan,6716.44,1.0,13.536579167464883,0.0,0.0,nan,nan,6730.82,1.0,13.507659064352907,0.0,0.0,nan,nan,3425.1406306742424,5.707155730444273,210.47659518345165,0.0,0.0,nan,nan,3759.8238951927156,4.9584734071423195,166.20793101437175,365.9092776477868,117.33929127018554,0.7290406345978611,0.7153294365761789,4684.8160802487455,0.9726288224871038,18.347463187316418,0.0,0.0,nan,nan,5873.230035869776,9.406142429137168,203.24265972071962
110d48m46pt69244396s-73d27m26pt86286416s,110.81297012332253,-73.45746190671217,0.176773498154289,30.356569672506737,0,0,0,4.761078060349897,0.04355256014751239,nan,nan,15.20932534736056,88455.51719060405,61.17938918156342,14.760510123512548,nan,BLANK,5241.57268180593,2000.6334254754283,116.3101356168972,121.25767388467851,5006.8466759671965,1.0410341609626117,19.59304130062719,1690.9295576504167,1580.7198945374892,26.047307226699758,67.52580650865453,4960.438929347741,9.99923566878981,256.08064588829484,0.0,0.0,nan,nan,3726.03,1.0,24.400668213494743,0.0,0.0,nan,nan,3728.82,1.0,24.382410999599827,977.2202248478677,501.73703700232926,10.491512961175003,10.311198066379594,6566.799462942414,8.706072891236536,168.34016532829858,455.8060322287352,2650910.3670245167,7.787283020102884,129944.9306118798,4860.336147699413,0.7019713096926,1.3767493100456234,3009.026312959067,424.7453460351663,13.129701299576553,6.5538247816577915,4343.753270627526,5.046758916833706,146.5957860915975,0.0,0.0,nan,nan,4102.239189544966,4.725766121493752,145.0610159918863,0.0,0.0,nan,nan,3970.08,1.0,22.900702702093618,0.0,0.0,nan,nan,3889.06,1.0,23.37778840736009,0.0,0.0,nan,nan,3835.4,1.0,23.704860453545347,1150.6090709171963,246.43799438537079,9.106432758777476,6.820096551330895,4367.904915528975,1.5611006248549966,40.71399886044675,0.0,0.0,nan,nan,3868.75,1.0,23.500516131444996,0.0,0.0,nan,nan,6583.356763716982,7.74605971681524,149.17967993480713,0.0,0.0,nan,nan,6550.113070125229,2.923408702793478,55.1847785484359,66.69575247949223,2422070108073.734,1.8128892908162084,123139881160.40599,6716.475645640974,0.4999617834394905,nan,0.0,0.0,nan,nan,6731.0138159378175,2.4528765021169106,44.46559846579434,0.0,0.0,nan,nan,3426.0,1.0,26.53754284399528,0.0,0.0,nan,nan,3760.0,1.0,24.18021855944889,0.0,0.0,nan,nan,4685.534589511189,2.4993957227528143,65.19100478161518,224.09578367034848,330.8627306106736,3.2768999940873367,10.525710207808176,5872.4575795613255,0.4999617834394905,nan
110d50m13pt03741408s-73d26m56pt65538492s,110.83695483724578,-73.44907094025476,0.746990069119619,109.02277908661964,0,0,0,7.274061091053158,0.08619902061850915,5.81629240427595,0.014923406687940309,19.046959527664704,12955.206086697252,52.68313081640946,9.656206825036298,nan,BLANK,8106.580410715652,226.4354974110327,170.04872733299035,12.973731290060242,5006.8542684537515,2.2949357401579733,55.57309892200648,2667.9356257983836,212.97900611787915,290.6597256759737,64.37458289034083,4959.113894211478,2.982270899921609,74.42489265912883,2915.4019994105806,186.87259593135832,31.16095202475168,10.061758104966296,3725.986058414641,1.9678598478473108,62.839650536237826,2664.1495142271115,167.47149717510118,28.533962527437886,9.017147140565044,3728.926263193935,1.9678598478473108,62.792632277111316,0.0,0.0,nan,nan,6562.8,1.0,13.853480493619768,858.6182758669859,584007.9982493302,42.011482402882216,81990.40195191058,4860.217872197099,0.4999617834394905,nan,856.0990707427388,157.75569148421977,9.45917249013659,6.1749448007499295,4339.913465811489,1.2497288027658713,30.366068714415597,172.94401902785683,104.60469520632823,3.540807222693214,8.559344207799096,4101.245760002693,0.4999617834394905,nan,785.8160193278978,113.55679352154934,7.118066569099909,4.43096817550816,3969.203856114851,2.0646397240745213,62.286223142974755,780.3473989864698,99.08249162635492,19.794396911483247,11.36305696779264,3889.7061936275786,1.57620426419907,46.230291620307334,0.0,0.0,nan,nan,3835.0802815653374,3.814015722232838,124.4498132249764,12.689685902122504,374.5775389120186,0.17971365430953218,18.572386162436224,4365.245233612661,0.4999617834394905,nan,1069.1654204900615,108.9209463729263,21.273438732539578,9.920913187984953,3869.915132358707,3.1991192256347984,102.72332250030681,0.0,0.0,nan,nan,6583.45,1.0,13.810026928666252,0.0,0.0,nan,nan,6548.05,1.0,13.88468655302385,0.0,0.0,nan,nan,6716.44,1.0,13.536579167464883,0.0,0.0,nan,nan,6730.82,1.0,13.507659064352907,0.0,0.0,nan,nan,3426.2102300663187,4.053218056909438,148.3543849832295,0.0,0.0,nan,nan,3761.0704244226235,2.7364541483624594,89.57106312016461,0.0,0.0,nan,nan,4685.654454169107,4.10810308523339,109.98503551207546,0.0,0.0,nan,nan,5875.62,1.0,15.473706908126772
110d50m17pt95383063s-73d26m57pt65466219s,110.83832050850948,-73.44934851727518,0.7465638307450309,113.84151289128599,0,0,0,10.579085137737568,0.0004553437412919465,8.220220573168353,5.241936605976754e-05,9.901906310543575,0.2587919414129869,42.60196700388492,7.925011801844715,nan,BLANK,47917.37219567994,260.22812213533865,1395.9745698830695,20.707315252544774,5006.851726146486,2.081914062408308,49.855334994656964,16341.557047863213,185.08117245511474,317.3265006739291,9.97160892385227,4958.961211588893,2.010948062503604,48.398298555586464,8563.23576390381,239.1309314728471,85.47376065709946,12.024263291844854,3725.9470795959783,2.1233748349232617,68.49526385916519,12198.10477793534,308.1694794242078,121.9857037549738,15.49574091601025,3728.6575202590557,2.1233748349232617,68.44401392321572,0.0,0.0,nan,nan,6562.8,1.0,13.853480493619768,8586.252699124461,218.55539231518136,117.68681154914434,8.592510764735769,4861.15395254839,2.460245007509571,61.76675893242104,4238.551958067452,182.77573849462334,72.26288027310426,11.03659167716645,4340.405493533772,1.880931491044982,51.20682051146388,3270.3156453135516,84.10074548983187,111.17884761648511,11.424531520763201,4101.612095879438,2.6994902838646047,80.92122730195752,4434.36728963383,175.01097176281064,86.06300762357978,14.63262226500442,3969.096244309957,4.869401478706205,154.52716666051157,1996.6713577878675,193.90966643863914,8.879913368610993,3.9003793905870308,3889.1116698932756,1.7208645950308417,51.46211796890967,0.0,0.0,nan,nan,3833.2957729645636,0.4999617834394905,nan,473.154214038979,0.0,3.2873489067737074,0.0,4362.352476147368,0.4999617834394905,nan,4679.395720526131,116.79496259985424,18.407238572997482,2.10459256053096,3868.8327485108957,1.807504601708669,54.838548562737266,0.0,0.0,nan,nan,6583.45,1.0,13.810026928666252,0.0,0.0,nan,nan,6548.05,1.0,13.88468655302385,0.0,0.0,nan,nan,6716.44,1.0,13.536579167464883,0.0,0.0,nan,nan,6730.82,1.0,13.507659064352907,208.72692106155608,135.14998978173355,1.9284247348677657,7.946699325347155,3426.2073700100436,0.4999617834394905,nan,352.53147626566766,109.47321837253273,5.345044258510832,8.167430362150434,3759.9752830066554,1.7513678453979995,54.35715546952239,203.66300558570796,63.156201264877325,3.0062933372013063,2.848995418553178,4687.980877433839,1.118441511221696,23.700494222296374,0.0,0.0,nan,nan,5875.62,1.0,15.473706908126772
82d13m07pt1333634s-39d27m50pt76770368s,82.21864815650078,-39.464102139910395,0.72549449344756,35.5101475491246,0,0,0,nan,nan,8.531757871162771,0.00034066784288355165,72.2764349684883,17.973430916469013,89.12187796285367,21.4939139073044,0.2839,BLANK,69370.6782695559,815.2470564077302,119.30406919445474,3.8296337988010003,5006.825798620284,6.446272432634384,162.94166735910463,3475.439156267204,738.0486339705296,6.759664646203489,3.9924227924573246,4951.705576527885,9.99923566878981,256.08064588829484,0.0,0.0,nan,nan,3726.222571073393,4.494292013906946,151.68589141047025,588.0157013493979,74.97133328547685,0.3773124443593472,0.24184969400383777,3728.882207634069,1.3740876504459294,40.37042279733051,0.0,0.0,nan,nan,6562.8,1.0,13.853480493619768,1016.0176433603697,252.19874947145146,1.6335053622172908,1.164250330550462,4858.189323219271,5.554547720785668,144.304614277366,483.3123944952858,771551.0744995665,0.5422914220824202,3063.8952162036153,4341.9487193772875,0.5003397449793953,nan,394.99659603080704,119868.95582181371,0.36377165513731735,440.9942660569401,4102.100600187945,0.5016268505762888,nan,497.45465554805105,107771.96442127765,0.3993664332822101,372.59592951219986,3969.709628855061,0.4999803184748387,nan,194.47317237256806,5.181684100153474e+16,0.15005888835284195,180894137643722.44,3888.572626710943,0.4999617834394905,nan,0.0,0.0,nan,nan,3835.24947934121,3.7203111360244008,121.2842974020451,0.0,0.0,nan,nan,4358.709224749384,7.233950761229387,210.08233803002835,0.0,0.0,nan,nan,3865.704205283555,0.4999617834394905,nan,0.0,0.0,nan,nan,6583.45,1.0,13.810026928666252,0.0,0.0,nan,nan,6548.05,1.0,13.88468655302385,0.0,0.0,nan,nan,6716.44,1.0,13.536579167464883,0.0,0.0,nan,nan,6730.82,1.0,13.507659064352907,5008.840140785482,330.6635376833345,2.2700224297537437,0.952660969969793,3427.4986252769963,6.724250829458592,248.51548878967066,0.0,0.0,nan,nan,3762.357096931333,2.912971610014691,95.7404202989478,121.27721623119596,4.500715342408897e+40,0.16487185437166763,1.8719839726938436e+38,4685.002085703007,0.4999617834394905,nan,0.0,0.0,nan,nan,5875.62,1.0,15.473706908126772
82d13m14pt38817517s-39d28m16pt76757612s,82.22066338199241,-39.47132432670034,0.283173852195455,14.411123940064858,0,0,0,nan,nan,7.881096818947699,0.0034636840691076773,7.3177620121163764,1.457457145320541,137.69987224124822,21.251124751991583,0.2839,BLANK,4718.594459638665,284.41999005391364,0.8628758727454825,0.14206310921114365,5006.848358832272,5.550717595059268,140.01262575610684,3641.677654542487,972.5664242046573,0.6302675644801287,0.4675950946049641,4955.231904594046,9.99923566878981,256.08064588829484,44436.17748510617,14147.420646239512,8.335695777676293,13.366444122955569,3726.258063273478,5.4021660308873045,183.0238225138653,61326.1366892205,17463.288177806095,11.524222076825987,16.499266648564735,3728.7682576459833,5.4021660308873045,182.88687933483985,24367.950563900788,4573.784931853068,4.111330603503204,1.477966070791403,6563.358799037832,5.699485555831057,109.72586168138685,15595.285293447569,442.5057331872945,2.7371619422073357,0.22273517975105966,4861.626950730627,5.642049981995271,146.61428023447408,3407.206621901621,295.16346790076983,0.5310254363984589,0.16281960427188283,4341.836647681815,2.1615842974990316,59.984967364088334,0.0,0.0,nan,nan,4102.718976508115,0.4999617834394905,nan,0.0,0.0,nan,nan,3970.625640534999,0.4999617834394905,nan,0.0,0.0,nan,nan,3892.0553673120203,0.4999617834394905,nan,0.0,0.0,nan,nan,3837.046849517292,0.4999617834394905,nan,4238.6232835611045,767.5511569583832,0.6547344583909552,0.41594162371345744,4360.822330661136,9.99923566878981,291.0428046557292,13078.853821436172,1520.5023927463417,2.2767666952598047,1.214050687843486,3866.8133413786227,9.99923566878981,328.2406140748108,46063.34078210055,4762.390966650536,8.918062751318663,1.7601774075179957,6583.794248204875,7.16406346774986,137.87507073931837,3028.7134523125737,2608.875442534802,0.5873459728706792,0.9710333303078871,6550.109778227562,2.7860634368229693,52.43030575931232,15500.742587748799,1370.7932409934804,3.8650252722300915,0.6392299932650619,6717.297382230805,7.703432766882142,145.41449060003643,6896.050049029325,1763.615883318197,1.6676065770723225,0.7958999596283538,6731.516932564643,6.2195848428572,116.89292563078756,0.0,0.0,nan,nan,3426.0,1.0,26.53754284399528,1388.734053415429,369.1596107319717,0.2389438987168803,0.31308102635721935,3757.4748941449957,1.1803015951459381,32.17702631739483,3033.017019192842,317.13556460156946,0.49117380787976805,0.15702665881401215,4686.711688705884,7.0730112711257,191.23058120926197,9257.90745072768,2280.9165380520117,2.2833118317115964,1.225424615878065,5866.514510239911,9.99923566878981,216.12712798001303
48d13m47pt986321s8d22m22pt30596361s,48.22999620027693,8.372862767668968,0.23855702605325257,25.560772367728262,0,0,0,11.016749592785647,0.03740938727682176,nan,nan,6.647795581563921,0.1250779862959535,61.61898319867464,12.281563361745283,nan,BLANK,56375.2457627931,205.51121603343722,277.0163919169154,2.7582845983887636,5006.841240689889,2.556767104174843,62.527538700897665,19787.108944840442,174.74841450784226,100.94714992621748,2.4735585083058482,4958.911597505368,2.632124981952837,65.1410870870186,0.0,0.0,nan,nan,3726.03,1.0,24.400668213494743,0.0,0.0,nan,nan,3728.82,1.0,24.382410999599827,39359.666883124126,214.82329939297026,258.7357883917961,2.704916288820836,6562.751802522674,2.7395953028864266,51.380637053672125,11456.783496600243,211.70488202594186,75.31150052508231,3.9916593106917158,4861.222758920577,2.8811215014294103,73.19094142746883,3947.640104366247,222.98600717233174,14.004000369239613,2.801638091014642,4340.39965298914,1.6012564053596667,42.24097247069351,2643.6641281314814,183.15250405901466,13.84630679962478,3.833558330112462,4101.3771573917265,1.5671525795999584,43.519514776598136,0.0,109.5594150618995,nan,nan,3970.08,1.0,22.900702702093618,882.0894805329586,299.22645090748466,2.3889694428383614,3.6629613568153228,3890.1102609923614,1.616630904445865,47.702814780905406,702.0719214616455,3.621931373260107e+45,85.6315884850458,2.0681224647680966e+45,3834.909140923827,0.4999617834394905,nan,390.02535155289456,372.83311115805446,1.1765076053295733,3.9438264456980097,4361.733194947115,0.4999617834394905,nan,8588.706664258918,382.578816602653,49.592876006768385,10.112452686235004,3869.927473332713,4.132568268487864,134.02656997811326,0.0,0.0,nan,nan,6583.049383942439,9.99923566878981,192.88987927331783,0.0,0.0,nan,nan,6547.951249111998,9.99923566878981,193.93267853817915,2914.4151111162246,435.3236631026073,28.44078908362014,7.945891348815433,6716.457203104918,3.1146937737448446,57.528719960561844,1600.2929429260273,372.3066220866771,11.278101960360864,4.897260849012795,6730.673594072972,2.2049625326920275,39.548326784467136,0.0,0.0,nan,nan,3426.0,1.0,26.53754284399528,0.0,0.0,nan,nan,3760.0,1.0,24.18021855944889,2264.352961989412,341.28494065253983,8.053632807286453,3.714040462336687,4684.83115917108,5.656051318430082,152.4937161135149,0.0,117.9529274308182,nan,nan,5875.62,1.0,15.473706908126772
52d46m16pt46385503s-21d00m22pt19638647s,52.77123995973191,-21.006165662909208,0.18872390848635878,30.318335549221494,0,0,0,6.873060201827703,0.025863973399190904,nan,nan,0.625872518352128,0.009886070674401708,97.65952363900618,18.049923777587335,0.19276,BLANK,52785.618289979204,611.3348692762388,4.109029645820762,0.12998475290021466,5006.819446542343,6.889750953357404,174.28082861591983,15053.36858246266,725.8267863955805,1.1140007510846075,0.1490162602820036,4959.24761593883,6.820167310427653,174.1695186321705,0.0,0.0,nan,nan,3726.03,1.0,24.400668213494743,0.0,0.0,nan,nan,3728.82,1.0,24.382410999599827,312311.6707441533,17465.26128820526,21.18884647192008,2.2696434979424227,6562.808094188393,6.514243221546381,125.63649070799072,108391.06189077684,795.1847218910704,8.126931448809293,0.17102002070109348,4861.0789108485515,5.4335719126082385,141.11042379631593,23586.23824221891,1085.6254210940099,1.2420853862865322,0.20248428456689216,4340.406106260014,3.543458468689723,101.88509232288526,0.0,0.0,nan,nan,4101.34798422778,0.4999617834394905,nan,0.0,0.0,nan,nan,3970.08,1.0,22.900702702093618,0.0,0.0,nan,nan,3889.06,1.0,23.37778840736009,0.0,0.0,nan,nan,3835.4,1.0,23.704860453545347,12418.633654479172,3062.999386024618,0.6381393747787426,0.551173630377449,4364.727034552842,9.99923566878981,291.0428046557292,0.0,0.0,nan,nan,3868.75,1.0,23.500516131444996,85503.95153479396,30350.576612134704,4.9080093136818865,3.3258580138718994,6583.775886682417,4.699411360741723,89.86295246764868,0.0,0.0,nan,nan,6547.077148240075,9.99923566878981,193.93267853817915,54411.80733260293,5747.540589283544,6.551589320701842,1.2943692576085295,6716.7254908948435,6.733503651823486,126.94202121311554,36039.73901658651,6539.156366746653,4.191353429024178,1.4193775872957752,6730.864492445625,5.992057278674429,112.56078033517521,0.0,0.0,nan,nan,3426.0,1.0,26.53754284399528,0.0,0.0,nan,nan,3760.0,1.0,24.18021855944889,10056.599715601209,1366.3717660976874,0.6202595732342041,0.25775231575785407,4685.852480323952,9.99923566878981,271.0131455203778,12975.813339310123,612.5259527649821,1.5072120609521225,0.15466577970769838,5876.178522021284,7.099915736222621,153.08807494164537
52d46m11pt32141615s-21d00m33pt79612557s,52.76981150448514,-21.00938781265717,0.1882988743604983,33.87569151054642,0,0,0,nan,nan,nan,nan,0.582225378331627,0.04201003743597873,78.55133074082256,15.861268862874713,0.19276,BLANK,4370.83080368312,247.1266236747364,17.479912004455034,2.699529811634519,5006.792639360528,5.1432090613219845,129.5607198353314,0.0,69.85763176498955,nan,nan,4958.91,1.0,18.334194769319836,0.0,0.0,nan,nan,3726.03,1.0,24.400668213494743,0.0,0.0,nan,nan,3728.82,1.0,24.382410999599827,13918.738966534691,904.9329867286144,25.164522958811474,3.1335381058105445,6563.294949901911,6.725261027980519,129.75305899566865,7507.111449191346,314.4056954051445,33.434119618310376,4.015411097665538,4861.8920295917615,5.622061067213927,146.0867131458067,5418.905123697223,368.2952810315357,21.20627931949767,5.097387930315313,4343.4519652416775,9.399314731384267,274.9259254444356,3037.1189449977046,315.96557742654534,10.452466810933878,4.344911851287407,4101.7046523953295,2.831014018569845,85.14100729607688,0.0,0.0,nan,nan,3970.08,1.0,22.900702702093618,0.0,0.0,nan,nan,3889.06,1.0,23.37778840736009,0.0,0.0,nan,nan,3835.4,1.0,23.704860453545347,0.0,0.0,nan,nan,4363.80291803268,6.901114819303198,200.3228063999756,0.0,0.0,nan,nan,3868.75,1.0,23.500516131444996,1797.0775059301095,3087.033513572475,2.3477290116275515,7.698214107415035,6584.505307574493,9.99923566878981,192.88987927331783,0.0,0.0,nan,nan,6546.175072782807,0.4999617834394905,nan,5804.084085995196,502.4647992998059,17.986206536797003,2.911956304207758,6717.481920490869,7.202052438272678,135.86857703515307,2145.0640121035335,595.0266361792142,5.633033835440051,2.9159644334840324,6731.788129885662,4.665895700710412,87.25428419273858,0.0,0.0,nan,nan,3426.0,1.0,26.53754284399528,0.0,0.0,nan,nan,3760.0,1.0,24.18021855944889,672.0563312666632,299.6953287569884,1.9662761763416525,2.6819649964619234,4685.715169257744,3.7685838013919772,100.6107300864509,486.8250404969298,87.24156277592974,3.2541162807169024,1.2670601248208482,5878.521179142416,1.7349581345633744,34.3966715128389
69d17m28pt77928939s0d44m15pt0027323s,69.29132758038661,0.7375007589711621,0.5593197690469893,28.702581732337684,0,0,0,nan,nan,nan,nan,nan,nan,80.32199391163799,18.560645191265294,0.2842,BLANK,1947.7766000229014,80.22632339817527,88.24056493180566,9.927251805238724,5006.866275381339,1.7324844488313165,40.29638261394172,0.0,0.0,nan,nan,4959.512080858174,1.4172096089652746,31.636011923117845,2681.609354928463,584.7114226299344,26.096430747991818,28.719625015674097,3723.2348321312247,9.99923566878981,340.8133793077146,90.79964037458313,4782536.868997621,1.9460271181699724,515125.47962995135,3729.3715566087917,0.4999617834394905,nan,0.0,0.0,nan,nan,6562.8,1.0,13.853480493619768,0.0,0.0,nan,nan,4860.667321716486,4.083550934816221,105.35846542729563,0.0,0.0,nan,nan,4340.626792413644,5.880539740432784,171.2558767546462,449.51666928795555,243151.43434516448,4.896597168797427,10576.31545800768,4102.870602677455,0.5865171592093975,nan,0.0,0.0,nan,nan,3970.359779325673,4.97834227257449,158.05646590014632,606.5613542868592,51.44809377363684,7.068987891140907,2.718620733916446,3885.093896307831,1.1276120276626254,28.939118315421148,0.0,0.0,nan,nan,3837.7981679104314,5.177810340096905,170.2914904918579,771.3590917528767,103.56640343473642,12.428357936931642,5.8375777234999005,4366.935770201144,4.42447818282029,127.47188396910356,0.0,0.0,nan,nan,3868.690424366135,1.3247628011418393,37.01152423958549,0.0,0.0,nan,nan,6583.45,1.0,13.810026928666252,0.0,0.0,nan,nan,6548.05,1.0,13.88468655302385,0.0,0.0,nan,nan,6716.44,1.0,13.536579167464883,0.0,0.0,nan,nan,6730.82,1.0,13.507659064352907,0.0,0.0,nan,nan,3427.6311668790313,4.599797390487465,168.93758281595998,0.0,0.0,nan,nan,3760.4972954861655,4.38127435890684,146.44027958026462,362.95662116777567,91.57464685161774,7.803978129799897,6.0227917958517985,4685.553416246424,1.2457284206199388,27.997532026459954,0.0,0.0,nan,nan,5875.2533706087315,3.020430416927357,63.66344657175498
69d17m05pt57736722s0d44m07pt40274998s,69.28488260200629,0.7353896527733936,0.2847550713737754,8.465469924849172,0,0,0,7.557963253399042,0.020604177515529228,7.625111633924396,0.0005177179605511689,5.165575079714391,0.05254143495998341,98.70763319363607,23.091859636781265,0.2842,BLANK,17611.539366998724,158.06104108124023,7.699482724336723,0.18874523590593315,5006.838360481312,2.914175937540558,71.92998573652002,5729.456497345481,147.34381818520788,2.434264577516911,0.17369020845520242,4958.968327790333,2.687249107063626,66.60801270148582,45320.4184576521,450.1906591660456,15.258037563089973,0.7634958145114795,3726.020897100923,2.8993341373927644,96.13318295565381,63477.205633080215,660.2195622126275,21.41210197542176,1.1196919841511472,3728.781236742585,2.8993341373927644,96.0612536105939,48845.380032374655,2086.312968390572,25.692116467835003,2.101740739393214,6563.38816532185,1.9629462544241445,35.57520773448358,25580.62130855381,204.98494817715027,11.566289583958403,0.2658388943304518,4861.291529221461,2.6121560655187586,65.905997804388,610.7170621111578,440.8925683142062,0.20814673412932408,0.5319699068192794,4341.357705007689,0.4999617834394905,nan,1061.9205001836187,249.24375519510977,0.30772611310163434,0.2885961773975674,4101.663405832922,0.4999617834394905,nan,0.0,0.0,nan,nan,3970.2851417749307,0.4999617834394905,nan,0.0,0.0,nan,nan,3888.698033911435,9.423801425375798,307.6401611668616,0.0,0.0,nan,nan,3835.545118445724,0.4999617834394905,nan,4538.017478423087,1322.227725984114,1.558534627738496,1.5888155594445652,4366.635055802931,9.99923566878981,291.0428046557292,8607.238886866835,889.737524606621,2.2071364769270727,1.0461700815992006,3867.2701987355204,9.99923566878981,328.2406140748108,14826.93696426858,5537.778204871372,6.12714916326162,4.3690233606430695,6583.423053843266,2.4939695954218655,46.28948673772998,1412.441713736117,8508.709041497728,0.5448935161480893,6.302315811434998,6547.949667368552,0.4999617834394905,nan,15355.787416260651,1238.1341034203906,10.327880203734418,1.557573085479194,6716.433706355937,3.2058342822246084,59.300303928591276,10180.592636687581,1611.5111318921327,6.554857604196716,1.9365508840189014,6730.836310336601,2.9836131609896874,54.85841796075009,0.0,0.0,nan,nan,3426.0,1.0,26.53754284399528,2511.005986748935,333.4015966890261,0.7441813331184206,0.4848237831915244,3764.1624076033672,2.6668726123479822,87.13178134620294,1421.5465926587096,110.41759034696693,0.5199253669639238,0.1235719475908675,4684.71186213791,2.471860001619526,64.4112993817197,3779.0422908351047,280.13628707788394,2.420360652307612,0.3900825455855061,5875.541702736576,3.715832026357735,79.07134484593327
69d17m43pt5804299s0d43m39pt4027042s,69.29543900830672,0.7276118622764877,0.7039197152966525,43.27166457921432,0,0,0,10.37981410865443,0.011560157933871402,8.223707005863101,2.8870835274454105e-05,9.955084989879184,0.08264690919407663,48.20218739293316,9.19237118614761,0.2842,BLANK,89064.18433955,128.87786454562652,733.2117718366925,2.8979403269170794,5006.853727684922,2.1004349520030137,50.35510212519827,29553.620714494133,170.56194805522782,382.9039735680151,6.131364843446266,4958.9212751605855,2.087581970972659,50.49168920480047,15346.28622378278,246.32160370069118,234.1882914255443,18.932350205369804,3726.2360291576942,1.874349078714573,59.40855040485162,21428.25654222573,301.3684518733973,327.63165217478144,23.163266989160494,3728.9980936754378,1.874349078714573,59.364099383984545,0.0,0.0,nan,nan,6562.8,1.0,13.853480493619768,15609.344167129859,121.66902169684614,238.00208270205562,5.320826612389616,4861.361383987076,2.0008117043526195,49.08652039161156,8030.056900499524,108.57025343651539,54.73153698548607,2.6207075193284304,4340.552708460434,1.8930026173078713,51.58808377465911,5149.5245042576935,76.54242969800912,24.18383999909508,1.4362325099570965,4101.788611213613,1.8310232219873024,52.51456055046683,6797.938479936167,140.83891881636242,37.07321701398442,3.3091540591977706,3968.9437641522068,4.4440373125693355,140.72973175734478,2718.0962861301227,335.1694152928318,5.5543386399729275,3.0979569226697072,3888.97080123914,1.5283525735040329,44.475199180649525,1707.0406741115323,79.56073422674555,5.5148603591632845,1.202984035478137,3835.311434341977,1.3585931259377528,38.649703878633595,1097.2824085314485,289.9037909128009,3.7268530846847105,3.4504908822184284,4363.216869516019,1.3240103754473123,32.79133783527799,10632.86299464437,153.7688184793874,31.875895529635564,2.1117052768277413,3868.8043915352473,1.8696052034658153,57.048622180846834,0.0,0.0,nan,nan,6583.45,1.0,13.810026928666252,0.0,0.0,nan,nan,6548.05,1.0,13.88468655302385,0.0,0.0,nan,nan,6716.44,1.0,13.536579167464883,0.0,0.0,nan,nan,6730.82,1.0,13.507659064352907,0.0,0.0,nan,nan,3426.3669889160333,4.625041056181624,169.88663040731456,0.0,0.0,nan,nan,3758.193724078712,3.61234140042551,119.99215245363557,219.4202006914925,904572.8119965967,1.6448502883900973,20753.451451270157,4684.140920346638,0.4999617834394905,nan,0.0,0.0,nan,nan,5875.62,1.0,15.473706908126772
69d45m33pt88085519s5d20m43pt64429647s,69.75941134866486,5.345456749020105,0.21110282526343283,26.461404429567636,0,0,0,nan,nan,nan,nan,nan,nan,109.18177733895219,17.497841788698206,0.208,BLANK,0.0,0.0,nan,nan,5007.597387591714,7.570273114555092,191.66649129086707,0.0,0.0,nan,nan,4959.332386880754,6.396865770627105,163.24054706536913,0.0,0.0,nan,nan,3726.03,1.0,24.400668213494743,0.0,0.0,nan,nan,3728.82,1.0,24.382410999599827,314818.4677825315,27236.859694364066,12.4849576921106,2.0683657100732833,6564.542190409579,7.846416475908174,151.60376849557335,0.0,0.0,nan,nan,4861.803009072779,7.535813908657929,196.49714920484598,0.0,0.0,nan,nan,4340.919992018915,6.0722688472445245,176.918474093765,0.0,0.0,nan,nan,4101.984605719783,5.153355181923573,158.46816017739135,0.0,0.0,nan,nan,3969.334461640201,5.845412886896155,186.09828001547422,0.0,0.0,nan,nan,3889.06,1.0,23.37778840736009,0.0,0.0,nan,nan,3835.4,1.0,23.704860453545347,0.0,0.0,nan,nan,4366.261549936588,9.5729069538299,278.5713852891146,0.0,0.0,nan,nan,3868.75,1.0,23.500516131444996,0.0,0.0,nan,nan,6583.671311642854,7.531860864136382,145.02001795442175,77353.89898535376,23498.41242043397,2.4644061742863026,1.4383284527807605,6543.731245473999,4.260365247215974,81.70621577817491,131313.65684947738,33749.22240745534,11.99956057831186,5.776224127722718,6707.503139609429,9.99923566878981,189.07053077254085,0.0,0.0,nan,nan,6731.040918049405,7.74967572384008,145.98209559143118,0.0,0.0,nan,nan,3426.0,1.0,26.53754284399528,0.0,0.0,nan,nan,3760.0,1.0,24.18021855944889,0.0,0.0,nan,nan,4686.28323652354,6.188839046969734,167.07198011908977,0.0,0.0,nan,nan,5875.5994104328365,0.4999617834394905,nan
69d45m57pt18221633s5d20m24pt44445001s,69.7658839489792,5.340123458337105,0.47765791036589134,16.558592488571115,0,0,0,nan,nan,8.150720626007894,0.0006564965869435022,8.14583363706854,0.2528662131537489,81.6648637428039,20.222096457285062,0.208,BLANK,7010.445097787521,82.02115272130824,2372.4135214019375,75.81535363778859,5006.841431593391,1.9771079129485463,47.016035160911215,2461.41027993794,130.3490190760097,128.36565816333766,18.8608489356829,4958.971357533459,2.2293464108887817,54.339426795444005,2788.473110039225,153.36613353050592,107.007694686561,29.6449812890476,3726.127181660786,2.0225049802796202,64.83352444952554,3910.320045658121,192.16845391354482,150.34244546080976,37.14529465841356,3728.8349704751713,2.0225049802796202,64.78501432213561,0.0,0.0,nan,nan,6562.8,1.0,13.853480493619768,1985.143479954763,50.28925348496684,51.00511851026168,3.7060527249665673,4861.285135972517,2.0668584592628556,50.9287620549324,856.5935873013024,61.331217199675436,15.567013087541296,3.946766996743875,4340.843591585572,1.3794663186767415,34.864796336133374,880.3744545666983,101.30875791541655,28.853110566216156,13.278173072023709,4100.08807642578,3.7976054767094594,115.85096083221376,0.0,0.0,nan,nan,3969.7362429762993,4.261249742412159,134.79087135267184,1364.430718420269,117.31132631780565,40.934972595753294,15.920373880085604,3888.8719398578196,4.0928388065392305,132.00681732517546,1447.775073188242,94.36979384712414,270.73260249840837,82.58579790151951,3835.4448278734335,2.5100321863527717,80.01108455301257,0.0,0.0,nan,nan,4364.519599371146,9.99923566878981,291.0428046557292,742.3713854515755,78.96261820377244,9.307049327587048,4.536074144739229,3868.386491251128,1.6967315831167304,50.86172927417711,0.0,0.0,nan,nan,6583.45,1.0,13.810026928666252,0.0,0.0,nan,nan,6548.05,1.0,13.88468655302385,0.0,0.0,nan,nan,6716.44,1.0,13.536579167464883,0.0,0.0,nan,nan,6730.82,1.0,13.507659064352907,0.0,0.0,nan,nan,3425.050039491923,8.259580385322769,305.8217014432866,0.0,0.0,nan,nan,3757.574409447883,9.99923566878981,337.7342754526394,377.14775279976527,67.3313745843045,9.689176180082884,5.295185598120264,4683.593963188245,1.286835220768367,29.337922961247212,0.0,39.3740564957284,nan,nan,5875.62,1.0,15.473706908126772
69d45m31pt269462s5d20m46pt44426403s,69.75868596166585,5.3462345177849375,0.20780195603706564,29.471181706370324,0,0,0,nan,nan,nan,nan,0.3775691391486332,0.04201201071290057,86.68862974950092,17.49849382171383,0.208,BLANK,1190.8853766358288,116.02129488688193,0.6398574574892126,0.17028309010299675,5006.59884867243,3.294620582415077,81.86041893164979,1119.264031142321,169.8724286690178,0.5759175534206049,0.24229041493660397,4961.774627490594,4.080737324843686,103.21193209282313,0.0,0.0,nan,nan,3726.03,1.0,24.400668213494743,0.0,0.0,nan,nan,3728.82,1.0,24.382410999599827,8842.034663486256,1797.33665083108,3.6682434755656614,1.4283531254518433,6562.2772837861785,3.468988790116606,65.90976633218806,6118.48048012404,408.2242876285283,3.4317248243282936,0.6567603994276783,4861.12219720546,4.33680384486877,112.08444184305128,0.0,72.78397555795878,nan,nan,4340.46,1.0,20.94654063936261,2162.2845046143825,231.01308647409516,1.4239907870025474,0.6074954296646228,4102.857444581765,5.742012773283456,176.89219514291656,0.0,0.0,nan,nan,3971.8079608396433,6.1470115166991155,195.83639080189488,0.0,0.0,nan,nan,3889.06,1.0,23.37778840736009,0.0,0.0,nan,nan,3835.4,1.0,23.704860453545347,0.0,0.0,nan,nan,4364.464682118154,9.99923566878981,291.0428046557292,0.0,0.0,nan,nan,3868.75,1.0,23.500516131444996,19714.486416785647,1478.4603565790358,9.503256088202201,1.360674389387517,6583.193527358694,4.556947462447868,87.07592914828619,2765.8848810822997,1122.1939998748878,1.3509250253000735,1.0524923219378752,6547.110493143392,2.797826250712793,52.666549504249254,3908.2103709397506,371.3236322901205,2.273923308005183,0.4041351586426039,6715.904261441818,4.0778318453136215,76.14796169760999,2870.329530249863,501.8290621031241,1.695539212466724,0.5533371615223815,6730.025797291401,3.919279267203491,72.93927433948015,0.0,0.0,nan,nan,3426.0,1.0,26.53754284399528,0.0,0.0,nan,nan,3760.0,1.0,24.18021855944889,1101.7954498252084,344.6474815738336,0.568398771823468,0.544057694583479,4684.616171823281,9.99923566878981,271.0131455203778,2228.590798025965,483.63554477545324,1.346386483285528,0.6357896932291794,5871.57385680408,9.99923566878981,216.12712798001303
69d45m32pt27392228s5d20m39pt24427693s,69.75896497841198,5.344234521368426,0.20782970678658885,27.946755555896313,0,0,0,nan,nan,nan,nan,0.5976425745379095,0.03821150228986903,59.342874354563925,9.435224922210566,0.208,BLANK,2678.548034063203,142.4354165093113,2.958667284886304,0.4296824681170274,5007.223049222113,5.349015947468058,134.8410570612994,1345.566316251028,146.52861250105983,1.377722507680424,0.4161781077336353,4959.58638342652,4.49077021653776,113.88234060722682,0.0,0.0,nan,nan,3726.03,1.0,24.400668213494743,0.0,0.0,nan,nan,3728.82,1.0,24.382410999599827,9561.04126870334,1910.6103597226052,5.610038890235231,2.1474006280807663,6562.565345003946,3.051418954748826,57.615137285945565,6733.312721948618,261.5809086401569,8.009457817471263,0.8924580097800515,4861.33218839737,3.6635908319750787,94.17573261774636,2002.030698321964,108.64951676118575,2.4189369575752884,0.4649981432548869,4340.155511961922,2.1497619438764324,59.61833727057494,156.98449078199673,3.4122111161111092e+97,0.20601948300815592,1.7898237671831718e+95,4101.117676304057,0.4999617834394905,nan,1199.350324212678,179.87963304820963,2.7543592936623456,1.780083338943407,3968.661842779862,2.106777903628213,63.720696504989014,0.0,0.0,nan,nan,3889.06,1.0,23.37778840736009,0.0,0.0,nan,nan,3835.4,1.0,23.704860453545347,704.654539469691,31681308.241861865,0.8203999344775984,129302.2401137654,4362.4683852504295,0.6191066488698898,nan,0.0,0.0,nan,nan,3868.75,1.0,23.500516131444996,22206.439683859022,1609.8942186145282,16.944961340231902,2.345291804837797,6583.479834272946,4.413327675380637,84.26415824027654,3441.011956392172,1253.2058169957518,2.7192923661273203,1.901646359485072,6547.343213027379,2.7990581182996315,52.691286417441084,5079.008696313751,392.3331337479964,5.271300251023376,0.7616118211742965,6716.460645517881,4.566396259123204,85.53301623528054,2670.198343025842,560.9287842627205,2.69806516105418,1.057858796862866,6730.7489691590945,4.049954462229819,75.44998836773776,0.0,0.0,nan,nan,3426.0,1.0,26.53754284399528,0.0,0.0,nan,nan,3760.0,1.0,24.18021855944889,0.0,0.0,nan,nan,4687.235515565528,6.120082244052461,165.1916523215308,1548.2526224136088,119.742931450157,1.8148250560509926,0.30516084722955233,5875.572369286039,4.172798473168601,89.13295290690412
69d45m32pt27386659s5d20m43pt64427689s,69.75896496294158,5.3454567435794,0.20728086165625426,28.05916840046145,0,0,0,7.202434742956283,0.009851540507450301,nan,nan,1.5410571132599398,0.09885736973880734,134.47211351306103,21.613563874741153,0.208,BLANK,22270.643593410892,1260.3887204377318,4.134501826675098,0.6383102675407445,5010.762045651681,9.99923566878981,253.6292103805842,9752.163855878516,1302.0833721779911,1.77713841991326,0.6578445138857718,4961.2274414883805,9.99923566878981,256.08064588829484,0.0,0.0,nan,nan,3726.03,1.0,24.400668213494743,0.0,0.0,nan,nan,3728.82,1.0,24.382410999599827,37782.32488654248,9287.651286586408,4.799171886355886,2.2573224468131676,6569.364154962151,9.99923566878981,193.49681168128302,20779.766806662097,627.7542586415034,3.92802905412896,0.3399095503673313,4865.082095703712,8.293422499552154,216.41589568452684,8454.573346214842,536.8842380271136,1.6493178246348519,0.37036701725099214,4343.745121765708,9.510027640688694,278.18218565534147,0.0,0.0,nan,nan,4102.877668188712,6.121588156309788,188.75650165085014,0.0,0.0,nan,nan,3970.7621463750443,6.151994475704695,195.99722673205918,0.0,0.0,nan,nan,3889.06,1.0,23.37778840736009,0.0,0.0,nan,nan,3835.4,1.0,23.704860453545347,4543.550134479405,802.6945668147824,0.891061054329619,0.5516288945643103,4363.3093709402765,9.98759498381185,290.7023153732985,0.0,0.0,nan,nan,3868.75,1.0,23.500516131444996,52460.67891847688,4703.499288632154,6.309724283221507,1.0793184804342149,6587.64525644604,8.135917417996517,156.748192093564,435.53760814571353,4744.531185483065,0.06361182231370266,1.329705365431585,6551.475787732913,0.4999617834394905,nan,29195.29990795309,9227.094805721652,5.868350860530118,3.4640875066023824,6725.976340549539,9.99923566878981,189.07053077254085,21977.802468277732,7637.583298428477,4.1581713051821945,2.697465540047954,6729.657496936302,9.99923566878981,188.66659273341497,0.0,0.0,nan,nan,3426.0,1.0,26.53754284399528,0.0,0.0,nan,nan,3760.0,1.0,24.18021855944889,1897.6013844598485,261.3375005674081,0.34815685845072547,0.14644034454071805,4689.587079863013,6.092207024692215,164.42925505268354,6051.207965344702,1696.559691740731,1.3406389079172956,0.817392445123377,5874.428439578492,9.99923566878981,216.12712798001303
69d45m31pt06867267s5d20m40pt04426147s,69.75863018685399,5.344456739297194,0.20769624341089954,29.120583580613207,0,0,0,nan,nan,nan,nan,0.5432215647852375,0.05079535268166865,65.33357802620246,12.628258772765562,0.208,BLANK,1415.6517224717306,111.75455574973367,1.1779234728390997,0.25400203293120593,5006.66468366024,3.57385797859106,89.1131837500652,687.7735087557488,114.31193346783232,0.5449845787995622,0.25123240429602833,4959.967625712035,3.481218942695033,87.54791278320864,0.0,0.0,nan,nan,3726.03,1.0,24.400668213494743,0.0,0.0,nan,nan,3728.82,1.0,24.382410999599827,7178.034485100579,1355.7167751768188,4.246694560613322,1.5362283038185003,6563.128009891284,3.1768216550342636,60.11171087622599,3872.1313135995765,210.93177175256025,3.34486180954821,0.5225464585659596,4861.679356426753,3.3701792837708497,86.33459511022234,3517.960586614524,284.16966702367984,3.45110505935678,0.9873260179917199,4340.420312277001,7.155456994631356,208.87018165413926,347.9275473250166,1.1510665317830426e+24,0.3383411979585412,4.4731138844080855e+21,4101.453715423859,0.4999617834394905,nan,0.0,0.0,nan,nan,3975.302134577202,5.626092580838277,179.01226073110453,0.0,0.0,nan,nan,3889.06,1.0,23.37778840736009,0.0,0.0,nan,nan,3835.4,1.0,23.704860453545347,907.8999568135188,5261190.543381531,0.8957719220298066,18192.902214579946,4362.941353543663,0.663486772642498,nan,0.0,0.0,nan,nan,3868.75,1.0,23.500516131444996,13923.488501134747,1096.2547049616699,9.424668915299513,1.4165495552388034,6583.998788044354,4.008663433285199,76.32811861243955,2185.425161039884,855.1860347485188,1.5196229774055898,1.1417166891293942,6547.914460042155,2.2960126988879037,42.514882989158494,3052.9780724982147,244.78295688629566,2.7210983770687776,0.4080552035988175,6716.808987883584,4.479643156366501,83.8685547990363,1608.396473546328,363.63532018103103,1.4438117892897575,0.609197584905094,6731.310868154272,3.8520304503389844,71.64613777096535,0.0,0.0,nan,nan,3426.0,1.0,26.53754284399528,0.0,0.0,nan,nan,3760.0,1.0,24.18021855944889,577.1548892296053,21502021.49313705,0.44797126643700186,51046.96044787536,4685.7240097414615,0.6125735753427993,nan,1521.621880886934,244.13916859357263,1.3707191540637145,0.4782242049675725,5874.854338803367,7.015044666375504,151.24001583859436
69d45m35pt48783484s5d20m44pt44431489s,69.75985773190015,5.345678976358801,0.20724919769297312,24.971270723692584,0,0,0,10.121466371844932,0.053674574900220325,nan,nan,1.558343325356414,0.0227836774444454,92.47252110426476,14.646603681325331,0.208,BLANK,54442.16922843474,421.59114274224044,11.021862583105738,0.23313129930831,5006.819791344155,6.8541385857232155,173.37056946151148,17997.88752404962,244.89451290889448,3.5129722246420165,0.1326327069539622,4958.764479485487,6.6139903750593065,168.84735102316375,0.0,0.0,nan,nan,3726.03,1.0,24.400668213494743,0.0,0.0,nan,nan,3728.82,1.0,24.382410999599827,54907.818224297145,13267.191766373424,4.619376525949529,2.137484242690687,6564.0896450945875,4.152102935906305,79.3927199584525,46485.29985259592,603.3389096697834,9.70146699225268,0.36104511944504114,4862.183860167506,5.778533435674509,150.21572079920915,21381.913240130285,350.81482099395674,4.620750443844204,0.268420248088934,4341.128600101719,5.3348066560371095,155.12247021276258,7916.570290981246,223.01608639821401,1.8430665723422823,0.2073885308897322,4102.295986415672,4.093227639464384,125.17466424534875,0.0,0.0,nan,nan,3969.4298506984887,5.779192558055774,183.95919614398534,0.0,0.0,nan,nan,3889.06,1.0,23.37778840736009,0.0,0.0,nan,nan,3835.4,1.0,23.704860453545347,161.5763103450327,769.274714049877,0.032448645152565465,0.5410716010975625,4364.455079386066,2.4543855266187613,68.63991966657679,0.0,0.0,nan,nan,3868.75,1.0,23.500516131444996,162781.17616596608,11896.192523855885,18.279663288832722,2.549931777831894,6584.6643093205585,6.3554122222514575,122.1526145306471,26264.547078047708,9290.359008355075,3.1576506403866125,2.144084305148338,6549.101091114335,4.051991132883203,77.59616061246459,46409.635293467785,4078.6143834644654,8.139389774659946,1.3376717660504416,6717.790523857843,6.406179831315563,120.70205481809124,23342.953041215074,4949.966944207666,3.848719524766403,1.5229615197495534,6732.058936232567,4.980433042851275,93.26733744075136,0.0,0.0,nan,nan,3426.0,1.0,26.53754284399528,0.0,0.0,nan,nan,3760.0,1.0,24.18021855944889,5143.993728910387,323.95605252906813,1.0314086315988766,0.19864619234359346,4686.137663289873,8.208616907026746,222.21607289622273,11383.341135367904,1334.4949066536922,2.632246443532562,0.6709286323013244,5875.392491738092,9.99923566878981,216.12712798001303
69d45m54pt77167291s5d20m57pt64444538s,69.76521435358696,5.3493456792715826,0.6403313009031022,17.75918099159523,0,0,0,8.521344100086537,0.024094178321522,7.549450120155811,0.003329115986928434,5.661257785399077,0.58987592676997,60.74137636412593,18.9010539452846,0.208,BLANK,4594.309069538887,62.57866721240887,929.4269885476537,34.57867600243852,5006.838003195845,2.0316513935830676,48.49614049331055,1521.9935752328743,60.554382398020365,207.43303553952705,22.89911409035595,4958.83673852416,1.9826383383812607,47.62225153199385,1163.256731425658,75.2724584063361,23.382212433022094,7.6246379811597755,3725.468345216309,1.5856514090121665,48.61306888250774,1509.3542466184524,85.33068348520915,30.401933588946076,8.643474439847484,3728.436453650269,1.5856514090121665,48.57669532138594,0.0,0.0,nan,nan,6562.8,1.0,13.853480493619768,1552.4665994689938,159.7673010873981,41.869289655745746,12.357627015806592,4861.553628262633,2.193923613357601,54.45222162558697,561.4251545785315,54.56279871655549,41.45327551798721,14.269729444492713,4340.24134190237,2.5390088343486843,71.58552175120847,117.69085920274696,6869.538690421008,19.535078074382465,4553.460585185948,4102.73242464532,0.4999617834394905,nan,249.51346461253388,63.523051449236384,30.135099856962963,33.01043145647066,3971.160856786092,1.2227419852529653,32.14903318884769,475.26892451280213,66.66489425215816,144.0269716043634,91.34448057982841,3889.570777909028,1.3335590513102873,37.15696894171382,1120.032629148002,891.306764171095,32.0921861955403,119.70751355006011,3832.984840204431,9.99923566878981,331.09476865566154,238.26227611786308,128.8892899850837,22.38158677346873,42.442449759424036,4362.496011007651,9.199520320916552,267.6462402109614,394.6791220815128,73.82347124892371,27.107668537213037,23.232237100084543,3868.4564840720072,1.061380183978312,26.254335632914437,0.0,0.0,nan,nan,6583.45,1.0,13.810026928666252,0.0,0.0,nan,nan,6548.05,1.0,13.88468655302385,0.0,0.0,nan,nan,6716.44,1.0,13.536579167464883,0.0,0.0,nan,nan,6730.82,1.0,13.507659064352907,0.0,0.0,nan,nan,3426.0596442210417,3.2284211001935392,117.11414193117162,29.804874035026113,195.60738437816946,0.4475620159294631,14.473047241176165,3758.003585899395,0.4999617834394905,nan,277.60798510321865,821723.1546038304,12.246945895845682,110899.40250662864,4685.274379885825,0.5028349633540569,nan,0.0,0.0,nan,nan,5875.62,1.0,15.473706908126772
69d44m56pt90091447s7d16m02pt45142932s,69.7491391429077,7.267347619254366,0.8178231549005688,17.063296304486812,0,0,0,nan,nan,7.543559945613886,0.051678258796143454,0.90170102173081,0.4291554960206457,64.96675387826946,21.017298132660773,nan,BLANK,1008.9574312422653,839.8744606925741,10.14329167143595,23.062117738118324,5006.896726433196,0.4999617834394905,nan,272.1536368797098,209.2364376981089,3.058301045642649,6.527602377806235,4957.153749806776,1.260700877677405,26.91832561341823,332.5778879240899,48.817312153638866,3.812615538198247,2.8190459466107844,3726.0431907924917,0.9419280000000001,21.534597245939114,254.3542381824972,41.73439966298435,2.9215912712711343,2.4100300695355013,3728.8501449899145,0.9419280000000001,21.51848450080361,0.0,0.0,nan,nan,6562.8,1.0,13.853480493619768,2071.6880087846234,213.7920180867697,17.549585684469594,5.194703844547769,4861.204342545294,1.4546669619286636,33.39455194502271,0.0,0.0,nan,nan,4339.094625885626,9.80895953954885,286.9732836570846,0.0,0.0,nan,nan,4102.035320378095,0.4999617834394905,nan,61.55811683922551,280.6651298867521,0.6160059831886229,12.073021038986058,3972.7703220815456,0.4999617834394905,nan,322.6214918614922,82505.38880092023,2.7461108516755326,3174.2306320010043,3890.121361188677,0.4999617834394905,nan,0.0,0.0,nan,nan,3834.4691139297747,2.957845574750295,95.39203547558773,0.0,0.0,nan,nan,4363.054389165838,4.5912168329609635,132.39676040036866,1662.8627740597315,182.4888983918879,10.794465701571523,5.428916198951453,3868.15340054748,8.775945152551076,287.87255481983755,0.0,0.0,nan,nan,6583.45,1.0,13.810026928666252,0.0,0.0,nan,nan,6548.05,1.0,13.88468655302385,0.0,0.0,nan,nan,6716.44,1.0,13.536579167464883,0.0,0.0,nan,nan,6730.82,1.0,13.507659064352907,156.5204787821111,88.9400251842049,0.9612213287934243,3.4843953079141583,3423.4793612639546,0.4999617834394905,nan,1462.0304932964034,247.82700300509512,7.114007694781999,5.902218710844433,3767.8102787515163,4.4767570462529545,149.71439157073195,702.7541721981862,117.05411439347881,19.0414978733503,9.698079416899798,4686.512059277428,1.2955728362503915,29.620445464801683,0.0,0.0,nan,nan,5875.62,1.0,15.473706908126772
69d44m56pt29614464s7d16m27pt05143154s,69.74897115128907,7.274180953204831,0.5500041012027885,10.580451682475138,0,0,0,8.797886683387604,0.017392106524456667,8.2885326282794,0.0009138952358613213,50.21028152168442,58.67749287175463,80.02008832870038,18.818976547405228,nan,BLANK,4617.901657960369,155.8028202373841,76.03463218024537,7.00706133436844,5006.789149769731,1.6112294095687947,36.90070446446394,1450.7998742920972,608.9077028992339,12.539728982832287,14.600761392824264,4959.285746744498,9.99923566878981,256.08064588829484,0.0,0.0,nan,nan,3725.736829979298,4.659340577610482,157.3923936940085,896.9219098773087,189.5653650324274,7.79497167285578,8.250732256070123,3734.3896180503443,5.346714538215668,180.97737696160553,0.0,0.0,nan,nan,6562.8,1.0,13.853480493619768,138.72902582953088,161.59551428108588,1.4298641302422939,4.775222769386178,4862.457640249235,1.5852943249820655,37.24970060773894,1154.1052181881228,511.2329782989801,11.181879892760765,17.57068611789185,4337.062311564335,9.99923566878981,292.5682705754515,888.2361456365038,272.2037348970956,8.811117876208769,10.793202496325604,4100.987112564433,0.8289347124605664,13.780827871229747,657.6323241497385,95.68750643674646,5.4127002185544875,3.397963056225366,3966.530939158271,2.060894954541252,62.158562780461644,0.0,0.0,nan,nan,3887.60646923859,2.3434824907656613,73.21267582892409,916.6840142045121,158.8644678965961,6.173695304844457,5.007477550932646,3835.324676381091,2.4250032397202204,77.06771958052082,470.5060503395859,125.99045514843309,5.2349842035532514,4.9120825087180116,4363.342715122055,3.7731213345637284,108.18126515581753,202.2527992812964,0.0,1.3866492324377278,0.0,3870.4217537849504,0.4999617834394905,nan,0.0,0.0,nan,nan,6583.45,1.0,13.810026928666252,0.0,0.0,nan,nan,6548.05,1.0,13.88468655302385,0.0,0.0,nan,nan,6716.44,1.0,13.536579167464883,0.0,0.0,nan,nan,6730.82,1.0,13.507659064352907,876.5840352465734,100.82883757593699,3.8873204437454163,2.8446293042578543,3426.6374367769436,0.8568224309579496,18.361123481646022,0.0,0.0,nan,nan,3759.237254188101,6.122333179741775,205.93714913149813,721.0553938160624,290.6778385584717,4.965374823964415,6.124073892269547,4685.05113091305,3.4562746435295613,91.961006673919,50.515874961422384,184.81259550010057,0.5824787998559809,4.631793288156387,5876.877900763858,0.4999617834394905,nan
69d44m49pt03772029s7d16m33pt65144138s,69.74695492230272,7.276014289271198,0.7063428687804651,15.472310757180939,0,0,0,nan,nan,8.124938140187966,0.00026179614069864166,8.193185295550938,0.3838963738274389,51.21583546482407,10.313255592918358,nan,BLANK,10246.88315511484,253.97573348904058,49.54392439922304,3.354120618473222,5006.831922421258,2.7919409183367683,68.72383978023788,5900.29824228978,679.6610833538672,11.639393344161013,3.7179863101382993,4960.567894985408,1.883581082135765,44.89384554049375,7345.889777102095,180.67731670813222,15.03716491926401,1.8634642396252616,3725.722783191514,2.4603986503485493,80.59221255363325,8717.99395239214,201.96408345585223,17.884816870277056,2.0830110501177983,3728.8445773973294,2.4603986503485493,80.53191136638779,0.0,0.0,nan,nan,6562.8,1.0,13.853480493619768,3931.445947449779,158.1047270680518,15.986752455163002,1.842963589468228,4862.939288729484,1.5731293616790167,36.894297729733346,0.0,0.0,nan,nan,4342.549832986923,2.1542520675856585,59.75761112323434,603.9255298553314,121.73581190399489,1.3780021776862386,1.1096842977729575,4101.9995679186295,1.5184509550545118,41.82319006860879,338.5244193033053,48.627480778383706,1.0596567355214672,0.6560694814779683,3968.238145625407,0.9334710937172946,19.803228853297743,1056.3895265804904,120.03636719095364,2.581086694074314,1.326762359095871,3888.7558974127282,2.383028155270087,74.56804749045251,514.4927750780613,135.25134050043494,0.7992868910765484,0.9833784624651379,3835.3637735794955,2.150265214992437,67.48677369336548,0.0,0.0,nan,nan,4363.809442725452,3.9774915906349513,114.2442007433457,2137.5026727695476,148.65728498245227,4.331150971218457,1.3789749321681057,3869.820289575941,2.6591740819395167,84.41994820557836,0.0,0.0,nan,nan,6583.45,1.0,13.810026928666252,0.0,0.0,nan,nan,6548.05,1.0,13.88468655302385,0.0,0.0,nan,nan,6716.44,1.0,13.536579167464883,0.0,0.0,nan,nan,6730.82,1.0,13.507659064352907,0.0,0.0,nan,nan,3426.306655776808,5.97136255503612,220.36587153829583,309.4892919501702,454271.2617710184,0.6221546179363217,4495.461230212214,3759.360730745815,0.4999617834394905,nan,21426.955544010663,933.5663707435583,25.45963889149674,3.3949785492662468,4684.122780372615,1.9200464700980548,48.57726242421027,0.0,0.0,nan,nan,5875.62,1.0,15.473706908126772
69d44m47pt02148888s7d16m31pt65143843s,69.74639485802234,7.275458732897742,0.49455483810204215,13.83683201288634,0,0,0,nan,nan,7.240687161226783,0.03825219832601061,1.7141001806208966,1.9000048553228508,66.64314991126486,15.05371220703265,nan,BLANK,144.43040190626775,128.14083120960333,3.1792388571539547,7.704239785564759,5006.904016239254,0.4999617834394905,nan,778.3527097555233,97.83115585315369,10.099452720924367,3.5299889611527315,4952.130167980178,1.725340421514531,40.4852797379147,509.3896456603494,162.15596869600964,5.672020691040437,9.106014604147779,3724.366405292624,2.613732947412064,86.04310050286448,0.0,0.0,nan,nan,3728.869568335574,4.636582205234483,156.48864277702253,0.0,0.0,nan,nan,6562.8,1.0,13.853480493619768,835.5245355632401,916.4846326069004,397.2656038202035,1248.8085280408561,4863.6992230224305,0.4999617834394905,nan,0.0,0.0,nan,nan,4339.021614616814,6.227545545906632,181.5026960275347,1273.3159810872087,75.96087691315768,21.236685501103228,5.059042879624797,4102.79067190244,1.7264233563644737,48.98267080783467,373.4034046206775,1223.6184823264846,12.862910599291306,181.3807811760061,3970.9932674494094,0.638466350089081,nan,0.0,0.0,nan,nan,3889.90380025079,2.8211515065382393,89.46363425312549,0.0,0.0,nan,nan,3832.008019939755,3.1663085345031874,102.50009595264544,0.0,0.0,nan,nan,4362.284431413635,4.316849963346804,124.29042302740578,111.32291075411575,2.5923912970750804e+112,5.776221145464608,6.162079450621355e+111,3868.7512067319853,0.4999617834394905,nan,0.0,0.0,nan,nan,6583.45,1.0,13.810026928666252,0.0,0.0,nan,nan,6548.05,1.0,13.88468655302385,0.0,0.0,nan,nan,6716.44,1.0,13.536579167464883,0.0,0.0,nan,nan,6730.82,1.0,13.507659064352907,1062.5178837794608,207.4353745937755,15.152411740394173,18.873211219802787,3423.374932300988,5.079555699671377,186.95533987173553,842.0758248808949,1198208.4943429506,10.535669271804435,73698.18176502595,3761.3619435921605,0.5543323178827918,nan,283.3473728565951,37595.453773170826,11.809966086952635,4793.403108254981,4685.4462258637595,0.6354876623760927,nan,576.1481006871152,255.33723887471845,10.949435256250528,10.547716361446588,5876.646877017641,2.306950130669571,47.629233326291605
83d14m19pt60251085s-37d01m34pt11295918s,83.23877847523715,-37.026142488662046,0.3434483003154005,18.107305535198982,0,0,0,8.515035668828114,0.34338761328752704,8.11779045533842,4.256916020430612e-05,9.11621977918443,0.1619259564243298,57.327734412797476,9.487196412205792,nan,BLANK,17263.4068882666,50.693727740407695,63.68734839973003,0.5108197573468005,5006.83929978648,2.1725023915219315,52.294675156650484,5599.07208857554,56.555697486621646,19.316800875028704,0.5413701350883332,4958.900748923621,2.2316430071782296,54.401524597508455,10164.288259609544,230.7753205642649,32.22586095362416,3.6860561813902555,3725.8903273573255,2.3686221870255952,77.31563889081212,14723.533029819895,310.4646917599879,46.77245707660435,4.958893755914602,3728.6961788113013,2.3686221870255952,77.25778932110768,11693.673274595654,150.9139792774027,112.16826302493875,2.7727787560411046,6562.761165392957,2.433502754853864,45.21172923204749,5237.949657082916,82.37774750000666,23.45023976858379,1.0578312660370013,4861.245721681004,2.1900869496068465,54.346194128185836,2454.6413889532214,105.22734843845265,8.055466200517557,1.2231189659252546,4340.3133359983585,2.4833353807501877,69.88515482853488,266.3573529172389,460.8160164879131,0.6127388882198238,4.235290571690572,4101.871135525206,0.4999617834394905,nan,121.82426530475396,125.43202865060053,0.28186443329214345,1.2500657575905127,3969.306506608848,0.4999617834394905,nan,0.0,55.274012645701724,nan,nan,3889.06,1.0,23.37778840736009,0.0,0.0,nan,nan,3834.765558392329,2.3141372469376256,73.21567261053677,581.5295345074425,290902.773031166,1.6673170631535108,2922.9403056667506,4363.104744049346,0.6710482986301499,nan,2114.94847846894,103.61927890707197,4.268032365272159,0.9579199012181289,3868.7757888379274,2.214265285096312,69.12861202177973,0.0,0.0,nan,nan,6582.644677836341,0.4999617834394905,nan,0.0,0.0,nan,nan,6547.691365063045,9.99923566878981,193.93267853817915,1230.4429855101127,146.6536724937776,10.906671260212603,2.4315547005496394,6716.14647112869,2.306429623338041,41.6562539784633,929.687025816962,191.14160511759107,8.363147050180824,3.2093078406126407,6730.561978419295,3.2881128969841042,60.76735492549242,0.0,0.0,nan,nan,3426.0,1.0,26.53754284399528,840.4943171095501,9764238.682836372,2.399119893902508,137217.3615862459,3759.201469863203,0.5604602167297258,nan,518.5650336014236,102.26426705221375,2.1496439121412734,1.2974359384464509,4684.130846884029,2.327642530424673,60.31456033685145,516.0176844778681,134.39347195225372,4.850489022013517,2.7465603169281665,5875.528622344216,2.5112555413543083,52.25604961284954
83d13m31pt00166154s-37d01m45pt11213223s,83.22527823931703,-37.029197814509274,0.27305110544651545,31.9576448819146,0,0,0,nan,nan,10.30523164974069,0.007695319666933052,1.5272524380903505,0.015986404420374013,68.89279630299227,16.195840587012153,nan,BLANK,24408.017846764167,133.15302742684435,15.628961847140555,0.23288020415076294,5006.859883659825,2.6699033677517723,65.51344705546371,8305.545451981601,179.04895921526725,5.2844332580330855,0.31607688610212054,4958.9570976238965,2.7381318238791623,67.96012200520983,0.0,111.50863167865684,nan,nan,3726.03,1.0,24.400668213494743,0.0,109.99279262433421,nan,nan,3728.82,1.0,24.382410999599827,57744.0316253322,1452.3522872342312,46.1418502184285,2.222999648120965,6562.576174562485,3.031174700239408,57.21158925932863,21419.87957121891,135.67394344799322,14.371158824590783,0.2610971019985873,4861.17763155577,2.61676508336044,66.03127405126155,7913.5868135160445,151.40787487121392,3.6767237620388973,0.24915890081105185,4340.299273348082,2.1399995831586334,59.31541072196867,2875.069876735931,135.95947220355828,1.1596276417406368,0.21912864039034696,4101.555094471412,1.3496958255043425,35.817531888006556,257.919305390274,595.6902848514399,0.09662403033010952,0.9606593893696834,3970.3576844367635,0.4999617834394905,nan,754.8124673070079,1147422706.0779526,0.25750677066579597,1770690.5052763952,3888.8744128344374,0.4999617834394905,nan,0.0,0.0,nan,nan,3835.554881501961,0.4999617834394905,nan,646.7888021216056,45420923.435730346,0.276566498300216,68070.73124536808,4362.897205063672,0.6125600526678099,nan,8398.951036875247,378.0912273942604,2.9685299206854214,0.6123503110553079,3868.3168973386064,7.0067644456095355,229.42020337938567,5307.88687721539,4708.894547673554,2.412100464203127,4.085620014044218,6583.081255123476,2.141023473197672,39.12752485301228,0.0,0.0,nan,nan,6546.828832326248,0.4999617834394905,nan,11437.292759693455,864.8005012384134,11.06465455637515,1.5649323832177457,6716.07513810578,3.2559291275869686,60.27295641423355,7111.698673167563,1138.503344081912,6.43768812164515,1.9236020347740181,6730.544309189802,2.925965926331685,53.73609681969728,0.0,0.0,nan,nan,3426.0,1.0,26.53754284399528,1758.5113889265856,252.9927627964426,0.6780486997428409,0.47912061109026577,3762.6880536950903,2.8332603217041603,92.95759518059822,2267.014514016302,456.81007743072365,1.2322357051442985,0.7572899002915969,4693.20726130134,9.99923566878981,271.0131455203778,2839.9071765259696,104.45280724417354,2.6511117862571774,0.21200671713369298,5875.360029,3.1422024523275796,66.37281424822702
83d14m26pt36626535s-37d01m32pt91263786s,83.24065729593194,-37.02580906607291,0.5530582613876898,24.89986001007415,0,0,0,nan,nan,8.104124887120008,5.4124910599075265e-06,8.894257050699032,0.02139281947499462,52.04204464031068,10.613544266141618,nan,BLANK,140808.81319118355,249.2936623299865,93.53312717100681,0.4523067962314816,5006.843138229107,2.1037822206861976,50.44536552775492,47588.06330421051,128.04883415319,32.031754605051006,0.2391395501587912,4958.940405234394,2.10498785015896,50.96576286065047,101109.12501015485,215.42602558407913,35.48252933378515,0.3808110868286245,3726.080934126994,2.0765144426277233,66.79700438370321,140128.34164173374,268.66021847430875,49.26981203819421,0.47491378772564735,3728.8214785654586,2.0765144426277233,66.74702512961466,0.0,0.0,nan,nan,6562.8,1.0,13.853480493619768,48304.691521538174,104.91369145631695,32.577791086260085,0.20294348401885087,4861.311019785985,2.0863732347005404,51.47159226548523,24327.52852272207,131.162470093997,11.223368554809436,0.21430851043185684,4340.474582103206,1.9454804164042376,53.24121376058726,12750.92153954937,161.6495117658322,4.981031540478675,0.2523037270055692,4101.758232635578,1.7665306040638336,50.34146211128312,6038.545287335714,171.5911355271608,2.0487458720128715,0.2506517807897367,3970.0754289186084,1.680677189861991,48.9978487869502,7603.508616577514,565.027232928509,2.2253920001298257,0.7480630302213336,3888.849720375747,1.59409446060125,46.88303148768568,580.535431218454,240.93698869368694,0.1824531718260145,0.35438422697443756,3835.3903783732417,0.4999617834394905,nan,0.0,0.0,nan,nan,4363.493602821208,0.4999617834394905,nan,16739.801174215307,377.95086393334526,4.9443150262362945,0.5113955068623461,3868.757579783552,1.9962659772790594,61.52062509151006,0.0,0.0,nan,nan,6583.45,1.0,13.810026928666252,0.0,0.0,nan,nan,6548.05,1.0,13.88468655302385,0.0,0.0,nan,nan,6716.44,1.0,13.536579167464883,0.0,0.0,nan,nan,6730.82,1.0,13.507659064352907,0.0,0.0,nan,nan,3426.069669349097,5.970710455257585,220.34147126286172,2998.183111713237,257.7532193289441,1.0289441410269964,0.4347231280721141,3761.8296888574982,4.217179389575642,140.80900189422906,0.0,0.0,nan,nan,4686.078728578263,2.459801330465108,64.06960738246964,5244.971884463539,171.08786053675016,6.634551335266617,0.4705158966105797,5875.564498145638,2.4848263512186404,51.6594932946113
83d14m11pt83589649s-37d01m13pt31319679s,83.23662108235935,-37.02036477688699,0.5534435736532162,28.566757932772447,0,0,0,10.563122675284921,0.04698901166389738,8.068643229579173,3.475519681657208e-05,8.08381774664371,0.10005926451501375,65.61447634880467,19.4619786215167,nan,BLANK,28606.568143724373,239.8250647145531,34.868233219968396,0.7984406885134828,5006.859893660865,3.187327303900728,79.06627683579967,9194.885213994332,122.89564627683436,10.62375305038897,0.3939676731600983,4958.944898006761,3.0967089368012424,77.44404925989556,32601.843683146904,480.3960365559151,24.178794278966503,1.7947110134768758,3726.0300574286666,2.7442077925097075,90.6616928187732,41127.04850418834,650.4689054544598,30.557920831817707,2.4300860534004203,3728.6815942594094,2.7442077925097075,90.59385738478485,0.0,0.0,nan,nan,6562.8,1.0,13.853480493619768,13796.741717904242,134.3340431659759,16.37790156722881,0.4573991497978229,4861.1993694780385,2.9981358103148232,76.34615134506895,5490.287062112693,96.60366011432443,4.637386377147756,0.28900592536537173,4340.325657646033,2.532999591935452,71.40214023192044,1809.8942744904377,89.4312755322357,1.2918679744450317,0.25504286485045413,4101.812116934221,1.2886491592673441,33.581744979658815,178.70017904031818,120.7122148956562,0.11851711157863526,0.3447258006565858,3969.895299968592,0.4999617834394905,nan,0.0,0.0,nan,nan,3888.691405361058,0.4999617834394905,nan,0.0,0.0,nan,nan,3834.4417991092073,0.4999617834394905,nan,125.85698723867542,284.24694563240877,0.09640608487771445,0.7627977858362578,4363.797354769485,0.4999617834394905,nan,3762.976776377776,161.66181079811219,2.2664306601770754,0.44612126235242583,3868.5072673004333,3.6252580554574076,117.05242522938029,0.0,0.0,nan,nan,6583.45,1.0,13.810026928666252,0.0,0.0,nan,nan,6548.05,1.0,13.88468655302385,0.0,0.0,nan,nan,6716.44,1.0,13.536579167464883,0.0,0.0,nan,nan,6730.82,1.0,13.507659064352907,3168.717622880415,464.8736013479592,1.9394505336764534,1.8132125665839263,3424.693415346885,9.99923566878981,370.65991701749095,582.6766054201844,9314120.250052111,0.40168571023566796,31619.931504455595,3758.8413670004174,0.5119424503568006,nan,259.06349551458726,68.88557622417174,0.25962211696644244,0.21092410241364912,4688.545711847361,1.0769366753327072,22.236197686152085,1420.172856521096,172.01562959700806,2.8878860593181863,0.7606478560271028,5874.588983428839,3.913288030697047,83.42368928243174
135d09m40pt25284006s20d53m21pt28761991s,135.16118134445998,20.889246561085816,0.5404366390140505,38.60685254365922,0,0,0,nan,nan,6.8312172825569775,0.11934315544542873,22.346552925366407,58046.102652499656,57.98676381292652,16.420497305258184,nan,BLANK,5406.854528332823,108.61243441311562,250.96264936407871,13.769978631549225,5006.821374775964,2.1781081507182245,52.44522178557947,204.88081959244053,260.71085472802315,7.920935553809924,27.92939904017965,4962.876520266579,0.4999617834394905,nan,1611.667964703922,218.08355733740459,10.284528542440965,7.016452600236673,3724.767588533355,2.821469266809744,93.38926452622223,361.72103810913677,124.03170181085878,2.314801149225115,3.9905005554186115,3728.827222075535,2.821469266809744,93.31938825221917,0.0,0.0,nan,nan,6562.8,1.0,13.853480493619768,339.4315166223317,881687.5121427182,4.304552881903077,32056.419490443604,4862.539912008443,0.5550212865717525,nan,0.0,0.0,nan,nan,4335.827875837849,0.4999617834394905,nan,356.9276542275519,120.25660320218441,14.079942087864453,18.904369905700598,4106.589126103707,1.1058012595619837,26.56975690363555,1533.530137225967,116.67332042769294,13.769012334927682,4.503878598926194,3972.471318081614,2.964519956923907,92.3762530558308,1258.5524915977537,1808.873077491024,17.777491240266546,115.58993546737058,3888.71538968285,0.7523563045611927,9.02691629404877,308.0790362971781,130.16058452888,2.787587605188922,5.511298614589931,3835.533067694399,0.4999617834394905,nan,2352.584742205265,408.7004374883727,18.98635031984756,11.574359581885979,4360.270946246671,9.99923566878981,291.0428046557292,1266.716672612988,226.1749435276425,20.26618558125471,16.65982925889813,3860.8973874597527,4.261943306926056,138.34444100904426,0.0,0.0,nan,nan,6583.45,1.0,13.810026928666252,0.0,0.0,nan,nan,6548.05,1.0,13.88468655302385,0.0,0.0,nan,nan,6716.44,1.0,13.536579167464883,0.0,0.0,nan,nan,6730.82,1.0,13.507659064352907,0.0,0.0,nan,nan,3426.707906890947,1.9654871437720707,68.24844883653616,480.1062622593387,96.70304798804786,8.740756654791273,8.667298165161718,3759.27429749315,0.8699001980570665,17.486709634644356,0.0,0.0,nan,nan,4685.186071376665,3.4908504879437015,92.92011147205987,199.47584630968936,0.0,10.827656533746817,0.0,5874.00863452315,0.4999617834394905,nan
135d09m15pt42063723s20d53m20pt48862625s,135.15428351034092,20.889024618402086,0.25825631370534463,16.110057873047538,0,0,0,11.779058838586186,0.06398167259568495,nan,nan,7.143859912364224,115.47622205651257,67.43215805166847,19.109796107468604,nan,BLANK,1207.0873161027457,64714.69463882281,13.830208719643649,2023.7741060223484,5009.104793246533,0.7339317230604078,5.608754862054477,2796.74389904791,651.760837001683,20.927046794706996,13.552310189927775,4954.243000338609,9.99923566878981,256.08064588829484,0.0,0.0,nan,nan,3726.03,1.0,24.400668213494743,0.0,0.0,nan,nan,3728.82,1.0,24.382410999599827,305.94748227227586,437559.83388721565,7.296293390528926,19990.125425992755,6561.953214747355,0.7240309652847055,3.5885510933388525,560.4576887378532,62.89974808773697,5.04458492975509,1.6238543829757173,4861.278381990342,1.3247508071080778,29.4541896666283,102.13680198323223,168.44994330424726,0.6131273341962866,3.573692272609403,4345.02999127071,0.4999617834394905,nan,177.67314586539183,2.038285068747186e+75,0.7788891862509768,3.572211686707306e+73,4100.713241778092,0.4999617834394905,nan,167.8039915257073,197.205306744031,0.9070927371441488,4.604313669269904,3964.730379136526,0.4999617834394905,nan,0.0,0.0,nan,nan,3889.023989164983,4.149181923041897,133.87843436532538,4319.190511619077,431.41773867939725,10.959463723772606,5.110895625688497,3839.0777293085457,6.922477538232793,228.60307105808576,267.0806855649645,0.0,1.4265273058449675,0.0,4363.023656773078,0.4999617834394905,nan,0.0,0.0,nan,nan,3868.79287546208,3.525897712143805,113.71821179047642,0.0,0.0,nan,nan,6582.356863619097,3.742484609990179,71.09459726862336,191.9710238685257,102.1795842900297,2590.4413801194664,2647.162552229198,6548.193630310195,2.3344395950626478,43.29868208857233,266.6899368002518,1.21827933323525e+56,4.073481873457222,3.4799596715980246e+54,6717.561058545914,0.4999617834394905,nan,0.0,0.0,nan,nan,6730.795969866957,0.4999617834394905,nan,0.0,0.0,nan,nan,3426.0,1.0,26.53754284399528,0.0,0.0,nan,nan,3750.0,0.4999617834394905,nan,0.0,0.0,nan,nan,4685.255100633955,1.5933016620207086,38.88839478108546,0.0,0.0,nan,nan,5875.036684042923,3.729839951774476,79.3803739071203
135d08m46pt52043451s20d53m44pt48854338s,135.14625567625336,20.895691262048757,0.2586462264460687,21.46712644862607,0,0,0,nan,nan,nan,nan,nan,nan,55.25762394927395,12.438363534120178,nan,BLANK,2536.943482286816,502003.64333571104,74.55077484213243,40293.05097736186,5006.874096784028,0.6337257054153963,nan,0.0,0.0,nan,nan,4958.970359633707,4.470779329897578,113.36273456579946,0.0,0.0,nan,nan,3726.03,1.0,24.400668213494743,0.0,0.0,nan,nan,3728.82,1.0,24.382410999599827,287.4691830069542,125.58005299045594,138.0519760261403,115.4816106541211,6564.5795288602285,1.7459199170330189,31.027311285287585,0.0,0.0,nan,nan,4864.086486115262,3.6942294352989293,94.99303816863252,0.0,0.0,nan,nan,4340.496373338351,4.458942267015641,129.16367175169134,0.0,0.0,nan,nan,4100.496015531962,0.4999617834394905,nan,825.6728094648021,4760.3190745352495,14.389213751808017,357.6198628586061,3967.9910142989042,0.8351500783231552,14.60653794034749,1033.4523195686747,1689045.8602479598,17.1493649979512,126898.53484000803,3887.445528519061,0.6825253669510488,nan,0.0,0.0,nan,nan,3835.607994090671,4.3263902189427546,141.7156075971239,365.67394656984925,10870798.841015266,14.32385603220742,1492955.177083424,4362.141116012189,0.6323157162125982,nan,1114.2631503742116,292364.9929513497,19.072516356900355,22928.59365283279,3868.517317267508,0.7209627675838334,5.679472113618232,0.0,0.0,nan,nan,6583.209415609603,6.543794138258758,125.81717840308194,0.0,0.0,nan,nan,6548.172583399583,3.735588654815948,71.34246066262273,0.0,150.3766365092136,nan,nan,6716.44,1.0,13.536579167464883,0.0,0.0,nan,nan,6732.915042436867,0.4999617834394905,nan,0.0,0.0,nan,nan,3426.0,1.0,26.53754284399528,2676.630396296876,3.7296557873297447e+28,551177.8997705564,3.7791050682458638e+31,3760.0,3.53223,117.22602100119639,1687.441998655712,588044.1817573122,27.946801282350563,29795.596317171465,4685.088404558215,0.6452986794459781,nan,373.1150330227706,167644.9766862802,6.575393343707842,6424.489848067619,5874.673101268265,0.7460026690915639,5.588372423700626
135d08m57pt01028476s20d53m49pt88872938s,135.14916952354343,20.897191313717816,0.27072143476377386,20.285383115703514,0,0,0,nan,nan,nan,nan,nan,nan,70.91907950893571,12.087898579678676,nan,BLANK,2176.6514230401494,339.846297449141,23.26359859061164,9.921057102444815,5006.835034391228,0.8653951497391815,12.93816372098005,2027.0653837010982,414.4764734601589,27.824333963917177,15.784911519114159,4958.994847829456,5.6657217935975135,144.34168539617437,0.0,0.0,nan,nan,3726.03,1.0,24.400668213494743,0.0,13.471032606437802,nan,nan,3728.82,1.0,24.382410999599827,0.0,0.0,nan,nan,6560.464213236497,8.104616407650669,156.6319345375647,0.0,0.0,nan,nan,4863.255047987691,4.75532115170968,123.17729520189091,0.0,0.0,nan,nan,4341.25419491573,5.6154210771308195,163.42132990343478,1495.7447078563134,236.387831974743,10.272171355956976,6.496329764434993,4098.937633698556,5.2306193679348265,160.88839681319922,260.73788986565535,0.0,15.89944573770865,0.0,3968.656366950134,0.4999617834394905,nan,0.0,0.0,nan,nan,3888.314001620047,2.349653616998986,73.4243269997938,613.078729495276,157.14216797504318,3.598492035269455,4.318990681130425,3834.5482249179026,1.6065555566954899,47.99892235545199,0.0,0.0,nan,nan,4362.443998641528,2.909308630221855,82.3942808408359,0.0,0.0,nan,nan,3867.189396640003,2.526736849982095,79.89361672861838,59.55977574896045,251.84466388073068,1.1500748897425503,9.28961478367369,6579.784385220651,0.4999617834394905,nan,353.19059882672366,208.52800924304955,11.196905783013575,12.696072193110641,6546.2172788080525,1.78348260920903,31.892790936023967,0.0,0.0,nan,nan,6716.022374338568,3.815955454349492,71.10404116634783,0.0,0.0,nan,nan,6730.838049531097,3.7856189375598617,70.36834490343855,0.0,0.0,nan,nan,3426.0,1.0,26.53754284399528,2213.8205504816806,4867.796367111683,8.155747099491762,88.17441939889783,3761.1071958404555,0.8531895497313897,16.515888175521418,0.0,0.0,nan,nan,4684.734040512744,4.038666564859557,108.06995044234841,120.9152340021208,127.29637475507164,3.491803414504548,7.992157856355027,5875.645196342749,0.4999617834394905,nan
135d09m28pt05055642s20d53m15pt68823891s,135.15779182122898,20.887691177475688,0.42075109905188945,29.28731690117457,0,0,0,nan,nan,10.219455279184402,0.032840956535737396,24.16179203351164,123550.33840721178,77.94107548404301,14.603638099977777,nan,BLANK,5678.090104540839,109.34199896407982,8.225182032524149,0.4326273164992243,5006.861443428379,3.126307399537273,77.4750929384102,526.1708086374168,7139360.990540423,0.664142840337175,25002.500785089036,4958.966248028288,0.5485981824400151,nan,1261.203603595806,202.22553632022462,1.8502838311485588,1.4915805794210861,3728.817905583363,3.7473848887893975,125.78609782336504,1167.5465487071865,203.96235174852671,1.6772602113331379,1.473125247347656,3728.798593677661,3.668366492235008,122.94471185099812,118.46218028440572,357715581.28131,0.18089637691385435,1046142.9632966405,6563.680863086394,0.5053411252756622,nan,357.30011472276294,1802987.6054595541,0.44260929089721546,6404.588936858904,4861.967490020745,0.5169627174191596,nan,0.0,0.0,nan,nan,4340.358041350273,3.967596791284357,114.54815998193651,0.0,70.93172325465228,nan,nan,4101.73,1.0,22.16567686891332,1252.8574477650322,52150921.06708608,1.6565601189715358,297059.5999229896,3969.080550030662,0.5203591809400057,nan,0.0,0.0,nan,nan,3885.5833614902426,3.719971257299187,119.59952720694186,8203.474636477504,216.63498111445574,11.44158951684017,1.4103476706448284,3839.444760471841,4.418142708857624,144.80099226751082,0.0,0.0,nan,nan,4360.547751503622,2.878163301023525,81.45770307156374,0.0,56.906102940747836,nan,nan,3868.75,1.0,23.500516131444996,0.0,0.0,nan,nan,6573.45,0.4999617834394905,nan,1472.5300532164779,302.39509078700263,2.424184217803668,0.9558722614347968,6547.543616670131,5.034620069660516,96.93460296845049,0.0,0.0,nan,nan,6716.44,1.0,13.536579167464883,0.0,0.0,nan,nan,6730.82,1.0,13.507659064352907,2447.2972905014,320.7349364695559,3.362049630887723,2.8186223766210157,3420.32494938191,6.130258211007511,226.3103528682443,1064.3367408056404,110.61514477834957,1.5459082485199083,0.7895417979294401,3761.894327720985,1.6759987345306298,51.56118189393244,0.0,0.0,nan,nan,4682.9713917051995,3.4169411607137863,90.86942912520152,0.0,0.0,nan,nan,5876.572724878746,0.4999617834394905,nan
135d09m06pt42994093s20d53m57pt68874487s,135.15178609470314,20.899357984685366,0.4471455437906884,27.506188261074232,0,0,0,nan,nan,nan,nan,nan,nan,74.49074348483033,17.82138788095872,nan,BLANK,3331.9337963564067,176.24196979457835,46.348284826143804,6.696214745120746,5006.868278232798,1.272492033199997,27.020390322745197,72.09132157336792,193.03634707640416,2.09964643929467,15.599393135168631,4958.854586445691,0.4999617834394905,nan,0.0,0.0,nan,nan,3723.7188987537784,9.877484573815611,336.6430582576513,0.0,0.0,nan,nan,3728.9790188540173,3.0970953385953894,103.00539316060437,0.0,0.0,nan,nan,6562.8,1.0,13.853480493619768,0.0,0.0,nan,nan,4864.746624957369,0.4999617834394905,nan,0.0,0.0,nan,nan,4340.081547666461,4.054042786283393,117.12323596191177,0.0,0.0,nan,nan,4102.74276697238,2.633296636472139,78.7920027277002,0.0,0.0,nan,nan,3970.0381669837357,3.6657928971172735,115.38934179637506,0.0,0.0,nan,nan,3890.097449663862,6.267072156331418,203.8716861646186,939.1040078549591,115.21668349018428,5.352722945893075,3.07036675389715,3836.935174389895,1.0471821300982433,25.852353531044578,447.4594565996798,1774542.4334213918,27.143738805770724,377228.0028012537,4363.224705964889,0.5769210189205873,nan,1379.9106245581838,218.30597825564965,6.534619359406535,4.735653164635108,3868.833218687934,3.6118709526622816,116.60341017099881,0.0,0.0,nan,nan,6583.45,1.0,13.810026928666252,0.0,0.0,nan,nan,6548.05,1.0,13.88468655302385,0.0,0.0,nan,nan,6716.44,1.0,13.536579167464883,0.0,0.0,nan,nan,6730.82,1.0,13.507659064352907,0.0,0.0,nan,nan,3425.7337271486995,2.273592684458649,80.38268784015528,1518.4620043419839,128.763537004691,15.218728580172465,6.391079637906659,3750.614811140019,2.0154151633097777,63.99185140664459,0.0,0.0,nan,nan,4686.354029236533,3.754714772151112,100.22720894299698,1276.6276637937076,188.8057946100329,63.23518660298449,20.32464297509073,5877.4442504352955,2.5140820329670213,52.31981720603222
135d09m17pt56217319s20d53m50pt88857857s,135.1548783814411,20.897469049602154,0.5622602870088305,25.260633533376907,0,0,0,nan,nan,7.6610700683545785,0.010301048961547045,5.756948520480719,1.5634521648300663,91.7568252747312,24.023901747653355,nan,BLANK,2699.3817107626915,103.50817067329533,671.8724809848113,70.368521844245,5006.87888478545,0.9430674087943987,16.069054435570422,0.0,0.0,nan,nan,4957.527280957268,1.9491181941177547,46.701323380483934,0.0,0.0,nan,nan,3727.625738051656,0.4999617834394905,nan,2433.066968623776,649.3022197542076,16.143890129034393,21.81206848366553,3718.82,9.99923566878981,340.5583738828702,0.0,0.0,nan,nan,6562.8,1.0,13.853480493619768,891.5224204502518,213.4865873002969,7.170113365264165,4.9286034908835346,4859.010231812369,2.7040941484488927,68.40182943887075,0.0,0.0,nan,nan,4339.742834241782,4.00345216716243,115.61644138038213,0.0,0.0,nan,nan,4101.365860441952,4.374260738379677,134.01928158199647,110.88302363299194,114.98782201984464,427.0158458408782,1909.1565386293719,3967.7802373199247,0.4999617834394905,nan,0.0,0.0,nan,nan,3887.1350083039183,5.94164527483883,193.14789848316892,614.9120034144303,82.31735658908848,18.58997905671975,11.638630507916439,3836.470142155731,1.6424724458333295,49.32009353109594,0.0,0.0,nan,nan,4363.106757032263,1.674846116604845,44.395876319451276,1115.5947769869472,76.30201720068868,58.94591400709047,18.475142475070818,3868.2529979554424,1.7200855726493203,51.704218292541675,0.0,0.0,nan,nan,6583.45,1.0,13.810026928666252,0.0,0.0,nan,nan,6548.05,1.0,13.88468655302385,0.0,0.0,nan,nan,6716.44,1.0,13.536579167464883,0.0,0.0,nan,nan,6730.82,1.0,13.507659064352907,4920.716784187965,493.48965204476355,19.17576202638203,12.198188610065497,3430.0614657110323,9.99923566878981,370.65991701749095,2913.4094648754453,257.6643897214795,14.28053767962417,6.211682966837328,3760.6919156319514,6.571640906293461,221.2437901194793,373.4897975496364,30770.651418243226,5.886847693884292,1483.3449342064457,4685.912302581182,0.5880837512486711,nan,453.0471578112438,187.75174239506052,12.86410065934733,11.590622375576526,5875.563957095932,5.339991593080299,114.70597542409398
135d09m01pt29197837s20d53m29pt0887543s,135.1503588828811,20.891413542860217,0.5686725398081556,1.977282155900604,0,0,0,nan,nan,nan,nan,nan,nan,128.30044451685185,44.48682584814752,nan,BLANK,0.0,253.1424849589776,nan,nan,5006.84,1.0,18.158683277981286,0.0,0.0,nan,nan,4959.299299880741,0.4999617834394905,nan,14290.941817631001,149857.22986905827,24.827208883441433,1316.0341258393037,3721.03,20.015970000000003,683.4827048255002,8042.968376204708,147391.2780547997,14.06716792513771,1294.3783355709581,3730.6631661148062,20.015970000000003,682.9713053086389,0.0,0.0,nan,nan,6562.8,1.0,13.853480493619768,0.0,0.0,nan,nan,4861.403729818769,0.9337696183614848,16.184426606388215,3277.849885646589,1081.8955123407657,4.299564615202657,5.049770200568202,4330.46,9.99923566878981,292.5682705754515,134.38750299497528,119.53858929295673,0.10751442663321434,0.38184495876038954,4103.031265687681,0.4999617834394905,nan,825.2134251430291,163.62803896543963,0.9886582755629928,0.8443790108020461,3969.3770731788645,4.156373473797713,131.38025230728135,1116.4337109262024,141.18420253673352,0.877576157933731,0.5023161483149221,3887.8815089402874,3.1694074784933814,101.18984911619725,483.52329050725416,85.53007739810792,0.4218240526335386,0.3493926399619889,3834.563442351146,0.9753972172567,22.547115195464183,1062.2841436676033,212.48119802748877,1.5003156251402405,1.050855125536306,4364.823603288478,1.8307268982492215,49.35809223828506,0.0,0.0,nan,nan,3868.0943439509415,2.4551462114925795,77.43881663953744,0.0,0.0,nan,nan,6583.45,1.0,13.810026928666252,0.0,0.0,nan,nan,6548.05,1.0,13.88468655302385,0.0,0.0,nan,nan,6716.44,1.0,13.536579167464883,0.0,0.0,nan,nan,6730.82,1.0,13.507659064352907,0.0,0.0,nan,nan,3423.353178269175,4.894227236807297,179.99964561401998,0.0,0.0,nan,nan,3760.7491352859684,0.4999617834394905,nan,965.0772989581014,267.73508186247886,0.8214595868599517,0.6970922180406641,4685.555972844905,3.375069880070462,89.70681736447898,0.0,0.0,nan,nan,5874.950192240092,7.069714856828933,152.43047906068523
135d09m12pt63809763s20d53m40pt88867693s,135.15351058267362,20.89469129914648,0.6479508766382589,14.396512059809865,0,0,0,nan,nan,nan,nan,nan,nan,136.48960284391057,26.158863739404143,nan,BLANK,232.916492043785,4063.1132763891596,0.02789304713465041,1.3289584416590237,5007.053442369124,0.4999617834394905,nan,0.0,0.0,nan,nan,4958.904356874703,8.43918557299341,215.91267139304563,0.0,0.0,nan,nan,3726.8996047655487,5.776441990522291,195.9136001901244,0.0,0.0,nan,nan,3728.865989775701,8.176961222604115,278.1546247192661,0.0,0.0,nan,nan,6562.8,1.0,13.853480493619768,0.0,0.0,nan,nan,4861.403339563166,3.8164562321625706,98.25107135737132,0.0,0.0,nan,nan,4340.762688714848,9.99923566878981,292.5682705754515,0.0,0.0,nan,nan,4103.379846363,3.0354942632691047,91.6767795949731,2427.1970263911626,653.0481800619083,0.24004229136988062,0.2784358192345432,3967.8330980408755,3.184847544853266,99.63239838466944,0.0,0.0,nan,nan,3888.4015097285255,6.836046666607272,222.60476270826112,13391.555685417015,4798.664380670088,1.4656672814147425,2.4567886732312827,3836.119733753921,9.99923566878981,331.09476865566154,264.8809810895299,5.632818115358408e+61,0.030288069161258566,2.2582218796098734e+58,4362.137686911548,0.4999617834394905,nan,9794.491323050706,1658.9463920481855,1.0760958482910714,0.8355547131426426,3867.6391918607737,4.250197820050959,137.95259246056418,0.0,0.0,nan,nan,6583.45,1.0,13.810026928666252,0.0,0.0,nan,nan,6548.05,1.0,13.88468655302385,0.0,0.0,nan,nan,6716.44,1.0,13.536579167464883,0.0,0.0,nan,nan,6730.82,1.0,13.507659064352907,15680.738577559208,741.1706405321719,1.1671044626120075,0.35114220216260295,3426.0086270838337,9.99923566878981,370.65991701749095,3258023.9485883424,7555.247878142333,221.52399364668804,2.537829495624195,3754.172096621126,6.65538603875135,224.0953416356797,0.0,0.0,nan,nan,4682.078155493571,8.262988692575618,223.69872191430878,0.0,0.0,nan,nan,5875.62,1.0,15.473706908126772
135d08m54pt86939303s20d53m54pt88870579s,135.1485748313986,20.898580196052816,0.08090723821249379,25.694587248949727,0,0,0,nan,nan,nan,nan,2.5409826811491825,0.022989524637781485,46.47444815687784,10.518392395983433,nan,BLANK,35912.10448549126,169.4961207160461,25.058385962390325,0.3230420636182452,5006.83732392205,2.605355281385899,63.811113540001244,13147.31551057242,150.07752741699832,9.569044232762362,0.30305885831833657,4959.0324301584415,2.7399378036368223,68.00807950994232,0.0,0.0,nan,nan,3726.03,1.0,24.400668213494743,0.0,0.0,nan,nan,3728.82,1.0,24.382410999599827,49664.9545421089,689.5221395528839,49.99403680431721,1.3294799656039775,6562.779785326087,2.5244519129673293,47.050904034159345,19307.262642922113,150.2529700816414,13.982695898114846,0.31210637238004846,4861.319336077329,2.527689561839729,63.60700844919414,0.0,0.0,nan,nan,4340.46,1.0,20.94654063936261,0.0,0.0,nan,nan,4101.73,1.0,22.16567686891332,0.0,0.0,nan,nan,3970.08,1.0,22.900702702093618,0.0,0.0,nan,nan,3889.06,1.0,23.37778840736009,0.0,0.0,nan,nan,3835.4,1.0,23.704860453545347,0.0,0.0,nan,nan,4363.21,1.0,20.83732430562082,0.0,0.0,nan,nan,3868.75,1.0,23.500516131444996,724.9745758790574,4305.4397746184895,0.3885601999374763,4.405549987741821,6583.346173950802,0.4999617834394905,nan,0.0,0.0,nan,nan,6548.220466296344,9.99923566878981,193.93267853817915,8579.002092396851,741.8949272832222,10.330092392231034,1.670895255882884,6716.468301707932,2.576361858340063,46.99785839071798,5327.662912173912,880.3300820270399,5.87767772879135,1.8126450824167801,6730.947355523652,2.0299250129624533,36.03992996669138,0.0,0.0,nan,nan,3426.0,1.0,26.53754284399528,0.0,0.0,nan,nan,3760.0,1.0,24.18021855944889,2885.2466017731035,305.3339677390868,1.8727091207556021,0.6073459149693797,4680.691199806337,6.989454382248732,188.94900146607304,2245.126005042125,458.4834435152394,2.3122969787040275,1.0266127140973484,5875.636141828898,2.726978945757209,57.10703543147437
135d08m58pt72285054s20d54m01pt88874269s,135.14964523626062,20.900524650747624,0.08155114982747724,31.714126786789254,0,0,0,nan,nan,nan,nan,5.126458567872937,0.1022217836775417,43.532086557520365,10.319832286993824,nan,BLANK,27466.893313240067,145.4676386132956,47.37727013177213,0.6853525397083962,5006.836823755231,2.582611252868995,63.21051341603255,9370.40504156656,144.86855615300206,15.700689412129512,0.6734979515337068,4958.879890382454,2.7578133193835273,68.48264268005327,0.0,0.0,nan,nan,3726.03,1.0,24.400668213494743,0.0,0.0,nan,nan,3728.82,1.0,24.382410999599827,19018.028344774266,205.41814081339814,51.41711976459656,1.063775186024668,6562.7308582734995,2.4128783329636234,44.79382414495813,7185.72048658751,137.57330763598574,14.086319559297342,0.7735434269809641,4861.227343422806,2.455470997501558,61.63633424172505,0.0,0.0,nan,nan,4340.46,1.0,20.94654063936261,0.0,0.0,nan,nan,4101.73,1.0,22.16567686891332,0.0,0.0,nan,nan,3970.08,1.0,22.900702702093618,0.0,0.0,nan,nan,3889.06,1.0,23.37778840736009,0.0,0.0,nan,nan,3835.4,1.0,23.704860453545347,0.0,0.0,nan,nan,4363.21,1.0,20.83732430562082,0.0,0.0,nan,nan,3868.75,1.0,23.500516131444996,0.0,0.0,nan,nan,6583.041588363161,0.4999617834394905,nan,0.0,0.0,nan,nan,6547.769978488443,9.99923566878981,193.93267853817915,2027.7287482488268,241.88973746977803,6.258202238771122,1.3964037873176698,6716.246678106038,2.2022342360743377,39.57846053483619,0.0,125.82693336749298,nan,nan,6730.82,1.0,13.507659064352907,0.0,0.0,nan,nan,3426.0,1.0,26.53754284399528,0.0,0.0,nan,nan,3760.0,1.0,24.18021855944889,0.0,0.0,nan,nan,4685.556049231704,6.622095340301157,178.91458283555187,981.7334752179711,164.22210579703423,2.7960731692731735,1.0168927132546444,5875.544208049868,1.833364941760612,36.714958684879434
135d09m16pt70598875s20d53m56pt48859839s,135.15464055243186,20.899024610664153,0.22901792673583943,29.562631816418286,0,0,0,nan,nan,nan,nan,3.6165965627176786,0.1038369462792718,66.0984422290164,12.169357185477601,nan,BLANK,12891.434756996425,105.07574237184639,29.957692404439353,0.6669548368542627,5006.838874850584,2.3073487170545417,55.90442880552815,4533.954580058914,134.29376902180968,10.746481297437862,0.8831949093011671,4958.811900148667,2.254062736674339,55.00737028839757,0.0,0.0,nan,nan,3726.03,1.0,24.400668213494743,0.0,0.0,nan,nan,3728.82,1.0,24.382410999599827,12686.673731667408,153.37838463382337,51.96859608899871,1.203436138042007,6562.776072654224,2.593620471508475,48.44590309882812,4818.173394480332,130.0531104579251,11.73990778039528,0.9088471715952876,4861.461246152846,2.411261439724757,60.42745605505089,3016.0458631612883,138.7633510878106,5.941052678679072,0.9680666241954606,4340.472572801849,2.22575436850074,61.970994080255686,1158.6861522171082,75172950.21464176,1.5302732184817245,396817.15617240244,4101.105604551481,0.6005326144089776,nan,1926.1259200612703,214.8853311014586,2.5902249812664295,1.2440685605697992,3970.2133076440537,2.1701002578010944,65.86970696949597,0.0,0.0,nan,nan,3889.7487873986342,5.882990666146846,191.21421217731847,0.0,0.0,nan,nan,3835.4,1.0,23.704860453545347,0.0,0.0,nan,nan,4358.965415422446,3.962408091762842,113.79708768885057,10039.095096349385,399.61242029955895,12.1550916176621,2.218413134139496,3867.398320784036,5.263508518977957,171.66931228182224,0.0,0.0,nan,nan,6583.8510369848445,0.4999617834394905,nan,0.0,0.0,nan,nan,6548.4368803533325,9.99923566878981,193.93267853817915,2065.931753787814,189.24413742066747,8.814074871942378,1.5101053985311392,6716.703498790221,2.8273488579302675,51.92391181653211,1194.8742443279536,309.977970394645,5.05462852824313,2.447417924557456,6730.761332105489,2.08450137126615,37.137735222353996,0.0,0.0,nan,nan,3426.0,1.0,26.53754284399528,0.0,0.0,nan,nan,3760.0,1.0,24.18021855944889,0.0,0.0,nan,nan,4685.022443293783,3.609648003476471,96.21249556406858,1071.0952568430375,165.14846538791426,5.567368716356169,1.8667304115195311,5874.499413441748,2.9165955843213167,61.3482931525792
135d08m52pt94267089s20d53m53pt0886783s,135.1480396308023,20.898080188417477,0.08084762004280721,24.687222832949594,0,0,0,nan,nan,nan,nan,2.2204610980830406,0.09022434450689369,50.656790673232805,13.034266364248415,nan,BLANK,8452.960747939926,167.43156828775656,11.786014847116176,0.6376509708429107,5006.833948132245,2.823530165215635,69.55325832579085,3536.387458937847,137.44508109162487,5.496788666938845,0.5926059005601854,4959.673816341196,3.5756076744479515,90.020307805324,0.0,0.0,nan,nan,3726.03,1.0,24.400668213494743,0.0,0.0,nan,nan,3728.82,1.0,24.382410999599827,13533.839204422167,184.44538039355186,31.764226146894917,0.8291841392736615,6562.772300929258,2.510806919210495,46.77534261248364,5399.485817260373,196.51530266403486,7.8063990617937105,0.814896984916585,4861.328374122224,2.5899473478960022,65.30210820686185,0.0,0.0,nan,nan,4340.46,1.0,20.94654063936261,0.0,0.0,nan,nan,4101.73,1.0,22.16567686891332,0.0,0.0,nan,nan,3970.08,1.0,22.900702702093618,0.0,0.0,nan,nan,3889.06,1.0,23.37778840736009,0.0,0.0,nan,nan,3835.4,1.0,23.704860453545347,0.0,0.0,nan,nan,4363.21,1.0,20.83732430562082,0.0,0.0,nan,nan,3868.75,1.0,23.500516131444996,382.92492866876285,1890.2836308464214,0.5529385939876296,5.2111631342939075,6583.384695623448,0.4999617834394905,nan,0.0,0.0,nan,nan,6547.777483287659,9.99923566878981,193.93267853817915,3148.627350102095,282.7557066993019,8.077974568681919,1.3568694341589826,6716.3751814445,2.4820730957414834,45.137933474895874,1619.6196813115723,274358687.5466452,3.489747812392843,1103264.842195188,6731.22720552645,0.6851308825755644,nan,0.0,0.0,nan,nan,3426.0,1.0,26.53754284399528,0.0,0.0,nan,nan,3760.0,1.0,24.18021855944889,2573.1469746436433,409.6807086472137,3.236856425180453,1.5779647887918582,4682.967980584916,9.147188076450542,247.80071281391815,1319.3046992422462,448.8165849005588,2.7682281810801124,2.047187605473574,5876.156865551733,2.3380524690523643,48.33601223555577
135d08m53pt3707574s20d53m57pt68868486s,135.14815854372222,20.899357968017405,0.0811254124963745,28.82472882429325,0,0,0,nan,nan,nan,nan,3.6500774319378024,0.2090576960638172,51.7204248877127,12.652092190652297,nan,BLANK,7438.578570496322,135.19811777690362,9.7744005320654,0.4852444357976078,5006.8183173826665,2.936158416861634,72.50566619299364,2914.613162620139,201.20793924177602,3.5614918267094344,0.6821357821786915,4959.0682358547865,2.9872175780569914,74.55553232706447,0.0,0.0,nan,nan,3726.03,1.0,24.400668213494743,0.0,0.0,nan,nan,3728.82,1.0,24.382410999599827,8644.369764650351,194.3236505470232,17.060616923162407,0.7346196898870782,6562.634084007955,2.7619567459857985,51.82918784910683,2836.4307130931243,148.26118615412994,3.781194284599935,0.5669539645973666,4860.962068182073,1.5020277220577838,34.80278165094547,0.0,0.0,nan,nan,4340.46,1.0,20.94654063936261,0.0,0.0,nan,nan,4101.73,1.0,22.16567686891332,0.0,0.0,nan,nan,3970.08,1.0,22.900702702093618,0.0,0.0,nan,nan,3889.06,1.0,23.37778840736009,0.0,0.0,nan,nan,3835.4,1.0,23.704860453545347,0.0,0.0,nan,nan,4363.21,1.0,20.83732430562082,0.0,0.0,nan,nan,3868.75,1.0,23.500516131444996,565.7816326535973,851.950452263997,0.8698084969914074,2.5005414465419618,6583.377610175445,2.4494290483202192,45.39139380194508,0.0,0.0,nan,nan,6545.010082998805,9.99923566878981,193.93267853817915,2095.399483657893,297.69443308083,4.72785801859802,1.2563913076737974,6716.204085697251,2.718892249452019,49.79928607374152,1854.131112909111,321.62446659406874,4.073865690285705,1.318970310430871,6730.616119040773,3.1782519481644513,58.63888991935447,0.0,0.0,nan,nan,3426.0,1.0,26.53754284399528,0.0,0.0,nan,nan,3760.0,1.0,24.18021855944889,1214.7222835084808,1071.135116925912,1.4468957820290689,3.903146509383564,4685.259355317594,9.99923566878981,271.0131455203778,787.2611554882741,314.9835253697577,1.3909017991154469,1.2095577466185563,5876.923770928039,3.765503614661752,80.16696041880407
135d08m55pt0834287s20d53m58pt28870842s,135.14863428574972,20.899524641227718,0.0812259198003138,28.89224530983413,0,0,0,nan,nan,nan,nan,4.038745524127726,0.49515135618282713,36.11197759909004,6.263667165620894,nan,BLANK,4659.228697766688,188.1744990225038,2.854501612109207,0.314893892345406,5006.836400759311,3.0898522730676943,76.52369545519434,1335.2540672886325,189.10377128407555,0.7502669152522793,0.29480924189658936,4958.968645039896,2.3436127405905003,57.42105913906269,0.0,0.0,nan,nan,3726.03,1.0,24.400668213494743,0.0,0.0,nan,nan,3728.82,1.0,24.382410999599827,8408.619864961396,257.38947757588426,7.380658145155086,0.4327638551472024,6562.4273995120275,2.7595946993239884,51.78181916503459,1484.243740845739,169.55656637457582,0.8945971390479257,0.2931480893675052,4861.050054229131,1.9671085573405278,48.143219996703245,0.0,0.0,nan,nan,4340.46,1.0,20.94654063936261,0.0,0.0,nan,nan,4101.73,1.0,22.16567686891332,0.0,0.0,nan,nan,3970.08,1.0,22.900702702093618,0.0,0.0,nan,nan,3889.06,1.0,23.37778840736009,0.0,0.0,nan,nan,3835.4,1.0,23.704860453545347,0.0,0.0,nan,nan,4363.21,1.0,20.83732430562082,0.0,0.0,nan,nan,3868.75,1.0,23.500516131444996,1164.0081638547863,779.8263175105799,0.9167685493070871,1.1726551258697866,6583.030808524048,2.0424209781664335,37.10401131448789,0.0,0.0,nan,nan,6548.720279063967,0.4999617834394905,nan,3014.0214420421967,341.1730385702749,2.8504900572861596,0.6035251824419154,6716.343931528501,2.9808226799805273,54.921456874661025,1295.0354973187061,326.3679011791362,1.2136838417999378,0.5708938678770845,6730.548765005082,1.3178682058882218,21.119776848360345,0.0,0.0,nan,nan,3426.0,1.0,26.53754284399528,0.0,0.0,nan,nan,3760.0,1.0,24.18021855944889,0.0,0.0,nan,nan,4687.134066930554,5.300402662432797,142.7507746263342,1029.1319700949878,178.02841974854334,0.8160178309420104,0.3068389187499658,5876.58378424586,2.312852941864511,47.763443635263044
135d08m57pt65244372s20d53m59pt08873487s,135.1493479010342,20.89974687079747,0.0814370611887496,29.106952064339666,0,0,0,nan,nan,nan,nan,2.098433047098551,0.12118409791575202,32.2473680460259,4.691860742976434,nan,BLANK,7977.077004861493,203.8944859043018,4.785052173634943,0.3340693145247879,5006.829219972885,3.1425902037741853,77.89984738519216,2554.1506042191463,247.67608767276997,1.396034367695989,0.37558289912687226,4959.086066959517,3.2209095874469558,80.71398719847112,0.0,0.0,nan,nan,3726.03,1.0,24.400668213494743,0.0,0.0,nan,nan,3728.82,1.0,24.382410999599827,15607.845492251796,353.69896603932335,13.577760657666923,0.5893993440514955,6562.415204793075,2.8227250999498232,53.046906680406494,5018.615020213247,246.22358205825722,2.763129063765711,0.3888571094588557,4861.096674352904,2.575675060256773,64.91380772583848,0.0,0.0,nan,nan,4340.46,1.0,20.94654063936261,0.0,0.0,nan,nan,4101.73,1.0,22.16567686891332,0.0,0.0,nan,nan,3970.08,1.0,22.900702702093618,0.0,0.0,nan,nan,3889.06,1.0,23.37778840736009,0.0,0.0,nan,nan,3835.4,1.0,23.704860453545347,0.0,0.0,nan,nan,4363.21,1.0,20.83732430562082,0.0,0.0,nan,nan,3868.75,1.0,23.500516131444996,1705.1218014477056,217012.27435378984,1.2156951894949397,295.40818554872675,6583.027944798632,0.9459579208538205,12.304081752815131,0.0,0.0,nan,nan,6548.299198636282,0.4999617834394905,nan,3493.0293892696327,353.39181848662673,3.1365525222083885,0.5935613808840937,6716.170267439249,2.445547542970434,44.41583257279335,2823.918682072575,427.13100356725806,2.549080653669537,0.7196611427175279,6730.37099477294,2.4365070439944843,44.14244765153357,0.0,0.0,nan,nan,3426.0,1.0,26.53754284399528,0.0,0.0,nan,nan,3760.0,1.0,24.18021855944889,169.4596517753154,511620207966.9996,0.08330100938706174,768586042.4799268,4687.955045383609,0.4999617834394905,nan,591.126302997106,235.4461054831457,0.45281139569612533,0.392161869925699,5875.02271426965,2.096695975266338,42.823567874614014
135d08m56pt79607738s20d54m01pt28872719s,135.14911002149546,20.9003579797741,0.0814856701640434,31.42617057923031,0,0,0,nan,nan,nan,nan,3.0868184158087657,0.16875856835194758,29.026075560638777,3.5741082600423772,nan,BLANK,6790.481929084655,182.79422545417071,6.317688836232907,0.46452132353635234,5006.848200013363,2.87683984309556,70.95160954481082,1668.8546129302954,155.06496759628,1.530032234768712,0.3944843015281211,4958.656361153656,1.6317069496825618,37.84019830162184,0.0,0.0,nan,nan,3726.03,1.0,24.400668213494743,0.0,0.0,nan,nan,3728.82,1.0,24.382410999599827,9871.707976747224,210.9528410638118,15.292252681749572,0.6259433587270976,6562.706529484098,2.4621900195920543,45.79247952615208,2740.4710619489265,128.12821594621772,2.7267244111796787,0.3656366036874181,4861.454612225372,2.0283158362323235,49.85467309541434,0.0,0.0,nan,nan,4340.46,1.0,20.94654063936261,0.0,0.0,nan,nan,4101.73,1.0,22.16567686891332,0.0,0.0,nan,nan,3970.08,1.0,22.900702702093618,0.0,0.0,nan,nan,3889.06,1.0,23.37778840736009,0.0,0.0,nan,nan,3835.4,1.0,23.704860453545347,0.0,0.0,nan,nan,4363.21,1.0,20.83732430562082,0.0,0.0,nan,nan,3868.75,1.0,23.500516131444996,227.0414303269723,0.0,0.2693371118686262,0.0,6583.2930440578775,0.4999617834394905,nan,0.0,0.0,nan,nan,6546.922035330895,0.4999617834394905,nan,2425.3282532555054,284.97948471661056,3.828816478690602,0.8415219261331753,6716.185702646966,2.6970426446285116,49.370554879309495,1707.06998472717,266.3081365580751,2.6298014878430056,0.7657566799240215,6730.384103172373,2.0911234067098685,37.27068294415976,0.0,0.0,nan,nan,3426.0,1.0,26.53754284399528,0.0,0.0,nan,nan,3760.0,1.0,24.18021855944889,853.0004911794705,106952861.12544727,0.6569699947895448,251919.49138277836,4686.081936473005,0.6891130655188729,nan,556.4756199194936,151.9141759103405,0.7358135211435223,0.43668004159870394,5876.032966065873,1.6555361622976412,32.50706279642763
135d09m10pt92541051s20d53m36pt88870194s,135.153034836252,20.893580194983375,0.23548597208323163,10.422978199085462,0,0,0,7.536215053575228,0.007485490177783949,nan,nan,1.9115244983302513,0.03986790362453857,106.06084483551126,17.037962746906974,nan,BLANK,18151.680724706894,313.69037279627787,13.775785583085408,0.6502710850733473,5006.789952200077,6.666383265819749,168.57066310884397,6095.674080205836,190.72843924800455,4.69223658831887,0.40739084950883997,4958.630675539924,6.16388278061904,157.22165678651749,0.0,0.0,nan,nan,3726.03,1.0,24.400668213494743,0.0,0.0,nan,nan,3728.82,1.0,24.382410999599827,21666.922258793908,1684.7261585255642,12.874313566226736,1.9170580249584377,6564.0269083778885,4.933117595488376,94.72800366407888,12684.825554730372,181.95372603973178,9.900812632196349,0.40719778163881215,4862.317633343186,5.081307760578819,131.80224288752865,5700.082773811393,218.34123691648577,4.429254222181255,0.600510267381039,4341.797403017977,3.947334464112254,113.94432399387586,5135.030957999325,255.5216545329437,3.990166909431242,0.7930452515665746,4102.3906022905585,3.8366959541352754,117.08518829650355,0.0,0.0,nan,nan,3971.1138810505504,0.4999617834394905,nan,2328.4487550909107,338.3198858216622,2.0435638726938468,1.3424069243112757,3889.7388304737556,2.8546268957187904,90.59440669599226,0.0,0.0,nan,nan,3845.4,9.99923566878981,331.09476865566154,1614.7924088290902,358.328022966534,1.1850098542967022,0.9225550331367425,4360.715135444617,4.033951353914538,115.91733494248452,6849.618158328115,357.5140519962396,6.795217434688393,1.6240070120889964,3869.5137404968646,3.8864052097390345,125.7995319636811,12919.707152666604,2433.056782783609,7.467523851211379,2.6842996819618317,6584.689961490067,4.670125041857599,89.29018631841525,999.4056018082916,1658.8386087175231,0.5946506601186424,1.894824721194597,6548.676233542321,2.392258294739279,44.47563928508474,6978.314705978496,1037.3267560273052,7.590937134057409,2.1100048215209863,6718.254077844229,5.906405507924524,111.1668881112106,5417.168619554003,919.6084158793664,5.424517152484583,1.7183248445306587,6732.252872938783,4.91710297769214,92.05731384568755,0.0,0.0,nan,nan,3426.0,1.0,26.53754284399528,0.0,0.0,nan,nan,3760.0,1.0,24.18021855944889,2758.2034128626287,322.6979273337441,2.1209258245857563,0.7591610614710528,4685.090272558877,8.639449674883686,233.96246922913033,4155.839305601697,742.4799317387714,4.9971601675733375,1.9413286458728485,5874.881768156186,9.99923566878981,216.12712798001303
135d09m14pt56487688s20d53m44pt28864312s,135.15404579913232,20.895635734199505,0.2353525975037054,18.214623684161502,0,0,0,nan,nan,nan,nan,3.5159518357131057,0.17545301171547842,106.30373949846748,20.23716888399856,nan,BLANK,10116.829413987856,262.99245570691204,10.417398808230466,0.7396642981363489,5006.912662824525,6.4484357779479735,162.99700237117122,4291.98563569458,274.346830604313,4.186787273310026,0.7423842795000215,4959.5444170125875,7.800628048062807,199.45762399228255,0.0,0.0,nan,nan,3726.03,1.0,24.400668213494743,0.0,0.0,nan,nan,3728.82,1.0,24.382410999599827,7388.068568621203,646.362021562585,7.047033266110796,1.1808340002303634,6563.181339329654,3.5710041775077177,67.92907797597229,4098.126403019977,173.60473737037486,4.22049775464898,0.5127522237995857,4861.594544075505,3.8025561312790845,97.88074524907049,3121.461574584238,216.93825186628553,3.5591686963949005,0.8756462700636881,4341.469459506084,5.50948942622909,160.28934480690683,828.2449665610236,146.85953522398907,0.918469360183631,0.6508840834431598,4101.23282031608,1.65043742759335,46.390817089140725,0.0,0.0,nan,nan,3969.166034144695,8.901406125189752,284.560948567684,1274.093670312948,167.895114176205,1.7964601399079454,1.0701382117762828,3889.92150470915,1.4012491709399186,39.73683686609257,0.0,0.0,nan,nan,3825.4,9.99923566878981,331.09476865566154,0.0,0.0,nan,nan,4361.815966712454,1.795484257051697,48.24333813014841,0.0,74.5057005276358,nan,nan,3868.75,1.0,23.500516131444996,5474.962787059952,843.6160798057089,5.298311915575621,1.5585644477172143,6583.688514353402,3.577722406501537,67.84848986439633,1254.3373799194783,784.0106372003916,1.271210090481953,1.5254270358195565,6548.364116854211,2.9289220336502355,55.295176600820085,4368.114563016924,1667.8226684620809,6.9696096985264875,4.970509102329734,6725.7327233654,9.99923566878981,189.07053077254085,2753.084400131014,473.27171631982714,4.094961454489156,1.313834014965843,6730.924911516329,4.498459149331592,84.04967727448991,0.0,0.0,nan,nan,3426.0,1.0,26.53754284399528,0.0,0.0,nan,nan,3760.0,1.0,24.18021855944889,2573.538976365352,410.28342477146475,2.7367403759249638,1.334454341268851,4685.819433750552,9.99923566878981,271.0131455203778,3551.9363941739084,778.0913419843179,5.916156159421866,2.8176647430408206,5875.5907358277045,9.99923566878981,216.12712798001303
135d09m09pt85504789s20d53m38pt48871516s,135.1527375133014,20.894024643099215,0.23562280696017268,10.746935985953895,0,0,0,nan,nan,nan,nan,2.654757230247637,0.0436617742627286,116.88039811711427,19.519166251289406,nan,BLANK,29926.719844983916,236.2116507929588,18.443026515383043,0.3976156977679285,5006.822645336185,7.8122080111624,197.8438727448241,11553.881140523454,272.97429443256317,7.0708092849834925,0.4634701265075499,4959.178901196483,8.64964942758255,221.3341385630556,0.0,0.0,nan,nan,3726.03,1.0,24.400668213494743,0.0,0.0,nan,nan,3728.82,1.0,24.382410999599827,22848.62899206172,1993.9180458337596,10.382104029629543,1.7349685281064329,6564.316105113895,5.233478129464427,100.61071721099324,15625.007255988543,218.05548925801406,9.479611279836401,0.37928183287790407,4862.5380916866225,5.243974280147202,136.1019253046956,8016.780367604704,188.23668349186448,4.95985809952053,0.41220678968654,4341.766025588885,3.7245599281671917,107.29842780324155,5446.426685433526,323.41242475939134,3.4173300224422074,0.8101692231790601,4103.14696208108,6.289036444910262,193.9871815103824,266.7729235017403,4592280710931.131,0.19741757209273772,14629892566.564644,3970.2758610308556,0.4999617834394905,nan,2254.004853439819,288.47131122464606,1.5317056934957047,0.8863267161209332,3889.607550435625,1.6412586731641092,48.59566511604474,0.0,0.0,nan,nan,3825.4,9.99923566878981,331.09476865566154,0.0,0.0,nan,nan,4359.990971193847,9.529030961156398,277.2877152939155,8880.440516731906,406.8922849449893,6.670478016068917,1.4003477312672383,3868.5094317672783,4.155217359147628,134.7827576099979,15960.894890923115,2732.8235392353076,7.365127442315577,2.4069680654452683,6584.9681650258435,5.0403098359272684,96.52448008256789,862.4356720602135,1886.1377201513,0.4095167859985315,1.7188908519162471,6550.326470597308,2.6450183470571673,49.59205387954103,12142.50137560275,2880.9668126536862,9.698332571648647,4.301449907467491,6720.3322717993815,9.99923566878981,189.07053077254085,6441.152853715571,1197.9242647005956,4.527060897204061,1.5710195681091408,6732.470485067218,5.453928507421798,102.30516232561439,0.0,0.0,nan,nan,3426.0,1.0,26.53754284399528,0.0,0.0,nan,nan,3760.0,1.0,24.18021855944889,1000.2198384926551,153.21537555234693,0.5734773129560353,0.2686979018899667,4685.674069949999,2.6453195215502956,69.31139310688592,4237.84088404737,622.9731518031531,3.7582448251342373,1.2012403609954223,5875.202571125801,9.99923566878981,216.12712798001303
