object_id,ra,dec,z,angdisp,foreground,cluster_member,lensed,Z_dir,Z_dir_e,Z_j19,Z_j19_e,R23,R23_e,mean_vel_disp,sterr_vel_disp,zcluster,name,oiii5007_flux,oiii5007_flux_err,oiii5007_ew,oiii5007_ew_err,oiii5007_centroid,oiii5007_fwhm,oiii5007_vel_disp,oiii4959_flux,oiii4959_flux_err,oiii4959_ew,oiii4959_ew_err,oiii4959_centroid,oiii4959_fwhm,oiii4959_vel_disp,oii3726_flux,oii3726_flux_err,oii3726_ew,oii3726_ew_err,oii3726_centroid,oii3726_fwhm,oii3726_vel_disp,oii3729_flux,oii3729_flux_err,oii3729_ew,oii3729_ew_err,oii3729_centroid,oii3729_fwhm,oii3729_vel_disp,halpha_flux,halpha_flux_err,halpha_ew,halpha_ew_err,halpha_centroid,halpha_fwhm,halpha_vel_disp,hbeta_flux,hbeta_flux_err,hbeta_ew,hbeta_ew_err,hbeta_centroid,hbeta_fwhm,hbeta_vel_disp,hgamma_flux,hgamma_flux_err,hgamma_ew,hgamma_ew_err,hgamma_centroid,hgamma_fwhm,hgamma_vel_disp,hdelta_flux,hdelta_flux_err,hdelta_ew,hdelta_ew_err,hdelta_centroid,hdelta_fwhm,hdelta_vel_disp,hepsilon_flux,hepsilon_flux_err,hepsilon_ew,hepsilon_ew_err,hepsilon_centroid,hepsilon_fwhm,hepsilon_vel_disp,hzeta_flux,hzeta_flux_err,hzeta_ew,hzeta_ew_err,hzeta_centroid,hzeta_fwhm,hzeta_vel_disp,heta_flux,heta_flux_err,heta_ew,heta_ew_err,heta_centroid,heta_fwhm,heta_vel_disp,oiii4363_flux,oiii4363_flux_err,oiii4363_ew,oiii4363_ew_err,oiii4363_centroid,oiii4363_fwhm,oiii4363_vel_disp,neiii_flux,neiii_flux_err,neiii_ew,neiii_ew_err,neiii_centroid,neiii_fwhm,neiii_vel_disp,nii6583_flux,nii6583_flux_err,nii6583_ew,nii6583_ew_err,nii6583_centroid,nii6583_fwhm,nii6583_vel_disp,nii6548_flux,nii6548_flux_err,nii6548_ew,nii6548_ew_err,nii6548_centroid,nii6548_fwhm,nii6548_vel_disp,sii6716_flux,sii6716_flux_err,sii6716_ew,sii6716_ew_err,sii6716_centroid,sii6716_fwhm,sii6716_vel_disp,sii6731_flux,sii6731_flux_err,sii6731_ew,sii6731_ew_err,sii6731_centroid,sii6731_fwhm,sii6731_vel_disp,nev3426_flux,nev3426_flux_err,nev3426_ew,nev3426_ew_err,nev3426_centroid,nev3426_fwhm,nev3426_vel_disp,fevii3760_flux,fevii3760_flux_err,fevii3760_ew,fevii3760_ew_err,fevii3760_centroid,fevii3760_fwhm,fevii3760_vel_disp,heii4686_flux,heii4686_flux_err,heii4686_ew,heii4686_ew_err,heii4686_centroid,heii4686_fwhm,heii4686_vel_disp,hei5876_flux,hei5876_flux_err,hei5876_ew,hei5876_ew_err,hei5876_centroid,hei5876_fwhm,hei5876_vel_disp,flux_HST_F435W,flux_HST_F606W,flux_HST_F814W,flux_Spitzer_I1_3.6,flux_Spitzer_I2_4.5
0d47m32pt175s-6d05m30pt586s,0.7922708333333333,-6.0918294444444445,0.22446931972086026,21.365298321343804,0,1,0,nan,nan,nan,nan,2.8116123150000125,0.12316194864166125,77.57405562296728,19.81651530144908,0.232,a2697,6362.788986019171,116.68381817352665,12.591940432369901,0.6307317828532486,5006.824002805668,2.2687033561460854,54.87228939310504,2085.405759243036,92.94423394888827,3.7326415923420884,0.4616176554102517,4958.654409952975,2.2040895195204637,53.65603726162177,0.0,0.0,nan,nan,3726.03,1.0,24.400668213494743,0.0,0.0,nan,nan,3728.82,1.0,24.382410999599827,5889.1157796685575,141.58628320614724,19.538480003285624,0.8997477157033152,6562.87407686711,2.21862761525735,40.84028834141955,3004.750939591104,120.45476241828455,5.393862548975504,0.620171774761167,4861.40337711292,2.285546184338905,56.97826504454364,1093.8301749217612,111.47447916406995,1.7633334367883382,0.6363978039927326,4340.650912160729,2.0435672118605797,56.313785342574114,706.7724973949751,104.86493616369195,1.058994561556572,0.62753804801252,4102.50323721998,1.4207865834357394,38.374942742187734,908.537603935894,124.43776752313794,1.395615529410512,0.8225180404345862,3971.047466998948,2.568152853515384,79.23573754432674,2499.271395464334,731.696343336173,3.3318707030737476,4.42523288259405,3884.2351659816354,9.99923566878981,326.52642944617054,0.0,0.0,nan,nan,3835.4,1.0,23.704860453545347,818.504181901079,21176677.1958435,1.2384356037723523,112258.84619809609,4363.679236945411,0.6207593383870463,nan,0.0,0.0,nan,nan,3858.75,9.99923566878981,328.2406140748108,78.04687728594136,795.3603706417058,0.1920827149353491,3.7366063520392045,6584.313586129654,0.4999617834394905,nan,0.0,0.0,nan,nan,6546.043057760952,7.747134551478258,150.00715683587984,1614.7691675993804,131.62416495321742,5.527640837212892,0.842763453984749,6716.4482834455,2.9525378129051782,54.369738586278324,781.313187568151,187.75912775943004,2.4522363303158863,1.09985544349378,6730.960024555424,2.948194371485827,54.169012061700656,0.0,0.0,nan,nan,3426.0,1.0,26.53754284399528,0.0,0.0,nan,nan,3760.0,1.0,24.18021855944889,571.0550757034432,98.76433266903119,0.9336253046448784,0.4937631895661775,4686.376647947624,1.5379915591575248,37.20826307780595,1163.8039184576105,154.9677929584038,2.9927192100510966,0.866652448119044,5874.151286269798,8.109497996594506,175.05690725980423,-999.0,3.4003360620502234,4.710827320376643,0.17654110163492048,0.0740792465912797
0d47m35pt895s-6d05m45pt616s,0.7933041666666666,-6.096004444444445,0.4171300625171268,23.503009517081964,0,0,0,8.769434614379257,0.005302351166699796,8.775329364055633,0.002490171821416462,8.044968083273025,0.41117388155361145,96.70322419015832,22.853351319464224,0.232,a2697,11241.277265827432,56.59734976301956,280.516391884786,3.857673853020273,5006.839084639678,1.8612553173180164,43.85201561171645,4060.43167869229,65.97169842834694,99.47211699588128,4.484194431910959,4958.9088857014685,1.9539557468554143,46.83437146297198,1227.0092039192944,174.11784214695822,6.998127160789378,5.001599445652909,3726.264110442177,1.7314640347655226,54.11000840789738,1072.1633950722967,148.90328461568996,6.127426726544648,4.2773019502570415,3729.1781977122605,1.7314640347655226,54.06952189381034,4217.348179790714,168.73371007703503,101.32374925156527,7.7649585613490775,6562.7787176872735,2.1180158998393086,38.77806009318091,2187.812476236767,107.58949892467416,43.853579870458326,6.185116258358759,4861.493123721483,1.8614111775786863,45.169005292427194,1378.5272190946382,91.34119851769846,32.02570783841526,7.514232357133037,4340.818597896786,2.3607550506925907,66.12935685653686,1318.9770709879954,98.18888746417116,12.491235033396082,3.715484490343308,4101.701361528274,3.1949650153338487,96.75644884001943,368.0086557927496,10211784.785675453,3.000213611255977,357972.5441465321,3972.2793746365983,0.5171138264282209,nan,0.0,51.589647615759084,nan,nan,3889.06,1.0,23.37778840736009,1953.2784956583153,191.32279037879158,155.80748657264377,71.56250820597172,3832.3848682712537,6.884273031713467,227.32836171483774,516.0793716243148,76.24628808897309,6.547099137055848,3.389275375077046,4363.452759793805,1.1825162953882133,27.808798641209172,1015.1905687026045,94.56551526935229,13.17034647399423,5.619706619499626,3868.8830195741825,1.7482943908405366,52.71882988288291,0.0,0.0,nan,nan,6582.8830763053475,5.267932255735621,100.96740791117448,0.0,0.0,nan,nan,6548.72083089888,9.99923566878981,193.93267853817915,0.0,0.0,nan,nan,6716.44,1.0,13.536579167464883,0.0,0.0,nan,nan,6730.82,1.0,13.507659064352907,2564.0215910798265,322.1925650040063,49.063478930102725,39.22920528948127,3426.443574021458,9.99923566878981,370.65991701749095,0.0,0.0,nan,nan,3762.7038215290904,9.99923566878981,337.7342754526394,0.0,0.0,nan,nan,4686.95535495369,9.99923566878981,271.0131455203778,255.80347578149093,172.15832330638412,4.262269985984382,6.237766392636465,5874.700625676206,2.3755416932076985,49.18670240695292,-999.0,-0.8633398692744606,-1.4487304148933275,-999.0,0.1916287011461565
0d47m43pt575s-6d05m04pt384s,0.7954374999999999,-6.084551111111111,0.8000350448050766,27.562286704118616,0,0,0,8.132766017447196,0.0,7.875307741873607,0.005751746723574991,6.98271032025973,0.6966293772841116,45.10146333288366,11.245513877356288,0.232,a2697,4086.6915825273877,138.24534017502964,62.12650653759385,5.740417925970567,5006.831154980506,1.873090930162101,44.176638995741264,1804.4678819335386,134.81781102492016,44.163391468423576,9.154676691738295,4959.014088341578,2.053789488473105,49.56985977851961,1756.447490254632,66.34342455987047,10.60875099612024,2.0184224533275996,3726.087849074511,1.3026864913393574,37.53780245316292,2865.3897928960373,90.58249468585991,17.337424078707592,2.7558683074518178,3728.633828867244,1.3026864913393574,37.50971569412271,0.0,0.0,nan,nan,6562.8,1.0,13.853480493619768,1505.5753805379904,146.7576727431479,18.307827208809833,5.118693609797137,4861.222634475485,1.9683178603231282,48.177106341603555,693.78965143607,323952.81333755236,15.914405658278406,26317.236345969857,4340.517182651139,0.5002724464205979,nan,416.3459926844606,126.94997284182764,5.126411614462073,6.245815311174422,4101.648590233728,2.340290743375851,69.31287057190774,344.13610292500283,84.87228438823023,3.442730225111916,3.656890380768397,3969.4800492652284,4.096041690350039,129.41711138374868,165.5997544547211,0.0,1.5818974087004658,0.0,3888.091515357724,0.4999617834394905,nan,374.01517431598285,89.525059380758,3.4827343925040855,3.9025988218399243,3834.9286106201234,2.649987527779549,84.83788378930859,987.6345989535487,394587.2328431947,11.043952257672988,15465.45639648461,4362.7772604532065,0.4999617834394905,nan,660.6948863675191,59.676719962879496,7.22096439348461,2.9876773800163687,3868.8711243937273,1.1516148358401745,30.092047497757438,0.0,0.0,nan,nan,6583.45,1.0,13.810026928666252,0.0,0.0,nan,nan,6548.05,1.0,13.88468655302385,0.0,0.0,nan,nan,6716.44,1.0,13.536579167464883,0.0,0.0,nan,nan,6730.82,1.0,13.507659064352907,557.9995015833667,62.89742353162615,5.758231780702123,4.129175156656294,3426.6613137299523,1.3443483001543561,42.64944741161652,268.98229167581775,32.73145988257688,2.4950331145075357,1.492716514396865,3761.2069460329226,1.007559103309505,24.537329753802346,0.0,0.0,nan,nan,4689.244114269337,8.132682346366225,220.14531387112743,0.0,0.0,nan,nan,5875.62,1.0,15.473706908126772,-999.0,-0.02312480539900013,-0.09519050650678738,0.1911821736094253,0.05575022169939943
0d47m45pt105s-6d05m37pt659s,0.7958624999999999,-6.093794166666666,0.6042435040270533,11.332934719656217,0,0,0,nan,nan,nan,nan,nan,nan,66.24283857765047,21.63344127899962,0.232,a2697,1996.235449421168,121.1279879065033,8.662719685573647,1.4357360956522844,5006.833451984068,1.853350824745123,43.63502468471149,0.0,0.0,nan,nan,4959.7478428676395,2.6889231220967544,66.65252545594939,721.9302468692663,255.8890547021762,2.6151075321334125,4.66994390436292,3725.8224142594536,0.4999617834394905,nan,0.0,47.41173430983759,nan,nan,3728.82,1.0,24.382410999599827,0.0,0.0,nan,nan,6562.8,1.0,13.853480493619768,0.0,0.0,nan,nan,4861.865812973785,3.5879348690656916,92.15643436023879,242.64036352238372,80.12694097236817,1.8171045257428349,2.124952576979524,4340.7238678132635,1.032158861558786,22.248155037862098,435.9860095293408,62.362659802670045,1.937996410174311,1.1075796812272598,4101.765073007157,1.7748604985260228,50.62293524806083,0.0,54.27761072409779,nan,nan,3970.08,1.0,22.900702702093618,0.0,0.0,nan,nan,3886.5630954713583,9.43179214305453,307.9024649371704,0.0,0.0,nan,nan,3838.147167220545,9.487277318874826,314.0570490496776,105.11443353830246,117.57966688581776,0.6684691671358574,2.6194845948416186,4363.906401542224,0.4999617834394905,nan,139.0554660469168,73985474.17183314,0.35192921693768264,857306.5743892181,3869.6423390950113,0.4999617834394905,nan,0.0,0.0,nan,nan,6583.45,1.0,13.810026928666252,0.0,0.0,nan,nan,6548.05,1.0,13.88468655302385,0.0,0.0,nan,nan,6716.44,1.0,13.536579167464883,0.0,0.0,nan,nan,6730.82,1.0,13.507659064352907,793.4663464113187,62.55523741043013,1.469241080400787,0.7382108372224414,3424.6047669550717,1.0133845950479656,27.22963822432343,0.0,0.0,nan,nan,3762.7712032557024,7.268966746564565,244.97663956133331,430.2102039623683,60.69701625990107,2.33689092985972,1.0085763800120677,4685.418940151276,1.1278290269240956,24.026652176734665,0.0,0.0,nan,nan,5875.62,1.0,15.473706908126772,-999.0,-0.0833306789209784,-0.9605840066934793,-0.08302337622866646,-0.23773999439396729
0d47m46pt41s-6d05m01pt731s,0.7962249999999998,-6.0838141666666665,0.813730341991405,29.234392149658305,0,0,0,nan,nan,7.995054837583766,0.005742774737297959,7.657246782344966,1.2710694233796889,47.74267136982182,15.686974371211788,0.232,a2697,2631.1753853074147,126.41843917172314,161.06592596676776,21.137357541580972,5006.842178496315,2.003571712900292,47.73486257063124,648.1729577339107,87.71897925227861,7.289559336587664,2.736740894388615,4959.380628059953,1.5038472363619615,34.17073007166657,1384.470730149666,69.78828444063166,7.843174601487567,1.991732076137701,3725.905951911926,1.4751623977721935,44.36687333976902,1586.994935203225,72.12239595962903,9.00809924562495,2.0583467639600443,3728.708276172414,1.4751623977721935,44.33367689246988,0.0,0.0,nan,nan,6562.8,1.0,13.853480493619768,816.3265709035902,133.3659143771464,16.707999602099157,7.829416748854983,4861.222489373825,1.755217878314025,42.152560955104285,88.27133415263357,143.99896199083807,0.6964808124396319,4.024429999412321,4340.224478071667,0.4999617834394905,nan,0.0,0.0,nan,nan,4101.47128023074,1.9053089619815902,55.00152350500359,0.0,0.0,nan,nan,3973.5105427157696,2.6150198117635757,80.79666229839106,353.91373032235066,53.7527878514079,3.5657043909267205,2.451153459342482,3887.9462374083014,1.138799051652348,29.40480550514024,119.73694845218827,1551.241045957657,0.7938063175650303,48.161863884413805,3834.3620877858802,0.4999617834394905,nan,1179.3675011802975,105.31994407298323,14.146615243730414,4.429185504412305,4362.188445002607,2.2025532392427385,60.93430958136255,351.59875398275443,55.57004799706897,2.7962202792294293,2.026189071625547,3867.4878144882928,1.0135581206830682,24.121302699884023,0.0,0.0,nan,nan,6583.45,1.0,13.810026928666252,0.0,0.0,nan,nan,6548.05,1.0,13.88468655302385,0.0,0.0,nan,nan,6716.44,1.0,13.536579167464883,0.0,0.0,nan,nan,6730.82,1.0,13.507659064352907,180.86782661961004,91.15529682547465,0.6452827693731175,2.0638926558161015,3429.468324170293,0.4999617834394905,nan,2096.274446785904,572.8642945891555,31.753256146883956,42.58925792060859,3763.7462531055044,9.99923566878981,337.7342754526394,0.0,0.0,nan,nan,4687.534783216456,2.6710370355803037,70.0357054091201,0.0,0.0,nan,nan,5875.62,1.0,15.473706908126772,-999.0,0.9793916507898521,2.3053820180429034,2.2551211294622164,3.0376241379467794
0d47m48pt18s-6d05m28pt496s,0.7967166666666666,-6.091248888888889,0.6364947128440614,5.584921070167412,0,0,0,10.061163784579014,0.00048685353479466524,8.194251275508693,0.00026784729636282966,8.990946442706022,0.29138746715829633,53.594911959876356,16.034354053471862,0.232,a2697,18725.16152186058,64.03206183763875,17.304290662570942,0.16162638258529516,5006.841151089399,1.7144040304620602,39.793278599292925,6239.756444842583,82.70947041297038,5.967412980688489,0.2194669558308716,4958.923989601534,1.7910054033867,42.32310659015777,4474.784146615972,120.00317906212011,2.631673413760552,0.35551011880737227,3726.040999470925,1.7163636432493705,53.54542113426375,6433.04875045251,148.17388680827275,3.790888513824743,0.4389660050263382,3728.8923007615986,1.7163636432493705,53.50535705904301,0.0,0.0,nan,nan,6562.8,1.0,13.853480493619768,3989.8748248994084,127.02525204617551,4.12814678252546,0.37695168060009854,4861.382706720551,1.8763883994195423,45.59202791509586,2331.678897950266,67.5301532768227,1.9013951858843625,0.1950366379277287,4340.42440464379,1.8432593133601098,50.014383099296964,1120.0264520332587,51.36869980155942,0.8390632996085035,0.1537796731390585,4101.494141946715,1.6088268848821512,44.96060826583902,191.0313583652423,152.62918339917786,0.14402675645819862,0.49586762558790565,3968.639112631551,0.4999617834394905,nan,0.0,0.0,nan,nan,3888.5239294608227,7.747323409537682,252.57478815320948,151.0317502470045,110.28451954768296,0.10593747372886879,0.36213992869561445,3834.9202958625597,1.3327169736426205,37.643978304345865,264.7458274305654,0.0,0.20557066141342714,0.0,4363.481758102811,0.4999617834394905,nan,1785.473559267852,117.78194744489902,1.3142087694621496,0.39713047271790525,3868.838227666342,1.4926601785056595,43.38319147046445,0.0,0.0,nan,nan,6583.45,1.0,13.810026928666252,0.0,0.0,nan,nan,6548.05,1.0,13.88468655302385,0.0,0.0,nan,nan,6716.44,1.0,13.536579167464883,0.0,0.0,nan,nan,6730.82,1.0,13.507659064352907,614.6195139755444,87.21338213136028,0.31450416248679236,0.28377824595120305,3427.1890250542015,1.6004572380584585,53.482813970885836,248.87926248447965,92.88159783240977,0.14834972930016682,0.27267757926423836,3758.6342648693376,0.4999617834394905,nan,1134.3433091770833,393.69893553057204,1.1446415375188541,1.2127426981282334,4690.846629703101,9.99923566878981,271.0131455203778,0.0,0.0,nan,nan,5875.62,1.0,15.473706908126772,-999.0,6.267504186686932,14.977900372148106,2.7246724830375895,2.797756985275839
0d47m51pt42s-6d05m58pt798s,0.7976166666666666,-6.099666111111111,0.1835258189765272,28.79174331922129,0,0,0,nan,nan,nan,nan,14.399822389411446,2.470632870389893,65.64599949613418,14.464535738456231,0.232,a2697,12585.963140492424,262.9888212242434,115.73440489835518,6.605488699724746,5006.804804520119,3.5312070295515303,88.00700010733269,2182.5233403800416,418.52313175677136,28.942393005895802,15.42269052864487,4954.275502069332,7.28387452296592,186.1334284106587,0.0,0.0,nan,nan,3726.03,1.0,24.400668213494743,0.0,0.0,nan,nan,3728.82,1.0,24.382410999599827,0.0,0.0,nan,nan,6562.8742142952315,5.019955538366195,96.42946882686597,1025.6019887948137,172.58594285740088,94.23880599483485,45.45824811583469,4862.989510191877,4.263144993271485,110.12935731801643,0.0,50.187422369265214,nan,nan,4340.46,1.0,20.94654063936261,284.0847914175487,0.0,7.51082989349276,0.0,4102.15399789962,0.4999617834394905,nan,0.0,0.0,nan,nan,3970.08,1.0,22.900702702093618,0.0,0.0,nan,nan,3889.06,1.0,23.37778840736009,0.0,0.0,nan,nan,3835.4,1.0,23.704860453545347,0.0,0.0,nan,nan,4364.301024901018,3.9358337643590935,113.00922360985864,0.0,0.0,nan,nan,3868.75,1.0,23.500516131444996,1226.070862132616,314.13032520558636,24.28044347798309,11.876429094309884,6583.522416052678,4.800471223830462,91.83881473048746,0.0,0.0,nan,nan,6548.970700103971,2.169385525803142,39.9220948661871,0.0,0.0,nan,nan,6717.421826429205,2.3483433613776614,42.48930457786489,0.0,0.0,nan,nan,6729.6657791035805,6.680506763776372,125.66290250082312,0.0,0.0,nan,nan,3426.0,1.0,26.53754284399528,0.0,0.0,nan,nan,3760.0,1.0,24.18021855944889,3812.783677274457,921.2045821461674,25.65973310881737,18.942485733117636,4688.494910478177,9.99923566878981,271.0131455203778,0.0,0.0,nan,nan,5878.98322388429,0.4999617834394905,nan,-999.0,0.6829603273806598,0.6987947381688457,-0.014776386883914932,-0.01787500804183758
0d47m51pt495s-6d05m03pt982s,0.7976375,-6.0844394444444445,0.6467146874470218,26.18154992279784,0,0,0,nan,nan,8.060864177258928,0.0001492331932939531,10.91301189152032,1.1731763627518896,60.184304290617774,14.844705358712178,0.232,a2697,1899.3412168314305,81.90258848278023,19.447646502214656,2.2905887623207017,5006.848980267367,1.8063624352625893,42.34185815471693,825.0401368729658,87.56990219473093,6.302557568052595,1.856084483812266,4958.884461237545,2.7115616250898973,67.25429645116759,2749.3927506973005,130.47746313067603,18.252379148242582,4.363844404350364,3725.870478933628,2.1490373533460416,69.42333835003042,3070.0545394987853,134.96867513403424,20.42531041152999,4.51405387270872,3728.971120665347,2.1490373533460416,69.3713940046352,0.0,0.0,nan,nan,6562.8,1.0,13.853480493619768,782.9028987441355,81.65146045510791,8.676129107015486,2.5952112906261915,4861.442744540267,1.3777744930725857,31.07775878093118,383.8978031619085,47.06811047705833,3.325756818790356,1.4443034464683433,4340.218246286743,0.9645722797160269,19.464834674574604,599.7745322107976,56.85603960992227,5.502754385051057,2.0842455033647584,4101.721769384525,1.7323075823081577,49.18239972880674,75.15299892628886,102.17361236471497,0.5308980702213921,3.108816484436093,3969.4092459868743,0.4999617834394905,nan,558.5208660768861,69.00005553393744,3.8990669044830173,2.1776309006984964,3889.8184036685793,1.5168089958413822,44.049677089198475,0.0,0.0,nan,nan,3836.086596471654,5.020793458854097,165.02973512821902,0.0,0.0,nan,nan,4364.216153009728,7.1823373958964325,208.5692065740676,0.0,0.0,nan,nan,3869.2317446785146,7.262581772772349,237.8792876122895,0.0,0.0,nan,nan,6583.45,1.0,13.810026928666252,0.0,0.0,nan,nan,6548.05,1.0,13.88468655302385,0.0,0.0,nan,nan,6716.44,1.0,13.536579167464883,0.0,0.0,nan,nan,6730.82,1.0,13.507659064352907,0.0,40.96517119234264,nan,nan,3426.0,1.0,26.53754284399528,0.0,0.0,nan,nan,3755.296752609632,0.4999617834394905,nan,0.0,0.0,nan,nan,4685.722113531636,5.551218754562513,149.62292159508644,0.0,0.0,nan,nan,5875.62,1.0,15.473706908126772,-999.0,0.5407496687995993,0.6086601256935475,0.19017539778669254,-0.17816015350108233
10d11m49pt875s-44d08m18pt6s,10.197187499999998,-44.1385,0.3395226012802217,62.67326702320006,0,1,0,9.002853564417594,0.0029070777331024027,8.181569504397821,0.000257582012896687,22.695664716071857,1.086692288248622,146.9016658476335,19.357139910010485,0.363,macs0040m44,61394.79676226664,992.7455614382286,18.470544282638045,0.8157390514953452,5006.993414244516,4.568388184407238,114.78976672626183,20186.1825235035,376.6089714111447,6.033713781918061,0.312304983882083,4959.186003314092,4.416438617111912,111.95000537848554,19291.99508970898,2273.038824519067,7.839809609243638,4.655718743104775,3725.210051404818,4.8574498406028335,164.2358326095306,22519.527095440473,3173.3558990860515,9.171519487150704,6.499780108702276,3728.3547387794347,4.8574498406028335,164.11294709266988,16043.180688307322,1725.1805171664487,4.264173791679405,0.8784292318370858,6561.878896779543,5.725596873171271,110.23623491918545,5436.831351475668,189.7303166494238,1.742020697375184,0.17436355813237558,4861.304952469989,3.538239714641221,90.82913337703448,745.1290093577852,186.67870899509103,0.22866436471949822,0.20280919207648507,4341.35235297045,1.8185490176531105,49.23001123569239,0.0,0.0,nan,nan,4105.746278927672,0.4999617834394905,nan,0.0,0.0,nan,nan,3969.6954099421246,0.4999617834394905,nan,0.0,0.0,nan,nan,3889.4823837561635,6.9166716185517085,225.25783990608704,0.0,0.0,nan,nan,3835.168620682075,7.239958202012844,239.19324431362497,3033.7353352464816,246.59052804430286,0.9313062781681468,0.2653916565497544,4362.257227034571,5.668105646147499,164.11844900844173,9504.089155934764,851.9138400634898,3.1849653093771138,1.3080627821458932,3868.4922702906015,4.038363478433586,130.8800068204554,18363.85219561168,2936.9055927728614,5.619425255164883,1.7165057966653663,6580.725338075055,7.481950392815912,144.05063026221902,67.29032462525157,2683.5228257153976,0.019157780450790196,1.4666675957165063,6548.833437698486,0.4999617834394905,nan,8069.843800991098,1512.4591950969475,3.197412318981453,1.1209446445830609,6716.0450520240765,9.99923566878981,189.07053077254085,6487.997621414878,1928.2589354734512,2.5626703369095685,1.4229475438874586,6724.117971964413,9.99923566878981,188.66659273341497,0.0,0.0,nan,nan,3426.0,1.0,26.53754284399528,0.0,0.0,nan,nan,3759.506213125615,9.99923566878981,337.7342754526394,6570.171442923374,541.3199209898102,1.998749896333447,0.5039379459409791,4684.474750185898,9.99923566878981,271.0131455203778,6854.4823244099725,760.240214609386,2.6466932096716924,0.6385256529961507,5873.273379565171,9.99923566878981,216.12712798001303,-999.0,-999.0,-999.0,14.798543024452911,19.921883368491127
10d12m15pt3s-44d08m14pt824s,10.204249999999998,-44.13745111111111,0.5955161948855836,39.91728761548158,0,0,0,7.649513972388512,0.003417979581824817,7.986651861480264,0.004028292584602074,7.6406679904655395,1.146006025618475,106.57056089505195,21.2372014831877,0.363,macs0040m44,11820.532061877237,251.64685070398264,18.14526021757501,1.0551447386616595,5006.785389176136,5.574369855878273,140.61885688610315,2394.5339557062734,158.87918128109786,3.5360910718283596,0.6512038889097203,4957.867183618239,3.6779782219884054,92.69884217559034,16696.261739914356,4877.916569807625,31.9986805866361,47.08903378120809,3726.1290942508617,4.634707816109768,156.54103272764988,22753.068004355446,6192.057973821167,43.676296110008046,59.77511565269825,3728.4150888786353,4.634707816109768,156.42390465997426,0.0,0.0,nan,nan,6562.8,1.0,13.853480493619768,7023.521481213266,209.493570538994,11.23226360727961,0.9610598294557385,4860.936728181891,5.16014119410423,133.8863245458386,1945.544673407947,152.81643676960576,2.4749527811632803,0.6889773217046657,4338.980266606959,4.51382291014467,130.79333699959903,155.4226076754564,57.54495554993448,0.16560553308970452,0.24516396540587623,4100.415554424592,1.0490556073307866,24.251858622753325,0.0,0.0,nan,nan,3965.8227619163144,1.389314157331956,38.48346721097648,0.0,0.0,nan,nan,3888.8342371390727,0.4999617834394905,nan,0.0,0.0,nan,nan,3832.857786631643,0.4999617834394905,nan,1390.560786703118,202.21502621069456,1.6882078023240195,0.8599485814904582,4364.1128215041535,7.160331502453369,207.92403571187089,3878.1082157398573,174.43321974401445,4.3699549256548655,0.9009438958869541,3867.864277414857,8.021728000121348,262.96647042010085,0.0,0.0,nan,nan,6583.45,1.0,13.810026928666252,0.0,0.0,nan,nan,6548.05,1.0,13.88468655302385,0.0,0.0,nan,nan,6716.44,1.0,13.536579167464883,0.0,0.0,nan,nan,6730.82,1.0,13.507659064352907,2957.1463465009365,171.93003038119488,3.4494877096869656,1.2726166492521975,3429.607338241996,6.168154665808849,227.7277989444747,1478.7008907945717,261.853265899389,1.8983138840839822,1.656034713884614,3758.2902468415664,9.748576093893938,329.22576114904734,0.0,0.0,nan,nan,4684.381091010507,2.0282113592858027,51.720528554971345,0.0,0.0,nan,nan,5885.62,9.99923566878981,216.12712798001303,-999.0,-999.0,-999.0,3.4965496047292106,3.1942398995106633
10d12m40pt95s-44d07m36pt244s,10.211374999999997,-44.126734444444445,0.3100129674661394,11.404008604700051,0,0,0,7.800183526953036,0.028905259852934254,8.009367849967076,5.006227547050084e-05,7.996659575846278,0.1662220994232096,88.16047469450058,20.8839293650235,0.363,macs0040m44,7041.993422188298,89.86941358783317,10.876692568555539,0.3791399420423249,5006.842180858533,2.3146027526470756,56.09797126941661,1710.8554901272455,86.63343573159337,2.5425736756270796,0.3572189930852647,4958.970260344623,1.829571959089801,43.39675169230589,14491.16979366368,256.4327553367682,15.433710407089192,1.375854459975015,3725.9329592836043,2.354845741214614,76.8227823597324,19956.023746974133,330.79826252581347,21.29551606013204,1.7748522970492304,3728.727867546327,2.354845741214614,76.76530155808908,12949.409875529776,249.9683208428543,30.490326665473777,1.1273564598979227,6562.797600318014,2.534742120598681,47.25863320092067,5402.261037025768,98.11558099124686,9.141205710260426,0.4761806008277142,4861.3428282244495,2.141593511477265,53.00419724312771,457.59437552019034,19806.682657018326,0.5288490584648399,81.05683484670695,4340.856319426952,0.4999617834394905,nan,193.49254164839442,2.562878626920963e+35,0.20008798437256467,1.0587621582480638e+33,4102.003710042707,0.4999617834394905,nan,0.0,0.0,nan,nan,3971.019401711265,3.261283986000787,102.14346279632238,333.9674145797615,211.47372500209121,0.32640145971647044,0.9350361867978703,3888.67405202531,0.4999617834394905,nan,0.0,0.0,nan,nan,3835.703525152026,7.351418138040206,242.91013257071853,1724.432502437575,353.2868367480353,2.003291341185609,1.4375288808876625,4364.271790555456,8.753389569824558,254.589210665765,4368.091786185304,391.92264661835236,4.354151907573114,1.7929812569831303,3865.859841662289,9.99923566878981,328.2406140748108,1636.7442588506897,20060849.315604035,2.5530873621990797,59740.714651241695,6583.5038484220695,0.6227972245967703,nan,0.0,0.0,nan,nan,6548.572251350755,0.4999617834394905,nan,3288.5567184532765,298.3097480315351,8.361000263351434,1.418588620671855,6716.518407635656,2.757798194650136,50.562094038609594,2220.9920905977333,370.92829704283014,5.165449634303596,1.6101762920029707,6730.574977598046,2.743127542638686,50.167134680055845,0.0,0.0,nan,nan,3426.0,1.0,26.53754284399528,1009.9654229865039,144.08636970008425,1.122584603561328,0.7897823755965326,3756.78022027529,2.5752664875088143,83.91313583819561,579.4514251365201,70.01490704677231,0.7550122163809846,0.2791899299276284,4684.2891281924,2.068408171195031,52.88265410154376,669.7472098447604,110.03154626957566,1.4528433745523421,0.5188531705558697,5876.293192191616,2.043419583277085,41.59692556740144,-999.0,-999.0,-999.0,0.5076460077043073,0.1446769798761244
10d12m52pt83s-44d08m06pt786s,10.214674999999998,-44.135218333333334,0.18760992576748725,21.437399526634895,1,0,0,nan,nan,nan,nan,4.081422789291807,4.4245066473558685,36.00038912188267,8.387090353466611,0.363,macs0040m44,2625.29064947068,83.13680551022692,1421.7869153671272,122.98084441867384,5006.837740418037,1.8881164591113024,44.5882758407986,804.8907130123656,72.58227319415452,38.558223986109674,9.648219784600798,4958.63856095305,1.4525220530668368,32.67459199318995,0.0,0.0,nan,nan,3726.03,1.0,24.400668213494743,0.0,0.0,nan,nan,3728.82,1.0,24.382410999599827,2627.660783525843,113.55589466174757,173.12433589563696,14.331635486804068,6562.3201502095035,1.753714216539426,31.192287049841056,840.437646274386,910.6833689304881,158.8256352156773,493.6289811089903,4861.261414138116,1.043750843418906,20.275518882988916,600.0095587467279,78.49034759020986,8.861668068187766,4.106509146868061,4340.010095554277,1.079248325418693,24.093913087910355,1422.215995140713,153.55565318954083,82.70974397598116,35.68346956810641,4101.594781054289,2.101311989503887,61.49560360927349,0.0,0.0,nan,nan,3970.08,1.0,22.900702702093618,0.0,0.0,nan,nan,3889.06,1.0,23.37778840736009,0.0,0.0,nan,nan,3835.4,1.0,23.704860453545347,0.0,0.0,nan,nan,4359.480754097844,1.389224684040326,35.01304231266559,0.0,0.0,nan,nan,3868.75,1.0,23.500516131444996,0.0,0.0,nan,nan,6583.4920575537235,3.6701960054807343,69.67106513217148,0.0,0.0,nan,nan,6550.775197061597,9.848224449952577,190.98931839637046,144.2432875993748,4.172109440856037e+16,7.471585375565686,4042349255139932.5,6716.136996350992,0.4999617834394905,nan,1321.803908475494,121.54512597176084,24.428748160609747,4.192081223743886,6731.568264315928,2.562611634888834,46.62714759692909,0.0,0.0,nan,nan,3426.0,1.0,26.53754284399528,0.0,0.0,nan,nan,3760.0,1.0,24.18021855944889,529.3425642554786,255152.2926925596,7.850197973939124,11575.255585924417,4685.397322742568,0.7386015711662615,6.4026993464142326,183.10832056913338,642.3462650023997,8.297367102732418,63.287245333186306,5875.260989610645,0.4999617834394905,nan,-999.0,-999.0,-999.0,0.36973520243855057,0.6692983428376933
10d12m58pt305s-44d07m44pt763s,10.216195833333332,-44.12910083333333,0.5007537618119453,14.39773480211718,0,0,0,8.035564321494492,0.005025444111255207,8.041020422989096,7.053937982514049e-05,8.717553556969005,0.2686438602490515,58.341494060072364,13.683515301429216,0.363,macs0040m44,6090.740883103232,99.59197430733911,20.14225490986253,0.8995964359132878,5006.849115287248,2.77838109678303,68.36761640173371,2191.5616830460935,84.26094811105817,5.943998456436833,0.6340333532741775,4959.16494819398,3.108589252847806,77.75712481048251,8700.787086185815,256.7574558589504,23.78786744631501,3.536363828714408,3725.917100072766,2.3940149937556225,78.2233594473115,13704.576533417694,368.26268019613605,37.54343246653149,5.072144126659602,3728.7916633246186,2.3940149937556225,78.16483069750379,0.0,0.0,nan,nan,6562.8,1.0,13.853480493619768,3520.215389009045,94.2977033487419,11.213142061200386,0.8614815294199223,4861.468428035157,2.182921877591664,54.14812825467469,1030.3625866066097,74.59081844645607,2.2745817722814903,0.5831775698012952,4340.477680724057,2.3415476354463407,65.53922127299471,238.52457571373702,25607.75422647692,0.5424834869204177,232.63032413405716,4102.309342674121,0.4999617834394905,nan,0.0,0.0,nan,nan,3963.362949065486,0.4999617834394905,nan,161.60038274310565,706.2608417661902,0.26763379894291195,5.2926450203552236,3888.3606770312,0.4999617834394905,nan,0.0,0.0,nan,nan,3837.059268529004,0.4999617834394905,nan,396.96184625609794,66.5993581938196,0.8512690372602295,0.5003363232891622,4363.859998230767,1.7202451646160204,45.8499446880911,1627.9200176835554,137.5575853361597,2.8042882783818897,1.085709879892575,3868.4888444810476,7.055011177198772,231.01580111122524,0.0,0.0,nan,nan,6583.45,1.0,13.810026928666252,0.0,0.0,nan,nan,6548.05,1.0,13.88468655302385,0.0,0.0,nan,nan,6716.44,1.0,13.536579167464883,0.0,0.0,nan,nan,6730.82,1.0,13.507659064352907,721.9809500636774,138.75681863325016,1.3093351474369075,1.603977722866203,3424.428334227744,4.641591526709359,170.50878716783623,783.7537481485658,101.5916044291649,1.5483552516540207,0.9868082225423515,3761.123782103541,1.819218766838866,56.854594617296634,117.88943521122337,53.58299711692979,0.2765220092721295,0.38437574828392956,4686.075642890133,0.4999617834394905,nan,637.0476954166371,105.45457628660753,2.7564755312667253,0.9920211242918139,5875.709648595549,2.6386759000042646,55.125052405024846,-999.0,-999.0,-999.0,13.59262614234377,0.5703046026788154
10d13m11pt19s-44d08m10pt964s,10.219774999999997,-44.13637888888889,0.4019598266114268,36.02474553659694,0,0,0,8.010161468181755,0.012116809603439579,8.048211209670583,9.139977091721499e-05,11.587012175587585,0.639341231503431,81.10064972759716,16.598833036486354,0.363,macs0040m44,3821.60606358308,65.79552000711217,25.36597664061549,1.1928589557678455,5006.837137149791,2.2015206068324007,53.073501846608686,1102.1384858424985,82.07943903689872,7.463132296148608,1.5420098179646695,4959.1162031603135,1.7842120392083423,42.133563958623114,4451.504526471929,174.14281800324898,13.384755952635336,2.63756439718067,3726.0589506582783,2.2091398238757587,71.59186385779984,7781.317853731217,269.78391654585135,23.44156246747904,4.086142979494123,3728.7963402467785,2.2091398238757587,71.53829696528068,3946.061364052944,161.3970563276353,56.84623882927394,4.453524481464786,6562.708805621133,2.3911862511380924,44.35393091405014,1480.6722103714974,76.31789730306916,11.830601422394569,1.7489350907313452,4861.385086446875,1.6968157181233303,40.47926670832085,1003.3774786270291,85.83353426211828,3.8431723834131417,1.1643110567959782,4340.563367347811,2.0160042484459,55.452494669469296,167.90099117845043,79.36235231336241,0.45274135154390494,0.854301948275635,4103.332710856852,0.4999617834394905,nan,0.0,0.0,nan,nan,3969.029179488906,3.379956682875098,106.03649992475454,0.0,0.0,nan,nan,3892.9752959091725,6.199945524070277,201.6602774589065,0.0,0.0,nan,nan,3833.861354645664,8.909132230177617,294.81055302409806,658.2633144281173,86.3232812942952,2.5187154422163287,1.1582186112482407,4361.824040771495,2.1014520803389973,57.81460839475944,2587.17609851661,171.6149258530442,6.4340708070917465,1.9544143535725922,3869.353874817496,4.98590891791356,162.44776122133848,979.8556775682187,52619933.755236015,7.196755428024418,738174.5278974627,6580.624261572667,0.5552647094477868,nan,12.33095750987952,637.3138565698513,0.08335057027385903,8.27191195629483,6547.29821080375,0.4999617834394905,nan,0.0,0.0,nan,nan,6716.44,1.0,13.536579167464883,0.0,0.0,nan,nan,6730.82,1.0,13.507659064352907,0.0,0.0,nan,nan,3425.6844462516924,2.9072304785979464,104.85433938950639,2570.3638919968143,173.16815412642688,7.675772867344947,2.540591124542916,3762.2884945200494,5.323152638193572,178.67187079673383,0.0,0.0,nan,nan,4686.482874304711,1.037096696837074,20.791202038602297,223.3127615288653,119.07896746970896,4.222886740675095,4.89314637466187,5878.048558258398,4.178520972472481,89.25872515127323,-999.0,-999.0,-999.0,0.2613692459119617,-999.0
10d13m12pt315s-44d07m59pt31s,10.220087499999998,-44.13314166666667,0.48085779327683986,30.69024648711953,0,0,0,9.100991949235148,0.1274591802726095,8.18812966010071,0.0005040502538693234,19.087207592175556,4.749852869906919,49.524070390681864,11.098833553366806,0.363,macs0040m44,3057.283697519791,62.88512185121127,29.75973602776538,1.6719622160855732,5006.850557109315,1.9206898654996212,45.47887884452516,0.0,47.05542240676915,nan,nan,4958.91,1.0,18.334194769319836,704.5918910643031,135.2478043208265,1.0609403576767946,1.026264300002933,3725.4598826355045,2.289392103596506,74.47724421710457,780.5298458012307,138.2103206293731,1.1799146920411367,1.0487439605113267,3731.097162950182,2.289392103596506,74.42151840803744,0.0,0.0,nan,nan,6562.8,1.0,13.853480493619768,237.98166454937072,58.203467026888426,2.188934792383992,1.5342137611615367,4863.707280801485,1.3448029199794496,30.070946767639924,0.0,0.0,nan,nan,4340.91024435187,3.5218270889500998,101.23778646223626,0.0,0.0,nan,nan,4102.508565097148,4.240294029346782,129.80516536592563,172.59562175994105,88.20633342735849,0.5877872388823423,1.2937047829189774,3969.589916136877,1.6869948581307976,49.22060046214795,0.0,0.0,nan,nan,3890.6001373432186,4.91013155344982,159.0935934213437,0.0,0.0,nan,nan,3833.56694416939,5.375658464962169,176.91733206108626,232.75749772250765,770.5764900880506,1.9806747238563942,22.983987186045514,4362.734230789172,0.7403146957725545,7.031002499290594,0.0,50.54284598054651,nan,nan,3868.75,1.0,23.500516131444996,0.0,0.0,nan,nan,6583.45,1.0,13.810026928666252,0.0,0.0,nan,nan,6548.05,1.0,13.88468655302385,0.0,0.0,nan,nan,6716.44,1.0,13.536579167464883,0.0,0.0,nan,nan,6730.82,1.0,13.507659064352907,0.0,46.96856435277933,nan,nan,3426.0,1.0,26.53754284399528,17983.76012783556,97.45538507530686,23.97963767803301,0.6365978418227862,3766.4928934072796,1.7765675121930178,55.28672374309403,207.65783629585593,84696605.80279632,0.9797298324247715,1221386.0825039928,4687.546357347182,0.4999617834394905,nan,71.3576504514192,1.7782932038313568e+98,3.130259751974283,1.6958867745860132e+97,5875.922253424228,0.4999617834394905,nan,-999.0,-999.0,-999.0,0.37755875607180783,-0.052516179223311414
10d31m40pt245s-28d31m44pt378s,10.52784583333333,-28.528993888888888,0.2873529618937487,41.443675542125625,0,0,0,nan,nan,8.000676124657316,0.005382864326226109,7.5679405869725676,0.8251617431758768,96.15501193128789,16.59685743898153,0.1087,a2811,5335.379406690626,120.67778809208092,29.083930866786357,1.7968152751803121,5006.8286346012765,2.519962422736859,61.55394299503739,1759.1190021243933,148.71668703388522,14.000881028028257,3.2840476871622615,4958.964547380454,2.2023416346065896,53.60871164210021,2516.415800100176,385.0285467011542,7.767321458418787,5.984983155526735,3726.430571704327,1.8462293633756166,58.371540840089565,3314.7048572309395,480.54377854271877,10.24751520189267,7.46969658409154,3728.690041842995,1.8462293633756166,58.32786573672071,4641.036566574334,183.79837981170212,79.11109686293292,6.000807298117014,6563.066206833343,3.0180537234187925,56.94995540752877,1707.944046019106,165.5854616797119,15.725009930077027,4.373515745099177,4860.779413869263,3.085497148304669,78.69711077737902,1585.481387082727,312.62338762266677,8.297689094505973,5.793112107228386,4341.01532194318,2.686046816442218,76.0621226046159,0.0,0.0,nan,nan,4102.037845157959,6.224419069763059,191.96890581259632,0.0,0.0,nan,nan,3969.6834616090528,3.5432057554980205,111.38197418199685,0.0,0.0,nan,nan,3888.787675517045,5.828181612872174,189.407053480261,0.0,0.0,nan,nan,3832.525555937247,0.4999617834394905,nan,0.0,0.0,nan,nan,4362.828842981672,7.93665705305626,230.67402640151784,4739.306885439836,408.7299886734605,21.271729869824807,8.379245583285309,3873.4376520589976,8.675946926880762,284.5712427190963,0.0,0.0,nan,nan,6582.863781060917,9.076987371157813,175.0071912982842,0.0,0.0,nan,nan,6546.952403866572,7.139557746131422,138.14169951786096,460.50749183925933,214.41539490061567,4.696795802018225,4.090269158652691,6716.597904864841,3.5988293637981235,66.91296412710965,0.0,0.0,nan,nan,6728.437909267212,1.32880147139419,21.36345806943293,0.0,0.0,nan,nan,3426.0,1.0,26.53754284399528,0.0,0.0,nan,nan,3758.9026246925932,5.302523392496773,177.96724065374391,484.39376352128744,93.82699996593655,2.696210648893838,1.597278489141584,4685.935499694491,1.3508031750366087,31.388977958624928,606.9552343727835,99.50324600619717,7.759150818496056,2.7650458628230123,5876.421090160142,1.4098541422017967,26.516735420342183,-999.0,-999.0,-999.0,-999.0,-999.0
10d32m06pt135s-28d32m14pt359s,10.535037499999998,-28.537321944444447,0.7802622127102858,9.528635969550383,0,0,0,nan,nan,nan,nan,nan,nan,79.86764142491924,20.605119316580886,0.1087,a2811,1968.495771685073,86.61022112875432,1.8898417188321632,0.22711503040439276,5006.84652586786,1.7450537462391178,40.64552934779947,433.17160546068317,188196.20766121734,0.42479294992434025,511.90205580415386,4959.874647481865,0.4999617834394905,nan,0.0,0.0,nan,nan,3726.7302514208927,3.0565731417223465,101.66068179558152,0.0,0.0,nan,nan,3728.2570987162767,9.99923566878981,340.5583738828702,0.0,0.0,nan,nan,6562.8,1.0,13.853480493619768,0.0,0.0,nan,nan,4862.837867778066,8.12148775182726,211.89674283831823,208.77115255580438,146.99280858206953,0.152256195924176,0.38045007020818405,4336.099232954652,0.4999617834394905,nan,0.0,0.0,nan,nan,4101.404895546644,0.4999617834394905,nan,0.0,0.0,nan,nan,3970.4883546885258,2.1968942679443293,66.77680032821175,0.0,0.0,nan,nan,3888.517350110487,5.957046867921049,193.65560314005617,661.6995029934477,255508.8809109227,0.3890521701333892,702.9687539384907,3835.622243373785,0.5002952810290765,nan,0.0,0.0,nan,nan,4363.633807143324,3.855934677990974,110.63934857002961,394.9045839787009,58.08102184116823,0.25319098088916303,0.17073752614288518,3867.402321867654,1.328982918117113,37.174996255604704,0.0,0.0,nan,nan,6583.45,1.0,13.810026928666252,0.0,0.0,nan,nan,6548.05,1.0,13.88468655302385,0.0,0.0,nan,nan,6716.44,1.0,13.536579167464883,0.0,0.0,nan,nan,6730.82,1.0,13.507659064352907,656.6606858908991,44.37933168533931,0.2629928145414774,0.11308110566331558,3426.578407788619,1.1778571902876367,35.201078002733695,0.0,0.0,nan,nan,3759.4257426725258,4.512186229678733,150.9288108739901,0.0,0.0,nan,nan,4686.714441961528,5.356237854263658,144.28108292301553,0.0,0.0,nan,nan,5875.62,1.0,15.473706908126772,-999.0,-999.0,-999.0,-999.0,-999.0
10d32m44pt1s-28d32m04pt231s,10.545583333333331,-28.534508611111114,0.5465890261485848,30.626610038321612,0,0,0,8.926208859403106,0.013870262738687673,8.117041483765803,0.004370163566436861,9.573103828187977,11.087601140444143,53.17968205522028,14.344013055494667,0.1087,a2811,13319.348903966118,90.61458630912037,122.65953155275909,2.2793094295680687,5006.838791213848,1.7908213977838172,41.912868421507234,4241.101949114843,58.64011411032005,84.96745256158103,3.2595505255087884,4958.96859399804,1.747111516846915,41.09605190530403,243.20006407798996,14258.639284727675,4.112253375024681,1210.6687866847235,3730.5575522896397,1.4576906996771537,43.68750116750287,502.4917742218482,15676.042255838718,8.493884789495493,1331.017264615316,3730.0988139143556,1.4576906996771537,43.654813044113354,0.0,0.0,nan,nan,6562.8,1.0,13.853480493619768,1912.2473776455256,72.07507288265373,25.520118955428472,2.758875484273335,4861.325755493425,1.775191857132788,42.72236566768749,897.2090176807783,58.79230847569583,8.73704699096574,2.0276898451054652,4340.448198104684,1.4215835386181053,36.291138911613764,531.6505409386521,47.701255529757,4.303523430773773,1.542957342050771,4101.526817220613,0.9569788103183019,20.25363803539776,1149.9319862896384,217.09732269526677,10.304106341885907,8.37039662110477,3971.1134084051296,9.197072828419959,294.07071266683886,545.774543378821,674447.8823526915,4.4181764166981194,24684.3042711192,3889.710839418647,0.5412769873635235,nan,708.3524832560809,599.3257587643319,4.418935215901487,17.484527277277653,3836.5476774691733,0.753012933155128,9.21250999310125,594.0277621343208,115.29715305916206,5.3501570015506,3.63820946337211,4363.683717385663,3.3157008905013483,94.56525141562908,1700.722332138654,105.61741559401577,12.52097776486234,3.561742119993095,3868.916173438267,2.7092787425496763,86.12786121007835,0.0,0.0,nan,nan,6583.45,1.0,13.810026928666252,0.0,0.0,nan,nan,6548.05,1.0,13.88468655302385,0.0,0.0,nan,nan,6716.44,1.0,13.536579167464883,0.0,0.0,nan,nan,6730.82,1.0,13.507659064352907,387.0096301573611,1785966.124564913,2.594933785258905,76238.62628535976,3425.8081600057217,0.5319631838485513,nan,0.0,0.0,nan,nan,3759.5481330099183,4.331681712897009,144.73901215014905,272.28135326555486,68.11910118996533,2.5368136921754854,1.9410157669398167,4685.983785945855,1.449034195899242,34.47171088231231,530.8516500108445,160.0612360515174,10.413681350238674,6.8238689787127695,5877.440490082445,5.370624358846212,115.37545548126302,-999.0,-999.0,-999.0,-999.0,-999.0
10d51m09pt885s-20d37m03pt785s,10.852745833333332,-20.617718055555557,0.3804231102296176,13.046479043779472,0,0,1,nan,nan,8.034602825691268,2.0827359328777788e-05,7.319314601752543,0.05313811306389519,55.06240232169472,8.032128444977454,0.2934,a2813,35057.57565862265,159.21882206340806,18.12519745709028,0.22484437749903413,5006.839575404609,2.5133148480566616,61.37796921034079,10819.527932042573,149.06243052726848,5.4750910413443705,0.20928620961044858,4958.966117425077,2.3657390898319797,58.01600729658843,57262.08108050759,526.4850790313594,19.65827966159037,0.910505111006297,3725.97961281056,2.4532085291323984,80.3359188479617,76761.80029301574,674.4196454395086,26.404486665455114,1.1663436602334394,3728.7975311311056,2.4532085291323984,80.27580942632541,58242.782577804,942.4353833270002,43.686783070740944,1.354019575184518,6562.779920576867,2.8312031037358474,53.21665564876542,24578.938705696964,131.48974101023722,13.19054570562001,0.20239462941007794,4861.331771249462,2.2738151657403343,56.655454087595615,10224.975767134205,228.17847348061292,3.744684567730063,0.2959492396435196,4340.5481769996295,2.142217504775639,59.384247391039644,4090.0397647860964,247.62548916255716,1.3250955997019322,0.3205233792701359,4101.872012467791,2.0991543091761677,61.42457173815477,579.6926353882893,2129.03416415032,0.1754076116941884,2.7736670599773063,3970.0720702940393,0.4999617834394905,nan,1009.3055188581046,424.76373658550455,0.2874468406923935,0.5471494805684626,3889.0438034058834,0.4999617834394905,nan,0.0,0.0,nan,nan,3834.907771978271,0.4999617834394905,nan,1218.2940750071077,78119782.44451287,0.4182441854822661,93936.87447916144,4364.241454765083,0.5534968369614321,nan,7101.793284517816,493.0224258955747,2.0226184245964665,0.6430519997471581,3869.2384200998913,4.346220586125781,141.15520509798034,3889.817214410728,4186.378004501453,1.663359756315735,3.4176845389193327,6583.499629466189,1.7659170926701848,31.351648838972107,0.0,0.0,nan,nan,6548.11127297426,0.4999617834394905,nan,9857.486044171208,733.1975076699156,8.240138147307754,1.14638046815945,6716.467014975915,2.7800763575364282,50.998554294449875,6545.528097016031,964.8582052783703,5.081082915699592,1.397913858059823,6730.837486080837,2.7311516126847732,49.932823886820046,0.0,0.0,nan,nan,3426.0,1.0,26.53754284399528,709.9463893852574,128053966473170.4,0.2140414970408379,189974008501.3787,3759.9598337542625,0.4999617834394905,nan,311.43830375249956,1063107.1842866756,0.13194884076332303,1378.3581196588889,4684.4138777870485,0.4999617834394905,nan,2900.033296086807,161.61052640922557,2.369979054903733,0.2871397949785908,5875.613120334233,3.320766305477369,70.33602853812619,6.047570448979925,13.02056654724979,19.419959412722548,1.379030210391395,1.3053736174564672
10d51m22pt5s-20d37m00pt409s,10.85625,-20.616780277777778,0.3802409418334065,19.286479990908735,0,0,0,9.891453868797816,0.020427608583343877,8.10701816606989,2.3827944357243145e-05,9.192794184705834,0.12336245389773293,57.88128418368567,11.412748923493156,0.2934,a2813,42457.83238816499,124.66752622781705,25.21540300804292,0.20223105215532455,5006.842104107688,2.0784027347262484,49.76052200992697,13665.695811978747,150.1156802758251,7.9886764594235755,0.24348218248555492,4958.905914845102,2.077649345969987,50.220936533092484,28047.734032261058,334.81530835628513,19.7341853980884,1.1867001133269934,3725.991757792149,2.133962977072328,68.87834241294303,41375.74768379083,444.15243032674186,29.166939784787438,1.5742283170706457,3728.7086275060046,2.133962977072328,68.82680584766713,28406.310632211393,216.2557562567245,24.591269973777912,0.3585923207400847,6562.754307897745,2.3494075032801787,43.50563628142923,13657.110927716596,171.6883244452314,8.660220204269997,0.3122735234234907,4861.220754137007,2.024715025555661,49.754188850894685,6436.89720043585,166.427188121849,2.9755955282196878,0.27247904233913434,4340.440672686478,1.9271960165907271,52.66601124820178,3433.603790537208,207.91014088848667,1.5585116248265851,0.37711888505979213,4101.456761508966,1.8737516417190532,53.947004462308016,0.0,121.15179840946264,nan,nan,3970.08,1.0,22.900702702093618,2665.4729247202304,216.0611993506408,1.177656694889552,0.4318285966960129,3888.7986667307136,1.3199164252656561,36.63123894004915,118.5721963371998,574.0781416945042,0.05298827506908952,1.2010728957211376,3834.845901613109,0.4999617834394905,nan,661.7283073291276,283.6266195870704,0.29538541759967796,0.4434973265678731,4364.055348565009,1.1331048087415274,25.998423515573293,3906.148788513804,274.36149827322254,1.6810807592815127,0.5409327367985493,3868.7045859187715,1.9419070118589514,59.606773728601055,0.0,0.0,nan,nan,6582.932705121123,0.4999617834394905,nan,0.0,0.0,nan,nan,6547.8580806379,9.99923566878981,193.93267853817915,3269.2560741312313,315.40421775204004,3.782615412357931,0.6825790602236821,6716.424983789793,2.2775955919288964,41.08227997497841,2846.681036398961,369.9253029782525,3.272171875313077,0.7936365574632313,6730.760324163313,2.379412700252156,43.01378571737014,0.0,0.0,nan,nan,3426.0,1.0,26.53754284399528,5341.197057556332,543.5708241503893,2.997301758676982,1.5012992566469032,3759.6543299183563,6.129098622343961,206.16773122132082,966.0118798025165,10744436.808544908,0.5051909030534815,17170.93243347762,4688.097171864507,0.5791542572758038,nan,1667.8884035391713,134.08432066105243,1.3679832649609323,0.23911898595681072,5875.179797750938,3.0443036210722396,64.1950788450891,1.3917940785684593,8.498526800184347,17.251551920362264,3.2513286312338954,-999.0
10d51m29pt295s-20d36m50pt04s,10.8581375,-20.6139,0.6518086857639809,31.68321534250361,0,0,0,nan,nan,8.073834121955223,0.0001564847834188448,11.586763163488737,1.1108496396010668,84.68101094470352,20.377784198641873,0.2934,a2813,3065.0043090369836,163.75441343494782,96.2154293499643,14.041081039405567,5006.788690052731,1.9672503479203662,46.74792789644121,1037.883286470421,107.37029463318318,23.73650178604125,6.814350090245311,4958.391315372765,2.6909530393219883,66.70649909529276,3596.0700712164557,171.71832956185875,14.185500958318375,3.412382481783188,3725.957934721481,2.079756562992651,66.9146557497253,3941.6847464164744,190.03985670750507,15.574551451873097,3.7764674250204027,3728.323272552217,2.079756562992651,66.86458846582806,0.0,0.0,nan,nan,6562.8,1.0,13.853480493619768,1004.6500691255499,92.21129647804852,188.7259374521689,49.68757379714674,4861.071732714067,1.3195174043242277,29.292634436073453,2542.9866817254324,1334.85309157561,95.88776739167658,177.5412571736477,4349.126242648948,9.99923566878981,292.5682705754515,0.0,0.0,nan,nan,4102.772586578983,2.05368409337714,59.92549506217582,0.0,0.0,nan,nan,3969.9624791002893,3.278889554096866,102.72142471950308,0.0,0.0,nan,nan,3886.932557259295,9.99923566878981,326.52642944617054,0.0,0.0,nan,nan,3834.9662605409053,6.094383739712804,200.95474699677038,0.0,0.0,nan,nan,4362.8143385762405,3.7036551187237365,106.11787509345437,525.6769377726653,182772.91195076244,17.850505567369826,28445.565068153137,3868.010992658131,0.4999617834394905,nan,0.0,0.0,nan,nan,6583.45,1.0,13.810026928666252,0.0,0.0,nan,nan,6548.05,1.0,13.88468655302385,0.0,0.0,nan,nan,6716.44,1.0,13.536579167464883,0.0,0.0,nan,nan,6730.82,1.0,13.507659064352907,0.0,0.0,nan,nan,3426.582273742998,5.672991536527609,209.1973366955003,215.2059136144058,163.28575685978527,3.5801672741751895,13.368527949662592,3759.7660009139936,0.4999617834394905,nan,0.0,0.0,nan,nan,4690.300173735394,4.460750192431526,119.6972064911326,0.0,0.0,nan,nan,5875.62,1.0,15.473706908126772,0.3533157959366494,0.24014305879487882,0.5400924173429972,0.10132292336485241,0.08485687615455179
10d51m32pt73s-20d37m36pt819s,10.859091666666666,-20.626894166666666,0.23086838056254178,28.863294379542012,1,0,0,8.183665420765537,0.010313402918272655,nan,nan,4.78742120360702,0.28127827570968983,70.0924653517305,17.97071319577238,0.2934,a2813,12063.039602059629,184.23932252863113,106.00874233154887,4.4223519915743035,5006.844625834025,2.4475533381019035,59.6349740887479,3381.890580063996,122.33227820991695,18.24719867855466,1.8312297189207272,4959.1347708407075,1.978028741404597,47.495742329500224,0.0,0.0,nan,nan,3726.03,1.0,24.400668213494743,0.0,0.0,nan,nan,3728.82,1.0,24.382410999599827,6528.902447819307,113.59939070615708,76.50071637711578,2.5495948349584125,6562.71584624513,2.0249933006171443,36.86068232497316,3226.148175658086,183.83258007061374,18.741989993996626,3.0630821283496115,4861.349652981907,2.076946688139005,51.209461596463356,2318.409614666925,248.23911436024875,9.909296422474473,3.758824592228467,4339.863060278746,2.357484171227654,66.02889420063165,4978.5308426070715,458.0889333627239,50.70373054108343,18.646185817239754,4101.208005233565,5.643786982790123,173.82013396526344,830.8181316480351,14052172.594501775,3.9174420876164717,285390.2598806535,3969.3799106865235,0.6330245064156657,nan,0.0,101.18291499282977,nan,nan,3889.06,1.0,23.37778840736009,0.0,0.0,nan,nan,3835.4,1.0,23.704860453545347,792.6027040384087,206.79810129139122,2.588803204689201,2.3660375499653985,4364.070689097004,1.5366722352364868,39.914961521234595,2744.5242539571645,1323.3534750264027,7.453451342720591,16.493662797321136,3865.9058060263965,9.99923566878981,328.2406140748108,0.0,0.0,nan,nan,6582.005340602171,0.4999617834394905,nan,0.0,0.0,nan,nan,6549.723482533794,9.99923566878981,193.93267853817915,715.5298789380153,185.62023993235482,6.85709496017176,3.327214543545017,6716.411640330055,2.1321658056747523,38.17506868797871,1384.9105631412106,201.31135544393283,13.949316740167797,3.784957925538196,6729.969894252014,2.4351628508041707,44.11590320098021,0.0,0.0,nan,nan,3426.0,1.0,26.53754284399528,0.0,0.0,nan,nan,3760.0,1.0,24.18021855944889,3489.188679567492,496.7117659765031,49.363788143484,21.537616026883036,4680.478705782045,7.954714994358667,215.29151614994254,383.85850333011564,112.48580819236666,3.396713358135096,2.1635214945920467,5876.765434125891,1.5777726334933069,30.637652230190888,1.6874925550037427,3.4949518411346627,5.2014614320073616,0.24781358283886828,-0.20975125553885512
12d54m32pt97s27d19m43pt228s,12.909158333333332,27.328674444444445,0.1490048531336825,31.042989320499256,1,0,0,nan,nan,nan,nan,2.011039628150929,0.22070063549179447,67.44823028730573,15.990093450985276,0.364,macs0051p27,5327.0919065023345,222.70896655155235,36.80581499949023,4.202922244813984,5006.834980856876,2.207071534272188,53.222351449846855,2971.434437442981,407.3027694139052,19.276550005608236,7.3349965185455615,4957.368249030209,5.737158594514362,146.18966455787248,0.0,0.0,nan,nan,3726.03,1.0,24.400668213494743,0.0,0.0,nan,nan,3728.82,1.0,24.382410999599827,7390.244766734564,196.7650399751424,2367.7475376292045,120.75064275248047,6562.786668260477,2.4025638048508426,44.584702029936686,4126.485737914315,389.6122526600069,161.5403992657365,43.74973195211482,4861.10408208753,2.82244931068308,71.60591775682167,3347.6317446698795,430.00379841742375,51.3515795408462,23.375375613689297,4339.171406655947,2.6586498052749667,75.2294660534597,0.0,0.0,nan,nan,4101.73,1.0,22.16567686891332,0.0,0.0,nan,nan,3970.08,1.0,22.900702702093618,0.0,0.0,nan,nan,3889.06,1.0,23.37778840736009,0.0,0.0,nan,nan,3835.4,1.0,23.704860453545347,0.0,0.0,nan,nan,4368.389311711919,7.429230895469833,215.80639379543803,0.0,0.0,nan,nan,3868.75,1.0,23.500516131444996,0.0,0.0,nan,nan,6583.65885841401,9.99923566878981,192.88987927331783,99.72616968125868,101148023606195.95,0.6343404143090431,1235109351334.4153,6548.820063879591,0.4999617834394905,nan,713.6377643140539,276.0213548077178,1295.1730352573811,936.9354598556936,6716.811489613028,2.8042697412880164,51.4722684869186,933.6924122817429,463.8805218756674,40.94748929087582,37.95289191038441,6733.770748194387,4.247907552220426,79.24866192953488,0.0,0.0,nan,nan,3426.0,1.0,26.53754284399528,0.0,0.0,nan,nan,3760.0,1.0,24.18021855944889,5753.601434320772,2059.5759333750916,61.007467044755174,66.62609647671138,4692.386784453761,9.99923566878981,271.0131455203778,90.45134834206283,2.9591992735389244e+40,15.84941553992516,1.127357708830314e+40,5875.536264879172,0.4999617834394905,nan,-999.0,-999.0,-999.0,0.06237176718209293,
12d54m48pt795s27d20m21pt085s,12.913554166666666,27.339190277777778,0.7769724019874384,13.953982976935464,0,0,0,8.073583142172403,0.061968705797721124,9.650106532073847,0.0033754688823655252,2.2143982213432127,0.426633720403746,85.0492153204651,18.581549835101267,0.364,macs0051p27,2828.980839950255,186.8264676295976,24.191673520004233,4.363749961457746,5006.848199633449,1.6898160211608624,39.10738162292699,3201.2747829373116,492.38710453164794,86.62231190075045,36.894540710245614,4964.818283835275,6.0370746468939425,153.94446223061237,680.2705942025015,204.2808888492741,2.1448613508723047,3.2486495556035146,3724.202177224762,3.9719894741823327,133.58986421056468,0.0,0.0,nan,nan,3731.255637712766,7.725602738894955,262.68413462106616,0.0,0.0,nan,nan,6562.8,1.0,13.853480493619768,3030.4062532255775,525.1744639234803,26.372698798265343,13.138236800038365,4854.9273061717595,9.99923566878981,261.2208748844296,2295.9651310951026,351.38799024436577,17.02609210335039,9.228847510393134,4340.443808481182,4.0032674600906075,115.61093896558015,874.9793020586172,126.80658159860239,4.689215375443322,2.7168028178629497,4100.732110113937,0.9161895188588957,18.346759594248283,0.0,0.0,nan,nan,3969.8908234339965,4.517211031919225,143.10539535323025,553.0865795975914,170.9861237171329,2.329673167738893,3.26067493432555,3887.4926746487085,1.8811493627747073,57.15803811417759,0.0,0.0,nan,nan,3835.0151137749076,5.1126435216238,168.1080775586162,97.32525455711405,818.0734026634248,1.0111117795214732,29.73512199348258,4366.700394049835,0.4999617834394905,nan,1037.897135038421,229.82449126365842,4.34635620021857,4.404702620447526,3870.2723446920327,3.2416847591322853,104.15835179263475,0.0,0.0,nan,nan,6583.45,1.0,13.810026928666252,0.0,0.0,nan,nan,6548.05,1.0,13.88468655302385,0.0,0.0,nan,nan,6716.44,1.0,13.536579167464883,0.0,0.0,nan,nan,6730.82,1.0,13.507659064352907,1185.1267618836491,97.77091106792581,2.225449923261463,1.1690955737218285,3425.5699706860296,1.1243192953159618,32.694329606667026,461.24507544773275,6616.4554113545655,1.4207186494932669,100.32890363759344,3759.2998592347367,0.4999617834394905,nan,2238.3938839788307,500.40326399188496,326.6845937149131,223.80602405239907,4680.775549996952,7.842800195983941,212.23877405975844,0.0,0.0,nan,nan,5875.62,1.0,15.473706908126772,-999.0,-999.0,-999.0,0.5598865475443943,-0.02937633169140363
16d22m47pt115s-24d38m29pt905s,16.37975416666666,-24.64164027777778,0.6857147588675865,29.81639333389075,0,0,0,nan,nan,8.099349929399096,0.00010920370559425046,8.637096798635163,0.29407095797738186,62.25894707979338,13.625842305941896,0.216,a141,6666.937701804158,188.95682762551866,31.768092378399768,2.4593239665939404,5006.827786961058,2.167138981273607,52.1505948537041,2558.856244060307,163.74461321206235,19.094565827226315,3.390206071245451,4958.925848588378,2.2938045690925257,56.07974236959895,4422.73157519828,195.34483248853306,13.043009232536615,2.9011986128973906,3726.406876265084,2.21764512470556,71.89819387595077,8084.692609569527,315.0155864463547,23.888178778920448,4.678510154564086,3729.1533450322354,2.21764512470556,71.84439777935349,0.0,0.0,nan,nan,6562.8,1.0,13.853480493619768,2516.264276911492,68.26383589966726,21.38526608453025,1.6639317084718106,4861.470834998821,2.6638554883557592,67.3102656003058,0.0,0.0,nan,nan,4339.417783731316,2.8201320589540266,80.12871081015172,1706.3163432902827,83.14876523113037,8.67364669120273,1.6891457113390607,4101.34501974846,2.270337796206963,67.0340366325434,0.0,0.0,nan,nan,3970.665173071819,5.241273865608774,166.56829995635442,543.2635813513327,938837.910772022,2.2104584122476365,17277.51540674541,3889.0613189007,0.5008722331421104,nan,0.0,0.0,nan,nan,3834.333072302312,4.50515091680098,147.7253137240161,0.0,0.0,nan,nan,4361.423255752905,0.4999617834394905,nan,959.5901499029246,88.35829210953784,3.8448531547578875,1.6222098010105763,3868.3940541029892,2.8059175328402066,89.41571236012969,0.0,0.0,nan,nan,6583.45,1.0,13.810026928666252,0.0,0.0,nan,nan,6548.05,1.0,13.88468655302385,0.0,0.0,nan,nan,6716.44,1.0,13.536579167464883,0.0,0.0,nan,nan,6730.82,1.0,13.507659064352907,506.0004759737856,82.446342986128,1.7829785059170005,1.8475689750646014,3427.0349197068304,2.0565273130951893,71.85732428494377,0.0,0.0,nan,nan,3763.866270700283,7.690561854418817,259.314437489749,177.231124605289,105.10680288478498,1.0279974433793255,1.8641745451890528,4686.498090114429,1.0715908649408057,22.04471982360548,0.0,0.0,nan,nan,5875.62,1.0,15.473706908126772,-999.0,,-999.0,0.7394553266049951,0.5819663785168513
16d23m11pt7s-24d39m07pt602s,16.38658333333333,-24.652111666666666,0.21591195304705546,19.99496830304603,0,1,0,nan,nan,nan,nan,2.0611258663878695,0.022084043903498017,54.8449141555915,15.808682780198204,0.216,a141,37950.95366356896,130.17887839930162,11.46638474490984,0.10743131109704325,5006.841177037887,2.4565645529359217,59.874053437656954,12612.671817597105,136.71634626562135,3.763357669019763,0.11318097425687794,4958.999455870358,2.401307067678804,58.97127126940534,0.0,0.0,nan,nan,3726.03,1.0,24.400668213494743,0.0,0.0,nan,nan,3728.82,1.0,24.382410999599827,62056.25965827922,1058.1343562722323,30.704535162904108,1.0028436023849767,6562.63475994146,2.5348971795554567,47.26176285260159,24532.04159228713,246.3761274240583,7.923988360593312,0.22826183445102294,4861.219178475101,2.2934628910325943,57.1960177295297,9267.90943749671,255.33979824979008,2.2665880877430276,0.22117993617691029,4340.318487794706,1.8464601178685258,50.11585404079351,675.7800282892464,412.0618813726183,0.13696782422771747,0.33367952500260883,4101.832927948493,0.4999617834394905,nan,0.0,0.0,nan,nan,3969.6827460120353,0.4999617834394905,nan,0.0,0.0,nan,nan,3879.06,9.99923566878981,326.52642944617054,0.0,0.0,nan,nan,3835.4,1.0,23.704860453545347,1716.4403576665627,9003074.008448314,0.39419877567025885,7240.393555752387,4364.801726793804,0.6624068154852534,nan,0.0,0.0,nan,nan,3868.75,1.0,23.500516131444996,4736.327123465062,5082.910669960026,1.5511215654745167,3.178111596919358,6583.266932361061,1.6202807337362861,28.257899054860086,0.0,0.0,nan,nan,6546.859741788616,0.4999617834394905,nan,11590.087391953968,901.1809198808296,5.959438767682992,0.8667395126761281,6716.183534278713,2.528539869502831,46.05524887653887,7826.851351939466,1201.105648385269,3.8994330477336416,1.1169162906747718,6730.533470687552,2.41650976756755,43.747414204237316,0.0,0.0,nan,nan,3426.0,1.0,26.53754284399528,0.0,0.0,nan,nan,3760.0,1.0,24.18021855944889,1588.0669253740987,131.5634107368361,0.4115724212613349,0.10429737206323499,4685.556415130899,4.3352037426169945,116.24204870977873,2611.8173896546828,125.14826863689888,1.1429847766731316,0.1190793812110664,5875.268317967838,2.9054346139544984,61.099152133136876,-999.0,,-999.0,2.6269243494802588,2.316426968393609
16d23m19pt305s-24d38m41pt64s,16.38869583333333,-24.6449,0.3307046089008929,10.149626123150535,0,0,0,7.921136594104008,0.009660208798851667,8.0526029634035,6.53599848285264e-05,8.931494339160373,0.24524161859701565,95.14006080842655,19.722917036247697,0.216,a141,8875.159441032863,109.59466717074964,4.192481057412602,0.1414071288960909,5006.838304267071,2.948009509338789,72.8159162418628,3066.0188771917306,143.77069151645568,1.4055498537244235,0.18286292775118584,4959.004371191282,3.5070818382574083,88.22563033503792,11960.035194671953,335.2820529685554,2.2799335136796435,0.32197862361541163,3725.949725936745,2.776819430321251,91.81361108895723,16229.541258203017,444.5623767052721,3.1003844297201586,0.4269228874477934,3728.983501385976,2.776819430321251,91.74491375979191,14017.259542158248,264.9808808718547,12.801793415329534,0.46354151108814295,6562.765716176091,3.863678287228341,73.71018093062897,4493.173622150239,104.52135996628327,1.9845984466254625,0.13241932255950575,4861.203861496888,2.4951741443367945,62.72034443162281,1724.5393934845292,109.97232834916198,0.5504591172883606,0.12431715745895781,4340.518248895029,1.7587059008849222,47.32255441016322,410.9048358283214,179.36933729271163,0.10824952548355364,0.18881752317609277,4101.59818342398,3.180390539847505,96.29276589226717,67.20671577730667,3.260446639735489e+43,0.017408193611055688,3.636409897939951e+40,3969.9411896970696,0.4999617834394905,nan,1518.1219090668537,11940425.886322804,0.3376371647978367,12014.476330186018,3888.6098451501603,0.5979948883961884,nan,0.0,0.0,nan,nan,3835.7810448337427,8.065773984691372,266.72065170416164,774.8681727315833,261.34880819784894,0.2471471284286066,0.2918987521223244,4364.805864562091,5.697841021591178,164.9927281842573,1878.142403182322,137.63829860928485,0.4130335054672618,0.1386089688096791,3869.3774030895192,2.1000488353442126,65.15484377782535,266.28221360741946,1559.1914505197358,0.19743185558325232,2.2072239235048117,6582.985064364675,0.4999617834394905,nan,0.0,0.0,nan,nan,6547.816452642503,9.99923566878981,193.93267853817915,2488.621714971938,327.54743336850197,2.3229663519101864,0.5718657900849123,6716.522125761344,3.6139108610500377,67.20437617094426,1381.1024439275895,186.18645880498067,1.2589444334696236,0.31679015207973593,6730.2577148913915,1.2336581895053669,19.213940656896934,0.0,0.0,nan,nan,3426.0,1.0,26.53754284399528,6711.543014583103,1004.2229694842391,1.4458919688511895,1.068267554753502,3754.8808104635264,9.99923566878981,337.7342754526394,839.4477778449418,18439764.831888404,0.3184122289096317,21389.679475528497,4686.203447105493,0.5614207839616084,nan,323.3611797051541,150.74972435437553,0.23917203693618144,0.2424998022637446,5873.9893499690525,2.040266597565304,41.52420094087355,-999.0,,-999.0,6.484791565659328,9.863783589639272
16d23m23pt1s-24d39m06pt476s,16.389749999999996,-24.651798888888887,0.21561538441170658,22.353317459365158,0,1,0,nan,nan,nan,nan,4.193536683683835,0.06234600319254551,57.0715845185245,11.209254562857106,0.216,a141,31255.532220843026,109.45597056544959,98.46695693896558,0.9418657244989793,5006.845564736645,2.5105362314721313,61.304402430040824,10645.090649334337,130.57879603162888,30.748337093829644,1.046533873157721,4958.834222860834,2.53619219361233,62.58250949727511,0.0,0.0,nan,nan,3726.03,1.0,24.400668213494743,0.0,0.0,nan,nan,3728.82,1.0,24.382410999599827,21446.278947691637,177.7450353752961,139.32353628035702,2.211762070505288,6562.736900509175,2.6118476493803766,48.81301411051451,9991.71487713553,142.88386975439204,37.36669233409374,1.5326940943516365,4861.198628427298,2.493341572989861,62.67034296937145,5154.708983163246,112.70591215508144,11.289519166517053,0.8743155022687477,4340.250802673372,2.334686684171394,65.32830837608134,2088.8872565418246,113.78019474458817,3.9579227814428917,0.8615002471167198,4101.483543637552,1.9504140159350771,56.50406411598533,2705.283954766232,212.09808191712068,4.594260864247631,1.5527073140982617,3968.0159655920406,3.786829449898184,119.34104024397422,0.0,0.0,nan,nan,3879.06,0.4999617834394905,nan,0.0,0.0,nan,nan,3835.4,1.0,23.704860453545347,0.0,0.0,nan,nan,4361.805582102086,0.4999617834394905,nan,0.0,0.0,nan,nan,3868.75,1.0,23.500516131444996,0.0,0.0,nan,nan,6583.854149148595,9.99923566878981,192.88987927331783,0.0,0.0,nan,nan,6548.423034316612,9.99923566878981,193.93267853817915,2303.631358538205,191.69947609848907,11.612817427048245,1.8075544912248147,6716.36914343962,2.4476515035588897,44.45745303756051,1630.97442709753,256.5104710241716,7.797171343799362,2.28883574321424,6730.617249726121,2.5166086259225637,45.7219558057565,0.0,0.0,nan,nan,3426.0,1.0,26.53754284399528,0.0,0.0,nan,nan,3760.0,1.0,24.18021855944889,520.845592412034,73.95724208528094,1.597296208476203,0.6949032461812561,4681.327553385613,1.2726107962873583,28.87625191594236,1293.6838813094146,80.96796139768684,6.964033541411346,0.9474519804792411,5876.380415222571,3.2774299330467365,69.37515737348663,-999.0,,-999.0,0.0040778840647110026,0.2634060059979763
16d23m25pt32s-24d39m00pt368s,16.390366666666665,-24.65010222222222,0.20066502363641425,19.09941824871568,0,1,0,9.730142657413511,0.053734254775381435,nan,nan,3.264880848192688,0.023516448430473538,46.421387690941316,9.303556888643913,0.216,a141,48477.59986052434,130.04803998459167,38.946826257965014,0.2853782598707092,5006.8441937221505,2.664828702043676,65.3797254480565,16419.58512383889,143.41756619075235,12.567011667628616,0.30455882962875835,4958.899216510625,2.6513957076660355,65.65416463389265,0.0,0.0,nan,nan,3726.03,1.0,24.400668213494743,0.0,0.0,nan,nan,3728.82,1.0,24.382410999599827,44526.49676371886,527.1299743349152,60.74310358569828,1.3773934338323686,6562.831386925736,2.854491287710461,53.68276883337268,19877.351732541112,130.31671065270837,15.91226642359338,0.29921763802504936,4861.29162505638,2.569757140245248,64.75275105520171,9078.588016076146,146.67779098243696,5.328972711063171,0.30494763788036666,4340.321785595745,2.192747675208064,60.950279146103625,3910.200364653835,167.8121713365001,1.752424943569562,0.3004952609769146,4101.748890988534,1.659348818905189,46.696062265540334,590.8750253348426,191.40281408510677,0.26981159774991653,0.3763375196719334,3969.9041645502252,0.4999617834394905,nan,0.0,0.0,nan,nan,3889.06,1.0,23.37778840736009,0.0,0.0,nan,nan,3835.4,1.0,23.704860453545347,217.22004180371908,1232.1249079195334,0.11250318388688425,2.236284360452562,4363.195792802823,0.4999617834394905,nan,0.0,0.0,nan,nan,3868.75,1.0,23.500516131444996,1973.8383552982702,2.281264296993095e+21,1.2310887284591876,2.7163504686937585e+18,6583.559473420175,0.4999617834394905,nan,0.0,0.0,nan,nan,6547.775173699488,9.99923566878981,193.93267853817915,6663.808796309299,521.4991013290378,9.035162243056746,1.3224970865684504,6716.647190845786,2.649067503923131,48.42830071443426,4365.956414222372,694.5921965583901,5.5800953851508694,1.6568690598689702,6730.98039977761,2.5186951221588836,45.763040816792746,0.0,0.0,nan,nan,3426.0,1.0,26.53754284399528,0.0,0.0,nan,nan,3760.0,1.0,24.18021855944889,103.40614122921642,111.34943974669542,0.06500044915897918,0.21405170324680023,4686.156785497266,0.4999617834394905,nan,1962.6658909974888,95.01734147289945,2.4127344670380904,0.2539562148111178,5875.498433653135,3.156141519017391,66.68258906742209,-999.0,,-999.0,0.5706419148324797,0.7205833912247385
16d23m28pt59s-24d38m50pt08s,16.391274999999997,-24.647244444444443,0.5941238746566642,17.66152375757375,0,0,0,nan,nan,8.015455006655372,0.00013735791580328472,10.08671256319137,0.5609132591750317,73.31849792788152,20.194693407551444,0.216,a141,2957.4621951332197,109.43135879478416,12.545659657910273,1.2679420128102614,5006.864220767251,2.285314269543689,55.31615419165691,717.2041369315225,137.14595604247023,2.9956421489705987,1.589189407927938,4959.271050102588,2.244772478193096,54.75639996370227,5199.965878936489,121.05989531869864,12.105890480856973,1.4197179500519774,3726.0205008014777,1.9586883458002984,62.50423628968144,8248.990620273124,166.43283409152068,19.24103595218682,1.9518246023235912,3728.7632071648036,1.9586883458002984,62.45746899620839,0.0,0.0,nan,nan,6562.8,1.0,13.853480493619768,1697.6415976957862,90.51689797985217,8.08904897803944,1.2370762259886925,4861.279881754821,1.87872273014634,45.65791015467147,954.7749928773322,81.00990046345828,2.6250128444081695,0.7888279233739136,4340.429504166349,1.6390275497499767,43.46944108198648,55.14620088723773,1.0969709534246727e+116,0.13134631262606572,1.0442560133578308e+114,4101.173822373899,0.4999617834394905,nan,110.52128775956605,5.419295647324688e+27,0.283187710520061,5.979260479410933e+25,3969.8577196076744,0.4999617834394905,nan,0.0,0.0,nan,nan,3886.1156095188553,9.99923566878981,326.52642944617054,0.0,0.0,nan,nan,3835.484100911883,8.780567994137053,290.5296347769254,0.0,0.0,nan,nan,4365.158202043437,2.381537781784384,66.41924372592459,710.2089229063197,85.22515941863927,1.5180850402001527,0.833820848719451,3870.1061553207846,3.2553265660426214,104.61806682345774,0.0,0.0,nan,nan,6583.45,1.0,13.810026928666252,0.0,0.0,nan,nan,6548.05,1.0,13.88468655302385,0.0,0.0,nan,nan,6716.44,1.0,13.536579167464883,0.0,0.0,nan,nan,6730.82,1.0,13.507659064352907,1656.1662884193483,118.88217714084412,4.381612783143709,2.0070080797746237,3423.1507779369804,3.7023629054329246,135.09837751673714,1188.8581442892464,99.13249106993435,3.0714361124434926,1.2594157112853734,3760.9289907033126,2.382410163774608,77.10566545549896,114.85867079643944,98.60966204027088,0.3989654478213027,1.0472222608851367,4686.832805465187,0.4999617834394905,nan,0.0,0.0,nan,nan,5885.62,0.4999617834394905,nan,-999.0,,-999.0,0.3452672075506304,-0.12398550493887495
16d23m41pt415s-24d38m36pt656s,16.394837499999998,-24.643515555555556,0.576189701999793,32.23426857304498,0,0,0,10.819304989597267,0.05711031947213512,8.0949402807952,1.476555721366618e-05,8.132302480532033,0.03866207717100142,49.71647842554795,8.275077441815633,0.216,a141,77119.13205037966,252.2170221640549,70.49747277258655,0.6297503897678589,5006.8689583462365,2.3718151081955914,57.62234449794211,26379.915308241627,204.6734733835694,23.548942302555393,0.5069295894925674,4958.975209528236,2.376729907643004,58.31133637046786,61674.18622267201,424.0476626357908,25.165240418031836,0.8715480342693828,3726.1079550467057,2.2024736303403625,71.35167984885386,86099.06438017874,541.2970076645693,35.19909067015387,1.1125314075629007,3728.8639113113195,2.2024736303403625,71.29829266825026,0.0,0.0,nan,nan,6562.8,1.0,13.853480493619768,30898.051143940385,113.28300518861505,29.4549760103486,0.3097425749238823,4861.324648411728,2.3796476362328582,59.56175442761684,14085.199594298916,110.60885031742797,8.85191890754396,0.24619016046646852,4340.465769258955,2.2019759435351567,61.23583060624527,6792.762067994965,100.45030465680675,3.4114870566914317,0.20156231948610467,4101.803914146162,1.6387650007512258,45.99044879896927,3927.2295417001937,102.03207704385595,1.7592862364334707,0.19684328458831646,3969.634159676243,2.0260854309176075,60.97042234891578,4085.258443563826,324.3090667398492,1.553821227664783,0.557973518033258,3888.8620612028885,1.4619881414910332,42.01642482420659,322.9899838056483,290.03585680398237,0.12910666100198892,0.5426234799382934,3835.251498749282,0.4999617834394905,nan,62.80530882211408,865.3342491745461,0.03328663602786059,1.6064876175049734,4364.128744154961,0.4999617834394905,nan,10393.3568347801,236.27029817931725,3.992896818510462,0.41579249349517483,3868.8683266679054,2.315251999104488,72.62301302156881,0.0,0.0,nan,nan,6583.45,1.0,13.810026928666252,0.0,0.0,nan,nan,6548.05,1.0,13.88468655302385,0.0,0.0,nan,nan,6716.44,1.0,13.536579167464883,0.0,0.0,nan,nan,6730.82,1.0,13.507659064352907,0.0,0.0,nan,nan,3427.358745256254,4.315579650710861,158.24323504196994,1497.6485394751862,228.2004994803754,0.660747563835959,0.4959540485178313,3758.373055131309,3.5967636395522398,119.45446742566992,176.63376856235442,93.25900012736159,0.13522224848150366,0.21840351839815472,4685.354558185836,1.6669498741908422,41.10426283927199,2299.1742255961844,140.44526651832192,3.583520701912782,0.47589626097270177,5875.776151450315,2.66293809756362,55.67010200943065,-999.0,,-999.0,1.2976945983185217,1.43075965539978
17d52m41pt58s8d55m37pt45s,17.878216666666667,8.927069444444443,0.7425041057529218,27.03096375936319,0,0,0,8.444286927969166,0.05191156965699442,8.026543369306118,0.0003587176299110801,6.893780477069235,0.33190944775353676,91.353475437605,19.440399085011364,0.485,macs0111p08,7069.378996242211,225.08944028340284,12.451915253070744,1.082938604325871,5006.789232106655,4.205475722647074,105.44192182734693,2501.9935295903438,303.2904096589581,4.572856903124632,1.5380307370579558,4958.858214015664,5.779427002682048,147.28292991387553,9212.067529570113,460.2037930944313,12.174075890639457,3.0652744527251485,3725.2470401524665,3.3207522322555585,110.91320873739635,21238.859032859185,1007.6869112915335,28.127777287660123,6.711889367008408,3728.2983434336525,3.3207522322555585,110.83022059305648,0.0,0.0,nan,nan,6562.8,1.0,13.853480493619768,5805.5662232628265,222.04622904258537,9.842779934739042,1.0796406092511295,4861.6277975851235,3.136143351514751,80.05836376909315,2519.1804971196098,193.8590883048808,4.047487591516395,1.1029679812425608,4340.7401607421525,2.651456941536996,75.01075369902692,1811.6211807957034,132.0388830415371,2.1626440790889236,0.6297094470714482,4101.973574837545,3.169818006546235,95.95633602075564,552.741028684912,3196.314274595839,0.5918789073915802,14.728548335134006,3970.934711267725,0.4999617834394905,nan,0.0,0.0,nan,nan,3888.8688457019634,4.396086285317266,142.0717638897549,187.65868989723538,2.148997537012656e+32,0.19685184724949087,1.0561266938049068e+30,3833.7525386476455,0.4999617834394905,nan,104.02411077599439,563.4202092332133,0.1457907498706772,2.7678288325596165,4362.680929279698,0.4999617834394905,nan,4789.780582260267,233.422762782486,5.429099038192978,1.2137178420277608,3866.5899989355876,7.418598217284096,243.03687495773931,0.0,0.0,nan,nan,6583.45,1.0,13.810026928666252,0.0,0.0,nan,nan,6548.05,1.0,13.88468655302385,0.0,0.0,nan,nan,6716.44,1.0,13.536579167464883,0.0,0.0,nan,nan,6730.82,1.0,13.507659064352907,0.0,0.0,nan,nan,3425.6496690667086,4.761216148577653,175.004153144539,2713.7227357104703,386.88701240396557,3.431657942565306,2.3992829354405933,3764.9289437419106,9.99923566878981,337.7342754526394,0.0,0.0,nan,nan,4685.686324964744,4.459491100495281,119.66256763162154,0.0,0.0,nan,nan,5875.62,1.0,15.473706908126772,-999.0,-999.0,-999.0,2.0028817360032085,2.465724259559114
17d52m45pt885s8d55m56pt74s,17.879412499999997,8.932427777777777,0.40386612729519067,12.610485088533805,1,0,0,nan,nan,8.059885911884686,0.00012434761051946178,8.04044953397224,0.5079780786170205,67.39800596891209,10.771880941937743,0.485,macs0111p08,3476.7785886328697,92.75825316837918,50.41409614022869,3.673770551341334,5006.8555563168675,1.967338233376975,46.750319071675044,1240.1363400118978,108.37303469400513,18.449596491382284,4.473360360281484,4958.925597139637,1.8604250170808605,44.25285809288644,5039.362894021301,280.22052607524006,52.81439489579196,14.793367147028807,3726.070317919575,1.5161953006342441,45.95340443573015,5177.551175357722,262.0339871141069,54.368862960390295,13.833265644994125,3728.871838587531,1.5161953006342441,45.9190209046464,4217.89296330048,147.1110725700914,303.0311031222902,20.244420473968603,6562.737671730437,2.4460154981934004,45.46511411977305,1857.3375698617187,105.7252210518976,40.77183175696456,6.656907797090809,4861.219059055498,1.987121026489282,48.70361323126214,1006.9198846636592,134.3326445004103,12.854622130782273,6.075333887842683,4339.8876285709575,1.658954342532093,44.114966453247135,348.4371196543736,232.25095990950138,1.5147578059718034,4.034832714879277,4101.429284193015,4.014967132510343,122.70855953146878,392.84487302372406,0.0,1.770553761564793,0.0,3971.3071097215293,0.4999617834394905,nan,0.0,0.0,nan,nan,3889.3815618379845,3.451339393629033,110.63296174632677,1531.3141541026848,186.32983560020097,11.263511800867478,6.411522401982706,3836.0266461724586,2.0702591770236403,64.67164022090856,0.0,0.0,nan,nan,4362.447622202817,3.9770460870118405,114.23099566901504,0.0,0.0,nan,nan,3868.8124126967195,3.9438395214068174,127.72049544384743,381.0441598051497,21938903.7107553,6.048993451910014,664930.7735503463,6583.249662900571,0.5593877297194739,nan,0.0,0.0,nan,nan,6546.952876390036,9.99923566878981,193.93267853817915,0.0,0.0,nan,nan,6716.44,1.0,13.536579167464883,0.0,0.0,nan,nan,6730.82,1.0,13.507659064352907,1012.6058589876291,2339230839186.017,15.106205206009387,222076921939.5431,3426.289803567343,0.4999617834394905,nan,956.1510967699824,238.94583382599785,39.25026144283066,48.20909388366617,3761.699678473212,2.8327809784435423,92.94084571781912,0.0,0.0,nan,nan,4686.982359630433,2.9933326308761514,79.07388736875093,651.5030016084297,197.97389713962957,254.16277075898319,168.00111740783797,5873.1636294955915,4.387317036623239,93.84452060088778,-999.0,-999.0,-999.0,0.2082099664061323,0.2736091633471054
17d52m57pt27s8d56m04pt135s,17.882574999999996,8.934481944444444,0.14330768767234847,5.590312931492495,1,0,0,7.885946797681858,0.029755305968397372,nan,nan,2.415921773946541,0.20947131002487715,53.27632514154766,13.786401855927656,0.485,macs0111p08,4443.057418450059,160.92464406954687,25.30904807692024,2.5038257599924196,5006.8331468152455,1.96058521065083,46.56653847721833,1848.3394556153085,212.35129625958052,16.524548251772956,5.266666526398049,4959.357702637165,1.7928335163924587,42.37409083429344,0.0,0.0,nan,nan,3726.03,1.0,24.400668213494743,0.0,0.0,nan,nan,3728.82,1.0,24.382410999599827,4730.63573490585,163.35739259571807,94.73969981981443,6.266327533178606,6562.832013205811,2.357063173597238,43.66118805774778,2604.1393152345427,197.02460556115184,15.354674203858982,3.331554051657597,4861.711034122288,2.191451670285559,54.383911060253006,5142.463349191877,699.9206993080172,192.6500029084853,93.20372070536622,4332.726909553826,9.99923566878981,292.5682705754515,0.0,0.0,nan,nan,4101.73,1.0,22.16567686891332,0.0,0.0,nan,nan,3970.08,1.0,22.900702702093618,0.0,0.0,nan,nan,3889.06,1.0,23.37778840736009,0.0,0.0,nan,nan,3835.4,1.0,23.704860453545347,446.44346507165733,315.997683520469,2.7667257725882792,6.86444813136854,4362.625051783377,2.3598218120140735,65.75604208752682,0.0,0.0,nan,nan,3868.75,1.0,23.500516131444996,300.3454797012613,655.1943174045051,1.8937516099491334,7.885603000351552,6584.572476751583,0.4999617834394905,nan,0.0,0.0,nan,nan,6547.979964169165,9.99923566878981,193.93267853817915,1106.5231429349053,234.04908405998137,12.556773730088404,4.967095192587544,6717.410722197162,4.2914725815280255,80.2554366607049,937.3039809888343,214.65982477501095,12.763870822878964,5.456238242836367,6730.293131084027,2.384157447985451,43.107676789969545,0.0,0.0,nan,nan,3426.0,1.0,26.53754284399528,0.0,0.0,nan,nan,3760.0,1.0,24.18021855944889,263.14476264877595,231.41260147081368,1.1429106993640665,3.075106776166625,4684.988000756639,2.194428424362938,56.50791977200148,381.7656578181637,92.71932191644896,3.736344770990966,1.972840798300202,5875.726834968253,1.8803883723144164,37.81501508080676,-999.0,-999.0,-999.0,-0.10097303895119428,-0.7321794039197702
17d53m16pt725s8d55m23pt545s,17.887979166666664,8.923206944444443,0.5429460275003011,39.623248459765136,0,0,0,nan,nan,8.127723805962512,0.0009437026146450259,8.19073043143859,0.43015265136038233,65.62203975766576,17.412679724687706,0.485,macs0111p08,5773.866307295344,109.5959900715652,84.653458557867,4.3889171889768805,5006.853964381164,1.9478535376367736,46.21979900362284,2020.9619262739968,119.03169749908747,41.99184551751875,6.862193319984788,4958.937554926615,2.017539116924669,48.57875873593243,2901.5151331809343,230.6581658141681,44.0544513774224,17.640892252393712,3726.082385188345,2.1232011577041874,68.48897829290921,4148.91427842976,296.76011174540207,63.11504489852314,22.696413706535207,3728.832085317472,2.1232011577041874,68.43773305998373,0.0,0.0,nan,nan,6562.8,1.0,13.853480493619768,1812.4461266847804,81.01897364496654,66.91674142129395,8.579607317274046,4861.308557863765,1.8311341973985693,44.31211995393826,1349.4159152455823,137.99808366316375,136.13623626628242,49.28132509883088,4341.570527984906,3.7339411787459573,107.57856889113835,1067.1704893193817,615109.0495118675,14.406449482718957,33169.606723278426,4102.20932013008,0.5672526503386902,nan,1368.4881353418475,151.73162566549718,53.04881640355058,25.317567410138146,3970.499344107281,1.7318566416556669,50.797505669482426,0.0,0.0,nan,nan,3889.2240098598268,7.711422104178914,251.39469328877678,0.0,0.0,nan,nan,3836.5766911779915,0.4999617834394905,nan,145.08032471328343,1.988873651988935e+122,3.207727963113023,1.5401882003501885e+121,4364.339622198463,0.4999617834394905,nan,4414.7215728215,344.834230529084,61.56320735399034,22.022460349515057,3869.2236528250023,7.9412306116199485,260.3072712787178,0.0,0.0,nan,nan,6583.45,1.0,13.810026928666252,0.0,0.0,nan,nan,6548.05,1.0,13.88468655302385,0.0,0.0,nan,nan,6716.44,1.0,13.536579167464883,0.0,0.0,nan,nan,6730.82,1.0,13.507659064352907,1203.7953501214417,4311408.405961703,25.188958902257056,575127.1109168372,3424.24799423276,0.5025762470636522,nan,357.03241619304407,0.0,3.653857083576473,0.0,3763.2068257313576,0.4999617834394905,nan,0.0,0.0,nan,nan,4685.1316946480065,3.1025538504357373,82.1229619632489,480.67838726912635,215.85417903497483,32.19193328962075,31.44341788929327,5873.50844278155,3.956078947037801,84.36589329310551,-999.0,-999.0,-999.0,-0.16035286702937668,11.25236344994786
22d57m45pt48s-13d36m58pt283s,22.96263333333333,-13.616189722222222,0.4677393846786393,12.242052181917927,0,0,0,nan,nan,8.048556079397674,0.0023630424972360545,7.169509953522905,0.4662854046395425,72.86212295558123,14.93670319905388,0.206,a209,3912.9091261052026,157.4292314223478,13.279004476333165,1.4592861773623411,5006.821194565476,2.1616973744305716,52.00437145375945,1082.5452662364407,146.86819668736334,3.6489933908352628,1.3735236792270225,4959.021748338122,1.691352139555226,39.52869649922996,4919.041806125133,318.2982313977033,22.457112644647964,7.316399095669611,3726.731818187567,1.9473293160920233,62.08850188087199,3530.5042535265784,273.4028405561537,16.142691184351616,6.284434213205556,3728.928901422188,1.9473293160920233,62.04204565068452,0.0,0.0,nan,nan,6562.8,1.0,13.853480493619768,1875.302571466107,102.7050807036755,6.565828713434236,1.0313437460194899,4861.425247260381,1.8794001338207889,45.67702616883465,0.0,0.0,nan,nan,4341.077046704658,5.661653534878775,164.78794754748628,874.1022768512112,57785835.40150595,2.2483920421365284,593059.2289532219,4104.321101553386,0.5165658271524323,nan,0.0,0.0,nan,nan,3970.355417791458,3.679002792711192,115.82086042857573,0.0,0.0,nan,nan,3887.225429583968,4.221435324147755,136.27747704827024,0.0,0.0,nan,nan,3837.1809119139916,7.721998251150116,255.26439765975775,199.64349204376532,2.8340721260654965e+25,0.6065821480748651,3.0191195046788378e+23,4362.063753396721,0.4999617834394905,nan,0.0,0.0,nan,nan,3868.651989502595,4.841656737498286,157.65188718028477,0.0,0.0,nan,nan,6583.45,1.0,13.810026928666252,0.0,0.0,nan,nan,6548.05,1.0,13.88468655302385,0.0,0.0,nan,nan,6716.44,1.0,13.536579167464883,0.0,0.0,nan,nan,6730.82,1.0,13.507659064352907,1181.2570522599337,319.04005397941836,5.6177407682796385,9.66075841985098,3425.6721300316426,2.111769535617926,74.03675642773159,0.0,0.0,nan,nan,3761.2367947119,3.7194583106820795,123.6870335100128,0.0,0.0,nan,nan,4686.561226940371,5.82693147945637,157.17144149645173,0.0,83.43745826306031,nan,nan,5875.62,1.0,15.473706908126772,1.0198070067340266,4.540290029250895,8.28006090679117,1.876756638323115,2.0425293486254152
22d57m55pt32s-13d37m11pt705s,22.96536666666666,-13.619918055555557,0.7342241779195031,16.982169009893163,0,0,0,nan,nan,7.451673320329126,0.0021981026423372498,4.7885365651792755,0.35526075893250947,59.39301454899093,14.791797297853698,0.206,a209,5211.040513823118,152.47400028502145,135.43359618229172,10.823946980330518,5006.831436978444,1.7777986255458917,41.55287545463046,1410.6398224989332,107.60823309383773,163.51681484554754,34.60621675414584,4959.154032380066,0.9702608489100599,17.24886295161129,3690.8257706699333,209.53533048153227,90.56282523875166,25.89690624349618,3726.156713004873,2.0895555319042756,67.27010275515252,5139.523798808006,258.0948737084876,126.36941088895112,31.898480943502673,3729.102023346171,2.0895555319042756,67.21976951657118,0.0,0.0,nan,nan,6562.8,1.0,13.853480493619768,3226.8793806780695,225.77533474448128,764.8252910935462,153.48183230142575,4861.3747006090025,2.661314202848281,67.24128706804836,856.3587093142487,84.64897290869263,9.324141683541376,3.26423830789991,4340.462691308599,1.240631444567678,30.043422380883392,0.0,50.57317815506448,nan,nan,4101.73,1.0,22.16567686891332,59.60574839154971,0.0,1.2741476491633825,0.0,3968.4732331589066,0.4999617834394905,nan,486.7066763179441,21552.548421936855,8.380998471667805,1678.6477683606433,3889.011286072868,0.4999617834394905,nan,0.0,0.0,nan,nan,3835.4125887754844,4.407218117559336,144.43371682503818,1608.3361697940002,209.79043813182435,17.113709554473864,7.8199077192908435,4363.985992011106,4.373701618291356,125.97119935723495,809.641473908157,86.07115667146535,11.230386487299821,5.4700227062179385,3868.525625807364,0.9886349620351536,22.973896951439258,0.0,0.0,nan,nan,6583.45,1.0,13.810026928666252,0.0,0.0,nan,nan,6548.05,1.0,13.88468655302385,0.0,0.0,nan,nan,6716.44,1.0,13.536579167464883,0.0,0.0,nan,nan,6730.82,1.0,13.507659064352907,4616.544637701678,260.2859359833993,124.21184108256642,44.4679210979114,3428.8481211371964,4.437623594017971,162.83754378527908,0.0,0.0,nan,nan,3765.02590717712,3.7057865787724658,123.2156669783754,1664.1511979238364,368.19230208213503,103.34185463063662,69.6682096839899,4695.68,9.99923566878981,271.0131455203778,0.0,0.0,nan,nan,5875.62,1.0,15.473706908126772,0.5796692150123965,-0.0011644416289347606,0.12422707162477836,0.19911648515048877,0.025796458427945645
22d58m08pt31s-13d36m35pt054s,22.968974999999997,-13.609737222222222,0.4161275606415906,22.67086897038117,0,0,0,9.291739128963044,0.03418482743050062,8.170262570064692,0.0006087997016056384,nan,nan,64.01476059536357,14.43583361127863,0.206,a209,5179.490546541292,131.47326445599515,5.195860177368705,0.3602419777709746,5006.841698183244,1.742600214018415,40.57741400256758,1678.42888857451,96.99727312598316,1.55431363122511,0.24920795910563995,4959.123941729769,1.621422890139088,37.547703718456496,1443.2648994018018,322.31613225150016,1.1003487292486227,1.2385618015434599,3725.210601744604,1.93693224665372,61.70765930211496,2590.8273567512497,479.9870359000324,1.9801016107885634,1.844442609028244,3728.7219382734656,1.93693224665372,61.661488028239354,3006.9740301926304,241.01222890329169,3.9190298372462338,0.6016923184704592,6562.475429911504,2.565659275840594,47.88234489921458,0.0,109.81502695699356,nan,nan,4861.33,1.0,18.702211490174054,0.0,99.44537223338044,nan,nan,4340.46,1.0,20.94654063936261,0.0,103.12089061860631,nan,nan,4101.73,1.0,22.16567686891332,1514.289971922728,244.72814256303948,1.0087617529369886,0.7026201419347179,3968.37700205968,2.069887061930021,62.46505598218947,1544.2417009726628,160.24585943356325,1.1229998803920298,0.5267257505433021,3890.1143313417424,1.059931056760739,26.054084887457968,1233.6046763657369,132.37070443236024,0.8165465542422323,0.411605020880686,3829.588444799254,0.9525946741546941,21.446063329397123,796.7525530453274,250.2092028075893,0.7741391728184244,0.8514628207785712,4364.393186584102,3.170310316435305,90.22055882367076,283.13051481468386,inf,0.19994301305418663,inf,3867.735604247107,0.4999617834394905,nan,0.0,0.0,nan,nan,6582.905979538822,5.347856938188378,102.52660296421446,0.0,0.0,nan,nan,6547.682239867898,4.7771724427112,91.87740898503168,0.0,0.0,nan,nan,6716.44,1.0,13.536579167464883,0.0,0.0,nan,nan,6730.82,1.0,13.507659064352907,2785.203655716944,304.25062049537524,2.6724162703869765,1.86013877313496,3424.830799803073,1.2326692495182263,37.703633195364276,4226.86841907549,383.8211381797473,4.034727388699086,1.8013677991201884,3761.1437811071137,4.504220119627124,150.65577424942143,0.0,0.0,nan,nan,4683.6239552761845,9.99923566878981,271.0131455203778,3132.0413623527465,2094.9994856152534,5.212300469428669,7.576858990508869,5877.549545917331,9.99923566878981,216.12712798001303,1.6176750474677017,10.465197387654111,21.783101899835632,2.7541456612359347,3.867149152399509
22d58m14pt595s-13d37m01pt096s,22.970720833333328,-13.616971111111111,0.5792023949795526,18.465640318373758,0,0,0,10.202037804611253,0.06312663283657283,8.08624429963895,3.0288433331072436e-05,10.392691259264305,0.23409917464995803,47.187868196516,12.022142689858047,0.206,a209,18755.092555875683,131.65386677555844,60.05618286779858,1.1514870983589396,5006.838258852791,1.8837014318819636,44.467377277203376,6912.049381009772,135.89340283309082,20.627637928652934,1.125212851180594,4958.936505460823,1.9372792241126093,46.37550689897221,16377.94713157083,219.62440592932643,33.99300265479408,2.2961324075070597,3726.084002860419,1.9032030339330674,60.47001992028298,24216.935895637154,284.97584794729676,50.3560804789414,2.979369606304843,3728.731957548255,1.9032030339330674,60.424774680347134,0.0,0.0,nan,nan,6562.8,1.0,13.853480493619768,6375.829254527869,138.18884572233736,20.182785551131563,1.2546699809452262,4861.301335198531,1.8548317830822343,44.9829978173898,3223.2480819918683,142.92724995265053,7.330291424514065,1.151244656624187,4340.374026786535,1.7418715881491322,46.783825277216465,1872.2439356576494,122.28812973333174,3.7061672353460495,0.9670450693559237,4102.061990768026,1.4973969924291477,41.085395244846524,0.0,83.87897198324993,nan,nan,3970.08,1.0,22.900702702093618,1030.4140102009326,179.05944762347792,1.474318489602837,1.1594400230897726,3888.1307334714734,2.4945436469468274,78.37900780186172,1183.8605158378898,1548559.0922469047,1.8744123935553725,11470.203905903652,3835.992854529426,0.5379388487883218,nan,46.38245675219312,383.91880340318284,0.08147203270734474,2.365941300322209,4360.697585521511,0.4999617834394905,nan,1565.8362927713595,121.89675480594225,2.302668860838388,0.8210283565881286,3869.0660746544445,1.2620167442318007,34.55558857900667,0.0,0.0,nan,nan,6583.45,1.0,13.810026928666252,0.0,0.0,nan,nan,6548.05,1.0,13.88468655302385,0.0,0.0,nan,nan,6716.44,1.0,13.536579167464883,0.0,0.0,nan,nan,6730.82,1.0,13.507659064352907,0.0,0.0,nan,nan,3427.202867355303,6.611333158225787,244.2961515870038,0.0,83.3078108863941,nan,nan,3760.0,1.0,24.18021855944889,0.0,0.0,nan,nan,4686.122869016158,4.699578134046698,126.26336537751907,209.4412236211557,307.82230687304565,0.5586622086501125,1.7851719640663875,5875.498167058677,0.4999617834394905,nan,,5.4875151914913936,8.952061287054194,0.6846570368152276,-999.0
22d58m21pt285s-13d37m09pt294s,22.972579166666662,-13.619248333333333,0.43804469066574403,28.07295870747188,0,0,0,nan,nan,8.082353943345385,0.0001062910625473754,8.41464389971876,0.3219004197747253,53.20824241390559,10.036488269017642,0.206,a209,11603.115314992232,139.18057130588772,30.496745979520444,0.999175009798718,5006.858846712436,2.6925461865735247,66.10987692979431,3898.994516900826,144.39349298634338,11.839373256824661,1.2164573747670306,4959.07868424891,2.722504998043466,67.54506125903383,9969.318550271177,543.1938325841414,21.375681299191537,5.867618461649065,3725.8655723686757,2.638049990556276,86.9051547806989,15755.484393171291,806.8935173293017,33.8515044418772,8.71612123492395,3728.8071806387734,2.638049990556276,86.84013008606678,0.0,0.0,nan,nan,6562.8,1.0,13.853480493619768,4899.424534972115,145.5963521643278,15.896283679379323,1.3548774046391079,4861.387881061448,2.7079614457811862,68.50667622775994,2403.1730050022525,190.21727318058174,4.8049475423303285,1.3471045581756607,4340.262811584085,2.88847828443339,82.19653356911247,0.0,101.91639987457268,nan,nan,4101.73,1.0,22.16567686891332,0.0,0.0,nan,nan,3971.642571203528,5.044937460072064,160.21314221576102,1477.846729783453,55042642.90253701,2.575478072480538,434065.05420571315,3888.2943062710942,0.5284793561735598,nan,1610.0432363590717,274.99015168494867,2.1969311595939125,1.7568128842870283,3834.7463522461944,2.429125187650583,77.2106134037341,1171.8129587275082,6139713.053769413,2.0947419777077916,38481.77603310332,4362.064471147779,0.5692603705741636,nan,2436.496263820646,279.2743462709699,4.411530229477304,2.318027533091759,3867.673465876677,2.3068603031029653,72.3332533995582,0.0,0.0,nan,nan,6583.45,1.0,13.810026928666252,0.0,0.0,nan,nan,6548.05,1.0,13.88468655302385,0.0,0.0,nan,nan,6716.44,1.0,13.536579167464883,0.0,0.0,nan,nan,6730.82,1.0,13.507659064352907,5459.729563803504,338.50317379843136,7.254087017607207,2.8639811521001453,3425.547614051447,2.757961290506578,99.12981250274001,458.73559475764125,325.8574221519579,0.7218726651445784,2.5241974218082386,3759.3902390501858,0.4999617834394905,nan,134.16131315320666,134.42744648631964,0.2836013946191501,0.8682992967921715,4688.317646981978,0.4999617834394905,nan,73.85429643741261,579.0228372327871,0.32074284109493345,5.468574447206558,5874.369017383444,0.4999617834394905,nan,0.8831765866473196,2.409653733962911,4.266985428343056,0.2267973343349198,0.4847004461755192
24d30m27pt42s-21d55m04pt409s,24.507616666666664,-21.91789138888889,0.8295597724805102,31.977685498244316,0,0,0,9.564325085836998,0.06347458478104111,8.152900155848295,0.0010507897443489112,8.987342383351223,0.7198540713079683,75.49790055541858,19.10953992702929,0.35,macs0138m21,5634.94561120211,115.90587129665693,55.94840761285612,3.143319773956354,5006.851205661996,2.0937484831957276,50.17473898875148,1579.23326838279,116.10185100006997,9.54431889780193,1.9466995910967064,4959.162425747668,1.9349418480464584,46.311145563817774,1654.944670821072,129.80091179811248,6.728981840906431,2.6579959484463496,3726.3331003030353,1.6487136046660285,51.003411680234635,3198.185968036054,207.52890150216993,13.026904331080834,4.249669526484101,3728.8790387276945,1.6487136046660285,50.96524960252967,0.0,0.0,nan,nan,6562.8,1.0,13.853480493619768,1342.7005452464286,102.42577249630327,8.834416238619196,1.9327272275268101,4861.627751716106,2.1671219528933743,53.71110244796257,0.0,0.0,nan,nan,4341.250119470159,1.376231254756971,34.75463266397377,1552.1368273813293,151.72656646461715,6.835691504984365,2.6572178657519427,4110.500165402287,6.1657540808885605,190.1363162246006,164.78577464105862,185.43751372064628,0.5982434259814172,2.8979523121676998,3970.4051229397205,0.4999617834394905,nan,1140.1125259951568,281.93477592964695,4.779400954904514,5.315200041053659,3898.2061879072,9.99923566878981,326.52642944617054,1242.4823271684675,197.0793033391186,6.959247655828123,5.165108888669555,3835.6812423909723,7.698529902074594,254.48217191366152,3.0541815454370416,221.76720763401437,0.013821022845270318,3.5143877036779148,4364.691117162197,0.4999617834394905,nan,0.0,0.0,nan,nan,3868.21018788752,3.9668121660289164,128.48858765241252,0.0,0.0,nan,nan,6583.45,1.0,13.810026928666252,0.0,0.0,nan,nan,6548.05,1.0,13.88468655302385,0.0,0.0,nan,nan,6716.44,1.0,13.536579167464883,0.0,0.0,nan,nan,6730.82,1.0,13.507659064352907,781.307965472472,82.67932361998662,3.1318157491961207,2.1071097452644083,3427.3470337236645,1.1884666696881965,35.690098780041275,0.0,0.0,nan,nan,3762.0752953666843,4.933524518096394,165.35459503656926,0.0,0.0,nan,nan,4685.609854285584,4.2462116829648435,113.79129254780987,0.0,0.0,nan,nan,5875.62,1.0,15.473706908126772,-999.0,-999.0,-999.0,0.10265483177056524,0.06825134734119034
24d30m30pt195s-21d55m03pt284s,24.508387499999998,-21.91757888888889,0.6015831643794081,31.05063770398896,0,0,0,nan,nan,8.117442508971145,0.00026193942558061403,8.46904230505903,0.49901613577742143,68.9123602348763,18.265461915064968,0.35,macs0138m21,4064.454909303934,111.31957017595685,176.6323358597911,13.213752189664946,5006.8397480163185,1.7852449765998026,41.75877596927122,1183.9676760695886,109.21284470800244,22.567904636533868,5.775805266056429,4958.97967596512,1.590801490530053,36.67422530027283,2538.2107197065543,134.97220906600322,29.552691080090046,7.915818246457717,3726.097738006498,1.544100169260885,47.02564321794294,3170.4883011409984,148.7722626299271,36.98944139001292,8.725160529282643,3729.0085662071288,1.544100169260885,46.99045740994522,0.0,0.0,nan,nan,6562.8,1.0,13.853480493619768,1293.7852016249553,70.07004353899765,26.55686638790537,4.1255505329862325,4861.151005993916,1.6726914294305244,39.784696663247,926.8416082435999,154.71924768738728,11.54973908582595,6.829005506417834,4340.269062940992,2.8489665815088285,81.00148977748053,0.0,0.0,nan,nan,4103.71927736361,3.8943604225829858,118.9050771459104,953.9945537316463,455.6284478956993,19.052561762898275,39.1905641563521,3969.5192930341627,9.99923566878981,319.8627926142355,0.0,70.16337486776804,nan,nan,3889.06,1.0,23.37778840736009,0.0,0.0,nan,nan,3836.205449685883,6.796502382109993,224.39957526952426,0.0,0.0,nan,nan,4366.820801199893,7.676128893113478,223.04155636023688,1169.3072053968642,130.2240695275361,21.66587809233106,11.048862770287432,3869.4378683125806,2.349112705399143,73.79114006508676,0.0,0.0,nan,nan,6583.45,1.0,13.810026928666252,0.0,0.0,nan,nan,6548.05,1.0,13.88468655302385,0.0,0.0,nan,nan,6716.44,1.0,13.536579167464883,0.0,0.0,nan,nan,6730.82,1.0,13.507659064352907,364.0193087049869,253.56743459247306,26.465902014398136,117.24784979066408,3426.9950507773133,0.4999617834394905,nan,1743.1953253073737,126.107375167154,66.62444036319032,23.69486096755267,3761.319018658984,2.6483084676162356,86.48020761663409,251.86893726110065,1862858.4297398063,5.18914498322316,117423.03446304027,4685.008225170213,0.5007702004218791,nan,0.0,0.0,nan,nan,5875.62,1.0,15.473706908126772,-999.0,-999.0,-999.0,0.10220636060932226,0.0001424559763818357
24d30m31pt845s-21d55m29pt888s,24.50884583333333,-21.92496888888889,0.8614848083977711,17.361899535732682,0,0,0,7.824739282949823,0.01845186750323162,8.099257890949094,0.0018509872389059863,7.662663686253935,0.4159129123646164,64.75558204867811,16.184506643072623,0.35,macs0138m21,3518.5931131651746,142.7417385940219,136.27443962384146,15.100743031606852,5006.731117576843,1.9753976896598542,46.969534120979546,1442.1941162992832,91.2678053948574,31.040391962702657,5.4512004469172055,4958.3985005280065,1.8073074640154128,42.777427416689314,1884.1003098458768,108.22476072563376,92.8753323368299,26.879033335821656,3725.7399960776816,1.7301759639875525,54.06188676425049,3391.4080739271553,161.7515103490482,167.50588232437343,40.17310095804888,3728.5556508504033,1.7301759639875525,54.02143625602745,0.0,0.0,nan,nan,6562.8,1.0,13.853480493619768,1335.8664861672576,64.2141709312911,39.333260929504824,5.4235229717512015,4861.026767581713,0.9629000645836262,17.315550259241295,1130.4694825749527,98.4302171696399,97.89492729054122,30.195096471631306,4339.973779867761,3.610772481033092,103.89841006394693,647.2524376692226,63.23655431193412,28.120488537367493,10.979140622262829,4101.421867550754,1.0103036726767527,22.611323413539587,942.4578795557009,71.03114977410212,82.77485845041498,26.843299272754194,3971.1244612761484,2.023889945529285,60.89539346692197,0.0,0.0,nan,nan,3886.5776228820137,9.99923566878981,326.52642944617054,195.4198782307077,70.83747478518589,17.477275079290838,29.65540626195059,3835.0790426757544,2.284837361001597,72.19464769449829,854.0613831829546,173.96721574076116,44.097652594440866,31.413371840935785,4367.613561386206,6.970525477361738,202.35847120700126,765.6320446596909,89.43728209755801,129.63890979053863,69.36673126160476,3868.933397396478,2.5038281157701103,79.10874460125092,0.0,0.0,nan,nan,6583.45,1.0,13.810026928666252,0.0,0.0,nan,nan,6548.05,1.0,13.88468655302385,0.0,0.0,nan,nan,6716.44,1.0,13.536579167464883,0.0,0.0,nan,nan,6730.82,1.0,13.507659064352907,1511.7834400256888,101.07610309768339,28.98105229605666,12.35282288601477,3424.2320305579556,3.1738353210594936,115.03542216339193,1129.1533475616054,110.32815878642654,178.71541056516247,86.10676303882514,3756.8817350914096,4.274652544378488,142.78198908175415,0.0,0.0,nan,nan,4686.909661111475,0.4999617834394905,nan,0.0,0.0,nan,nan,5875.62,1.0,15.473706908126772,-999.0,-999.0,-999.0,0.871625770059591,1.013832754565831
24d30m34pt44s-21d55m39pt935s,24.50956666666666,-21.927759722222223,0.3350115253305219,18.950710863735452,0,1,0,8.163771436955924,0.03982277140681148,7.980186304101073,9.57947280536902e-05,8.730568764578623,0.29573704707916987,69.57076344374022,10.71402586019177,0.35,macs0138m21,4865.714172743146,103.29724302469553,18.71470718474346,1.085199533047421,5006.856208459098,2.3988323768170323,58.34096022159448,1639.9742057159604,106.71352013158962,6.882460899883152,1.2423799364836074,4959.391036544991,2.3048979224624966,56.37873430223675,17025.48986306406,588.8329674364422,30.48753363791104,5.313180145689856,3725.578228345331,3.3492795553295083,111.91013148841196,19297.482063153708,785.3252180859263,34.627961586070924,7.086176534594389,3728.5584762855988,3.3492795553295083,111.8263974205694,8295.003429060858,375.22837887947935,34.35863650315596,2.9772185669427444,6562.342656459209,3.55406450372684,67.59393612451733,4905.597958112409,121.17489980385045,19.020606442205896,1.3477057285034542,4861.051228854185,2.629520994059738,66.37790003400912,2006.810667503295,92.1321966496497,4.748636784688592,0.7720363330695373,4340.675044683143,2.058096059581009,56.767158904118396,1069.8708670483693,143.71470809929403,2.069931959895301,1.1109608946272587,4101.752742679661,1.5375742299685327,42.490935120703924,0.0,0.0,nan,nan,3969.330242728112,6.459744811106977,205.9273892256717,244.2312526768083,inf,0.31670436210102976,inf,3889.5709343730314,0.4999617834394905,nan,0.0,0.0,nan,nan,3835.9312150935666,4.493041317914285,147.3183991071846,83.43869360729565,626.6824704005732,0.2000882846999084,5.268243500387286,4362.415916016794,0.4999617834394905,nan,2047.8867095308237,214.37850775083658,2.6571253376084423,1.275376991908178,3867.356769668887,3.4933394311664587,112.62483753292712,1976.4018443693253,677.4565902938493,6.289064776288981,4.115661412770518,6583.342209477393,2.383059212787934,44.050421464286856,7.72187349588604,1251.2033658938865,0.02307847602559139,7.179654977981365,6548.0093621292335,0.4999617834394905,nan,1849.3599878436712,244.01984647315217,16.736357665572807,4.13054139062302,6716.423118302519,2.5068959684520418,45.628148862550006,1321.469903576961,265.38259706723875,10.354124785052175,3.881356865154664,6730.071030587518,3.2369893730374346,59.77732100175719,0.0,0.0,nan,nan,3426.0,1.0,26.53754284399528,1977.5547380296066,179.49009410414158,3.5483979896582283,1.582611750568999,3761.9814611587767,2.473097497559382,80.31250105216358,196.32207194358955,89.17910916731758,0.6469546759867063,0.8992836811494381,4684.549293082341,1.2686508151205327,28.7473311303821,800.7730300821465,176.6881806811838,7.180836260313242,3.444784557317192,5875.539943793787,3.2517381170975885,68.80522303772479,-999.0,-999.0,-999.0,1.1219368011729598,10.80729153527501
24d30m45pt615s-21d55m55pt448s,24.51267083333333,-21.93206888888889,0.37151772700511376,27.74710118999978,0,0,0,7.823138479372591,0.007471814816681766,8.029938262644409,0.0029465382919565044,9.367129590470041,1.7662032912789885,94.74534015198142,19.558949943393937,0.35,macs0138m21,3170.2163851952864,89.89159956242595,53.447755893849994,4.139467372473314,5006.853632206513,1.7988334271259718,42.134112489182954,1115.5633970979904,78.58843998192906,18.281054586560888,3.5735895445028536,4958.6212266863695,1.5993717282838382,36.91908780373746,2752.5874486536945,1056.8827493578488,61.599585874675334,119.1546665477488,3725.881932429885,3.2279688477687567,107.66796581181848,7064.774139369111,2326.8910943701167,158.36372250376644,262.33745664886465,3728.2591042726585,3.2279688477687567,107.58740584254804,2732.816084122511,268.1347798177406,2998.3228368619716,563.5491612587468,6562.126381714623,4.903097698865542,94.13966523405858,1505.599045481807,77.39887840966955,62.704656412582274,9.246671446625406,4860.983280038474,1.6799266584990769,39.993227070534886,1366.865545304274,124.5922125252829,21.98160389777209,7.097400876798215,4340.129726115376,1.930245670444972,52.762006183313254,0.0,0.0,nan,nan,4102.10507924987,6.329152796325451,195.24005454102883,3754.4684549261588,356.4387507262257,47.7461933219115,19.52190513073879,3969.5823076297656,9.999089610932632,319.8580973994786,0.0,0.0,nan,nan,3889.0601077241968,3.661593879109628,117.65318803996789,0.0,0.0,nan,nan,3834.0146911735546,7.11985961279944,235.18767498049877,386.16469844667466,102.45015343420542,4.445127377534994,4.133500483177553,4362.766056244949,1.5546904459922803,40.504637511199576,1000.9073404965826,113.52127145511528,9.843029543527766,5.105518838401225,3871.4430431914843,1.245367496570131,33.89516603410422,0.0,0.0,nan,nan,6585.654438816313,0.4999617834394905,nan,0.0,0.0,nan,nan,6544.753736168687,0.4999617834394905,nan,456.05705058990657,82.5431554458833,28.651233767239116,9.699881005469024,6716.133998310582,1.3138968263694322,21.076094751994187,347.2921891663612,115.91726833039442,885.4774323634557,551.694132665502,6729.874737496359,1.906324797968475,33.53832726528174,0.0,0.0,nan,nan,3426.0,1.0,26.53754284399528,962.4516044812622,143.23363683482702,6.753280749678668,4.945946987616093,3759.8255012253203,1.6118798604142164,49.16166429691843,0.0,0.0,nan,nan,4683.799052371234,9.99923566878981,271.0131455203778,701.9943249629627,332.4550236053286,24.16856129197402,24.88173819594148,5876.17149116711,7.637219510502032,164.78307957157128,-999.0,-999.0,-999.0,-0.14038662065069735,-0.3180764442927888
24d30m47pt7s-21d55m50pt224s,24.513249999999996,-21.93061777777778,0.458248278491888,22.34759042636126,0,0,0,nan,nan,8.064335419032071,8.473018118516572e-05,10.78136076621231,0.4783231812703583,72.72743551608758,15.745007710660495,0.35,macs0138m21,4914.8349621877105,95.79480893780105,51.50520711164931,2.742012844607928,5006.8498976059645,1.9782375775219891,47.04674762361242,1891.338768118262,108.39647630212966,14.979144026285649,2.3820054659084473,4958.823402680722,2.4405580205408777,60.023928435972394,6814.9635549627865,225.63724597505882,46.02669719911779,7.676913196861365,3725.9412956583574,2.117597483558139,68.28614152367271,7152.657133774341,226.3116022926107,48.40320134067612,7.69985699273704,3728.7796424619987,2.117597483558139,68.23504805848773,0.0,0.0,nan,nan,6562.8,1.0,13.853480493619768,1926.8249036008574,79.05085350170955,13.64674024251579,1.60578818161322,4861.413975925937,2.0619564806240365,50.79230321219875,603.3592479782579,105.01806732756738,5.281604142702546,3.2563996832584476,4340.085791670039,1.6739638528535035,44.60008547987033,445.6273658556347,78.64350743935512,2.775439616034752,1.9569490605573685,4101.8210556209215,1.0410669056777688,23.91792119024505,0.0,0.0,nan,nan,3970.1673704450673,5.221124482775836,165.91629798399478,505.76523387636547,99.69119746106597,5.234081600698685,4.666161732655708,3889.088797417685,0.9474480270223278,20.90095809073582,0.0,0.0,nan,nan,3834.3529029199235,7.144623994038334,236.01367800329908,0.0,0.0,nan,nan,4363.354242847296,9.287858304988537,270.23119659245805,1411.1832782864074,172.3942710602483,8.620931209025015,4.820727951121157,3870.018517766518,3.1033509869998714,99.49107314864452,0.0,0.0,nan,nan,6583.45,1.0,13.810026928666252,0.0,0.0,nan,nan,6548.05,1.0,13.88468655302385,0.0,0.0,nan,nan,6716.44,1.0,13.536579167464883,0.0,0.0,nan,nan,6730.82,1.0,13.507659064352907,0.0,90.89537271405926,nan,nan,3426.0,1.0,26.53754284399528,0.0,0.0,nan,nan,3760.389100779227,5.83354176630066,196.09116184196387,0.0,0.0,nan,nan,4685.326762024348,4.64896955538198,124.87264440316454,464.07916203062223,102.25446652580311,7.759056576217551,3.7185046988767962,5873.5908787002245,4.721921036580314,101.18185623057138,-999.0,-999.0,-999.0,15.680430156193069,16.25145636410958
24d30m56pt79s-21d55m46pt848s,24.515774999999998,-21.92968,0.3085071313086478,20.43238879446017,0,1,0,7.906781049340265,0.008866001529979104,8.112853997731895,0.00010730876455222415,9.71533077979958,0.4919723076799637,92.99150242638503,16.69502154684208,0.35,macs0138m21,7352.142605701017,111.75746909540355,156.4388172682421,6.495228951051657,5006.83568684144,2.3316444555400877,56.55241607607779,2315.975806611808,122.8888292704078,48.56436106537565,7.150223385314203,4958.728719978944,2.251209078419938,54.93029237198303,5738.840474162571,299.46623851502807,38.202580223455286,10.04117234142395,3726.144172269146,1.997517811685784,63.92275087610461,5431.12862425931,275.34530951048066,36.22566392791326,9.23239200487941,3728.9740613378317,1.997517811685784,63.87492221316451,4915.015606656576,104.55423683158224,120.5493686663243,4.911917194607839,6562.722846801301,2.5792875839422527,48.15708426141413,2144.8664984276097,98.7481211840293,57.668077774506074,7.615012386786589,4861.337806018102,2.4056477262167477,60.27380957004557,1314.1593961243407,165.84711568304454,20.036532788557327,8.954952376935635,4340.591248710279,3.6936394624681133,106.37490281614909,1799.9651327548504,252.86512736919528,43.254327448927185,24.297407764316887,4100.344449310288,6.467489876352603,199.5597146613226,238.11248183922095,0.0,2.959238310713917,0.0,3971.273336535662,0.4999617834394905,nan,0.0,0.0,nan,nan,3890.3120707731873,0.4999617834394905,nan,0.0,0.0,nan,nan,3835.480572712636,4.338005684113695,142.1062987820377,1314.810823246722,305.83454467620345,17.173460209982334,14.002444057024386,4362.621635813821,9.506725882093997,276.63512837251096,1238.0189015581132,124.08222269662605,474.0315376695111,217.5937408710101,3869.1533736731494,1.9389990234908796,59.50417103829049,0.0,0.0,nan,nan,6583.07571019275,0.4999617834394905,nan,0.0,0.0,nan,nan,6547.857211824573,6.536417538894585,126.35312214419712,907.2033352003601,193.69242805585608,11.644176065069601,4.6499058414809955,6716.652430082717,3.4014139643048966,63.09373140432929,67.60172589517057,1492.1215923240757,0.6569322054205382,27.062074723191582,6731.010588655967,0.4999617834394905,nan,0.0,0.0,nan,nan,3426.0,1.0,26.53754284399528,1779.5541808500864,354164.9647535646,2172.807485032804,2128133.1186316595,3759.776149123417,0.6684364992516616,nan,0.0,0.0,nan,nan,4685.359752531773,5.493904681130094,148.053033123312,430.27585511108566,287.01102433524153,7.418286098691385,10.755754842850777,5876.657546888525,8.241063905076315,177.91812311999652,-999.0,-999.0,-999.0,20.443877188746907,36.548870717087716
24d30m56pt88s-21d55m21pt771s,24.515799999999995,-21.92271416666667,0.34492103250241324,9.92050037123224,0,1,0,8.113717136274113,0.007527084430583118,8.113616882422527,0.00031159737670301854,17.836806223758547,7.460405044193821,99.99235820110562,19.440265667162244,0.35,macs0138m21,2436.327176650641,98.62657939834502,1.7330124773133968,0.19162195056980655,5006.850643460676,1.9813132082426248,47.13035283015562,907.3616231169367,79.78058187324659,0.626095198601067,0.15274599139734024,4958.804372174028,1.9781863724298154,47.500069167609105,1687.8446142562034,253.77633933503094,1.569943625950849,1.1882284093756992,3727.037026570989,1.8231079388312437,57.51687675471789,2171.1820284110227,324.29369102745915,2.0223613894625307,1.5184038735440182,3729.0533731017213,1.8231079388312437,57.47384113322217,372.3300874375073,1924274.981387208,0.3447422177182702,3413.2410241249295,6561.797019471669,0.4999617834394905,nan,403.8119466051506,167.16150608631744,0.2735171110342676,0.32483591801354667,4860.573418360083,3.3945976844203973,86.98822319906695,4052.738043869838,287.8424654831856,2.877426779094481,0.7237804722669801,4340.515565818537,6.18364579290326,180.20680023981205,1689.7459126594422,180.7622514706359,1.3523797968370737,0.5792272278722206,4097.983398682765,4.179535032511639,127.89269428197696,0.0,0.0,nan,nan,3968.8034722790053,5.090978204570939,161.70383751881613,3347.5796706378474,391.3830489667631,3.2836028635881895,1.7307658402180797,3894.2385746155915,6.651913453551053,216.54433774879107,0.0,0.0,nan,nan,3836.3466756483335,4.054438642039069,132.55980748336242,288.7296756607428,0.0,0.19620556412986132,0.0,4363.772512701446,0.4999617834394905,nan,4046.081130794191,845.7573397591774,4.027468932774814,3.844748681905222,3873.6414213382145,9.99923566878981,328.2406140748108,124.98736675732023,270.04050842740804,0.11652430035429932,0.4806645375632165,6583.117568489434,0.4999617834394905,nan,0.0,0.0,nan,nan,6548.73610474216,0.4999617834394905,nan,311.2109204771206,95.00204928631798,0.2975353194985656,0.1698392138826718,6718.280568513064,1.5977205979623494,27.22344255475564,298.7096750848177,135.52167815354088,0.2898089588272707,0.24526327780291324,6734.605599121314,2.644201443387819,48.229398766340054,0.0,0.0,nan,nan,3426.0,1.0,26.53754284399528,744.9557631886895,167.03071571197628,0.6819172719868404,0.7510487922634606,3762.520532166105,2.6264898016366645,85.71396577274729,0.0,0.0,nan,nan,4684.553085456814,2.0470613196520624,52.26587347081443,3212.0184182171506,838.4339087683098,2.978276254143576,1.6880930540542316,5881.481183076999,9.99923566878981,216.12712798001303,-999.0,-999.0,-999.0,0.788466580319708,0.8364556250424156
24d30m57pt66s-21d55m23pt218s,24.516016666666662,-21.923116111111113,0.766156019498472,9.770770377386143,0,0,1,7.721829363332061,0.024243159166159912,8.046396410169482,0.0018524806956698536,7.046673736665243,0.41311412148019067,57.92988499516471,18.81394982471159,0.35,macs0138m21,3165.779466498456,127.89760112671247,8.446181530993497,0.9320284851969817,5006.837618743224,1.5807478394877916,36.038250112985324,564.3247792227725,180.44835277814065,0.9421881718178285,0.8359503885733369,4958.759905305028,1.3566182824649424,29.833903738166562,2335.096368459442,142.58889735775043,3.6052261826321472,1.1088247784202092,3726.205170060004,1.7909812959909364,56.32620836674857,5236.252536488436,261.05195253913195,8.100068178286612,2.0300379538255284,3728.977914910942,1.7909812959909364,56.284063634274695,0.0,0.0,nan,nan,6562.8,1.0,13.853480493619768,1603.799689471275,77.93176887848178,4.436916537698691,0.6183551367769597,4861.431890635904,1.9684411812106795,48.18056179424687,799.1526124981614,83.57670652235235,1.6434857950795125,0.6086169735366996,4340.877256548799,1.9742329702340888,54.144114955325,0.0,0.0,nan,nan,4104.099244659853,0.4999617834394905,nan,136.72812208499076,73.09553930791391,0.23474806972926185,0.5405721995984694,3969.303721784882,0.4999617834394905,nan,0.0,0.0,nan,nan,3887.698240421164,8.64804571537359,282.16875857625365,0.0,0.0,nan,nan,3834.5745682377037,0.6906165981134793,nan,713.8663283068678,161.0966927121973,1.3977246523232794,1.106210679255791,4361.509096327147,5.1242480163880115,148.11414148152707,1359.58679763454,222.3386413483836,2.5402671468510496,1.8965203804023216,3874.204906117797,7.385645444316604,241.94760638503212,0.0,0.0,nan,nan,6583.45,1.0,13.810026928666252,0.0,0.0,nan,nan,6548.05,1.0,13.88468655302385,0.0,0.0,nan,nan,6716.44,1.0,13.536579167464883,0.0,0.0,nan,nan,6730.82,1.0,13.507659064352907,383.90067940439644,103.80542884218204,0.40227004516866155,0.6926606710235141,3425.532085884768,0.4999617834394905,nan,372.23132008070206,82.00906352220728,0.5460362507644926,0.5912635749792324,3761.709040646375,0.7195062651776427,5.634181753150626,418.0785965179418,104900.707430312,1.1820512773304106,906.9316465545053,4686.413830312743,0.5009602738981094,nan,0.0,0.0,nan,nan,5875.62,1.0,15.473706908126772,-999.0,-999.0,-999.0,-1.225635972551551,-0.347961186775696
24d30m57pt75s-21d55m49pt018s,24.516041666666663,-21.93028277777778,0.3089081531215665,22.80427518181665,0,1,0,nan,nan,8.078690160160416,4.921680785797007e-05,9.72043239344387,0.1916773936436325,83.29483034875435,13.277559930242536,0.35,macs0138m21,16224.978039116702,120.95410246560407,28.79264723618859,0.5862766774262037,5006.855415862399,2.405984096001696,58.531057214855615,5218.728891242972,96.79781574889189,8.229645758416913,0.42352727391886313,4958.896353138853,2.5444517492390877,62.803097181894834,15468.695377544072,365.6374983787403,24.30276945058931,2.894345503285211,3725.7172211618076,2.4422329406774046,79.9445625729326,21674.821621549963,475.5830327471905,34.122999646797744,3.7646620447138726,3728.6514823754487,2.4422329406774046,79.88474597422885,13627.635451010221,132.39430061947357,20.073512287771802,0.3735508194798007,6562.604701662499,2.630147260925973,49.181384600975626,6027.224053218967,100.3138428013972,9.703709465273237,0.4632480712128167,4861.167970922015,2.250717417352687,56.01934393154597,2287.2308653692876,157.99745950363683,3.045602372329497,0.7451824506099557,4340.255079386083,2.3552227879445318,65.95942960037506,569.6771644058373,389.53395806568756,0.6401937755023688,1.7495759786117653,4101.193816874894,0.4999617834394905,nan,1819.3875595392642,125.48932548985107,1.9528863933226182,0.5801815088634699,3969.35547059471,1.31971331132479,35.875998485577114,323.2836825345563,300.4645073834786,0.3102642317678215,1.3043767101813983,3888.902789471598,0.4999617834394905,nan,0.0,0.0,nan,nan,3835.7126452093335,3.8889851952723573,126.98045965062799,0.0,0.0,nan,nan,4363.008157216381,3.911340882199791,112.28291549121188,2831.6268198695616,193.8469960139093,2.777740554252342,0.8714416004124228,3868.1839196902692,2.569936730970196,81.37208491847234,0.0,0.0,nan,nan,6582.442129476419,0.4999617834394905,nan,0.0,0.0,nan,nan,6549.091165386686,9.99923566878981,193.93267853817915,1765.2617260507975,238.89053796355088,2.621088349378516,0.6634324247655342,6716.6861803607135,2.9859219949133315,55.02089020001082,1787.7452417107588,256.52332198078017,2.764876903932002,0.7404966915601112,6730.5170678625955,2.764905005900408,50.59303200787366,0.0,0.0,nan,nan,3426.0,1.0,26.53754284399528,4396.923507471645,294.3240833181543,5.848394003494152,1.9293641434342876,3757.6939505754767,5.717703402470863,192.1398504194091,0.0,0.0,nan,nan,4686.039470546419,4.570310833864016,122.71040536290808,1469.6213525381058,289.6030965159076,3.451884102816464,1.4791033307736834,5874.938648778591,9.99923566878981,216.12712798001303,-999.0,-999.0,-999.0,72.77411452043256,96.85071499131895
24d31m00pt6s-21d55m27pt317s,24.51683333333333,-21.924254722222223,0.3445726707671042,11.520790960334612,0,1,0,nan,nan,8.138711236104502,0.004109444693941355,12.263792873032411,3.4468407155697114,94.96393493115919,16.789445638468415,0.35,macs0138m21,7234.714229052263,82.36686565129195,4.777549351774523,0.14856684398113204,5006.848140191284,2.001657288191361,47.68290666544996,2384.8199301879363,78.41158325253187,1.5579759273769451,0.14212191388958323,4959.061386917183,1.9393480478402407,46.43246372294473,4046.731740078789,3003.3084330183865,2.2385940169916387,8.377092689722913,3724.647062903326,4.6418228424855,156.7869540433291,4990.533297507024,4152.279081119998,2.7661416702907267,11.58190292869156,3727.4700799984457,4.6418228424855,156.669641970936,2396.2367100452802,163.24131218370712,2.3164450857522114,0.3022848930412877,6562.365994081748,2.12771246299737,38.977305027940496,1521.2911201274092,90.12496401181299,0.9610356515788488,0.1632970234584199,4861.341551079452,1.689203010750929,40.26031024270476,1858.8278901753856,227.10760855814593,0.9756555522772522,0.4231477588312437,4335.580709001783,6.483817270724275,189.06543619186564,966.916858538479,152.53242683476088,0.4548707921923876,0.2868717902237667,4100.6778469220135,2.66206670422184,79.71791963703946,0.0,0.0,nan,nan,3970.430761467217,3.3463194374664456,104.93368796561097,7678.760545569249,978.2396689384509,4.065337932258753,2.3571787606437313,3879.06,9.99923566878981,326.52642944617054,1610.6465511787046,153.48989069961667,0.8967513533822202,0.39980367091066255,3835.9343224878216,1.582340217439149,47.10429888917541,0.0,0.0,nan,nan,4362.9060316842415,1.0204391569541513,21.66453203219184,769.8128379462089,190.89417361514626,0.39311794113096155,0.44737115700463104,3865.954100473449,1.38644631474818,39.382130661905045,0.0,0.0,nan,nan,6585.147406308149,0.4999617834394905,nan,0.0,0.0,nan,nan,6549.350367244055,4.19755646638759,80.46797739455552,340.9811538861834,184.8817776087009,0.33408214866963615,0.3388915640947132,6714.867794850087,2.5426737538723216,46.333989157261286,697.1174358045846,715.4596636992176,0.7026277333284481,1.3455474144774116,6732.547545000708,9.99923566878981,188.66659273341497,0.0,0.0,nan,nan,3426.0,1.0,26.53754284399528,0.0,0.0,nan,nan,3758.1469876811248,5.261468274869376,176.5647817284652,0.0,0.0,nan,nan,4684.306915673516,4.81575594674083,129.45465782177934,1186.0066146656095,271.85935312369014,1.1096719998964,0.5526941395961589,5878.310616818955,6.773402005084099,145.97701030876627,-999.0,-999.0,-999.0,8.516854855858583,7.954255851770139
24d31m01pt47s-21d55m55pt85s,24.517074999999995,-21.932180555555558,0.369514631980729,30.548747468265514,0,0,0,9.178678110013179,0.04272182031816202,8.049895608137257,0.00014276581800479998,9.604869243005659,0.652400369291138,76.47814862921291,15.539924803239307,0.35,macs0138m21,4044.7826316932806,133.9266317869225,50.668545116708195,4.582448971399673,5006.834692528555,2.2932254195372628,55.5274323311101,1054.7427890224787,77.37737136974711,6.004917256000573,1.222296687438858,4958.877031197576,1.9347904141920553,46.30697532012168,5441.489328773134,338.4623645979289,27.24100670802937,8.535362403102909,3726.0182680997896,2.098492116424584,67.59408395301111,6951.1858323025035,394.3141218204162,34.86659493179659,9.943835068329236,3728.8067752823194,2.098492116424584,67.54350830328038,4416.816982473337,178.9412529458913,78.65690191175175,6.103952695482974,6562.666655271081,2.9880205499900083,56.350845416741244,1821.1805011847873,110.07104477837825,12.867538850234526,2.230793742078053,4861.09190511322,2.2652768434757125,56.42038937197967,0.0,55.2248407278691,nan,nan,4340.46,1.0,20.94654063936261,214.59693099021763,16444.78586240805,1.1191773376120033,342.70569329486,4101.562816699951,0.7279870060181753,6.204921023362054,246.60851132037143,173.73228141368438,1.2177029025187203,3.69571779770887,3969.0458303671244,0.4999617834394905,nan,0.0,0.0,nan,nan,3887.200791289511,3.569520252973013,114.5809771586221,0.0,0.0,nan,nan,3835.8040157020655,4.118086387919228,134.70419587423714,76.3364519999562,113.71930458936072,0.3265811597975757,1.7043693967959983,4363.877632719452,0.4999617834394905,nan,4689.11322583061,371.1875677609101,19.737389295940886,7.148385098455129,3870.7591783849816,8.28310760564818,271.59966060555695,299.6958269729629,306.8209478752222,1.9972330536244884,3.9032346420013364,6584.153988083323,1.3754139337553306,22.895324823172956,0.0,0.0,nan,nan,6545.337608964152,9.99923566878981,193.93267853817915,714.9540118372973,114.7798584843742,7.457830173956734,2.2394785947877325,6716.353917828797,1.9435679301819702,34.36796628815714,903.6202182902099,213.61438315351054,10.319052741378217,4.553005644235923,6730.706680183346,5.0249850784973935,94.11838982124664,0.0,0.0,nan,nan,3426.0,1.0,26.53754284399528,802.3013976156427,148.92490148261786,2.3742853645611954,2.170584648926939,3758.6601111219716,1.597107998945202,48.60581231048112,637.4319513070526,99.207600908185,3.5464324205407625,1.689501709625885,4683.78884965884,2.7293709016504546,71.67674861084113,1031.0093533668253,455.6107651498461,13.341895517392217,12.834840612335736,5869.568927224892,9.99923566878981,216.12712798001303,-999.0,-999.0,-999.0,0.37876095818975103,0.20715881500306846
24d59m48pt405s-5d54m54pt526s,24.996779166666663,-5.915146111111111,0.6069621091569608,21.332997991967087,0,0,0,9.929864605101116,0.05173788087598559,8.105309372558256,0.0010513271669643739,7.471884479115737,0.23675638626269482,60.57714466547023,13.684280193117509,0.451,macs0140m05,8301.764711858716,88.61209223086843,75.72362499570502,2.207682826066099,5006.868409664142,2.048714683607267,48.958053189775455,2858.5171570558537,106.71180645920653,23.241275894598907,2.4072480281137354,4958.967345570217,1.9112713385330653,45.65869285191836,4961.8144672928765,217.4774788867622,21.017653228845703,4.640844655249814,3725.910071661845,2.024904478260921,64.9209037585764,7808.13807928481,299.8046578946348,33.13731469240334,6.397659432744167,3728.635170115083,2.024904478260921,64.87232825171728,0.0,0.0,nan,nan,6562.8,1.0,13.853480493619768,3202.70401427891,86.58417720999884,27.19341036675866,2.108598356020177,4861.325310247592,2.282464422606054,56.89347869403145,1438.128315165429,105.1006701182375,8.865969392670946,2.2941158678149387,4341.080065199398,2.1460939292781718,59.504537854914055,1252.3931203347538,89.24985047597613,5.748164334305168,1.6363926185299449,4102.097233409773,1.7652463756000822,50.29804520437091,0.0,0.0,nan,nan,3970.162729443189,7.672991020875543,245.02679896354934,619.3892512601618,95.67083558696609,2.760420219023394,1.927920213703557,3889.507187502385,1.2696046479751577,34.67325614699523,0.0,0.0,nan,nan,3831.810273603394,0.4999617834394905,nan,58.59972831633037,168.9618710695991,0.34445437897888603,3.4882556213296296,4358.345519106696,0.4999617834394905,nan,1236.551421223825,150.76128914578703,5.390866482814902,3.012981084702063,3867.6875193024734,2.9387743912174504,93.92366753457996,0.0,0.0,nan,nan,6583.45,1.0,13.810026928666252,0.0,0.0,nan,nan,6548.05,1.0,13.88468655302385,0.0,0.0,nan,nan,6716.44,1.0,13.536579167464883,0.0,0.0,nan,nan,6730.82,1.0,13.507659064352907,0.0,0.0,nan,nan,3427.900155305545,3.6521352734823256,133.19715236213375,0.0,0.0,nan,nan,3760.291676516114,5.990799016039745,201.45347268278047,0.0,0.0,nan,nan,4685.734027919122,3.3378750894566096,88.6735113642776,0.0,0.0,nan,nan,5875.62,1.0,15.473706908126772,-999.0,3.413015044480335,6.240222291053458,0.6086670130368343,0.5345681343946971
24d59m51pt81s-5d54m55pt49s,24.997724999999996,-5.91541388888889,0.6061822708679105,20.67346965365264,0,0,0,9.404830313439883,0.026839095301411285,8.101569473417255,8.34066405149467e-05,9.251696136063632,0.6691882535627195,53.31817280295604,17.5352654888258,0.451,macs0140m05,5876.426719889456,85.56182607780028,110.496024981918,4.394417658347537,5006.831042137718,1.770319566025094,41.34591116112782,1732.4190073631746,72.78241698497666,34.68662347420793,4.043698429180598,4958.592126531461,1.0127249892802372,18.788921974735366,3335.83633780285,144.59605733848127,15.42134632830481,3.3669737010485234,3726.1517274320545,1.8385641554407532,58.08840569947834,6707.7658068608625,243.4363952567358,31.066486830435558,5.668508227639977,3728.7801053402286,1.8385641554407532,58.04494244517765,0.0,0.0,nan,nan,6562.8,1.0,13.853480493619768,1908.022876270883,134.0250536222167,33.10868801828805,6.6699099889549505,4861.542194268596,2.7368055729805763,69.28833813909672,0.0,63.95931380565857,nan,nan,4340.46,1.0,20.94654063936261,799.2202295503688,116.23477796373173,9.918322387007258,5.763755175833808,4101.647566558999,2.436792859451146,72.44573827313563,658.8105877191006,84.6116222940685,4.786401235790409,2.6468132556495627,3969.9798929836843,1.3143048302389593,35.671246272534766,416.7616724567744,964313.2735816714,3.3891637282947897,35475.67560008076,3888.733939487175,0.5021598146869728,nan,1165.79470816213,75.84996175045572,13.719432636912092,4.17164607067562,3837.560790756537,1.3669800848736708,38.974171732450586,135.08131365976467,77.04238185745687,1.3992610956989038,2.799916852056714,4360.68679827641,0.4999617834394905,nan,0.0,59.107257696803664,nan,nan,3868.75,1.0,23.500516131444996,0.0,0.0,nan,nan,6583.45,1.0,13.810026928666252,0.0,0.0,nan,nan,6548.05,1.0,13.88468655302385,0.0,0.0,nan,nan,6716.44,1.0,13.536579167464883,0.0,0.0,nan,nan,6730.82,1.0,13.507659064352907,0.0,0.0,nan,nan,3424.190707921951,9.99923566878981,370.65991701749095,1071.6502040485293,88.31978145550208,7.597316827424044,3.086112391002964,3757.5393872553955,1.6385041619356797,50.16055222052563,0.0,0.0,nan,nan,4685.59437412914,6.5776550221797105,177.70028804026134,0.0,0.0,nan,nan,5875.62,1.0,15.473706908126772,-999.0,2.573079725933387,5.175500738785197,0.08541315295828807,0.38899010300069187
25d00m06pt75s-5d55m21pt934s,25.001874999999995,-5.922759444444445,0.43811537980699433,46.2201259230155,0,1,0,nan,nan,8.024863619357966,3.774757285622756e-05,6.540996120899798,0.10844475889874917,54.214905577898186,15.039458767103826,0.451,macs0140m05,9602.885331842215,81.51188312497526,22.56308489530282,0.5231233078915545,5006.842064798302,2.252284423837153,54.43321841611858,3326.427898556628,79.84954608619542,8.392034304124005,0.5589237540346927,4958.955010926887,2.305902339202333,56.4057984410243,16719.265601578416,276.2783708983707,20.902321991148778,1.7398827962236192,3726.0526733878733,2.319398891789424,75.5533622889123,25648.96052038004,386.6823025195005,32.12891873995868,2.4351594501232214,3728.853593731527,2.319398891789424,75.49683130034593,0.0,0.0,nan,nan,6562.8,1.0,13.853480493619768,8453.993601321752,118.58288370796154,21.897232601556265,0.8809409238326686,4861.397864562616,2.337921921431304,58.417474457814926,3931.604589533886,156.37869253716727,6.550583938612792,0.9227893350405676,4340.424466103643,2.1458770875215225,59.497809659292464,2591.7122417135793,134.10840186768314,3.9554315477904813,0.8176181861099456,4102.114387188036,1.6707587782565025,47.086374952160284,1574.0905764055663,144.84399268546196,2.1308933742740055,0.8438774062061336,3970.7496341518217,2.194954815271537,66.71118400964268,0.0,93.89953498960327,nan,nan,3889.06,1.0,23.37778840736009,164.24787906987152,3.848831330684755e+25,0.18513055596364855,2.0304366941905645e+23,3835.2694670998776,0.4999617834394905,nan,0.0,0.0,nan,nan,4363.623900050881,1.8172520986747616,48.932320125899,5074.349345938732,514.8380807214442,5.896256298868132,2.7393486926594908,3869.430530936976,9.79488025002731,321.4989426095927,0.0,0.0,nan,nan,6583.45,1.0,13.810026928666252,0.0,0.0,nan,nan,6548.05,1.0,13.88468655302385,0.0,0.0,nan,nan,6716.44,1.0,13.536579167464883,0.0,0.0,nan,nan,6730.82,1.0,13.507659064352907,226.79804772305482,265.64580006702846,0.20455105052412767,1.529227892438826,3422.8746656012177,0.4999617834394905,nan,1310.094949832615,192.38772985337664,1.5738714626686663,1.1369796462427255,3760.3644964772006,3.0436844777474734,100.29385513156512,66.68590981681112,115.63132440012113,0.12474538011307709,0.6614820948716736,4686.207286493418,0.4999617834394905,nan,638.5156237851767,110.35388695958656,2.62901625877277,0.9879467795362136,5875.159214633253,1.4696982354337973,28.000719551107853,-999.0,7.921551489284113,10.982774860465627,0.712968511921889,0.6848081822971187
25d00m17pt34s-5d55m07pt627s,25.004816666666663,-5.918785277777778,0.4397758170072745,36.07166845270165,0,1,0,nan,nan,8.036037150170404,4.926279386449405e-05,7.309968843581162,0.12362241724206952,76.36683452831232,18.91745516265236,0.451,macs0140m05,14530.358745118243,165.12148045572164,21.2005731306883,0.6580542021911604,5006.839081474936,3.2959659085248676,81.89542580767683,4827.155841017847,116.02578865184407,6.414505848645898,0.4277910783580583,4958.855430949081,3.1497831693950693,78.8421957198046,22563.221566225282,467.85226432410775,18.449790994595855,1.9271042816819297,3726.018505323193,2.6793358863133325,88.36739674612849,32990.907538357045,681.7636379394454,27.028128062061537,2.808214742032305,3728.761102952522,2.6793358863133325,88.30127796406829,0.0,0.0,nan,nan,6562.8,1.0,13.853480493619768,10247.874552365278,128.36848609186964,14.562653904090563,0.5232288808722959,4861.2058586982985,3.085520987292429,78.69775179479952,5010.265702424883,149.58839279732734,5.4560616221945795,0.5768883119359924,4340.618228508943,2.9339506284228367,83.57059943593977,252.19327305466206,169.0811786349176,0.1997856782789271,0.5346699803313575,4103.5034862568955,0.4999617834394905,nan,199.91640174919357,195.104972531518,0.1575304157264557,0.6620313324809686,3969.7875290861725,0.4999617834394905,nan,0.0,0.0,nan,nan,3888.911714480882,3.6786104645448194,118.22065092847261,0.0,0.0,nan,nan,3835.1509728860688,0.4999617834394905,nan,0.0,0.0,nan,nan,4363.579418055011,4.120138247228123,118.47001428735138,1896.4990308489528,182.19946502134286,1.3005719349834821,0.5722017978642167,3869.2861314146103,1.9623361317381192,60.326935185140314,0.0,0.0,nan,nan,6583.45,1.0,13.810026928666252,0.0,0.0,nan,nan,6548.05,1.0,13.88468655302385,0.0,0.0,nan,nan,6716.44,1.0,13.536579167464883,0.0,0.0,nan,nan,6730.82,1.0,13.507659064352907,4932.55742735125,1037.9415679322153,3.196189386299242,4.269664605931829,3429.0860200415746,9.99923566878981,370.65991701749095,2402.683798059057,253.97631029321525,1.952826639102756,1.016054109287828,3759.5285128830706,4.732210334084277,158.46560455908482,177.13747836781755,1883179.144713885,0.19322817840044706,6282.649248239317,4685.973623705239,0.4999617834394905,nan,1062.7824855748038,158.70451689659706,2.241783235276149,0.7278995990475222,5875.064096064827,2.7025704721685275,56.55965438484922,-999.0,10.169266344424294,17.68744736108066,1.8582960637879238,1.4783674588962386
25d00m32pt685s-5d55m30pt293s,25.009079166666663,-5.92508138888889,0.8268020717462952,63.397374860085684,0,0,0,nan,nan,8.140649719282663,7.314990362827786e-05,11.282121415369534,0.7730481696500461,40.15140898734863,6.972502251698612,0.451,macs0140m05,8667.384420401544,96.87853960985764,150.69888396470756,4.600802172795284,5006.8592415263865,2.2469405971812413,54.29024169199117,2972.3081937456122,142.6904832206649,26.628430770913923,3.5470325011451336,4958.764287477885,2.177813242420747,52.94413203746228,3926.1148603363094,133.17989314835836,37.024595645988406,6.327427727616043,3725.8370200460067,1.9317328001219607,61.51708972636609,5735.82548538234,168.6705738360574,54.20016910658776,8.013603559016929,3728.7312401479603,1.9317328001219607,61.47106104159811,0.0,0.0,nan,nan,6562.8,1.0,13.853480493619768,1888.0875480427626,127.0447982848799,13.259484956285323,2.5588565479648078,4861.483229470434,1.8106793048109382,43.73184871414112,593.521883339291,149420.50983137335,3.2840036491667473,2927.6837134194734,4340.757102399091,0.5003436461432273,nan,166.50258716273333,1264.4364057257746,1.9868040096028028,60.246671154415246,4102.900107740452,0.4999617834394905,nan,710.4290125534587,134.60068489569082,10.253807216519137,8.369023224890684,3969.1311630438954,2.0920023789865527,63.21812363152427,313.12991513301137,128451.09579794941,4.5365351798456,8416.572552836844,3889.139377683425,0.4999617834394905,nan,234.26116245875136,64.37307636667242,4.574894461343891,5.883041836989954,3835.5017449427137,1.2054965602499055,32.577331106334576,2249.6402460094914,114.432972775083,27.461976311028803,4.902405865566747,4360.05381474698,2.5306955933385544,70.95989279233206,1400.7344558993716,76.45990626656136,49.01981308183254,12.257239067175414,3868.840001865844,1.5523986679027957,45.597005764906456,0.0,0.0,nan,nan,6583.45,1.0,13.810026928666252,0.0,0.0,nan,nan,6548.05,1.0,13.88468655302385,0.0,0.0,nan,nan,6716.44,1.0,13.536579167464883,0.0,0.0,nan,nan,6730.82,1.0,13.507659064352907,0.0,54.096629219195826,nan,nan,3426.0,1.0,26.53754284399528,0.0,0.0,nan,nan,3760.106423354481,3.8208484362414232,127.1807689637952,957.8416758395606,102.79181766900072,10.175518173661203,3.335285808243956,4689.450949443801,2.9884344723576124,78.93700231727158,0.0,0.0,nan,nan,5875.62,1.0,15.473706908126772,-999.0,0.6086844122773063,1.630894538868758,0.302544428739901,-0.2324083750464506
25d01m24pt12s-34d10m43pt954s,25.02336666666666,-34.17887611111111,0.5812518012146934,11.400416578719584,0,0,0,7.7149561426607836,0.015760550561761368,7.972456014828131,0.0034904780056019364,6.475807714994834,0.3523304356825656,70.0137957988454,18.52880024237769,0.395,macs0140m34,2897.7324568753484,89.69926458455377,9.164631787885911,0.7748679771132128,5006.872810003684,1.8348442280898938,43.12638248938579,1467.2000060365367,122.32551996108737,4.422884021179933,1.023097779749378,4959.004626512202,1.8999463972831416,45.34609283835832,4188.204094677119,234.90462456394027,10.996452727233827,3.106348195315754,3726.2569547351436,2.1221300206845877,68.45021130004304,6007.079221912062,332.49607569651977,15.796678328827253,4.396884848932875,3728.492411898763,2.1221300206845877,68.3989950735888,0.0,0.0,nan,nan,6562.8,1.0,13.853480493619768,2248.4014999065926,102.29218924741059,6.139199152217759,0.8011725913684488,4861.079224738961,2.5012306034302405,62.8855718268087,0.0,0.0,nan,nan,4339.237241307447,9.99923566878981,292.5682705754515,547.6633271101376,4935.4638717237185,1.1462755412748449,41.27543624427362,4101.687173292272,0.6744824295668502,nan,0.0,0.0,nan,nan,3972.3256404445615,0.9452925548455396,20.371709300319715,139.9130482253187,0.0,0.28523798405874745,0.0,3889.4394319143853,0.4999617834394905,nan,0.0,0.0,nan,nan,3838.608362701638,0.6090040772687688,nan,651.5955085278417,107.46004812888158,1.716701406250613,0.9920386415755018,4363.407251975998,2.4189572136263773,67.56069443775294,200.5594437951948,70.52917495678547,0.39439589579767753,0.6353108160775369,3868.894106059288,0.4999617834394905,nan,0.0,0.0,nan,nan,6583.45,1.0,13.810026928666252,0.0,0.0,nan,nan,6548.05,1.0,13.88468655302385,0.0,0.0,nan,nan,6716.44,1.0,13.536579167464883,0.0,0.0,nan,nan,6730.82,1.0,13.507659064352907,0.0,0.0,nan,nan,3422.019521702924,6.592099456763211,243.5773753484068,0.0,0.0,nan,nan,3759.397634061931,3.538980372594593,117.45919817428052,186.56005493478216,66.42626533639366,0.4471601832498946,0.4871738697756951,4684.724036291093,2.021871830239736,51.53696770690249,2268.310971818296,222.44157139741577,5.857731060732754,1.2491506495186622,5874.641557351254,8.354657435664958,180.3882188996366,-999.0,2.6740766386025823,-999.0,-999.0,-999.0
25d01m35pt88s-34d10m56pt975s,25.02663333333333,-34.182493055555554,0.7124464409134421,18.453007966164225,0,0,0,7.786523952908442,0.010378654395372078,8.053469476169983,0.002511785164824048,7.648961369025075,0.8736230289925474,58.84927778417421,13.086578802801856,0.395,macs0140m34,1770.0910155790084,54.785046066826105,336.4362892330294,28.441792836376884,5006.8328604398,1.819532499219237,42.7048893302133,836.9864186381831,74.98424159007725,68.12859935208775,16.934200511193392,4959.005985418499,1.6035311951055642,37.037816642620044,2005.5353403575893,177.71398497635602,204.9346610845938,91.40940427026294,3727.0800114446347,2.535810175592593,83.27641795544993,2409.151288537047,236.60911642427826,246.5907899440108,121.70284955420982,3729.4820659395855,2.535810175592593,83.21410837598626,0.0,0.0,nan,nan,6562.8,1.0,13.853480493619768,918.0022913368186,96.69165800560049,103.07990299047849,31.143703049208494,4861.0445742343045,1.9024992829225744,46.32821827059505,712.7859938217663,116.12571552206597,204.80493900988236,118.0845892682908,4342.051280549392,5.20318301308011,151.22728076777227,312.19057204724083,567740.990846933,9.581073261634424,69578.98988044325,4102.766746909783,0.4999617834394905,nan,0.0,0.0,nan,nan,3970.449162510339,4.488835523072394,142.1842689111858,1033.724268158288,120.29006941751535,846.7857326588702,445.7123920092469,3888.9242275456104,7.250265156120791,236.23192150751453,0.0,0.0,nan,nan,3836.064963519675,4.027420696141186,131.64922228007592,351.13615756959956,55.52689365552157,13.022904458782733,7.219032878041809,4362.519318177084,1.5564177206277343,40.5610730971265,54.02733283952637,173.31629424135295,1.2870472949632445,18.907541417362598,3869.3067872227302,0.4999617834394905,nan,0.0,0.0,nan,nan,6583.45,1.0,13.810026928666252,0.0,0.0,nan,nan,6548.05,1.0,13.88468655302385,0.0,0.0,nan,nan,6716.44,1.0,13.536579167464883,0.0,0.0,nan,nan,6730.82,1.0,13.507659064352907,0.0,0.0,nan,nan,3430.453144764206,1.5166102147536618,49.995128556281095,0.0,37.81876385875201,nan,nan,3760.0,1.0,24.18021855944889,432.97317525651675,113.94177889188698,83.29496213939142,67.16679986290468,4681.048022012009,3.140400420828156,83.17813009813447,0.0,0.0,nan,nan,5875.62,1.0,15.473706908126772,-999.0,0.3665766148664999,-999.0,-999.0,-999.0
25d01m37pt92s-34d10m19pt922s,25.027199999999993,-34.172200555555555,0.8160576725512938,19.047783556735112,0,0,0,9.433185364312966,0.04461724424153782,8.105270615299725,0.00010555235322165571,22.00981809476932,2.738200086413292,46.678766655208854,12.556026874275712,0.395,macs0140m34,3372.3360587008688,54.01411819513161,85.63663275688451,3.746493412396622,5006.823984457926,1.9906472478498531,47.383968140951794,1218.1846027421236,76.95362749995743,76.70927468122254,13.443607594291997,4959.226208105656,1.7096073773751426,40.04295807242895,2004.4912518258318,104.97383364125064,45.496509569149616,11.999880575550645,3726.295989322936,2.0441107370348846,65.61981072232587,3793.442774857959,171.4477366899507,86.26135232878481,19.598716116807623,3728.9646401840528,2.0441107370348846,65.57071227511864,0.0,0.0,nan,nan,6562.8,1.0,13.853480493619768,471.9918467020689,57.84739824772357,14.048326966862067,4.936501827646456,4862.401781824132,0.8119517663528297,10.77438076082695,1029.2724856139505,117.07712217119968,629.2659141605927,253.5944719835943,4339.692777660762,3.017007346813641,86.07710177009415,231.40296796025163,33.184652776136105,5.187679115055823,2.9723166866418644,4101.834162297371,0.8046257344446114,12.314858110332105,116.83865662767103,90423.55814900217,1.6326728608969558,5440.954925542056,3969.8392336634433,0.5000639506070587,nan,0.0,0.0,nan,nan,3889.5275598420385,6.3123076975036145,205.36174900257015,212.41349487087695,26940.970315549886,1.691532161991426,1005.1806347255825,3833.6693322345814,0.5006142590181416,nan,79.82212381528626,148.23098538363428,4.325394704564346,28.150860731732443,4362.982586706426,0.4999617834394905,nan,187.8858736650484,111.19716749012107,1.3947280751684454,3.781171768358127,3868.861048763013,0.4999617834394905,nan,0.0,0.0,nan,nan,6583.45,1.0,13.810026928666252,0.0,0.0,nan,nan,6548.05,1.0,13.88468655302385,0.0,0.0,nan,nan,6716.44,1.0,13.536579167464883,0.0,0.0,nan,nan,6730.82,1.0,13.507659064352907,792.1296004104098,71.57328106561441,6.1485167065747826,3.5420482301130427,3424.136144659497,2.357277787801099,83.64514254390457,0.0,0.0,nan,nan,3760.369564391028,4.939635801021951,165.56362962873501,326.80222470367056,46.743278626776764,9.758891584661422,4.2726855444800185,4683.726320595541,1.0285697395607767,20.476116306425535,0.0,0.0,nan,nan,5875.62,1.0,15.473706908126772,-999.0,0.9064975492344184,-999.0,-999.0,-999.0
25d01m45pt495s-34d10m28pt2s,25.029304166666662,-34.174499999999995,0.6702540306071985,15.36477084762953,0,0,0,7.728420789712158,0.0036157858836277684,8.05828370655957,8.681730234761287e-05,8.430209529660535,0.27375347502023195,45.927903742405285,9.120484015348232,0.395,macs0140m34,3677.4643399658066,91.35123398433916,35.07007634992563,2.3795151097095824,5006.846356093615,1.7246223736609678,40.077741278916065,1141.0683989562983,101.49198007121126,64.72245141138895,15.970225678378513,4959.336816091436,1.7014947060352066,39.81455796346883,3997.705963948812,98.31960188129558,23.322244781205786,2.8891808735967333,3726.120740974524,1.646058570062857,50.90319812155375,6632.037406364536,136.48100969339424,38.76667901798035,4.010576886706663,3728.9321173131316,1.646058570062857,50.86511102623697,0.0,0.0,nan,nan,6562.8,1.0,13.853480493619768,1832.4901717902517,53.67044392596615,25.251020953903367,2.1211392368810804,4861.402875156042,1.854677409917309,44.97863218969856,1117.2855593758795,86.2050769103592,10.036861021439993,2.742560675111409,4340.547827275446,1.8877067677147237,51.42086369374688,649.4687340349609,65.8762943823085,5.511627082125352,2.233667991018136,4101.773767102031,1.6595762964554932,46.703849465918445,308.0280974887063,67.28456545741797,3.0083746818302677,2.827546669126595,3971.115951443928,2.092174441031529,63.223978684686855,425.45197351524047,1383122.6760867108,2.4322328855390536,35762.58236761501,3889.0810681195853,0.5031000794510057,nan,0.0,0.0,nan,nan,3834.7366794414493,3.867876084916781,126.26807649586392,498.68840278917907,72.95494094276295,3.992044742092094,2.046658150002452,4363.11071022885,1.197036037405896,28.33274106794784,1625.9584002311622,131.35221280910613,12.156688769863406,4.495684488132717,3869.8965324621904,5.10218892043777,166.31161598949174,0.0,0.0,nan,nan,6583.45,1.0,13.810026928666252,0.0,0.0,nan,nan,6548.05,1.0,13.88468655302385,0.0,0.0,nan,nan,6716.44,1.0,13.536579167464883,0.0,0.0,nan,nan,6730.82,1.0,13.507659064352907,451.51627791751946,97.74492136261254,1.4323521624460573,1.9724471843992566,3426.768145643699,1.7267383888864245,58.656615512632435,93.71159419184046,108.51174803288146,0.8727851392236289,4.965527539094125,3762.1689346019166,0.4999617834394905,nan,0.0,0.0,nan,nan,4687.848663088595,4.2125117182580585,112.8628579850943,0.0,0.0,nan,nan,5875.62,1.0,15.473706908126772,-999.0,1.5041086782107331,-999.0,-999.0,-999.0
25d01m50pt835s-34d10m27pt958s,25.030787499999995,-34.174432777777774,0.39232614680785804,19.76043393085732,0,1,0,nan,nan,8.097413739328557,0.00010884843283466778,10.682005991302185,0.47374631010998985,79.48624887369358,13.84121283022914,0.395,macs0140m34,5924.927858863113,60.03260675641468,67.52553913680434,1.8687846329151165,5006.837437891747,2.1075607906245386,50.54723804650498,2098.2375685133957,78.76458858337772,16.81414599112607,1.7512826443088865,4958.8570207990015,2.208966717317167,53.78806972780149,5214.781011906269,281.8325013571073,27.37976000559073,7.452766143713182,3726.2600410305818,2.052723436752461,65.9329380902118,5930.133884273027,304.72439535792796,31.192278227075057,8.058118371555107,3728.8633191227855,2.052723436752461,65.88360535297275,4204.806509592047,109.80330103898172,123.77057130215144,6.19069259244034,6562.966890407141,2.7750939358210296,52.092591638536945,1794.4270335706044,68.8299772898041,18.95707075736415,2.0854921206594925,4861.4767977539805,2.291551614468632,57.143454284950664,0.0,44.657404015073055,nan,nan,4340.46,1.0,20.94654063936261,49.587306108949875,313.5646593978717,0.21183679496880356,5.351816189855789,4101.878309893521,0.4999617834394905,nan,0.0,48.09103219534415,nan,nan,3970.08,1.0,22.900702702093618,0.0,0.0,nan,nan,3888.7203520324565,5.368323369468297,174.23410103281802,0.0,68.72626162835218,nan,nan,3835.4,1.0,23.704860453545347,0.0,0.0,nan,nan,4363.163117247198,4.727821552062812,136.4283900602006,2358.714633808864,198.96197523091018,32.96936498933165,12.740779645357684,3868.666648089409,4.236878284846997,137.50819455060935,0.0,0.0,nan,nan,6583.500865926622,0.4999617834394905,nan,0.0,0.0,nan,nan,6545.907990554696,8.510409856587108,164.90255412127956,0.0,0.0,nan,nan,6709.724192962455,0.4999617834394905,nan,0.0,0.0,nan,nan,6740.82,9.99923566878981,188.66659273341497,1889.7353610183955,233.5278109859639,5.9493657910254605,4.685233479957284,3424.6820965643733,2.767151162944866,99.48282896470573,0.0,0.0,nan,nan,3763.1456549268564,0.4999617834394905,nan,747.6578892458158,126.87659368289067,5.879858078081885,3.0535478755638246,4684.366932137746,4.347835981042713,116.58981732747601,65.53110555027169,92.3449172895878,0.5568813868418887,1.70632457043631,5875.058947295064,0.4999617834394905,nan,-999.0,2.729856935119704,-999.0,-999.0,-999.0
25d01m56pt37s-34d10m24pt019s,25.032324999999993,-34.173338611111106,0.378975012293324,26.54769109823896,0,1,0,9.562282063704291,0.048005668951354614,8.040742486385524,4.0327313352036696e-05,7.944824934664738,0.10397075565192948,78.55229631304353,18.617868378757652,0.395,macs0140m34,12447.607565362894,113.97555608453338,26.003871558546514,0.6503579796585719,5006.826247569509,2.2342696942680917,53.95107879384964,3397.3595599882674,111.66539966955773,7.28060012622099,0.6639486422380583,4958.960453542944,1.719116186492132,40.3103868545351,16786.414987082313,291.7106173057403,20.727127143428053,1.8144301184519398,3726.016145866907,2.1820068696338875,70.61374515154175,26273.544822389078,406.55759055300126,32.504722522142664,2.528774386060378,3728.8091707809863,2.1820068696338875,70.56091011285048,17587.252786291032,259.9234604829324,54.45543288482901,1.5415428958287705,6562.75803220441,2.478350739063844,46.119376770510996,7414.25109039338,71.02235479260892,17.43336674955165,0.4789871605588208,4861.2832736758655,2.151122666649649,53.26818386245505,3609.9682487092728,104.33934298276165,5.849249291708224,0.5987209917306796,4340.597101981236,1.8607629013081406,50.56891842617683,0.0,82.87082317838504,nan,nan,4101.73,1.0,22.16567686891332,0.0,0.0,nan,nan,3973.2826780453056,0.4999617834394905,nan,206.7300243211441,358.8280017366581,0.21655974500920977,1.7009151214801648,3888.3125136008202,0.4999617834394905,nan,0.0,0.0,nan,nan,3835.898678575926,5.672475125848576,186.84982658258346,100.04592265786316,268.31375481262836,0.13111854468133177,1.2325839257265416,4362.690950046225,0.4999617834394905,nan,6025.634939185292,364.77780941314717,6.767694198254444,1.8775340319288452,3868.191383973349,8.797697392785448,288.59064471700464,2580.204384884399,27912552.531590592,4.093221660796367,84539.35394387504,6583.329589733812,0.4999617834394905,nan,0.0,0.0,nan,nan,6546.9452187917095,0.4999617834394905,nan,2934.5650492289496,242.66137906291527,8.934999294807392,1.3819604618522507,6716.394935551539,2.344466553860578,42.41231376364842,2303.1482763156055,319.0027647812506,6.824870431241556,1.7643171474401926,6730.770062894005,2.51790219929671,45.7474277795501,3419.337290992566,3.5732186112761134e+45,2.9588304605423534,1.968169920763316e+43,3426.0,3.53223,128.65436046832994,2782.1879151184407,327.58059137357594,3.954101013216964,2.295820516443953,3756.825654229315,6.174166911509988,207.70367850776586,569.8331954642418,4839843.98351933,0.9791403403340857,25441.54978502005,4685.2314348400305,0.5692899734812062,nan,651.2804675476103,59.164577947208365,1.838272500248327,0.3631049568243328,5875.111634154719,1.4644980244980106,27.872508662024707,-999.0,7.981038947930995,-999.0,-999.0,-999.0
25d01m58pt62s-34d10m37pt121s,25.032949999999992,-34.17697805555555,0.6456070749755329,24.47971972532535,0,0,0,8.387604762627744,0.006286884476165456,8.129877650824035,0.0001219152183940542,10.43606919261057,0.9052377867903934,43.909801115651106,8.339127381863499,0.395,macs0140m34,3620.1146382139746,57.17660451645315,151.00657203416412,6.514458836858543,5006.841718701805,1.6712006120294904,38.58672221867454,1357.5678129687522,48.62487371832207,38.011902572872586,3.77760658982861,4958.891168140934,1.5660740380283067,35.96593129127402,1764.9049624225372,118.37909449982607,36.594850978146695,12.364081045009064,3726.0777222108227,1.9416005255082462,61.878695091944294,2947.071878397212,167.19762700277417,61.23378101437907,17.462922989316606,3729.0526876768336,1.9416005255082462,61.83239584464715,0.0,0.0,nan,nan,6562.8,1.0,13.853480493619768,928.4778697005379,77.77654523323685,54.08464001054842,12.994004715027602,4861.433999411936,1.682204514508768,40.05883919894694,412.8295680007685,49.6493992616884,6.111756378505496,2.603385767072479,4340.353377418108,1.4511008506244913,37.28264654020709,0.0,0.0,nan,nan,4098.621765014635,2.6675657204265746,79.89481096777092,0.0,0.0,nan,nan,3968.1129785502585,3.7642231909077584,118.60332592749033,452.45471622874527,56.36538994796852,34.62408661223356,19.500655140554052,3889.74489897063,1.3947402836730936,39.49068514487852,727.9777679106346,157.2757522084678,175.47992485679177,177.28060323618027,3836.6636800328006,5.042481934745971,165.75671988375228,222.65988691129417,42.81856562347407,3.66866274512187,2.4722899100186173,4363.225116676761,1.326406258253165,32.87366808968034,116.46414197897307,53.93104033125312,30.454808841120283,64.61106047758877,3868.616899147334,1.1215218735779198,28.834974116227098,0.0,0.0,nan,nan,6583.45,1.0,13.810026928666252,0.0,0.0,nan,nan,6548.05,1.0,13.88468655302385,0.0,0.0,nan,nan,6716.44,1.0,13.536579167464883,0.0,0.0,nan,nan,6730.82,1.0,13.507659064352907,1463.3722416720707,100.56261819504809,111.2937428481041,48.64361118610051,3426.931017096036,1.8086579534907778,61.97194605904422,255.5320655305326,1129988.600521574,28.194688381440102,613638.1981417651,3759.6638907106367,0.5001009026732225,nan,660.1090677281909,81.74409545540661,15.828273836697404,5.993558103794192,4686.457524350211,2.9877590236780995,78.91812505453227,0.0,0.0,nan,nan,5875.62,1.0,15.473706908126772,-999.0,0.7434529975255969,-999.0,-999.0,-999.0
28d07m06pt405s-28d53m28pt324s,28.118445833333332,-28.891201111111112,0.6380843198402202,50.12698630822702,0,0,0,nan,nan,8.118497463451522,4.964509258276556e-05,10.998570976169283,0.5319771671343837,86.11716052351511,19.196195941786915,0.4127,macs0152m28,12497.813173127797,114.21879022265087,96.32720035199961,2.4045731570314395,5006.848341466307,2.921430902647344,72.12000894098762,4369.277413955708,101.17620170783056,39.35763537217971,2.5286683913043673,4958.933113878199,3.12348658458283,78.14961592648613,7736.658719347069,170.10874491382788,31.27782751866589,3.463876209822345,3726.1950237621277,2.600977461716403,85.59066390188033,10475.736011079944,225.7157621720564,42.43514382967959,4.5961861582469945,3729.0259064984825,2.600977461716403,85.52662274347466,0.0,0.0,nan,nan,6562.8,1.0,13.853480493619768,3189.4584663332716,151.47783886748866,25.859029505204585,3.5224185774908787,4861.403600963811,2.5676931317482086,64.6965719160443,1978.326286782942,66.63028151241448,9.405362038033031,1.121923428787341,4340.428553761982,2.1888345239648586,60.829152945710284,874.406032843244,79.98509264999315,3.6153697490781234,1.3212238369414406,4101.943639042971,2.3068490438279508,68.22432723234745,1057.279060419251,121.61201107881588,4.1016989768502095,2.031096057356201,3970.2323426210546,3.2708980837013706,102.45909636980997,18.014687416384646,218.51844868025998,0.0571600872380885,3.1375850808198056,3888.242118032387,0.4999617834394905,nan,0.0,0.0,nan,nan,3836.12508941748,5.634769070373554,185.58852742691604,0.0,0.0,nan,nan,4364.082113750366,5.218251845088959,150.88247567709968,2686.803172909633,153.590783908254,10.467034586871744,2.741081618683343,3868.745667691025,3.019790131793741,96.66647450314498,0.0,0.0,nan,nan,6583.45,1.0,13.810026928666252,0.0,0.0,nan,nan,6548.05,1.0,13.88468655302385,0.0,0.0,nan,nan,6716.44,1.0,13.536579167464883,0.0,0.0,nan,nan,6730.82,1.0,13.507659064352907,3106.0808916495434,1544.0534319025073,17.3212766216147,54.828052600663455,3425.6069492381866,9.99923566878981,370.65991701749095,1350.4946804242002,111.78329128508403,6.627369477905605,2.6999634478686074,3759.609042833386,3.557672753119459,118.10479228030772,1412.4611821029937,485.6887479653024,14.330643906912734,15.070067848077358,4686.112682792222,9.99923566878981,271.0131455203778,0.0,0.0,nan,nan,5875.62,1.0,15.473706908126772,-999.0,1.5455048956233386,2.469266487544307,,
28d07m25pt59s-28d53m23pt342s,28.123775,-28.88981722222222,0.5581272868730427,30.45113887447951,0,0,0,8.22062144065925,0.007863700011163209,8.089001439636203,7.310366981159256e-05,7.881225774049133,0.3086956330226467,52.3741927526773,8.504404629894765,0.4127,macs0152m28,8015.955404951427,168.00817141577198,162.68944189334746,9.313616229735626,5006.860256468812,2.7392512912927893,67.33898922350997,3206.6573355592454,160.37018610743434,28.99371373652931,4.023392289418126,4958.771034848052,2.608658050962436,64.51589991735418,7781.035036221552,203.52703618691336,52.461624478275006,6.911597381506326,3726.1970753985524,2.4236003863426694,79.2798202750686,9391.589093750346,243.7095395704245,63.44035940639624,8.276159507359669,3728.9097178970724,2.4236003863426694,79.22050105382236,0.0,0.0,nan,nan,6562.8,1.0,13.853480493619768,3602.8960068598526,131.9971087036491,76.46441059599961,8.034736311498271,4861.383806790796,2.990378443847497,76.13720888975661,1659.9562803632418,74.96904083058841,11.703105073884224,1.8719834954988908,4340.420537574503,2.50968059949276,70.69018114168674,828.6584768275515,98.42800197238476,4.800800576350368,2.2776327713982445,4102.370759853915,2.2085518048343857,65.01512859684713,247.4083825383726,113.15160698529317,1.1843070436324348,2.33240445542048,3969.791337243779,2.5666452198501553,79.18548786792708,0.0,41.62543979367675,nan,nan,3889.06,1.0,23.37778840736009,94.34403103440117,102.21285244244423,0.5466732031469053,2.7721945372662593,3835.1891559347823,0.4999617834394905,nan,491.0771829355455,109.03677649427904,2.9376080193402423,2.2857843227218564,4363.142112339815,2.066716547494742,56.73857485172047,2110.7040865708286,148.5147859482222,9.776992028415737,3.149098875375379,3869.9469955414543,5.025775798061021,163.7726909800938,0.0,0.0,nan,nan,6583.45,1.0,13.810026928666252,0.0,0.0,nan,nan,6548.05,1.0,13.88468655302385,0.0,0.0,nan,nan,6716.44,1.0,13.536579167464883,0.0,0.0,nan,nan,6730.82,1.0,13.507659064352907,967.6556705835706,83.10535435475312,3.777322776821965,2.0651717305801087,3425.896628030262,1.8522463063162609,63.72496044466752,365.61559072888326,156.31146181923833,2.271180123485833,4.777610327719125,3760.080308027236,2.9216016224239523,96.04141808833269,0.0,0.0,nan,nan,4685.846339629828,1.8397672133823308,46.22696586094837,93.84302355776626,104.57704332722675,4.148634820722029,10.05117856706731,5875.665100241307,0.4999617834394905,nan,-999.0,1.3437738658633203,2.321046805025322,,
28d07m28pt35s-28d53m18pt439s,28.124541666666662,-28.888455277777776,0.3685022597991703,26.18756698942221,1,0,0,nan,nan,8.136207712819106,0.00032231327594727454,11.553127319875866,0.807138371015184,90.24411781965512,16.968629147772496,0.4127,macs0152m28,5633.165942915456,88.73810589993931,16.272899234815313,0.7001805217955277,5006.834434651296,1.8919064222872717,44.692022069783036,2066.925844116022,66.25067977829886,5.094981128099903,0.4531126014594603,4958.905404507699,1.8386393702429435,43.648603782046,1972.025110109875,334.6410494381339,10.21072252456436,8.740902462162753,3723.953929713911,3.7222368567470028,124.91134374389969,4790.007859504956,704.6785176830236,24.880500511969817,18.406367660484733,3728.4989456460526,3.7222368567470028,124.81788183127172,3326.646553438983,156.46275364435755,18.090076074927207,1.6296908656815021,6562.850388780847,2.446284247256004,45.47055505264721,1251.7930735313405,54.74514389247896,3.1648232793774724,0.39699301805647536,4861.246857033875,1.5783530272663675,37.04699068071581,1191.834021448273,140.45577365115406,3.3719854064964325,1.4075277375357826,4340.264197782985,2.3974980855992682,67.25698433194813,1868.4531316612408,132.49759170586495,7.313549762631194,2.0730839913059134,4100.948064466931,3.8305561126556222,116.89136035261508,1141.2181990893023,159.8150961730121,4.323717370843989,2.6095989960634833,3968.337193063826,4.70202601528513,149.1014991480272,0.0,70.51428432898811,nan,nan,3889.06,1.0,23.37778840736009,2479.304894387156,319.58783748545346,7.567826078692029,4.562357285870275,3836.4228039975787,8.893988267847478,294.3063112445705,0.0,0.0,nan,nan,4361.601390926676,5.24949474626123,151.80234817532573,2369.722256973619,160.35818094814414,9.613591606017762,2.9804143777730876,3868.642773415611,3.7659967928921145,121.76917512375086,459.89843052159773,82399076.57678865,1.8957040556102926,648284.6956057377,6584.981238364055,0.5593550990646939,nan,154.71891421826,390.65154813289007,0.7011329407897495,3.4010136716769,6544.126919302417,0.4999617834394905,nan,317.9465087987237,15912034.263588872,1.4102691613539504,132010.94385526664,6716.51601060956,0.5707562060055311,nan,410.0352567773667,100.76075762380815,1.9994862233927384,0.917682713701512,6726.235473650646,2.2688168086123346,40.81998298815339,0.0,0.0,nan,nan,3426.0,1.0,26.53754284399528,0.0,0.0,nan,nan,3760.4036019976716,4.686530296921597,156.90154567127792,0.0,40.51300630308551,nan,nan,4685.68,1.0,19.403292965701418,820.6812092577131,405.09278869240376,2.8333717024460756,3.0450624200722096,5868.802323433481,9.99923566878981,216.12712798001303,-999.0,8.596376564082576,22.621729722305982,,
28d08m00pt3s-28d52m56pt898s,28.133416666666665,-28.882471666666667,0.43539450771388033,15.836703873235557,0,1,0,9.114995666259174,0.028178545493184184,8.056263125241859,1.545916766995956e-05,6.73938077105613,0.05904583027151649,40.04126771238017,6.2940480517742285,0.4127,macs0152m28,22612.143877310387,86.21972753809413,32.4188613112606,0.3376359916682204,5006.844460918729,2.422826125429748,58.97852298223956,6963.391055800544,79.48183170443126,9.953587601203541,0.31522844088584523,4958.901570678727,2.3452575645975107,57.46530500267108,27827.379261344566,175.18237759716658,25.14332608835812,0.797376801453169,3725.963727019063,2.245594800264498,72.90393295804945,39005.32552181906,225.80803037084925,35.31111728989104,1.0278093462892928,3728.7252690634714,2.245594800264498,72.8493843413415,0.0,0.0,nan,nan,6562.8,1.0,13.853480493619768,14305.207405749,116.64963278152294,20.602189576440548,0.48186100780852864,4861.254501433773,2.3255771368678286,58.07855223432735,6981.247846766412,135.78922218383914,7.916576562316297,0.5453597612596651,4340.431219089767,1.996098992566484,54.829492263573684,2486.0622322190306,109.73106301507808,2.5198424817058553,0.4444662174315686,4101.435459361129,1.6482849589067816,46.317033816249925,510.9191676224575,200.8957741051858,0.44590287962877295,0.7549596634133818,3969.9016516098936,0.4999617834394905,nan,2254.945269429306,131.6083568343008,1.7015062653227284,0.4491748014479188,3889.0043563394415,2.237410822988093,69.56577821726171,0.0,0.0,nan,nan,3834.040228553068,0.4999617834394905,nan,553.9824485989592,309.54360221521887,0.5184825343951307,1.0144636920798031,4364.842815561215,1.4496115030312342,37.03863497954872,1847.0607416914322,117.31751201248657,1.356276681711317,0.39455083213954456,3869.0947213030117,1.7987502288247135,54.52594802545151,0.0,0.0,nan,nan,6583.45,1.0,13.810026928666252,0.0,0.0,nan,nan,6548.05,1.0,13.88468655302385,0.0,0.0,nan,nan,6716.44,1.0,13.536579167464883,0.0,0.0,nan,nan,6730.82,1.0,13.507659064352907,461.2141491236999,107.52101048017069,0.30272768144481976,0.44905254106608933,3426.451587525967,1.0879852687885747,30.950324491775714,332.6642868204701,46930.519258183274,0.2935033952917946,204.01270901017577,3758.0503969064403,0.4999617834394905,nan,0.0,0.0,nan,nan,4685.563062419283,3.8643027007884827,103.25630581985878,0.0,81.8009830759045,nan,nan,5875.62,1.0,15.473706908126772,-999.0,6.309792499465176,9.694955642941949,,
2d55m26pt355s-15d23m45pt287s,2.9239874999999995,-15.395913055555555,0.376038098138082,29.506796030607642,0,1,0,nan,nan,8.018082033897903,0.00011118453795391404,12.499431917492611,0.7177986026821712,85.63331322304529,19.098732526802987,0.3791,macs0011m15,4322.200954323354,119.11424735393499,31.426907655320715,2.3656301567553837,5006.841830314437,2.3325286089971136,56.57598442670777,1086.8827743486522,106.75101940809512,6.556289992980435,1.786888931377667,4958.544326779215,1.7198033979565521,40.32970275327301,7932.835357313494,363.42967305730434,84.34751721028421,19.472280607478268,3725.5359728159247,2.6505442651940907,87.34784944327667,11273.326153598373,479.39032806655814,120.13141285276471,25.685362755592063,3728.7044801588586,2.6505442651940907,87.28249351299664,5317.700387466115,213.37448519813682,31.784827540018725,2.4429433759479653,6562.642583964713,2.4298329354997965,45.13739264506287,1969.3091175716163,101.53506011158255,19.165980026928057,2.8343388330711936,4861.25840229453,2.0102486330399683,49.35024356418445,608.52807567487,104118306.21761447,2.8116405640500894,1703983.4917924001,4340.20701590419,0.5081541779546155,nan,0.0,87.25902410640828,nan,nan,4101.73,1.0,22.16567686891332,0.0,75.09930623674683,nan,nan,3970.08,1.0,22.900702702093618,0.0,0.0,nan,nan,3886.9400780282413,9.99923566878981,326.52642944617054,0.0,0.0,nan,nan,3834.994615092408,7.595955820130741,251.06302978361856,0.0,0.0,nan,nan,4366.891655045066,7.606136114090866,220.99067663252745,2138.153987000756,209.6477476578938,8.768660324628856,3.9362502675581474,3869.730373286833,2.653426753626665,84.22388895292725,479.54930320743233,393.1179477947772,1.9283874719797796,3.017252231877396,6585.084746891275,1.5000725355712967,25.65621689384897,0.0,0.0,nan,nan,6547.138432998402,0.4999617834394905,nan,975.3556475118181,173.12058875765084,11.297219063972587,3.7506012400883555,6716.403365878023,2.3635556956172397,42.791292298873934,924.7453110230697,208.06549896374946,10.291153156633058,4.321590400237063,6730.8945492861485,3.6017323582877565,66.82598546578414,0.0,0.0,nan,nan,3426.0,1.0,26.53754284399528,0.0,0.0,nan,nan,3760.678044281312,4.420596125216624,147.78884679528863,0.0,0.0,nan,nan,4685.292026697207,4.078631138097084,109.17230943136275,219.53574378260782,632852.3139872671,2.1410021919527877,13424.00327292548,5873.605925135743,0.598625389305937,nan,-999.0,2.075249240243609,3.005239579323809,0.2540922212414583,0.2307947173287819
2d55m29pt61s-15d23m12pt896s,2.924891666666666,-15.386915555555555,0.19826114603212708,14.153372453379715,1,0,0,8.256089658359773,0.019962408658215327,nan,nan,3.327604132502503,0.132955133352883,47.62923986398521,10.230614707866053,0.3791,macs0011m15,12836.096158504739,152.75485088677237,21.902592733534338,0.7119419047566736,5006.838002062097,2.5018116981289884,61.07336655796965,3794.9218610756775,167.4353883020878,5.995864662555141,0.7339822686681473,4958.966465918079,2.201005034967381,53.57251910874375,0.0,0.0,nan,nan,3726.03,1.0,24.400668213494743,0.0,0.0,nan,nan,3728.82,1.0,24.382410999599827,12504.176254700977,251.92452658125768,33.29485353590551,1.2848856407288323,6562.6847070973645,2.469697425229362,45.94436172488144,4997.895590144362,187.71727868867373,7.893789701885553,0.8503946797067189,4861.262924960471,2.326610047695931,58.10691730989332,3023.5210122964822,224.86242139820584,4.16470890430123,1.096897740655488,4340.607115953808,2.258743751838711,62.98951440834108,457.0456279707691,222.91342200020307,0.5853164849803412,1.1417899110797354,4099.86531759143,1.271204620800598,32.93499637993934,2511.156188952058,1660.9640200346453,2.9285718376250562,8.364564474904748,3965.102291102193,7.171021064461681,228.85777156362826,0.0,0.0,nan,nan,3889.06,1.0,23.37778840736009,0.0,0.0,nan,nan,3835.4,1.0,23.704860453545347,750.0649519475963,331.0894304457427,0.9741012910327121,1.507513499781911,4362.18455264388,3.5954908615206684,102.90212941404585,0.0,0.0,nan,nan,3868.75,1.0,23.500516131444996,792.5672805333481,1093.6130050986503,1.3687510241005216,3.6054966702885967,6583.840703048613,1.9972744525836537,36.17328412917869,0.0,0.0,nan,nan,6547.593910741375,0.4999617834394905,nan,2220.2137831869063,250.45828500203893,6.616073092380831,1.3960375767902808,6716.210385506318,2.5612246550999247,46.699646853452926,1339.6834911577537,192.47850561059568,3.545797329632953,0.95081590212475,6730.881139634001,1.6542804091433656,28.35058996222671,0.0,0.0,nan,nan,3426.0,1.0,26.53754284399528,0.0,0.0,nan,nan,3760.0,1.0,24.18021855944889,65.6086324884518,356.3670139613385,0.10583186578931675,1.7576779767840713,4686.602198308362,0.4999617834394905,nan,906.4117829835341,151.06974070218567,2.040405531114539,0.739301472658989,5875.927786942759,3.4195850896884945,72.52493412249923,-999.0,4.436710811964337,5.998039603790769,0.17345904952804458,0.16949171905447205
2d55m43pt275s-15d23m04pt376s,2.928687499999999,-15.384548888888888,0.3769632541816905,15.825249432476458,0,1,0,nan,nan,8.08381485217665,0.00015385743140426537,9.774798700720588,0.5942222961485543,86.75617081907986,17.278806670646865,0.3791,macs0011m15,5214.997670738993,147.55046828600823,470.34413784493995,36.34878727827772,5006.832747955684,2.0373353333207715,48.650065232559434,1864.8393948949083,140.97210497534468,155.81427420284527,32.67960487856991,4959.046564507481,2.5437999240317453,62.785691045965464,4659.813660787762,346.7973648557291,47.16360547100228,17.6791903352392,3726.2096813523935,1.70603283983512,53.15859400934559,6866.946092684929,443.92156188321235,69.62739808833373,22.6304308561136,3728.776691449058,1.70603283983512,53.118819368229616,4478.480950094542,137.7015672813382,71.86924489202384,4.2326659310968555,6562.8181996393905,2.9106156874379576,54.80511150312409,1903.5273655031824,98.15043553960489,82.7983070345618,12.246390542643972,4861.02784810381,2.238869947435718,55.69279563428158,3186.8538005297887,664.1336352323244,131.9975306014445,97.02202430007324,4349.301464002934,9.99923566878981,292.5682705754515,1569.6690021071072,230.60800765202626,19.22585606275377,11.293687808758827,4100.436443220492,4.192499761335653,128.30084269466556,612.9968234157114,219.8691972831288,8.104057540440637,12.515489689147815,3970.0016061201086,0.4999617834394905,nan,0.0,93.27871787428323,nan,nan,3889.06,1.0,23.37778840736009,0.0,0.0,nan,nan,3835.9617912016242,6.15460931970869,202.96702853581823,0.0,0.0,nan,nan,4362.4857839597435,5.03745494548828,145.55730143724168,3200.583334276501,313.54919829028285,161.6024005747884,72.49555707248179,3869.407384760722,4.251464205543861,137.99484258830486,0.0,0.0,nan,nan,6583.63981788525,9.99923566878981,192.88987927331783,0.0,0.0,nan,nan,6544.563079383934,0.4999617834394905,nan,1138.719314564365,137.4139462749909,10.385493527211993,2.34398319288308,6716.869692276765,2.2711948730124245,40.95476465641198,815.2047767028928,147.71352648016233,5.812293963001292,1.9659103783993561,6729.954190630839,2.4643288575238076,44.69156645358373,0.0,0.0,nan,nan,3426.0,1.0,26.53754284399528,1570.1872175369244,274.04570833352403,105.55456626599367,90.66007396603419,3759.8290719543456,2.586728494226674,84.31634130286106,123.24484534773644,95.6989986984824,1.1998821773014903,2.8492855293260893,4686.168091527522,0.4999617834394905,nan,96.99162780926878,107.26845689823658,13.301205518915442,31.98850157499306,5874.716406601068,0.4999617834394905,nan,-999.0,1.4350630481402313,2.5473453513504345,0.9715152224769938,0.6098551587317278
2d55m43pt935s-15d22m53pt365s,2.9288708333333324,-15.381490277777779,0.15226354502002426,26.85201724608139,1,0,0,nan,nan,nan,nan,4.620953720317252,0.11963445184994333,63.72926166764871,16.251713199496454,0.3791,macs0011m15,40225.548042634975,211.86761763087924,238.89145727411713,3.43676960469167,5006.836534255342,2.4609696696506336,59.99089870477857,13697.530065703795,207.3775790164046,71.21924373997064,2.9916915834617,4958.89284856137,2.6486497991664346,65.58107282605901,0.0,0.0,nan,nan,3726.03,1.0,24.400668213494743,0.0,0.0,nan,nan,3728.82,1.0,24.382410999599827,26475.565596094082,177.00254821546218,207.2205289442001,2.653572397295819,6562.801845877249,2.61996079625055,48.97635583770447,11669.253009665865,295.2209005966504,77.26887612981558,5.606894620308617,4861.290360386352,2.7474684420319426,69.57714974979896,7387.903486575795,270.89455764323424,20.419272156002535,2.651967858724972,4340.256962788388,2.676638324175445,75.77624822363046,0.0,0.0,nan,nan,4091.7299999999996,9.99923566878981,309.59640827210086,0.0,0.0,nan,nan,3970.08,1.0,22.900702702093618,0.0,0.0,nan,nan,3889.06,1.0,23.37778840736009,0.0,0.0,nan,nan,3835.4,1.0,23.704860453545347,2320.653607632175,33611794.33501866,5.469536874449466,277654.5765095896,4362.869709194244,0.6918341040779183,nan,0.0,0.0,nan,nan,3868.75,1.0,23.500516131444996,0.0,0.0,nan,nan,6583.2455967966425,9.99923566878981,192.88987927331783,0.0,0.0,nan,nan,6548.120136977086,9.99923566878981,193.93267853817915,2363.2632435261917,303.0569761017582,12.561193561167284,3.012785229986028,6716.687862665875,2.4772359847919185,45.04235870398494,1496.7405378256155,281.9317312010302,7.042263840667361,2.475664957108613,6731.195168707207,2.3388141283920088,42.209666475137254,0.0,0.0,nan,nan,3426.0,1.0,26.53754284399528,0.0,0.0,nan,nan,3760.0,1.0,24.18021855944889,505.73589908744805,112559124.74318321,2.1935473380173613,1492975.7090480076,4686.227657003121,0.6212471469810666,nan,521.2787842698929,104.35426568972038,3.7164052010674045,1.6174979325017818,5875.631503971645,2.050364947335247,41.75707010494864,-999.0,4.103676550854622,5.647979372811599,0.31172219004364876,0.003941304611242232
2d56m07pt62s-15d23m06pt546s,2.9354499999999994,-15.385151666666665,0.5589078881977365,29.197416718402582,0,0,1,nan,nan,8.106297993058503,7.187831710260163e-05,8.219057137280643,0.37770151931761303,46.808669584269374,10.592000946991462,0.3791,macs0011m15,10144.468090569067,183.8004064674445,189.40154139602552,9.373219394266274,5006.830115611842,2.375977267323223,57.73310140720017,3092.004389663633,158.45424180141848,229.29027585792468,32.600217557817516,4959.093219726322,2.1574992430910647,52.39308648806687,6160.365190854743,185.12955704992072,47.155857840395406,7.139246121910297,3725.882520162131,2.15536675301245,69.6520343600199,10342.678014223147,272.32952997913316,79.32584528264277,10.501983431316232,3728.69468949416,2.15536675301245,69.59991889832841,0.0,0.0,nan,nan,6562.8,1.0,13.853480493619768,3618.3609857651145,158.6565123975443,63.35101952101462,7.967030185101446,4861.401945130085,2.275511654399839,56.70214831543298,2032.3650676366008,89.4253649031498,24.50737823443895,3.8187816566748993,4340.649452126355,2.1433545875251228,59.41953522887574,185.65406926826756,172.78760820003254,1.3200176539043307,4.924240627014978,4095.925335018075,0.4999617834394905,nan,829.9157333381049,102.99822452027263,6.1393896147955935,3.283730644887613,3968.417910832715,1.4811334160568899,41.85693703939782,0.0,0.0,nan,nan,3889.161299809995,4.512432254895676,145.92833080963953,328.2673317329802,1261450.4755660573,1.6245151987607591,29224.9982049454,3834.8930252869377,0.5028752359255363,nan,285.84797959069465,5778949.089173842,3.2115607409758957,227669.36411591084,4361.865974362426,0.5025259525299978,nan,0.0,67.27153461752819,nan,nan,3868.75,1.0,23.500516131444996,0.0,0.0,nan,nan,6583.45,1.0,13.810026928666252,0.0,0.0,nan,nan,6548.05,1.0,13.88468655302385,0.0,0.0,nan,nan,6716.44,1.0,13.536579167464883,0.0,0.0,nan,nan,6730.82,1.0,13.507659064352907,483.0353604546033,174.27080775032118,1.6084635251481834,3.6947636210078243,3425.722442009895,0.4999617834394905,nan,13.854407800120892,231.7559227365278,0.14898666765742075,12.285475346584812,3757.3537066623776,0.4999617834394905,nan,1719.225629912239,433.75054760641,569.5118040908964,439.5374001623981,4685.405567906783,5.578472723342103,150.36934204704542,242.59280119051087,4228244.017131064,17.35433384734997,657603.5602687702,5875.701231681805,0.5174733941992931,nan,-999.0,0.5805010372478205,1.810391625032417,0.3487368413660334,-0.14504513366623759
2d56m08pt28s-15d23m01pt483s,2.9356333333333327,-15.383745277777777,0.5589402409826714,32.40718589467507,0,0,1,9.857184911475946,0.03385450242189005,8.098930409323682,2.6820476831351406e-05,10.236399213144134,0.2581809478281099,61.881188581152585,12.608777414090268,0.3791,macs0011m15,25959.371145103978,145.56292933089742,7.457431324156381,0.11421763226055869,5006.835924412068,2.2164240534278923,53.4730472426487,8066.360908286715,155.60589080441017,2.3146791980638453,0.12388628059824107,4959.003371872297,2.0838865096825336,50.390974104408805,20958.526265193672,253.473795340702,5.301332486713565,0.3229281852181145,3726.208206641181,2.1551970247732104,69.64590271845583,25360.326679801274,285.40677157676,6.4272472196254,0.3636111207091882,3728.99904612229,2.1551970247732104,69.59379184461785,0.0,0.0,nan,nan,6562.8,1.0,13.853480493619768,7848.910864595678,193.30272863557843,2.14136572927665,0.15125921355978883,4861.365258016861,2.0413439198273218,50.21803445302897,4102.689462183699,127.55783501668115,0.9865302568211871,0.1086267023706747,4340.557564050098,1.7294968686859873,46.38717316913813,2408.5313878248107,201.86388695483794,0.5041533479652226,0.1688386539941201,4101.625452056339,1.99744022669566,58.06514356203436,987.2700648184999,173.2231310102836,0.20891565517888122,0.15779442889540615,3970.345435645636,1.7399617621396382,51.081532313359354,1317.8726745321078,6535302.918063077,0.30174630518313145,6766.500101160655,3889.389558622727,0.5134948050981091,nan,2325.566784275853,385.9749975978628,0.5585715522210598,0.4333712553971691,3837.158926915202,3.025897238291792,97.7153997084472,442.81651321783926,305.71756338475313,0.10307386059343478,0.24942775259222086,4362.736653357987,2.829719226850734,79.99965592112443,4827.330527631545,190.1828553376348,1.0971034043644723,0.1980015073793332,3868.7907382769718,1.9409006433866822,59.571268584652266,0.0,0.0,nan,nan,6583.45,1.0,13.810026928666252,0.0,0.0,nan,nan,6548.05,1.0,13.88468655302385,0.0,0.0,nan,nan,6716.44,1.0,13.536579167464883,0.0,0.0,nan,nan,6730.82,1.0,13.507659064352907,0.0,0.0,nan,nan,3425.0835994723852,4.113668687852724,150.6344833956715,3307.6011230794566,401.9327282678193,0.8203250258491,0.4910197471733332,3758.4621482520224,5.472774911442871,183.78109337091914,2314.8135615786696,601.4408461984787,0.6121085471778872,0.4874550011625863,4680.359009117778,8.852167591878827,239.76062905574193,288.37759189320604,102.28953942863151,0.10449091307707467,0.08057749229306224,5875.7938949812415,1.6542198535740102,32.475587133981065,-999.0,25.349631208755458,61.767392243560366,9.641700936981051,9.524526186619505
2d56m13pt2s-15d23m09pt52s,2.9369999999999994,-15.385977777777777,0.37816075819263295,33.16779764198944,0,1,0,7.813711498046441,0.003272410163140699,8.061295953097082,0.00017985979927959372,8.851789804857761,0.45513865160089084,97.49531840335572,22.469635055303602,0.3791,macs0011m15,6627.944854870641,120.97510213352788,30.209627710301987,1.506081923612729,5006.844187117834,2.7827994886911354,68.48370265021697,3163.4858593368003,177.39150313140993,14.029979602693674,2.1825337752102305,4959.330075597851,3.5644900340650123,89.72923442525385,7098.769264426276,681.1785117555327,31.480483325635866,15.222110094926109,3725.526040150363,2.6362907881606303,86.84281036910915,13779.997859480474,1208.1396199226126,61.23475497683627,26.99796600616244,3728.462923318997,2.6362907881606303,86.7778323221855,8305.41321101538,199.3605880623878,56.54329495367719,2.599683200986201,6562.839934761883,3.2665255740274737,61.89445410537827,3464.858352294215,81.24467659357009,17.152573350430263,1.1534755399720678,4861.581224617314,2.285048844103714,56.96458287336184,0.0,76.06489414872932,nan,nan,4340.46,1.0,20.94654063936261,0.0,79.69996996100484,nan,nan,4101.73,1.0,22.16567686891332,342.18328472126177,2.7200832542785483e+23,0.9721886889046091,3.3270589789205556e+21,3970.206318743487,0.4999617834394905,nan,56.91668019843402,403.4899984371365,0.1618123944587784,5.192216227128731,3887.8497955070643,0.4999617834394905,nan,0.0,0.0,nan,nan,3836.7103284534264,6.971005863973274,230.22213431508962,688.3447131764731,114.86153060122557,1.9328531307619468,1.1333267235848328,4357.332779362527,1.5059133279139187,38.90408937818665,2187.6881405677564,708.8065843595331,8.355978637456804,12.372288616036194,3872.5992494687866,9.99923566878981,328.2406140748108,183.80133010474384,768.8803010432401,0.6567274241562908,5.244812121939702,6583.526405632498,0.4999617834394905,nan,0.0,0.0,nan,nan,6548.473360045422,8.904220372462124,172.5840709117777,1268.4917560336626,211.41975558475264,11.222163109964969,3.498462519333195,6716.417077255687,3.1764356548983477,58.72914162892707,1426.5077852892484,203.40859879172746,11.783612833355747,3.135859162022742,6731.1830988770635,2.933140346822918,53.875845506932166,0.0,0.0,nan,nan,3416.0,9.99923566878981,370.65991701749095,1572.6350619371929,158.41245221096486,6.557633796992008,3.2467485091614243,3761.6096476909265,1.5781036754581945,47.888890335093585,0.0,0.0,nan,nan,4685.701795450204,4.943504801534594,132.9618812996555,405.33021656217744,91.1351820810523,2.989376565539989,1.4614632109570667,5875.094249938677,1.234585936730487,22.03494934536938,-999.0,3.2648600448698075,4.439714877037648,0.47253115544872953,0.688908258314016
34d17m58pt905s-52d45m18pt335s,34.29969583333333,-52.755093055555555,0.33889547016918153,48.09804621811701,0,1,0,7.7612338936269225,0.00585607142456895,8.092532028607412,0.0007398762690764121,7.748488948931816,0.4264987502138628,90.04281272956858,16.366392331158327,0.3432,macs0217m52,8260.002766335405,111.46053557334113,39.746565582256984,1.4649653971458687,5006.839098673458,2.5475233810221107,62.283122967859235,2594.891008958162,123.97957167209165,13.105762105799736,1.7373474039515928,4958.938336620312,2.1678488820577773,52.67390999302955,6232.7487590334395,456.54198113984586,46.7564703310434,17.248614835747738,3726.3307472965766,2.5023399073298034,82.08592469554908,9080.3074583356,640.8385492229046,68.24818747434577,24.211524381279993,3729.0643917959837,2.5023399073298034,82.0245058740719,7190.1162526971275,181.66141087563022,69.42523814289028,3.359778323299753,6562.764528166953,3.057834425184838,57.74299179850397,3377.1681375721705,154.20780241205065,14.745564000653234,1.9312240239256402,4861.264969416856,2.756392927746249,69.81881612675754,948.6847995268868,129.37985164677917,5.991719441021142,2.8943337169905954,4340.239805514119,1.5867131472162943,41.76616875031611,302.8670859238941,153.67347205158842,1.024630998405408,2.0775884296673817,4101.446343392491,0.4999617834394905,nan,3481.6553923181823,929.2159653693205,12.862991724023278,14.842925634314748,3962.9883537525225,9.99923566878981,319.8627926142355,0.0,0.0,nan,nan,3888.4039466172717,5.688240229410908,184.79177431084534,0.0,83.0262917869781,nan,nan,3835.4,1.0,23.704860453545347,1186.9073263191924,225.13826392181102,5.232201652439341,3.4772416902021233,4363.641055253695,3.7729681973998805,108.17671796316175,2891.8703026236876,274.5941060131095,13.533341722491198,5.887960788882606,3868.460462687447,3.5715253007329304,115.24978600484768,0.0,0.0,nan,nan,6583.9077601025365,9.99923566878981,192.88987927331783,0.0,0.0,nan,nan,6549.784132164734,9.99923566878981,193.93267853817915,1205.750097975194,199.15981517324872,9.693525262484137,2.9944551622310622,6717.200657728385,2.330551062616133,42.135858253296405,524.7139898774109,221.8302310062855,3.9100835908105207,3.0851112545298798,6731.124819972992,2.136554948214578,38.18138904422399,0.0,0.0,nan,nan,3426.0,1.0,26.53754284399528,0.0,0.0,nan,nan,3759.8042230343467,3.920342907906544,130.60605080095772,0.0,0.0,nan,nan,4685.774125570324,5.236660425843226,141.00340283568852,0.0,89.79802744230159,nan,nan,5875.62,1.0,15.473706908126772,-999.0,-999.0,-999.0,1.6832255407565073,1.7159233548306865
34d18m23pt595s-52d45m52pt899s,34.306554166666665,-52.764694166666665,0.6772593723656162,25.191204536497317,0,0,0,nan,nan,-inf,nan,7.856975127996108,1.1809792534496366,68.3286530743944,13.905873435448262,0.3432,macs0217m52,0.0,0.0,nan,nan,5006.7377096207665,5.820104065387396,146.91492693172108,0.0,0.0,nan,nan,4959.728444838946,0.4999617834394905,nan,3292.6695289755303,227.90415601037117,7.983907668520053,2.786862045681695,3724.405399171028,5.823188918870734,197.52260075094475,0.0,0.0,nan,nan,3728.578632969537,5.342124442718222,180.81929919095015,0.0,0.0,nan,nan,6562.8,1.0,13.853480493619768,419.0759771203849,55.91515138739494,2.0637980607346122,0.7898739864618401,4861.025667951318,1.2264783931754482,26.37425635422108,1307.5674149800523,80.84590489255484,3.4370153124727656,0.7534007705273658,4338.286397632512,1.612788908082884,42.61675674037911,0.0,0.0,nan,nan,4103.4193984003905,1.441850509347665,39.12448981041891,0.0,0.0,nan,nan,3969.7981647846673,4.17274652334851,131.9128712642443,0.0,0.0,nan,nan,3888.668081266112,4.918264542625823,159.36257333680936,0.0,0.0,nan,nan,3835.1192562986776,4.074648312859071,133.24081146462888,472.52519837879464,150.6186328199836,1.2223030149593523,1.3646451380305347,4364.2921432392095,3.2859018009837535,93.6755334108982,437.0068161152128,1806148.196088794,0.8746485295273948,16563.77654706022,3868.412627690123,0.5000486293524505,nan,0.0,0.0,nan,nan,6583.45,1.0,13.810026928666252,0.0,0.0,nan,nan,6548.05,1.0,13.88468655302385,0.0,0.0,nan,nan,6716.44,1.0,13.536579167464883,0.0,0.0,nan,nan,6730.82,1.0,13.507659064352907,1538.7801779019228,108.40106547133936,4.722111944025108,2.1167536071191377,3426.3913320433458,1.562656026936773,51.9162982936818,1277.6234195347604,167.1133746518511,2.7278762231901617,1.754866079553806,3760.694867329083,3.170971799399011,104.71744375555555,0.0,0.0,nan,nan,4683.7878267445385,1.7183349822337695,42.63771414257514,0.0,0.0,nan,nan,5875.62,1.0,15.473706908126772,-999.0,-999.0,-999.0,-0.13515323231795642,1.0508049468386569
34d18m34pt755s-52d46m03pt991s,34.30965416666666,-52.76777527777778,0.6405473934319545,28.20496314481577,0,0,0,11.266535812104092,0.07022222894723122,8.04689060647616,6.0451127644161524e-05,11.541419880385883,0.6525361972584983,57.81025727530376,16.896985452786822,0.3432,macs0217m52,4531.031908896982,62.01963085574708,31.10769938017717,1.163020011798429,5006.836161701247,1.8639247732434863,43.925262039993264,1502.8897945767242,74.60112738609,10.407007642256561,1.4333015582710242,4958.937882168543,2.1485043758983533,52.14889420965501,6911.8182875192815,153.05185757294734,49.036818772451824,5.469731941845779,3726.0470986866844,2.195214215480143,71.09002902689615,8315.12511790992,174.34918467235423,59.104679698536394,6.230850899556187,3728.7624789728293,2.195214215480143,71.03683762023532,0.0,0.0,nan,nan,6562.8,1.0,13.853480493619768,1842.1360048632127,101.84741097621904,12.651479495651127,2.0063146844792423,4861.186905093296,1.9730965618557559,48.3109827503259,607.3657573357215,59.62853431892033,3.2869584480841474,1.1434462221489938,4339.428831375219,1.4528950884170475,37.34271465470108,455.7538579962058,467270.6677035842,2.3236656596908634,9516.988518211592,4102.113214017476,0.5001330140914291,nan,158.76055885434525,0.0,0.6179752495933989,0.0,3969.8432665282176,0.4999617834394905,nan,0.0,0.0,nan,nan,3891.2459454279824,8.886427382936125,289.9972875361028,0.0,74.17685952588394,nan,nan,3835.4,1.0,23.704860453545347,0.0,37.85548878405266,nan,nan,4363.21,1.0,20.83732430562082,2960.1007682513246,247.4468001336036,16.657917996977194,6.371994718677723,3870.5269022479893,7.110880433691222,232.86335270506683,0.0,0.0,nan,nan,6583.45,1.0,13.810026928666252,0.0,0.0,nan,nan,6548.05,1.0,13.88468655302385,0.0,0.0,nan,nan,6716.44,1.0,13.536579167464883,0.0,0.0,nan,nan,6730.82,1.0,13.507659064352907,480.43523229684314,93.34078746404012,2.2289879498462337,2.756550038276717,3426.008780371324,0.8118885808301826,15.283696197955436,898.5816613901886,70.67013942221136,4.378311111722846,1.69417855785496,3760.143970362226,1.2359176075829315,34.48796601777213,0.0,0.0,nan,nan,4686.702638306562,6.988394399958755,188.92005614825447,0.0,0.0,nan,nan,5875.62,1.0,15.473706908126772,-999.0,-999.0,-999.0,0.21555478245938986,0.07918541062944835
34d19m12pt345s-52d46m02pt383s,34.320095833333326,-52.76732861111111,0.3393412113929959,38.596280053896706,0,1,0,8.243161188366276,0.0,8.074915774008907,9.994003215239545e-05,9.449414605542419,0.374744668434789,74.31770684802666,18.30195293672756,0.3432,macs0217m52,8046.714780394952,79.46928004617553,57.21795521946086,1.543474579952336,5006.841583276399,2.1077479936947268,50.552284564045976,3136.3785616895548,96.81272821064444,35.885546431819336,3.0734990025412183,4958.826088981929,1.9496495007525139,46.71593838554841,7633.403187173396,404.14280015144794,196.08259458113923,52.29567642913116,3726.005462045638,2.4077515411969808,78.71402490384959,12624.049282676493,605.2502421809685,324.93144328002256,78.31877943115151,3728.8829382807908,2.4077515411969808,78.65512902539965,6591.052068514271,208.00786126545788,82.51041136662957,4.987706119236732,6562.755532175211,2.371022533563351,43.94469597365425,3327.247996240253,106.31938596406837,43.948895446939865,4.027874766760648,4861.376446893344,2.3199607602230015,57.92429720723703,1673.016985261022,225.17143300717055,7.644820347685869,3.642534578379994,4341.363999064864,4.894091211837288,142.0727961141809,1276.0502888519788,170.7803943740304,6.960898649435616,3.721976746909082,4101.899804457194,1.8772723599305599,54.06479264935975,0.0,79.03917097476753,nan,nan,3970.08,1.0,22.900702702093618,168.5757854085076,228.2508320024513,0.9302035462302841,5.696947401727081,3888.957659642559,0.4999617834394905,nan,0.0,0.0,nan,nan,3833.6496422388473,9.99923566878981,331.09476865566154,692.6160632200198,2045728.926643912,2.9088180099800507,30075.234491684263,4365.538343369485,0.590071341219361,nan,866.8798645117145,6203275.292236718,3.240785199988193,106525.62616123934,3864.488426783371,0.6041694537537695,nan,147.40951767900773,742.6952018340992,0.7138575026199986,6.86661392528114,6583.361734501821,0.4999617834394905,nan,0.0,0.0,nan,nan,6551.964083346304,7.141998275763909,138.1893790367744,1070.0725418470447,163.0356216140434,17.91460722775208,5.105209304208464,6716.505342016057,2.1613965252819085,38.761171760036916,863.9286018958236,153.08138303098102,14.923585207860267,4.935381591477613,6730.872701568711,1.8424236019551932,32.23536125218152,0.0,0.0,nan,nan,3426.0,1.0,26.53754284399528,0.0,77.43537856260845,nan,nan,3760.0,1.0,24.18021855944889,0.0,0.0,nan,nan,4684.531558993629,7.955544175445001,215.31413276595185,499.38018548082493,119.81743508354678,7.45317223213397,3.8884773507468027,5874.88301975254,1.5588385321416227,30.179193713087212,-999.0,-999.0,-999.0,-0.27374361676741454,-0.04768471701790364
34d19m20pt58s-52d45m42pt851s,34.32238333333333,-52.76190305555556,0.4697360237741437,37.82286135393621,0,0,0,8.92025360458478,0.02361420518750065,8.034969729931257,5.3767163766562684e-05,6.829349971055728,0.11757966159025202,64.86716015640172,17.622965265284595,0.3432,macs0217m52,11912.25842007165,111.87977046537532,14.867152318056116,0.38139403571990904,5006.826128011305,2.9552960224969063,73.00663300177783,3187.0159594887355,119.2851131139209,3.7519722396381794,0.3896067978660278,4959.136261337005,2.28985539739343,55.97326718826388,17097.68495607999,415.9303798270097,17.63745477255436,2.1613405749450756,3726.0256794463544,2.53962319727398,83.41195885121998,26797.421249462674,615.2058266520244,27.697794300332273,3.1968554824936612,3728.8416551134487,2.53962319727398,83.3495478565367,0.0,0.0,nan,nan,6562.8,1.0,13.853480493619768,8638.359556199943,98.59808660759877,10.681880215644142,0.3496921940860675,4861.37435479605,2.6007636340739206,65.59627016148933,3675.7524879512116,126.61511419261933,3.5904450405795947,0.4379893169450197,4340.61524271111,2.26467645699466,63.172512046387595,1778.4224497806747,124.93675248847956,1.5228571180685835,0.4274784426778215,4101.638683886095,1.4031037068503065,37.74295923295632,159.41812890755094,0.0,0.14450186023751166,0.0,3970.201023417735,0.4999617834394905,nan,534.6589604751509,8063100.266334734,0.3934564501242291,26850.40308440559,3888.2875019391195,0.5017869916266192,nan,0.0,0.0,nan,nan,3833.9045841620245,0.4999617834394905,nan,299.0633882802195,142.74299458795215,0.26060177340551005,0.4360348152186029,4362.475015638566,0.9967500814179157,20.704332124648772,5448.898421227162,492.90896551303,4.258867657635002,1.766328707808579,3867.472435180674,9.99923566878981,328.2406140748108,0.0,0.0,nan,nan,6583.45,1.0,13.810026928666252,0.0,0.0,nan,nan,6548.05,1.0,13.88468655302385,0.0,0.0,nan,nan,6716.44,1.0,13.536579167464883,0.0,0.0,nan,nan,6730.82,1.0,13.507659064352907,0.0,0.0,nan,nan,3426.024171790389,5.3211356759674695,196.01494576723792,137.1971541826468,289.1094898470451,0.11832514045629726,1.2240859305663263,3763.3759996055196,0.4999617834394905,nan,0.0,0.0,nan,nan,4682.733739108586,3.297990711821786,87.56489685416848,1004.617318874073,143.46252960491,1.7965175013081935,0.5577454940722202,5875.780004067908,3.265280780151826,69.10567360500778,-999.0,-999.0,-999.0,3.5188940964834368,5.640071873746489
34d19m21pt9s-52d45m27pt982s,34.32274999999999,-52.75777277777778,0.2900142783944386,39.75504501315917,1,0,0,nan,nan,8.01808930489756,0.00016444263520703567,10.316974286109208,0.7193417565886697,95.06176110619359,18.259060211344913,0.3432,macs0217m52,5892.765813584705,160.5329063116438,13.115461427853974,0.9759275581669585,5006.822742791055,3.256737685629521,80.87438327110426,1840.373117454031,173.67744535575716,3.824383284341512,1.0014710162120797,4958.618305920929,3.1799261635137666,79.63571034740764,11226.636317859378,816.2833389502407,15.676627581235675,5.7419062669511955,3725.998595146267,3.2400987521855944,108.09248112330745,16316.241301053047,1260.0579382044486,22.830090707478178,8.863508817174043,3728.9167268692167,3.2400987521855944,108.01160352065192,7365.489973072453,346.0156326693058,27.492756249009766,2.4741028999095374,6562.202484467589,4.5374519734494685,86.96716498836973,3419.221137097032,187.43852995952292,8.386330404436794,1.3185695717831007,4861.385066557856,2.552109842687803,64.27230103888759,662.711463808409,135.11774763386478,1.2759783124296868,0.9208767054708638,4341.625196193485,1.4714675289871009,37.96319153418199,1571.1519187495003,224.5244018208723,2.73785950525157,1.5633802291224155,4101.603496652293,3.1466152962026763,95.21779720991049,382.0579829540469,475.8221399983818,0.5489564959990051,2.9445761262816057,3969.49483736078,0.4999617834394905,nan,263.78972656997894,182.72422923819104,0.3728781147728987,1.1686054643514618,3888.531274808126,0.4999617834394905,nan,0.0,0.0,nan,nan,3834.882499966433,9.99923566878981,331.09476865566154,0.0,0.0,nan,nan,4362.999731174989,6.397922620047413,185.5584630675356,0.0,0.0,nan,nan,3867.3259110355593,3.3006599905810634,106.1450930836179,733.9740773370431,400.059918368066,1.9222662951214633,2.0004288982418217,6583.081625429409,1.2918249043824768,20.995761692798503,49.91636677174915,12781827271.623259,0.1311945295689104,64491188.332031764,6548.821361549276,0.4999617834394905,nan,2373.195748934748,258.0760829622471,9.875229897000438,2.0085851516922166,6716.6302414914535,4.789066398398144,89.80182505113142,1196.8945683852462,244.64781133496325,4.725722664388471,1.802830180634591,6730.901890672093,3.187583318135134,58.81981783948309,0.0,0.0,nan,nan,3426.0,1.0,26.53754284399528,0.0,0.0,nan,nan,3759.913119195578,3.421756505911805,113.40728015548642,1931.5560557598646,550.2394721526806,3.8067876347189644,3.316002720051026,4686.449537906539,9.99923566878981,271.0131455203778,325.9700648092247,109.95928435191263,1.1907309429255806,0.8733307788859026,5875.302348451203,1.8381405423423445,36.82689117996334,-999.0,-999.0,-999.0,0.47039434833324206,0.42653363270286404
34d19m22pt71s-52d46m02pt865s,34.32297499999999,-52.7674625,0.33491412791428266,47.179511707927695,0,1,0,nan,nan,8.128910034748912,5.7565678783814226e-05,9.023894775019038,0.24348897689401489,69.435944178589,14.472547087555032,0.3432,macs0217m52,19272.839255848423,102.05189607542232,105.48884931485476,1.5256977053680485,5006.840998781659,2.3480370514077697,56.98924092189675,6799.332684247034,111.1449562296748,40.869683187346304,1.853629925405322,4958.904183999842,2.3111310529074,56.54666751734681,9089.324486048588,289.91315464090974,23.861265059643657,3.833520931178488,3726.1440064780136,1.9190814942915946,61.05307000293809,15780.246171422594,429.0860983620943,41.50308414048709,5.673804423901386,3728.798928623768,1.9190814942915946,61.00738850978256,12796.431705228282,255.50030952084623,116.50945875350764,4.455872226131193,6562.728114618479,2.790545662109637,52.402294109373614,5645.205741825504,140.105282255626,43.16004126863857,3.072298437807703,4861.336150826273,2.202061348309565,54.677041276144394,3286.4486355764407,133.26266789636597,16.028389425649348,2.3018946223880974,4340.428922678818,2.0581809764634604,56.76980750057008,1086.2393796215792,117.81230229077902,3.8694909127783674,1.6766326304316237,4101.980871877618,1.2356233433847257,31.603565572291373,998.1006115272161,144.09892637539645,5.238471991042481,3.2550755192429586,3970.6595683293435,1.21998657497919,32.04120807709178,0.0,0.0,nan,nan,3889.1342921522782,4.336380693756959,140.09166029775128,0.0,92.2446178993797,nan,nan,3835.4,1.0,23.704860453545347,708.8282401902673,15689617319.551954,2.9742956582288245,230704461.0069418,4363.229895036816,0.4999617834394905,nan,0.0,94.9919969323325,nan,nan,3868.75,1.0,23.500516131444996,0.0,0.0,nan,nan,6582.063783115313,9.99923566878981,192.88987927331783,0.0,0.0,nan,nan,6547.981228966065,9.99923566878981,193.93267853817915,1199.688422623233,170.56184796070605,9.341795906736591,2.4842479821238808,6716.287999775661,2.2104939786728126,39.743553147781384,851.3032127402911,205.150848902241,6.652071659960183,2.992027528828043,6730.616977530867,2.266799984374809,40.77987739021991,0.0,0.0,nan,nan,3426.0,1.0,26.53754284399528,3094.4485495706044,225.63006524977652,11.044318277756219,3.967412572909333,3758.1857665499515,2.9443066679981915,96.83306793678283,1956.7871134700783,427.3210451938906,10.379559633929386,6.918453297987211,4691.207687944317,9.99923566878981,271.0131455203778,0.0,49.39013583702934,nan,nan,5875.62,1.0,15.473706908126772,-999.0,-999.0,-999.0,0.31013486111875466,0.47767143522082445
34d34m31pt935s-31d41m36pt65s,34.575537499999996,-31.69351388888889,0.33223364671276223,28.610627858191737,0,0,0,8.802919842380478,0.011259559083414418,8.163217628321485,6.58349572344558e-05,9.987640959872074,0.17650027984286784,63.07919128634743,9.641716695669897,0.272,rxj0218m31,31129.615380781634,103.21081141961878,17.723749881840533,0.16050735879471012,5006.8314565383525,2.2413967885016906,54.14187571453196,10160.689995956476,124.4023108555295,6.544476023790669,0.22231556780346198,4958.9635703636595,2.1537908919013367,52.292426928824106,10754.343987249316,370.01173997278437,6.781867157474258,1.1753004291449314,3726.1440859211975,2.630218039640264,86.6275738121154,15497.968902665134,524.7084998209747,9.792201942581805,1.666677184515671,3728.916178991729,2.630218039640264,86.56275681077562,16727.743120980136,196.20889402674385,13.737080930084621,0.3086278110202484,6562.868687516065,2.6914957144294753,50.4149259793537,6762.619775582889,99.43729874686197,3.8340699011624886,0.16169233432206495,4861.41373223735,2.2338481301187394,55.55432444912299,4194.391330096585,148.38491325887628,1.9791973182228813,0.24798023617368992,4340.46192416633,2.152922909284626,59.71638711021893,0.0,73.48874108157185,nan,nan,4101.73,1.0,22.16567686891332,1174.7135364634212,110.45461586236296,0.5825088602846421,0.2359159893563946,3969.36478112071,2.2902408441338693,69.9275411110106,1158.7803429508701,170.88929154887535,0.5216955217321423,0.34806135878571004,3888.6704894763507,1.9339125726796504,59.01483644338472,1411.1283013000186,223291.8940390764,0.6481546992653069,479.73530829339757,3836.2140045554847,0.687861715118851,nan,1323.5519440781343,370.1293898516731,0.6007287765520742,0.5890350147442828,4361.988385541345,4.7384317274516965,136.74141699836656,3054.151025981477,138.54625226504663,1.3665794290155655,0.2839684209317588,3868.884221840599,2.0778966839227913,64.38114329101302,0.0,0.0,nan,nan,6582.450612539771,0.4999617834394905,nan,0.0,0.0,nan,nan,6548.451080117097,9.99923566878981,193.93267853817915,945.8632843862134,214.57693378101297,0.7697035828320843,0.3265932851562011,6716.626566804188,2.217680692408402,39.88714250748093,1715.4587139802206,347.5060243793693,1.3781878614322358,0.5209876621738275,6731.892478257445,5.149769588254897,96.50129565024866,0.0,0.0,nan,nan,3426.0,1.0,26.53754284399528,0.0,0.0,nan,nan,3759.9809714412136,0.4999617834394905,nan,245.88405093079015,103.47550706917113,0.12186241766847972,0.15690791484164726,4684.914727383408,1.719436607330401,42.67048597808048,1227.6762750185003,249.47475256707065,0.928293588154982,0.4101259358088709,5875.538150697703,3.058620738988777,64.51379469133299,-999.0,-999.0,-999.0,9.84624353575984,5.876195625741989
34d34m42pt045s-31d41m44pt286s,34.57834583333333,-31.695635,0.61583971028766,16.364771261465705,0,0,0,10.505815077215292,0.0,8.245124424111145,0.00010790511273917478,10.63269327313097,0.38475522145478025,49.316824409429,14.723237697646876,0.272,rxj0218m31,19586.797019929716,65.0111013362803,162.00388088206776,1.4687098951442452,5006.841407482548,1.7983239804159574,42.120049897385506,6253.56807710753,89.0964799111683,60.87261772070011,2.406318683917828,4958.902739594779,1.7339107707532992,40.72589232669955,2621.451897067384,150.04533882759335,19.69808324671496,5.679391634893449,3726.047853345702,1.9611662333003124,62.594878516646894,3604.9423548597356,182.64943736024952,27.140886421698703,6.913494912719205,3728.8310081295576,1.9611662333003124,62.54804340230471,0.0,0.0,nan,nan,6562.8,1.0,13.853480493619768,3015.864233570784,106.33915698256851,20.564937714404515,2.0797590856207733,4861.353362550429,1.994903477009494,48.921321683622956,1757.6499937120975,62.91297534503877,13.322699486551628,1.6888194444821882,4340.579809515228,1.6833576763430163,44.9032306448438,536.5365176384586,48.36209906552401,2.919625368232282,1.0516209688564946,4101.526584290151,1.5101133052724003,41.53135129262445,610.5578445514615,56.437989300816184,3.5846598066415134,1.4265050385769715,3970.2292039717886,1.3937811335101529,38.64920851712823,830.698556983257,85.17357440366885,3.4176365970987224,1.5853182233540193,3888.6550864351098,1.0327485157450902,24.856739830592534,0.0,0.0,nan,nan,3834.9463884747274,4.085693870980121,133.61296941824307,542.459067119333,797017.335874615,2.960193181049381,15244.602442046551,4362.758518769514,0.5357401725804294,nan,2176.0674382846655,70.5706133082048,9.878083034406,1.4674570227630088,3868.8468340597365,1.4419492716328755,41.48432323458191,0.0,0.0,nan,nan,6583.45,1.0,13.810026928666252,0.0,0.0,nan,nan,6548.05,1.0,13.88468655302385,0.0,0.0,nan,nan,6716.44,1.0,13.536579167464883,0.0,0.0,nan,nan,6730.82,1.0,13.507659064352907,861.8813770217467,98.20978308601781,6.32051370159254,4.585564702036309,3425.7132539032314,1.774871470358263,60.60803626209079,2847.8445696036247,355.45482938808266,39.967824358604126,24.5125184566346,3762.0517571720407,9.99923566878981,337.7342754526394,346.6453243920842,65.49761209857243,2.161640913277421,1.2488404657339014,4686.6205209689615,1.0322851047833992,20.613677412779946,0.0,0.0,nan,nan,5875.62,1.0,15.473706908126772,-999.0,-999.0,-999.0,0.6159355270378675,-2.996870366882742
34d34m43pt845s-31d42m20pt616s,34.578845833333325,-31.705726666666667,0.29923393190383796,23.735717356771193,0,1,0,7.859980276398752,0.005887264190973774,8.08733581315585,0.00010489734745583538,9.82281941654415,0.6048909403281114,76.47750622387277,15.82228912894115,0.272,rxj0218m31,6845.392621002361,70.29424661401693,27.385981459345945,0.7681317983703424,5006.84487038781,2.3826001897830165,57.90930235263007,2373.6377516668254,85.70988891499903,8.997538829186702,0.9014659617083075,4958.828999908774,2.0848646749053437,50.417634959568716,5873.66251142335,301.7090127061735,16.244507027156455,4.202786254689439,3726.1986808864826,2.494134596561489,81.79386840417685,8528.776029469314,434.04715061111335,23.63029402128737,6.046247614923098,3728.788085736497,2.494134596561489,81.73266810680458,6321.1610125036805,171.22543901364025,44.65641678289103,2.3169564722777594,6562.8209678143385,3.0491815745463837,57.570544818956165,2404.754471387027,137.4987794282002,8.709695128696062,1.4283890203146168,4861.279182297965,2.327635005765784,58.135062753458485,223.0527220480801,102.87803373950409,0.5974609907192749,0.9760503610536263,4340.26377418564,0.4999617834394905,nan,372.18140062709955,108.08117315031008,0.9974626917851364,1.1567848236970593,4102.652133224947,2.8140014202587125,84.59593862878526,782.034224133645,6229433.760008924,1.808315505434722,62010.82556526319,3970.2686921036648,0.61359110258645,nan,66.74560915137141,198.32605188811058,0.14088275211144757,1.896133329209356,3886.7226031197742,0.4999617834394905,nan,0.0,0.0,nan,nan,3834.7185075447233,4.8361819601588225,158.83906098819205,1049.151123197287,176.53668800925146,2.9198704864244323,1.722894763453517,4361.74900529446,6.892773373926255,200.07815560835488,964.8055832069101,99.3686655062041,1.8976293575876975,0.8947035778541047,3869.8762623099287,1.5789092116103012,46.57231568272618,0.0,0.0,nan,nan,6584.120379229916,0.4999617834394905,nan,46.60647603038008,1048.566616960254,0.17211285989272984,7.433789520327182,6548.641805185959,0.4999617834394905,nan,783.0932910254007,83.48978773239641,4.948460621071022,0.9867753748876673,6716.637995523405,2.2942703959645314,41.41430128448331,467.6576938780038,162.32595284688747,2.6284620111606016,1.7029341747113602,6730.360017919614,3.536534441809979,65.5683724589216,0.0,0.0,nan,nan,3426.0,1.0,26.53754284399528,0.0,0.0,nan,nan,3759.7107655096993,2.2360262882022086,71.90422804417372,0.0,0.0,nan,nan,4682.765360062161,9.99923566878981,271.0131455203778,312.4360549198301,98.65827141436591,2.0936561850314916,1.436985389063876,5876.777519867154,1.2528210426558002,22.5129695741048,-999.0,-999.0,-999.0,0.15847342269745837,0.015917338068678778
34d34m47pt625s-31d42m25pt358s,34.579895833333325,-31.707043888888887,0.3571781676103458,27.58112402422862,0,0,0,8.67466807967073,0.0,8.010645067696258,0.0076267858992504775,6.302758873982911,8.718172589391823,97.0959056988042,24.92956836565497,0.272,rxj0218m31,3815.790613779063,54.41486959987378,67.36082514977815,2.6237819262026845,5006.835859989462,2.038553369878177,48.68304294897487,1681.6249700118021,81.99271200189762,76.96429736248807,10.412478503520475,4958.762334604207,2.1843840417769926,53.1222465362889,1829.7654689870499,8925.548938367858,20.238255157938625,497.4932536165927,3725.4633366459016,7.147038249210437,243.0242658205712,2779.75119475777,10751.13634302106,30.812693807040688,599.2480503213959,3728.5836522644604,7.147038249210437,242.84242875103195,2386.633440249762,109.80493057784882,58.09314442730417,5.119481615563681,6562.786073470864,1.8838003707407447,33.9267706901405,1603.5727289609604,68.17195325240228,54.58094535697412,6.655480865285969,4861.240502958713,2.2729145442885765,56.63066386186531,0.0,64.68998582578486,nan,nan,4340.46,1.0,20.94654063936261,0.0,25.336512274085916,nan,nan,4101.73,1.0,22.16567686891332,0.0,0.0,nan,nan,3971.8741847826113,5.3068407656273795,168.6896282098398,383.1949284364416,3040174.2910278393,3.6425240414787967,130706.98033851804,3889.0660709565022,0.5727575600341207,nan,252.5512917618632,157.89908101414454,2.5811573513731565,7.557406731440861,3834.3952111279045,0.4999617834394905,nan,1398.46760979816,265.10576708160556,23.412560587979414,15.548129630544198,4363.916964976499,8.503197285842788,247.26492915232387,87.59850558191881,0.0,0.7366685603254369,0.0,3869.333278046561,0.4999617834394905,nan,0.0,0.0,nan,nan,6582.2627626737385,9.99923566878981,192.88987927331783,195.2879560159806,4709162.006311763,2.268714460827211,105068.5849589632,6546.091391047619,0.51499804880365,nan,0.0,37.33734726842247,nan,nan,6716.44,1.0,13.536579167464883,325.4909601074458,70.94287939969378,7.690880653338043,3.1288814301730783,6730.253994260799,1.282617381921155,20.32853939604467,0.0,0.0,nan,nan,3426.0,1.0,26.53754284399528,1421.3956485114513,651.0238882017453,16.44395708867079,36.974524786392095,3763.3871969327356,9.99923566878981,337.7342754526394,0.0,78.98017299556604,nan,nan,4685.68,1.0,19.403292965701418,167.6274681476948,350.05862625630533,11.637222420021102,52.85399324613859,5873.983611086713,0.4999617834394905,nan,-999.0,-999.0,-999.0,0.30475369805444813,0.088325808238168
34d34m55pt845s-31d41m56pt584s,34.58217916666666,-31.69905111111111,0.2787284209140959,5.044368586841848,0,1,0,7.777721664909656,0.075100938229671,7.798540840686487,0.00414765865301215,6.4209226671667015,0.38850396257963477,93.38443199593597,20.73387425255708,0.272,rxj0218m31,5121.281721880428,82.39974710865141,32.781573889682896,1.4406670243124517,5006.840685875499,2.4388930766332995,59.405132100009574,1338.2251742157027,91.02599451712166,11.467250173219757,2.164078025643756,4959.049453852661,2.0920201681055333,50.61261679099495,3142.4343336493816,313.9154361998484,12.154384159861488,6.114412619579255,3726.449702966481,1.9454385423923983,62.01926581896304,4693.4939072727075,409.8422161824177,18.187367678634303,7.982864586075153,3729.112132693796,1.9454385423923983,61.97286139299587,4224.785757411652,188.82414756652756,63.992162095417534,5.478272885237361,6562.799760620577,2.6433915476447747,49.447869491964305,2226.3833218421596,106.37962824016101,12.735544016305603,1.745402743810501,4861.251621539096,2.649016847883314,66.90742849087006,368.55552818990435,147.31808886763358,1.9531257749806419,2.765584401499917,4339.988863225924,0.4999617834394905,nan,274.48555020274813,102.70584445474547,1.2250886602704503,1.8322736697322866,4101.01473898837,1.128507512872076,27.474101895911947,0.0,0.0,nan,nan,3966.6010397868804,7.745019693944269,247.34615281416595,43.51666120608531,212.27379658471594,0.16175098024358808,3.565603138719226,3890.439064295626,0.4999617834394905,nan,0.0,0.0,nan,nan,3834.8248325446057,3.8501970651221558,125.6713496636318,2237.832647269456,567.7671053232641,13.760534843562539,12.194367253525934,4370.307082076717,9.99923566878981,291.0428046557292,1092.8936580596,165.16424510670666,4.566416488244336,3.166589562192124,3866.1699006837694,3.4780768719990798,112.11214326576825,557.7522509870959,312.98552871290434,3.798567336512646,4.070393091498909,6582.08679446783,1.243187170393215,19.867421534521863,149.5779844106776,1788225.0468265465,1.217285729629403,27936.386848335816,6548.986050144647,0.6361369671673589,nan,714.0630642719095,111.92473768510251,12.917250360009323,3.786761618529626,6716.944191311918,2.848623589575507,52.3400311590127,556.9908594732501,117.8913138932086,18.725070064707314,7.39676593127625,6731.155914625656,1.9491262179760447,34.4072125038582,0.0,0.0,nan,nan,3426.0,1.0,26.53754284399528,131.92264848608357,142.19713153825575,0.6730523870055917,3.5727585636500363,3758.7636682225143,0.4999617834394905,nan,0.0,0.0,nan,nan,4687.06100874524,9.99923566878981,271.0131455203778,1137.2904039063078,330.7781732250484,29.194824225181186,18.463464258876936,5874.967918042797,9.99923566878981,216.12712798001303,-999.0,-999.0,-999.0,1.6542384072268592,-0.022416465059243718
34d35m05pt955s-31d42m25pt197s,34.5849875,-31.706999166666666,0.3864327307231097,31.052138210433462,0,0,0,nan,nan,7.587589637405845,0.0011823759035109438,5.764791489848161,0.18453539145630074,96.03102161208571,20.32958842102762,0.272,rxj0218m31,7450.272312961724,92.45210870554274,128.03314761257064,4.339644352235201,5006.837556111658,2.3361589607426074,56.672747288029655,2603.843311120703,104.00817999547121,44.69792339826452,4.953705062379059,4958.96078729886,2.519280102775252,62.13065329341767,3484.5604176548186,251.8625698686331,935.770870973959,340.6061551523767,3726.476027784669,2.225746783298217,72.18986526468429,4214.606982999999,299.9176783892158,1133.8176792131055,405.5934446776248,3728.999057256895,2.225746783298217,72.13585093197624,6546.556568402302,118.75036730127388,723.2388017930399,25.128747108105205,6562.755777990846,3.043761627522267,57.46251413600597,3079.605403942346,67.23044078558577,1089.3214394567883,68.20794431847341,4861.328167321803,2.3006862592734088,57.394632441097336,1445.3073133870203,84.29756434852021,196.8704098490872,40.663300962530926,4340.657384424354,1.6610697459988208,44.183394830983005,1438.0282287588805,75.06426065596975,54.38397193704373,11.341280037297643,4101.953900559159,1.170041820148494,29.09978758499103,180.47354093117232,2991.6623783711707,1.3166080220118153,93.97287650883615,3969.9711962949345,0.4999617834394905,nan,345.0161396136051,10767288.137160994,2.7591906781713087,389476.84132338356,3889.009401410984,0.5234939787410811,nan,0.0,47.24039510622577,nan,nan,3835.4,1.0,23.704860453545347,0.0,0.0,nan,nan,4363.92160444158,8.056467277357685,234.18333217165022,1749.3221754243777,102.0290305743878,36.596271711033374,9.77667263349542,3868.9955646706157,2.379525458328477,74.83891930801859,0.0,0.0,nan,nan,6581.144336512858,9.99923566878981,192.88987927331783,0.0,0.0,nan,nan,6549.7998813251825,9.99923566878981,193.93267853817915,0.0,0.0,nan,nan,6714.768107952803,6.082779280509006,114.53308741198,1004.8695969641507,259.2094795366667,10.590350404655087,5.099217166538657,6730.117487199876,3.2338964793712526,59.71740124955228,3503.498982475354,1047.0509047348676,69.77030469995238,132.37146705251953,3429.0927590937426,9.99923566878981,370.65991701749095,2581.7238768907496,290.7754122445794,113.96134159453177,63.182448054706654,3759.412291698523,7.091898848834388,238.95258542234393,313.6373033461189,48.504069300879706,13.088467611461935,6.191736522868176,4685.481955633096,1.597207256960514,39.00648636547029,248.2260827817972,54.31796446942314,13.140023696039957,6.251283268059829,5875.670033757428,1.270094013700935,22.962860871066336,-999.0,-999.0,-999.0,-0.012725402991440914,0.8457596860666701
34d35m14pt925s-31d42m18pt044s,34.58747916666666,-31.705012222222223,0.6033606013881416,31.222854553027478,0,0,0,10.424001951780417,0.05398572530797719,8.074725553549246,3.339175966819668e-05,11.110788927331091,0.3775022573630304,58.1280063510261,13.87581374224358,0.272,rxj0218m31,10341.642932153069,98.677818924418,29.710962646752225,0.7743486855161605,5006.817624576087,2.4131174832445335,58.720614887578975,3707.053890362011,106.89146006789653,9.12259996152391,0.7298694333803003,4958.80590354387,2.5043847386795264,61.732469793282455,10762.059697051522,125.93938391274206,29.221935055116745,1.722648328936284,3725.9679155175736,2.1679252010597394,70.10556680737207,14725.000041315869,156.19805350435044,40.06104138801588,2.1365382892360305,3728.783036851582,2.1679252010597394,70.05311200092055,0.0,0.0,nan,nan,6562.8,1.0,13.853480493619768,3558.3212694851636,118.82267865649642,9.026123975759269,0.8646133827050597,4860.942512970152,2.3844892694158304,59.694405585872396,1749.954826138833,66.76320737961386,2.9951939809317074,0.40474048126547907,4340.294251256671,1.871373531025057,50.90465615820223,0.0,49.130054004201995,nan,nan,4101.73,1.0,22.16567686891332,0.0,0.0,nan,nan,3969.958180303615,0.4999617834394905,nan,0.0,0.0,nan,nan,3887.465010376274,5.092409527726508,165.11988502059927,0.0,0.0,nan,nan,3836.481247142894,5.502057101661994,181.148130019169,57.666145766531145,147.01983918824533,0.09508906155764744,0.8509366239384539,4359.694906050804,0.4999617834394905,nan,555.9216103994837,66.99669181887415,0.7789731379381111,0.42986574503659086,3869.4673012781623,0.9825808095290858,22.690894191146903,0.0,0.0,nan,nan,6583.45,1.0,13.810026928666252,0.0,0.0,nan,nan,6548.05,1.0,13.88468655302385,0.0,0.0,nan,nan,6716.44,1.0,13.536579167464883,0.0,0.0,nan,nan,6730.82,1.0,13.507659064352907,0.0,0.0,nan,nan,3424.937777110895,2.536063478579118,90.57909607812815,1855.986617894058,197.82191644395797,3.5439828381228047,1.8538285249790238,3763.8471078178013,6.69897732168191,225.5794804940823,42.13643731284633,150.01440458074146,0.10008471853164,1.0910158684158422,4682.996743421395,0.4999617834394905,nan,0.0,0.0,nan,nan,5875.62,1.0,15.473706908126772,-999.0,-999.0,-999.0,1.7044844797163177,0.5464377527643023
36d27m39pt39s-41d54m26pt22s,36.46094166666666,-41.90728333333333,0.7552031210284795,82.33510917392687,0,0,0,nan,nan,8.08025333016333,0.00023129755053130595,7.534630074733212,0.321094193382819,46.18785363308782,7.650242111794034,0.2195,a3017,6452.744125155218,217.65430138742417,56.51741650617575,5.207082978070018,5006.820847546619,2.4429001239962727,59.51148756972482,2204.8831962373424,101.4512364340546,18.187283377862098,2.321816723833853,4958.97332309816,2.474309789429021,60.92788900503911,6142.805354044504,147.16580862722822,27.532426383754053,3.3224336847872924,3726.1321157029142,1.9122846031946497,60.80358296804754,8514.311187978723,179.24855604141501,38.23617606102449,4.046737799334828,3728.927236128486,1.9122846031946497,60.758088147573275,0.0,0.0,nan,nan,6562.8,1.0,13.853480493619768,3094.344862609771,124.20116421314582,27.93062052400814,3.2154440477460438,4861.358548668349,2.184377518068911,54.18837289359786,1248.202795288864,119.05912147757871,7.413682001757712,2.50469511603902,4340.284151693182,2.153929039444704,59.747592640953634,188.7752575113374,144.23858649160627,1.0586889673888322,3.233022662425388,4101.197508915517,0.4999617834394905,nan,458.7504300969313,25379.89903639384,2.1281154160195968,506.9295419128788,3970.002175441252,0.4999617834394905,nan,0.0,0.0,nan,nan,3887.8121004966933,0.4999617834394905,nan,0.0,0.0,nan,nan,3837.641233615231,2.554613504024662,81.55089560282964,0.0,0.0,nan,nan,4363.230307611128,3.7094057766884534,106.28874311338652,1145.2724037307896,74.12404284846792,4.41655915747806,1.3099270360068658,3868.2231652390838,2.13628151086094,66.41814843465855,0.0,0.0,nan,nan,6583.45,1.0,13.810026928666252,0.0,0.0,nan,nan,6548.05,1.0,13.88468655302385,0.0,0.0,nan,nan,6716.44,1.0,13.536579167464883,0.0,0.0,nan,nan,6730.82,1.0,13.507659064352907,157.18062194875523,108.87118170554919,1.0113253963739788,4.450842704591165,3428.0862993309966,0.4999617834394905,nan,1073.9506086207607,111.09789940236884,5.589314734890669,2.8473793720470058,3758.8246873675803,3.061649790173498,100.9187964001583,0.0,0.0,nan,nan,4685.4820258318005,3.11211108072717,82.38948313744496,0.0,0.0,nan,nan,5875.62,1.0,15.473706908126772,-999.0,-999.0,-999.0,0.3604595912914514,0.4901573028781005
36d28m03pt465s-41d54m52pt424s,36.46762916666666,-41.91456222222222,0.6816486753373596,51.21749894403363,0,0,0,7.851820589209765,0.0032560226525426878,8.04841412149053,9.00118834183923e-05,11.127211039197134,0.49019457655164933,80.85937418665424,20.730986646754626,0.2195,a3017,4761.221044626136,141.52083317026154,25.918866628099664,2.1042754121047125,5006.8553773701715,2.007906561268668,47.85248130249734,1517.2303493150532,113.18384694479434,7.085490324215977,1.4668070393768011,4958.404893682554,1.5816926606169448,36.41362691025567,5432.19775871276,152.8712188458909,22.164038518513106,3.1418131028763523,3726.1003869706224,2.1075788946036447,67.92333311237812,10139.951774384685,246.34733759785595,41.452139053059426,5.062936627095861,3728.864177078527,2.1075788946036447,67.87251110987235,0.0,0.0,nan,nan,6562.8,1.0,13.853480493619768,1963.708682262508,80.86792908202487,6.639027500666207,0.7841675549200587,4861.347193377745,1.8280773009135711,44.225472403766524,1131.4453300529442,125.93127120453005,3.5978293771763794,1.4181777951358838,4340.545723017565,1.6024518271250945,42.279954487642925,0.0,0.0,nan,nan,4100.471525566256,0.4999617834394905,nan,0.0,0.0,nan,nan,3971.0960884102733,9.03651878870497,288.9069174380079,434.99865885480995,75.55443690712706,0.9416925927308081,0.7402093240008213,3888.1239140738307,1.2319275053101784,33.18485865397874,0.0,0.0,nan,nan,3834.5091513405027,9.99923566878981,331.09476865566154,502.60354067430285,99.80531171302614,1.671991027607349,1.1639957452658627,4362.290526137456,0.8806295010803237,15.59072265273699,2111.7885653378385,192.8643756575869,4.934923288596593,2.062338648206683,3870.531809548634,6.3037100442706215,206.15516454657802,0.0,0.0,nan,nan,6583.45,1.0,13.810026928666252,0.0,0.0,nan,nan,6548.05,1.0,13.88468655302385,0.0,0.0,nan,nan,6716.44,1.0,13.536579167464883,0.0,0.0,nan,nan,6730.82,1.0,13.507659064352907,0.0,0.0,nan,nan,3424.096852461222,4.878026296016723,179.3913439328914,1106.9686683361517,157.74793191426485,4.122063325093645,2.895316150709796,3757.5177499621896,3.0093427719939934,99.09866804906073,2048.6452971477406,497.20789409297674,11.898733789917644,8.843985482545145,4682.470828406778,8.672018357250824,234.85026973581037,0.0,0.0,nan,nan,5875.62,1.0,15.473706908126772,-999.0,-999.0,-999.0,-999.0,1.9379493138741197
36d28m40pt725s-41d54m23pt729s,36.477979166666664,-41.906591388888884,0.0969566284140444,39.72803134566788,1,0,0,9.963174874769297,0.029073167644570977,nan,nan,4.952387745658906,0.12797462041864846,42.87242628589663,8.439900272196612,0.2195,a3017,27605.345719827994,146.71466975350725,33.86026875275965,0.4915374988772352,5006.845663643615,2.625808804426702,64.35087981372556,8834.184774472218,181.34198173181727,10.052629141659676,0.5725365496654874,4958.950166666567,2.5285189890218214,62.377528397207215,0.0,0.0,nan,nan,3726.03,1.0,24.400668213494743,0.0,0.0,nan,nan,3728.82,1.0,24.382410999599827,22189.542104431697,168.7586638193677,43.99850217318215,0.6409449975610815,6562.783918562323,2.5728664940223287,48.0276530398917,7357.972025967041,184.2111362233343,8.81136268318582,0.6326940061365821,4861.4280043939525,2.181330815893978,54.104136055614354,3539.008466768928,192.3061128086432,3.005823581645862,0.5783960283656397,4340.741002735044,1.901333821230669,51.85099757796835,0.0,0.0,nan,nan,4101.73,1.0,22.16567686891332,0.0,0.0,nan,nan,3970.08,1.0,22.900702702093618,0.0,0.0,nan,nan,3889.06,1.0,23.37778840736009,0.0,0.0,nan,nan,3835.4,1.0,23.704860453545347,448.7227808139193,292.1028039830305,0.3699358016010206,0.8438643143613818,4363.288941017238,2.3404563491837833,65.1641280959965,0.0,0.0,nan,nan,3868.75,1.0,23.500516131444996,0.0,0.0,nan,nan,6583.81557687241,0.4999617834394905,nan,0.0,0.0,nan,nan,6547.873467360716,9.99923566878981,193.93267853817915,2362.4243921087873,276.6502438010292,4.822346835648998,1.0562408761568085,6716.591085615951,2.6063400111334247,47.58803555606834,1888.3435765329139,304.12098486379205,3.740161079580364,1.124241973513079,6730.856138149726,2.6307885192733216,47.9662631577953,0.0,0.0,nan,nan,3426.0,1.0,26.53754284399528,0.0,0.0,nan,nan,3760.0,1.0,24.18021855944889,103.09408532125138,788.1721550166739,0.09372456089668876,2.191724376596989,4685.649867400541,0.4999617834394905,nan,1526.7773003624607,117.68097655109906,2.4696979496956484,0.4138653834358875,5875.586342908274,2.4029693028072736,49.80826659148661,-999.0,-999.0,-999.0,0.7312784799852264,0.46103148427541646
38d04m00pt81s-44d20m58pt424s,38.06689166666666,-44.349562222222225,0.3112150822270707,74.25260449041856,0,1,0,nan,nan,7.2211665748763565,0.0017427279570047857,3.5346902983450263,0.2943538018567662,78.87428576414351,14.564082867224238,0.282,rxj0232m44,6870.733802070937,227.07974876902193,227.42557338032938,20.53053005144235,5006.847967229196,1.9922560460543917,47.427663794983324,2789.9615901766088,307.8517587561948,41.623002282329985,12.7440508502752,4958.679133614232,3.233607736317961,81.04793715068944,6840.013450419853,563.8944626924575,12.134038936120954,5.037589971884107,3726.4456348976246,1.6251504180784975,50.11276121499647,3389.2034685869057,391.4783786781193,6.023604389258403,3.4972990251083758,3729.1197159200306,1.6251504180784975,50.075265545108984,6527.076599985559,264.0374102773462,86.06863089067916,6.668790730086631,6562.923897631342,2.545318311352766,47.47206299423486,5627.059411843504,412.49754898873346,41.39185266304061,8.705630650753623,4860.421270157717,6.040745850720756,157.13133784146416,0.0,120.59639202110068,nan,nan,4340.46,1.0,20.94654063936261,2311.081683018312,35202.73896497697,24.14461585536815,1468.9644689239465,4102.358531842338,0.8025379205933008,12.182905722703998,0.0,0.0,nan,nan,3970.0855538085275,5.538233275167221,176.17242328240724,818.9732221493389,1099.2249423770872,2.3552701427212233,14.313794013641816,3887.2997575165514,0.4999617834394905,nan,8632.83503379487,420.80654638564283,38.861137402116306,8.840134119404643,3839.7825863987123,2.159910051647636,67.8252731482798,0.0,0.0,nan,nan,4362.047885706784,6.483759996099044,188.07795835253393,1412.3096112585356,391.1682374744066,3.639004755726688,4.617376055394275,3868.709490783055,1.9275621721667737,59.100419220053716,0.0,0.0,nan,nan,6581.398502326527,5.831416949196049,111.95198387201481,0.0,0.0,nan,nan,6551.526096662984,8.606955644132427,166.78595087125925,1298.113646597549,382.57472189911607,23.015254455637187,12.687315902539172,6716.299179986355,1.7075894184339742,29.5227528888311,221.4102251299746,606.388925198836,1.640744708947735,8.38729280018925,6730.499985986823,0.4999617834394905,nan,0.0,0.0,nan,nan,3426.0,1.0,26.53754284399528,5370.640067880585,449.7199406935308,16.404211769976605,6.763423231678114,3759.061184518183,2.1543905148034064,68.98780791993819,294.30551982289876,316.7158837576628,4.649078984199306,15.310321504276095,4684.44689981819,0.4999617834394905,nan,2139.772581271669,1164.0446524770907,28.994544109489635,34.34750191903007,5868.109604787472,9.99923566878981,216.12712798001303,-0.07393317454768253,0.5841187726562638,0.4886698613969296,0.3606670278639803,0.08501252284324196
38d04m06pt09s-44d20m57pt701s,38.06835833333332,-44.349361388888894,0.40335697926017655,68.94171672070968,0,0,0,nan,nan,8.125330848081301,4.516544331274795e-05,10.64813006908219,0.2001481634466285,59.79433338636751,10.805037937296342,0.282,rxj0232m44,43784.40131715022,187.393759558474,16.01435464957745,0.1872115540127862,5006.834309656932,2.2162624430955087,53.468716251160174,15661.378913065779,210.86396851147762,5.5359948708106534,0.20680856556060953,4958.88909365634,2.3292879560516853,57.035592213496905,23314.893683330032,559.2053526135381,6.498918701407214,0.7851675486450117,3726.093587285777,2.3343042876576097,76.08738477297283,35890.962614478376,798.8636281482177,10.02333122722613,1.1216662960811776,3728.7965311548455,2.3343042876576097,76.03045421490978,26998.245928377757,241.40444651123352,15.377275809478208,0.2633623780416238,6562.791393246216,2.51269909829698,46.813562765031406,11142.955219202306,186.4952994990189,4.009023267729955,0.1924506020314059,4861.294065120921,2.0695408471107997,51.00341526380638,6565.985249689128,242.8202477056798,2.056547176488898,0.26939883704755785,4340.143523193461,2.318330674261756,64.8252592464072,4847.875919796681,273.69554626729894,1.454177764478312,0.32804884394902406,4101.617521877455,2.426208840811498,72.10270723997967,0.0,205.9741154936413,nan,nan,3970.08,1.0,22.900702702093618,974.2204457796007,788179.6607477318,0.27869707256938886,1020.7921028922375,3887.5215762958082,0.5771567288343652,nan,962.0951458595382,3141995.3014505226,0.29568852578773863,4523.773357351196,3833.8605734519815,0.5775709793163024,nan,530.7766676392114,3.686358971334238e+46,0.15506443383394913,3.773723304658388e+43,4363.3715271089,0.4999617834394905,nan,6520.17783198049,245.73570338111188,2.0161893640717197,0.34810988668765985,3868.7194368107603,1.986610291345441,61.18122382052302,0.0,0.0,nan,nan,6583.922371548132,0.4999617834394905,nan,0.0,0.0,nan,nan,6548.10922673725,9.99923566878981,193.93267853817915,0.0,0.0,nan,nan,6716.44,1.0,13.536579167464883,0.0,0.0,nan,nan,6730.82,1.0,13.507659064352907,0.0,0.0,nan,nan,3425.3469698414615,1.9148210599899254,66.22969628174862,0.0,0.0,nan,nan,3754.9905588786582,4.088228108981354,136.37942982880688,276.893588469082,0.0,0.09702674283289976,0.0,4686.780473160062,0.4999617834394905,nan,1796.2411972498533,320.8939406934156,0.8003809384495105,0.310908777591929,5874.9946705216935,3.362595989585416,71.26293958368188,7.775684368060965,41.53493561511814,96.19400679986263,21.8886956549913,13.92855785841132
38d04m12pt825s-44d21m10pt642s,38.070229166666664,-44.35295611111111,0.40293015396403087,66.73403958150307,0,0,0,nan,nan,8.14939532953309,6.750468339590532e-05,9.10781356118506,0.2181052344723957,76.03695183204438,14.390968676324848,0.282,rxj0232m44,31051.94676559555,151.44743228178103,242.14566353067084,3.22579762717598,5006.835429028277,2.069144049872987,49.51042011434985,11014.607164896215,141.76716261058675,85.62939373986319,3.058005179497122,4958.831772165499,2.052792401296961,49.542630336876414,14442.661164372268,531.3618853915082,30.512970386082582,5.654059152779963,3726.260613729783,2.089837642716103,67.28033288426417,17008.11696555188,588.8343820548147,35.99988703299852,6.265606395301617,3728.9253278108704,2.089837642716103,67.22999199123444,18408.700044086047,167.12776126483723,491.19283186077047,8.541680901074129,6562.773579997148,2.6523136537439758,49.62733204387151,8071.896901109845,171.06090681054934,51.30058375035951,3.1182736903323085,4861.270525828348,2.219693512407941,55.16384289341494,4471.61071869446,195.04090644966578,13.774313570066333,2.127778509883534,4340.522993349205,1.9597753014915162,53.69035058742813,1360.8557727080647,339.5707958342727,4.1181591071086485,4.104830315828355,4102.172031293774,0.4999617834394905,nan,0.0,174.34570490706415,nan,nan,3970.08,1.0,22.900702702093618,0.0,103.77604510392247,nan,nan,3889.06,1.0,23.37778840736009,0.0,0.0,nan,nan,3835.114148819423,6.99790144227756,231.11940894469447,0.0,0.0,nan,nan,4365.664004395015,2.182983355517421,60.33177029048511,0.0,118.88465675975279,nan,nan,3868.75,1.0,23.500516131444996,0.0,0.0,nan,nan,6583.104096177012,9.99923566878981,192.88987927331783,0.0,0.0,nan,nan,6547.609041617895,9.99923566878981,193.93267853817915,0.0,0.0,nan,nan,6716.44,1.0,13.536579167464883,0.0,0.0,nan,nan,6730.82,1.0,13.507659064352907,0.0,0.0,nan,nan,3425.102296830328,4.257263437122005,156.04671617657579,0.0,0.0,nan,nan,3760.0306665764583,3.979347596322818,132.63602982953094,0.0,0.0,nan,nan,4685.491205848121,6.006659515608402,162.08920568260876,811.2488208812401,160.28172305152017,7.304627405477641,3.137863145018996,5875.3557378103305,2.6286230682964966,54.89910524542829,1.7193517931007467,2.956990093765354,3.5009491441283798,0.22288139897339634,0.198020286712506
38d04m31pt605s-44d20m30pt295s,38.07544583333333,-44.341748611111115,0.1914528121015917,43.47821319511824,1,0,0,7.839030750961619,0.06006921532099689,nan,nan,0.7305394744681306,0.09335002171834673,63.05644593377899,17.686926094314952,0.282,rxj0232m44,4457.115427103655,278.1150123774204,2.8931883481365293,0.49309784165870674,5006.8461008782615,3.5766452508372226,89.18545515562299,4419.139082487884,1071.6773957374364,2.7131835949953267,1.8205506561331808,4967.269824085441,9.99923566878981,256.08064588829484,0.0,0.0,nan,nan,3726.03,1.0,24.400668213494743,0.0,0.0,nan,nan,3728.82,1.0,24.382410999599827,34317.93881306498,1118.356152412713,27.192538304342097,1.697439254059188,6562.488985204174,3.2897757635789917,62.35612723001633,12150.273626286787,337.0640677160886,7.335181109900828,0.5837175148962059,4860.94906120787,3.017522190780603,76.86818226210511,5361.404279982167,308.75972816798907,2.8520576037034333,0.581701262367027,4340.499010722892,2.0862179329704924,57.64352338348642,947.6910306320481,531.674423092485,0.42932006385792043,0.9623881590129335,4101.6797294596845,0.4999617834394905,nan,0.0,0.0,nan,nan,3960.08,9.99923566878981,319.8627926142355,0.0,0.0,nan,nan,3889.06,1.0,23.37778840736009,0.0,0.0,nan,nan,3835.4,1.0,23.704860453545347,84.10585141631759,663.6480546676183,0.03878914320071482,1.072876424285906,4362.596111494545,0.4999617834394905,nan,0.0,0.0,nan,nan,3868.75,1.0,23.500516131444996,6036.68784837626,2886.8977158387734,3.5057264550059517,3.2008578134899572,6583.220936691949,2.3554473669431677,43.491514325186735,0.0,0.0,nan,nan,6547.940917776693,0.4999617834394905,nan,7907.740825797742,563.5568634510855,7.337334623862267,0.978092368813705,6716.210038321264,3.298391152866522,61.09683918821631,3682.3648652086895,774.8162053420282,3.1827799298931856,1.2499857560587173,6730.50968212729,2.662251733721171,48.58335207201199,0.0,0.0,nan,nan,3426.0,1.0,26.53754284399528,0.0,0.0,nan,nan,3760.0,1.0,24.18021855944889,0.0,201.51873961519186,nan,nan,4685.68,1.0,19.403292965701418,810.9688417653074,190.4284771806667,0.6782770320380876,0.3462545247685409,5875.846816777656,2.698716254372826,56.47318798181294,5.145112651354924,13.079916686525584,21.638813615615522,1.86212816825957,0.8916407441926057
38d04m58pt125s-44d20m26pt195s,38.08281249999999,-44.340609722222226,0.20810590922399852,22.29792042862062,1,0,0,10.004554799468888,0.027022541678476588,nan,nan,3.659090874663523,0.051831766358104193,57.76066629187929,12.468974252099663,0.282,rxj0232m44,64703.95992409218,274.73226184515494,30.649611341472472,0.35545956914720767,5006.841866858457,2.671643262093565,65.55929037541782,21446.51501230847,269.3209878501974,10.195918675421652,0.3552365387235597,4959.046615239812,2.5614378910300197,63.25656194501172,0.0,0.0,nan,nan,3726.03,1.0,24.400668213494743,0.0,0.0,nan,nan,3728.82,1.0,24.382410999599827,57274.84815149287,736.9556583910753,43.77386886384786,1.0788457467480275,6562.7568048986395,2.8505792583598217,53.60448670831818,23544.229396686616,316.5017473235356,11.840622696303091,0.45654306028747005,4861.278364577821,2.500610811557682,62.868664734584,8906.421763252678,291.40436812447234,3.3116777197013003,0.3837606761301141,4340.400914757962,2.0537794409478254,56.632502714725234,3570.69390531176,305.02148523886905,1.1066297093787623,0.37774319735449086,4101.567807067253,1.2701672952550669,32.896418182466554,0.0,0.0,nan,nan,3964.7306433506283,7.994164759362621,255.36739023412207,0.0,0.0,nan,nan,3889.06,1.0,23.37778840736009,0.0,0.0,nan,nan,3835.4,1.0,23.704860453545347,872.6845800091676,481.2310710244552,0.2968701296686825,0.5736945245166347,4363.143664280367,1.5426515637911287,40.110842135864154,0.0,0.0,nan,nan,3868.75,1.0,23.500516131444996,717.0179019809074,5799.250226349019,0.3038154241922643,4.691375950407897,6583.324448662899,0.4999617834394905,nan,0.0,0.0,nan,nan,6548.7890760830915,9.99923566878981,193.93267853817915,9284.964160401487,828.2123507564012,7.186540356557813,1.1990206159221586,6716.377509747041,2.8882460727721595,53.11449142699358,6904.197092412519,941.2446637001839,5.22652436914366,1.3298776459534276,6730.775245831449,2.529301004341941,45.97183641181292,0.0,0.0,nan,nan,3426.0,1.0,26.53754284399528,0.0,0.0,nan,nan,3760.0,1.0,24.18021855944889,2090.176578266518,340.32307519366896,0.843168775607215,0.41975806798183457,4686.6635447087065,3.2837179194928767,87.16802200878999,2835.184726756516,258.70170103976784,1.9339075928805551,0.3836299737435101,5875.86554199314,4.219874416554937,90.16746739617003,7.616662538993359,14.543007916402873,20.174896453204585,1.2424561052750334,1.0300623585381052
38d05m01pt605s-44d20m27pt16s,38.08377916666666,-44.34087777777778,0.20850484680744663,19.3108421028434,1,0,0,8.421747403396589,0.12238017228718878,nan,nan,4.734511218097681,0.07688548544700667,56.312707714113586,11.014889264245554,0.282,rxj0232m44,65742.252870924,279.3630844105589,211.51163483797262,2.454964973462961,5006.840682175382,2.542036418013178,62.138006517843195,25144.25435755635,291.63884869831116,94.93111491317002,3.0549308944891433,4958.9882613503105,2.6681949699765877,66.10121204681661,0.0,0.0,nan,nan,3726.03,1.0,24.400668213494743,0.0,0.0,nan,nan,3728.82,1.0,24.382410999599827,42172.36444216961,349.8231736679967,259.93906354852214,4.130103054928256,6562.732199154048,2.8432008800688067,53.45682201014139,19196.597714472922,299.84362950323737,74.45287555950006,3.3355987304273627,4861.237523610004,2.480335645502452,62.315387195330025,10886.28389046725,402.5836136735035,29.411724064462,3.852723976076195,4340.148777354658,2.5269280005662744,71.2168194969275,11401.869786709909,741.9821622577688,21.937580433782383,5.702483846684784,4102.239408375591,5.07572317849006,156.03571467694573,1728.0858471867955,13050948.40150045,2.178225311871232,70829.95411136518,3970.008463307443,0.6491429018107489,nan,0.0,0.0,nan,nan,3889.06,1.0,23.37778840736009,0.0,0.0,nan,nan,3835.4,1.0,23.704860453545347,380.3228979007368,38950.43627835045,0.6737512903768447,241.7826992368824,4363.402865537305,0.4999617834394905,nan,0.0,0.0,nan,nan,3868.75,1.0,23.500516131444996,0.0,0.0,nan,nan,6583.420858721229,0.4999617834394905,nan,0.0,0.0,nan,nan,6548.177291781246,8.951066230498823,173.4976818821831,4393.133611717814,363.96752012134965,24.63825334443516,3.8182863324551026,6715.993300461382,2.7904222041334754,51.20116299240753,2582.3752221958725,454.5042634411294,11.858109605481543,3.895594465459575,6730.307807433698,2.4619530015379785,44.644695736748574,0.0,0.0,nan,nan,3426.0,1.0,26.53754284399528,0.0,0.0,nan,nan,3760.0,1.0,24.18021855944889,1923.3366191088064,498.5500434425034,6.00154214247237,4.75732653458159,4686.240621757228,5.933848462730393,160.097185990627,1678.292503320319,164.5998354272393,8.776100864807551,1.8713525764094598,5875.504336349392,2.653826772094934,55.46546012741187,2.8055381642998816,4.325321311911393,5.278514301528579,0.8667836719785161,0.16519686557033136
4d38m10pt785s16d26m34pt255s,4.636329166666665,16.44284861111111,0.3201484643233574,49.096548303611996,1,0,0,10.402013613039463,0.0422369728683072,8.130922197759352,0.00012269084466495848,9.321513185980786,0.35879721285233296,78.01227847345065,19.125414422114893,0.5471,macs0018p16,15600.91903968044,147.6099811975593,66.55612469262286,1.7200457207295776,5006.841972068592,2.0883084207250944,50.02794339881232,5389.189161033443,147.43430970472036,31.56986873825754,2.3963413582290656,4958.886943042454,2.2308819161446776,54.380946186042905,7709.119974243854,514.6108160278955,13.867752570585546,4.663459631983422,3725.9463500434517,2.0700501996808702,66.56235691865554,11841.456851887177,687.2681698928184,21.344308249797123,6.22809950125212,3728.835107340677,2.0700501996808702,66.51255323389654,11538.420478310583,270.23989511779985,181.07163464543078,8.123147593069508,6562.701790015461,2.6956805617554074,50.49899526205246,4349.152784315815,137.98396286942202,21.958352630900166,1.9982511470663518,4861.207138933906,1.9725070522926598,48.29447003786334,2633.2802526589676,199.58633236125942,9.08039775496646,2.4375890621756384,4340.389622875827,2.2693006756616514,63.315113544826204,1193.4264762507094,210.81088399640302,2.9991332552353382,2.1168186987442663,4101.67781366255,2.3832208041273146,70.70803508646503,0.0,89.2816585533984,nan,nan,3970.08,1.0,22.900702702093618,0.0,0.0,nan,nan,3887.1611330717856,5.7215163838338885,185.88937830203068,0.0,0.0,nan,nan,3832.341161518489,9.558278058037335,316.42020139885403,151.37857881409062,199.48565448639042,0.4072241267182936,1.881394355821204,4362.242029337572,0.4999617834394905,nan,5006.095770293842,564.0342155778128,12.830701066767123,6.610262873557983,3871.6822564103127,6.480313574776762,212.0018825891282,0.0,0.0,nan,nan,6585.091051507619,0.4999617834394905,nan,0.0,0.0,nan,nan,6550.6354922965975,9.99923566878981,193.93267853817915,685.6731560770838,137.47351827372506,4.20041577172461,1.5752612888117943,6716.176421534885,1.2432011544750479,19.474354058405424,0.0,68.96570758570365,nan,nan,6730.82,1.0,13.507659064352907,0.0,0.0,nan,nan,3426.0,1.0,26.53754284399528,1437.3536392010897,202.5143787907215,3.5391675355890966,2.4564417922986945,3758.326068321105,0.9405150855980087,21.268477829908754,1071.3727767596738,379712.556712284,3.7836054552722893,4100.456158634273,4686.448488052216,0.6263162879996433,nan,373.4301679361733,3847423.3418112393,3.043148813288291,68176.88607598381,5874.843093799178,0.6167878144147649,nan,1.3682095142784763,,3.8696985413425167,-0.0027070048590570415,0.4621882690136836
4d38m15pt405s16d26m17pt456s,4.6376124999999995,16.438182222222224,0.6569480784894002,32.22293007349565,0,0,0,8.775247033738893,0.04713886308288493,7.716316604448302,0.0038414908508531296,6.035237443296366,0.44544342890319216,48.85685246702201,9.64965248310375,0.5471,macs0018p16,3921.0937655793296,170.30276959090318,46.267126939549655,5.488769666350366,5006.830792974724,2.021489745751184,48.22081159539026,1963.5051763640554,75.80468458628356,10.012377986351858,1.0724611960728385,4959.028842824874,1.9254823852717027,46.05055234946048,3143.226483103157,160.90831354492315,16.673356157105687,4.299457042367358,3726.079014096378,1.863993383936695,59.026949239668255,4440.400130356181,198.5049784887527,23.599599680460827,5.304036869854923,3728.8343239523615,1.863993383936695,58.98278374270712,0.0,0.0,nan,nan,6562.8,1.0,13.853480493619768,2231.5982895358225,156.14733983310592,19.35627654580754,3.884356313637146,4861.5218464131685,2.73387546643955,69.20896030291075,704.4268403537234,62.36765756565213,3.998701680443224,1.2537226427566883,4340.698783307062,1.2139059071928988,29.089035185013948,0.0,0.0,nan,nan,4101.692599896827,3.6155225341713226,110.09581362780756,0.0,0.0,nan,nan,3969.619104571002,4.519126252836254,143.16756214074414,309.2074810836807,24711.04856302748,1.161090883064814,419.3789371764371,3890.2400341105313,0.5486591014934948,nan,0.0,0.0,nan,nan,3831.1832425162984,0.6067312941130261,nan,79.58949046316971,222.1093824892419,0.4074066323515469,3.9847637600628745,4362.917474827246,0.4999617834394905,nan,1146.802766150841,115.10332120395746,5.364119451246623,2.465303304788148,3869.4591566743516,2.076900852869068,64.34633771024876,0.0,0.0,nan,nan,6583.45,1.0,13.810026928666252,0.0,0.0,nan,nan,6548.05,1.0,13.88468655302385,0.0,0.0,nan,nan,6716.44,1.0,13.536579167464883,0.0,0.0,nan,nan,6730.82,1.0,13.507659064352907,0.0,0.0,nan,nan,3426.0006228441594,4.219284355465333,154.61576138481132,0.0,0.0,nan,nan,3759.506197162319,1.850987635504203,58.01825198201982,0.0,0.0,nan,nan,4686.077126411398,2.0464462971767055,52.248090964403296,0.0,0.0,nan,nan,5875.62,1.0,15.473706908126772,0.622202437876843,,2.403664788331708,-999.0,0.48196547367927883
4d38m38pt61s16d26m31pt04s,4.644058333333333,16.441955555555555,0.5342696849731088,40.90620329423247,0,1,0,nan,nan,8.103064202457443,0.0002490727690614105,8.253858943465149,0.38544232681926877,64.71678092447183,14.281635204804209,0.5471,macs0018p16,8037.285791035222,178.51865700281363,121.38000356340318,7.363892216055617,5006.844430257236,2.4732466655414265,60.3164479404484,2780.551401066936,229.69474694236374,227.3148312695524,52.09862294212941,4959.042879656302,2.6817873548147726,66.46276838448642,6120.171160591451,448.7434576852202,244.26350089591733,90.22415736789665,3725.940867748441,2.578788699315074,84.80321477059795,7878.717337651486,557.0753346198771,315.0991556524892,112.00531572267396,3728.899104428697,2.578788699315074,84.7397628020905,0.0,0.0,nan,nan,6562.8,1.0,13.853480493619768,3006.6815849807213,104.69418464479526,86.0053636053554,8.58916769510672,4861.444298280455,2.36205227323717,59.07945975494452,2008.1863202066381,170.47123734830734,25.695672523001843,7.725474402373175,4340.408494623599,3.0086308637823476,85.82449831443951,217.0113047010124,214.18814468382516,5.767935978624938,22.74420638787419,4101.9033525473305,0.4999617834394905,nan,0.0,0.0,nan,nan,3968.3512587476134,6.012881349777845,191.5063878601137,1195.2180116584807,285.9755323132457,10.518808530623971,11.380926563185671,3889.391546309444,4.205283664501994,135.74129352596222,0.0,0.0,nan,nan,3836.377207777678,2.4690977003554035,78.59520265925737,0.0,0.0,nan,nan,4367.389140663183,8.630535841370403,250.99289151425984,1726.3060301758053,122.30006096023138,18.7739023152858,6.091829032624831,3869.053760367179,1.3151401653750978,36.63801910362058,0.0,0.0,nan,nan,6583.45,1.0,13.810026928666252,0.0,0.0,nan,nan,6548.05,1.0,13.88468655302385,0.0,0.0,nan,nan,6716.44,1.0,13.536579167464883,0.0,0.0,nan,nan,6730.82,1.0,13.507659064352907,123.81398790221843,775.00663499231,8.585501970371777,341.91958334009786,3426.535627372076,0.4999617834394905,nan,660.7650065734649,2516577.6949094487,38.20293244297792,715776.936494521,3760.334587204617,0.5243203800447713,nan,0.0,52.41829296422645,nan,nan,4685.68,1.0,19.403292965701418,780.7295349053708,284.2328101221813,25.96758910907314,20.557468279074488,5874.724084148583,3.3796163811768842,71.6399466863863,0.39379363895508707,,0.9943102673922601,0.09653789814289002,-0.335356877203944
4d38m40pt875s16d26m18pt34s,4.6446875,16.43842777777778,0.21090845392258895,28.902403268954643,1,0,0,7.4417023827089475,0.0,nan,nan,3.1186862786442444,0.10356497494083873,62.60780670767627,15.16259239798205,0.5471,macs0018p16,18972.97690744791,237.53924926279564,17.496707816645532,0.59833029245475,5006.853890593724,2.8089490180473518,69.1704873374909,6675.48550541455,234.19263297438553,5.683970418481471,0.5532960392823153,4958.785438239228,2.6964239029819113,66.85194965408446,0.0,0.0,nan,nan,3726.03,1.0,24.400668213494743,0.0,0.0,nan,nan,3728.82,1.0,24.382410999599827,21885.573422212125,281.0891269063088,33.955314795726224,0.8353567632541145,6562.596433541096,2.9299787606784116,55.19201052878204,8224.123916693656,251.28950649451258,8.240775915445106,0.7222122900117824,4861.301524487012,2.6508109074336645,66.95614228492877,3939.0316115403107,257.4982454741104,2.79679823081885,0.6473952185470997,4340.872506778413,3.005891373733328,85.74187680444449,585.4903346087254,384.2963677550566,0.31977512888139237,0.8386871117460356,4101.600754104443,0.4999617834394905,nan,0.0,0.0,nan,nan,3969.957498673855,0.4999617834394905,nan,0.0,0.0,nan,nan,3889.06,1.0,23.37778840736009,0.0,0.0,nan,nan,3835.4,1.0,23.704860453545347,56.551328580016275,372042.0604439652,0.03613402841052823,833.2357507134683,4362.723540157385,0.4999617834394905,nan,0.0,0.0,nan,nan,3868.75,1.0,23.500516131444996,369.7321152868321,9437.259498133757,0.3545084522448872,17.276050360289343,6583.170471527558,0.4999617834394905,nan,0.0,0.0,nan,nan,6547.808518630559,9.99923566878981,193.93267853817915,4369.549961036079,311.3233133972025,6.5125362061593774,0.867930861782318,6716.15148116437,2.534437928769356,46.17158257783416,2576.245889138702,479.0856825156495,3.6763376630181575,1.2760240809160397,6730.648189284278,2.579222393127773,46.95366827443357,0.0,0.0,nan,nan,3426.0,1.0,26.53754284399528,0.0,0.0,nan,nan,3760.0,1.0,24.18021855944889,3354.968017869548,3687.8837586969566,2.543762614780941,8.555941649038415,4684.707809072392,9.99923566878981,271.0131455203778,897.5833124696499,223.10335726041396,1.1285458235016346,0.6096265223866788,5877.441366242146,5.466975160145493,117.48078031640462,3.715848194367868,,12.48290734827644,0.8115299189107896,1.382948461753644
4d44m59pt43s-40d51m24pt731s,4.749841666666666,-40.85686972222222,0.5169159984906913,39.587095364175575,0,0,0,nan,nan,8.04117706021265,0.0072114522013587996,8.183065645471714,1.1563497079992557,69.83288002268581,19.21807503265847,0.477,macs0018m40,3834.692899998121,115.16239375782237,743.0294377718985,60.9487317021382,5006.898016211373,2.3612204620201633,57.340332302349786,0.0,50.76846439253246,nan,nan,4958.91,1.0,18.334194769319836,635.2071084684037,187.98790047345338,84.84781614882876,126.50870203570635,3725.823920199127,1.5492414632660017,47.22264045699974,2315.0842159327926,539.5018822434051,309.8046993553056,363.06423283913324,3728.4490237247437,1.5492414632660017,47.1873072505497,0.0,0.0,nan,nan,6562.8,1.0,13.853480493619768,829.1494310758636,92.82892262683355,28.813732951034442,9.254796655507542,4860.610224696431,2.0562303504625894,50.63284850410631,527.8763561012971,1726.5500567570562,24.38973485924579,282.5953982674857,4339.952140722385,0.7592456008495073,8.624212940464174,657.3198605480839,88.44010063072214,82.26905824194066,44.21483122953258,4102.235077352171,1.8370046851061743,52.71542005617944,0.0,0.0,nan,nan,3969.405901698921,6.306469945960483,200.98243408998675,50.05856455651815,291.57382745770775,0.8089471446140888,21.297099002764543,3890.125921364458,0.4999617834394905,nan,564.0141340077249,32473.535784346728,11.703412243265008,3156.362019398281,3834.0173154221206,0.6306309580512788,nan,1927.269536852079,308.0067272676959,30.980648595085082,17.353243854899652,4362.872125941757,9.99923566878981,291.0428046557292,872.2384470438582,6856.819669639989,8.61267535333183,310.06392556970144,3869.2668771173253,0.6473544409502987,nan,0.0,0.0,nan,nan,6583.45,1.0,13.810026928666252,0.0,0.0,nan,nan,6548.05,1.0,13.88468655302385,0.0,0.0,nan,nan,6716.44,1.0,13.536579167464883,0.0,0.0,nan,nan,6730.82,1.0,13.507659064352907,0.0,0.0,nan,nan,3423.2968750814525,5.3679232494518105,197.76867920038632,1266.1956790254885,196.85428149015823,47.65832996989703,36.45518184742005,3760.136391014445,5.931681095076949,199.43784937459384,534.7072883131087,78.01721625783647,219.05248943391453,97.68704027820152,4687.633607663323,3.2756470733277627,86.94356462323778,105.56333598799777,1.4359538237043027e+70,1.7781752442811818,5.259745072022185e+68,5874.741723545715,0.4999617834394905,nan,-999.0,0.35599525574320345,-999.0,0.06572706869835124,-0.0245459328403234
4d45m08pt04s-40d52m14pt082s,4.752233333333332,-40.870578333333334,0.5177884932263128,44.663768664596404,0,0,0,11.0622492825291,0.05202866295011732,8.135966388135733,2.8289484505111137e-05,9.064217113094255,0.14005331202251747,41.512651797601514,7.061841685674496,0.477,macs0018m40,43903.08979159236,371.3341673459081,143.2198908850873,3.308666155200471,5006.889275272345,2.304458137578067,55.82728908154061,11956.227315799437,172.15740971755034,33.28162296794509,1.3295933046422515,4959.012088740548,1.6260872668327815,37.680417927111485,19903.17296308031,243.16021459075154,35.448635339989615,2.181745801580117,3725.9252742838275,2.1235348102290987,68.50105348291031,29129.670150043985,320.5649738111904,51.979641745049584,2.876257067478364,3728.6318627763685,2.1235348102290987,68.44979921501395,0.0,0.0,nan,nan,6562.8,1.0,13.853480493619768,11572.114713469062,167.21608222616146,36.055096548180394,1.4944203745375826,4861.111889741067,2.313216762600563,57.739022366646125,4824.454509981025,92.27422468575341,9.479861247114703,0.6422114187003805,4340.281889395434,1.8872516912053483,51.40649086094544,2383.57233165149,107.79905316982776,5.026695080566032,0.9083737021885416,4101.657230959527,1.824967692010645,52.31109940729646,2246.9082215425046,94.84307236093689,3.7092452258571225,0.6741319229692113,3970.001986599262,1.6644148259267513,48.42364719553575,274.2924619327869,292.2097082313606,0.3364509949232431,1.621768875714085,3888.4442605748036,0.4999617834394905,nan,265.6807824939715,37900197903.637955,0.3938146699243722,262909727.64174196,3835.442945290652,0.4999617834394905,nan,117.02049642009827,371.67536587327214,0.1968505875133416,2.191343448248846,4362.87474203107,0.4999617834394905,nan,5598.746615893704,111.5096612556552,7.574795046260972,0.6911608930042096,3868.681744622293,1.984021151724342,61.09017490174473,0.0,0.0,nan,nan,6583.45,1.0,13.810026928666252,0.0,0.0,nan,nan,6548.05,1.0,13.88468655302385,0.0,0.0,nan,nan,6716.44,1.0,13.536579167464883,0.0,0.0,nan,nan,6730.82,1.0,13.507659064352907,571.0256895443454,5515407881.090059,0.8461920204014359,51832460.61189286,3430.279550978679,0.4999617834394905,nan,0.0,0.0,nan,nan,3759.4839179976284,3.3750250776901134,111.79032165076882,613.2392815988616,93.92661074611293,1.3855687139067625,0.6499558780868728,4682.344623545296,3.4380364127308556,91.4549289496606,0.0,101.07682827870205,nan,nan,5875.62,1.0,15.473706908126772,-999.0,4.075980031883007,-999.0,0.3301535651869453,0.3852975397353158
4d45m11pt76s-40d51m34pt377s,4.753266666666666,-40.85954916666667,0.4348081164201725,24.947951661732578,0,0,0,7.9310931040319606,0.02581619222720884,8.068919168850012,8.776065153406639e-05,8.893195356244666,0.44496888893030384,69.82487616255473,18.620322652243786,0.477,macs0018m40,6187.016506070486,112.50858777926997,43.53267096795273,2.162257452586422,5006.83294286407,2.7945131219758337,68.7913997241576,1955.4198481584465,69.47848591654035,14.638793568856686,1.4430242765600574,4959.184057976286,2.34745934767464,57.524528349462244,6235.918122954561,255.4789218818619,35.750366199453595,7.377838427097223,3726.0585926903395,2.5200553319805836,82.71620378742399,9577.257408182777,368.35603114112644,55.015387389910984,10.637555777156146,3728.9054946917677,2.5200553319805836,82.6543133747554,0.0,0.0,nan,nan,6562.8,1.0,13.853480493619768,2693.701299223682,124.1101477652616,19.654141767707635,2.5971111457917924,4861.5223610012345,2.9841251004497944,75.96875400332338,846.276019873985,105.71846177172927,3.918169352747101,1.733681940448279,4340.26437688912,1.637672890678844,43.42549433579995,0.0,65.41060087573148,nan,nan,4101.73,1.0,22.16567686891332,209.7014011618279,494.8671589892292,0.854161667069955,8.674586741012053,3970.8486866917137,0.4999617834394905,nan,0.0,0.0,nan,nan,3889.6575547069733,4.282152990455476,138.29259637628064,0.0,0.0,nan,nan,3835.1337890112727,5.245926872878929,172.57318697061532,1327.6435781374223,518.4556807745822,8.047015623648907,11.00994648986626,4363.629490940037,9.99923566878981,291.0428046557292,3522.758833672762,650.7589739241095,25.206207904143653,21.363972244205357,3866.318296116473,9.99923566878981,328.2406140748108,0.0,0.0,nan,nan,6583.45,1.0,13.810026928666252,0.0,0.0,nan,nan,6548.05,1.0,13.88468655302385,0.0,0.0,nan,nan,6716.44,1.0,13.536579167464883,0.0,0.0,nan,nan,6730.82,1.0,13.507659064352907,0.0,89.70873809285206,nan,nan,3426.0,1.0,26.53754284399528,0.0,0.0,nan,nan,3758.8032246238968,1.2597455729598213,35.46257879063201,372.7947131568002,66.91989165546751,2.6362161321016226,1.4475346652822279,4685.546236921167,1.2060871879507067,26.685442305050643,0.0,77.3507176340651,nan,nan,5875.62,1.0,15.473706908126772,-999.0,1.417431207498643,-999.0,0.16240413846680476,-1.0651127516060979
4d45m17pt925s-40d52m02pt348s,4.754979166666666,-40.86731888888889,0.4466498198995832,29.32482148037976,0,1,0,nan,nan,8.08396672161654,0.00011558817187477631,9.197289407945643,0.34322774404734674,63.45358189341355,18.755886937528754,0.477,macs0018m40,7632.309273487135,166.16809965682575,21.00114275467709,1.2488642566239043,5006.883351323263,3.03030297621294,74.96827432073108,2809.447073853036,71.79899871046615,7.92661663558116,0.5620123280832657,4959.1671628990025,2.705946247438775,67.1050637161313,8368.429838955044,422.11995323856763,17.519273448157566,4.450128724617082,3726.485120861257,2.7389602027177173,90.476247759037,8645.186311384587,531.4163285949811,18.130069034458852,5.602367408760069,3728.9697560457303,2.7389602027177173,90.40855107986027,0.0,0.0,nan,nan,6562.8,1.0,13.853480493619768,2985.159135468847,81.10444168341577,7.893507886199595,0.6150759510558207,4861.502869687372,2.1786062476834336,54.02879430892764,1672.4521503946585,107.85669664816987,4.463167411662807,1.019008780733864,4341.276196222443,2.0124257436842385,55.34055620637424,0.0,81.4225567473023,nan,nan,4101.73,1.0,22.16567686891332,0.0,0.0,nan,nan,3969.3001551347847,1.9888085553871584,59.694987631524725,525.6390115727474,9200498.412270842,1.092891821994308,86619.53602330439,3887.23442494861,0.5019281572740178,nan,0.0,0.0,nan,nan,3834.6363407452604,6.237863016090003,205.74831149460044,0.0,0.0,nan,nan,4364.304549621352,0.4999617834394905,nan,771.471962647692,124.48819387116127,1.57556952186526,1.164476684619248,3869.050339041187,1.4297495224366155,41.02451798466871,0.0,0.0,nan,nan,6583.45,1.0,13.810026928666252,0.0,0.0,nan,nan,6548.05,1.0,13.88468655302385,0.0,0.0,nan,nan,6716.44,1.0,13.536579167464883,0.0,0.0,nan,nan,6730.82,1.0,13.507659064352907,5460.902802785966,1501.4523524478675,11.69165953843822,20.506367613510974,3423.5123113348145,9.99923566878981,370.65991701749095,0.0,0.0,nan,nan,3761.3363610805873,1.196424976587718,32.852602519739115,141.76006202835092,0.0,0.32961133455992353,0.0,4685.965292678011,0.4999617834394905,nan,555.2711471931965,121.53880669657,1.949697038735347,0.927894706465699,5875.185904170817,1.8031546376423566,36.00570475314461,-999.0,3.224037339152325,-999.0,0.584657295421006,0.7037649210633333
4d45m25pt785s-40d51m38pt396s,4.7571625,-40.860665555555556,0.32091639363565694,10.459268844430143,1,0,0,10.217066400553248,0.06048941463464288,8.050120288629175,0.00013555883628694343,7.6822494501922485,0.38619268895520714,86.82535576531951,21.855312873139873,0.477,macs0018m40,4025.23247266752,85.35447887864085,26.558248190907637,1.5382237297770767,5006.8540044069205,2.043168596986284,48.80797400940432,766.2010866061682,84.16687063907251,4.961396349376924,1.5121896787650073,4958.86500955684,1.8991587132514374,45.324339737757626,5490.442794041583,338.20966783848337,12.988262860714402,4.030565607024825,3725.9191738955333,2.1651357085934255,70.00485443849207,6177.884869674717,361.2556242424411,14.642884691241518,4.305212514241995,3728.7004457292655,2.1651357085934255,69.9524749876515,4787.4794197130905,141.66875425386513,109.25135329265194,6.192581093525182,6562.602111359801,2.1603942354288157,39.64804809854666,2142.5705230878807,84.90096579866872,16.2997214318191,1.8525847971395955,4861.246450099075,1.8953754491903259,46.12752339882756,1222.1980176427203,107.86260753127789,8.772069049708461,2.7414841223433712,4340.721235761982,1.595299848776947,42.0466297110448,0.0,0.0,nan,nan,4101.807639340873,7.2773200947724845,224.82722913723057,0.0,90.44077862042076,nan,nan,3970.08,1.0,22.900702702093618,48.874560999567706,355.9347161947593,0.17667588322212474,5.8264683877435965,3887.1397094749,0.4999617834394905,nan,0.0,0.0,nan,nan,3834.0988981898763,9.574961450623517,316.975469106304,0.0,60.1550923937323,nan,nan,4363.21,1.0,20.83732430562082,2611.151391509462,195.8943088369174,11.018257865997983,3.7860379813873744,3869.061028620838,3.3766083766874337,108.70117164939498,372.2122333654421,8437083.798176046,2.148967202707782,92988.02910425462,6584.096714066703,0.6339729416035502,nan,0.0,0.0,nan,nan,6548.766857417409,9.99923566878981,193.93267853817915,1270.810070326691,192.40103264678302,16.80348202171037,4.758487647908911,6716.414342586797,2.690824313587384,49.24849369697649,775.3124811102463,316.535722882004,9.278746942552845,7.070617431886257,6730.5794208497955,3.115768600227884,57.426676584104634,0.0,0.0,nan,nan,3426.0,1.0,26.53754284399528,0.0,0.0,nan,nan,3760.196656777489,9.99923566878981,337.7342754526394,95.93768431349623,129.22284130558754,0.38936485804676013,1.6047834599547006,4684.664443733251,0.4999617834394905,nan,0.0,79.21850799157524,nan,nan,5875.62,1.0,15.473706908126772,-999.0,2.169438971900832,-999.0,-0.09836225254928278,0.09295135167299619
4d45m30pt465s-40d51m24pt25s,4.7584624999999985,-40.85673611111111,0.4367181003459819,16.206735365029783,0,0,0,9.239530278317497,0.048465924793770127,8.068039094789796,0.00010070853215193192,9.400947259038164,0.4913296423803661,50.78173082173239,11.487308418568157,0.477,macs0018m40,4905.435831839448,87.32646239801484,49.61811760098085,2.4126503037776943,5006.846220657785,2.4424677965013895,59.50001344063877,1782.5113653670103,83.6552979281833,26.59631373461956,3.4634375945837257,4958.720140972273,2.5314914189789666,62.4569396468097,5786.406258062628,274.19101174432626,29.756781453175954,7.103416018756476,3725.9167866983016,2.1097786869816284,68.00301355489913,7345.231755878129,328.60049586609665,37.84044351017468,8.512992498394151,3728.468745455125,2.1097786869816284,67.95213193341614,0.0,0.0,nan,nan,6562.8,1.0,13.853480493619768,2108.2540583442233,99.51335881223055,22.516723061450474,3.0486375407554833,4861.10289336742,2.1193469797809787,52.38734982193643,1454.761342153144,118.14250488377209,10.786256609011504,3.10273958751786,4340.201873763973,1.4805088434137121,38.26441348453703,1742.4822681073806,138.44310154952262,25.01742454139583,7.935901835009568,4103.1174814884,3.090647576296736,93.43517285832617,0.0,53.18414748017299,nan,nan,3970.08,1.0,22.900702702093618,199.69420366245197,2281526531780.4644,0.8615745776166973,44499237707.10423,3889.869712887927,0.4999617834394905,nan,119.1972661107481,170.9102442872817,0.4659515367173384,3.1289227831271753,3834.3100063880893,0.4999617834394905,nan,62.50027594152714,172.47564325620024,0.4914414897536364,4.750316753203994,4364.203556706641,0.4999617834394905,nan,1685.223215389254,180.13456686031157,9.172216227799886,4.4927694018728985,3868.268716639678,2.995531667804803,95.84565305604526,0.0,0.0,nan,nan,6583.45,1.0,13.810026928666252,0.0,0.0,nan,nan,6548.05,1.0,13.88468655302385,0.0,0.0,nan,nan,6716.44,1.0,13.536579167464883,0.0,0.0,nan,nan,6730.82,1.0,13.507659064352907,0.0,0.0,nan,nan,3425.701327097536,2.6560064124845733,95.20771636762368,0.0,51.11997157524858,nan,nan,3760.0,1.0,24.18021855944889,139.8629883535646,98.38966277715743,1.057639371289348,2.2734632858203407,4688.2982664098345,0.4999617834394905,nan,1407.8564097996775,479.5818415804559,37.67218839547533,27.8887993449908,5877.535793001094,9.99923566878981,216.12712798001303,-999.0,1.0860840208641207,-999.0,0.11237179681350598,0.27134793554362335
4d45m34pt185s-40d51m43pt942s,4.759495833333332,-40.862206111111114,0.13365739100747365,4.957741556007506,1,0,0,nan,nan,nan,nan,4.543531735963009,0.04868184063013909,54.35612042279712,14.353042250272127,0.477,macs0018m40,48871.168651145505,122.52238996300044,56.0426396126041,0.3837679388142128,5006.835207028226,2.490323320412228,60.769036320390214,16458.286477130412,175.53562906604506,18.18704800061634,0.5381858429745998,4958.966031292737,2.449654286868282,60.267658516884985,0.0,0.0,nan,nan,3726.03,1.0,24.400668213494743,0.0,0.0,nan,nan,3728.82,1.0,24.382410999599827,32180.309865426894,221.1266857701105,56.05442920567985,0.7377819177360065,6562.754967074863,2.4289780126003553,45.1200737000937,14378.56252024819,146.6785305420296,17.77635155162771,0.5201212241859446,4861.309418769172,2.436947856607443,61.13007324997573,5545.313714440147,251.87464934857095,4.857617313514204,0.7813940134140184,4340.553877613653,1.8620515782112568,50.60971099813211,0.0,0.0,nan,nan,4101.73,1.0,22.16567686891332,0.0,0.0,nan,nan,3970.08,1.0,22.900702702093618,0.0,0.0,nan,nan,3889.06,1.0,23.37778840736009,0.0,0.0,nan,nan,3835.4,1.0,23.704860453545347,0.0,0.0,nan,nan,4364.796963899501,9.99923566878981,291.0428046557292,0.0,0.0,nan,nan,3868.75,1.0,23.500516131444996,0.0,0.0,nan,nan,6583.599724149754,0.4999617834394905,nan,0.0,0.0,nan,nan,6548.07978887912,9.99923566878981,193.93267853817915,4473.582656117318,408.6971339753903,7.956269615119876,1.3595905206671606,6716.267074315068,2.3169545549323627,41.865581779869736,3271.819992444799,504.7589502884761,5.49282747973126,1.5816455044584241,6730.633238307474,2.387082941090406,43.16555889209914,0.0,0.0,nan,nan,3426.0,1.0,26.53754284399528,0.0,0.0,nan,nan,3760.0,1.0,24.18021855944889,700.664062116375,50250744.79219788,0.6670031393503222,146253.97624007124,4686.837315794493,0.6723117544386958,nan,2140.6584250732417,124.80902916235749,3.3427071427015105,0.4237131995108668,5875.690853014529,3.686538785281176,78.42496704748973,-999.0,9.755632284882356,-999.0,1.8467077780791679,1.626826166046129
4d45m39pt18s-40d51m33pt895s,4.760883333333332,-40.85941527777778,0.46470714870622953,6.270993110826676,0,1,0,10.635825467727646,0.0189801161447082,8.216904131544679,7.300296632916895e-05,12.012918810172291,0.21402373699793545,44.052715976959455,8.751586185449407,0.477,macs0018m40,30601.17886608022,124.83556693516341,206.48276460128866,2.3007609155009945,5006.834263874678,2.019822611335561,48.175622817409405,11156.751934570413,116.19251771067438,72.61661203882532,2.098330991145975,4958.908815695334,2.098837522453984,50.79830637821375,5698.227150843169,221.8647898179369,12.670326438955748,2.4847283217555254,3726.22832489985,1.9523857659138812,62.27360927083003,8367.75819278996,287.1795200342966,18.640770154933094,3.2162069855380278,3728.8898225211224,1.9523857659138812,62.22701453848425,0.0,0.0,nan,nan,6562.8,1.0,13.853480493619768,4646.990213320449,75.76464500654821,23.371248848082924,1.0928625416556808,4861.455109349374,1.854901900998101,44.9849807114937,2439.3775317347936,124.51454830086232,8.061588902636869,1.4573937581378222,4340.422634450402,1.7954057112199533,48.493697991736646,828.6589742382215,67.73397806282644,2.376052369718245,0.7757380590572914,4102.364825113224,1.217096889765621,30.903232111357056,198.1811089072256,0.0,0.48347512685289024,0.0,3971.900838136067,0.4999617834394905,nan,1477.1968074288793,164.83020966341715,3.2993646002987296,1.6634051982954827,3890.719333211219,1.673411289543906,49.75686701416387,0.0,63.09694691575503,nan,nan,3835.4,1.0,23.704860453545347,341.32736690239165,129.5464648044083,0.9155477592298243,1.2180291486058625,4362.624362905274,1.1553539236363906,26.81913633438491,3741.950076203027,136.55736122831416,8.351954886090292,1.3961616135957113,3868.8859215166526,2.071286598514444,64.15007215415078,0.0,0.0,nan,nan,6583.45,1.0,13.810026928666252,0.0,0.0,nan,nan,6548.05,1.0,13.88468655302385,0.0,0.0,nan,nan,6716.44,1.0,13.536579167464883,0.0,0.0,nan,nan,6730.82,1.0,13.507659064352907,4168.543634763198,277.18537732374165,11.3249731205753,4.780445616009713,3429.126521969255,4.658650986189693,171.1500235508698,0.0,0.0,nan,nan,3759.5063764977695,3.8492439096568343,128.1586412176043,129.39725843954557,5139.00718218206,0.4905880818995089,59.600536029228884,4685.447060988706,0.4999617834394905,nan,460.6992474881026,118.39556574754353,5.317714092888279,2.971076224512795,5875.735839441178,2.1880736323101067,44.91853876477704,-999.0,2.3946244679231565,-999.0,-0.17031984972088574,-0.008503499669018755
4d45m51pt195s-40d51m46pt433s,4.764220833333332,-40.862898055555554,0.25769297659367485,16.562687142124116,1,0,0,7.449579936217009,0.00790267657095418,nan,nan,2.114564667666332,0.09409225417918524,86.54400963728942,20.8809395137425,0.477,macs0018m40,5004.6518366589435,105.7800521916028,11.980042664500576,0.6916352232365345,5006.824809434158,1.7185169189186182,39.90781538290265,2103.6650766277303,133.809790981072,5.473034063861633,0.9656842428806024,4959.617310770235,2.9447722437805575,73.43415334239279,0.0,0.0,nan,nan,3726.03,1.0,24.400668213494743,0.0,0.0,nan,nan,3728.82,1.0,24.382410999599827,7847.248596833878,143.9731757369382,38.13420143084501,1.3400823322832345,6562.9641586740245,2.422472824088556,44.98827409366042,3361.598262743852,125.96782377978528,9.489710224795497,1.019873219375243,4861.516909878166,2.5667668708098264,64.6713593387322,1742.021107654276,157.4055627425144,4.001318315064417,1.2805480204461686,4340.369011223535,2.8456934400946268,80.90244545013562,0.0,0.0,nan,nan,4102.523154947689,2.7521397965843906,82.6120821575936,0.0,0.0,nan,nan,3969.9791098617975,5.398937984126336,171.6685291082698,0.0,0.0,nan,nan,3890.6891758396537,9.624450745197457,314.22632218774265,0.0,0.0,nan,nan,3834.5961622416744,5.999861962176294,197.7960077284364,576.6295373889114,153.10799072075056,1.1375626663338878,1.0584234752683177,4363.316260298295,2.3323015876668443,64.91473090611412,1454.578458430005,1108015.6533800731,2.2773752023230407,7957.019578150064,3866.790730852055,0.6893179310894553,nan,328.6742980345862,923.089436923004,0.937267309159883,5.025652083262103,6583.290328097124,0.4999617834394905,nan,0.0,0.0,nan,nan,6546.196502100775,0.4999617834394905,nan,1942.007672446527,207.63219287271616,10.264779462499872,2.0525905507840774,6716.935302514855,2.805474443858928,51.49584978983154,857.3908510581921,306.6030807786707,4.113396098283161,2.7454433860259493,6730.6991736596165,4.111122918257856,76.62436939912813,0.0,0.0,nan,nan,3426.0,1.0,26.53754284399528,0.0,0.0,nan,nan,3750.0,9.99923566878981,337.7342754526394,0.0,46.29040833694847,nan,nan,4685.68,1.0,19.403292965701418,524.0499062082483,86.35253783732594,1.9858008662915576,0.7114268410737495,5875.5062721093855,1.7681000192508203,35.18006338541774,-999.0,6.343881091154611,-999.0,0.5842528747362905,0.7087862769093534
4d45m51pt3s-40d51m43pt7s,4.76425,-40.86213888888889,0.37796419222681843,15.702393364967508,1,0,0,nan,nan,8.057744582144903,0.00011913502906983565,8.71472779829846,0.4140424382912588,91.49394530142159,20.509446187642794,0.477,macs0018m40,5475.680593594774,122.35754292790021,8.172168225903583,0.4987927530303374,5006.815077183891,3.272965129317175,81.29682644956041,1506.969107778092,119.70652564512419,2.105380636696942,0.46411353063948746,4958.335539815488,2.93671157198273,73.22108738640989,6501.764719773851,359.5731783551194,7.03593435025655,1.9599201490958102,3726.168727718443,2.254394712341996,73.22030699244716,8997.442597312986,488.8888597590046,9.75316995603027,2.66477920097765,3728.597309083135,2.254394712341996,73.16552165646718,5783.391128763808,164.89779754077225,14.83108263381531,0.8100162760858621,6562.445035468181,3.3405581783996006,63.36396741553384,2579.7543582312755,98.92943738581059,3.691778102056153,0.4061235713700546,4860.883498894331,3.042173711241664,77.53171641538529,495.9296467790757,2533.9836022889253,0.5406937477968558,9.792865851099148,4338.658662452204,0.4999617834394905,nan,756.6292158214357,2894622.931356707,0.7266038949052601,11106.904315077081,4101.695271381319,0.5920204874403647,nan,173.86587103250534,276.7659783083718,0.1723928037180421,1.1814507674891015,3970.161186113504,0.4999617834394905,nan,0.0,0.0,nan,nan,3889.914378254149,4.32417410526919,139.68674657470282,0.0,0.0,nan,nan,3833.02017663354,9.99923566878981,331.09476865566154,191.84688023442385,2.1717654267801948e+43,0.21690966706688813,8.606865247261163e+40,4362.695499797061,0.4999617834394905,nan,1991.418180804391,348.8214004993799,1.9347270070905929,1.5550715630341483,3866.1266904697427,7.964171036203475,261.06512028786403,339.92105733771257,156195569.88338912,0.7524400053098204,660165.421449833,6582.717644599804,0.5444061750618603,nan,0.0,0.0,nan,nan,6547.400629698112,0.4999617834394905,nan,640.632307489114,105.13722603174811,1.7819173439005958,0.5470602095923274,6715.540320620911,1.2491180118707317,19.609916825169737,1005.9800673541408,195.521448561743,2.853724166981278,1.0352849856781452,6730.258028554057,3.304652499311616,61.08749487420072,0.0,0.0,nan,nan,3426.0,1.0,26.53754284399528,1891.778242790294,238.7033575053091,2.0350030026038115,1.26382843836737,3759.602021060608,4.0629776505521855,135.51157606783923,0.0,0.0,nan,nan,4686.082601611142,3.4633239308547763,92.15658086529072,486.81567565690204,99.78806684620595,1.0232955974725602,0.45610565333641995,5874.8766347273195,2.2726163293666817,46.84789681363926,-999.0,11.421058237989612,-999.0,1.501209919467173,1.3891975152873417
4d46m00pt975s-40d52m15pt046s,4.766937499999999,-40.87084611111111,0.3778400679247367,43.4047624887473,1,0,0,nan,nan,8.02467512704819,0.0001263368071532896,9.168612145262832,0.43814639714239856,95.48287061966823,20.45935831978918,0.477,macs0018m40,5538.616114374745,133.63843939229815,14.115724962152413,0.9302956757031476,5006.832982583692,2.8568280158530737,70.4268812700434,858.0948633895193,79.29483436327489,1.859199630808423,0.4767577708270941,4958.460370670045,1.1937397951514894,24.824812195753516,9335.882548470356,510.1329592396092,10.572122961847274,2.9104562199295803,3725.8052112155146,3.090321670094543,102.84491893776564,11714.087456357836,664.8449279660389,13.294326813040133,3.793132791834613,3728.9426528457425,3.090321670094543,102.76796769747077,7646.264083215751,252.36036490395801,28.99147246396917,1.8328685338896793,6562.436540412447,3.175313032974342,60.081707710333035,2993.548047157104,108.73598975902925,7.1218803215456035,0.7420040076203571,4861.219450735866,2.1798943947713454,54.06441644061615,1280.3948535263555,135.21541978788886,2.292922489747223,0.8576000812210565,4340.43265239204,2.450958738634451,68.89481443784378,0.0,0.0,nan,nan,4096.680097435681,0.4999617834394905,nan,0.0,0.0,nan,nan,3968.8315456327605,9.928585792987825,317.591623184951,0.0,0.0,nan,nan,3888.963691032972,1.2428071781990953,33.61676949622414,0.0,0.0,nan,nan,3835.007532162943,4.915453822760409,161.4979125776593,0.0,0.0,nan,nan,4363.86381880417,4.576153137850389,131.9520137347289,6941.110214451957,582.7351126758715,8.728744935272562,3.3547798307911543,3869.833188372615,9.99923566878981,328.2406140748108,67.01107143190244,3851825.0710260756,0.18337744006778453,20123.238903083704,6583.565941907482,0.4999617834394905,nan,0.0,0.0,nan,nan,6548.250720264286,0.4999617834394905,nan,2023.1316308143337,212.48695669343508,9.79491419507006,1.9243214252402516,6716.016546567891,3.3380910277214184,61.86667565684907,785.6633989809417,196.50790877930433,3.2055092943778805,1.4965259896043877,6730.2454042075415,2.228496830818773,40.01747228868245,0.0,0.0,nan,nan,3426.0,1.0,26.53754284399528,803.7800909340128,252.20259159148412,0.8588049013376235,1.3266130761288675,3759.2555980022953,4.020654427282276,134.05656270474574,367.23382723355616,1521459277.2918062,0.7006858570663355,8877400.416395854,4686.251653344036,0.4999617834394905,nan,0.0,0.0,nan,nan,5874.878041034878,4.435040293315632,94.89183652122325,-999.0,3.887473022303528,-999.0,0.3824081341024055,0.5923344967035601
4d46m27pt795s-20d26m26pt867s,4.774387499999999,-20.440796388888888,0.5131712253533531,31.408211814114154,0,0,0,nan,nan,7.438446006119163,0.0021295946244732217,4.557369789891967,0.3273051834917949,83.32842391108989,19.245254600645,0.277,s26,4274.860986212673,246.33269620556825,6.931713477447981,1.0910018337369625,5006.8534365186715,2.506463349201559,61.19655620063798,2546.277846885419,207.61791982744197,4.731986442425376,1.070637684477614,4958.614426823945,3.818527599125131,96.37181055565134,6375.39869894415,409.3849512438429,9.125274307548619,2.9520289636476615,3725.8734232360785,2.41257266390175,78.88617249109915,11470.58964456498,685.5759381055948,16.448362302273335,4.943611190197775,3728.506717378313,2.41257266390175,78.82714780735195,0.0,0.0,nan,nan,6562.8,1.0,13.853480493619768,5412.579692637133,339.7223689760116,8.930380037871231,1.60785406160337,4861.006049656236,3.3047973007935756,84.58339486444399,2217.049508028718,152.12594031374147,3.1902492737363044,0.7751745369832956,4340.757359369698,2.2662006187709616,63.219517483913904,324.7626083683104,585.5491279104847,0.5351369371761907,3.854972651049588,4101.811151739337,0.4999617834394905,nan,0.0,0.0,nan,nan,3966.525331450568,9.99923566878981,319.8627926142355,0.0,0.0,nan,nan,3887.9795739607107,5.510775758537805,178.93645003846103,1470.121162299686,8957.646513814498,1.9034336127238933,54.280037851812864,3835.3427606576197,0.4999617834394905,nan,700.3806442912463,2189570.882348551,1.021332863429872,11189.162380211772,4363.205608843607,0.5561967671581798,nan,3179.5081816476177,246.58933772247497,4.374589909796623,1.5533970764133955,3869.6119472747946,2.0507451063881277,63.431384167981975,0.0,0.0,nan,nan,6583.45,1.0,13.810026928666252,0.0,0.0,nan,nan,6548.05,1.0,13.88468655302385,0.0,0.0,nan,nan,6716.44,1.0,13.536579167464883,0.0,0.0,nan,nan,6730.82,1.0,13.507659064352907,839.5831076283465,0.0,1.1511549954789375,0.0,3428.4856736853408,0.4999617834394905,nan,0.0,0.0,nan,nan,3760.3558170012325,6.880296086506845,231.751663225176,0.0,0.0,nan,nan,4685.460802350074,6.166410633564626,166.4586489127415,0.0,0.0,nan,nan,5875.419652444715,4.263327766728461,91.122083741886,-999.0,5.717714948819649,11.957338140038782,3.9808359849403328,3.579716872073047
4d46m35pt34s-20d26m04pt362s,4.776483333333333,-20.434545,0.52816467563896,33.71796440119023,0,0,0,nan,nan,8.265973278792837,0.02439594464021451,5.853519352556823,2.492727967883858,44.80343148248616,12.485035362046762,0.277,s26,8220.157566037193,104.41739163165195,2011.6915863144595,69.7976381283257,5006.840498358536,1.735380397268029,40.37686891301295,2896.680046669329,128.1065726733149,257.0761340993365,31.544731126130653,4958.93273385264,1.566496965474499,35.978068692773896,798.6547019464668,4768.359527346347,21.096569084652618,634.1532922370121,3726.7887951495886,0.9419280000000001,21.534597245939114,342.0285939184164,2052.125953639689,9.043306637495181,272.9161721389436,3728.1482313273164,0.9419280000000001,21.51848450080361,0.0,0.0,nan,nan,6562.8,1.0,13.853480493619768,2094.042945842027,88.99190841871838,232.28039698371066,28.314258490943406,4861.198362274174,1.7414640188173003,41.75948893606763,2021.2877075644437,86.73962242394745,135.6669629671282,20.623702416495217,4339.990930691984,2.9420942183791072,83.81654180314301,933.8869494549967,133.0955587247097,24.27750384863916,13.824927836970186,4101.681860770303,1.6361229193397735,45.89973667658548,1080.7103129042002,105.3076732897525,20.56436531832753,8.646294655340386,3966.409077432322,2.4644820253620594,75.77460071645923,822.7620371499905,112.1061787653755,47.78339142871407,29.447624217331246,3889.0647364750926,1.2316262949517998,33.17287533616243,461.93169607165953,98.98175500673418,26.056886941699016,26.10994117528865,3836.6072923577617,1.1529426834077032,30.40919560250737,0.0,0.0,nan,nan,4362.665194215554,9.99923566878981,291.0428046557292,1969.7301725153384,132.80764657324426,99.13060989365319,30.619264630714856,3868.739737539799,1.4720531823819787,42.61388687225826,0.0,0.0,nan,nan,6583.45,1.0,13.810026928666252,0.0,0.0,nan,nan,6548.05,1.0,13.88468655302385,0.0,0.0,nan,nan,6716.44,1.0,13.536579167464883,0.0,0.0,nan,nan,6730.82,1.0,13.507659064352907,298.14398987325416,356253.03529870237,9.054998458603174,68977.9241742863,3424.2424269126072,0.4999617834394905,nan,0.0,0.0,nan,nan,3759.299422550888,2.603596914188948,84.90947505998352,279.6125623659554,60.0455493223302,7.763987213451756,5.098000835019765,4686.574600643237,1.209263607329018,26.791351434151853,485.3803133063405,171.976314007814,15.194568947080787,11.693881861968414,5879.927769530247,2.0385709444453015,41.48508396199059,-999.0,0.32770519465166514,0.38431402573748275,-0.37758374051244403,-0.06158096329476684
4d46m46pt155s-20d26m28pt315s,4.779487499999999,-20.441198611111112,0.5150508332597763,13.019807424077172,0,0,1,nan,nan,8.08402187898736,0.0027925479678793694,9.545473874044173,2.373414591545517,79.15971508042843,17.130894387511514,0.277,s26,2926.0003666772986,152.30005362815166,15.035926134165331,2.1380272519872636,5006.336421480028,1.4734982720003231,32.96921367801262,1468.3506806834523,161.3810419325051,10.28502497737141,3.1370798218046656,4958.214910952792,2.372809647268556,58.20601188778753,2747.2377074036995,190.49612544024038,6.948568838445007,2.427335245409071,3725.8921137316856,2.0808017735657387,66.95257977072757,2524.6260744812057,177.19531215742455,6.3972960451717515,2.257853935490712,3728.5317769600274,2.0808017735657387,66.90248411109252,0.0,0.0,nan,nan,6562.8,1.0,13.853480493619768,1012.6490268366664,249.2266882858516,5.439405300094738,3.8404013270804516,4860.7900165057035,1.7267439469463688,41.33813972724131,0.0,52.76479810516163,nan,nan,4340.46,1.0,20.94654063936261,1643.612487022144,638.6895535896476,6.879943908208897,10.70203958404861,4098.290501991626,9.99923566878981,309.59640827210086,0.0,0.0,nan,nan,3968.6715978010384,2.5257074292961703,77.82010265323417,0.0,0.0,nan,nan,3888.668893508406,4.609361743565814,149.13941076933546,0.0,0.0,nan,nan,3836.903899340719,7.4333572046074705,245.64224921511834,0.0,0.0,nan,nan,4365.851021223246,7.830419629037013,227.56192832641642,1074.8254572436306,155.02007252182514,4.416804694488487,2.918130754564686,3868.8272620047032,3.461393833140588,111.5516240606689,0.0,0.0,nan,nan,6583.45,1.0,13.810026928666252,0.0,0.0,nan,nan,6548.05,1.0,13.88468655302385,0.0,0.0,nan,nan,6716.44,1.0,13.536579167464883,0.0,0.0,nan,nan,6730.82,1.0,13.507659064352907,1654.0768237927866,169.7768118309846,6.383630670739141,4.165234994764656,3427.5252060468583,3.7723641442234004,137.74649052749555,0.0,0.0,nan,nan,3760.326069625863,1.4349409923775145,42.41254248961816,400.0891041701849,90.2350294014521,2.033447156468111,1.40278289684938,4685.686155998017,2.962173630021782,78.20288703579348,0.0,0.0,nan,nan,5875.294172968364,3.9890841168760334,85.09240147872067,-999.0,2.5445992260100248,5.368911763416969,1.1638775619876365,0.8797395016251577
4d46m49pt32s-20d26m10pt793s,4.780366666666666,-20.43633138888889,0.5146305310924817,20.01326461025499,0,0,1,nan,nan,7.889470587011802,0.00434191187727728,6.1441793177349355,0.3830297569124975,60.854066843105,11.1238976070056,0.277,s26,4097.05552944936,220.48755577622654,17.247309736504317,2.5352507389793555,5006.8355598667395,3.396108801623219,84.49941743322621,1502.4292855391996,205.1938955838547,5.793954390534172,2.1950376273392913,4959.611734177363,4.465059708271242,113.21405861783863,6391.811340440429,222.8618887620871,27.125471841801176,4.764925601594532,3725.818052861497,2.638326137246477,86.91494086308775,8694.346585222045,307.8749508279061,36.9663497058591,6.582557670305051,3728.5104208688895,2.638326137246477,86.84990884625455,0.0,0.0,nan,nan,6562.8,1.0,13.853480493619768,3366.7055713922164,194.4750708722068,12.915372865501803,2.1395599727283576,4861.653553327146,4.341556661993429,112.21056212785362,1536.0963264615689,110.79091885610755,4.906120991127437,1.2529199402015192,4340.991284133932,3.1650650613666302,90.5356904922133,722.8903219007851,84.29788227293032,1.7047236790676878,0.7942124870656447,4101.8983634729,1.0474503432453501,24.184922718924252,0.0,0.0,nan,nan,3968.9804250265556,0.4999617834394905,nan,918.500812612354,92.94489768299533,1.9116750800352293,0.8754915701037729,3888.055631702345,1.1208180135722898,28.654891415654685,0.0,0.0,nan,nan,3835.346622612941,4.6773397979812055,153.50849125586163,0.0,0.0,nan,nan,4365.371604730848,5.415238714065532,156.68066728196044,0.0,0.0,nan,nan,3868.2346877818663,3.1822948507029234,102.15585280756478,0.0,0.0,nan,nan,6583.45,1.0,13.810026928666252,0.0,0.0,nan,nan,6548.05,1.0,13.88468655302385,0.0,0.0,nan,nan,6716.44,1.0,13.536579167464883,0.0,0.0,nan,nan,6730.82,1.0,13.507659064352907,107.18380191973685,247.06361187134831,0.2040382732016425,2.9846045297732515,3429.523856655568,0.4999617834394905,nan,340.6651094210561,77.46323320782075,0.840992703847246,0.9418329530347375,3758.6612896413194,0.4999617834394905,nan,263.9149182480684,75.46338665267356,0.8447923837576918,0.7390233681518782,4685.106630352892,1.422778378580756,33.65466384085641,0.0,0.0,nan,nan,5875.607973322285,3.550693055096055,75.42483695367605,-999.0,3.657442798441917,6.435148791546798,0.6551163473200182,0.6331424015249193
4d47m02pt7s-20d26m48pt328s,4.784083333333332,-20.446757777777776,0.26599458081431204,20.422617642207744,0,1,0,9.311801189428273,0.10804998605060184,nan,nan,nan,nan,79.47577641435937,19.79408813393854,0.277,s26,3243.8132845951127,124.6813335255335,11.496645976697025,1.2069809808666978,5006.861530196398,2.31050780612472,55.98872293514784,1738.997200350715,187.9937786403842,6.131769026638548,1.838835626739407,4959.500315524223,2.753453108880646,68.36690653915541,0.0,0.0,nan,nan,3726.03,1.0,24.400668213494743,0.0,0.0,nan,nan,3728.82,1.0,24.382410999599827,3665.954633744535,270.88434607299905,29.858240443160003,4.225781901496432,6563.059574533806,2.3181927523702153,42.87088227318484,0.0,69.09424760633598,nan,nan,4861.33,1.0,18.702211490174054,0.0,0.0,nan,nan,4341.768118794041,3.5091863085312007,100.85944329636861,0.0,68.12955968297261,nan,nan,4101.73,1.0,22.16567686891332,0.0,0.0,nan,nan,3970.6895659399684,9.99923566878981,319.8627926142355,0.0,0.0,nan,nan,3888.222375567056,5.967015016407808,193.98418761538477,0.0,0.0,nan,nan,3834.195613098423,5.7583721030408865,189.722672481639,802.0848707282004,114.41118927233035,1.9824278643220175,0.9904247198886247,4364.348006830084,1.5235284928133421,39.48367125601732,3996.100665512428,1384.4407772889099,10.55386228026229,16.85687846772872,3858.75,9.99923566878981,328.2406140748108,296.5018709243844,353.55740816279445,1.3473621957845214,3.0675015313949974,6583.042628961708,1.938943158617703,34.96633758974671,0.0,150.81979353095915,nan,nan,6548.05,1.0,13.88468655302385,0.0,0.0,nan,nan,6716.836277200594,1.084538701717732,15.702067966104128,1124.4478628120232,196.77273630148548,6.016318531690267,1.9648990273695803,6731.169342585603,3.4332195902915315,63.573555989756464,0.0,0.0,nan,nan,3426.0,1.0,26.53754284399528,0.0,0.0,nan,nan,3755.6155312526757,3.323089552683171,109.99211241336882,91.40397593255868,332.43615563123103,0.267293194871921,2.9752814333018365,4684.141217782449,0.4999617834394905,nan,222.14795235550386,116.44965773638302,1.1012932502485766,1.2555428897069303,5873.985748341553,2.623321334113246,54.779917101785045,-999.0,5.522679799109658,6.183336242964266,0.26195210838116595,0.0645283210489136
4d47m23pt715s-20d26m37pt477s,4.7899208333333325,-20.44374361111111,0.14183738180752403,26.23130331035466,0,0,0,nan,nan,nan,nan,1.0780461420448684,0.06054963428936986,30.290696136750597,4.220498463518177,0.277,s26,4333.953456021176,151.57804438840932,7.577820324815867,0.7239096699053369,5006.830605347121,2.648530832658547,64.9501349783117,412.6731260408043,118.3538793320896,0.6169987907438489,0.4909171458919333,4959.256667742897,1.4907262201062503,33.78966419581318,0.0,0.0,nan,nan,3726.03,1.0,24.400668213494743,0.0,0.0,nan,nan,3728.82,1.0,24.382410999599827,9612.298201380901,255.84165642743744,21.916356335748457,1.1173611433905457,6562.552054760364,2.533760412182204,47.23881840040224,4402.990184685828,171.27229093536565,7.082908557605634,0.7902875324779843,4861.156075911301,2.648771461614555,66.90076536679327,1166.319852346652,11437024.304340973,1.5699635505367249,54523.321839391014,4340.510097495773,0.6675523448712118,nan,0.0,0.0,nan,nan,4101.73,1.0,22.16567686891332,0.0,0.0,nan,nan,3970.08,1.0,22.900702702093618,0.0,0.0,nan,nan,3889.06,1.0,23.37778840736009,0.0,0.0,nan,nan,3835.4,1.0,23.704860453545347,0.0,0.0,nan,nan,4363.843178375047,2.3086155600176554,64.18984754847504,0.0,0.0,nan,nan,3868.75,1.0,23.500516131444996,1063.7034887465613,819.3199210063054,1.7618061082795822,2.591013079767883,6582.887793299622,1.850075224799543,33.1168527676854,0.0,0.0,nan,nan,6547.778351878923,0.4999617834394905,nan,1933.4449500226044,209.0239618543366,5.151714266662374,1.041762797618849,6716.262428936383,2.2966306438844075,41.46127735222906,1388.0912878697557,272.3988134344374,3.5488332562575904,1.299791818390111,6730.903874733364,2.0366234934598473,36.174877825899536,0.0,0.0,nan,nan,3426.0,1.0,26.53754284399528,0.0,0.0,nan,nan,3760.0,1.0,24.18021855944889,509.0606439703251,2533839.9782885546,0.7129678984891021,10851.62239494703,4686.430151369071,0.7077682295011511,2.841299119506309,339.5693623306046,3723052.3535664887,0.7648757750423142,18233.415678134545,5875.3505834514835,0.6706764440815224,nan,-999.0,9.783597552065688,14.9713190107183,4.791551219160798,1.1357614950323038
4d47m28pt35s-20d26m36pt271s,4.791208333333333,-20.44340861111111,0.8005962919393037,30.268186539002446,0,0,0,9.998615991398136,0.059452314133377496,8.0299786945713,0.0029710971211074854,7.082574152946056,0.6060962246316962,78.37184354773039,20.275181846741635,0.277,s26,5398.320931760925,151.52585978788974,165.14507837870508,12.661268271159413,5006.862668513999,2.3929064683355787,58.18340606606398,1343.1308808891586,128.8825666672451,18.70968690956911,4.981543628344167,4958.742381982832,2.091266019877463,50.592070796457925,4675.63540846546,137.46095833578732,138.80196495756832,20.556091119263314,3726.0183294946883,2.5683186024355877,84.4314588984429,7584.0940872947385,210.69501884307607,225.5843458343318,31.50760811032117,3728.8233660836086,2.5683186024355877,84.36828508733733,0.0,0.0,nan,nan,6562.8,1.0,13.853480493619768,2682.8072531378416,225.07311148472007,44.56061967619719,10.72133836471759,4861.621064837754,3.234501714531495,82.69876803235341,1101.6699040076674,206.79598543777743,9.419743915529034,6.2603506316142905,4341.140612319145,2.470239594775508,69.48471630424015,1893.1051477756414,281.46044148529376,57.90490492680005,34.368890343129884,4103.300630038254,6.2935179486919965,194.12714821106252,0.0,0.0,nan,nan,3968.9131915141675,2.040555338054451,61.46464559522143,0.0,0.0,nan,nan,3890.2075448665923,9.99923566878981,326.52642944617054,399.5928925767623,129354.76041962381,4.444402668478847,6727.327008172573,3836.754922426545,0.4999617834394905,nan,0.0,101.93039525031051,nan,nan,4363.21,1.0,20.83732430562082,1142.8020801203002,199.5935296581057,10.31354635483814,8.24133994806669,3870.76341458362,5.50376807999001,179.64333357600475,0.0,0.0,nan,nan,6583.45,1.0,13.810026928666252,0.0,0.0,nan,nan,6548.05,1.0,13.88468655302385,0.0,0.0,nan,nan,6716.44,1.0,13.536579167464883,0.0,0.0,nan,nan,6730.82,1.0,13.507659064352907,184.8614353549818,188.322160245844,1.8153836399929981,11.810776772674929,3422.219646069772,0.4999617834394905,nan,0.0,0.0,nan,nan,3757.190206135266,0.4999617834394905,nan,1325.7653482221383,1640.618328157496,29.118373952354435,110.02723120367168,4690.169100411236,9.99923566878981,271.0131455203778,0.0,0.0,nan,nan,5875.62,1.0,15.473706908126772,-999.0,2.1443638178795434,4.531134809282536,0.470872428016474,0.14977579148008
4d54m58pt005s3d36m09pt248s,4.916112499999999,3.602568888888889,0.7169844519341801,21.816413968382165,0,0,0,nan,nan,7.491506751877631,0.0024976741500397134,5.172214351369917,0.4396127340466731,49.57589156771283,10.817580354776213,0.266,rxj0019p03,6303.553844169188,106.53663133750662,1086.5377774583712,50.15969670654226,5006.769605237534,2.0071514165765247,47.83199427050854,2141.0178163878927,113.01893769065639,114.84589718158503,16.821016227876452,4958.851977476251,1.7800839290263646,42.018320921022244,2820.9003516537628,94.94227725436623,182.34226052809902,30.91867704455641,3725.8355005564067,1.6833494137077707,52.30755517779511,4134.789790262824,118.98400934625053,267.8127495808181,38.74805055062041,3728.7324732250113,1.6833494137077707,52.26841730604317,0.0,0.0,nan,nan,6562.8,1.0,13.853480493619768,2977.498757064224,249.55540668683625,97.48227146801175,23.443979230531188,4860.125878945786,5.320827256494292,138.13248535424063,1280.5940334085076,103.6701045953527,47.7923504241903,13.701916428218903,4340.591095524946,2.452572088939276,68.94419089168343,51.4177201069698,136.91875017753756,9.615041797059343,102.3210287284766,4101.368400641603,0.4999617834394905,nan,536.8305783230248,603057.9086053598,150.39968812707122,727305.2673543554,3970.356093364061,0.5013886371847411,nan,204.70930960679203,0.0,31.99403724494756,0.0,3887.7071652625023,0.4999617834394905,nan,0.0,0.0,nan,nan,3832.097378044426,2.3901947077642,75.86013408141052,31.572532819321303,2.792108518798756e+18,4.774364907868171,1.4805445093261153e+18,4361.824826257447,0.4999617834394905,nan,792.7743827134196,58.91307448555132,22.874431662385287,7.787575560828181,3868.6697681572628,1.5749530485106853,46.42703039414204,0.0,0.0,nan,nan,6583.45,1.0,13.810026928666252,0.0,0.0,nan,nan,6548.05,1.0,13.88468655302385,0.0,0.0,nan,nan,6716.44,1.0,13.536579167464883,0.0,0.0,nan,nan,6730.82,1.0,13.507659064352907,0.0,0.0,nan,nan,3424.385299945887,4.071002335506653,149.025285172858,634.4582348770579,53.164950328905775,233.62136015193164,96.34495274826557,3759.7394164526695,1.1923570546685291,32.68261201067448,0.0,0.0,nan,nan,4686.379800850167,5.651816912428642,152.37777509091137,0.0,0.0,nan,nan,5875.62,1.0,15.473706908126772,-999.0,-0.30392613811097596,-999.0,-0.13749113812471978,0.10509369691925546
6d22m50pt385s-12d23m03pt222s,6.3806625,-12.384228333333333,0.4844832786734554,28.621476802728512,1,0,0,7.737189193287729,0.010203753510706516,8.022353955875898,0.00011886667967089202,7.202974752457906,0.3134487879593805,86.41820137868561,20.978349490641683,0.5847,macs0025m12,4612.621862855645,150.205671462855,8.740283191062014,0.7774137021220825,5006.82924351054,3.1921398733178656,79.19170478547706,2085.977493944209,185.15407185611318,3.9668980046867603,0.9769404690028736,4958.938070732821,3.2707921960505932,82.0254872554423,9296.265021337,353.7745987348156,12.888024697865148,2.4705486621516837,3726.0753117538607,2.4199351259535358,79.14900261112422,13296.963470866549,469.16055984411463,18.471693063370168,3.2763346989930304,3728.966631387343,2.4199351259535358,79.08978127105283,0.0,0.0,nan,nan,6562.8,1.0,13.853480493619768,4066.6292546712048,153.5138546532068,8.48242938316197,0.918425005867252,4861.312154127738,2.9088964120175134,73.94056399028358,0.0,70.7420672437597,nan,nan,4340.46,1.0,20.94654063936261,738.0633875861906,585829.6314691819,1.0549115569472196,3346.3791248472257,4101.293000874198,0.5847652698006188,nan,1226.5104787641662,24231399.832854636,1.7446460936962196,148419.11537861067,3969.8612489011684,0.5212548625729865,nan,0.0,0.0,nan,nan,3888.6823542604993,5.00046511569353,162.08065988888325,0.0,0.0,nan,nan,3836.356332404395,7.752836162636082,256.29222906473905,511.04339174876,165.54658701853327,0.7381309534828518,0.8383993118856196,4361.9637907072765,1.8035111219457385,48.49757047671421,6824.359319113605,448.4813768027155,10.666391571105319,3.217287344025122,3865.764671267043,9.99923566878981,328.2406140748108,0.0,0.0,nan,nan,6583.45,1.0,13.810026928666252,0.0,0.0,nan,nan,6548.05,1.0,13.88468655302385,0.0,0.0,nan,nan,6716.44,1.0,13.536579167464883,0.0,0.0,nan,nan,6730.82,1.0,13.507659064352907,6092.144957354421,375.7237358732831,7.545189010136434,2.9689686458607523,3423.3231022011473,5.168731321431154,190.30046780935618,3230.556344201583,316.59186624786923,5.037122953373429,2.4264513997344928,3761.5201673294205,5.1746614728484674,173.59877212065274,96.03865243632416,5.826437449802167e+76,0.15271737288307652,2.833480591524432e+74,4686.072003727586,0.4999617834394905,nan,0.0,0.0,nan,nan,5872.268562363366,0.4999617834394905,nan,4.258596821546398,-999.0,,3.806479778121962,2.6855939906532202
6d22m50pt715s-12d23m04pt187s,6.380754166666666,-12.384496388888888,0.7468641854813565,27.881226764854965,1,0,0,nan,nan,8.073732687600861,0.0027106468184537338,7.622024916496,0.6948259999694336,55.80385000350512,11.266817857951256,0.5847,macs0025m12,8019.965181121901,225.18054700526042,19.200232688377895,1.4725301206475805,5006.750147500423,3.1587159760333297,78.3203922519748,0.0,144.26164550948735,nan,nan,4958.91,1.0,18.334194769319836,4546.929064878137,400.7285350343963,9.498651042530874,4.215745325691879,3726.4331502196924,2.795584015408319,92.4760013288667,7662.0719750315275,667.921634198164,16.036762810727858,7.026670828564028,3729.1612246582977,2.795584015408319,92.40680838211478,0.0,0.0,nan,nan,6562.8,1.0,13.853480493619768,2654.014706413638,216.47412426656254,7.1149096577098865,1.664753084254057,4860.8680025428075,3.3653048678484447,86.20409205933781,507.394102225241,228.77673564928622,1.2431427965634851,1.9848531068925936,4340.7872399560965,3.086951811868854,88.18484091860965,127.2639553800867,227.11017434995563,0.3242174091161519,2.3091659768531985,4103.80892356873,0.4999617834394905,nan,330.65242198312376,585961.2675918092,0.8553017276812334,6524.567694868772,3970.406022515086,0.5010844681372475,nan,262.3891852907534,114106.22898391413,0.4710802170640257,926.7037178626709,3888.8265595210178,0.534274987578958,nan,0.0,0.0,nan,nan,3835.624441329951,4.734526772258585,155.42807997225805,0.0,0.0,nan,nan,4363.141793674785,5.333017314691536,154.26098866928928,1244.0230211207875,121.14369791444591,2.5143121865271443,1.1225448532908342,3867.4988914995442,2.963824176186353,94.77220198946003,0.0,0.0,nan,nan,6583.45,1.0,13.810026928666252,0.0,0.0,nan,nan,6548.05,1.0,13.88468655302385,0.0,0.0,nan,nan,6716.44,1.0,13.536579167464883,0.0,0.0,nan,nan,6730.82,1.0,13.507659064352907,422.24891698997084,232.29168660557488,0.5273293249330052,1.8497805134807288,3424.020561412718,0.4999617834394905,nan,696.3194975557484,132.1453088745658,1.3674297043525874,1.2771892040319623,3759.6955917335627,2.588334551204862,84.37282715231908,230.92148237465642,66.08596511282944,0.6508702742304054,0.5702093148258844,4683.554493655804,1.3526169157467653,31.446583457792936,0.0,0.0,nan,nan,5875.62,1.0,15.473706908126772,3.797844056076225,-999.0,,1.780822892078061,1.8337813634435052
6d22m52pt2s-12d23m00pt972s,6.381166666666666,-12.383603333333333,0.5919333387803845,28.236771720596586,0,1,0,nan,nan,8.054740161288189,6.331782474683709e-05,7.349149777720011,0.23184273265073801,56.92814589602377,14.918623498487172,0.5847,macs0025m12,9157.991261278768,139.31242805070838,73.4251905842192,3.050855970033071,5006.837956753575,2.2390480638755905,54.07900611405088,3094.383034645479,155.9843874071019,81.48014017432719,11.395655636674464,4959.027919547087,1.9875120554589396,47.755963901835926,11948.867868204703,291.5657038539473,31.195730213412585,3.8350540069071037,3725.819088625152,2.2241497584874743,72.1323793341551,16225.22292646549,359.8396286120091,42.445494957463595,4.733082085140333,3728.697236728021,2.2241497584874743,72.07840801391379,0.0,0.0,nan,nan,6562.8,1.0,13.853480493619768,5500.835649472406,159.16308185876727,43.45315166977508,3.6062624371223633,4861.2334651038755,2.396304047791928,60.01800083641882,2616.782322004458,121.06626390596173,13.431617824701151,2.2009926002162166,4340.32675227721,1.7556124480058677,47.22363192217222,0.0,77.01114594596157,nan,nan,4101.73,1.0,22.16567686891332,0.0,0.0,nan,nan,3972.0747648976994,9.122640148419745,291.67684977358,0.0,66.92717149077559,nan,nan,3889.06,1.0,23.37778840736009,0.0,0.0,nan,nan,3837.378722859494,0.4999617834394905,nan,0.0,0.0,nan,nan,4363.309070392393,5.508856624140447,159.43497313765653,1825.4777315327779,159.46177818224052,5.830756743560442,2.334222245601255,3868.1342544359686,2.7850219045882914,88.70546555673245,0.0,0.0,nan,nan,6583.45,1.0,13.810026928666252,0.0,0.0,nan,nan,6548.05,1.0,13.88468655302385,0.0,0.0,nan,nan,6716.44,1.0,13.536579167464883,0.0,0.0,nan,nan,6730.82,1.0,13.507659064352907,0.0,0.0,nan,nan,3426.3550438579564,2.9670220217754704,107.14212328710998,0.0,58.04893516724058,nan,nan,3760.0,1.0,24.18021855944889,479.15142362919795,6606567.327335971,2.6187679268519193,110505.54248157685,4684.2192001527,0.5001864375447231,nan,0.0,0.0,nan,nan,5865.62,0.4999617834394905,nan,1.7499313059322288,-999.0,,0.2953733511923411,-0.7367934945285286
6d23m02pt565s-12d23m18pt413s,6.3840458333333325,-12.388448055555555,0.8036834995719337,13.102172963331746,0,0,0,9.082816644345122,0.007900104807781888,8.11113602443509,4.030876262927008e-05,15.150142374412246,0.6312959158922437,46.71496906464373,10.99951569070241,0.5847,macs0025m12,19841.984501418294,217.67603447589684,120.25437864726786,3.6034008050610637,5006.843831900037,2.481385920350019,60.53219895108545,5217.007131401099,215.65192713286308,72.89292516748854,8.359503244841214,4959.148230506516,2.8132946279626094,69.95424326915908,12162.982772065552,176.25563927231028,55.446635308428746,4.047011324991198,3726.182790194244,2.0263632306947725,64.97401832315782,17341.332798731208,222.6807196422899,79.2060943160254,5.11297906818868,3728.957598179553,2.0263632306947725,64.92540307460155,0.0,0.0,nan,nan,6562.8,1.0,13.853480493619768,3601.504583598539,147.5168601282208,41.37465631733511,4.859695476174459,4861.929079784786,2.2714431959485966,56.59016177039667,2535.098910790089,166.10012234456508,12.73638913101588,2.9554686725663633,4340.472616406107,1.802576409839877,48.72201509503243,388.9922858494145,219.21747522797585,1.0878004766598024,2.4501493518824904,4101.17568343046,0.4999617834394905,nan,581.5298801258477,73.82749814240024,1.7663520752342055,0.9657312789305517,3969.637069366343,0.7746301224624074,10.63805786643182,684.6360796295406,141.77124906676033,1.4341043225802417,1.3432316792235997,3888.9769848295746,2.118310169081701,65.4482950726227,0.0,0.0,nan,nan,3833.1421550492682,1.2825997811712455,35.67426224508192,659.3000716826153,135.57814387627062,2.9550821696778002,2.130776122879629,4361.930681975368,0.9843320212707705,20.192198259259634,3329.648711159997,120.52097671858681,8.062114373913284,1.3365164879183917,3869.137858238953,2.5456380362552076,80.54074094344192,0.0,0.0,nan,nan,6583.45,1.0,13.810026928666252,0.0,0.0,nan,nan,6548.05,1.0,13.88468655302385,0.0,0.0,nan,nan,6716.44,1.0,13.536579167464883,0.0,0.0,nan,nan,6730.82,1.0,13.507659064352907,0.0,0.0,nan,nan,3425.2290983730627,2.307487915272575,81.70552484600518,1762.0403581921119,196.79592085306757,6.181459233476141,3.4025457517032094,3757.6534069835116,7.036016210730454,237.05109152598774,644.0873476090093,101395.32477922148,2.9284010368488436,1409.893971764673,4686.024208463332,0.4999617834394905,nan,0.0,0.0,nan,nan,5875.62,1.0,15.473706908126772,1.6113429084835138,-999.0,,0.536147761488746,0.5508969955844376
6d23m36pt795s-12d22m50pt684s,6.393554166666666,-12.380745555555556,0.5944389785742263,33.66887402383172,0,1,0,nan,nan,nan,nan,nan,nan,47.34280404023069,10.747598918528064,0.5847,macs0025m12,4663.04270836023,170.99086286837715,2551.8399544512827,255.58655016377216,5006.880242597001,1.7961793159284278,42.06084150654973,1689.1976852066962,173.28048824795013,1419.5443750356055,404.066582411076,4958.650659218737,2.250054296940178,54.89909850863927,701.3024661437167,199.26281455409122,2.8195557592968816,4.034703403730082,3726.335279266309,1.6392281361795427,50.64522071895571,3152.039175584976,699.0257418945969,12.695290248226316,14.153978234365798,3728.8946746979173,1.6392281361795427,50.60732664903389,0.0,0.0,nan,nan,6562.8,1.0,13.853480493619768,0.0,0.0,nan,nan,4863.087526140042,3.624699574133891,93.13790791091513,0.0,94.07153176216634,nan,nan,4340.46,1.0,20.94654063936261,245.6183363391126,663.3083073128943,2.4889658966190815,26.900690422317695,4098.719236993749,0.4999617834394905,nan,724.7864852039476,172.69736045796117,11.888795052738597,12.184909597056315,3971.676029412215,1.913659481642374,57.11322050707182,0.0,0.0,nan,nan,3893.502266410396,6.454461477445948,210.0434552065184,0.0,0.0,nan,nan,3836.293141559268,1.5079291033587285,44.33344736937305,0.0,0.0,nan,nan,4360.993289470301,4.198250875757366,120.78217643613868,0.0,54.82032826002002,nan,nan,3868.75,1.0,23.500516131444996,0.0,0.0,nan,nan,6583.45,1.0,13.810026928666252,0.0,0.0,nan,nan,6548.05,1.0,13.88468655302385,0.0,0.0,nan,nan,6716.44,1.0,13.536579167464883,0.0,0.0,nan,nan,6730.82,1.0,13.507659064352907,399.33632934058323,321.8771251018868,43.8038490842651,223.9143718889436,3430.259655168122,0.4999617834394905,nan,0.0,0.0,nan,nan,3760.327535005301,2.212510918223085,71.06539498270013,362.16125900281907,72.78901014659655,7.110211613490197,4.369106127297371,4686.842703677391,1.6012450175383608,39.1285020307829,886.0555919622836,3.386671422973625e+18,13.50782175775119,1.1248775507698392e+17,5865.62,0.4999617834394905,nan,0.4039648399502408,-999.0,,0.05557890942855583,-0.3495972017752992
6d23m40pt83s-12d22m45pt62s,6.394674999999999,-12.37933888888889,0.4838123508301484,40.1436163309741,1,0,0,7.706698772734089,0.058042448393562096,7.905944033191144,0.004699264898830866,5.879695488643209,0.27021894143294395,49.20349653927704,10.611759850591477,0.5847,macs0025m12,4618.964484481418,174.87832343524911,3.8588844784624614,0.3990567707305428,5006.876708629371,3.4171361196576835,85.04574236478003,0.0,82.31346591969255,nan,nan,4958.91,1.0,18.334194769319836,8620.548842693051,332.0066673730356,5.9385502880276135,1.1517908956085776,3726.429952361323,2.2266902827942716,72.2238250049122,11619.777406184092,431.43247443515224,8.018687816612122,1.4967169185369404,3728.9375658409276,2.2266902827942716,72.16978526264421,0.0,0.0,nan,nan,6562.8,1.0,13.853480493619768,4227.98949050592,167.63975131203128,3.444742441137846,0.39176798549696024,4861.189244723107,2.749723920546413,69.63823103420752,725.2081149469512,211.1815420256179,0.4436660499603015,0.4576952582273122,4339.874254575875,0.4999617834394905,nan,0.0,0.0,nan,nan,4100.48234224013,0.4999617834394905,nan,441.7927032576812,358.95801209824623,0.2739263888537079,0.9580281698083127,3970.467862446169,0.4999617834394905,nan,0.0,0.0,nan,nan,3889.1739335405614,4.845250413643154,156.94746397112283,0.0,0.0,nan,nan,3834.07188698537,0.4999617834394905,nan,909.295220852277,154.04406645507123,0.5704276618636807,0.3386719302546178,4363.040592361903,1.9551111787900197,53.26467940791499,4072.0408481069076,290.3110085273114,2.506280353366617,0.819322585073509,3867.274406641414,4.326353286849919,140.49273712930628,0.0,0.0,nan,nan,6583.45,1.0,13.810026928666252,0.0,0.0,nan,nan,6548.05,1.0,13.88468655302385,0.0,0.0,nan,nan,6716.44,1.0,13.536579167464883,0.0,0.0,nan,nan,6730.82,1.0,13.507659064352907,0.0,0.0,nan,nan,3424.8452780585276,0.4999617834394905,nan,0.0,126.79323914764564,nan,nan,3760.0,1.0,24.18021855944889,704.678559442304,129.83532566390272,0.5157475111425756,0.29059524581564583,4686.2231934111,1.7524243492192142,43.64993551536159,770.8125590663251,166.78069366532912,0.9136614051870559,0.4296007524195299,5877.772319324293,3.808897910716223,81.12369248084077,3.878955732884937,-999.0,,8.92553483735997,7.423556146058701
6d51m17pt91s26d07m08pt163s,6.854975,26.118934166666666,0.40107118327258173,38.1252075806048,0,1,0,nan,nan,8.061399710568983,5.603228380468955e-05,9.915689385066203,0.25842656841020134,84.15119907368121,16.895254341120626,0.365,macs0027p26a,13144.404012224108,158.52258948353003,30.067138507708677,0.9904423075606168,5006.839093959103,2.656862259900552,65.1697650403051,4607.560706236592,140.9760690989713,11.050627050554212,0.9381945729523283,4958.672286551276,2.8688741025075104,71.42652770854855,16811.324674318123,421.4832906567602,36.837200045001694,4.651412483745768,3726.3030322143454,2.5371449633235366,83.3238673581989,20942.98309994412,523.3029960254439,45.97955918266916,5.775076123899176,3729.079935762026,2.5371449633235366,83.26152227585933,14968.624723572684,253.23948053990216,51.31262552652621,1.6627717454863795,6562.874130419759,3.3842416193858385,64.23035549406698,5597.8228378472295,127.41622466477104,12.101990096819073,0.7900583664512778,4861.402227492345,2.5690552567927525,64.7336472726005,2065.6400644907435,150.62643277245493,3.863827468602561,0.9978978772542756,4340.3899860463525,2.0334606227254417,55.99815642023867,838.8026288954318,128.16727658532682,1.3519709270155482,0.825149041140935,4102.282942609165,1.5632300058991189,43.38339349167568,0.0,0.0,nan,nan,3970.2023626463624,6.255499105228349,199.3376854350749,123.95351531270333,0.0,0.15566825223587624,0.0,3889.105887276511,0.4999617834394905,nan,0.0,0.0,nan,nan,3830.5666821584928,3.3091853312309887,107.35761267671117,0.0,0.0,nan,nan,4363.458353054895,3.952064557308412,113.49044751326316,5577.100877711798,433.4215296388842,7.81915390039564,2.7778415160090306,3872.1060535226106,8.995411977076646,295.1171350280709,0.0,0.0,nan,nan,6583.227688328464,0.4999617834394905,nan,0.0,0.0,nan,nan,6548.744587104755,9.99923566878981,193.93267853817915,0.0,0.0,nan,nan,6716.44,1.0,13.536579167464883,0.0,0.0,nan,nan,6730.82,1.0,13.507659064352907,0.0,0.0,nan,nan,3424.96480937471,2.9308539258996094,105.75857143245685,71.80970577428576,432.98414122257117,0.09949224796537391,2.9499960878658995,3760.9231975201437,0.4999617834394905,nan,486.93612228955703,499732.891307051,0.936015637115581,2931.54445221127,4691.640311219013,0.6207323632902901,nan,744.0941638823228,79.92534873645255,2.3015296732652923,0.5374254773769063,5876.015522127325,1.3616795771540011,25.307178482875266,-999.0,,-999.0,0.356380394166174,0.4140825597420322
6d51m29pt46s26d06m44pt452s,6.858183333333333,26.112347777777778,0.7041231746722099,49.863585430650204,0,0,0,10.741264253617093,0.03764468184427521,8.134855888553629,2.4866877040412838e-05,9.820019274681545,0.14321249759080182,60.073059142008354,19.418668206086185,0.365,macs0027p26a,34539.96636790406,123.81273232649703,124.11445395928882,1.215215554878378,5006.833855601817,2.1353909198027345,51.29686630468687,12197.36417042927,134.26795258487147,60.02062443028452,1.8331452296956023,4958.961904808246,2.2996001622632907,56.23596559917892,17818.660727691207,230.06989112284123,36.61963583832882,2.381563513372567,3726.159304249496,1.931058133815962,61.492356257780095,23736.880682781037,273.40689449967897,48.87486453091542,2.83016556867616,3728.8744152160043,1.931058133815962,61.446346079235894,0.0,0.0,nan,nan,6562.8,1.0,13.853480493619768,8991.109841957907,124.5933285038712,40.153097510731165,1.5959540640451801,4861.2501443450265,2.085645956151086,51.45137369088957,4565.192947666746,113.38516808288469,12.332211486492342,1.084772899535345,4340.493452849256,1.9924427569274952,54.71496408422398,1645.7618518428244,93.26243764056153,3.1107383101923864,0.7043342868644157,4101.741161802348,1.380029041320858,36.914274647027106,1663.1903397611052,75.93004203019422,3.052191676071209,0.5999080578573994,3970.149238172278,1.2335621589767352,32.57131557518778,954.794726906148,144.35403431179887,1.4809571518753089,1.0130289770488434,3888.539736234904,1.2236720085388666,32.85591214019196,0.0,57.2975990009848,nan,nan,3835.4,1.0,23.704860453545347,273.2303111479826,269.39123376859703,0.6097319112345541,2.1058000619003936,4364.1103775577185,0.4999617834394905,nan,5349.86164196787,150.290694672574,9.27023963312982,1.1930828467840116,3868.6689748719027,2.789164571899456,88.84630398535113,0.0,0.0,nan,nan,6583.45,1.0,13.810026928666252,0.0,0.0,nan,nan,6548.05,1.0,13.88468655302385,0.0,0.0,nan,nan,6716.44,1.0,13.536579167464883,0.0,0.0,nan,nan,6730.82,1.0,13.507659064352907,0.0,0.0,nan,nan,3425.6602704293205,9.177901546600987,340.05733839255686,0.0,0.0,nan,nan,3759.5064740762145,9.99923566878981,337.7342754526394,796.0967414618793,96.60980925981326,2.512153298042266,0.9309183734972699,4690.061443263317,0.7625666049875363,8.21900934643451,0.0,0.0,nan,nan,5875.62,1.0,15.473706908126772,-999.0,,-999.0,0.7172059318282289,0.4104753272139806
6d51m50pt4s26d06m42pt363s,6.863999999999999,26.111767500000003,0.21938734946990346,48.03043628690804,1,0,0,7.70406075400154,0.11295290398565988,nan,nan,3.108316534607944,0.10434314767599123,66.2916934051502,18.730011425334745,0.365,macs0027p26a,20191.97610867721,151.92920079691356,11.109322596194925,0.22831610816599066,5006.841098123374,2.434410591003779,59.28613890351381,6106.114011314741,166.5424260884869,3.1240115672676803,0.23640804191997733,4958.964357358191,2.863341976104312,71.28006599431578,0.0,0.0,nan,nan,3726.03,1.0,24.400668213494743,0.0,0.0,nan,nan,3728.82,1.0,24.382410999599827,24844.020857700805,367.92120065963286,23.62417419811402,0.6701287307953494,6562.732786732023,2.7403653382299606,51.39608749697074,8460.557291121884,274.59664105732526,4.818011693339179,0.44851997384453496,4861.2643972461065,2.240964567051459,55.75054254779138,370.69848696571955,454.84226778418025,0.15182438221014743,0.6597661080019087,4340.45553536205,0.4999617834394905,nan,0.0,0.0,nan,nan,4101.835647710968,9.99923566878981,309.59640827210086,0.0,0.0,nan,nan,3969.844076335095,0.4999617834394905,nan,0.0,32.314820802865945,nan,nan,3889.06,1.0,23.37778840736009,0.0,0.0,nan,nan,3835.4,1.0,23.704860453545347,4968.285736830489,625.9800938258055,2.119026467203859,0.937017394929745,4359.964679251915,9.125917930007521,265.492368245368,0.0,0.0,nan,nan,3868.75,1.0,23.500516131444996,1437.508465928952,19907100.737738743,0.9296761103443983,24578.027714684118,6583.773128174139,0.6684448586901358,nan,0.0,0.0,nan,nan,6547.75947051098,9.99923566878981,193.93267853817915,4627.923230883307,420.7117049248953,4.150475996592779,0.7057220503582908,6716.49990996699,2.388578054992169,43.287619211818075,3677.550491805983,519.4419204070587,3.2095701767165603,0.8461321831947303,6730.719296350942,2.527683443479331,45.93999657552899,0.0,0.0,nan,nan,3426.0,1.0,26.53754284399528,0.0,0.0,nan,nan,3760.0,1.0,24.18021855944889,1391.4679497359393,141.70045634566767,0.6418925918139174,0.2006552928517267,4676.412831588404,1.3889113351964253,32.593576744147875,582.2710743286461,93.54270311542341,0.45674031976144186,0.15951944753728486,5875.8580120164415,1.437085500249381,27.194379964380527,-999.0,,-999.0,1.5461570590978722,1.4204713950980368
6d51m50pt85s26d06m52pt972s,6.864125,26.114714444444445,0.3397625082051834,37.44881163678763,0,1,0,nan,nan,8.106263524881236,9.97285601820961e-05,8.80376473400203,0.47633002556447396,76.33543489772299,14.54608149178633,0.365,macs0027p26a,9777.452310910076,99.36903200094523,61.352984156972155,1.7031308606022266,5006.838040148844,2.056635807207969,49.172308779586544,3741.9420889102907,106.35601180402026,23.75959304491403,1.8736459700448875,4959.0066184671905,2.3282836709062837,57.00855903765929,6253.33255325447,331.19390065008565,26.823791231267634,7.157475211782195,3725.811714157007,2.15116883254729,69.50036256801471,10650.719699692354,499.74545260862254,45.77241011841018,10.80006510453883,3728.5038207498847,2.15116883254729,69.44836059109849,6950.991915447068,209.28284380603816,119.95316771306697,6.917831071163397,6562.693599678716,2.454994042834345,45.64685961638487,3455.731448077583,173.3440646223241,22.424860203496817,3.2263074159117604,4861.334847634822,2.3475534275212415,58.68178195069974,2009.8642162743035,182.0772836105253,11.0163120057784,3.5345752378571436,4340.438459411082,2.1599092320383266,59.93303528548864,743.9749015352003,190.93536730577898,7.96592387405268,8.16456445415884,4102.617233362809,2.1768819298761697,63.97787592375399,2185.05514641737,324.53627229979986,11.136135356902038,7.127591980515465,3968.5698316837947,4.669301842854771,148.0402102322622,122.97099651871959,268.1232227640129,0.620609522466066,6.146625882998023,3882.1937417408662,0.4999617834394905,nan,0.0,0.0,nan,nan,3835.981209662424,4.569707724300583,149.89414229346005,0.0,0.0,nan,nan,4363.77466849153,9.99923566878981,291.0428046557292,1701.5017514405283,169.05826059962064,7.805578145657066,3.551897210279147,3869.173577392186,1.6006171507470182,47.367950653242794,0.0,0.0,nan,nan,6583.1411014714595,9.99923566878981,192.88987927331783,0.0,0.0,nan,nan,6544.248054414609,0.4999617834394905,nan,876.2420900913554,145.9340231063213,11.2163106418336,3.494201305103349,6716.068619541445,1.737778912929889,30.14903517169267,1247.4934598716961,257.05300157678346,20.532206787084213,7.895714321025901,6731.360960624445,4.360759750595338,81.41200986668996,0.0,0.0,nan,nan,3426.0,1.0,26.53754284399528,0.0,0.0,nan,nan,3758.0955238344263,2.4506448825891485,79.51954584151069,0.0,0.0,nan,nan,4687.623040969734,1.1249077214549263,23.925340042032026,416.1965075591521,196.56826213635475,4.781076071790006,4.909877108031459,5875.09614486364,2.8068803869153895,58.89652822556382,-999.0,,-999.0,0.013235296039434666,0.0757410401430355
6d51m52pt995s26d07m16pt522s,6.864720833333332,26.121256111111112,0.8129675247285384,14.440787059984471,0,0,0,9.84975733167959,0.00940659072126774,8.199674304004716,4.549236971626761e-05,10.834521160626394,0.39201054503741384,35.84901339756583,7.031199083834889,0.365,macs0027p26a,22553.869150154795,121.09826157168692,2272.278614074959,33.324533563116574,5006.847505079423,1.773330136060433,41.429240524760125,9030.68916358591,136.53801701613025,397.17013799213834,16.661163714853767,4958.919793769373,1.8259341867408956,43.295650680236626,5605.990761765494,139.03546810308777,1745.4689101407591,218.07369627624976,3725.9796046381834,1.6722277231271347,51.88942050246218,7423.937321720313,160.94018379066551,2315.9472339851986,252.430701586065,3728.7328952640514,1.6722277231271347,51.85059548993761,0.0,0.0,nan,nan,6562.8,1.0,13.853480493619768,4117.808783221495,146.7264525296053,80.82011058635766,8.2598413817308,4861.314962422772,1.7476190686933042,41.935467331270196,2257.812727980852,100.00855430602994,220.34674968866813,34.57090051821156,4340.2281053758115,1.692838459706737,45.2088236731814,1421.4383155786802,71.66155216925289,32.87017670513414,6.621221773132455,4101.731329217925,1.9577493869574925,56.74792423576115,927.032611622793,83.01016595492848,17.874300554682254,6.892004539460085,3969.8419098001,1.6385678158543484,47.5085235585194,1346.1566797482221,106.5692701850541,15.133903625422688,5.4197532029982,3888.7913738317884,1.3631883854505686,38.29183981537165,0.0,47.44590355172653,nan,nan,3835.4,1.0,23.704860453545347,442.43588796738874,104.79432105587779,24.866803762869814,20.640108620233423,4363.209520517378,1.1324555456734517,25.974328103863616,2834.2968227622378,88.75387641496896,42.59199065469029,6.109917385622014,3868.75877194909,1.498180086262108,43.58874763756428,0.0,0.0,nan,nan,6583.45,1.0,13.810026928666252,0.0,0.0,nan,nan,6548.05,1.0,13.88468655302385,0.0,0.0,nan,nan,6716.44,1.0,13.536579167464883,0.0,0.0,nan,nan,6730.82,1.0,13.507659064352907,1015.2022701892664,198460.27623482907,10.586263842277237,13152.052873582821,3427.8412657942076,0.4999617834394905,nan,190.06842039622893,0.0,22.256408394217775,0.0,3759.791574979611,0.4999617834394905,nan,0.0,0.0,nan,nan,4687.318862946658,5.833007133433033,157.33772022715434,0.0,0.0,nan,nan,5875.62,1.0,15.473706908126772,-999.0,,-999.0,0.06572612073650058,0.06850553796906184
6d55m56pt13s26d16m02pt84s,6.9322583333333325,26.267455555555554,0.41538299866218864,44.87459104946611,0,0,0,nan,nan,8.130000944315853,0.0002206615442691362,8.977520768838051,0.6047183188503913,102.62487081060932,21.749854370129004,0.36,macs0027p26b,5488.777119121065,76.15676017852122,95.21646688784008,3.6085473765755616,5006.834402825731,1.8181449361610733,42.666663029850795,2015.1281382985176,93.09786065378695,33.18264185568278,4.253558730021797,4958.861465580562,2.2307400266082973,54.37710968600659,3557.40667666937,293.8185754318311,107.44725491970807,44.7276122103352,3725.265563832724,6.344000212815955,215.4367667273314,3490.30157739128,266.40271802455743,127.14872850916804,48.91277388008993,3725.2658382716204,6.296425754612797,213.6412192165225,2833.263259754192,209.9256666024822,17722.78837788889,2515.151338235516,6562.952499192987,1.97447367039937,35.814459944758674,1620.8944413685415,98.94200175377847,15.939796789077002,2.7907850024824175,4861.264715650043,1.6311627890833573,38.58397638084343,1964.8153514764133,156.66218745837452,33.81871428527929,9.554794811586905,4339.408570066956,4.422400675365908,128.07829950451045,0.0,0.0,nan,nan,4101.135299344879,9.99923566878981,309.59640827210086,722.9951546243958,100.67523972238041,37.276634404184016,22.34061344122103,3970.655308684265,1.3762467334077195,37.997567217147854,0.0,0.0,nan,nan,3886.137673733154,3.3184645860419986,106.18710003783919,1549.446780179012,227.2120101983256,841.7019463548828,578.0083185687307,3834.4206787077705,4.782958665310481,157.05338185314008,0.0,0.0,nan,nan,4363.223108777701,5.932796433122283,171.8985119853379,0.0,64.86993201707669,nan,nan,3868.75,1.0,23.500516131444996,771.7629349403586,423.79996560560676,28.64490450989775,30.027300132004413,6584.149577203083,2.4454389528605565,45.31086986139214,0.0,0.0,nan,nan,6547.534510465021,9.99923566878981,193.93267853817915,0.0,0.0,nan,nan,6716.44,1.0,13.536579167464883,0.0,0.0,nan,nan,6730.82,1.0,13.507659064352907,0.0,0.0,nan,nan,3426.498766016465,9.99923566878981,370.65991701749095,464.8648287744592,129.2102258857371,108.7855206135699,148.7277455768922,3760.560728451687,1.7160354708671617,53.04949108245976,0.0,0.0,nan,nan,4684.488886294721,0.4999617834394905,nan,0.0,0.0,nan,nan,5875.964540232746,1.6727415135592654,32.91798311523084,-999.0,-0.2848800569799843,-999.0,-0.0035663674362385197,-0.2539218740454684
6d55m57pt39s26d16m08pt949s,6.932608333333333,26.2691525,0.4649550783624443,38.695775662881864,0,0,0,nan,nan,8.03451916310732,7.386030546675557e-05,6.883420948305161,0.12402263320332581,73.66557191627152,16.434327525013316,0.36,macs0027p26b,7911.027608909808,172.25292686499392,17.46768198936549,1.0388636155375404,5006.819688319546,2.621159879456246,64.22822371497026,2567.6081984122366,151.29719647154326,5.640851943878679,0.9222560947997315,4958.8596163429975,2.415434499499458,59.35032958996613,11019.273098960226,241.48806966881446,14.957650136248331,1.6515144412499736,3725.787381339933,2.5963610560162156,85.42687759981166,19624.818310285067,401.6409126825719,26.691397123474978,2.746784834554281,3728.6083626313375,2.5963610560162156,85.36295899057242,0.0,0.0,nan,nan,6562.8,1.0,13.853480493619768,5974.170042105676,76.43079858763237,13.696153751454506,0.5026072722548823,4861.12162443818,2.3556805439273685,58.90472366255968,3845.0536856329586,134.021487607509,6.980940671726606,0.8615710925341266,4340.962841037521,2.5846102281741428,72.97597615423213,0.0,56.07366541443451,nan,nan,4101.73,1.0,22.16567686891332,390.3215918787722,237.54843781501683,0.6254528728339938,1.6391594060047778,3969.776707919054,0.4999617834394905,nan,647.9565849121315,116.90063551358591,0.8259132567078773,0.6742634039276989,3888.30497149303,1.7184895146756973,51.376997592040475,0.0,0.0,nan,nan,3835.800283828575,4.245485858658226,138.99355917185912,0.0,0.0,nan,nan,4360.210260994302,9.08888810615742,264.40870304921003,0.0,54.23876435758579,nan,nan,3868.75,1.0,23.500516131444996,0.0,0.0,nan,nan,6583.45,1.0,13.810026928666252,0.0,0.0,nan,nan,6548.05,1.0,13.88468655302385,0.0,0.0,nan,nan,6716.44,1.0,13.536579167464883,0.0,0.0,nan,nan,6730.82,1.0,13.507659064352907,0.0,0.0,nan,nan,3426.4776940293573,4.801060326451097,176.5008913519971,0.0,0.0,nan,nan,3760.006903690947,4.134300169972875,137.96250336713882,2788.7330282157272,1220.3812930618185,5.580503317281777,7.4630653721674225,4687.988508628635,9.99923566878981,271.0131455203778,464.6808850380929,147.70303582398375,1.4508507035005507,1.002610336374699,5875.692955520713,1.9691212629379318,39.87906718575164,-999.0,2.902258443403812,-999.0,1.1938327393176194,0.7686769698306312
6d56m10pt83s26d16m21pt408s,6.936341666666666,26.272613333333332,0.545818151869202,23.87228555862266,0,0,0,10.289959348715454,0.044606488087287184,8.054571264639813,7.299127792738683e-05,8.400770593287566,0.22839594739942864,44.48828534268245,8.41965438465745,0.36,macs0027p26b,10874.614899053302,211.64280243636833,43.75439563087541,2.3259397969528584,5006.8366961690435,3.331413452704056,82.81756960567408,3437.146722155188,132.8501241501826,10.379575123722004,1.1130998397527527,4958.957298516862,3.0071376515133745,75.08148645694024,14081.365064738788,377.52380253519004,38.35369962180387,5.179705576248063,3726.0445653638626,2.821271573126026,93.38229175487409,18906.18712312916,527.5159045515564,51.59505049146487,7.237628605180583,3728.82096893479,2.821271573126026,93.31242069807969,0.0,0.0,nan,nan,6562.8,1.0,13.853480493619768,5630.354178088117,128.78145340804494,22.436078985384764,1.4718704057485603,4861.348081472613,2.77549777840371,70.33597625852694,2030.8873091800792,78.89883657960694,5.317213037208407,0.7316021950608508,4340.466881660842,2.4652767473486272,69.33291576043104,1045.3407235921572,113.27274952899457,2.827151867582715,1.2239533840612802,4101.857268248421,1.5656834019690187,43.46854131127483,610.7360235249209,132.02538467385924,1.3705060846828179,1.2752714464492423,3970.473817938708,0.4999617834394905,nan,261.4818529570592,893.6452232774835,0.47646135024512015,7.366776163811063,3888.665920644387,0.4999617834394905,nan,134.95052519006282,3.2017509071656063e+33,0.2955146574117154,3.2817675459190604e+31,3835.1501016204065,0.4999617834394905,nan,77.45984539763079,110.31197122763095,0.18281642724985003,0.9120843601348827,4363.8607270206685,0.4999617834394905,nan,1583.4253229993196,135.26018556536673,2.774529439317097,1.0861524959324833,3868.1638454842687,3.5150328567061897,113.3533941690182,0.0,0.0,nan,nan,6583.45,1.0,13.810026928666252,0.0,0.0,nan,nan,6548.05,1.0,13.88468655302385,0.0,0.0,nan,nan,6716.44,1.0,13.536579167464883,0.0,0.0,nan,nan,6730.82,1.0,13.507659064352907,1020.9246565084081,105.07933632437776,2.5975633095654356,1.7027762409386944,3425.35700731238,1.05926796641018,29.542746343531988,0.0,0.0,nan,nan,3762.529134246836,1.5308175401390476,46.09565469467862,447.0894130060313,0.0,1.3128983963583325,0.0,4686.669349268922,0.4999617834394905,nan,0.0,54.876887157606234,nan,nan,5875.62,1.0,15.473706908126772,-999.0,3.9426985196347646,-999.0,1.4121983114018233,1.1885810769230758
6d56m26pt34s26d16m22pt562s,6.94065,26.27293388888889,0.6019579253563774,27.575412905849944,0,0,0,8.200338467053601,0.0052827573110054964,8.146216698519947,9.935933608411693e-05,12.573121934524174,1.5168056056441435,56.30230172606424,15.888818035817687,0.36,macs0027p26b,5945.379452055589,129.44270990845425,10.497563416218075,0.6242722845243706,5006.834089102257,1.739583515883774,40.4936386515658,1963.8308352393492,184.52034835473296,3.5209025333138184,0.9179150234375322,4958.834752237932,1.808246801190336,42.80358348647597,2623.9238399052447,100.69936908853279,3.6105550387452054,0.6979820255823053,3726.0560546379074,1.617579691245039,49.82598194148861,3519.8479677861783,117.58029422807998,4.852753488381198,0.8149895344599964,3728.8324659920677,1.617579691245039,49.788700847304185,0.0,0.0,nan,nan,6562.8,1.0,13.853480493619768,1117.7002949759583,133.07255488982264,1.8386245685212501,0.6278809139112451,4861.241933688119,1.4004783058058003,31.766130866379722,770.0067119011939,1751476.1614814308,1.3327582381020748,10737.671825314981,4340.256476763497,0.5163473746753025,nan,662.1743448639254,5996566.7731463825,0.918294369482843,33231.65962202161,4101.469278921576,0.5008281725700917,nan,0.0,74.06942379814478,nan,nan,3970.08,1.0,22.900702702093618,1009.1611545613797,127.51697749174392,1.210043890091762,0.6911595174264296,3889.980146836383,2.81276922534426,89.18035078490225,0.0,56.81839213718944,nan,nan,3835.4,1.0,23.704860453545347,497.5385736470589,82.64345373635634,0.8683824769828702,0.5053580067550706,4363.6983173617755,1.2004806535872592,28.456549367916477,1092.570323140574,110.64043614988569,1.2953266777517012,0.6006152199696523,3869.532813975166,2.403814219866795,75.67480160284113,0.0,0.0,nan,nan,6583.45,1.0,13.810026928666252,0.0,0.0,nan,nan,6548.05,1.0,13.88468655302385,0.0,0.0,nan,nan,6716.44,1.0,13.536579167464883,0.0,0.0,nan,nan,6730.82,1.0,13.507659064352907,0.0,0.0,nan,nan,3426.4475833673478,6.836585380929502,252.71226638652274,0.0,0.0,nan,nan,3759.950990422792,3.6114528210924717,119.96148452068097,2584.3531373693886,518.4756554185542,4.9592249452086135,3.044450003205884,4684.611168075435,9.99923566878981,271.0131455203778,0.0,0.0,nan,nan,5875.62,1.0,15.473706908126772,-999.0,6.191194870104903,-999.0,5.754949148790692,2.5441764315118593
6d56m36pt285s26d16m00pt993s,6.943412499999999,26.2669425,0.3049738261621944,51.14114865523023,1,0,0,nan,nan,8.09367940034533,0.038697456321833364,3.7404900747425667,0.7569980191628654,63.007907729180396,10.367394671952683,0.36,macs0027p26b,4439.285542464897,120.12370004808135,159.76602909430386,11.808259943290624,5006.846098809911,2.0637888553930552,49.36569605528932,1996.3520777225162,92.60629394435375,30.050213052234344,3.8676644850542785,4958.907132150153,2.013235557991716,48.46093837501477,761.0814152105131,1171.4392730517566,11.357030111291152,88.1641949778867,3724.2640414970147,0.9419280000000001,21.534597245939114,963.0068729917558,990.4671947510163,14.41998026498876,74.54397755484072,3729.2155029364653,0.9419280000000001,21.51848450080361,4255.2525615941495,120.29830102931908,89.66882513809352,4.855755620209167,6562.55203842412,2.374300431874451,44.011245304126575,2181.4590455640396,158.31895599667482,67.90005862642703,14.135788799763422,4860.958555378687,2.7332541551100062,69.19212794758664,1410.3965592496859,132.58153718540325,71.75244024639186,23.886565004489945,4340.618818673037,2.5089284827620104,70.66720883840046,510.65838223649166,3.4444031571181706e+18,213.6733784170669,5.757378568397669e+18,4102.100010951294,0.4999617834394905,nan,597.82858631983,8031077282.237131,17.688826441061952,1023161737.321403,3969.9666874956183,0.4999617834394905,nan,776.4730613112093,1163413.8916121442,28.599313804310565,193685.5098218656,3890.112981573054,0.6347887873869348,nan,2689.602563647854,236.4171809252416,111.73679067522421,45.95507733746014,3835.7523710985206,3.446013926005054,112.00026775756986,142.6464997225914,37949319.99519819,16.520685256721546,15403235.058768231,4363.028414504588,0.4999617834394905,nan,1403.5591735486735,210.11672991202096,21.7332464971552,14.90603836259117,3868.604911312037,2.8310713650281834,90.27023162506407,0.0,0.0,nan,nan,6583.596004011699,8.552969526160945,164.84165242637266,0.0,0.0,nan,nan,6548.047350922339,3.6383604279598725,69.41707983216384,823.9587911014216,147.43532237535229,22.941231429966066,7.678141854611978,6716.407535168028,1.416532481085577,23.34286989411827,0.0,0.0,nan,nan,6734.123166188363,6.465202234525892,121.56722461891083,0.0,0.0,nan,nan,3426.0,1.0,26.53754284399528,0.0,0.0,nan,nan,3760.163422094444,3.0670882887460915,101.10793993463137,0.0,0.0,nan,nan,4688.505101766803,4.808270555747941,129.24909277021058,620.6725284636141,108.38763846209977,7.732040015986958,2.9358111958924558,5875.238973954638,1.7210072611294291,34.066046884230246,-999.0,-0.11724569928938937,-999.0,-0.3010198632041857,-1.3340084768702365
7d00m41pt115s-75d37m57pt766s,7.011420833333332,-75.63271277777777,0.798780922619357,31.974569532057863,0,0,0,9.839853055285515,0.05815849108205489,8.12451905910591,0.0008224324331882114,7.99696654406499,0.39063548958012323,59.44281594503663,12.172599832763469,0.388,macs0028m75,16104.333103243964,168.6995487590291,121.65463896956048,3.480835869553602,5006.8614064739295,3.2215508675529314,79.95802511431516,3573.477333460031,333.81678911631553,30.485513191271753,7.899941725530636,4959.495408089833,6.016468623299126,153.4118387498361,6875.408854597153,276.5751501509122,42.354319018283014,8.586635667641024,3725.344462685158,2.6678012983698562,87.95904046334596,11797.37409838417,445.40521158661505,72.82233455525108,13.828184760185376,3728.2465397233655,2.6678012983698562,87.89322722406578,0.0,0.0,nan,nan,6562.8,1.0,13.853480493619768,4795.642595022173,219.97900695706863,39.47928257184948,5.194623665593958,4861.048512801766,3.310341285094148,84.73194750544546,967.1018883460221,92.56389309900509,6.026266311004835,2.042415239394002,4340.858767258393,0.9976785831513793,20.85108940932061,18.01219894432359,499.70309341645896,0.049326056535160825,5.469615836153648,4101.065640693767,0.4999617834394905,nan,415.61171048215414,55.35489667019029,1.7057484044004838,0.9793514103356296,3967.995584363477,0.8919212884071606,17.724993769580124,0.0,0.0,nan,nan,3890.901006239525,2.379515401243168,74.44774043752071,398.614962743013,410366.2249196209,2.1746182942098,10462.01373384925,3837.6454408834984,0.4999617834394905,nan,63.247981662888485,380.85412456558157,0.23288472359459944,4.9132654897092864,4363.644357953153,0.4999617834394905,nan,1395.0645774931593,124.03831472583303,4.648342762186894,1.8931346790551957,3868.91721004432,2.1972690812391993,68.53882529390783,0.0,0.0,nan,nan,6583.45,1.0,13.810026928666252,0.0,0.0,nan,nan,6548.05,1.0,13.88468655302385,0.0,0.0,nan,nan,6716.44,1.0,13.536579167464883,0.0,0.0,nan,nan,6730.82,1.0,13.507659064352907,1353.7126623334455,215.1947519878935,28.699976349507413,29.003734755198675,3427.477122086266,3.2001499353045455,116.03774996545079,1845.7486652114685,161.54912309720729,22.63008754947432,9.752283798716073,3759.084946599203,5.74852895412409,193.19144316929115,0.0,0.0,nan,nan,4687.683503610247,4.473365727006995,120.0442586833986,0.0,0.0,nan,nan,5875.62,1.0,15.473706908126772,-999.0,1.9396131331269673,4.540440750913815,1.2387002882133364,0.9084931773884743
7d01m01pt38s-75d37m22pt757s,7.017049999999999,-75.62298805555555,0.400496466490438,39.10105683874975,0,1,0,nan,nan,8.101499121779751,9.0516366379021e-05,10.739010099790626,0.5051882785725634,85.71129841072573,20.71498363128808,0.388,macs0028m75,8945.637273620543,97.58879764885017,138.00971680236017,4.112305283565378,5006.837855302677,2.2959035489839246,55.598938453485445,3168.8490638326994,130.96790590206118,41.73225846952669,4.785719466658995,4958.808797392684,2.006286834118738,48.27062697857669,6409.314811187729,289.1698630110884,48.24905299946747,10.963891939560467,3726.254536387725,2.451967777353701,80.29168521498558,9607.332287416759,395.1933142478651,72.47488650817408,14.983777173502373,3729.2492021394255,2.451967777353701,80.2316088901027,7205.791264150166,126.97620268624176,105.12870695619458,3.548330664077674,6562.827653552377,2.5146929209881974,46.85383339811624,2619.52760772673,113.46682602664445,28.222606215524458,3.506161710976586,4861.454358843082,1.9312329915364677,47.13653460268604,0.0,56.248614189307396,nan,nan,4340.46,1.0,20.94654063936261,1928.9605540776645,219.25009726208793,64.00608413270514,29.062045470948835,4102.110111978229,2.4474335809053396,72.79047200149535,307.4058674179607,321.6017129967781,3.2496483507825156,14.652715971628902,3968.3053556256655,0.4999617834394905,nan,0.0,0.0,nan,nan,3888.9409634656854,2.801190983433067,88.78896640765133,683.0489779403814,185.51179103649278,9.121316171287686,11.602829726694573,3834.1876943362026,1.1513566641243773,30.34291436257063,799.8248856058495,39433674.27405872,4.987613639784328,861755.5351001209,4363.1381878743,0.5459162158361538,nan,0.0,0.0,nan,nan,3869.3352498031977,7.262421427182365,237.87398638901402,0.0,0.0,nan,nan,6585.935174324931,9.99923566878981,192.88987927331783,0.0,0.0,nan,nan,6549.932398123688,0.4999617834394905,nan,0.0,0.0,nan,nan,6716.44,1.0,13.536579167464883,0.0,0.0,nan,nan,6730.82,1.0,13.507659064352907,7722.413396114279,1045.5107668772498,30.493659194940342,26.453522269763365,3418.4146520003756,9.99923566878981,370.65991701749095,1741.0568883505925,194.68465150540476,16.39738977853848,9.009606764218267,3762.0413667432103,1.4304996324886274,42.24019035571897,1962.61237038794,272.9887485334413,23.58732556563424,10.043627054687667,4683.514437735874,7.761083888214184,210.00954741646404,594.5453681290799,114.03976035265039,13.27764404532383,5.537703293629599,5875.0164906513555,2.9572846962117505,62.256088581658396,-999.0,2.333944302788521,3.1332351909783465,0.12734987453897448,0.06221447244936178
7d01m18pt435s-75d37m47pt064s,7.021787499999999,-75.62974,0.4004065039291398,14.112450189234808,0,1,0,8.336385245949215,0.002717525825601489,8.17402855868437,0.00017077476607207836,25.95433771744051,2.6241343905497585,121.62170319047105,16.391074458454437,0.388,macs0028m75,27232.468452738245,431.95724518541925,18.960281228847926,0.8214514367093783,5006.863759982221,6.263278151598103,158.26013237954467,8585.815533863886,274.3865709415984,5.74276977048981,0.5092414823968809,4958.7459050219695,6.494369171139554,165.75864697248232,13107.943772787978,867.7215260592831,17.642209139963207,5.876081310892502,3727.723786143529,4.177483030453357,140.71714814133549,6939.120795845773,818.8384863185935,9.314430122738067,5.545052625290599,3723.8796952649686,4.177483030453357,140.6118599152172,7203.985050892236,655.1746355668506,4.877351235729097,0.8498008089265903,6561.575431443964,6.926354758076374,133.67470741719384,2152.4474699925054,211.79889813442526,1.5088723843648795,0.42589258298355864,4861.008782810831,4.49755763021316,116.34821348691261,861.3983698192748,216.25124654336392,0.5575802558286033,0.49604137285126815,4339.241240504754,3.2036070921314956,91.6945147122504,0.0,0.0,nan,nan,4101.519663621778,5.492196339837502,169.07740376342807,154.83955153658127,3.2449025289348112e+19,0.14007003869155094,1.2642687464639686e+17,3969.4757420017886,0.4999617834394905,nan,0.0,122.47125599405362,nan,nan,3889.06,1.0,23.37778840736009,0.0,0.0,nan,nan,3835.662389689849,3.3698482631547755,109.41697745513554,2951.705826472846,373.90297350912084,2.022654977419449,0.8981980130269281,4362.414383133729,7.709743439148535,224.0264503994267,4569.255347509253,454.67719623908977,3.8638302983088373,1.7587020257565311,3871.1198278544553,6.696442166204114,219.15458956702994,4509.873810256903,876.4287520491699,3.1536008498775097,1.1703195547904879,6581.9134173100665,6.271610280087873,120.52200659066985,0.0,0.0,nan,nan,6546.693237165566,0.4999617834394905,nan,0.0,0.0,nan,nan,6716.44,1.0,13.536579167464883,0.0,0.0,nan,nan,6730.82,1.0,13.507659064352907,0.0,0.0,nan,nan,3425.045075015982,4.297134463150614,157.54857312890962,0.0,0.0,nan,nan,3759.464372019347,5.564814781786394,186.9228554943348,2640.759961041199,1899.262665431139,1.780004127957434,3.920988089540609,4682.217269432715,9.99923566878981,271.0131455203778,802.7877734576365,172.42022263525143,0.636967087638341,0.2976366067610418,5872.372839424587,4.617183629802279,98.88651541646513,-999.0,14.956181705565005,36.54702491303931,7.475845186762545,8.617835046249645
7d01m44pt475s-75d37m58pt35s,7.029020833333333,-75.632875,0.5657121341241902,31.518064387141784,0,0,0,nan,nan,7.785628014387205,0.005112055299178127,6.442300807716109,0.5600177892964247,71.78174664813515,15.751278702031781,0.388,macs0028m75,5892.041865224311,169.91256392572777,295.74702665879823,23.295427580367846,5006.811989800183,2.0488793274487294,48.96250769072541,2018.1163432239841,126.02367812993928,49.083246729378445,8.50425335193043,4958.9134761943205,1.8351435149490762,43.5515297006767,3332.879493772727,319.71272283177666,72.78264741389079,35.16062779252349,3726.4063817441997,2.2517108759071,73.1238318700472,4895.483076861816,474.2994489551812,107.07459327367874,52.16140990324896,3728.658588043278,2.2517108759071,73.06911871926025,0.0,0.0,nan,nan,6562.8,1.0,13.853480493619768,2505.0864994930566,196.11010822743683,238.81406223013465,53.62338944388846,4861.268197757323,2.0150879169925817,49.48541514502962,1413.4511405256587,136.78753375078207,34.23829215092254,11.738838151112892,4339.774211517078,2.194884630269715,61.01641527979379,1259.5862187317186,104.67269113941992,107.36366606652322,35.6710259419393,4100.567674930217,1.62156669734832,45.39937546068432,0.0,74.27239062787008,nan,nan,3970.08,1.0,22.900702702093618,0.0,0.0,nan,nan,3890.5509649980386,5.065369019022961,164.22617258755562,372.82790737188645,179.4787806797051,448.6196362774234,1011.3026100985609,3834.502321872184,0.4999617834394905,nan,0.0,0.0,nan,nan,4360.906600781666,7.577093947309824,220.1396561907378,3099.724473205111,214.18219765742757,61.801396272806315,19.56744994744281,3868.357947357851,5.436943017649773,177.4260721219272,0.0,0.0,nan,nan,6583.45,1.0,13.810026928666252,0.0,0.0,nan,nan,6548.05,1.0,13.88468655302385,0.0,0.0,nan,nan,6716.44,1.0,13.536579167464883,0.0,0.0,nan,nan,6730.82,1.0,13.507659064352907,0.0,0.0,nan,nan,3426.9847139705676,7.196838160048356,266.1664199803325,0.0,0.0,nan,nan,3760.105679423734,4.469925595802068,149.48019987867528,970.0283538894173,177.73513640497973,54.719297879957466,30.693256446300992,4683.443027449726,3.3577813181743337,89.22658971646263,358.1261749371382,98.89810524973959,5.0559846990896515,3.03343554537604,5878.916817773561,1.4064603335448347,26.431987007843965,-999.0,0.5069438884790959,1.0522601275480887,-0.2994459134256811,-1.5240861501788778
7d03m32pt925s-75d37m59pt602s,7.059145833333333,-75.63322277777777,0.23106158930052478,139.92084975613827,0,0,0,nan,nan,nan,nan,6.804453366123761,0.38846703158507745,65.18628575981204,15.136279347084495,0.388,macs0028m75,17264.967022985373,170.143589825181,197.27912917579164,5.3102858118148815,5006.838457517061,2.291330428642881,55.476830845427365,5835.7960323181715,176.24249381838428,82.3210923398693,6.898122352436798,4958.828083583019,2.117854708351957,51.315895942818564,0.0,0.0,nan,nan,3726.03,1.0,24.400668213494743,0.0,0.0,nan,nan,3728.82,1.0,24.382410999599827,8991.287283797878,117.56867187580862,2030.528248569739,50.85684229170202,6562.704707425284,2.346261513957753,43.44170019370706,3394.947663292338,190.44500116883128,44.995717061872924,7.2392242792566766,4861.484313918959,2.2294403104980827,55.432755659308974,3295.5913594806575,272.56633336028324,22.583651592955796,6.615404184589362,4340.382468815433,2.363411349207305,66.21093323568716,5842.034499616334,625.5210600076218,50.361371290384945,21.559674087734287,4100.508228813978,7.6682180709011565,237.01360230875272,2034.6025046989455,232656.1279998508,62.734904088120075,30877.438746791307,3970.554170858521,0.7543626814252954,9.016760137713636,0.0,0.0,nan,nan,3889.0602957057204,4.3500546910678795,140.54521431655414,0.0,0.0,nan,nan,3835.4,1.0,23.704860453545347,0.0,0.0,nan,nan,4366.36162066795,0.4999617834394905,nan,1604.1751400933504,86997.18986450817,28.326524695155424,7036.110107492781,3869.047860969674,0.8016848888159656,12.859080849112045,0.0,0.0,nan,nan,6582.826142834103,9.99923566878981,192.88987927331783,0.0,0.0,nan,nan,6548.707348253653,9.99923566878981,193.93267853817915,1314.744592743833,187.0146393245342,52.40095869214932,13.943876454115092,6715.384091793224,3.041551635075633,56.1050017933438,428.29690020817327,10877385.112242773,25.491234200383808,1208364.713703864,6730.493920889327,0.636520711631312,nan,0.0,0.0,nan,nan,3426.0,1.0,26.53754284399528,0.0,0.0,nan,nan,3760.0,1.0,24.18021855944889,263.5050902725847,203.88647066556103,3.292509701954125,7.791062965059447,4686.099073732242,0.4999617834394905,nan,728.0547867010443,187.99169651749892,55.5523237387612,31.185320917976856,5875.708723645422,3.1380123274138025,66.27968103223454,-999.0,3.101949365675077,4.18482618305879,1.4777527378282016,0.2506534551528617
7d03m48pt42s-75d37m25pt939s,7.06345,-75.62387194444443,0.40332626878530875,159.12294565329398,0,1,0,9.066129192113925,0.045641369421116046,8.055869020710478,0.00012140087008366749,7.659279474597844,0.36879017429891486,73.7938252276351,13.451056475020177,0.388,macs0028m75,5923.268642638548,122.42141692036007,12.086430790760897,0.6823004606332663,5006.876174547146,2.707997124903737,66.5166577070027,1738.591861106558,169.8030768851143,3.2770666342537544,0.8879448579155325,4959.2202938187675,3.3257481682852066,83.46926518069337,8866.108742876733,433.43802605060375,19.51945186081872,4.805370207142692,3726.4828222473234,2.192288023986778,70.98453277440021,8521.60406368843,440.29155396079824,18.793431602848635,4.881352785629297,3728.958150272934,2.192288023986778,70.93142030277632,11235.555351139694,239.79990009456156,38.741544521337104,1.5837402007928514,6562.965549133941,3.3597637057040775,63.74493983515019,3270.486916346072,132.45231204906017,7.148161245847737,0.8303462531908589,4861.26391190292,2.0087406027254424,49.308111882479956,1909.8778837989703,160.77075772585394,4.6837241792739315,1.3965033634209187,4340.255572522584,2.322099784474589,64.94121413013609,0.0,77.02300686898789,nan,nan,4101.73,1.0,22.16567686891332,0.0,0.0,nan,nan,3968.177106938504,5.63787275161541,179.3929722271022,2041.6177224158153,175.19852013260996,3.952380923932791,1.5348718756270028,3888.1828999256195,1.6242892081947113,47.98078615469105,0.0,124.19550650598477,nan,nan,3835.4,1.0,23.704860453545347,97.56917401024764,206.12821841084852,0.18450440356102962,1.3657468119327505,4363.537843830259,0.4999617834394905,nan,1039.7836450805316,395.8104369150022,2.545706575256117,4.433556055276243,3870.8171770174586,5.681660485270008,185.5437043980501,801.2077660409401,804.5393242264967,1.7715269053254807,3.3961081934676525,6583.570964241259,2.0637576964732967,37.54291819904131,0.0,0.0,nan,nan,6547.130850608073,0.4999617834394905,nan,0.0,0.0,nan,nan,6716.44,1.0,13.536579167464883,0.0,0.0,nan,nan,6730.82,1.0,13.507659064352907,0.0,0.0,nan,nan,3424.397960104819,2.20655862540604,77.76034557252095,0.0,0.0,nan,nan,3760.204318949221,5.072774717446492,170.11632431845712,915.310405070224,210.50360142402823,2.0027187754931113,1.409226525775678,4684.90363362425,3.4719267698972804,92.39523356354606,1346.746917565232,453.9203635397288,4.214742515906286,3.089271395074406,5874.432717217623,9.99923566878981,216.12712798001303,-999.0,5.914888557479506,10.287025089248774,2.0602638198099124,-5.347405041772241
7d04m12pt555s-75d37m54pt293s,7.070154166666666,-75.63174805555555,0.4039211267452194,179.64355579577895,0,1,0,nan,nan,8.077909669732845,0.003291009501640124,7.753650698016723,0.4852054840395351,106.59062053174095,20.996683756205854,0.388,macs0028m75,5870.374122830106,109.22858632123128,305.0225529842513,15.502075741453135,5006.835221202156,2.198668786534061,52.99701312898833,2393.022504855065,135.10630259214648,81.38314686867201,12.747476768826742,4959.163901571516,2.957529347912966,73.77128779756701,2654.395097448244,288.1044339262247,52.35787400157318,28.632272564039848,3725.7439876061335,1.6148778195644329,49.723560345251364,4278.580264965211,393.08178149646733,84.56050530875257,39.06508676172352,3728.5523720251786,1.6148778195644329,49.68635588556619,4909.803961042687,135.69008266684895,118.9785643512833,6.298332591103634,6562.671588040465,2.7440189889368893,51.46939237400779,1959.8989665585077,102.9036589284853,172.7900484566193,26.02130146952216,4861.294313671018,1.710527804016587,40.87314745433976,1622.64120827166,204.16058241255777,20.96094490442409,9.337357294733907,4341.166234502123,3.0388181689147515,86.73464840813736,2033.6106624898566,399.79630605703005,925.0602981722765,726.0398031749046,4103.250219047029,6.016736403662611,185.48023042689357,393.89686395758696,1.9222401584819568e+149,4.465438933213425,9.377180404157328e+147,3970.9982028690556,0.4999617834394905,nan,0.0,0.0,nan,nan,3888.4232236788116,1.9036973548032046,57.95250851756984,0.0,0.0,nan,nan,3836.2289764550114,4.139808124219654,135.4358058180908,0.0,0.0,nan,nan,4361.474939819394,9.99923566878981,291.0428046557292,3052.906632251513,277.769310053448,24.324471806480236,10.1260144708813,3870.7269388077075,3.763502414426734,121.68563507859382,0.0,0.0,nan,nan,6581.782804483234,0.4999617834394905,nan,0.0,0.0,nan,nan,6551.066888086211,9.533524316282529,184.85474773741618,0.0,0.0,nan,nan,6716.44,1.0,13.536579167464883,0.0,0.0,nan,nan,6730.82,1.0,13.507659064352907,2716.8819517267107,276.59172259948593,11.91741752872105,7.711674888532879,3427.660147665095,1.6637503473571724,56.086546181718774,0.0,0.0,nan,nan,3761.978746318717,9.99923566878981,337.7342754526394,1645.5760897360951,492.08287384780755,340.51993359496703,311.40296093242205,4686.161044589223,9.99923566878981,271.0131455203778,1391.7513913723371,269.47945024619764,48.115288797105876,20.251222931980163,5876.457773515216,7.638810044481961,164.81768815185495,-999.0,1.1541367923204737,1.6300810937060168,0.11841445667826919,0.5635078517782577
8d02m30pt165s18d08m22pt984s,8.0417125,18.139717777777776,0.25205434703389473,31.254074605794933,1,0,0,nan,nan,nan,nan,3.976731031665772,0.05706615600173731,80.87544997428438,19.681259526253026,0.377,macs0032p18,29056.72560909522,178.514152253172,45.95029668587402,0.7710828558611827,5006.839654424948,2.4240027290087327,59.00977279740868,10090.306689369401,144.00517347330577,18.2722417522382,0.7235134655455843,4959.023967867176,2.535517109547869,62.56447743839545,0.0,0.0,nan,nan,3726.03,1.0,24.400668213494743,0.0,0.0,nan,nan,3728.82,1.0,24.382410999599827,26864.867437725163,223.83852150257803,88.36620472817546,1.410269241851886,6562.775654575432,2.5502076500171653,47.570706313081466,9844.023140299414,128.95167745276825,17.4062187231146,0.6539857920380187,4861.318382765896,2.3635967899824015,59.12180919774556,4730.480829440371,162.90555888717788,5.604829933726203,0.6835495421464343,4340.61034943921,2.50699059253868,70.60801614162877,0.0,81.36265016316213,nan,nan,4101.73,1.0,22.16567686891332,3183.566043414961,529.3105455784382,2.3398894392573197,1.6786699629579291,3966.372996244016,9.99923566878981,319.8627926142355,36.40673169858125,196.91357297376462,0.02232629439179502,0.5469731169522868,3886.7174669489114,0.4999617834394905,nan,0.0,0.0,nan,nan,3837.7377920599733,3.419127110670525,111.08864434051985,0.0,0.0,nan,nan,4364.281711949692,9.99923566878981,291.0428046557292,4155.086652297281,166.9278686974627,2.749172098179853,0.5059220693311565,3868.8768047039725,2.143331553818299,66.66365449496523,0.0,0.0,nan,nan,6582.42378215181,0.4999617834394905,nan,0.0,0.0,nan,nan,6547.794892659028,9.99923566878981,193.93267853817915,3314.802094749068,366.1385020299121,11.944051894554706,2.467656055715416,6716.379978963977,2.557437894581314,46.625023363693174,0.0,190.4442192582903,nan,nan,6730.82,1.0,13.507659064352907,0.0,0.0,nan,nan,3426.0,1.0,26.53754284399528,0.0,0.0,nan,nan,3760.0,1.0,24.18021855944889,2116.4184735409804,435.33647587658544,3.1659945223959576,1.9898093059343436,4688.453638548316,7.615815063767433,206.04612426542604,735.4684958956673,112.24439625240116,2.405031429177302,0.7980804726315819,5875.146634236502,1.513427437646494,29.073768749159477,1.9413071137482572,3.5161033988906656,5.7384143339911,0.6449762484388873,0.05180880254319455
8d03m05pt94s18d09m03pt012s,8.051649999999999,18.150836666666667,0.219057728738125,27.25737201470808,1,0,0,nan,nan,nan,nan,1.121396772960639,0.08515651285057511,72.76115091589944,17.87663864224279,0.377,macs0032p18,3100.97507834901,162.10537572192828,4.057584395512845,0.5793729110536531,5006.805911499977,3.5792380238948427,89.25268136214048,1077.632788754945,161.14359364070202,1.305932105588698,0.5417015299715017,4959.606764062137,3.4578095049846223,86.93430340790528,0.0,0.0,nan,nan,3726.03,1.0,24.400668213494743,0.0,0.0,nan,nan,3728.82,1.0,24.382410999599827,11221.74714473472,429.0986188373498,16.969112935191077,1.2429093230929977,6562.516260004264,3.564406080670188,67.79854597178823,3726.252801737484,196.27145014498856,4.894440333477544,0.7395680715826569,4860.785363322171,2.9263878689796954,74.41241781129217,1170.5061844008708,129.77119145751655,1.506451916811887,0.5914732690025142,4340.618556479653,1.811887132004021,49.018230901482205,379.7978862102804,151.16107552643888,0.38610464698869723,0.6143750952388322,4100.616909459206,1.139407173108997,27.90412564557143,0.0,0.0,nan,nan,3970.2342578645057,5.124671149619328,162.7945739463036,0.0,0.0,nan,nan,3899.06,9.99923566878981,326.52642944617054,0.0,0.0,nan,nan,3835.4,1.0,23.704860453545347,949.3466845763437,130.72221886561755,1.1040840614590612,0.5321865210214581,4365.537285195219,1.5987322588038366,41.93882159191851,0.0,0.0,nan,nan,3868.75,1.0,23.500516131444996,510.49777693638237,0.0,0.609120540065458,0.0,6584.063044633725,0.4999617834394905,nan,5.778667332004243,1188.438736347549,0.007221862722504809,2.851195547387702,6548.907610678936,0.4999617834394905,nan,2210.7037274863483,210.667846649963,3.5165390273835273,0.6268121915785091,6716.239913943687,3.1241716975314135,57.713075629087896,1434.330577643526,263.0121338350407,2.2575168513315473,0.7726284179044802,6730.7167914885995,3.067487361766476,56.48911087542361,0.0,0.0,nan,nan,3426.0,1.0,26.53754284399528,0.0,0.0,nan,nan,3760.0,1.0,24.18021855944889,2045.8250505455394,638.3784301644871,2.514605628924338,2.3993939730666423,4686.3885814493215,9.99923566878981,271.0131455203778,441.62752908106626,114.35768799099208,0.6927389782391857,0.3899175237447431,5876.568930651179,3.2822694136785486,69.48248992289767,2.5542981700934266,6.295733803147886,12.19095151044483,1.099512221363292,-53.77907184300172
8d03m20pt31s18d08m49pt991s,8.055641666666665,18.14721972222222,0.449151040226762,25.73868618022103,0,0,0,8.776863859743578,0.013648524676867673,8.095891464219946,4.192896043481787e-05,8.279127227024258,0.12863895517856597,57.220415301628044,9.101733850203573,0.377,macs0032p18,22074.510793988567,209.5925806640777,19.970173846263002,0.5179064692743771,5006.854440020528,2.9605254431596486,73.14349030652399,7173.631673090563,114.61310384784848,6.530232970720374,0.28948089615048517,4958.9198877318295,3.270899227899144,82.02830025927798,16872.644363830907,291.8342439008372,16.66446694144175,1.451797039760279,3726.1660165637622,2.9284692920958575,97.15869762010729,24428.091299985852,442.337673765073,24.17286147061838,2.2005112106199225,3728.9052402444363,2.9284692920958575,97.08600095833222,0.0,0.0,nan,nan,6562.8,1.0,13.853480493619768,8521.294116681072,112.25236563516286,7.933074635982236,0.2997416735575121,4861.277908891724,2.783285976851058,70.5467297874806,3631.8339472294388,225.18802716932817,3.0302714420482237,0.6654585871618569,4340.398047786392,2.7157571288126787,76.96438696813507,1746.7391166045138,109.06891084531031,1.4629961317129014,0.3650305404945448,4101.582306546425,1.9209689709263928,55.52379768123807,774.080041330148,4356520.945354712,0.6375636068424387,15440.809985709984,3970.9607291867237,0.558833210294583,nan,1353.483920944139,5195521.237514363,0.9760141090568629,16946.45376331729,3888.9588748789074,0.5557782820377709,nan,0.0,0.0,nan,nan,3836.17696274339,3.501162128226429,113.86917101718313,797.1420158322658,261.409573988079,0.6392853023220769,0.7342752726536267,4364.33559696342,2.4573684820036528,68.73072328625992,2661.197363628335,154.19437720551815,1.9424929967316866,0.5155289312910648,3868.9888119503757,2.7907473018775604,88.90010840478871,0.0,0.0,nan,nan,6583.45,1.0,13.810026928666252,0.0,0.0,nan,nan,6548.05,1.0,13.88468655302385,0.0,0.0,nan,nan,6716.44,1.0,13.536579167464883,0.0,0.0,nan,nan,6730.82,1.0,13.507659064352907,1489.5954282465311,11898562.347154604,1.4091470408813174,71654.74846267361,3425.9003644080512,0.503959769245029,nan,0.0,0.0,nan,nan,3759.945611014478,4.358308500766559,145.65250343917288,0.0,0.0,nan,nan,4685.060956671092,1.6565811204745786,40.79363940245739,1058.9518274374832,198.58392144761876,1.3530933956700153,0.5516310761634646,5875.928504867447,3.0992733763149234,65.418324694476,4.020418256633286,17.137118654877938,40.14351507725366,5.337781769570144,56.608261769176394
8d27m53pt28s-7d52m14pt418s,8.4648,-7.870671666666667,0.8121822165257149,16.454670311623182,0,0,0,nan,nan,8.141653713866948,0.00019018493241109384,8.89755186701899,0.5323196227530438,52.72610445539859,13.430376299002454,0.3524,macs0033m07,6656.898379821706,104.13657583028629,115.41655254806348,4.93158719722779,5006.836057469319,1.748501327438645,40.741210627777384,2968.3624706886885,109.04449366690697,43.38754883037107,4.42199208462982,4959.128363512252,2.2373314126325594,54.55530375083285,3161.870135274505,78.63224204536203,61.445020491762754,7.697122275504358,3726.087968255616,1.541939465873261,46.942801732875544,4722.93344418484,99.89150459316852,91.95169935524964,9.778140685523972,3728.744535382646,1.541939465873261,46.90767790902919,0.0,0.0,nan,nan,6562.8,1.0,13.853480493619768,1967.9642998064658,115.63334944122357,25.170604606745393,4.242186075928418,4861.1820008239765,1.7763849621351204,42.756363996634754,0.0,0.0,nan,nan,4338.624426409076,0.4999617834394905,nan,531.5565092746739,91.49460500682913,6.792883420649858,4.672600975606116,4101.390091005029,1.9315378940744328,55.87591057402418,394.40939570517276,50384.3369240765,4.945645471073119,2721.1109861573937,3969.4734968075636,0.5000714593269991,nan,0.0,0.0,nan,nan,3890.1519288212353,7.355518727038619,239.6933836258931,724.0382800350346,22321.405245651018,4.856293031554035,700.8442853698796,3835.005045054012,0.5000120020153149,nan,0.0,0.0,nan,nan,4365.314439454405,3.3106753622722827,94.41522954211585,782.534349374089,51.3315918883861,7.3270112472357205,2.201837240536974,3868.7164811335037,1.233256778775189,33.41221565457483,0.0,0.0,nan,nan,6583.45,1.0,13.810026928666252,0.0,0.0,nan,nan,6548.05,1.0,13.88468655302385,0.0,0.0,nan,nan,6716.44,1.0,13.536579167464883,0.0,0.0,nan,nan,6730.82,1.0,13.507659064352907,1791.888820087202,178.15178389917432,23.234554231390643,14.67222265715251,3428.4972130344104,5.261335642604092,193.77307134000316,529.9785214817572,73.22871378133401,4.648237789536531,3.165805845577637,3757.4509965756206,1.6653338583039734,51.163486053725,0.0,0.0,nan,nan,4687.515117182302,2.6775585188065647,70.21929518523164,0.0,0.0,nan,nan,5875.62,1.0,15.473706908126772,-999.0,-999.0,1.1750162943718276,-0.16853218963344996,0.4881351138251577
8d28m02pt205s-7d52m20pt125s,8.467279166666666,-7.872256944444445,0.7349253846199395,12.72425612805456,0,0,0,7.626006641746414,0.04558303221749055,7.48131237367391,0.00574027959719767,4.945193219598154,0.8709329594387983,69.02895422217233,19.54987980380975,0.3524,macs0033m07,2038.6730495569186,97.81829482131096,59.494694490407994,7.797227975883154,5006.820130537185,1.9494685069485764,46.26380018903328,777.0417817871753,95.71210371329876,22.775187037775954,7.783583261233056,4958.9261470435185,1.4928730022821248,33.85207606634274,1008.1304600437985,109.22550635209251,13.168292167653027,7.188901915945996,3725.624267152003,1.7762310250120505,55.778260429499035,1052.6280650842532,106.11822702608777,13.780431607863862,6.984389920111545,3728.840879597792,1.7762310250120505,55.73652568590768,0.0,0.0,nan,nan,6562.8,1.0,13.853480493619768,986.1037051386251,168.6622955636175,41.20878126288295,20.218537233745398,4860.955257117899,2.8546175214627434,72.47519758629706,437.95526803560705,62.01961987986093,5.8497442506149895,2.9337154931732914,4340.586639217068,0.9538274082326049,19.00384899324408,0.0,43.796852344228014,nan,nan,4101.73,1.0,22.16567686891332,0.0,0.0,nan,nan,3966.426740556108,9.99923566878981,319.8627926142355,0.0,41.32443976945494,nan,nan,3889.06,1.0,23.37778840736009,0.0,0.0,nan,nan,3832.6249419561877,8.814955665082396,291.67471033950574,887.6235802250338,239.39366875471356,10.941208765882894,10.33811864190259,4363.768107391885,6.201822130556837,179.80096458048456,480.9785196240065,396778.2552368262,5.52559274628287,20881.429669423498,3868.7814003554386,0.5020400913381684,nan,0.0,0.0,nan,nan,6583.45,1.0,13.810026928666252,0.0,0.0,nan,nan,6548.05,1.0,13.88468655302385,0.0,0.0,nan,nan,6716.44,1.0,13.536579167464883,0.0,0.0,nan,nan,6730.82,1.0,13.507659064352907,0.0,0.0,nan,nan,3427.892492738464,2.293849413801494,81.17349398594179,2111.9405635550074,210.8193007105268,143.85543360742582,70.69330005884717,3759.3033298908636,6.359030706828126,214.0024250600705,0.0,36.92459256286558,nan,nan,4685.68,1.0,19.403292965701418,0.0,0.0,nan,nan,5875.62,1.0,15.473706908126772,-999.0,-999.0,1.0502240732272603,0.33220275620650186,0.14231026903395108
8d28m03pt495s-7d52m12pt65s,8.4676375,-7.870180555555556,0.552976663690459,6.3697720342456705,0,0,1,nan,nan,7.814571706893046,0.0045863125494053445,6.327247319146291,0.44224737524802255,50.98821185998897,11.911437936255707,0.3524,macs0033m07,3281.5540647554994,127.17775740502644,16.682384385807747,1.7659507745606693,5006.824523249166,1.7541027568267822,40.89659135279814,983.5179883888233,89.20727999590599,4.835890023964195,1.216986838451242,4958.9515637936665,1.1589863207473974,23.714540870433943,3160.6963535799537,220.1478365150231,16.302875342674188,5.720427247729796,3725.9312549667225,2.276558448974151,74.01655665087146,2956.703862177032,209.836733966903,15.280519166448196,5.452498600761797,3728.731423350868,2.276558448974151,73.9611755402102,0.0,0.0,nan,nan,6562.8,1.0,13.853480493619768,1640.9145628753727,101.19890790677847,10.609922567758773,1.8768445466643662,4861.208028042396,2.187937611696762,54.28678722064794,0.0,0.0,nan,nan,4347.124589363278,0.4999617834394905,nan,580.9299677243029,116.90291636949424,2.3089095596784692,1.8562894461435568,4101.903678212383,1.3483273552669912,35.76784422834376,289.7821382869293,3.399417859483004e+52,1.1107029520150773,5.609833241487044e+50,3970.0796915224487,0.4999617834394905,nan,0.0,70.84077183508646,nan,nan,3889.06,1.0,23.37778840736009,100.61345055189432,145.59156453114522,0.47576177507291795,3.2200080614853905,3836.3182429382973,0.4999617834394905,nan,0.0,0.0,nan,nan,4362.876605460609,5.566280589284893,161.12404458375556,825.9077404877057,91.94104967890902,3.114637009744081,1.5888186365162311,3868.3096159475253,0.9804745140685748,22.592015631883026,0.0,0.0,nan,nan,6583.45,1.0,13.810026928666252,0.0,0.0,nan,nan,6548.05,1.0,13.88468655302385,0.0,0.0,nan,nan,6716.44,1.0,13.536579167464883,0.0,0.0,nan,nan,6730.82,1.0,13.507659064352907,1062.4858608301968,547163.8470034077,6.8417600334436335,22421.1642512785,3426.3409534465095,0.4999617834394905,nan,837.819213030157,162.0438216129813,2.865318869977246,2.7217860566679586,3762.7630837643223,2.83912015240111,93.16233758676321,0.0,0.0,nan,nan,4685.622279874483,6.776328690774558,183.12817840452098,734.1343802987051,159.76682695187085,7.492373764036404,3.5443182299392797,5876.478794511116,5.314816952916484,114.15573265507452,-999.0,-999.0,9.745262221048904,1.9560039473232242,0.7386286219757633
8d28m23pt955s-7d52m12pt971s,8.473320833333332,-7.870269722222223,0.3455727025752129,15.467068584456326,0,1,0,7.946656549092749,0.025527007597353855,7.919523459646127,0.002840632918568704,7.80419791951121,0.27582732623567485,90.23668458076877,16.999026658695925,0.3524,macs0033m07,16641.00345188673,109.91268183927856,67.91935736545001,1.225317403127864,5006.8397115668295,2.076262989243854,49.70273448917476,5867.2188896064235,80.82312344182533,21.723957947084102,0.8302983081530134,4958.948888998381,2.010944489416074,48.39820070397697,4141.689488159437,392.8460224661286,10.423341437585426,4.981984694958242,3725.5424730093555,1.9060747795170594,60.575524925377955,4956.66340327606,421.11778747883807,12.503059022619807,5.340520845352684,3728.8324297443605,1.9060747795170594,60.53020074385625,5509.618792226924,164.70432787968764,20.01947837403892,1.14629411340146,6562.860276730964,1.5548755760900363,26.933113139212665,4049.945370287101,121.39837582116829,13.117899422497935,1.1277722970530013,4861.424569972406,2.3071445469196488,57.572156515963236,1711.9763178809478,147.08676799682823,4.095236007635754,1.2458808648889947,4340.881418749308,1.9643844635713525,53.835065061969914,1419.5443320653603,109.04137958779233,4.413073288963758,1.3545110181126665,4101.641882437153,1.45875840564485,39.723699527835116,0.0,0.0,nan,nan,3970.69975319298,4.664430070007389,147.88219755091833,1977.7641370949698,145.05337524150843,4.46726373294608,1.4811713473978125,3889.8301200099704,1.927182109730186,58.77842329862226,0.0,0.0,nan,nan,3838.042430677962,4.190817478794306,137.15341124212185,3516.9860831074566,548.0436676132005,11.032063903295526,6.023821917457444,4363.377571338684,9.99923566878981,291.0428046557292,0.0,83.54754566261012,nan,nan,3868.75,1.0,23.500516131444996,0.0,0.0,nan,nan,6583.064150767442,9.99923566878981,192.88987927331783,0.0,0.0,nan,nan,6548.144100570141,9.99923566878981,193.93267853817915,232.83410819944146,14194281.725609956,1.0933314318890461,124588.32268994482,6720.778122079014,0.5872511126328955,nan,86.50624265649391,143.67023967857992,0.43872149110664416,1.3600261936879694,6730.318109890939,0.4999617834394905,nan,0.0,0.0,nan,nan,3426.0,1.0,26.53754284399528,0.0,0.0,nan,nan,3758.777250967053,4.502596607635451,150.6001272782339,966.5378124280667,121.12374795821661,2.780512291366452,1.0670341450842002,4682.668186597828,2.2958847840886154,59.40919580779897,1690.7627927553283,559.4499358941546,7.785924837327742,5.607181644044289,5870.493925363159,9.992135417018423,215.97290446841532,-999.0,-999.0,6.856339220943361,1.536228781278466,0.5401180620159977
8d28m38pt715s-7d51m40pt821s,8.477420833333332,-7.861339166666666,0.7636623000665741,41.22664170242419,0,0,0,7.877033234193266,0.003930020001665084,8.143284934402551,0.00015645628629237508,9.384261687015082,0.6548297878350262,46.42699128187949,12.036630771277522,0.3524,macs0033m07,4774.536716554748,125.45260028201841,181.56187763912706,13.030273967851425,5006.884523216053,1.1790888433392528,24.125757126192507,2375.8061941349742,101.89975400259108,189.75404412390472,22.582916898900596,4958.70559175134,1.6861926510497294,39.38314419077571,2460.4150257105543,209.9655697392731,2.309150953872561,0.9928092351689064,3725.795625696905,1.8176766939281028,57.315846244158735,3272.2536854375135,243.41845557177624,3.078062052771705,1.1509891407543886,3729.0499225708522,1.8176766939281028,57.27296103891386,0.0,0.0,nan,nan,6562.8,1.0,13.853480493619768,1372.831667691439,87.7880273476388,869.7121188957765,159.5190963405666,4861.254705830358,1.6367310967253228,38.74536118107757,208.24882145184995,435344217.7762098,0.9791208215114471,7252034.724935186,4339.646356997161,0.4999617834394905,nan,7853.261451652706,363.89011448466346,24.445361468945883,4.514925630799961,4106.158716388545,5.5167658955405825,169.84623963528205,1011.4247896734468,161.79681575445454,2.481937323786005,1.711837110254186,3967.68513285489,5.245250989241726,166.69698795377795,863.5088960640188,369180.6237365056,1.943601232362931,3749.40250429497,3892.8847893510792,0.4999617834394905,nan,0.0,0.0,nan,nan,3833.5536182104506,0.4999617834394905,nan,634.7487786650275,133.5030494758997,2.5143753490938656,1.8518483595540307,4364.795750980147,1.3433009742290256,33.45262009883223,247.34704787614382,3596.943418060926,0.44917444382458716,29.926569123633403,3868.5783948028643,0.4999617834394905,nan,0.0,0.0,nan,nan,6583.45,1.0,13.810026928666252,0.0,0.0,nan,nan,6548.05,1.0,13.88468655302385,0.0,0.0,nan,nan,6716.44,1.0,13.536579167464883,0.0,0.0,nan,nan,6730.82,1.0,13.507659064352907,0.0,0.0,nan,nan,3426.597017522766,1.3634176940277385,43.47731548614789,1241.3011894257559,156.27993541557552,1.2602326103063946,0.7809275549822956,3759.604671828991,3.6503437252676454,121.30347100341793,0.0,0.0,nan,nan,4686.451403662857,0.4999617834394905,nan,0.0,0.0,nan,nan,5875.62,1.0,15.473706908126772,-999.0,-999.0,0.36442119581219756,0.29197051558450443,-2.4851287171922385
8d28m41pt88s-7d51m59pt549s,8.478299999999999,-7.866541388888889,0.5528536269911948,34.37300277293504,0,0,1,11.281013997972535,0.04812081941008033,8.15110558322508,1.4225633871010651e-05,9.909411330286387,0.05520816725312493,48.88497122380245,6.966739022947753,0.3524,macs0033m07,92999.24404543037,365.7810820315104,201.4633288606963,2.1643220255395037,5006.858869101443,2.7872396155789945,68.60034740918775,31198.160089300596,143.41569333620788,67.22350763222465,0.857400187100717,4958.929087290919,2.8216998120967594,70.17701455361261,37372.14090883705,235.68870549629105,39.9773493578315,1.2698731765394051,3726.1852048842106,2.358828997205422,76.96531304529108,53716.42987421011,316.56860865529205,57.57183780547839,1.7056480658216422,3728.946524244166,2.358828997205422,76.90772559848584,0.0,0.0,nan,nan,6562.8,1.0,13.853480493619768,21725.405045988362,107.20101831891134,49.3461566557787,0.6983626287234029,4861.4033546960745,2.7111327605965876,68.59264614341583,10721.259250184099,103.03880969278791,16.009682427823602,0.5449329109051771,4340.471202536136,2.3404664165794573,65.50598750204351,6023.594020426353,120.61961449040375,8.542822548113985,0.6834727540472033,4101.817404263327,1.9339801768266134,55.95723573401166,5394.819733785325,176.43130256135385,5.890418796745483,0.829694108386775,3969.480688986288,3.8069092499174113,119.9961774069519,3406.937049962422,350.21303174556607,3.0315282908183123,1.4096479037956884,3888.833141021855,1.8437998315785118,55.83863801935286,426.64450979961305,9667.36173607035,0.43182958527584164,45.788840923652245,3835.5424015802882,0.4999617834394905,nan,387.28155045704307,628.7120403209266,0.4316952885583394,2.454650443334757,4364.290870937411,0.4999617834394905,nan,10050.361437262252,211.04437129611298,9.879928270452199,0.9504207195018776,3868.7420065727765,2.2025149734311533,68.72091783893868,0.0,0.0,nan,nan,6583.45,1.0,13.810026928666252,0.0,0.0,nan,nan,6548.05,1.0,13.88468655302385,0.0,0.0,nan,nan,6716.44,1.0,13.536579167464883,0.0,0.0,nan,nan,6730.82,1.0,13.507659064352907,0.0,68.3271527110872,nan,nan,3426.0,1.0,26.53754284399528,0.0,0.0,nan,nan,3764.4675947978453,2.436041834153858,79.00346709616254,0.0,0.0,nan,nan,4686.248345046828,2.27278003807379,58.749711087783666,2220.7470089216786,133.2036644533928,8.36451477030358,1.0907764176032526,5875.659825375645,3.145191133742363,66.43923921349055,-999.0,-999.0,11.810823616893371,2.9874931373282245,2.1303721488354173
8d36m38pt745s2d25m47pt843s,8.610762499999998,2.429956388888889,0.6517353209496279,27.903034686398506,0,0,0,7.743941391354057,0.005667944126390155,8.039980972130454,6.999174996034506e-05,8.394911806747915,0.26400146685609355,51.74568525415655,10.150606545332744,0.388,macs0034p02a,5715.603244430226,144.8018833748096,81.28879926538211,5.625122484132282,5006.822618232515,1.931048034179405,45.761595051239965,1142.1654250471595,57.51783617332462,7.622738400941649,1.065196321222797,4958.578838481604,1.3763420784380802,30.42351640563648,7410.9380392368075,141.01128632207906,71.2722209308963,6.831644034979053,3725.9588303621067,1.7389274300411737,54.388699832444786,11370.999257143507,184.51779486418545,109.56849423201133,8.939425527629039,3728.7296755041984,1.7389274300411737,54.34800479419341,0.0,0.0,nan,nan,6562.8,1.0,13.853480493619768,3054.1959887235794,90.08578231467321,44.9956901175279,3.806661698046778,4861.288647835739,1.5754175463397688,36.96119896954066,1375.404740712721,76.14189724747297,9.69622507744483,1.9010768548394348,4340.478447964074,1.3498112348078126,33.85148795787331,507.518404284607,53.03284329994199,2.5307348335636037,1.056921303496805,4101.202091730777,1.2921575008157804,33.711366927909026,0.0,46.768681009394875,nan,nan,3970.08,1.0,22.900702702093618,634.4804187452017,116.69572810648158,3.442713520943732,2.8633608381147306,3889.357861554918,2.3841861762440852,74.6077044613548,0.0,0.0,nan,nan,3835.484032953679,4.406865420559634,144.42185906104424,752.7072109572035,127.27564464324617,4.390075807648594,2.6012445581346126,4363.28254389264,2.35657616834669,65.65687056808544,883.4107523665878,142.92405210344236,3.7087958951663254,2.749184041926404,3868.530326017323,2.6074654313199193,82.65484341053266,0.0,0.0,nan,nan,6583.45,1.0,13.810026928666252,0.0,0.0,nan,nan,6548.05,1.0,13.88468655302385,0.0,0.0,nan,nan,6716.44,1.0,13.536579167464883,0.0,0.0,nan,nan,6730.82,1.0,13.507659064352907,0.0,0.0,nan,nan,3427.19517772942,4.967923646702137,182.76622283094127,0.0,0.0,nan,nan,3761.293385222844,4.364716760543179,145.87233090311514,0.0,0.0,nan,nan,4685.327490482387,3.665475296319314,97.75821785434132,0.0,0.0,nan,nan,5875.62,1.0,15.473706908126772,-999.0,,3.8619217772525634,0.5643535543779741,0.5817404679608953
8d36m42pt195s2d25m48pt406s,8.611720833333333,2.4301127777777776,0.31082717877603816,28.679750520336185,1,0,0,7.828239217787482,0.0034999222693569898,8.086091348940682,7.525416052350834e-05,10.023596692259941,0.3269188464778409,85.93608129639456,19.161225089284002,0.388,macs0034p02a,14230.316395076836,124.69496348185122,28.04499333612824,0.671238248655807,5006.837869046469,2.2815993657951466,55.21691649836031,4246.449663084448,101.30302710200301,7.70649112306548,0.5100743276394225,4959.028951149994,1.881936471416435,44.848363017788536,14374.358932686102,517.0684305341362,15.913519628172475,2.883077688504562,3726.2676023869035,2.4571165929253955,80.4752309992682,14889.079637948058,559.4540035970716,16.514610725662976,3.119411784333995,3728.982165673444,2.4571165929253955,80.41501734066094,12467.850471545145,175.04537460775194,38.25260113343763,1.0287100526729436,6562.67091774061,2.497450515924747,46.50548704222019,4762.781873063554,134.52409344856557,9.262011630697563,0.7503704215751243,4861.176552540747,2.1593266320199795,53.49534769128875,1026.042635226547,144.97153493037615,1.4780483470448527,0.7394684007052171,4340.921080876211,0.9878431497170528,20.444251386314974,446.98148157937703,521.6063759781674,0.5575331006295949,2.5989133577957544,4102.197747714434,0.4999617834394905,nan,0.0,0.0,nan,nan,3969.3595616487646,6.0534325403865035,192.81560124464784,55.66621459538281,0.0,0.06010387153285896,0.0,3889.4314311164053,0.4999617834394905,nan,0.0,0.0,nan,nan,3836.264729377216,9.99923566878981,331.09476865566154,1954.361267710558,226.72522688261532,2.9046280547311008,1.179822932869473,4365.068186627863,4.646853945889494,134.03911486516594,4736.317849949817,294.63671094740994,6.081052217861123,1.7327703809549846,3868.9374107366198,3.2082242361169744,103.03036285359352,546.5520654291719,3983.227363365228,0.9847598230350745,13.702379851566004,6583.127107198435,0.4999617834394905,nan,0.0,0.0,nan,nan,6547.3033902041625,9.99923566878981,193.93267853817915,2387.197418191034,238.31543798373698,7.119449355700169,1.3293951245968814,6716.400130808619,2.5682990040587774,46.8390331111395,794.3310318626454,231.38517282064527,2.2806997407400527,1.2400754385382662,6730.210156623145,1.3963977663515303,22.85391097372828,0.0,0.0,nan,nan,3426.0,1.0,26.53754284399528,0.0,0.0,nan,nan,3759.7797269718094,5.379229812390068,180.58704946125908,400.74817163022936,40712595.168763645,0.6874788883298742,213556.9957810871,4686.537109290486,0.5792544493466681,nan,386.1344160829217,91.56005633008351,1.109763206437135,0.5720311581231116,5876.266682070461,1.1457975237809648,19.654868108225,-999.0,,8.302935825816078,10.007705046465725,0.5227684579440601
8d36m43pt32s2d25m48pt406s,8.612033333333331,2.4301127777777776,0.31090616232411894,28.83847195862945,1,0,0,8.018965434138781,0.014829877822540681,8.069424450518007,7.864715667077529e-05,11.41331693833568,0.4161789042811417,76.12030022429146,13.117533032137658,0.388,macs0034p02a,11195.311538853244,118.35511124677166,16.949075786641576,0.48942287918921545,5006.834924896489,2.4265419392169973,59.07720784632225,3076.173110172559,94.48580455271134,4.35856714669343,0.3714530371793219,4958.86189138357,1.8852040489096815,44.93872325105531,13142.768137668709,522.679133618985,12.184887084139824,2.440920349435469,3726.092184771794,2.4192104194821584,79.12313480366478,14463.53982807492,593.6795279549849,13.434184421522668,2.7724933857507454,3728.738119978751,2.4192104194821584,79.06393281855897,10428.615899404698,150.07020326619397,27.619062545059364,0.7612876625913904,6562.683885069702,2.714756371720649,50.882089844191896,3669.204390014614,113.67546882966509,5.571303896406706,0.49506488037462504,4861.312351815767,2.137815794416192,52.899504189690084,378.76822393433935,133.79906421536256,0.42827462187895377,0.53578711068856,4340.544356683396,0.4999617834394905,nan,0.0,0.0,nan,nan,4099.683049791844,4.885587059620574,150.0750553582386,0.0,0.0,nan,nan,3970.411192961423,0.4999617834394905,nan,0.0,0.0,nan,nan,3888.793553346518,3.817396430902064,122.84527435599746,0.0,0.0,nan,nan,3835.1488187094615,5.763451652831556,189.89253887777795,1963.642652956594,285.352592939251,2.183032211736475,1.1113195554276123,4363.9320439669755,6.439648306823055,186.78324392538485,1899.0557631780105,191.04521541870176,1.5837175080734782,0.7299091872239537,3868.6596530765582,1.6420106651623045,48.8781383875791,0.0,0.0,nan,nan,6587.244967240086,7.860367761012882,151.39910680806324,0.0,0.0,nan,nan,6548.207346511171,0.4999617834394905,nan,2050.404223081199,271.25852263596994,5.2473760205691224,1.2984648109827794,6716.396178379915,2.5574294317880475,46.624856582336385,1285.4284841396843,256.0267816599099,3.2345983259136,1.2024942191663157,6730.531491268024,2.280339018367706,41.04903652705,0.0,0.0,nan,nan,3426.0,1.0,26.53754284399528,244.78403958560855,397.4803103050554,0.24467359738776637,1.9491086861602984,3764.395248744629,0.4999617834394905,nan,839.3435066594128,154.34691234371056,1.1384221576149518,0.6404343774517219,4685.242926051875,3.768526508151647,100.60914585698818,351.89098577154573,102.8506497350151,0.7793525615554496,0.4952284523862633,5875.715849495849,1.0044081484791116,15.607171984643303,-999.0,,8.052403796814284,7.939763464153357,0.39931676097314817
8d36m43pt41s2d25m28pt151s,8.612058333333332,2.4244863888888886,0.8127770613104932,9.465970353045604,0,0,0,nan,nan,nan,nan,nan,nan,87.42817458399718,20.20353938171814,0.388,macs0034p02a,1839.2748651705033,102.0897259588104,7.170272732396232,1.0870809379323023,5006.810753505391,1.9807279607372668,47.11444541199812,25.21004435187915,190.21085661904917,0.10302088895637833,2.1581951961443013,4956.782648364953,0.4999617834394905,nan,820.2559555123034,62.963066321467636,3.0227221633456733,1.1691888001370985,3725.54465398221,1.7680701568467092,55.47473959050084,0.0,0.0,nan,nan,3729.2112589416834,3.789924160760404,127.17008816953602,0.0,0.0,nan,nan,6562.8,1.0,13.853480493619768,0.0,0.0,nan,nan,4857.586941086834,7.289524032315204,190.01826685387533,130.13988459093065,115.17489341236109,0.7102995948067193,2.22884984132843,4338.084500025788,0.4999617834394905,nan,98.52413581952484,224.03401761768149,0.46867270795019755,4.254723497126501,4103.203914985335,0.4999617834394905,nan,2207.2967037569397,471.23162215254473,21.258961643561527,19.450917678986603,3977.857706166337,9.99923566878981,319.8627926142355,864.4119478063626,156.67097013418714,4.921482457707577,4.045795680161773,3884.566899302275,6.273985792987276,204.09943070766406,430.22487696146874,147388.52598259706,2.481013783804528,3973.656941977725,3837.009100571579,0.5003891337923909,nan,944.4434098532079,244.8189796996096,4.95028704973864,4.501266819734895,4361.068032386242,6.140768274221223,178.0079576117365,825.4951794857096,133.77352989694788,3.8893891608364997,2.892344722953619,3866.043311306364,5.235449277636359,170.73763786932597,0.0,0.0,nan,nan,6583.45,1.0,13.810026928666252,0.0,0.0,nan,nan,6548.05,1.0,13.88468655302385,0.0,0.0,nan,nan,6716.44,1.0,13.536579167464883,0.0,0.0,nan,nan,6730.82,1.0,13.507659064352907,540.9060824998131,139.85284582982413,2.4157258967257844,3.975416513595861,3426.1041088723487,3.596751447380825,131.09959576042812,0.0,0.0,nan,nan,3758.5643348487083,2.5197110876371704,81.95676473975051,949.4776190803093,150.01604491002513,5.32147349452291,2.5703957453298227,4687.029455760926,2.724060396620109,71.52745865164077,0.0,0.0,nan,nan,5875.62,1.0,15.473706908126772,-999.0,,6.061460232495404,2.2596328454467187,2.248861314462911
8d36m51pt21s2d25m03pt878s,8.614225,2.417743888888889,0.46827201318858225,20.35897825035465,0,0,0,nan,nan,8.110847119736727,0.00011332274432455117,9.429630899027377,0.5162227982269025,66.07296857034565,17.11340299965067,0.388,macs0034p02a,5541.1760214844635,163.71886521921783,100.41473273535905,8.103624434477533,5006.8514751581515,2.0947134205678237,50.20077200316949,2297.5508074626136,118.46916892926825,40.68531180609359,5.82076937870427,4958.874766139536,2.644932537762268,65.48211604727923,5113.370344928466,249.95535661148904,49.29042339481931,12.137658758926005,3725.9821307275015,1.6457921524591517,50.893140294654145,4165.790285668812,204.290503633891,40.22617665677023,9.920205169483166,3728.476008085599,1.6457921524591517,50.85506072486475,0.0,0.0,nan,nan,6562.8,1.0,13.853480493619768,1815.3295333447238,90.80223396016657,31.33387869902649,4.495771546682375,4861.057704205795,2.015577849797582,49.49909753010755,1490.6445630394282,134.43558094145305,37.34255761123387,11.928110959536838,4340.362241725584,2.355240176663915,65.95996376729356,409.1927886117925,83.94978987182112,3.8197940223372577,3.1370450953401416,4098.299374940549,1.221109440507808,31.055350367568664,0.0,0.0,nan,nan,3970.419561973967,4.525534033756149,143.3755497117112,0.0,0.0,nan,nan,3884.7057844493324,4.671591272500044,151.2001037137842,0.0,73.33433215151703,nan,nan,3835.4,1.0,23.704860453545347,185.2161595637225,431235916823267.4,3.4069836699673304,27794867278604.402,4363.438979705113,0.4999617834394905,nan,1649.9456529802692,140.06204558127632,10.909836111186905,4.241798536394822,3869.065690184673,1.9950929941172724,61.479406611899684,0.0,0.0,nan,nan,6583.45,1.0,13.810026928666252,0.0,0.0,nan,nan,6548.05,1.0,13.88468655302385,0.0,0.0,nan,nan,6716.44,1.0,13.536579167464883,0.0,0.0,nan,nan,6730.82,1.0,13.507659064352907,0.0,0.0,nan,nan,3424.0760550318414,9.99923566878981,370.65991701749095,1733.3038726623347,258.9197355514964,73.17981849749114,53.75026647537728,3761.0735050412204,3.6965651569090263,122.89769952021996,0.0,41.93758506952146,nan,nan,4685.68,1.0,19.403292965701418,1605.7285483618236,249.24399887734847,59.23157651304032,19.98859663310394,5875.675737458193,5.964670051102652,128.34654561118646,-999.0,,1.2392529592868071,-0.23661275129820122,-0.12921869373696468
8d37m02pt79s2d24m57pt689s,8.617441666666666,2.416024722222222,0.5133239354527537,32.79382826391661,0,0,0,nan,nan,8.051433034430685,0.0004203144915475621,9.112179963945026,1.3378378780731497,61.99405616008852,17.058873682370326,0.388,macs0034p02a,1541.963881795768,120.57895177767945,42.509579839616784,9.079638897319152,5006.855949001754,1.7767891775607323,41.524950877943084,925.406215031065,151.670969813765,27.32073769038674,12.423089074750164,4959.120798349875,2.7468746301393807,68.19226535229429,2259.776803983088,167.869783320628,30.613912506389713,11.455549951244247,3726.0712869552017,1.6478537011129457,50.97095874963201,3601.9147874692085,227.10953527382185,48.880814424757965,15.498111537822176,3728.550975929567,1.6478537011129457,50.93282095405286,0.0,0.0,nan,nan,6562.8,1.0,13.853480493619768,914.0580762490939,128.82975303101705,79.9118946797806,32.307271569366534,4861.074499828068,2.157884017243669,53.455409765769794,1262.5865122691519,100.82925810379706,60.46592505935492,17.101709425779223,4340.480478303053,1.9134687568386632,52.23362615995443,1665.133247049036,398.94171999303387,109.35038541107447,104.56579633431744,4103.7189317425355,9.99923566878981,309.59640827210086,539.5711984052539,1853744.856918978,10.470765172301405,154934.62119100642,3969.4973075559824,0.5073840033986926,nan,0.0,0.0,nan,nan,3891.655412947613,3.399618441104482,108.90335204608763,0.0,0.0,nan,nan,3833.3054374479743,0.4999617834394905,nan,0.0,0.0,nan,nan,4359.49427727905,0.4999617834394905,nan,2927.2597415159094,242.9271795116654,38.469732367235416,14.619041297515063,3869.415198406447,6.300240645908392,206.040285110113,0.0,0.0,nan,nan,6583.45,1.0,13.810026928666252,0.0,0.0,nan,nan,6548.05,1.0,13.88468655302385,0.0,0.0,nan,nan,6716.44,1.0,13.536579167464883,0.0,0.0,nan,nan,6730.82,1.0,13.507659064352907,220.208572100062,246.67297885268763,21.498098188712557,153.71009588931554,3422.853169688949,0.4999617834394905,nan,816.9140446463689,156.04608791365393,34.97828599583189,32.854597915377894,3760.9983176026954,2.0844329305958347,66.47823420269353,0.0,0.0,nan,nan,4685.706658904095,2.4142393022309463,62.777218251867595,0.0,0.0,nan,nan,5873.778675431451,1.8964233866123932,38.18910509204501,-999.0,,0.749335221842708,-0.05650965691912129,-0.2159973028388553
8d37m13pt41s2d25m30pt884s,8.620391666666665,2.425245555555555,0.39561214458853233,36.39443914911723,0,1,0,7.915398718590004,0.15379801427576106,7.988008625778515,0.0003800408461311143,8.562105512978645,0.8031212230605177,60.07810661546875,10.95038192271233,0.388,macs0034p02a,1415.5210437569717,82.13013990324559,41.01176822019062,6.499429771102785,5006.883974494021,1.54868094351428,35.12654301527366,0.0,48.17456133589411,nan,nan,4958.91,1.0,18.334194769319836,3652.8544259527935,376.19975256662883,18.46110042225839,9.579532216199832,3725.707291768331,2.5449813247864985,83.60239513121562,3788.4352100143437,378.2476497291512,19.19041097366979,9.631679770019321,3729.003462568279,2.5449813247864985,83.53984164716003,2988.9352724417886,128.19188372691573,176.05186509816835,14.462102903665128,6563.048706288826,2.068829431578433,37.765616449241875,1034.4197074304611,73.54348678651517,131.91529033359632,26.89469853852839,4861.881926076143,1.6468443174822915,39.03815685275677,0.0,48.70603564508346,nan,nan,4340.46,1.0,20.94654063936261,2321.50418197747,194.86159005039983,74.56512857936718,25.00540491569733,4101.88614257081,3.565357341058034,108.50831407516573,169.52493380659632,0.0,2.7966581185162904,0.0,3969.6469869284715,0.4999617834394905,nan,1711.2886890396753,186.32133111590295,14.7361436564952,7.2829878959786685,3883.295320880861,2.1962499850497563,68.14569690322566,0.0,0.0,nan,nan,3835.449398399341,2.974107093371454,95.94750301648367,413.70316103046997,186.0864345230569,9.401818553309973,14.8236520347966,4362.647996157546,4.161305930402553,119.68875035045289,471.0506436661085,4628.054746464043,2.723685038623867,122.62197261396756,3868.3402807311254,0.4999617834394905,nan,607.7614159253379,261.36509688996466,13.375887155627879,10.981384673881337,6583.739812621279,1.420678114931544,23.906581642724888,55.84812275763284,18618.39717951809,1.2997517586351168,831.9364867468837,6547.940149150904,0.4999617834394905,nan,0.0,0.0,nan,nan,6726.44,9.99923566878981,189.07053077254085,0.0,0.0,nan,nan,6730.82,1.0,13.507659064352907,1651.4578848569483,210.6294168948242,7.969264405535188,6.4654762142395645,3426.7788094620473,1.5745601514913035,52.41060537347307,0.0,0.0,nan,nan,3760.028540168152,0.4999617834394905,nan,0.0,0.0,nan,nan,4684.248800378315,4.076698681996302,109.11901333507791,300.47516776593693,95.72462480852607,106.26984793213806,73.66264470261076,5871.937869922969,2.0968053785863194,42.826082656078086,-999.0,,0.452857742564781,0.0020549919459947395,0.1330284556782313
8d37m21pt135s2d25m43pt101s,8.622537499999998,2.4286391666666667,0.65112542998946,48.344193776340745,0,0,0,9.464462823873715,0.022348097769335266,8.185532380163787,0.0006078000208253642,nan,nan,56.224815490537296,13.028673185105092,0.388,macs0034p02a,4447.016963296021,110.941463383716,239.4356916678104,16.315552568647707,5006.832202698838,1.7089029726178135,39.639997673095365,1430.843006713133,92.12557555025566,111.38464317885011,19.898724524025596,4958.811062720436,1.9759597423499904,47.438945476762285,910.0162883239361,202.5623782523701,6.752623086294354,7.565667839596845,3727.142794392498,1.6997384873546624,52.92267599882473,2022.171150918718,401.37806544415577,15.025203771306145,14.991397452231066,3729.0542019215195,1.6997384873546624,52.88307787769345,0.0,0.0,nan,nan,6562.8,1.0,13.853480493619768,0.0,82.98822865852668,nan,nan,4861.33,1.0,18.702211490174054,882.296859530816,131.88754768022312,425.2974017431796,225.30542303638617,4339.074884372994,4.712280708779452,136.68253726668146,481.3551509742089,373311.04439289286,5.565993876781938,17237.023681578095,4102.847909369239,0.4999617834394905,nan,296.2907381428645,162.9856504746514,6.923918887351384,16.39952846528825,3969.9668716956794,0.4999617834394905,nan,0.0,0.0,nan,nan,3889.202195620113,3.7463177068495033,120.47756425721678,0.0,0.0,nan,nan,3834.026835388957,6.6579039334603705,219.77390240337417,366.55742282710247,72.86722995322314,11.123941210478362,7.750918155299751,4362.713893588344,2.0110771857441354,55.01003664311837,2236.2652140445875,120.7260382345052,133.83466317040694,33.06189380396158,3870.519132306241,3.568960584115003,115.16371758134333,0.0,0.0,nan,nan,6583.45,1.0,13.810026928666252,0.0,0.0,nan,nan,6548.05,1.0,13.88468655302385,0.0,0.0,nan,nan,6716.44,1.0,13.536579167464883,0.0,0.0,nan,nan,6730.82,1.0,13.507659064352907,0.0,0.0,nan,nan,3424.893764661441,1.2100197923211657,36.67651557314097,0.0,0.0,nan,nan,3760.189924448576,4.341008007398862,145.05898845406668,162.04729766965937,97.44711613465475,47.00823150000482,86.55075674557939,4683.106793292393,0.4999617834394905,nan,0.0,0.0,nan,nan,5875.62,1.0,15.473706908126772,-999.0,,0.8576071665883748,0.06200743273877839,0.07782121419923434
8d43m56pt64s2d33m30pt474s,8.732399999999998,2.558465,0.39107707377800605,37.352151203994595,0,1,0,8.662506361000961,0.0,8.0595930178357,2.7209203154463483e-05,9.35973682822452,0.11192725780811309,70.46981692727272,11.939177218524469,0.39,macs0034p02b,29789.939079416767,210.0585938642323,29.950911846606648,0.5768594725867944,5006.822601329174,2.6474894213346873,64.92267803309763,10644.010969904866,124.60483008154372,10.52895357753802,0.341984615221683,4958.94934900557,2.6536656504687928,65.7145826933136,34569.14210719853,391.02807342776515,17.54235723269105,0.9995249669997465,3726.0836911111455,2.459778190998629,80.57009873099251,53281.077203411754,574.2963751003629,27.08870896603007,1.467985560060572,3728.775557527248,2.459778190998629,80.50981408988368,32143.273024611044,460.7550445218898,62.47467825027269,1.715332974128742,6562.794401037857,3.3884196055175755,64.31319236449227,13705.959015117585,143.77911250208422,13.423358871633077,0.4038747298809719,4861.386987206154,2.9112256242842562,74.0034073852282,6250.816944504029,195.41912383908587,4.474028885304381,0.49546373487561174,4340.090704100749,2.421779223133348,68.00127332838485,748.3307038142864,423.7169647582427,0.44057026459210696,0.9968137737638838,4101.567625282418,0.4999617834394905,nan,0.0,0.0,nan,nan,3967.900897084337,0.4999617834394905,nan,353.7900520152175,278.5725441719716,0.16244522000170364,0.5787856615576321,3888.327271597613,0.4999617834394905,nan,344.3958414090241,669.2050791494979,0.15199583650218262,1.3817087385278428,3835.976009126739,0.4999617834394905,nan,1060.0060549198738,8141729.5050859675,0.6885601570676334,18541.663977608867,4362.244994312161,0.5970295384868471,nan,5104.227041290465,271.0183651480533,2.4168046279283746,0.5878909616635359,3868.682052800311,2.5088482342102174,79.28078948894904,303.88701983380327,3304.5233705576047,0.2731229379180675,5.670246023209105,6583.346576749624,0.4999617834394905,nan,0.0,0.0,nan,nan,6547.617364604474,9.99923566878981,193.93267853817915,5998.694021573128,423.8744552041375,15.959785759838006,2.1094177165856296,6716.22891568597,3.207069051627812,59.324287480546374,0.0,0.0,nan,nan,6720.82,0.4999617834394905,nan,2231.115864991813,16416406.87080745,0.9023215228618797,42262.07136498364,3425.9771939290345,0.5595578868149209,nan,393.81705197503015,548.087137267133,0.21734035612386682,1.4891568669141189,3759.230226957321,0.4999617834394905,nan,0.0,0.0,nan,nan,4684.3060861951,4.133272753816168,110.67898266927665,1118.6305285161025,115.02645610336579,2.017942101044288,0.4511443360087374,5875.466852971589,2.2058834837897483,45.325652179474126,-999.0,10.775216799931167,,0.9624046543321616,3.4428528195038743
8d44m15pt375s2d33m55pt31s,8.737604166666666,2.5653638888888888,0.6041580378527738,41.54101242666326,0,0,0,8.460542370167689,0.007730041806312246,8.071977857737462,0.0026289953623465307,7.400889331005735,0.4267618077226267,52.66283879817293,12.03993137786913,0.39,macs0034p02b,7511.623444523434,158.5935289158508,12.475959460695302,0.7194690422968796,5006.841401497033,1.9746773203761443,46.94994552166296,3153.8154560393737,182.3842440492802,5.705203503385711,0.9153968995626717,4958.980884781187,2.101827403525981,50.87972023912121,5273.101928243604,242.8232287907278,8.949875057634758,2.0762370425599492,3725.920422924573,2.083574136983588,67.05315938131083,6886.22541467312,287.9142062964409,11.710423640474607,2.461783179347724,3728.6932181911984,2.083574136983588,67.00298846539806,0.0,0.0,nan,nan,6562.8,1.0,13.853480493619768,3084.0572291570516,167.24192750564433,5.1611297482315,0.8027410906030622,4861.328449251941,2.071152807265518,51.04827151420078,1040.8220971136238,101.10003316582306,1.523288758059378,0.5240918642637488,4340.249821555976,1.2927898685903645,31.879269425389573,339.78353144146297,8043599273947423.0,0.40521215933218474,38356850475320.625,4100.315511654732,0.4999617834394905,nan,1522.0562147826267,294.9397550998182,1.924482507671329,1.6032954884710986,3972.501173925261,5.537674726225864,176.1543672491296,0.0,0.0,nan,nan,3889.102089885659,5.421197670315194,175.97972296554897,875.9435443682979,819684.0527528472,1.0583147638948252,4633.507216772497,3835.8297473611283,0.5313026876378262,nan,373.9534424009445,75.27643909633981,0.5184057104931543,0.3657902263058837,4362.631491387149,0.9185872559501707,17.355508409583276,2765.500558539972,118.84285086734664,3.052087406366963,0.6010399774752587,3868.243770304359,1.9020422214728665,58.19817195813881,0.0,0.0,nan,nan,6583.45,1.0,13.810026928666252,0.0,0.0,nan,nan,6548.05,1.0,13.88468655302385,0.0,0.0,nan,nan,6716.44,1.0,13.536579167464883,0.0,0.0,nan,nan,6730.82,1.0,13.507659064352907,1575.8808481817002,179.66193876246365,2.287141684744245,1.6610609378499295,3425.1136531922775,2.049509507358122,71.57991979255979,1193.3436106283978,243.25146026424892,1.5225786939169017,1.5275238270196208,3759.657578337885,4.634206847917843,155.10959192616014,539.2199924717479,3210956.5138726914,0.7962356301217378,14501.635350455444,4685.879154916622,0.5030952903829221,nan,0.0,0.0,nan,nan,5875.62,1.0,15.473706908126772,-999.0,7.646729870496147,,3.2422429318771453,2.4959213131347395
8d44m20pt61s2d33m16pt81s,8.739058333333332,2.5546694444444444,0.5311861066060171,10.87701421513342,0,0,0,nan,nan,8.097886760634832,9.08154453776829e-05,10.938959362668982,0.46678568448713575,61.868799016325525,10.588133209054503,0.39,macs0034p02b,10231.590720711263,188.4951415355122,202.18549159205273,10.174016451314666,5006.848932308498,2.9149014967073956,71.94899099799449,4827.43283098781,216.8872559017118,192.6159064851112,24.009921028772247,4959.0258392401265,2.9947016546747838,74.75315973931914,7999.542266179528,328.0673944968538,175.80188184777657,36.32684364375987,3725.6887213263226,2.7404306079983525,90.52821304433303,12751.485077986537,487.9886812471042,280.83862307698763,54.0348989901163,3728.7817348772874,2.7404306079983525,90.46047748337978,0.0,0.0,nan,nan,6562.8,1.0,13.853480493619768,3273.6250047763124,126.230778438145,77.68949494086341,8.591902919751274,4861.442268510213,2.401601493033631,60.16304422754866,2109.888090283938,135.26612584718663,364.1091673678227,82.685118984708,4340.17264560422,2.8306009668695427,80.44565616530905,0.0,0.0,nan,nan,4100.998642616511,4.796682823906684,147.286322616214,0.0,0.0,nan,nan,3970.7693336334796,0.4999617834394905,nan,1605.0857339577358,141.98661319524717,18.695987918447774,7.483663992259031,3888.332567725702,1.420128647565247,40.44869240575179,1036.681326542725,146.51819426097035,14.524330028590544,9.606755101594738,3835.4397466297764,1.88648647216024,58.14854016425732,0.0,0.0,nan,nan,4362.272930431759,2.4977706320190802,69.95965491581276,1311.8245302524624,147.7610760432862,8.89320670177334,4.586814898950639,3869.4746653712596,1.3251085497983193,37.02492484239605,0.0,0.0,nan,nan,6583.45,1.0,13.810026928666252,0.0,0.0,nan,nan,6548.05,1.0,13.88468655302385,0.0,0.0,nan,nan,6716.44,1.0,13.536579167464883,0.0,0.0,nan,nan,6730.82,1.0,13.507659064352907,0.0,0.0,nan,nan,3422.366849716411,2.617135741335599,93.70951153074155,0.0,0.0,nan,nan,3760.4366999478284,4.833954908173387,161.94808226907165,0.0,0.0,nan,nan,4685.152793485872,5.704751923547841,153.827076733579,367.07215494462326,67534.20206206106,28.4126930517519,11366.422191805446,5874.998241562348,0.6419319326976791,nan,-999.0,0.5014021833662419,,0.028627015991120275,-0.21214193061659645
8d44m21pt975s2d33m47pt915s,8.7394375,2.563309722222222,0.3104460781302154,32.32554445796824,0,0,0,nan,nan,8.093521381066365,0.00033608201652898264,12.953119446993204,1.2830081452108433,56.92142869588683,8.070654235756157,0.39,macs0034p02b,7757.862391960819,153.68349301258155,39.680897456002576,2.1470980524954704,5006.8503919648265,2.332012578080294,56.562229006268566,2871.36651876639,169.59383687550522,12.861790755019767,2.1077595946965277,4958.904821887502,2.833657685375805,70.49387154375746,12323.177765996094,1290.3802320549075,52.41619729001031,27.614019012010093,3727.7894772589516,3.2901316388365,109.84269048484191,3303.9803829925822,1414.0637854569857,14.079185201997904,30.26083574887144,3730.422750172707,3.2901316388365,109.76050333007105,6543.124582911191,185.36244552388334,47.92312480842456,2.6005373747326734,6562.548854424169,2.5466466364286684,47.498863730173134,2027.031956831893,134.75129838226732,8.579127906879501,1.6358226180050746,4861.244507867272,1.7992623800178773,43.40747107201619,1870.5309102850135,98.26798424190963,7.967489820994752,1.4823195995749372,4340.628830633846,1.1224466135841111,25.73597017966266,561.6697269402185,173.07364443974677,1.6931204088132032,2.0823846059226483,4103.658253297838,1.766046841389837,50.32510786263826,0.0,0.0,nan,nan,3968.925492719945,4.758528024585594,150.93354324853277,2070.5844804076737,258.51524440147324,5.87138697847256,3.305352818865048,3893.9896380799905,2.5346562683326512,79.74615609989469,0.0,0.0,nan,nan,3835.1426617450406,3.0040473643758636,96.96975136215687,0.0,0.0,nan,nan,4360.425524584065,0.9657865493808274,19.41480522327511,0.0,104.34669326986025,nan,nan,3868.75,1.0,23.500516131444996,166.5676366861877,inf,0.6448885189159863,inf,6579.90162945623,0.4999617834394905,nan,0.0,0.0,nan,nan,6547.766251044358,0.4999617834394905,nan,1354.6650767290032,239.33832023515717,12.051040767056207,3.9824654757219116,6716.349140349255,2.6242113137825176,47.93961402001593,865.6362934141223,274.04864918773194,7.98954488857342,4.721280639264281,6730.216786547907,2.608508949961996,47.52895434383869,0.0,0.0,nan,nan,3426.0,1.0,26.53754284399528,0.0,0.0,nan,nan,3760.405257753924,2.029811221051272,64.5113956979694,0.0,0.0,nan,nan,4686.637537042806,2.9513292274415073,77.89962275363786,771.3953446252543,152.08839369889324,7.353525606034702,3.152656038656368,5874.7508643565225,2.267940476110423,46.741393679432576,-999.0,1.7336815301066104,,0.08201765419650066,0.13328521047043565
8d44m25pt035s2d33m44pt62s,8.740287499999999,2.562394444444444,0.37355977496233694,28.343646299658015,0,1,0,nan,nan,8.074287698399258,5.925049289268055e-05,8.612286102516789,0.1910885663745023,51.83286900467883,6.826887390048942,0.39,macs0034p02b,13881.911400033048,153.36423899711124,72.28887686300774,2.181389182222183,5006.838982310888,2.460530101725082,59.97924003947265,4869.592758319762,153.8871966317354,27.526041774987302,2.413269536632426,4959.224396751195,2.673715978111109,66.24808671266534,12580.129695645797,358.94777569219355,25.303873922302337,3.6372293515802037,3725.9150682775958,2.1398604196562503,69.09161205297958,21638.69374908154,536.3185039372129,43.61047004367103,5.43453264351413,3728.74486276149,2.1398604196562503,69.03991591381818,15194.589079324307,280.8694106373131,229.62364195050648,8.13006234911636,6562.832158374289,2.989944226638656,56.38922981384371,6150.553636113006,111.2294232614912,32.51711447954977,1.686671320031038,4861.2954318306365,2.2525682265133264,56.07034053369748,2361.6854627612925,233.5192522449623,6.764732859449182,2.368703898278044,4340.69602296394,2.846920304224379,80.93957086768208,701.9337769922349,36311.254000654975,1.5114429817603412,312.3552341476298,4102.010818272004,0.7073438155436069,3.155417968369637,2348.39894754655,165.89837794631154,6.296350337892003,1.9162250328300243,3969.03664676933,2.237712463992259,68.1562882403305,769.8225567088562,170.41524494973336,1.4571155367581783,1.4592970233386906,3888.6449771901325,1.6806142777577675,50.01634575804484,2151.0837586145485,197.87658166625812,5.095040723605376,2.193513316661206,3835.364365888128,1.1885055020991384,31.88204511718217,0.0,0.0,nan,nan,4363.381328018361,5.0797537220141855,146.80348814033016,2909.9720175350685,203.1923625096413,7.0143997816834185,2.2428163889116197,3869.41607435012,1.9471369836455628,59.79124540973692,191.42962143855945,3039.9754783659837,0.5325455454547586,16.14498713631945,6583.740338848338,0.4999617834394905,nan,0.0,0.0,nan,nan,6545.501460044159,0.4999617834394905,nan,2005.3177949604276,203.73930470628198,28.038199283501992,5.328252112528709,6716.412410971769,2.4112297798085365,43.73650221245163,1830.9148237885506,247.6047573313836,33.980265571632685,8.576165585815508,6731.296927303057,2.6164410627001273,47.68468061239134,0.0,0.0,nan,nan,3426.0,1.0,26.53754284399528,2738.602724444579,246.06578720543433,5.254479880501712,2.3201531577056405,3761.864425384194,2.0395585610922886,64.86288780982646,697.6962655124371,113.54517324311698,2.5901330577273134,1.2895420461667133,4685.254501630729,1.3687313006370283,31.9571632621148,719.4499180027574,141.6763421715823,5.05927716170158,2.1659199232414763,5875.884304647067,2.684253424759957,56.14864578932245,-999.0,1.6553063265312453,,0.13278281125377384,-0.06474233036840643
8d44m28pt575s2d33m16pt087s,8.741270833333333,2.554468611111111,0.29725386430024825,3.0558981771280123,0,0,0,8.26550396247393,0.02750088508341972,8.038661372072879,0.0001231013222537148,10.522358508318826,0.5054807686397675,106.92639325314383,22.692770772611038,0.39,macs0034p02b,8118.763946977023,171.50900850443725,8.95785379912403,0.5168803454355678,5006.823416193959,2.488994589964449,60.73383015298173,2764.677502238458,125.86477280123691,2.904038972157494,0.36680121934906745,4959.11046353059,2.0987670517572274,50.796387300464886,14532.640621389979,820.1011132546557,16.87177356810333,4.7952517502882515,3726.27668869655,2.6539619451948355,87.46891665502983,15855.578755265678,977.9452561637157,18.44212611602309,5.718189654315199,3728.9580946384353,2.6539619451948355,87.4034701391166,11184.088701882583,286.937118481647,17.09754752102192,0.8401921117985757,6562.877526797267,3.030179448208103,57.191746061372385,3922.2823279821114,142.76424229860538,4.607333014824688,0.4809837805858333,4861.379566884447,1.933078174636902,47.18837888826393,411.5855039968288,395443102920.4521,0.4470277296125945,1520878040.7336047,4340.811389520074,0.4999617834394905,nan,0.0,117.30583937115972,nan,nan,4101.73,1.0,22.16567686891332,0.0,0.0,nan,nan,3969.14901590376,9.99923566878981,319.8627926142355,0.0,0.0,nan,nan,3888.105809457017,5.068656528316599,164.33483257148544,534.1786478250673,539.935393143396,0.5131201407743905,2.429319574672148,3834.1039594490594,0.4999617834394905,nan,643.7234204956185,500.4328428590037,0.7109660149280227,1.9327299955831552,4367.837619615551,8.944988160681262,260.1972669804678,3250.9137149560333,385.5367303657133,2.9639005708534074,1.6094346520127147,3869.544249599212,3.5538451954124914,114.65641511201376,434.3421199330717,1148.9097821632479,0.5039996746525469,2.5451682112683325,6583.562009411822,0.4999617834394905,nan,393.0900484584559,8513.79280952066,0.44978909479984197,18.702999529745533,6548.295252561036,0.4999617834394905,nan,2492.0168430304097,230.23292572851688,4.000617220163651,0.6912855913608974,6716.857161567288,2.6969882850777136,49.369487930312545,1548.7678784366192,306.140161886631,2.343527127564704,0.8645723133097999,6730.960302495785,2.823076792998293,51.72957481478871,0.0,0.0,nan,nan,3426.0,1.0,26.53754284399528,0.0,0.0,nan,nan,3762.10096594549,8.38650078076982,282.96831318674316,0.0,0.0,nan,nan,4684.726564654876,9.99923566878981,271.0131455203778,1810.321283431331,371.7310462270586,2.449261682701079,1.0933482427302659,5875.960161220381,3.6665456952529065,77.98369416917008,-999.0,8.567679623865727,,1.8142159308791443,-999.0
8d44m37pt425s2d34m05pt035s,8.743729166666665,2.5680652777777775,0.7142771362339659,48.3810283581482,0,0,0,7.620093029240324,0.0066554506657707,7.685288113425431,0.010316776145112285,5.632706386155335,1.3589772999294054,124.06727219464234,25.709844423353008,0.39,macs0034p02b,20868.770465070553,405.77357040110064,8.093333421069367,0.4298509601897257,5006.719743572543,7.598170089913903,192.37887524746085,9815.968884530957,1017.7142201680774,3.803142967618671,1.0942809143133838,4958.242624483783,9.99923566878981,256.08064588829484,15958.130117375264,11465.392037271562,6.0550160183602975,21.912040646775615,3726.168525600346,5.478232551570284,185.6446331382006,28967.869451538852,14012.418430350901,11.00937234609863,26.77978050880009,3728.519625638099,5.478232551570284,185.50572900057648,0.0,0.0,nan,nan,6562.8,1.0,13.853480493619768,13423.518595671832,345.00510283331806,5.382794276793477,0.39683722621332357,4861.081077579257,5.636649745094513,146.47175476749229,2619.1545716832425,177.54747994245423,0.8970651865626282,0.2152890609831805,4341.26027221758,3.458021050000646,99.32746476763282,314.82049149424677,129.10936694097194,0.09995136347705755,0.16387992277175545,4100.612149351803,1.9293111088665253,55.80174768059435,0.0,0.0,nan,nan,3969.124241282087,9.99923566878981,319.8627926142355,0.0,0.0,nan,nan,3890.2363249081995,3.7906380987556565,121.95410988205575,0.0,0.0,nan,nan,3835.2743635886836,0.4999617834394905,nan,3370.490330690467,585.5358932547164,1.138062439549822,0.6910673624605503,4368.746025388461,9.99923566878981,291.0428046557292,11805.199398761642,401.67079471971255,3.809698473747052,0.5941773461791395,3867.8023625490646,9.99923566878981,328.2406140748108,0.0,0.0,nan,nan,6583.45,1.0,13.810026928666252,0.0,0.0,nan,nan,6548.05,1.0,13.88468655302385,0.0,0.0,nan,nan,6716.44,1.0,13.536579167464883,0.0,0.0,nan,nan,6730.82,1.0,13.507659064352907,4314.5238909957025,1833.662879953655,1.3911318525243497,3.7699898300712604,3423.9885386300502,9.99923566878981,370.65991701749095,915.4355266075285,157.19162579676194,0.32387340488704824,0.27355997870655757,3760.4765741364354,1.2851628902358216,36.493170499248514,523.6819706163603,149.12825943994682,0.18516220467181874,0.16130276157780318,4685.338523870787,2.1749623801991746,55.94958993305464,0.0,0.0,nan,nan,5875.62,1.0,15.473706908126772,-999.0,20.866105071726675,,15.015065855521259,10.805859810855816
8d44m37pt995s2d33m12pt952s,8.7438875,2.5535977777777776,0.26745285165432997,7.676516291455468,0,0,0,nan,nan,nan,nan,2.9511353196256964,0.24743305447030378,63.45756076235151,13.244242593141045,0.39,macs0034p02b,4855.515374706188,163.40972340738952,31.698743183235848,2.913858417925721,5006.860366762681,2.219431746309998,53.55364395747803,1030.0376942707926,158.14496604294857,5.139683053585714,2.1893999642351263,4958.986046625684,1.9785782787310362,47.51082644973262,0.0,0.0,nan,nan,3726.03,1.0,24.400668213494743,0.0,0.0,nan,nan,3728.82,1.0,24.382410999599827,5851.132003729392,242.51891007143615,126.5533285251736,10.04758060823333,6562.537233424702,2.995339691847463,56.496881480811695,1994.335207144438,148.3983461303916,12.35959220386453,2.638003819212504,4861.114725100455,1.772022699835672,42.63203794257015,2353.2446413515704,190.73739949830255,14.289820313495163,4.102373346171605,4340.302593073859,1.9556041887850257,53.55934670920197,1008.1219855668926,193.65625960888184,4.477912623645555,3.4366235054758327,4101.900800609481,1.335794077392108,35.31189887039881,0.0,0.0,nan,nan,3971.273126074802,0.4999617834394905,nan,0.0,0.0,nan,nan,3889.6355227695663,2.009362518634961,61.65692295903915,95.69837653087787,413.27765654812004,0.3205814486181818,6.483085668326746,3834.4743831569235,0.4999617834394905,nan,0.0,0.0,nan,nan,4363.079698645014,5.604238638635982,162.24039032509236,865.9445657242901,311.56102959210034,2.383996979480384,3.928677454184672,3869.0415139088027,0.4999617834394905,nan,0.0,0.0,nan,nan,6581.624073803244,9.99923566878981,192.88987927331783,0.0,0.0,nan,nan,6549.588285680238,9.427484560124126,182.78743198683802,1061.4771762786374,212.71095671008766,15.373917224310887,5.76246757471167,6716.386023290226,3.4104514864529274,63.26877445957447,337.1617942758565,137.23252878747414,3.555713487407469,2.7019858730887263,6728.797685307508,1.7060061542786649,29.426844078082564,0.0,0.0,nan,nan,3426.0,1.0,26.53754284399528,0.0,0.0,nan,nan,3758.83000728792,0.4999617834394905,nan,0.0,0.0,nan,nan,4685.579569767661,4.965459908399002,133.56444702732466,0.0,43.96487648677738,nan,nan,5875.62,1.0,15.473706908126772,-999.0,3.0446293919901164,,0.46615165658901303,0.44148414724221013
8d44m45pt72s2d34m00pt454s,8.746033333333331,2.5667927777777777,0.6055746871922316,45.707197325033256,0,0,0,nan,nan,7.705818650423529,0.005935845089965989,6.284409833657807,0.8304448143842352,69.75647836209697,18.391048257021502,0.39,macs0034p02b,3794.1365528536458,153.73073680868248,114.96865239270834,12.72372486005522,5006.837307653844,1.846629242372857,43.450385429489344,1272.8324811422724,152.49855259070864,473.9098280294376,157.51705857177282,4959.3273755628825,2.6297100981336747,65.07677147158543,1501.5287337036436,205.0978595756237,9.537009568048337,6.565291297107692,3725.3326159486082,2.062812295941894,66.29951377108893,1739.1973279012636,215.78565404130273,11.07175212916248,6.907413268229121,3728.5940204089716,2.062812295941894,66.24990675240169,0.0,0.0,nan,nan,6562.8,1.0,13.853480493619768,1321.9531054621523,164.57348244780727,34.30234919285448,12.248315905047827,4861.323668727285,2.018429602754935,49.57872957622543,1649.408480356721,154.07954260676877,30.064472108944766,9.946161208197438,4340.570025594174,3.032596016348915,86.54709189207999,2598.1137003590384,290.5293402358746,29.391276000151382,13.112782085068943,4104.415811486447,9.99923566878981,309.59640827210086,466.8441582028979,107.02101204680014,6.6127984363417465,6.5312636527599865,3968.929987153973,1.4745738166885605,41.61809565859755,0.0,0.0,nan,nan,3891.5805745606854,9.771357164623968,319.0479476968738,271.39741445200457,127.06041367870321,16.426472968268275,35.96557696413866,3836.492856807812,1.3245516072707997,37.32509364746987,0.0,0.0,nan,nan,4363.32032466755,4.269500963937169,122.89013019408999,1430.4559831913823,167.60361767188152,26.679580005362865,14.324416916862377,3868.3092157131805,2.440645367144719,76.94083793389784,0.0,0.0,nan,nan,6583.45,1.0,13.810026928666252,0.0,0.0,nan,nan,6548.05,1.0,13.88468655302385,0.0,0.0,nan,nan,6716.44,1.0,13.536579167464883,0.0,0.0,nan,nan,6730.82,1.0,13.507659064352907,0.0,0.0,nan,nan,3422.2960313702406,0.8121864987585584,15.305537844762295,365.9187667879399,121.60253785306817,1.775034961663849,2.9048253493921967,3758.858646410841,0.4999617834394905,nan,0.0,0.0,nan,nan,4685.844597147375,5.588718525348365,150.64993471021612,0.0,0.0,nan,nan,5875.62,1.0,15.473706908126772,-999.0,0.25760714682208985,,0.0464033736566943,-0.21001308962878082
8d51m02pt73s-20d16m09pt18s,8.850758333333333,-20.269216666666665,0.43481407625896185,38.58280006381564,0,0,0,nan,nan,8.025219335435859,0.0002441989864039692,13.298998233663724,1.263615013941616,75.13619985040248,19.548147030284834,0.3524,macs0035m20,3611.308166876189,99.70277434554777,10.210321482829563,0.7699606487339876,5006.841990096691,2.796657086147805,68.84770860788213,1009.5448309994083,110.38607173923661,2.523837242677481,0.7656207361622777,4959.144791860013,2.066953551039766,49.92919519250872,9135.955088747305,838.1534492826836,16.044322398052124,7.409012780357561,3727.128797669415,3.049688062932267,101.41899602041364,5991.559355474019,1055.7563867529027,10.539067532605326,9.332554282382029,3729.42262881401,3.049688062932267,101.34311169269148,0.0,0.0,nan,nan,6562.8,1.0,13.853480493619768,1484.9515050019274,97.51007686367832,3.66786782560133,0.6907972002091994,4861.383331961058,1.6462820023531008,39.02188731862867,648.1319659510825,118.38550201339973,1.0985152126496343,0.7107614565332974,4340.091160333599,1.3971063056270956,35.46393720012861,0.0,150.74455180639615,nan,nan,4101.73,1.0,22.16567686891332,78.68290740652694,4.6927870991190034e+125,0.1143772354687206,2.9370572320927147e+123,3970.0669540844488,0.4999617834394905,nan,0.0,0.0,nan,nan,3889.2973584740034,4.53429138888844,146.65262481860543,0.0,99.72050009032733,nan,nan,3835.4,1.0,23.704860453545347,999.7477972841236,18100368.185697068,1.7603478217912685,111583.41773281894,4365.203140559257,0.5440448882043711,nan,5396.488828999938,597.2168770032087,14.963871165742718,7.595023776182377,3866.94579638812,9.99923566878981,328.2406140748108,0.0,0.0,nan,nan,6583.45,1.0,13.810026928666252,0.0,0.0,nan,nan,6548.05,1.0,13.88468655302385,0.0,0.0,nan,nan,6716.44,1.0,13.536579167464883,0.0,0.0,nan,nan,6730.82,1.0,13.507659064352907,0.0,0.0,nan,nan,3426.7163345712543,2.8907285383777976,104.22242882973974,0.0,0.0,nan,nan,3764.847925603686,6.000079673711948,201.769871144952,2037.7243845757903,371.6008586481658,4.547982735851919,2.5392253518548813,4683.2180479404715,9.99923566878981,271.0131455203778,0.0,110.52666469609828,nan,nan,5875.62,1.0,15.473706908126772,1.8565332591435237,4.255573457595946,6.597354890032862,0.4612876027125658,0.6860065945237614
8d51m41pt55s-20d15m44pt023s,8.861541666666666,-20.262228611111112,0.3255930938784817,9.262275527975818,0,1,0,nan,nan,8.033900952381359,0.003952407022044303,7.40235257336617,0.5417932597365852,76.06657975643456,14.689484628874181,0.3524,macs0035m20,4985.181173438838,104.83196842095127,2374.6920087104045,136.39738149927635,5006.845354786945,2.1313063705392103,51.186920328837644,1640.3842276472622,134.39358606888496,48.33791099681986,10.98844473963463,4958.785349115855,1.9340050310478503,46.28534634826118,3810.5252139098466,318.30755171493723,156.73003947149937,65.89751047123983,3727.1773523423994,3.2270386042864994,107.63540645517301,2954.7035948081398,262.9039557518726,121.90858091059096,54.427600236781934,3731.646951515719,3.2270386042864994,107.55487084765912,3672.7108026157775,139.54412653026415,176.39605509910618,12.837545735963964,6562.738084111787,2.474170740187336,46.03484208728188,1808.99167894062,117.85625929906449,217.60599605217556,40.66711785904478,4861.008643274652,2.0497872676914017,50.453359285807714,1679.710812177911,144.9881873795447,55.59913357028162,16.999903365049484,4340.102881050066,2.2352840300428523,62.265381404692356,0.0,0.0,nan,nan,4102.295941243126,2.4724341813099437,73.59990917649725,247.04708939561374,275.6306716172111,5.474158470596671,26.26928268394835,3971.776525295905,0.4999617834394905,nan,0.0,0.0,nan,nan,3890.026746689355,7.5396831592689155,245.74890052837705,0.0,100.3191678016638,nan,nan,3835.4,1.0,23.704860453545347,0.0,0.0,nan,nan,4366.716000181708,8.099485522696195,235.44326186565,2064.3931736340237,162.2760473561902,87.7730452784134,31.580963128268948,3870.079787905584,1.2974440095293183,35.948289060719674,0.0,0.0,nan,nan,6582.953667580825,7.590129874675801,146.1516789005529,0.0,0.0,nan,nan,6549.247005273916,0.4999617834394905,nan,1294.6440794097557,203.37647640874647,48.29594502932334,14.189690599762192,6716.889650192597,1.9135271566013219,33.756864293672876,120.74110479802458,15900744275647.16,2.1056884289340614,517613654511.99304,6730.159106990046,0.4999617834394905,nan,0.0,0.0,nan,nan,3426.0,1.0,26.53754284399528,2977.7282923265097,178.105935777828,24.848615690142108,7.313864659364591,3759.8833389934316,1.84430001056069,57.773575335576695,0.0,0.0,nan,nan,4683.876035174764,4.140290561530961,110.87244668984597,490.2628691429751,175.51549433792633,19.44975158873519,15.14249430026378,5874.372568143165,2.873149812397534,60.378139222545656,-0.07476662671886741,0.707921551958099,0.39539214938932354,0.21704821853449285,0.5266662733277443
8d52m04pt08s-20d15m21pt437s,8.8678,-20.25595472222222,0.7060587401982059,39.206214364311045,0,0,0,nan,nan,7.947885536255371,0.00012693758534237695,32.540034089338576,2.375694882886972,53.62354766367955,17.476428651706225,0.3524,macs0035m20,5180.146610694476,130.74903556133003,48.6077606466844,3.351117609156632,5006.83348387847,1.9350132302705645,45.86976031714155,1790.5470090498443,110.91580070712874,11.070795530944334,1.9027195272855495,4958.973951735035,1.8504291041526855,43.97575562337526,13788.952926831238,866.8926573139788,3.0674535518088315,0.971466553359007,3725.986589132001,2.2429372605158675,72.80836305128035,43193.040094890384,2143.1096443450087,9.636430837750797,2.401634530061812,3730.1310792301497,2.2429372605158675,72.75388594245959,0.0,0.0,nan,nan,6562.8,1.0,13.853480493619768,1965.354014869315,124.55310164357371,14.088494994578197,2.561021922070004,4861.15059124832,1.7973216504907459,43.35229476806483,3411.695203491645,303.2706689161173,3.053314056022919,0.9621443811086079,4338.492649372735,1.2502314700246566,30.383864712101,316.483616530448,180.73410371866782,0.25669459096243674,0.5860051591300052,4100.808623458859,0.4999617834394905,nan,446.2265506905286,125.37161067093959,0.25348681521536354,0.3064430949667971,3971.124012583158,2.95450739620559,92.04579975123038,1464.7608035646724,220.63067655409674,0.4327416362879846,0.2947806703640515,3889.237431349168,1.8145205661405523,54.801188195172124,493.56793699012854,567.2007740586865,0.12027580953179491,0.6465294355132123,3836.201257430332,0.4999617834394905,nan,0.0,0.0,nan,nan,4365.129789147641,0.4999617834394905,nan,3408.32257924454,201.83516786044305,0.9289573898614022,0.25164624895206505,3871.039564073848,1.2471535174264776,33.96620348350088,0.0,0.0,nan,nan,6583.45,1.0,13.810026928666252,0.0,0.0,nan,nan,6548.05,1.0,13.88468655302385,0.0,0.0,nan,nan,6716.44,1.0,13.536579167464883,0.0,0.0,nan,nan,6730.82,1.0,13.507659064352907,0.0,0.0,nan,nan,3423.932896810675,9.972994681842621,369.68239758479535,0.0,0.0,nan,nan,3758.484177014998,3.210702179907101,106.09626749518581,9932.260507508481,580.7780271643692,8.602042286955273,1.5386961050650951,4685.38602941116,1.0890922333561242,22.66903323402952,0.0,0.0,nan,nan,5875.62,1.0,15.473706908126772,0.8249923348914106,1.6929455677010004,3.3068171258910826,0.16763499247276972,0.22712015131061705
