object_id,ra,dec,z,angdisp,Z_dir,Z_dir_e,Z_j19,Z_j19_e,R23,R23_e,mean_vel_disp,sterr_vel_disp,zcluster,name,oiii5007_flux,oiii5007_flux_err,oiii5007_ew,oiii5007_ew_err,oiii5007_centroid,oiii5007_fwhm,oiii5007_vel_disp,oiii4959_flux,oiii4959_flux_err,oiii4959_ew,oiii4959_ew_err,oiii4959_centroid,oiii4959_fwhm,oiii4959_vel_disp,oii3726_flux,oii3726_flux_err,oii3726_ew,oii3726_ew_err,oii3726_centroid,oii3726_fwhm,oii3726_vel_disp,oii3729_flux,oii3729_flux_err,oii3729_ew,oii3729_ew_err,oii3729_centroid,oii3729_fwhm,oii3729_vel_disp,halpha_flux,halpha_flux_err,halpha_ew,halpha_ew_err,halpha_centroid,halpha_fwhm,halpha_vel_disp,hbeta_flux,hbeta_flux_err,hbeta_ew,hbeta_ew_err,hbeta_centroid,hbeta_fwhm,hbeta_vel_disp,hgamma_flux,hgamma_flux_err,hgamma_ew,hgamma_ew_err,hgamma_centroid,hgamma_fwhm,hgamma_vel_disp,hdelta_flux,hdelta_flux_err,hdelta_ew,hdelta_ew_err,hdelta_centroid,hdelta_fwhm,hdelta_vel_disp,hepsilon_flux,hepsilon_flux_err,hepsilon_ew,hepsilon_ew_err,hepsilon_centroid,hepsilon_fwhm,hepsilon_vel_disp,hzeta_flux,hzeta_flux_err,hzeta_ew,hzeta_ew_err,hzeta_centroid,hzeta_fwhm,hzeta_vel_disp,heta_flux,heta_flux_err,heta_ew,heta_ew_err,heta_centroid,heta_fwhm,heta_vel_disp,oiii4363_flux,oiii4363_flux_err,oiii4363_ew,oiii4363_ew_err,oiii4363_centroid,oiii4363_fwhm,oiii4363_vel_disp,neiii_flux,neiii_flux_err,neiii_ew,neiii_ew_err,neiii_centroid,neiii_fwhm,neiii_vel_disp,nii6583_flux,nii6583_flux_err,nii6583_ew,nii6583_ew_err,nii6583_centroid,nii6583_fwhm,nii6583_vel_disp,nii6548_flux,nii6548_flux_err,nii6548_ew,nii6548_ew_err,nii6548_centroid,nii6548_fwhm,nii6548_vel_disp,sii6716_flux,sii6716_flux_err,sii6716_ew,sii6716_ew_err,sii6716_centroid,sii6716_fwhm,sii6716_vel_disp,sii6731_flux,sii6731_flux_err,sii6731_ew,sii6731_ew_err,sii6731_centroid,sii6731_fwhm,sii6731_vel_disp,heii4686_flux,heii4686_flux_err,heii4686_ew,heii4686_ew_err,heii4686_centroid,heii4686_fwhm,heii4686_vel_disp,hei5876_flux,hei5876_flux_err,hei5876_ew,hei5876_ew_err,hei5876_centroid,hei5876_fwhm,hei5876_vel_disp
28d07m28pt35s-28d53m18pt439s,28.124541666666662,-28.888455277777776,0.3685089804926993,26.18756698942221,nan,nan,8.133519441277883,0.002970077208688108,11.062827619803281,2.277642553607944,717.2840511320709,242.072037707888,0.4127,macs0152m28,4124.469894464831,87.899338157534,35.219154485348156,2.0501406651496796,5006.835951321285,2.000851928624639,47.66104780419961,1185.2825861364677,136.72975380269563,5.898970866095592,1.8880619600846873,4958.900222500991,1.6770166740703585,39.12405443693391,1761.464896696335,1068.6135356727189,29.998235596428906,91.72048342399984,3725.300846892047,5.449503026807009,184.65485291083476,2884.5577145722427,1618.3931634975047,49.243829643832576,138.90878074330303,3728.766711514383,5.449503026807009,184.51668935249157,2409.7560001934326,91.49395579602738,63.31686753934771,4.604669611344828,6562.862095216828,2.366618061539567,43.85526060839941,899.9304186976847,58.14714682619922,4.662283398242799,0.8640358545901632,4861.291255179796,1.6162030419126105,38.149781443959014,600.5554351085995,70.56643893370732,3.3179934957215136,1.3813076414718766,4339.663904696218,2.3957658854377697,67.20386066728452,747.4638775732506,84.47612922023943,3.0707116672825743,1.4202910013225902,4058.2273676000696,1.3324708823848732,35.190735525521816,0.0,32.71336265265871,nan,nan,3970.08,1.0,22.900702702093618,-253.035025563081,136.4450908242689,-3.187394320044474,1.7187514120759795,3891.3185564567484,2.3587505859056854,73.73622723705216,20247.346799826166,1058.4136374261313,1078.0037980085483,267.3501985366362,3814.4822490652386,95.16018000953247,3158.6086438053494,3020.605530593098,265.39134845403953,25.178236779512964,7.855902076485672,4334.72451174346,26.949654962763418,786.0741606426784,0.0,33.63647854922169,nan,nan,3868.75,1.0,23.500516131444996,16479.50444285229,1012.5037075384025,301.7093030996087,35.52997370737657,6558.619944413261,57.64719215197869,1114.6937749271326,-39.018083390832736,nan,-0.7508309701201424,nan,5835.137210987227,195.32893254484173,3797.6486283063655,0.0,22.81231881336289,nan,nan,6716.44,1.0,13.536579167464883,-3288.955661458354,1467.2711758906723,-55.34767665990941,24.69174381620964,6688.981597777423,69.68428151669619,1317.9772563542447,-2919.8685238374173,761.2704335742109,-38.28174003812418,9.98084557536767,4705.743656559349,83.94276600254084,2280.6494035287496,11215.764268676727,1656.1234557803537,195.80669127710226,62.27291876315711,5920.134632324306,84.61260602378556,1833.2828982212877
28d08m00pt3s-28d52m56pt898s,28.133416666666665,-28.882471666666667,0.4354015023467077,15.836703873235557,8.33715504740109,0.013633164730196084,8.051093147442437,7.12269276274501e-05,6.798130660677642,0.09931989570420913,165.345170438167,105.26536578831966,0.4127,macs0152m28,13715.122046288898,254.40887123949216,27.941671986776676,1.4157003577181038,5006.8422950735,2.376472433789942,57.74627677810042,2813.239145795496,366.9786244189458,3.802521995507325,1.3762728506492583,4958.901416435786,1.749775846769201,41.170696578095644,16674.304063285155,136.53989441048452,25.24058553816234,1.0411862970903503,3725.9821394290025,2.2568716468864163,73.30933379552935,23036.66799975226,174.47466509379984,34.93864731293074,1.3304582610776006,3728.7357349488243,2.2568716468864163,73.25448184738237,0.0,91.21732788742612,nan,nan,6562.8,1.0,13.853480493619768,8272.764391015078,96.08038506125034,19.00698806793486,0.6331653897232302,4861.250557910342,2.203902569470531,54.72789534730517,3273.794977342133,128.10598026689777,4.474414562496697,0.6201062854259631,4340.4383015869,1.7180127939097487,46.018571775875984,1672.017249550395,139.3342626220415,2.4327496405000675,0.8101272383121252,4101.474100356636,1.830906895050889,52.51065314402256,776.7383704388541,76.35292581943362,1.1356575921566934,0.4806413273088995,3970.065335769345,1.6986244736235219,49.630191805007925,2602.3531372087477,172.45858393455214,4.5540578511828755,1.3651116325585404,3888.942931010722,2.888961375503348,91.75331772128874,-1760.5493808728338,1089.4177342072617,-10.224330413310987,6.326756291910111,3800.1883730851628,63.09883895609885,2094.3388892025655,563.8083242129668,186.80577646016766,0.9648132828197729,1.1192495070951598,4365.100506544538,3.2559154577352163,92.77983718354668,4089.8436592655326,181.4074749638438,6.343259571228887,1.2893846960717754,3868.1911679092136,8.87659766990234,291.195224279906,0.0,91.21732788742612,nan,nan,6583.45,1.0,13.810026928666252,0.0,nan,nan,nan,6548.05,0.0,nan,0.0,91.21732788742612,nan,nan,6716.44,1.0,13.536579167464883,0.0,91.21732788742612,nan,nan,6730.82,1.0,13.507659064352907,-112.89444555756302,2545983.009751419,-0.6558993301745177,14791.768917277685,4685.302142920172,0.5596876271958433,nan,1522.860511225407,214.79411064218652,9.784478395627657,3.0002481245188677,5875.8832862485715,3.234158651135085,68.41512321244299
28d07m25pt59s-28d53m23pt342s,28.123775,-28.88981722222222,0.5581220294942004,30.45113887447951,nan,nan,8.084343137501465,0.0001185753847284617,8.284624250594687,0.3606826651943159,10571.70888126472,10103.181995291037,0.4127,macs0152m28,4906.425886181013,87.33625090496346,79.77300169785484,3.878549197394955,5006.85874675271,2.6019458255904206,63.72110652340212,1334.3069179908805,238.23686828265673,6.056703835136806,3.000560040236874,4958.803718309222,2.0301155601496212,48.9228731852628,4681.556175716309,131.01084309632134,27.564025405669526,3.884809381937964,3726.3351571041376,2.2426971663159163,72.79972823106945,5396.804761978341,147.15832936745883,31.83428267124022,4.363623995127724,3728.994460709217,2.2426971663159163,72.74525758304549,0.0,45.45340262550775,nan,nan,6562.8,1.0,13.853480493619768,1969.8049360168782,76.49057123437613,19.579070644362748,2.180532816618072,4861.474346585688,2.3970109492163107,60.0373574343959,1040.4614118754002,49.37594099495095,8.701269076501804,1.462390636932627,4340.539405585193,2.2819705220214774,63.70566990739107,470.87994481553505,53.44093642546506,2.5537200578092394,1.1575742608132926,4102.435315210293,2.058819597641117,60.09501693407364,767.5802196492255,72.96933822684178,18.996077741131316,7.77726218802358,3969.585510414729,2.294765711017223,70.07991902798123,-123531146555.95517,2180707755713332.8,-1620736627.8075333,28611026714850.62,17030.445742009208,6030.024211847082,197395.56389385098,52.922054900863664,41948197.18473489,0.2737165165234124,1015458.1076365272,3835.261768343919,0.35078920423503474,nan,-4283.099263556639,1017.3511760065725,-66.10519893251357,15.70176120977771,4391.287084597725,91.95630077149639,2683.0315005156604,2165.0132330917245,104.8207300006048,16.55541351363608,3.6665561513317715,3871.064454738692,5.746701787685068,187.70028172116625,0.0,45.45340262550775,nan,nan,6583.45,1.0,13.810026928666252,0.0,45.45340262550775,nan,nan,6548.05,1.0,13.88468655302385,0.0,45.45340262550775,nan,nan,6716.44,1.0,13.536579167464883,0.0,45.45340262550775,nan,nan,6730.82,1.0,13.507659064352907,-74.69439599757138,7666793.097216678,-3.1317688254164433,321451.47292658815,4686.056087168952,0.46760446909525866,nan,0.0,37.793365840119215,nan,nan,5875.62,1.0,15.473706908126772
28d07m06pt405s-28d53m28pt324s,28.118445833333332,-28.891201111111112,0.6380614410088494,50.12698630822702,nan,nan,8.108935424875682,0.00011060102576963848,15.73974646157564,2.0649675796771447,540.6443355101051,318.7970490278024,0.4127,macs0152m28,8559.87899909655,143.29330736792102,181.97782706842744,8.320730414218172,5006.854281480534,2.935528124222689,72.48916364088525,804.3574841839227,333.4914115688062,1.5356812043105952,1.766560595737784,4958.948452708462,1.6960187462940832,39.660265267997445,4640.619986437576,105.68488688333046,25.902586825144905,2.9711331623571473,3726.2295813863743,2.5449107278925487,83.59988622036269,6677.091624790059,146.28876767421565,37.3425014158118,4.112635417749385,3729.030630614138,2.5449107278925487,83.5373346135394,0.0,52.19793622544882,nan,nan,6562.8,1.0,13.853480493619768,1313.9949963614424,170.45423979429742,7.11778499204144,2.648668775960458,4860.927913248915,1.8866881687017802,45.88262118436621,1531.1053884320518,47.96720833702636,11.647931248704102,1.2922938406246853,4340.629116482257,2.3887985206253637,66.99014701121605,332.20900061011326,42.40533906379128,1.6266267635007152,0.8294411348862455,4102.1099475211495,1.723058688582979,48.868403419856755,-4644.52906159605,700.6016157699713,-57.617499030413846,8.691282233781733,4002.210118219826,67.45600693229903,2163.0221434906216,50384.7690182263,8215.872136215301,1146.9727005996062,871.9494407575941,3841.317993439038,189.55969354811117,6205.279847731461,-91.91610996590595,54.15233031367139,-1.8573111709862329,1.094233949454836,3835.0538090692617,1.017796893957684,24.525227557989496,9061.061634036474,451.3231117753786,107.46536233518181,18.949324327333667,4341.397030112006,62.03192172575596,1809.8577643762405,1182.2283615427787,89.77602711943611,3.795656563006993,1.320315787249465,3868.8805722560132,2.679344231309767,85.10776657231253,0.0,52.19793622544882,nan,nan,6583.45,1.0,13.810026928666252,0.0,52.19793622544882,nan,nan,6548.05,1.0,13.88468655302385,0.0,52.19793622544882,nan,nan,6716.44,1.0,13.536579167464883,0.0,52.19793622544882,nan,nan,6730.82,1.0,13.507659064352907,48.31125393674805,2.4735081294350147e+17,0.6239706610075536,9771088997211102.0,4685.8381982441415,0.24839325350576735,nan,0.0,52.19793622544882,nan,nan,5875.62,1.0,15.473706908126772
STACK,0.0,0.0,0.5000234883356143,nan,nan,nan,8.188819612018822,0.000783861153426563,14.866845737085503,4.1899077301291,881.0887197206207,293.321015822443,0.4127,macs0152m28,4272.582223637376,134.20148635922777,5.608447128551364,0.48116749946420917,5006.839578733408,1.9867263409060936,47.27745371560229,1187.203162663159,169.6263128639901,1.3903564782501125,0.5511514225046025,4959.055013563275,1.4038904501834408,31.242145476384845,1507.3083325479458,449.9448174714037,1.243749886774682,1.868504722841812,3727.3444951678703,2.25063000282855,73.08497455357887,1158.4183877814303,414.9379636502481,0.957484420128098,1.723130292118828,3729.7722384129333,2.25063000282855,73.03029047684562,1943.876976092002,155.31019082380584,4.488534174908812,0.6868906063173085,6562.975544587349,1.9477362990041163,35.25921012667093,546.5525270340793,147.71579455909446,0.5108507802597034,0.39604144384080814,4861.0410161408145,1.0834255408601203,21.655882490570807,-9767.989680206561,9488.488825812225,-32.7887432559353,31.850527506882965,4394.754325372875,113.40208916342155,3326.135994428469,400.99997280480716,202.42969820404338,0.3063341252603442,0.6176301237277206,4102.471338951425,2.0254587186336814,58.99277381909222,1921.8711542345616,273.2939119840699,1.7491553266935231,1.0725317265529135,3967.5265851292684,5.830716153620579,185.62356928274826,-1304.5149246894055,1789.015751324779,-5.061230464239215,6.940986914170118,3880.343054071061,10.667157647151138,348.44155300323024,-977.4697384775692,868.9854778407972,-4.361694490534072,3.877612801554062,3803.353658040197,36.36908958127051,1206.9917098931446,-11362.296105016476,3022.1582218602257,-33.42085095018067,8.88932118535976,4350.863628102916,120.27697483029775,3509.3929888862303,15.052554859709796,nan,0.010893978385404655,nan,3868.850069491784,0.24236000100310207,nan,16698.16039801535,1920.0820533822944,60.247021605551616,13.24411095429525,6574.785217772319,89.85579957661925,1737.5702485880868,-16161.585336090884,7997.885738951718,-53.5278425705668,26.489330089169254,6568.208611780056,155.4103559495203,3021.5274326698077,-83.70982500199122,124810847.66371137,-0.4511007253703783,672588.4794748133,6715.504095163576,0.5154649477158136,nan,83.23569782238162,1260417878824.108,0.2209225109312028,6243853075.238386,6730.799703586396,0.34238947619931154,nan,-5178.951442910102,1963.8033505514595,-15.277255147210633,5.792972800776759,4715.956100438982,79.70900004639074,2165.613580958927,270.3347854953776,118.86149940868157,0.6311470263753051,0.603322407706607,5875.640974930066,1.0777877662379827,17.75714660178356
34d19m21pt9s-52d45m27pt982s,34.32274999999999,-52.75777277777778,0.2900081476727334,39.75504501315917,nan,nan,nan,nan,nan,nan,364.99048409467395,140.23845318718475,0.3432,macs0217m52,3938.778575461771,124.1709699340371,21.272057338970654,1.831711639258494,5006.822866680797,3.610496031448324,90.06299730808178,-9.393903014778017,1.5841122489153068e+18,-0.05695437694076935,9604328041207078.0,4958.637297656504,0.34125655220090917,nan,5285.2436347551975,499.1757309352896,13.976486047529542,6.651774537681027,3725.5409109678344,3.339680615178397,111.57472840552708,10873.206060761344,988.9842243727834,28.816653827503476,13.178725795673552,3728.683995556346,3.339680615178397,111.49124529498503,4535.426061237951,236.58633359282095,28.10228277321446,2.8080939201150503,6562.302570931455,3.532391717658218,67.16505818240452,1614.0577520648874,117.04387256718725,4.639474721794451,0.9648770000422559,4861.555792266803,2.265936264355872,56.43854691081017,-63.86390560899577,6155200053.944928,-0.7345413996029522,70795063.64897323,4336.2393923457585,0.37527427531248003,nan,-1954.5852684919782,1502.529957953296,-20.47260487117427,15.737713075067187,4060.7704339757865,46.42878866578957,1440.9001848930184,1701.9280427814235,246.54943809530187,7.891040396374465,4.92443829624039,3969.144509498029,3.24359186639183,101.56250770453694,0.0,59.94779787337007,nan,nan,3889.06,1.0,23.37778840736009,0.0,50.41879517156368,nan,nan,3835.4,1.0,23.704860453545347,-73.55634735211922,9894179.145032076,-0.5519382635989696,74242.0777217781,4363.081788334052,0.5926347786022949,nan,25710.87623224996,1767.7187623017128,88.59737696085232,27.261221460277238,3906.07735803082,53.586404992611925,1763.233696611566,0.0,67.20599619464977,nan,nan,6583.45,1.0,13.810026928666252,-2497.4402080953787,715.0450588584638,-23.50805566609161,6.730619212793005,6518.953411890153,41.63048676572858,809.2842305830924,1134.8272729831087,199.7266232326347,7.338907765632427,2.4161979581869812,6715.617095916085,6.176853032182203,116.32799814593027,581.1301072161375,106.26203796084806,3.459338299631178,1.1806069975749938,6730.803118492012,2.609560611781263,47.54960307606865,-267.91675502461686,2339392.308900563,-2.598103994929336,22686.09330873336,4685.661816398596,0.6367171550952678,nan,-3070.5074113650617,1013.5653759972454,-31.7096762084073,10.467269927427656,5912.592266858888,65.9251748598479,1428.3547567038645
34d19m22pt71s-52d46m02pt865s,34.32297499999999,-52.7674625,0.3349215989090131,47.179511707927695,nan,nan,8.125306581214536,0.00011204580456216905,8.321632472557459,0.29600740415280996,378.48093786675815,252.47043505805343,0.3432,macs0217m52,10863.150479679862,196.15220893597836,56.08585298370465,2.766158319198654,5006.842873122633,2.3221505100872877,56.29928562277712,2859.395993434939,388.3560998820169,7.769817183091549,2.9280432958472415,4958.816801178602,1.9373163415433767,46.37652886001086,4967.583728490226,218.71801663137916,18.318215475614032,4.062512231340703,3726.1305088267372,1.9971894387885933,63.91077131876517,8719.259669224948,332.47433890879796,32.211341412441335,6.175444936940442,3728.740801964811,1.9971894387885933,63.8629516192411,7783.11135580771,191.90569684870385,83.88594699889062,3.9618168128653846,6562.705598254296,2.614395502618477,48.86431416973875,3293.7515519002895,93.30721087643963,22.644112024669123,1.8398861239054571,4861.306690951995,2.3069214203910846,57.566024102944134,1605.745696729017,92.41580819411429,14.856662464873112,3.028253799948593,4340.489708256271,1.6870928405117345,45.02366835056825,81064.39335754115,9755.745939308652,506.43679065099394,237.2773928784701,4150.227317682982,165.72855903982122,5143.862962785887,0.0,56.790316760564274,nan,nan,3970.08,1.0,22.900702702093618,-133.71877185821802,132.17799087458204,-7.278125952449395,7.194263395919697,3888.793050879386,1.42462370646282,40.61772697523715,-860.1077316453868,408.24534127968025,-11.051425116675208,5.245497339912325,3834.2063761285467,12.136377446952396,402.17752265514304,-244.66213653438228,131.4878447773138,-6.661377639569951,3.5799989384616286,4359.658943971222,2.6822283817890358,75.55012249128481,1959.4995543665254,163.85441201101207,44.9239117921554,17.2086148966321,3868.7952000242826,1.693078937875803,50.72974862384333,4830.4526500730835,1301.3795973602187,173.4571821396589,89.0162353618794,6597.7474364801055,67.47888992074685,1304.8301945932017,8129.046696589253,184.60127135988589,141.98409678860912,6.175964859744612,6562.712992670568,2.7141096012628636,50.983690759585485,1109.967900600884,104.32741959560093,44.08908259632663,7.751182318460642,6716.323313146234,2.704480895468872,49.516535489145326,351.177309349178,123.62405255942974,2.398931024904354,1.5761678397627061,6730.793576802105,1.5894447531296814,26.99103728602258,88.73975590866226,5680419710.645374,0.6327478888683827,123892267.02638166,4685.613222947544,0.40130934934298584,nan,305.572702449755,63.480564139083434,2.888611568725025,1.304713183230341,5875.424159457973,1.142150889844249,19.554968929674793
34d17m58pt905s-52d45m18pt335s,34.29969583333333,-52.755093055555555,0.33888145653085044,48.09804621811701,nan,nan,8.056822046086916,0.002652851772388195,7.3201702362627925,0.5002832851498855,140.42208721345236,84.05949360470686,0.3432,macs0217m52,6024.0841599436,122.03801669049855,88.58218235851928,4.901594099803073,5006.838865581874,2.819819042669823,69.45584968229308,0.0,57.69660831596594,nan,nan,4958.91,1.0,18.334194769319836,4506.133370124305,462.49889794994965,199.70035627367466,103.24928924778531,3726.0335590917794,3.060590553677191,101.80169040493108,6579.530968831025,684.0685906926577,292.20579459726406,152.7130034229712,3729.065902542587,3.060590553677191,101.7255197353279,4245.623777699266,92.47941146710824,40.835585047175876,1.7037543830313686,6562.790831747857,2.841289859618491,53.41857241995891,2337.342977918785,111.59060369093743,26.17450864955156,3.584187855653163,4861.334634027814,2.8502757796135834,72.357908006002,0.0,56.16243564551448,nan,nan,4340.46,1.0,20.94654063936261,359.51841715589546,116.69994036420691,1.3587057289415827,1.7624107447223547,4101.501255509082,1.0864545883841348,25.789393824936532,-125.25249478182826,27066103.94240921,-1.7833338462967225,385364.7732283433,3970.278625799406,0.5542035551106758,nan,304.6273734495957,3490509300527.1475,1.3515080681447007,70053275175.53893,3888.7996183066866,0.3402180759877647,nan,-263.13249591029984,134.29985909496628,-8.86228305949126,4.523209351364628,3833.7853331278993,2.0478162706425573,63.87949994732967,-2282.450851714493,1338.1773031620894,-37.42392305120255,21.94125861890329,4327.10573083829,54.79656818428357,1598.7287477695559,636.4558087397044,157.26235337659134,2.114139274938778,2.3940194240347954,3868.1330105425313,1.7970853990045363,54.46646979822914,0.0,34.66378384305435,nan,nan,6583.45,1.0,13.810026928666252,-592.8783089721553,681.2410673370259,-9.75535574071476,11.209296843020487,6547.200157835444,10.315964861348132,200.10534847677627,486.39051029758855,99.3532624232659,4.466958024297889,1.7065587223746523,6716.8835475046735,1.9367797884982272,34.23000477428547,526.2448393027496,77.48427383620108,7.213671122768327,1.9822943510715791,6731.13427353749,2.596457487945096,47.29228497788632,-68.36011009038981,1355808.8030332578,-2.004862840397745,39763.11162008581,4686.340927925915,0.5951179116409415,nan,169.90349056472039,87.71858046867125,1.2335387957262218,1.3849246783851998,5874.511570793257,2.4669427521603917,51.25551768728095
34d19m12pt345s-52d46m02pt383s,34.320095833333326,-52.76732861111111,0.3393521284276051,38.596280053896706,8.31501139596378,0.15148600400690043,8.080278422431347,0.00015321635435921102,10.057610501724414,0.5482549951721877,2440.850771984876,1492.856673896106,0.3432,macs0217m52,4958.872600394594,105.12869640959691,131.72751910594474,7.627853856574838,5006.834131578579,2.108088837768291,50.561472708695206,1257.0648563935058,207.7549640335694,6.19480795445616,2.8408893067705923,4958.664803931309,1.6171081848676543,37.424860738554656,4146.437866194379,257.93260996128345,166.971366385144,52.32383354431843,3725.9515192833037,2.31796186671552,75.50185926250141,6389.625324162022,355.83113988401954,257.8293751461744,72.18338672249008,3728.8881594993227,2.31796186671552,75.44536680983747,4325.076615109487,186.94774073382214,645.4545894064528,53.43917468938826,6562.74780481152,2.4783610679885664,46.11958564336032,1665.6044340027197,76.14663503070436,14.586924415874458,1.9126883021890846,4861.3704154102525,2.0339754178907468,50.01256073026161,21215.373359412144,1254.9095036922329,653.1941740936725,136.86364866297964,4340.0844489507435,100.34434067491894,2943.130617868806,0.0,47.32290644168478,nan,nan,4101.73,1.0,22.16567686891332,-2188785859.683052,847302182871.5076,-19087019.604949016,7388787397.469034,2129.6056114088733,954.5142978880756,30608.781564520876,17.235725096711715,nan,0.050513211648710345,nan,3889.1176966080666,0.2144941889854583,nan,82622.42347298205,6565.695441170783,266.24159396936057,98.56666239403442,3842.4335344389974,160.80653564462395,5337.672161013749,1082.2514772601387,104.25214568687784,10.619816660863085,3.5836115932522086,4363.993515660008,3.222163506730568,91.77118276429118,-4593.619125228321,999.4670529366324,-74.05413955452437,16.112496617716374,3900.661688290747,49.16458573462235,1617.7100093531885,17149.59903131476,2762.3612398332175,335.07351723351405,103.07195660123394,6581.500142785574,106.9876443541726,2068.8726902037843,-32896.436989675,399333.3627047307,-399.36073769945654,4847.882655736252,6714.715569781603,279.75053500577053,5439.018776856634,530.8699281017721,107.56113086974494,4.741082630834932,1.796743594612695,6716.438331956254,1.7440664880687604,30.27920203082882,634.6018727046619,86.04187441250622,44.044620885519706,11.145827570499723,6730.751018100328,2.1133523577356526,37.71657869399537,-357.80034579540376,154.07538875553746,-8.910056628182792,3.836833739691573,4684.878743435532,6.204492068371105,167.500013218758,-288.25906622290654,139.1441654274532,-6.616418291787499,3.193779864040053,5869.050636273756,5.460131386400047,117.33126041049611
34d19m20pt58s-52d45m42pt851s,34.32238333333333,-52.76190305555556,0.4697201422546915,37.82286135393621,nan,nan,7.933915412276448,0.0033024293178270546,5.930347919711954,0.1163608277865316,298.66073261447565,143.48717153451284,0.3432,macs0217m52,6810.525259522564,126.74357314959066,11.793538050146068,0.5994819322182261,5006.840370416158,2.844133297450097,70.09389282493501,0.0,91.98639093222883,nan,nan,4958.91,1.0,18.334194769319836,10265.405842876526,253.68118238225725,16.20727087555568,2.0175482170126635,3726.0324640793137,2.475001515978619,81.11253307902517,16420.01351242897,373.39913753427686,25.97649964574532,2.969675389762125,3728.913749354286,2.475001515978619,81.05184257444452,0.0,68.27848484521724,nan,nan,6562.8,1.0,13.853480493619768,5648.22588291835,76.0956116432067,11.673552527192083,0.4510654228758302,4861.454097235577,2.674932625378405,67.61087735096127,1667.9946983556251,124.05614148510455,2.047139470781054,0.539180123689564,4340.679576908993,1.9598536457962086,53.6928107887224,0.0,58.02426089651866,nan,nan,4101.73,1.0,22.16567686891332,-6378.01167102757,625.2257034643845,-26.39737122639184,2.587689682288134,3959.4026440296484,63.15555805847533,2025.1100069052306,11940.64881829367,446.1374641954509,15.562947638124013,2.6756298158971523,3861.7660015527713,27.52561217887233,900.7719240457677,-261.73119831616685,191.48369977563615,-1.6555752015695433,1.2112261239501956,3837.6105507370335,4.879157677217528,160.2806191236384,10617.48367111691,737.7899028986267,18.254295175499763,4.440717300205518,4365.338994589551,76.85221461085158,2242.3078324237713,1933.4423839616884,201.11723283699504,2.057974590514903,0.9808837062233708,3868.4168437238345,4.904038929489582,159.72623279802647,0.0,68.27848484521724,nan,nan,6583.45,1.0,13.810026928666252,0.0,68.27848484521724,nan,nan,6548.05,1.0,13.88468655302385,0.0,68.27848484521724,nan,nan,6716.44,1.0,13.536579167464883,0.0,68.27848484521724,nan,nan,6730.82,1.0,13.507659064352907,294.3509976480425,30509414.49953633,0.4783040384405884,151470.03646938052,4688.594505395924,0.4916555649858755,nan,367.72961170526264,72.69537917980306,0.9052909225359594,0.38901016767681146,5876.561526748685,1.2471164817162683,22.36377652962891
34d18m34pt755s-52d46m03pt991s,34.30965416666666,-52.76777527777778,0.640538063326191,28.20496314481577,nan,nan,8.033815023597956,0.0001133758320191161,12.330501554652468,0.8109545607520344,608.0550895967655,318.0286979361879,0.3432,macs0217m52,2724.7397170555732,54.6227101059929,50.748087525909376,2.778782992784373,5006.839778742182,1.8925155715110171,44.708693804378235,526.8894389297161,103.83909926266045,3.566338263441035,1.9500854435671313,4958.963982675294,1.6952043410794007,39.637309569828524,4480.317992246606,140.17881415983516,81.69237022742415,12.875752196613815,3725.980827408218,2.395071112647888,78.26109298514496,5090.143804863003,154.15677998344927,93.00019531818275,14.159661075685786,3728.887762831482,2.395071112647888,78.20253600212392,0.0,44.234763227244905,nan,nan,6562.8,1.0,13.853480493619768,1039.867753656537,65.58302876731862,7.307706884905504,1.3219070763219385,4861.338555158348,1.8304260766618525,44.29205052164853,93.77254540780893,82688.84445141089,0.5470932673292603,1708.6525695712983,4340.393200315795,0.4840009628167299,nan,-137.53261552401054,76.76939698739329,-4.6904516364176745,2.6181654610026186,4108.713768296676,4.127326634841702,126.2487249506768,-2986.9489893452946,522.7941411991237,-47.07344600809669,8.239083381360455,3985.9321754257007,76.53398652218006,2454.1431429345107,773.846844152004,86.00544636396742,134.39682637663157,67.58361591761798,3888.4623276154043,1.5257575601910136,44.37961632846686,-44.85098951082156,1.1973716557801556e+18,-1.5323646369636192,4.090901901233163e+16,3835.595773190058,0.2609495290298954,nan,15296.19263547697,708.9683370884983,754.3221752619436,121.69771191448784,4377.816396858876,104.13947971169235,3038.522489931149,-4558.957071602761,3210.8384800200315,-78.25363514700291,55.11343471438113,3852.507646705802,149.28551174392706,4912.529816598596,0.0,44.234763227244905,nan,nan,6583.45,1.0,13.810026928666252,0.0,44.234763227244905,nan,nan,6548.05,1.0,13.88468655302385,0.0,44.234763227244905,nan,nan,6716.44,1.0,13.536579167464883,0.0,44.234763227244905,nan,nan,6730.82,1.0,13.507659064352907,-42.199498558941116,1501231.8790981183,-1.7044313962020596,60634.52967670648,4685.657632734751,0.4864686237141997,nan,0.0,44.234763227244905,nan,nan,5875.62,1.0,15.473706908126772
34d18m23pt595s-52d45m52pt899s,34.306554166666665,-52.764694166666665,0.6809229361288021,25.191204536497317,nan,nan,nan,nan,nan,nan,143.70258515001956,85.88389230296154,0.3432,macs0217m52,0.0,35.617674455281225,nan,nan,5006.84,1.0,18.158683277981286,192.80135001095678,37.90749120373083,3.003570833537506,1.6379177471660582,4960.0098811358375,0.964495698359207,17.034421836554042,-7.0309304733564355,203356.00610753207,-0.1329257452821206,3844.6189692635307,3726.1268807504753,0.5220044989860851,nan,142.03706225734604,638038642597.35,0.5202306385386012,11732383295.081688,3730.842138543766,0.2668970865702434,nan,0.0,47.203955770534456,nan,nan,6562.8,1.0,13.853480493619768,158.88280916341174,84.25890456276916,2.0735242671384295,3.1547567739618003,4860.603568629464,1.8642794166176742,45.25005992970993,-7.218104366126557,nan,-0.3247925219863191,nan,4340.524376522314,0.1398002607625273,nan,-77.59585872864795,13193883.430112205,-1.5019596734744676,255383.2275746864,4101.695114744335,0.4470222209920056,nan,486.16353257734505,51.61773970596966,2.1498578550397176,0.9819643576120941,3971.440434380747,1.7893457946273374,52.80672276279188,7028.2230014863135,2507.5764773692135,22.873283097255303,35.758878379232804,3940.6998138945396,41.85992054620427,1370.111790268728,-70.1230695589656,56.1725390242252,-1.1635642749008883,0.9320806982658361,3835.270095528794,1.5038552355046448,44.18071796442379,-269.0728448529779,74.1300054039684,-4.891976258458078,1.3477473978235563,4360.067430777165,3.47389617430215,99.2825183317752,-5.361042474157268,7206901395932.535,-0.1031540413179615,138670978257.3326,3868.68996814481,0.26776243991114024,nan,0.0,47.203955770534456,nan,nan,6583.45,1.0,13.810026928666252,0.0,47.203955770534456,nan,nan,6548.05,1.0,13.88468655302385,0.0,47.203955770534456,nan,nan,6716.44,1.0,13.536579167464883,0.0,47.203955770534456,nan,nan,6730.82,1.0,13.507659064352907,-590.1287052226837,233.2406275399684,-14.025895530958707,5.543551171970846,4656.144811236308,20.929978158678225,568.3503089130946,0.0,47.203955770534456,nan,nan,5875.62,1.0,15.473706908126772
STACK,0.0,0.0,0.44204921046426954,nan,nan,nan,nan,nan,nan,nan,4991.655238887385,4501.865681177682,0.3432,macs0217m52,7603.339627974113,649.297595077151,7.163872791835838,1.6713132766646093,5006.242235181606,6.818967211889619,172.47153326936962,-6920.905216742147,1084.659699316804,-11.800578204561285,1.849412931730481,4984.545883082158,40.16385196607265,1030.9702669251528,-121.62196497575577,489122.7438287227,-0.27947582658146425,1123.9580215512515,3725.368552586689,0.7106888457716392,4.195634551324596,13984.872895289553,603.4892779020955,9.279490305495596,2.013153792186497,3728.870006712755,2.90720040258811,96.33798941836984,3594.1656069832543,501.12663494646995,4.375572128575827,1.16858104780314,6562.647354477754,3.6644536942965056,69.77680665115548,1637.8026325287758,268.3008402137007,1.0050152649249995,0.4722834149993748,4860.922116485418,1.8372676245267718,44.48589707346379,1332.8146297777632,393.06831691911117,0.8033732110766785,0.8391812308463408,4340.300174240596,4.09824171125204,118.43918618950141,0.0,135.1650324897466,nan,nan,4101.73,1.0,22.16567686891332,108068.40411569549,12941.545652344043,102.47322805688283,51.991365844699345,3997.494103939279,135.2373862984462,4336.652983303611,1424.387562177463,430.9576970208441,0.702515346867185,0.9615867616552789,3888.6660018317107,1.4900210789716637,43.05879009708658,3234.101596791677,689.8325924154788,2.357555327287814,2.3533020213047573,3835.470334872186,2.423675683558731,77.02169305844492,-738.6484387705443,270.0907686570594,-1.5210765428612283,0.556189807063591,4370.854712414387,2.3789364832417403,66.3398310321151,17658.844712985803,729.9779248555963,9.75920630803713,1.846644092561656,3870.0104164884788,3.9681245062874013,128.5324615128999,948.0057456092848,252.4173923131425,1.0860564814485816,0.5521288123504977,6582.871347409918,2.045822332686248,37.174019227292995,-26.573240166106743,nan,-0.056010414081507996,nan,6547.731684038511,0.23232165834348895,nan,193.84868051034277,nan,0.1912824004337999,nan,6716.3384003431265,0.2687107349089525,nan,879.3136160453599,244.23679719437706,1.284481175536303,0.665886096891291,6730.843961944728,2.980448356496378,54.796836560687474,-3206729.521082183,3270388870.663599,-4631.453575868567,4723396.260874572,7291.596768467569,3244.2124622853116,88145.39557911157,-4337.529871306457,569.8546140359333,-9.307755288487828,1.2228313014163916,5894.885766336863,18.1805018619182,393.6343540093708
17d52m57pt27s8d56m04pt135s,17.882574999999996,8.934481944444444,0.1433211320106118,5.590312931492495,nan,nan,nan,nan,1.7482251461452223,0.20144341397716556,3497.865664027494,3242.929765821827,0.485,macs0111p08,2529.18276077707,202.9624138233624,8.571974943368934,1.878882908981259,5006.8633929878415,1.7725515639722988,41.40769298998607,505.63621667102166,163.80508807484406,2.2057374398558585,1.9824534463355865,4959.170546184929,1.4231755789477314,31.812044677352702,0.0,0.0,nan,nan,3726.03,1.0,24.400668213494743,0.0,0.0,nan,nan,3728.82,1.0,24.382410999599827,3432.8177926884873,77.59811857194838,54.86700769274413,2.3756142826702376,6562.797194073465,2.345899981775051,43.434352222348565,1735.9428699099572,133.24270351541975,11.189726265971936,2.4634218138392177,4861.30646679402,2.3751268534277727,59.43787085419183,-6517.422058132992,3030.883005275472,-76.78107587982056,35.706519531064245,4310.515390715846,91.83012100162807,2693.393198814978,0.0,52.95519698334393,nan,nan,4101.73,1.0,22.16567686891332,0.0,52.95519698334393,nan,nan,3970.08,1.0,22.900702702093618,0.0,52.95519698334393,nan,nan,3889.06,1.0,23.37778840736009,0.0,52.95519698334393,nan,nan,3835.4,1.0,23.704860453545347,-219.91288003153676,360.90514769935794,-5.975115700600826,9.805928666555804,4369.777843107073,1.0353556655130414,22.258912169648085,0.0,52.95519698334393,nan,nan,3868.75,1.0,23.500516131444996,510.1946395150065,332.71080084544764,6.472601072519244,8.057986686801705,6583.788550967643,2.9693019864737233,55.80168485132065,-30.784989479003876,3379627689.9667473,-1.1991727054951038,131647187.44853471,6547.832282073586,0.43582800717017367,nan,1227.5049998738516,155.461297607512,48.50191502116696,11.488455475084832,6717.015280308063,5.00921419275639,94.01800871038706,319.5762492399402,90.87455702331472,3.2288675289386313,1.7139292169560905,6729.765296577617,1.7760101234793657,30.873039535188223,-155.74808305207648,142.57763144418607,-3.0411453504316,2.7839784120942084,4687.518545907453,2.2008861731648857,56.693017801358614,-31312224987.605637,216091556409860.2,-492568562.93420255,3399308335487.25,12460.915094889986,3076.6668937758122,66663.75083414666
17d52m45pt885s8d55m56pt74s,17.879412499999997,8.932427777777777,0.4038530265165121,12.610485088533805,nan,nan,8.037999232979317,0.001336724099190359,7.1525670793880725,0.4943552858210078,6624.458901966209,5751.948585870355,0.485,macs0111p08,2391.3557511631107,70.13136373918617,44.15206895204688,3.5367528011980287,5006.848177611244,1.9542951026211337,46.3952727162992,0.0,50.950921590382066,nan,nan,4958.91,1.0,18.334194769319836,2862.820652874664,192.23849541809702,219.9609227289366,74.3991331263643,3726.117423077157,1.5261249663565941,46.33554498198912,3586.759626833384,211.02272169082664,276.10820545431255,81.66890574969395,3728.8413436857954,1.5261249663565941,46.30087552342052,2431.830638604971,104.0984272746911,565.2014583439142,46.34172288467546,6562.886058469345,2.424115428006656,45.021557414381675,1236.05076789123,74.55676513597483,457.4638924195984,79.14416572898759,4861.306308395315,2.115321931788961,52.27566013983414,0.0,48.52068490887896,nan,nan,4340.46,1.0,20.94654063936261,-150.21575885558403,23244670.865493745,-2.9888118275746884,462494.3996565637,4101.724478352885,0.5355592398433576,nan,-5194.8412478812415,1993.4147730581349,-75.74949189312935,29.06732833327642,3936.522290517971,86.81627327279998,2783.881482258875,-324.20468039621164,351.75186931846747,-17.59388982601181,19.08881644558496,3893.1085571247086,13.97754969798988,456.98724969142694,213746.31787676248,56764.35784778691,551.2573249568404,734.8037826753249,3731.1897121832917,208.9675577340276,6936.314005778897,-2084.164693285581,841.089649035342,-53.335329524953416,21.524111667302147,4337.239057156591,58.83777935027923,1716.6525331786286,0.0,44.08227404189596,nan,nan,3868.75,1.0,23.500516131444996,0.0,38.89964160576756,nan,nan,6583.45,1.0,13.810026928666252,64.58380222986169,155017053.3406424,8.671499772030687,39959715.29072404,6548.281080559301,0.3806534545402475,nan,0.0,52.06578657958513,nan,nan,6716.44,1.0,13.536579167464883,0.0,52.06578657958513,nan,nan,6730.82,1.0,13.507659064352907,-95.1624304672193,5150322.307821222,-6.220491817815782,336661.61759027385,4685.751392474268,0.5163330852385041,nan,-37513468.60790962,276423950210.89594,-942397.3600204686,6944204590.834658,-1068.479293908067,4938.564440507949,107006.4605370074
17d53m16pt725s8d55m23pt545s,17.887979166666664,8.923206944444443,0.5429262781153155,39.623248459765136,nan,nan,7.621222447184244,0.0019684332462130295,5.985889917760789,0.3173214339596361,2826.2642871882817,2372.6028227497477,0.485,macs0111p08,4567.544753000396,101.13833195763416,77.86316556984963,4.709250558491723,5006.839522184301,2.0686663855534206,49.49751321484871,1090.588526551432,168.61654499005328,6.611156313284474,2.836063272917423,4958.897684941779,1.4837015750203202,33.58526319747913,1999.305089151556,194.77493713021383,13.130620632593514,6.44282551156654,3726.2460083158135,2.073537781887394,66.6889653866887,1908.554636623084,188.30652560958796,12.556891910112483,6.228861398018717,3728.790944627601,2.073537781887394,66.63906697018459,0.0,53.70960522880018,nan,nan,6562.8,1.0,13.853480493619768,1598.090365301093,63.636688016632114,34.91294457467228,3.987479936655493,4861.342864488432,1.967809082444821,48.16285004828233,1017.6904539295788,101.99147848229386,250.98864121646287,89.01543960806045,4342.151837754652,4.633104833442017,134.33372020017526,886.3977461780269,123.51687720215774,4.856585760479251,2.703587911391513,4102.011409082663,0.9964772152680709,22.012308295443948,2148.780270624688,166.09049624292922,12.090602600780754,4.023450621424788,3970.1618839231073,2.4776769723457406,76.21580085673848,16531.44887766753,668.801914164857,146.28959455872183,27.224934443891872,3862.224105270668,51.42548866793513,1683.2806263203424,13.343653286729491,nan,0.11801099027116485,nan,3835.4,0.18930950744857614,nan,-7.029244239709566e+28,8.331532937094444e+32,-2.3504504965760806e+27,2.785911978788025e+31,-2798.528205868764,1591.6857677907458,46442.346458524866,1442.3907470827585,120.44436283088332,28.084418262047027,10.742768690274946,3868.8247852831228,2.920310658751114,93.29795056737149,0.0,53.70960522880018,nan,nan,6583.45,1.0,13.810026928666252,0.0,53.70960522880018,nan,nan,6548.05,1.0,13.88468655302385,0.0,53.70960522880018,nan,nan,6716.44,1.0,13.536579167464883,0.0,53.70960522880018,nan,nan,6730.82,1.0,13.507659064352907,-7940.784741061407,6199.401355754877,-161.78980949250624,126.30992994038776,4719.781643821587,180.87586372268984,4914.368500787798,0.5575125628064432,nan,0.013565167067945598,nan,5875.62,0.08325856506520862,nan
17d52m41pt58s8d55m37pt45s,17.878216666666667,8.927069444444443,0.7425131761101746,27.03096375936319,nan,nan,nan,nan,nan,nan,413.3270418837991,193.33589449525704,0.485,macs0111p08,4239.899865115775,96.86114947651527,9.338580789535857,0.5827262305296107,5006.818839967288,3.7355447499858436,93.30202467295298,-14525.155205388215,882.8026382533928,-49.255828646333335,2.993646185770855,4982.756747526091,60.19829451254552,1545.3667944322087,6277.118922723034,224.75820985979928,12.650846566523166,2.2830098364414444,3725.2710650695703,3.2014868658306503,106.74089002538908,13806.637354971657,468.0121361885931,27.886074325554034,4.753892243398051,3728.371574792073,3.2014868658306503,106.6610237183078,0.0,63.43543225597061,nan,nan,6562.8,1.0,13.853480493619768,6024.597170156404,279.6907222812163,23.571225632378688,3.1387121165714844,4861.253951008418,4.341574816843523,112.21104387608615,1487.4998471899262,63.61281832217681,2.989312854981562,0.4526807121179044,4340.826500043456,2.2290746654303026,62.07357926309677,729.7892500521206,81.60936457831214,1.2133194445899183,0.5420802712073308,4101.8668266491195,2.7502636060500127,82.55186698595556,-398.90549112012275,267.4894328879249,-2.999643051114862,2.0114358826093475,4011.0635251275617,15.712428760016474,503.3564377611045,46768.916840948186,1441.7609296836554,152.687316722065,20.801095312114366,3926.6491913354007,66.87929761251557,2189.2040807943613,-116.9385953651899,82.11599959185148,-1.0203511314132143,0.7165055542955011,3836.9594760342434,1.9360714058314654,59.917361420571744,-28.292670669779675,1.6048072133197064e+18,-0.19372081138332548,1.0988165772917752e+16,4363.162781467517,0.21835550539161902,nan,0.0,48.52694993209303,nan,nan,3868.75,1.0,23.500516131444996,0.0,63.43543225597061,nan,nan,6583.45,1.0,13.810026928666252,0.0,63.43543225597061,nan,nan,6548.05,1.0,13.88468655302385,0.0,63.43543225597061,nan,nan,6716.44,1.0,13.536579167464883,0.0,63.43543225597061,nan,nan,6730.82,1.0,13.507659064352907,-5128.896986258883,1470.352663933015,-27.408350958049358,7.857428595884987,4667.4631987862485,121.37057415860058,3297.5890794792476,0.0,63.43543225597061,nan,nan,5875.62,1.0,15.473706908126772
STACK,0.0,0.0,0.4581534031881535,nan,nan,nan,nan,nan,0.4408192084925774,0.10096841405524049,150.45451178802645,90.26427965218616,0.485,macs0111p08,0.0,142.85759495759916,nan,nan,5006.84,1.0,18.158683277981286,1647.4781832422063,327.4012638707263,4.060043552688982,2.2391362516536812,4958.27287090818,2.779669550228688,69.0625994173368,0.0,0.0,nan,nan,3726.03,1.0,24.400668213494743,0.0,0.0,nan,nan,3728.82,1.0,24.382410999599827,4806.735358095653,196.33979629008206,10.69682232704862,0.836969487263045,6562.3278056670015,3.411084988369912,64.76249967784891,3737.3103338121596,275.91353311998313,7.24859444856256,1.5344681462374414,4862.105544741027,3.1602739810497247,80.70653043231867,17871.913549487632,1663.8437924883879,33.50897747915821,10.831005468651734,4383.42756744163,21.05529601370146,617.2319951529961,0.0,108.24221142142973,nan,nan,4101.73,1.0,22.16567686891332,0.0,108.24221142142973,nan,nan,3970.08,1.0,22.900702702093618,0.0,108.24221142142973,nan,nan,3889.06,1.0,23.37778840736009,0.0,108.24221142142973,nan,nan,3835.4,1.0,23.704860453545347,1272.957784917789,317.4840782579662,2.777532961379946,2.4284326704491077,4362.441936627046,1.7249041740561186,45.99872398529708,0.0,108.24221142142973,nan,nan,3868.75,1.0,23.500516131444996,0.0,88.74071719205209,nan,nan,6583.45,1.0,13.810026928666252,51.41299822312903,nan,0.15062613318849882,nan,6543.603097359804,0.2072661045364647,nan,400.43045099742704,225.81471368246835,0.860034411706736,0.9069274053529969,6718.12309558824,1.8707560064808297,32.88421404410955,613.7316901835707,219.76580172144878,1.3624403945572683,0.9107598806480205,6729.303137049222,1.6967329820407713,29.234403927094878,23168.952921517615,2717.1344497370083,54.90716240130739,19.479652014254,4714.639526667778,63.39549483279767,1722.353423352401,-87.77162676465237,1064870197332.8231,-0.3793789254771098,4602732410.554113,5875.757925373294,0.41373704981208104,nan
38d04m31pt605s-44d20m30pt295s,38.07544583333333,-44.341748611111115,0.19152877102478705,43.47821319511824,nan,nan,nan,nan,9.119944398076155,2.6476977436509896,15763.019312327011,12762.919007393499,0.282,rxj0232m44,1932.5948158287893,213.5832348881275,1.9331272094759049,0.5836245293977126,5006.412082827464,3.0662127527548573,75.9064334107257,61794.74588327199,18387.492827750713,77.80055381801618,64.28896626640635,4956.233961288871,208.6114926114412,5355.654324064329,0.0,0.0,nan,nan,3726.03,1.0,24.400668213494743,0.0,0.0,nan,nan,3728.82,1.0,24.382410999599827,21855.091590579166,851.4518520553072,25.45649300002106,1.8998651182829909,6562.038859539124,3.053320631680995,57.65303753672167,6987.689608342789,223.43339134663674,6.083956376295382,0.558103209965821,4860.629314168823,2.53507737926534,63.80833363879895,0.0,134.14067216920904,nan,nan,4340.46,1.0,20.94654063936261,3336.3229394926902,450.15814229865236,3.6040442399833363,1.9429170766026445,4101.776979866527,2.0102185328106836,58.48842601377059,4052.831911318437,543.3725404755371,2.00166102854188,1.1312333085161619,4006.2736605377536,10.08856353331065,322.7342872156601,0.0,125.93545689074928,nan,nan,3889.06,1.0,23.37778840736009,0.0,125.93545689074928,nan,nan,3835.4,1.0,23.704860453545347,-3288993.639707026,25863895699.946217,-7275.5345716085885,57213144.181756265,10510.500389655468,8919.061501624605,260241.180456197,0.0,125.93545689074928,nan,nan,3868.75,1.0,23.500516131444996,7107.100025094952,1229.5269094639993,12.424823961342055,4.104135786240099,6582.78148244612,3.1226675391970526,58.84907106574375,2399.8390396552113,1112.1059618389725,4.177955556865802,3.7176205404331175,6547.349588661369,3.0819527518384486,58.35466936230901,5699.495092841707,275.2908346228892,9.792691948357447,0.8847862748823531,6715.831384930369,3.4378452381422924,63.799225820218666,3619.4068563685128,407.0614595226811,6.630022586563903,1.3918778897026303,6729.939480892671,3.2710236583380268,60.43649590952922,-20585022419491.508,2.323424807306997e+16,-46845816967.97267,52874721748609.77,-0.2869894070168283,1792.5333927428035,48703.20870146064,283.12739284429466,81443634.93185686,0.33916620984663465,212132.10170158866,5875.219945342137,0.5936406949264998,nan
38d04m58pt125s-44d20m26pt195s,38.08281249999999,-44.340609722222226,0.20810510560124196,22.29792042862062,9.654465556908328,0.0,nan,nan,3.2745900221851443,0.16445036877007932,47.72654784291772,6.28230131330506,0.282,rxj0232m44,39515.125704451726,713.1393644517458,21.1140600497622,1.0408040552024298,5006.843690148309,2.5050422809496213,61.15892411704111,5824.609475679809,2017.352057445655,1.7296337350055904,1.662101206860163,4958.972699447674,1.6724546474676911,38.99513159425417,0.0,0.0,nan,nan,3726.03,1.0,24.400668213494743,0.0,0.0,nan,nan,3728.82,1.0,24.382410999599827,38740.733776805464,453.77987916935876,52.20458817024096,1.1712562407059341,6562.773540625402,2.866182424614315,53.916674916613225,13845.927237595437,237.78738367548536,10.257229789718549,0.5052553191558172,4861.288432641896,2.4321507699279414,60.998906680780436,7789.822325789605,380.3523316259732,5.772073928197402,0.9981559988009374,4340.457848517508,2.2542995590882056,62.85239733912723,3892.0948903928693,392.3076007092116,2.3316211537676064,0.9390736468129125,4101.644680559862,2.634723261328905,78.83793419412423,57.51744324158811,nan,0.023004330594005914,nan,3969.9633113855016,0.2880684489720125,nan,0.0,nan,nan,nan,3889.06,0.0,nan,0.0,235.17070476611306,nan,nan,3835.4,1.0,23.704860453545347,934.212497209538,1129593.2791280337,0.5061425466694326,2144.422945689292,4363.425690013782,0.6808396792299574,nan,0.0,235.17070476611306,nan,nan,3868.75,1.0,23.500516131444996,5033.35753180743,1822.1827835339277,7.584966844183551,5.242464053944464,6583.338330140472,2.998402526988929,56.38058414788427,1437.962518111706,2448.5794355317134,2.022422100977033,6.612978754391525,6547.0409541384515,3.6567755812379263,69.7818965011661,7031.935678145095,367.6580782484004,10.031523826319356,0.9810200515847473,6716.432102009714,3.1435247902825987,58.08942230731398,4880.599607787812,449.1152738717527,6.18219122035651,1.0617783585526457,6730.814878271517,2.653107632809571,48.40406529827952,1478.8820094566306,303.44823614055116,0.9588476947852731,0.6016351175278534,4686.325679082674,3.8877224942552493,103.90326063400364,1518.9049736396307,137.64699792659366,1.5193175134351726,0.29932467019605336,5875.877023057492,3.2952438929410475,69.77020764384613
38d05m01pt605s-44d20m27pt16s,38.08377916666666,-44.34087777777778,0.20850398292901562,19.3108421028434,8.958536863573608,0.009634878116513621,nan,nan,4.56476123931165,0.1637879655467361,87.69180282083892,34.95028008665755,0.282,rxj0232m44,42835.499556828014,784.9957605927053,2231.0199478281443,111.67452411002739,5006.8365611829995,2.6007041146763688,63.688324024102236,10590.721484377771,1484.9757563005498,9.591199859575436,3.7312587737095195,4958.9714619984115,2.01113576838583,48.403438984446986,0.0,0.0,nan,nan,3726.03,1.0,24.400668213494743,0.0,0.0,nan,nan,3728.82,1.0,24.382410999599827,27077.369910341127,249.0824909383209,323.4939407965502,5.699974025455112,6562.713569140731,2.8514261896924085,53.62143491139766,11704.05597144929,202.38210542218675,51.00189792310367,2.529637248290334,4861.142325522513,2.353315782599282,58.83986164203357,6796.033947653045,212.21323983187483,31.843653285587145,3.5218759235134773,4340.329129702158,2.3254817471217315,65.04524258778463,4947.336827731564,361.6215357296329,56.609114213841465,16.531546679141808,4101.873552101975,2.775240989068202,83.3532698028076,54.03085636049429,nan,0.0844922078625065,nan,3969.6237424882315,0.1891084408107386,nan,5353.12014411756,nan,25.283855048427395,nan,3889.06,8.220365145492483,268.11994120469535,0.0,191.30808468670529,nan,nan,3835.4,1.0,23.704860453545347,1338.7762759766886,296.38530615404125,95.0207949610809,73.70512349907166,4363.579058835157,1.7298239535456532,46.15574466033544,0.0,191.30808468670529,nan,nan,3868.75,1.0,23.500516131444996,1502.3946825509847,926.395768264752,28.53389973066131,33.58973583967465,6583.5521207006495,2.2789837553127024,41.94037756538929,-4307.999740119263,6412.478487311237,-49.930506363491965,74.3218006572083,6514.076425111121,35.548751373902114,691.0208137730846,2302.3598764969174,162.288580739406,15.314483096359,2.0192165744468022,6716.063137439377,2.601075021457426,47.48442293243776,2162.5476158321917,256.9108443891934,40.00791526279856,8.871310867113156,6730.5321641353985,3.088278585950014,56.89294946861828,425.9703035494196,85347946.87377523,1.3296024367662038,814829.6338854948,4685.733350827456,0.5794314690506185,nan,896.8977559492544,109.27248053976001,6.535187020671933,1.731099281584155,5875.463008945044,2.217455431707103,45.58997624072126
38d04m00pt81s-44d20m58pt424s,38.06689166666666,-44.349562222222225,0.3111964016979907,74.25260449041856,nan,nan,7.26826055972235,0.0018119335407621227,3.791692495181057,0.3030723274514352,3131.6618244301812,2702.7171102140355,0.282,rxj0232m44,4579.358536345384,163.87864247622818,273.5095727330118,26.734640128323118,5006.858514940781,1.883528378770065,44.46263756803334,1727.6690438644418,260.3162487812699,26.09703768481254,10.910014588549442,4958.938238705886,2.0073254005471575,48.29907698029922,4367.123361233426,384.75550695682375,11.166161014429342,4.953441025647506,3726.6527881060797,1.5916674594592037,48.84205063557488,3786.591241808502,323.6776590284978,9.699219466427314,4.167109154586386,3729.2267178646803,1.5916674594592037,48.8055057443564,4339.9822259011935,178.90124656506015,61.47355738651631,4.853696442115386,6562.874649669533,2.5390877474558273,47.34633772483225,3813.7961350057317,262.224016477426,49.67065242265976,9.79899373440695,4860.28195796158,6.241132333236788,162.4135648910067,-3.104187155942106e+16,1.1309458267173374e+20,-318602467499763.7,1.1607616193855032e+18,9340.510952985996,1624.0470174473096,47634.95711206017,0.0,89.33988770400495,nan,nan,4101.73,1.0,22.16567686891332,-527.9588681078593,15440125.31548106,-60.23300249399833,1761510.5320004248,3970.9657548325576,0.5871568229383726,nan,-541.1749785332008,287.4077528494235,-9.69049498408838,5.146437839613801,3892.1247179362535,3.170893790250029,101.23973555407711,33593.272073662396,2163.388519082513,266.5501421596763,78.4538414975873,3872.443650454311,38.316111334641654,1271.6314329447116,-7.734063916678768,nan,-0.4803026685041139,nan,4363.198486161354,0.3179564665633653,nan,41390.511464222414,1543.9216884984564,204.56756943858986,35.320047959232426,3852.5079863365822,65.02955835231768,2139.823508978542,-508.408504726742,407.68657163243773,-53.38843625747765,42.81153509484778,6581.745665610373,2.588603153203292,48.193173686994,4068.042635258152,147.67033340763476,949.7816558072159,66.03733681960473,6562.8867232128,2.413763258965036,44.9127037875202,0.0,63.74494411731426,nan,nan,6716.44,1.0,13.536579167464883,78.87097299971735,610021505.3678752,0.725135982020582,10467096.528301025,6731.246300172627,0.35341743246054136,nan,-3951.2127542159237,3595.2112471483047,-276.0302841439635,251.16014850100083,4731.512696721583,57.48013107956031,1561.621918720578,-27.96341975586647,2.919880479984974e+18,-1.6084862684098782,1.679546957581457e+17,5874.927649193809,0.302507409062827,nan
38d04m12pt825s-44d21m10pt642s,38.070229166666664,-44.35295611111111,0.40292640529351553,66.73403958150307,nan,nan,8.152447145664189,0.00010145399617741604,8.559214928249862,0.22897130048814704,641.10066239715,446.3103176599021,0.282,rxj0232m44,23403.12944854359,360.5600367056548,6968.062571458437,293.22601356524376,5006.839283641661,2.0513665338586278,49.02979424656062,6565.789329507416,801.9462534597322,14.78691276706297,5.011208598885321,4958.846097680253,1.7232823433589446,40.427464258746,9815.98386042128,333.47237723449535,31.03228480758622,5.3098464551879445,3726.2293091856905,2.2526145560741524,73.15631758124707,11807.609335391948,374.7664395449063,37.404139444223546,5.967367573421555,3729.12559958325,2.2526145560741524,73.101580123807,15079.637627235734,266.85469669185244,92.50608817892305,3.135601016990312,6562.763665939626,2.7359664592984614,51.30782170812905,6027.715439599736,109.60573057004102,35.85961777428237,1.870250408852772,4861.291488543426,2.146267382940497,53.13369514867336,4136.115801489408,199.473975436535,108.58327386536564,18.545308987275696,4340.607167285302,2.2148104411619656,61.632746857062095,1431.6132865378015,141.8801581866978,4.036832846221559,1.5982006884016937,4102.084141659299,1.6072595108487915,44.90657128671668,2284.69867779736,428.65220402590336,20.3307501987824,16.405927329745328,3971.822463791914,5.369639614179528,170.72096454203023,0.0,87.73707711699868,nan,nan,3889.06,1.0,23.37778840736009,153229.38863668792,93957.7180508292,3166.6114590689267,9698.047395738751,3738.2883996193686,267.07025511473046,8864.951103504694,41967.43805843699,2617.581946780175,876.7335894666936,192.55463482171197,4352.822233030546,104.146857101754,3038.7377529467426,4046.0210313779708,339.48319136238644,38.93599566671901,14.96714388429436,3868.6420417918707,3.532708462001219,113.94687803842798,428.0499187074399,667.004085546009,12.872113421355845,38.29057365666692,6583.916067136076,2.771427499103504,51.85592144524764,479.02596150012374,805.7085836292541,92.30949409096179,298.12801089861284,6547.345507846943,3.253055897238568,61.765737500408754,0.0,133.40758895760464,nan,nan,6716.44,1.0,13.536579167464883,0.0,133.40758895760464,nan,nan,6730.82,1.0,13.507659064352907,-33.090175749334534,3156380705515.7065,-1.5859315257336573,151277639200.67642,4685.674885060297,0.31582398163982756,nan,258.6809959432456,70.04935317479827,2.5262850895746736,1.4872327397482497,5875.886280241222,1.2683235341173762,22.916872115327575
38d04m06pt09s-44d20m57pt701s,38.06835833333332,-44.349361388888894,0.4033555512090883,68.94171672070968,9.157865844984448,0.006252075280220008,8.128964199737215,9.24738126434207e-05,9.318781040658214,0.19888367810258065,142.9914429098592,90.2691102795859,0.282,rxj0232m44,32294.539654234934,548.3425871225445,22.210054437481617,1.0300528216751335,5006.837895545846,2.1282610619767692,51.10493157383063,10762.856180512426,1110.5107887615884,7.677631109960986,2.197978276677307,4958.886003701862,2.116165790503531,51.26995207709363,15890.950509989634,414.3294963323504,9.373898706309335,1.231095987867754,3726.1188818271553,2.3288721797845833,75.89280552717453,25161.52606960967,603.1789482833608,14.870792518516648,1.7922237971739545,3728.846456719062,2.3288721797845833,75.83602055835844,21316.28251671822,176.38155154906894,31.74436194505032,0.5031213248641089,6562.7940322633085,2.5667148076323634,47.903628020791054,9025.844909046788,115.22495093675496,8.027416535066651,0.29393840042247604,4861.236856341569,2.2451247912000363,55.86521916535308,4111.422266507439,161.71686715532186,2.8361259540291037,0.39512892183959614,4340.2513796573785,1.9886028888950444,54.59465192291109,3252.7241507146637,156.5317444519471,2.189913906372213,0.4210665414685099,4101.7711479749005,2.3628899668919634,70.04761676848139,-2.3155020673547413,nan,-0.0054345643864874855,nan,3969.673708355754,0.15005895076842418,nan,706.7271011280985,195.8476464888674,0.41103897759750385,0.5154909831807682,3888.1308630217973,1.6684954835387844,49.57964534237136,1743.3041754769904,274.5080766740351,1.5618811594185324,1.1515023570662564,3834.727057459678,2.113774768201391,66.20443654242047,908.0861865400271,146.1245910649092,0.6194913277053076,0.34932292653907726,4363.254261622951,1.0682157000156287,23.543749870594795,4277.646452369549,197.14987411484967,2.486480778611109,0.5249163287418628,3868.947974983688,2.248292721922982,70.30790364604778,597.5444458470172,805.9933531349355,0.8072857842732256,2.078859037948855,6583.500316450775,1.791186342042991,31.883207469648152,1203.322217660968,1634.4237446239374,1.8322716989975774,4.778818572949191,6547.195251001087,7.591057511252933,146.9599153025838,0.0,195.9108438074154,nan,nan,6716.44,1.0,13.536579167464883,0.0,195.9108438074154,nan,nan,6730.82,1.0,13.507659064352907,14002.462519981427,854.3871035651739,12.665159699652456,2.3741564552025185,4674.278187954788,69.82462390321105,1897.0428165212843,1573.970962115566,159.75711057858902,1.7762893744199713,0.3919655249529125,5875.7380523240245,3.069149278474018,64.74811965642145
STACK,0.0,0.0,0.2876027029592732,nan,nan,nan,nan,nan,0.3667244322409267,0.18483371921128955,249.06760681530756,131.26412795764298,0.282,rxj0232m44,2395.0205934265105,1171.424065356155,0.5796904999299869,0.7745679900577753,5006.328588970399,2.3904075635437145,58.11695590027763,0.0,160.10249684113106,nan,nan,4958.91,1.0,18.334194769319836,0.0,0.0,nan,nan,3726.03,1.0,24.400668213494743,0.0,0.0,nan,nan,3728.82,1.0,24.382410999599827,22977.86726431692,856.7940009508148,9.15222997267138,0.6537528638650466,6561.991983965141,3.1355492808151015,59.290628467775946,6530.845460149368,663.876519707577,1.668794317491573,0.4866393723505403,4860.810230872652,2.7273743691706014,69.03282146064112,-164014.24841679045,12726.003684440675,-62.879315786319566,4.878859075330759,4368.653156523957,84.11998912810408,2467.239965360712,18499.826531506296,1332.7901154205385,4.010719285607586,1.1541268000028693,4102.327514812689,6.6603913875864205,205.5813687556433,-52.122621530395406,nan,-0.03630779216051493,nan,3970.08,0.7242461444103307,5.959057701037591,0.0,481.77137566114277,nan,nan,3889.06,1.0,23.37778840736009,0.0,481.77137566114277,nan,nan,3835.4,1.0,23.704860453545347,-16755.236530182323,110956.04841033723,-12.138363869969728,80.38232625081264,4304.855159376073,55.55284458849091,1620.7972251480567,0.0,481.77137566114277,nan,nan,3868.75,1.0,23.500516131444996,7118.595117082259,1322.378803845554,3.2625106670618815,1.1571267150743798,6583.05040156732,3.0604054770796423,57.61294591458527,3713.109882967485,1245.61814128738,1.598540798612337,1.0297079935222404,6547.2627870844235,3.596853031098249,68.59452811358028,3452.3561267180166,490.1847070022559,1.4048538613068537,0.37312794629570334,6715.807710536818,2.2926318016419476,41.381685388084,3296.661108048275,420.0054404024454,1.4407751295443854,0.3426297375399906,6730.175562224424,2.446958128296207,44.34878564483492,2355.9974057027457,470.81265855409856,0.5351943215723093,0.32695677285617364,4687.087000939072,2.1597290404847063,55.512261446622986,-2070.9316521418045,7161.250920773417,-1.5160569006357512,5.242502264328353,5863.8615449720055,15.672762676718706,339.25107484484334
36d28m40pt725s-41d54m23pt729s,36.477979166666664,-41.906591388888884,0.09696310288083176,39.72803134566788,12.501357687767264,0.06187680138538733,nan,nan,4.906594489260961,0.2203697564584949,217.08840736362777,178.75908823511705,0.2195,a3017,18323.12446071951,446.5524094480506,27.67461137635577,1.8422172282496723,5006.842111015096,2.411672334406291,58.68221668133665,4288.488639895947,723.3622311852273,4.966566368359111,2.32439756304121,4958.874233435508,2.0407684333279397,49.2141300677072,0.0,0.0,nan,nan,3726.03,1.0,24.400668213494743,0.0,0.0,nan,nan,3728.82,1.0,24.382410999599827,15186.720973063842,224.89168393715394,113.36008597607517,3.2154418863676875,6562.697515391956,2.557168701604872,47.71112026364196,4608.412851338211,113.23504146002459,10.281488032998746,0.7245821999049594,4861.3664492525995,1.962998517064581,48.02802835746894,0.0,97.98728503669749,nan,nan,4340.46,1.0,20.94654063936261,0.0,99.98943241797419,nan,nan,4101.73,1.0,22.16567686891332,0.0,99.98943241797419,nan,nan,3970.08,1.0,22.900702702093618,0.0,99.98943241797419,nan,nan,3889.06,1.0,23.37778840736009,0.0,99.98943241797419,nan,nan,3835.4,1.0,23.704860453545347,0.0,60.071307808082565,nan,nan,4363.21,1.0,20.83732430562082,0.0,99.98943241797419,nan,nan,3868.75,1.0,23.500516131444996,318.90047339097083,5487147.334570546,0.7967214808261079,26171.95713147211,6583.475194160099,0.7143848190563963,2.758324978097121,218.73796126849317,730.4218839802373,0.9134189439077071,5.8549272829320635,6549.292467167824,3.8255050956971117,73.1214216861696,1464.302895740256,247.04887152555258,7.0571243879673995,2.227097424227271,6716.160006758925,4.115319775630461,76.8691524145551,2051.9343736827004,220.153135113841,16.091068350721876,3.2222876829445233,6730.641596858174,4.14365913039899,77.24882223880132,47352.77979779372,4541.7302689080925,184.29073181845462,54.60368718381416,4660.074588509868,142.77444864488925,3879.141528436963,637.8274934584413,86.30487776474428,1.7824149242032772,0.5243741858885196,5875.416522378125,1.9685282920760092,39.86532079000724
36d28m03pt465s-41d54m52pt424s,36.46762916666666,-41.91456222222222,0.6816279592894612,51.21749894403363,7.827482715808474,0.014485224297964729,8.028163731222927,0.00017789069027026948,9.23135437085225,0.52456774961285,304.8394799732559,186.6541330572446,0.2195,a3017,2290.2362853222303,155.0444083096938,6.348838873239867,1.1739783507893495,5006.816720029458,1.626570868630933,37.33333003854096,823.8876884378283,133.70922325664458,4.147899441679707,1.8680077363834289,4958.495551633853,1.4586955231463095,32.85535838043641,3345.7573471331043,112.30442422221296,19.114454104309843,3.232026361299912,3726.003899671277,1.87037970085696,59.26232193363413,6480.77700907496,180.46721613462253,37.09909280783238,5.193693872143475,3728.869936731239,1.87037970085696,59.217980324708286,0.0,48.69585716255297,nan,nan,6562.8,1.0,13.853480493619768,1401.815791063974,72.96075881904441,6.608165724103147,0.9864697900398608,4861.351620198435,1.700522784233636,40.5858161241343,495.61026671724164,49.11613936320412,1.9243455493326,0.6754217750336082,4340.457535088022,1.429960075715509,36.57316168259244,223.2237599382263,51.794630715985605,0.9750363025277294,0.9040741457182266,4101.472852279252,1.0065559004697726,22.449724147938095,0.0,27.79995681503132,nan,nan,3970.08,1.0,22.900702702093618,536.5433936131188,62.859882888363074,2.756345343816787,1.461225807952674,3888.3388564412458,1.5953618863616825,46.92920749328684,41175.36736513819,1184.1818585793387,5146.8160525528765,675.651730355961,3874.4486290473023,74.16751002730659,2461.7654383549675,370.01593439516193,117.87153741767949,1.9454857812299056,2.1721664168631336,4362.851757649794,2.714872301441217,76.53636996129362,14410.889946417237,992.1144280288888,79.65760196042753,25.530066646662842,3843.568169106986,94.7023529095447,3116.3140492062366,0.0,48.69585716255297,nan,nan,6583.45,1.0,13.810026928666252,0.0,48.69585716255297,nan,nan,6548.05,1.0,13.88468655302385,0.0,48.69585716255297,nan,nan,6716.44,1.0,13.536579167464883,0.0,48.69585716255297,nan,nan,6730.82,1.0,13.507659064352907,-20.918093851875536,nan,-6.744131592269857,nan,4685.725432849897,0.1413515156362015,nan,0.0,48.69585716255297,nan,nan,5875.62,1.0,15.473706908126772
36d27m39pt39s-41d54m26pt22s,36.46094166666666,-41.90728333333333,0.7552329263151853,82.33510917392687,nan,nan,8.00047186060105,0.0032601155165464485,6.752821431939477,0.3122206411364138,568.0389241577452,376.981689139591,0.2195,a3017,4814.14305292035,173.25545130813762,30.0618407359425,2.9551063778628492,5006.819095601568,2.2242044647065558,53.68151306886562,1248.0553742625082,153.5459582246649,7.72258338449789,2.6362259287223364,4958.784699117364,2.2137664718329075,53.91797392944667,4295.730518275097,97.33946668941608,35.778945911553244,4.0839805845770805,3726.0249127597244,1.9267862880672535,61.335718704802055,6081.703226459244,120.80356173856238,50.75303491785148,5.068441583537989,3728.8167851539365,1.9267862880672535,61.289825726544485,0.0,49.090153671851226,nan,nan,6562.8,1.0,13.853480493619768,2434.4834729615495,104.72154806790468,52.28536352013031,6.450981634892883,4861.272565613853,2.5059194502109583,63.01346577337954,1637.2680114578757,112.704328256931,28.734110288200085,7.005369214283028,4340.435997480505,4.434342487475456,128.43302481939222,513.4357298437347,48.51694443422584,4.042808258345994,1.526542227786801,4101.560154588199,1.8263294069435199,52.356862084723566,52.608685041489935,40482345.971888214,0.25887921847010015,857662.9484963835,3970.110230529598,0.28259792551669816,nan,1316.5043360351885,85.10201738165938,5.261744762652696,1.560201096407299,3866.695809729324,5.588155904112814,181.4899204642527,0.0,23.65286702587244,nan,nan,3835.4,1.0,23.704860453545347,-4932.080249776046,1834.7176508665314,-70.65046608993921,26.28174129629069,4324.042858734047,105.25282550718994,3071.008520145665,1554.1868569186222,78.33417925271797,7.565344129601613,1.7491561058792215,3866.6283668530687,5.948926045028876,194.4031468339657,0.0,49.090153671851226,nan,nan,6583.45,1.0,13.810026928666252,0.0,49.090153671851226,nan,nan,6548.05,1.0,13.88468655302385,0.0,49.090153671851226,nan,nan,6716.44,1.0,13.536579167464883,0.0,49.090153671851226,nan,nan,6730.82,1.0,13.507659064352907,-7885.326256669971,26716.893716559378,-132.1624580560723,447.790012774243,4597.57111379556,269.85977604928456,7332.0775120350645,0.0,49.090153671851226,nan,nan,5875.62,1.0,15.473706908126772
STACK,0.0,0.0,0.5112746628284928,nan,nan,nan,nan,nan,5.398245559982333,0.3127284182165475,39.40885780313061,5.808700401923175,0.2195,a3017,18894.38708919359,423.26630249444486,26.264977643122357,1.6070902362756085,5006.871057031183,2.481357300648694,60.53144042292612,4210.006225111713,710.506319386788,3.772493236583312,1.7664760703252882,4958.933451420587,1.8878873156224707,45.012906463095916,0.0,0.0,nan,nan,3726.03,1.0,24.400668213494743,0.0,0.0,nan,nan,3728.82,1.0,24.382410999599827,15277.09409833533,228.11874437619144,41.55502064828067,1.188541829556217,6562.702799535478,2.5174335078610035,46.909182575123396,4279.981904784065,194.95116009998304,6.024763041622182,0.7871274410369439,4861.241283711304,1.8594302726803535,45.11301415666415,0.0,119.67960107874072,nan,nan,4340.46,1.0,20.94654063936261,0.0,120.17549865327992,nan,nan,4101.73,1.0,22.16567686891332,0.0,120.17549865327992,nan,nan,3970.08,1.0,22.900702702093618,0.0,120.17549865327992,nan,nan,3889.06,1.0,23.37778840736009,0.0,120.17549865327992,nan,nan,3835.4,1.0,23.704860453545347,-294.50950314992474,296.83477538808097,-0.9584388251581015,0.9660060892642676,4359.586201224189,2.6372419887197505,74.18953504934187,0.0,120.17549865327992,nan,nan,3868.75,1.0,23.500516131444996,474.2659972197195,506.28791810716706,0.8973850404114976,1.8288284494941867,6583.761284576001,1.675338016582948,29.43402967300216,624.9412435393539,797.0742427567574,1.4435374136788022,3.53395341654233,6549.704552090332,4.207776880227028,80.6695023529708,1741.6744439456422,415.20811928459585,4.868855967424616,2.171548833904015,6714.866891124865,5.284977969786088,99.2941686991928,1917.6483167471413,209.13522247925366,5.31931700552953,1.0827867952525139,6730.474471996471,3.796778991544205,70.58312461996736,568.6892049093464,9415613185.772522,0.896883293134489,45433768.4026461,4684.906672651357,0.6095162726849239,nan,1523.484575719313,137.5350300484539,3.456299743770482,0.6784278496266835,5875.236762151372,2.4583395558825005,51.06108763451309
34d34m55pt845s-31d41m56pt584s,34.58217916666666,-31.69905111111111,0.2787052865388191,5.044368586841848,nan,nan,7.724093371935834,0.0043000035644715,5.974614672628393,0.43581063086539307,2766.5453348070278,1680.857322751494,0.272,rxj0218m31,2611.015779145914,105.6426224918102,13.195041182403209,1.4582302585528097,5006.8472752294165,1.9557731340453173,46.435523511070556,955.4577392097325,142.66956966930792,13.925493686730071,5.7692621194911045,4958.9631979573805,2.2693323160935837,55.41962898723352,2297.2962083144907,252.70596649213982,12.071629120117956,6.687719294294299,3726.3233492402987,2.202370192269743,71.34795231723866,3199.5707684853523,315.6303615922692,16.847314155451645,8.352977527150554,3729.260429556676,2.202370192269743,71.29456792567106,2646.1770710224264,75.0143807713492,59.99616344033936,3.257721112099509,6562.788773724178,2.5158699105578726,46.8776046213716,1516.9748999341384,82.3500466621893,42.39201034002711,6.600657499848203,4861.264115845092,2.8235884325112064,71.63671114095543,0.0,39.06499386405209,nan,nan,4340.46,1.0,20.94654063936261,40.04570161973185,nan,0.26794168674467456,nan,4103.735576343507,0.18343961512493523,nan,-14879.206642044439,7251.968856669035,-158.17698787065876,77.09380059541397,3928.4629869926894,188.09446723784782,6031.658355338361,14707.107434158703,688.1384279244168,522.4767833799867,111.09600635826455,3881.4737861825997,85.13455455861575,2786.823875453137,-12049.09718217519,10111.63705905502,-158.5878255347571,133.08735995294808,3844.2800849483083,224.30851851464826,7445.535989811474,1634.5600441633865,219.14844735800085,23.49959573458545,10.987241909437667,4373.7616145423835,16.19559777502601,472.11501333428816,0.0,37.0896417912228,nan,nan,3868.75,1.0,23.500516131444996,-1.0531918016673409e+23,5.485695084346671e+26,-9.94661194386049e+20,5.180830325488412e+24,88.21872079369079,1684.2654469215329,32570.163519642654,-2043.9153149948063,885.8199529034197,-52.66358144057237,22.824062665009077,6515.133616937062,36.450827529430796,708.5627014190972,0.0,27.23196032382146,nan,nan,6716.44,1.0,13.536579167464883,799.6638582964588,99.43315539468541,35.444013714170595,8.22499927739337,6731.3945336201805,4.31667151244154,80.56703244596547,-96.34491679521454,22907685.462682597,-2.235043973199067,531420.7125440344,4686.034094109234,0.5901006982825185,nan,7528.788241037583,553.6530482593076,496.3777510828197,79.61765965256717,5860.491277588587,94.5191269116279,2047.9392494467368
34d34m43pt845s-31d42m20pt616s,34.578845833333325,-31.705726666666667,0.29922343666205453,23.735717356771193,nan,nan,8.081802159783683,0.00011655850746270053,9.799774861212518,0.5247161740414553,608.9266797717185,218.8909520831872,0.272,rxj0218m31,3962.212934676122,97.13461328333139,18.123855905282387,1.213592728226942,5006.843837457188,2.184720656568745,52.62274797553281,957.9406675876718,127.3078345388165,3.349822662062675,1.2352544273935409,4958.766659091579,1.7014842500314944,39.81426344793251,3649.8769755563294,157.4963859657953,15.821283551827475,3.4385050967192536,3726.2510267821663,2.3051597683598093,75.04288943978233,4549.106612005533,195.34964690757613,19.75407209995099,4.264928064316902,3728.781625424831,2.3051597683598093,74.98674040026393,3605.3564377907164,75.83688553012225,27.90423479386165,1.1242537693086234,6562.829837798058,2.67434008905273,50.07018744972863,1338.7182231860413,64.92567123706596,6.271097060686436,0.8723602129504118,4861.215798993293,2.115279212032971,52.27447458403115,0.0,39.04572035950624,nan,nan,4340.46,1.0,20.94654063936261,-752.2642359051496,189.46348016981463,-10.769042731810277,2.71226547359548,4095.0663906990426,22.41827752070084,695.4827062196607,0.0,28.165233814384127,nan,nan,3970.08,1.0,22.900702702093618,-2926.8707593278305,2246.7393345556893,-40.14212691132173,30.814102473422952,3936.4007520316286,63.00895905564608,2062.4994338445626,110.32105870389768,67.49540700506265,0.6171232111237774,1.7670978455398514,3835.3025997258515,1.0122732872257891,24.27203966695853,17758.32614839257,1993.5929557876668,167.50299612995053,66.96216724100415,4328.891637686421,112.03012809195327,3268.7613753696623,0.0,33.59282183130778,nan,nan,3868.75,1.0,23.500516131444996,443.88134484112595,207.5267402709903,9.380247837188161,8.37189884176039,6583.995467426293,2.369608040213912,43.77822640885259,332.14886824210083,357.53257771980196,3.9441572978357033,8.151403823190853,6547.950315336604,1.701946830641271,30.161645046178318,24131.87770826734,1553.2456512503556,548.6647795031782,65.70492791019784,6751.957501784274,98.85012747219263,1873.6574045423433,6150.627720546861,667.2511576901148,115.36550052237085,23.447869294985527,6705.47506939964,72.53247315454924,1371.852005618474,-70.87803509665912,40849.75258805174,-1.1665659987589274,672.337097973274,4685.888131603524,0.6396518306447486,nan,6057.1848903954315,4392.765641645403,80.18961748061292,128.03365909821395,5817.335308040949,110.57828973479856,2395.909695947507
34d34m31pt935s-31d41m36pt65s,34.575537499999996,-31.69351388888889,0.3322215919008469,28.610627858191737,9.204087606351193,0.010106416642650749,8.161193828538524,0.00011123466068894463,9.161367966511634,0.2749255379984185,225.4331064456747,114.08523840420922,0.272,rxj0218m31,21822.048209887223,411.8782147164326,20.451296263813227,1.0543405510301938,5006.839571388666,2.121089949312856,50.91180757459837,4557.173764941268,907.5178637989357,2.901855768837036,1.603343988814423,4958.952846745844,1.5743844960039792,36.20428040816309,7510.077509072522,187.91372840567394,9.541727081830176,1.2026741525588478,3726.0160050124323,2.6485123689888286,87.2758664141712,9675.973589551446,243.29318016603114,12.317734513409915,1.5571103918913762,3728.8320086937338,2.6485123689888286,87.2105643434637,12824.643581898334,140.25718190572255,24.400199857624944,0.5111306694418583,6562.87605074169,2.6510345369966677,49.601606201676034,4755.324011948925,86.0487210891274,5.15507164433042,0.2675483556932004,4861.359505581126,2.2133304407276158,54.98821640235987,2613.268597661716,91.9420368104711,2.354230563727454,0.2933503157464209,4340.460351719871,2.1596531897871074,59.92509678771233,963.103833260911,65.24004614177359,0.967802601583369,0.26189711016709855,4102.049533969639,1.3852930488091366,37.10373425856149,1630.371718492707,95.42115878637917,1.6895870974353642,0.4260119313290621,3969.053113544007,2.7007698204399713,83.64710285039445,1449.3095246274502,93.22367231123906,1.3177952662528312,0.3834919411659576,3888.6031900769794,2.3655591515253493,73.96959080674443,21272.952611541525,763.556006413163,24.525078567559337,4.058629715191666,3858.6484336041176,64.78679432658923,2150.3712994776774,581.1422139833264,144.1395193884341,0.5146387289701149,0.44782167138627516,4360.736261489807,3.212631395409262,91.48622795272266,2430.825580031338,91.85937663668224,2.2668517320895667,0.39240411905927747,3868.8484005603887,2.44012896070877,76.92309897373259,302.8305977465012,616.4773315012721,0.46181736455757744,1.794749057700153,6583.796980142127,1.4191449339067097,23.872504297567765,-471.22338837971995,936.2787310631584,-1.418355885162342,2.818146299830207,6547.353849572468,10.762910609553323,208.81430746713735,721.8883465475699,114.9707161747222,1.1149882123398394,0.33213964491937586,6716.562753621072,2.030833397852263,36.135435059848426,13634.103956685156,590.1665978684547,27.761753945509195,2.239349877185858,6741.322465745622,64.54707489461765,1220.804237906978,37.99669524275251,13887927477.476414,0.03607411377671463,40329079.67131908,4685.734739783288,0.3761281947041261,nan,850.7406427376528,81.84236432393412,1.2729682274233518,0.2662304188409938,5875.862994746706,3.7315071757441975,79.41715172998481
34d34m47pt625s-31d42m25pt358s,34.579895833333325,-31.707043888888887,0.35717186760882425,27.58112402422862,nan,nan,nan,nan,nan,nan,3206.1140821755716,2712.1039986049395,0.272,rxj0218m31,3025.8817578437333,97.05938659265989,294.43957484641334,25.79692137316354,5006.844207632886,2.087766405039918,50.013314908376955,1002.1632964301485,120.53541862331618,21.145449004865174,7.05692292353081,4958.737526042262,2.0046690562461262,48.22630626226037,-80.51251918857477,nan,-4.685478965250108,nan,3725.917009495135,0.2265960615524736,nan,1389.1443966796598,89.17693914125178,11.078790557382316,3.5766227898098806,3728.428153446833,2.4864203181640234,81.45821999064563,1899.310691307464,92.44180426459648,121.94936149574487,11.36891940690519,6562.753242638978,2.0825512511661617,38.04836642169841,770.6548782931304,70.11021733655394,7.864329440322212,2.0521327742908033,4861.233463156851,1.9530088338267024,47.74790160288501,433.19112119494696,158.41626777665613,4.319045877505005,5.596194645109867,4339.590409518006,1.8318069984608067,49.6510807470045,0.0,20.03457406439372,nan,nan,4101.73,1.0,22.16567686891332,-4703.02721696975,1935.0826504230783,-104.68961518771991,43.07503416060461,3981.6022211154477,132.07233104523772,4235.156504879458,520.8185166737875,61.01929731193145,5.241918979072398,2.777425884469812,3889.23648622803,1.4891595431565359,43.02683970584337,1176.4266049738678,171.77194068224156,17.994198484159472,12.309229953432578,3833.74648135139,3.3536289962951806,108.86653889711417,13593.509247268677,494.1727428575711,211.2611999124176,26.698658768575218,4380.627535559071,73.95249293387637,2157.6958441683137,386.7690298379502,2655013.961180211,3.768450500433804,118500.3357085153,3868.8451236194383,0.5873549000398267,nan,0.0,31.614768881950894,nan,nan,6583.45,1.0,13.810026928666252,-739.7584862233152,334.16492829831867,-19.22585401933148,8.684734612026352,6545.9909888045295,16.511628649640233,320.7378979685252,140.90748341873794,19105377.89794994,3.092244473036755,784195.2241846116,6716.630838582676,0.5174855068015569,nan,408.13816616801074,89.20889236014568,10.550811672368122,4.304518976512404,6730.336296902355,1.5054179369353424,25.208737864322142,-1886568698025.3367,1072713417144257.4,-67777183289.58403,38538482042600.87,0.11324849730377906,1856.9262821853745,50452.76651503814,0.0,57.98026485517603,nan,nan,5875.62,1.0,15.473706908126772
34d35m05pt955s-31d42m25pt197s,34.5849875,-31.706999166666666,0.38643129403027743,31.052138210433462,nan,nan,7.556528013784789,0.0015062662761970587,5.479692163011653,0.2624210911444684,1135.1263111550443,465.74542595214336,0.272,rxj0218m31,4893.371863000811,115.63577556088197,78.34460507827225,5.056840424233072,5006.843869529423,2.1965270436297657,52.93956205263059,562.5193889154731,249.0331081387095,2.0022395680210643,2.459488186826604,4958.829021450709,1.6022122524969156,37.000176303309104,2153.617331158799,166.36624165249773,61.55293485718458,23.949154387744162,3726.220837613062,2.433880463101264,79.64663311219705,3162.8720120103458,235.37796931542715,90.56615787656968,33.8836970205983,3728.873784121755,2.433880463101264,79.58703943205614,4283.132527213475,88.07665367996395,490.3875283759416,19.31550105252227,6562.753074846268,3.073496017221108,58.05505102627558,1965.8733145266506,59.88112096712407,580.4808369286517,50.71323950555664,4861.387234339673,2.4355412187363195,61.09161401362824,1281.3212255100084,72.78318358180108,55.24350097615337,11.114950794221214,4340.235408975012,2.6004268638678503,73.45778990280306,0.0,52.94419609943163,nan,nan,4101.73,1.0,22.16567686891332,12802.535309416919,1533.4060931495776,2954.7137095121475,1487.2154663811423,4011.5606720700675,73.07389720267145,2343.182220903895,1036.7026547764287,102.43023816383226,16.89816483488997,7.550760213232415,3889.2151965176513,2.1708135715941546,67.26662607028152,31690.66039596723,2717.0241794694534,394.5521779218569,162.22198098295402,3798.209640755104,120.95611977366035,4014.882951872963,-49.368900147624,1703062.0956671273,-4.018170243747343,138613.4472431221,4363.304552690738,0.5691494253991495,nan,-22635.51311054408,22062.764418845163,-254.10095869843713,247.67141628235746,3806.801741776454,259.60329188191787,8542.813571674431,411.4591820978814,390.9797390667407,60.23473763596078,109.12857765031785,6591.850212893054,11.369544877904517,219.44608211338414,-68.3146871794874,140.96592651277484,-18.90555746077494,39.01122194553303,6549.161156087374,1.7345531948255124,30.855816221524965,31418.598187233776,4910.819003835205,191.0693268835727,55.64974270049167,6741.6627017400515,101.9892715718905,1933.1613339589894,27015.389876538633,4058.0486329692126,146.5270313682031,41.0463840578792,6736.30700769215,88.42008829980021,1672.3698776474605,-3485.60320615929,1058.6890221458218,-113.76711256588543,34.5547057513312,4696.734475772239,123.8805302845809,3365.7858108909586,433.14837256645103,85.7111426853201,51.20994533653529,22.031967013492768,5875.438435845071,2.359303346961919,48.818389035183955
34d35m14pt925s-31d42m18pt044s,34.58747916666666,-31.705012222222223,0.6033297488515312,31.222854553027478,nan,nan,8.070504850121669,0.00011429615599609118,8.460879454003155,0.45623229453788794,472.71532361297295,230.80861343021596,0.272,rxj0218m31,6592.440183780067,226.48311589194273,20.4807588914209,1.9218530598939378,5006.855663956785,2.1183558857901215,50.83815601280632,1646.4118318373444,266.3799953430706,3.7012876067161686,1.661595119943829,4958.8280640348175,1.6735560227436335,39.0262632657828,6534.223111753614,90.94626261073229,24.682632416224138,1.7305347616086277,3726.0454758616042,2.006357837992412,64.24514576228228,9202.651913480448,113.74675233508563,34.82917950696554,2.164384805766875,3728.7926471543124,2.006357837992412,64.1970758751124,0.0,52.28161886059753,nan,nan,6562.8,1.0,13.853480493619768,2833.715711374149,146.09642702950828,15.835522907796411,2.341847605223433,4861.098026942108,2.244322206452933,55.84309769480391,1421.1383053712234,46.28368480743697,4.904923439061507,0.5657954618999335,4340.3221779383475,1.7694622317294906,47.66626694224284,389.87351667526735,297.90919538954796,0.9625606009742735,2.9391079973245597,4101.52219102125,0.6584191740241165,nan,-4416.991128288813,480.66393197215234,-34.09266214542105,3.710017195475955,3965.174266717986,79.05671635027537,2535.043800060384,152.95336630150206,65.7575415429299,0.45032317439116837,0.876145619514185,3888.152913243388,0.9565846074057428,21.342261947314828,-6361.629358801781,933.4105747292639,-46.30847710986221,6.794614995001043,3813.168247521698,96.19061613432737,3192.813283119046,20698.440241240638,3238.467974066663,77.34935785357251,43.47428839225983,4310.464204337885,103.27986525562464,3013.4400104085557,593.8532118405864,57.37210914068826,1.239225459903782,0.5483429770674854,3869.068358788671,1.2790333668797513,35.22659498780223,0.0,52.28161886059753,nan,nan,6583.45,1.0,13.810026928666252,0.0,52.28161886059753,nan,nan,6548.05,1.0,13.88468655302385,0.0,52.28161886059753,nan,nan,6716.44,1.0,13.536579167464883,0.0,52.28161886059753,nan,nan,6730.82,1.0,13.507659064352907,651.8492263775244,97.70216623731253,2.860554463354791,1.3123510400655622,4683.867099298841,8.708429605992048,235.8427901550842,-1527.035338449897,nan,-1.4600298540460404,nan,5875.62,1.5592550451910938,30.189293821115285
34d34m42pt045s-31d41m44pt286s,34.57834583333333,-31.695635,0.6158369806898696,16.364771261465705,8.955208856054742,0.004246411205259292,8.814490482296554,0.00251231934062964,7.2410717885566465,0.5423491002762673,30.079353594688303,4.255037867359307,0.272,rxj0218m31,15277.250974933882,183.34608737139158,397.09757004244887,13.016980334772294,5006.840807093591,1.7949774024031158,42.0276543894477,4717.203012100913,608.826188576746,83.63236001391802,29.948708513099433,4958.927149795989,1.715899467848616,40.21995201435576,1777.3501692760694,103.88709859168308,33.85351374897685,9.967772013588888,3726.0198607411717,1.9037030881530408,60.48839318983838,2170.871112811495,114.22536414213945,41.431028663502325,10.959709178259489,3728.860079786121,1.9037030881530408,60.44313420254491,0.0,74.56544148712373,nan,nan,6562.8,1.0,13.853480493619768,3306.509860454625,230.58077332698275,53.607094127487855,10.722541868733117,4861.234529264751,2.5662713528008165,64.65787116971813,1127.0100951067475,42.35200097456949,17.0239284599338,2.265561195460605,4340.64498834018,1.5517945468029992,40.621787489868055,582.1177631336209,40.94823393784623,13.039366230711686,3.665714372133652,4101.30826252255,1.5650009755506336,43.44486030303037,549.3900412181808,38.750089459572706,6.436845017588511,1.954709922355377,3970.0864910749806,1.3894547639976256,38.48868699029936,0.0,32.55213023945942,nan,nan,3889.06,1.0,23.37778840736009,44.751916305199856,25063434599548.31,0.32017161348447887,839168568578.9207,3835.4287033903784,0.2708569738520353,nan,539.6989429177194,57.917272262985634,9.402563037342357,3.537037026939844,4362.551745604416,1.4437323972713316,36.842619307712,1502.5505911755415,53.85735084590066,8.305935055783053,1.3637843748125829,3868.8464032321094,1.4334542756379007,41.164278196159344,0.0,74.56544148712373,nan,nan,6583.45,1.0,13.810026928666252,0.0,74.56544148712373,nan,nan,6548.05,1.0,13.88468655302385,0.0,74.56544148712373,nan,nan,6716.44,1.0,13.536579167464883,0.0,74.56544148712373,nan,nan,6730.82,1.0,13.507659064352907,238.0910519642029,79.07961303278397,6.681007041349113,6.785538367332692,4686.394868931621,1.1780392437201719,25.743907118177642,0.0,74.56544148712373,nan,nan,5875.62,1.0,15.473706908126772
STACK,0.0,0.0,0.41041717232603186,nan,nan,nan,6.234053520033267,0.0014291823420212527,0.33433532419575107,0.03546459430396556,4462.071155240017,3199.456316462746,0.272,rxj0218m31,3557.226865884336,187.0783208877025,2.3873346979619567,0.3429503986200721,5006.701733505638,1.9776083338961077,47.02964053568445,0.0,69.36288610587177,nan,nan,4958.91,1.0,18.334194769319836,2356.5896764479094,435.13742583835176,1.2505561495027016,1.162815615315932,3726.48310514995,1.570529336012538,48.03655964519292,3121.0464580010116,521.6615567761621,1.658707369254837,1.3940336273319847,3728.628692104173,1.570529336012538,48.00061744326039,3125.293343239283,166.27343762733994,3.3019279467722633,0.3364771767805645,6562.916808095039,3.284648767336429,62.2543351813893,27023.3575290519,1931.9066797101739,17.708180094880863,3.6486546950344554,4847.496944271289,89.09076866897624,2333.066811751088,-10.992327790845211,nan,-0.02321980639160463,nan,4340.46,0.2505824345899009,nan,-14538.908797028791,15336.850021135213,-28.43648151899749,29.99716541827235,4039.8769338257453,95.01812490150432,2949.1073394418554,8162.9674761157075,537.8302297430236,4.851545085371827,1.404618987552029,3935.99764571497,15.808826052703514,506.4507015807904,23833.054792834977,526.184037391623,18.24848830908349,1.8285162525328225,3883.5614007604863,6.094661375573545,198.1911870650757,-35726.79141517205,2470.8647223414264,-51.13724307810739,3.536651485188664,3849.1823810202122,74.24818927336864,2464.4435795443833,-23305.21911888458,26272.028713963482,-39.627728747715636,44.672432480393255,4363.61553923878,233.1128485265798,6801.757061944917,-8727.760568089507,2197.9020407939133,-17.204731446924526,4.332647998704681,3837.507034761951,39.07192168697766,1285.5452708884807,-281449.21298201446,442177.56045605935,-337.7341676474285,530.60539324564,6415.441937390723,259.83364230190654,5024.620230276496,-7079186259.176105,52916863391588.336,-12480585.412557047,93292280940.80328,3.94701428906147,3411.2184645294674,66322.44322067559,415.74289432316976,332.99930061146847,0.40631094135534734,0.6086625628346034,6717.079015102751,1.890229010545527,33.281905783031455,2961.985277244477,406.85092503954843,3.5806681696267737,0.9188043319071378,6724.655495787813,18.632274147258737,352.17146163369847,-914.6334813142498,721.7774565353722,-1.7166541660021057,1.354687208593603,4686.752516912528,7.645847629206611,206.86556549351792,5392.583548334839,595.703146273996,5.1224255317483225,1.2210509209562614,5911.133760495011,24.92377366466797,539.8234211465817
0d47m51pt42s-6d05m58pt798s,0.7976166666666666,-6.099666111111111,0.1835215793364291,28.79174331922129,nan,nan,nan,nan,nan,nan,525.1915996778789,265.6771087031287,0.232,a2697,9588.80548775334,176.58765780458327,106.37256157185149,5.350711780563387,5006.844249211987,3.597531583142703,89.72694752884203,-10163.566691507305,1296.001638579745,-77.49098402034792,9.881220374088354,4975.048165734159,51.973747844696554,1334.2014074557553,0.0,0.0,nan,nan,3726.03,1.0,24.400668213494743,0.0,0.0,nan,nan,3728.82,1.0,24.382410999599827,12040.693460824954,938.813598216406,137.70925704250692,20.627464746880367,6544.227525869084,82.43403522136653,1599.0598184570756,0.0,27.295617615296813,nan,nan,4861.33,1.0,18.702211490174054,-7760.750906561156,4000.181848836129,-148.90385150185455,76.75062518704681,4322.914019832014,149.45980462275682,4383.760988827365,0.0,41.62131961422755,nan,nan,4101.73,1.0,22.16567686891332,0.0,nan,nan,nan,3970.08,0.0,nan,0.0,52.11485165829985,nan,nan,3889.06,1.0,23.37778840736009,0.0,52.11485165829985,nan,nan,3835.4,1.0,23.704860453545347,-118.87608751948945,13869057.061757082,-4.446412935835419,518754.9154250725,4362.525187071295,0.6639054430430915,nan,0.0,52.11485165829985,nan,nan,3868.75,1.0,23.500516131444996,-23.005159310463597,1970069.3392119964,-1.0234868762283578,87647.30062209329,6582.605772718218,0.7068563910976741,1.8992499011662514,10366.018869177586,1046.049103101549,168.0086108358243,32.384516592746834,6580.163638151264,63.27598183444481,1230.1648343254913,-180.98859725977573,204.84750278189335,-11.504058897972898,13.02058678162545,6717.6224235822265,3.7867539586189136,70.54089632474485,-39.03540216641556,39968717024589.96,-1.1728600820116284,1200902517348.5156,6730.82,0.3715495306787317,nan,280.04045033335916,154.80316060006817,4.844258575154478,8.19021728761767,4685.866469038274,2.269951204850529,58.66891913896906,2.7085809415020217,nan,0.06293247434983888,nan,5875.577379946814,0.10630621632421247,nan
0d47m32pt175s-6d05m30pt586s,0.7922708333333333,-6.0918294444444445,0.2244765690277506,21.365298321343804,nan,nan,nan,nan,2.4791867328342554,0.21200872224505568,36.72252481544182,6.022042483177192,0.232,a2697,4740.103043567386,117.82852973976692,9.745967842786685,0.6617244528976741,5006.819801604253,2.2138566818972087,53.40424017070908,1277.4824524407763,226.89158193680467,2.640235328673704,1.301158434068621,4958.724820700123,1.7482466254008042,41.12785610475513,0.0,0.0,nan,nan,3726.03,1.0,24.400668213494743,0.0,0.0,nan,nan,3728.82,1.0,24.382410999599827,4995.4530016326535,68.63541363637471,20.78682818951605,0.5470465762842609,6562.819046872321,2.2980044552187886,42.45989729524502,2427.2417306496063,180.13726220388727,9.365062147934516,1.9936675765310188,4861.040959709709,3.0453634396497136,77.61755081104408,0.0,35.89254386703103,nan,nan,4340.46,1.0,20.94654063936261,50.44133040776046,nan,0.09950619708455931,nan,4102.731246054359,0.28294402793911955,nan,1.8019364291811544,nan,0.003314457022515635,nan,3970.08,0.1261607252651214,nan,-39.26202445522214,2.3365397414036675e+17,-0.3819941661634273,2273302415271887.5,3889.2225679668168,0.33118258464338485,nan,0.0,nan,nan,nan,3835.4,0.0,nan,2.0032685717200414,nan,0.0038574526278934334,nan,4363.165448545866,0.13058345172129673,nan,17.038297157566607,nan,0.04613579672275094,nan,3868.75,0.5475759023155573,nan,318.5052227641692,393.93401743715367,1.5052015081295194,3.5545488265507896,6582.824481054916,1.113269892887881,16.740080671317898,5267.414330792517,76.32499632664438,26.168909292536913,0.7263027710806377,6562.81806047388,2.3896337629247415,44.422273607366414,1226.2444489326467,116.61298985024658,5.618329031070801,0.9993531225706394,6716.429398613009,2.785481847756258,51.104419465307764,1094.4619289109692,115.37380078166075,5.527655135122632,1.087537623011509,6730.968857623102,3.3552770331753483,62.0669187692852,0.0,26.93770554880944,nan,nan,4685.68,1.0,19.403292965701418,611.620365584427,56.89536137961129,2.2474427312924647,0.4545701713153441,5875.232709846638,3.4302826662012342,72.76172251843808
0d47m35pt895s-6d05m45pt616s,0.7933041666666666,-6.096004444444445,0.4171289370304685,23.503009517081964,8.443938682549446,0.0037387702526000513,8.372604617957139,0.00441174651933633,10.406558718497875,0.670136405493211,248.71495549731523,145.52771980863685,0.232,a2697,9431.117709707325,167.7904191288773,85.86076178671603,4.17239342785637,5006.841265524344,1.7935350359147357,41.987822646254855,2962.6059594558733,290.87329307957066,27.621737871002566,7.524362247362245,4958.970571858943,1.7566155600418492,41.36222119208468,874.015129418999,255.80674481939917,7.168106342640365,10.565367100912127,3726.4108427737474,1.0587410135575919,27.139890601988043,897.4501709881323,200.15771867591292,7.372508508707755,8.266942990049506,3728.7845901995674,1.0587410135575919,27.11958383073613,3555.22158905619,87.31864377843728,102.46340106604177,4.820300170591874,6562.785699432204,2.1348841668181135,39.124598189716394,1361.1789788291312,75.28482343203501,21.09236152095046,3.345818832520197,4861.480012778099,1.5625484918409038,36.584622981239036,1173.874659935649,60.09406018359826,33.46377555035674,6.066128573049386,4340.85625802956,2.4287568595183644,68.2150318409822,728.9542259649653,77.96205217507173,7.609687059221115,3.2521207723869217,4101.566340282012,2.1949207165626907,64.56889096400884,225.4073025816858,44.43620545730372,3.5100098559604094,2.978652244249992,3970.3776565166736,0.9095545491757199,18.62366355400288,864.5894520763743,77.40240281273599,14.12256827095744,5.719322971932991,3888.812511821841,1.796010865178674,54.14383343221061,0.0,27.592924659713592,nan,nan,3835.4,1.0,23.704860453545347,624.7333441365977,69.0041685382618,45.64395017870849,17.666477537125385,4363.301624717976,1.9250086619137132,52.32290076654031,620.6850426260037,74.45449643531933,3.542352747928158,1.9464810423388628,3868.8557627752703,1.566525558466188,46.11724036017175,-297.6440649053775,390.1417914665013,-8.160707074303271,10.696779317989037,6582.040175687308,1.311359251300821,21.443837391519512,3479.622346658275,81.5990149805652,92.89611848638754,4.172682240729654,6562.786690482357,2.102884181200622,38.553559175143796,0.0,57.56565864675321,nan,nan,6716.44,1.0,13.536579167464883,0.0,57.56565864675321,nan,nan,6730.82,1.0,13.507659064352907,-1607.3589154571962,1000.6011742715248,-73.92720952915577,46.02061926190883,4720.008542349815,90.62138081255061,2462.1135110146147,-23714.454195344282,3668.459909709241,-192.10209303674617,29.71684783767409,5928.817519705975,98.43753840876315,2132.8437588170436
0d47m45pt105s-6d05m37pt659s,0.7958624999999999,-6.093794166666666,0.6042459384741192,11.332934719656217,nan,nan,nan,nan,nan,nan,967.8912547881454,361.32954800387597,0.232,a2697,1701.7144542790645,51.13832149121756,13.220258142131991,1.0851381893280854,5006.849749791787,1.844259171353494,43.38525367131288,-3343.2002519865973,431.9404199783196,-44.47972526817263,5.746766500582264,4974.119594753795,50.98876936860398,1308.9117092199353,481.9927967403011,48.194143691897324,2.2097102751874775,1.1130351707073642,3725.973373039703,1.006759612444949,24.72304165409264,322.78800664415724,37.853721347308024,1.4830570321134244,0.8742249571039384,3729.0933916055205,1.006759612444949,24.704543232014096,0.0,35.809333258184445,nan,nan,6562.8,1.0,13.853480493619768,-147.59736827566388,86179959.4558078,-3.4187349653938663,1996149.6885061632,4862.527814736169,0.4402933700280743,nan,267.00587818575315,67.04615112389483,2.657469415279977,2.363634204070149,4340.207734034103,1.669464072036616,44.454747113269285,-2501.7292533311957,918.2095695565716,-39.53075364452109,14.508970640947803,4131.233319682881,98.36547084044244,3053.0055079603876,8157.881426588837,500.9912702695964,59.18792561028406,15.369468394718748,4000.905059912159,59.13305712525009,1896.1104058614335,-32.263196926206966,747435.5964767348,-0.5046650639304482,11691.483455361664,3889.1944767771442,0.4945352546882583,nan,55028.02688184816,10794.274231531319,492.0983994611504,430.3634234097199,3912.2567790314265,138.0566629909024,4582.517203544628,0.0,20.11654539779661,nan,nan,4363.21,1.0,20.83732430562082,-10174.04659207739,2262.371573520396,-82.84046288482526,18.420979958342468,3857.061040296803,145.66419076316407,4793.360561007992,0.0,35.809333258184445,nan,nan,6583.45,1.0,13.810026928666252,0.0,35.809333258184445,nan,nan,6548.05,1.0,13.88468655302385,0.0,35.809333258184445,nan,nan,6716.44,1.0,13.536579167464883,0.0,35.809333258184445,nan,nan,6730.82,1.0,13.507659064352907,14452.459343626202,1366.1779088534852,208.56961890366614,59.31102918717292,4729.493319493696,92.52577154449803,2513.8574042888213,0.0,35.809333258184445,nan,nan,5875.62,1.0,15.473706908126772
0d47m48pt18s-6d05m28pt496s,0.7967166666666666,-6.091248888888889,0.6364933547981351,5.584921070167412,7.914297587743719,0.0,8.194778091898366,7.052860021380411e-05,11.132547668129993,0.3272659714806053,30.04269654434447,4.399146498673796,0.232,a2697,15757.56119842426,286.01211687919346,26.304054130352544,1.3040818123387605,5006.839863024351,1.674030543226472,38.66595173788268,5190.6577755552335,359.2619338952691,9.112705540554552,1.7499759997090314,4958.920478506556,1.779648671589766,42.006167145631785,3724.2040053679457,77.45541729992888,4.442044386103367,0.46535127574239554,3726.1057077493256,1.7384294189973297,54.37011078875791,5421.858335480336,96.93550597758454,6.479502600108343,0.5823874293611868,3728.8904415543698,1.7384294189973297,54.32942965931197,0.0,89.64918962125108,nan,nan,6562.8,1.0,13.853480493619768,2703.269926342288,67.00405859000112,4.433257185669887,0.3151645488736396,4861.363054144469,1.5350037469233475,35.77595336029139,1880.0613693913213,38.8714679260269,3.002325540218228,0.2198493683246887,4340.455295009091,1.8578066886486146,50.47532303600636,1030.9018189758508,37.57099794880614,1.592797899201306,0.23195060748133517,4101.640228545258,1.7452457885585593,49.621099459502084,405.653108049103,47.93952569515832,0.5835499448640402,0.2973230753302008,3967.776746615982,2.1484803431908848,65.13683270773848,0.0,35.05163903979429,nan,nan,3889.06,1.0,23.37778840736009,267.97963246055883,74.3928877534735,0.4123527615096659,0.5357400188169618,3835.364318242782,1.1862309508032705,31.788574155615898,117.31611031053174,799153.7093326256,0.16890916428574604,4031.7145661565505,4363.412115275384,0.5058266593399354,nan,1385.8144204704554,63.572346485257945,1.8105911748156451,0.38050351463408266,3868.7234758359054,1.434345034086725,41.19786476919189,0.0,89.64918962125108,nan,nan,6583.45,1.0,13.810026928666252,0.0,89.64918962125108,nan,nan,6548.05,1.0,13.88468655302385,0.0,89.64918962125108,nan,nan,6716.44,1.0,13.536579167464883,0.0,89.64918962125108,nan,nan,6730.82,1.0,13.507659064352907,-10.023923358167737,nan,-0.056048676774196136,nan,4685.212996185041,0.22318815591926489,nan,0.0,89.64918962125108,nan,nan,5875.62,1.0,15.473706908126772
0d47m51pt495s-6d05m03pt982s,0.7976375,-6.0844394444444445,0.6466909532326393,26.18154992279784,7.020339507698606,0.02682500342624862,6.246367215499782,0.0005948266639918229,0.37343571548668314,0.02246202722983537,6256.857606948234,4202.176693086906,0.232,a2697,1588.263169537567,61.53393073935087,14.956357819827998,1.5827170225264933,5006.850447279014,1.9810906509696413,47.12430365380393,422.06511855593726,61.158191289332706,3.2457512952419196,1.3049717134934598,4958.818049796991,1.3390957267225116,29.307482660410358,2175.9472931832206,73.83867487713167,17.327689269514835,2.9618653805509148,3726.07452256823,1.9048422822183937,60.53024727378087,2484.938102898072,77.28282190807195,19.82711734236945,3.1000192663491632,3728.8844587013546,1.9048422822183937,60.48495697017441,0.0,37.49650960500387,nan,nan,6562.8,1.0,13.853480493619768,17864.423266211918,1009.3243978234595,718.4354492092614,117.6914228111872,4830.5246531210005,92.85804102509852,2431.72832144385,384.16625131306637,42.96874905861235,3.3484703809373544,1.3264597894676649,4340.427800253916,1.431958314954346,36.640361464446755,-3298.8745067712152,778.9499787524454,-61.34240996761461,14.484536723909708,4066.9736684495906,81.56871542638262,2531.6492754006376,407.71760658313605,2039175.5377266803,3.0314281344572405,64055.162989153534,4002.3393501876244,0.4882943051396555,nan,-9.97466566312197e+19,1.2812761943240184e+24,-2.1612434189456018e+18,2.776183018416815e+22,12860.50751598021,2515.9508276373344,82360.78314563575,-5.720991113818536e+19,1.5460867134295314e+23,-1.221532686654331e+18,3.301168310320232e+21,373.10322910339255,962.2028753285613,31938.81879523234,84.08139397970263,51.208143355892545,0.46943997693664424,1.0057808232750067,4354.8725948545825,0.7173657160360285,4.577666740546399,0.0,36.903780878643296,nan,nan,3868.75,1.0,23.500516131444996,0.0,37.49650960500387,nan,nan,6583.45,1.0,13.810026928666252,0.0,37.49650960500387,nan,nan,6548.05,1.0,13.88468655302385,0.0,37.49650960500387,nan,nan,6716.44,1.0,13.536579167464883,0.0,37.49650960500387,nan,nan,6730.82,1.0,13.507659064352907,-11077.46626548893,7897.895047582726,-140.44154182408897,100.13052904552426,4730.383957477019,203.45839342660776,5527.940927242226,0.0,37.49650960500387,nan,nan,5875.62,1.0,15.473706908126772
0d47m43pt575s-6d05m04pt384s,0.7954374999999999,-6.084551111111111,0.8000413246209712,27.562286704118616,nan,nan,7.890537966294394,0.003806445772889342,7.021379112383251,0.35168589230574526,466.1987189715254,398.4626568454554,0.232,a2697,3735.804219399809,90.97770656888015,88.38798695601896,5.879384441954253,5006.832586714581,1.9949892823960427,47.50188828873905,1052.2505278650965,157.29062373982964,9.10717139705151,3.7770215144607673,4959.015568504344,1.9754827465461857,47.42585008021396,1576.4587330756663,55.117265890738,13.352834953478261,2.3517668143830184,3725.9869344229996,1.3951359871073983,41.234205039463326,2393.3498342793146,70.94221244578328,20.309583807598315,3.026992327588206,3728.639008682925,1.3951359871073983,41.203352535974254,0.0,41.01742446203138,nan,nan,6562.8,1.0,13.853480493619768,1247.3138359918619,55.405141579380434,22.674370470171027,2.8890125715133577,4861.118084557049,1.9677246387552627,48.16048382848138,275.5075618569708,23677238.30649244,1.604405084483481,488330.4439362763,4340.486107218067,0.40740336437019403,nan,164.05820718700704,48.73317145221958,1.2882191650142625,1.529002299181242,4101.673033517707,1.9529096243290913,56.58704429329421,189.60225229340298,32.432508510554406,2.735264840880223,2.0144296555088386,3970.0929615250025,1.0856094149760271,26.609135729591504,-613.2826853471223,119.41598736166222,-22.790399068942907,4.437656682976,3895.279457595264,18.32894365315497,599.5685171759583,50819.16324246674,7897.294349991582,583.9803443978135,433.50945220466434,3804.089567727265,247.46817102338494,8214.28801117024,-267.802411584533,137.94249190715706,-5.777775730290568,2.97607768802858,4363.813013104778,0.9593857041660027,19.142715875232305,0.0,27.208348671167265,nan,nan,3868.75,1.0,23.500516131444996,0.0,41.01742446203138,nan,nan,6583.45,1.0,13.810026928666252,0.0,41.01742446203138,nan,nan,6548.05,1.0,13.88468655302385,0.0,41.01742446203138,nan,nan,6716.44,1.0,13.536579167464883,0.0,41.01742446203138,nan,nan,6730.82,1.0,13.507659064352907,-223.9537633402099,110.37942290016353,-20.723588220625274,10.213973072371862,4692.4841262065165,2.8365833697245355,74.6865201666211,0.0,41.01742446203138,nan,nan,5875.62,1.0,15.473706908126772
0d47m46pt41s-6d05m01pt731s,0.7962249999999998,-6.0838141666666665,0.8137439380340985,29.234392149658305,9.872192126245007,0.060008308060111974,8.116089966254089,0.00018537095988922967,11.478357071912471,1.5907376576848662,420.43179752569665,289.39091947553374,0.232,a2697,1540.7749379277802,78.06234107252637,9.970938535683706,1.379825282645326,5006.847169124896,1.6365684283247794,37.614758224409,361.3988931048264,73.64350524296168,4.3043740388504235,2.4332852771427818,4959.341377694575,1.312684636319973,28.509074139836876,970.8425519846697,52.88482349746359,7.747873209081892,2.1260934846514186,3725.9807447978837,1.5919453949117086,48.85262432543824,1141.280315154132,55.91699801835977,9.124468764996067,2.247993985907939,3728.5588317153256,1.5919453949117086,48.81607152271032,0.0,38.21978254271118,nan,nan,6562.8,1.0,13.853480493619768,349.72746300029195,47.08187044970725,2.7233601126603713,1.0516153340146788,4861.197238731743,1.362924565623802,30.625388445622303,79561.65913324157,8767.85215814009,406.50705590872207,153.3978768499357,4413.943524522519,165.3941727518589,4851.136950081729,8684.24455870677,1006.3841480110698,194.4110930330983,88.04508825136575,4143.031359804205,61.62191377920133,1912.5071575043464,-40.49836274756808,13591615.611636272,-1.9699408904897182,661129.9209321375,3970.0899035683874,0.40183076810549473,nan,-39.022765888343855,98261618.41318913,-1.2003570216035337,3022569.5419409047,3889.3638085734983,0.385634543447387,nan,-9.752999508749086,nan,-0.28465271087382443,nan,3835.905128314011,0.20751538106160292,nan,0.0,44.82192134202319,nan,nan,4363.21,1.0,20.83732430562082,595.1564978719751,56.99085814970188,11.483872872724852,5.039251545295033,3868.2562623905,2.657858437494011,84.37507027187557,0.0,38.21978254271118,nan,nan,6583.45,1.0,13.810026928666252,0.0,38.21978254271118,nan,nan,6548.05,1.0,13.88468655302385,0.0,38.21978254271118,nan,nan,6716.44,1.0,13.536579167464883,0.0,38.21978254271118,nan,nan,6730.82,1.0,13.507659064352907,-177.6179305896239,13899715.915613195,-17.57289390225061,1375189.0490202792,4690.953325035318,0.4112427787937059,nan,0.0,38.21978254271118,nan,nan,5875.62,1.0,15.473706908126772
STACK,0.0,0.0,0.5407928243193264,nan,nan,nan,nan,nan,nan,nan,1213.782630983505,713.6792200312436,0.232,a2697,6657.911214958447,477.91797019188397,4.646506872580531,0.9109978776236425,5006.920381463204,2.6717143242851784,65.5611626990823,-18214.577636995928,2735.1581362631105,-30.37552663222173,4.561284399076547,4973.099702382104,82.40925239671454,2115.617052542158,0.0,0.0,nan,nan,3726.03,1.0,24.400668213494743,0.0,0.0,nan,nan,3728.82,1.0,24.382410999599827,-239.05235771979906,3137079.0820977995,-0.7004518462160322,9192.014903097966,6563.466885030764,0.6636727582797649,nan,-24106.74765596159,14615.113793331724,-46.28347516106656,28.060121003612334,4806.009556264742,126.52717769318996,3313.48531456819,-964.041448022359,401.38454092429424,-2.3311871443193906,0.9706039959700502,4341.0661398220855,6.293928380136074,183.46205838354402,192415.6925646271,696051.7770215836,213.3544264576586,2828.303387807512,4269.286635009471,421.8937458962355,13094.785820756291,0.0,151.64334925956774,nan,nan,3970.08,1.0,22.900702702093618,0.0,151.64334925956774,nan,nan,3889.06,1.0,23.37778840736009,0.0,151.64334925956774,nan,nan,3835.4,1.0,23.704860453545347,-3432.5135829947308,1102.3643927888206,-9.16903337049851,2.944668872981279,4329.62550458305,27.58515431297778,804.6229320070628,0.0,151.64334925956774,nan,nan,3868.75,1.0,23.500516131444996,-274.37994803621746,356.8634615112495,-0.6242337785314028,0.8118896026963259,6583.103360162117,1.781850625603591,31.686984196603646,202.4480654289273,10393783765939.49,0.21493593714844245,21186182337.39961,6548.1185022681,0.3861610312974212,nan,-774.673140936439,691.4768838252196,-1.47951263522448,1.3206199266807963,6716.661886709821,3.0931390891164154,57.10934691495333,39392.315304208816,5154.06528266764,74.32568831049863,18.109960976074646,6745.769544147936,104.66958374222008,1979.7291928713375,-159.77478715918576,44022741.53746798,-0.36414650881815225,100333.27488335935,4684.685436312393,0.6421265928541852,nan,357.68126560413623,214.7468361188517,0.4292542147828226,0.560292153169332,5875.751901330102,2.845513991184915,59.76054585632788
2d55m43pt935s-15d22m53pt365s,2.9288708333333324,-15.381490277777779,0.15226485154196157,26.85201724608139,nan,nan,nan,nan,3.3002603563112447,0.1494621956078518,169.83961772662533,129.33043947006706,0.3791,macs0011m15,21614.96435042248,455.82958132001704,63.549535309792724,3.66055681799096,5006.839346215331,2.3665437541010714,57.482044783880205,4630.312105016395,892.4239319205092,5.657326714729449,3.0253617947389135,4958.856773235406,1.949725975534675,46.71804197972213,0.0,0.0,nan,nan,3726.03,1.0,24.400668213494743,0.0,0.0,nan,nan,3728.82,1.0,24.382410999599827,15512.65854935128,128.0362723151864,193.14052861371218,3.0534007681430744,6562.805952632957,2.676502109731017,50.11364167174734,7952.486659196081,193.6776612888179,263.9801382442033,18.43917039214312,4861.423722548144,3.123293868852242,79.71311078665147,4784.523959542383,189.31245315435558,67.30983482161076,9.432807103881997,4340.389256827283,2.5063004876672554,70.58693601162095,-475.5462435897745,nan,-2.6495748101756695,nan,4101.73,4.731831208085122,145.25136213931646,0.0,112.68817482930307,nan,nan,3970.08,1.0,22.900702702093618,0.0,112.68817482930307,nan,nan,3889.06,1.0,23.37778840736009,0.0,112.68817482930307,nan,nan,3835.4,1.0,23.704860453545347,47783.62325741587,3463.402537519522,393.45552233428486,101.21375637505366,4335.987069593497,92.08926518950283,2686.9112605516766,0.0,112.68817482930307,nan,nan,3868.75,1.0,23.500516131444996,0.0,50.60900246191425,nan,nan,6583.45,1.0,13.810026928666252,255.9100915255324,14014163.096545817,1.973794967522779,207539.2135069026,6547.619641114623,0.709618167582655,2.263851346956136,1406.581076436645,122.33362570954806,15.698615375923032,2.553693106426326,6716.66949351124,2.453687178886399,44.576832874810705,965.3279458786199,153.74619058668833,20.702541299241183,6.153715132039191,6731.1627227886065,2.3093180370207467,41.62459164179248,-40.030717266352426,706028.9869774171,-0.6332787179307735,11169.25107087301,4685.579615399361,0.4912250520146893,nan,0.0,28.209410327024628,nan,nan,5875.62,1.0,15.473706908126772
2d55m29pt61s-15d23m12pt896s,2.924891666666666,-15.386915555555555,0.19824823404885028,14.153372453379715,nan,nan,nan,nan,2.8172509820856066,0.1477379741118491,2081.3573126449037,1989.6059462559583,0.3791,macs0011m15,9446.363041186229,221.9239791542508,30.920057752287423,1.9841143548590054,5006.8392519092195,2.7741687171455087,68.25693114852766,0.0,107.50865219951388,nan,nan,4958.91,1.0,18.334194769319836,0.0,0.0,nan,nan,3726.03,1.0,24.400668213494743,0.0,0.0,nan,nan,3728.82,1.0,24.382410999599827,8633.179706178258,137.56362586693302,39.466291429101474,1.2045564108831386,6562.742626644596,2.4641915483781407,45.83297638679014,3353.0427715719884,152.50090941034736,9.43258568913284,1.2304878691050427,4861.293768614495,2.391338449332378,59.88201620838421,929.5623261637338,154.36137659489947,1.5312722478876628,0.9004645727670499,4340.722526889025,1.7259402014328034,46.27306749482741,673.1344109760468,186.71702539540442,1.069109901422581,1.1851213144214712,4101.390761796583,2.2359314091555125,65.91052533027917,-426.12606589606645,18650764.775421485,-2.6959499561240436,117996.83826485575,3969.1073484544163,0.6454557863349416,nan,0.0,70.15359384204815,nan,nan,3889.06,1.0,23.37778840736009,0.0,70.15359384204815,nan,nan,3835.4,1.0,23.704860453545347,-183.4029340038033,184.8098832101095,-1.0260039043772866,1.033874745630572,4359.336459687206,3.2810731243409874,93.53132670775854,0.0,70.15359384204815,nan,nan,3868.75,1.0,23.500516131444996,2076.375872974731,852.9221241738272,12.542221235748492,9.835408979563596,6583.819653116199,4.423753436548603,84.46834930198058,194.12943589922816,309.3865337625611,0.8577623679841813,2.6246170248656497,6548.042201782648,1.428406194796888,24.208343017075446,1365.9259378877823,103.31386942310301,5.960710418493028,0.8432931546167125,6716.319752317931,2.57023009159917,46.877076063291895,1132.8301715786308,169.891164551128,6.342949781420452,1.775405411210567,6730.915311175147,1.8975500215910763,33.35982729791807,-2.0426598495326536e+16,1.0561766555743763e+20,-121331644060982.47,6.273567773361208e+17,-1.15899030335259,1504.0744785397706,40865.76639496907,498.0100453068386,74.70083622090317,1.657481924849572,0.5405042514699442,5875.821575714169,2.636625811863286,55.078979997401184
2d55m26pt355s-15d23m45pt287s,2.9239874999999995,-15.395913055555555,0.3760380109625232,29.506796030607642,nan,nan,8.012590862931038,0.00015980996422435904,14.161663101712051,0.8635077506215331,12402.868108600613,11843.674130076222,0.3791,macs0011m15,2539.0195297481837,121.50526432857521,18.686775512206342,2.4425909387495213,5006.835575443374,2.3795867894727594,57.82913746656341,819.612781348875,73.91218707463464,5.280941022089349,1.3215582054699466,4958.422259388237,1.6906630431134935,39.50926200014589,4878.365702148344,293.2921015467948,102.931048839635,31.181643315017748,3725.6215890295493,2.713180254377383,89.56484423572219,7874.0633142678735,450.1159470227999,166.4789992297134,47.85452740269935,3728.5520869585575,2.713180254377383,89.49782949234019,4585.563229716553,208.78099313378016,154.34452955297974,13.460582115452095,6562.651132376039,2.9743397174159165,56.077821117293134,1137.6531987662916,57.20121725505213,11.028356558964749,1.590507326670905,4861.186487924732,1.6919948165611145,40.34063167097578,78.21876192103689,nan,1.0910253736025768,nan,4338.653719466257,0.20498968416003843,nan,975.4752871346212,202.82185128267983,17.88687073438875,14.86341461788993,4101.274654197672,1.3481057900497895,35.75979768876671,-1537830.0552305994,5081583202.708963,-14386.11430703675,47537266.270899475,8608.350967997652,6847.219609484645,219572.5146059324,-120.07730363652247,5456349.344403063,-4.731302160114168,214991.81491996546,3888.6961888601345,0.5707262950318709,nan,-329.8899991951707,140.0096549878188,-7.641138533175732,3.242999704004739,3834.08712789921,2.234673598401617,70.44338687376228,-5552.201092439441,1038.6135596499196,-61.311269709192146,11.469093971764298,4336.555056736973,71.25706925681138,2079.044872126194,0.0,49.27975764572008,nan,nan,3868.75,1.0,23.500516131444996,11106.147740338938,1093.0904376962728,557.9231099008989,105.18355379147368,6562.557083914839,47.10703543861845,910.8508271312021,547.1078771049879,219.80014139541964,22.336433342434177,17.228321633133596,6548.254604395787,2.6202567171409843,49.09264939621483,278.97154371612964,102.86073006626172,1.8916792769639124,1.304688626898196,6716.0038092332015,1.372412322004652,22.375860925199213,987.0302892331124,132.91430020052627,58.64858933251616,14.737704793222955,6731.98348519052,5.7450170675073045,107.85452194068851,-81.21804288362388,3156.029915613654,-1.6894528099271977,65.64998884284708,4685.4161981286725,0.7507109297086406,7.3693906820935045,9.504277145951757,28802518100.36017,0.11726709875612487,772619361.862205,5875.658316091918,0.3412372291085328,nan
2d55m43pt275s-15d23m04pt376s,2.928687499999999,-15.384548888888888,0.3769702003894313,15.825249432476458,nan,nan,8.060041966365128,0.00022784963172825547,10.205980630976711,0.8334505503287261,873.0357144419773,361.59863487129206,0.3791,macs0011m15,3351.882112952037,102.93058498629333,58.90553395730069,4.940812573734546,5006.840868767336,2.005023104524686,47.77424753945599,520.3760036437875,268.61755647708696,3.081836308771903,4.413483299569535,4959.206556711618,2.370200350490888,58.13589948856803,3523.4349739852332,273.5204540361606,440.472946162933,172.2101879496515,3726.31543180361,1.9044940471312612,60.51745350303292,4881.193667585113,350.20371918807433,611.2137381154395,220.49045112389365,3728.671326087,1.9044940471312612,60.47217277205812,2911.5252316078345,190.8570637446284,42.49286818377726,5.335675796320562,6562.4868094307,2.5435064598996835,47.43550462109784,1202.9110383478433,83.42467764912578,51.67195793957451,10.279364466680454,4861.04910598096,2.200577993885223,54.636067919319586,0.0,58.79771572995625,nan,nan,4340.46,1.0,20.94654063936261,1248.6977613684123,162.9251620848395,246.58095179302083,128.64060564524868,4100.4198013674495,4.31709831309063,132.22158897174506,968.1953394442878,125.36183041413707,23.67598185162988,13.198830853061345,3970.05619430112,1.4909725866113865,42.21462236409016,1674.0883872689692,158.7718954618727,9.453464511470111,4.057855112238285,3887.9878236087625,2.2307969435987793,69.33778973918817,99207.24114044818,7884.441415260488,212.94761453932736,80.66341665292501,3807.4794812505443,162.33711947486884,5388.477986477751,338.22291735718994,130962327.11877443,2.708718163156846,3675072.9585269336,4363.437533115064,0.5183670952129621,nan,1070.7030222246315,140.15120474739354,39.26182738853439,23.514483685632012,3870.6805481148376,1.5731191154184971,46.35965099257304,-70.26636058378784,1960736.5150447893,-14.962675583749345,417523.60782714863,6583.981534849051,0.6009453410593782,nan,72.9070157909096,nan,12.762484177306106,nan,6547.271840628159,0.13208751071942976,nan,16265.13916298952,2076.2952999092186,235.94247522846507,56.46032233608543,6701.684287759888,115.63323931059854,2191.788145533527,14621.29634341854,1028.2680347396288,146.08572299367574,19.117587518408694,6750.977427948802,58.99077708807309,1115.7028470540138,16338.3495826073,1175.0196075181448,185.22738031393774,40.88136674395081,4677.050542615675,97.04469781681868,2636.6401833563646,25888.106516601983,4667.852285233626,255.02146053355816,100.40893246487106,5855.184821760442,172.70145701968838,3741.982158983444
2d56m13pt2s-15d23m09pt52s,2.9369999999999994,-15.385977777777777,0.37812562643435954,33.16779764198944,7.790195371327321,0.006837622000681668,8.024404485060474,0.00035765067330390687,9.210450313476187,0.853539686674022,12732.853964551437,11830.111401892167,0.3791,macs0011m15,2739.8435102685266,162.71356373691287,9.694059167907911,1.5724978335261888,5006.84219817496,2.0687455088949402,49.499651222006165,503.9246701597442,255.7635486742922,1.5286492721955163,2.1526243788923956,4958.980085323056,0.8795131988600221,13.670568496697632,3282.087800039858,430.164616127575,18.59595947650416,12.28058340479552,3725.656741083193,2.4857713506408023,81.49610607702449,7506.575796170868,886.4253340369122,42.61323108389902,25.306173122188167,3728.4079922048318,2.4857713506408023,81.43512857316138,5156.961927968052,147.4914435614544,89.35442205795611,4.894948798811716,6562.869559515481,3.1534403533936337,59.64662598272298,1523.5337360332503,86.0636120423139,7.550603940989554,1.2232958851688824,4861.497708175683,1.9110882380639342,46.57003273006553,749.8320319060258,108.93528740132142,4.331000521094886,2.2286305077643016,4340.275079495934,2.7422950184783796,77.76971435625711,-9672.06838409737,2056.49003266071,-80.50166048004152,17.116386672993084,4101.307478713365,113.43264370346354,3520.6730367641244,185.32119014026736,20098359709.154366,1.0146201407881028,473745030.17797536,3970.1319357056927,0.33489626318628046,nan,0.0,56.06486977191358,nan,nan,3889.06,1.0,23.37778840736009,-6910.995011214424,1931.2225503518669,-70.30634254738696,19.64654784730012,3816.8990171825494,101.79644071213465,3378.894563204282,289.46293398724447,89.4866257196023,1.416998063149551,1.5352685755887925,4362.984008282123,2.4130153207941523,67.37955146098524,-1179413.1453937646,6195041510.338858,-13873.35558234449,72871846.5246723,-992.9993347764291,7033.516003593049,231454.05311909385,596.0964663881316,251.83252200291358,5.590483171207519,4.508963592154096,6583.564005493368,2.66685062704287,49.763056938904256,-68.54587211498979,76335.09046978166,-0.9173272547709826,1021.5678467970986,6548.441887589607,0.6955386109789647,nan,629.5368687596556,97.75408011335722,4.940088580425379,1.4347503399301418,6716.644968700931,2.648572677164553,48.41857553336833,610.6983219201281,89.50574409101972,4.887101852652321,1.3367816962148196,6731.152293879531,2.2154573564786535,39.757604511878846,-136.74126354612778,117.28197132785245,-2.8182157898652833,2.4171628584606637,4685.829060611204,3.541344734702448,94.3200677571813,15926.616991398108,3378.3501144934385,756.817055076811,352.0004817627455,5836.047940465388,130.95823606545025,2837.500135367402
2d56m07pt62s-15d23m06pt546s,2.9354499999999994,-15.385151666666665,0.5588963880762614,29.197416718402582,nan,nan,8.090495529071541,0.00011769472596207438,8.512906963315272,0.3322960281840556,258.0662704419887,222.35285668492537,0.3791,macs0011m15,6130.4727978642895,122.91472579288637,49.271433002470935,2.69831507392242,5006.8341570570465,2.157416630627714,51.889311739082515,638.5930597588587,172.8788598085294,1.7250621015665732,1.2956596752611307,4959.111155729648,0.9211518652343993,15.372124956938645,3512.106232129961,167.06392982261227,33.26998859070434,7.971698924171895,3726.0941494836,2.2428977339532157,72.80694151292094,6665.483811751535,281.89539170204813,63.26039940454305,13.451049506295485,3728.7836628832483,2.2428977339532157,72.75246546773211,0.0,61.50272277504654,nan,nan,6562.8,1.0,13.853480493619768,1990.7014107558068,62.73472645479649,28.09727663506597,2.5397426778530927,4861.2253598779025,1.963590653857611,48.044626270025844,1404.7120602483956,58.58305834127943,14.849576834794874,2.1932560850451437,4340.543605686751,1.7361851058971751,46.60162225272082,0.0,42.36673023335393,nan,nan,4101.73,1.0,22.16567686891332,903.7592330404951,78.03234116668222,10.753731744069222,3.9999015191349927,3969.1110835522636,1.662532987650018,48.357124989201075,-213.49159896828675,16589675.945863552,-5.178763370437224,402423.3577857264,3889.591316225384,0.48848721036769216,nan,0.0,39.80642232216619,nan,nan,3835.4,1.0,23.704860453545347,40046.52239313162,4242.68439469004,270.509450967935,101.01200756246283,4350.765548906704,157.36004262302427,4591.420093453599,813.0558091315163,90.69317894286827,5.524675580001455,2.824461561898143,3867.998337279294,2.0881998858990447,64.74112879413846,0.0,61.50272277504654,nan,nan,6583.45,1.0,13.810026928666252,0.0,61.50272277504654,nan,nan,6548.05,1.0,13.88468655302385,0.0,61.50272277504654,nan,nan,6716.44,1.0,13.536579167464883,0.0,61.50272277504654,nan,nan,6730.82,1.0,13.507659064352907,0.0,43.00620586378142,nan,nan,4685.68,1.0,19.403292965701418,0.0,34.8646727851449,nan,nan,5875.62,1.0,15.473706908126772
2d56m08pt28s-15d23m01pt483s,2.9356333333333327,-15.383745277777777,0.5589459639529624,32.40718589467507,7.945172545951355,0.004071536475400285,8.089290630485545,8.313185077272644e-05,9.88248777011863,0.22437606463600124,212.4403727989697,112.90769847195851,0.3791,macs0011m15,15321.92566987272,282.91334815064977,8.68459330561184,0.43800218683108905,5006.839951759603,2.1062072246881036,50.51074770461656,3244.4726525729193,486.26835854078786,1.5421122710745796,0.6412616191040295,4958.980158823159,1.5430722396480603,35.30455790812607,12007.82160979744,177.56000009008673,6.672832447896601,0.4969984133083053,3726.1578072708508,2.1426692857426954,69.19316448059749,16376.333065427069,218.54876709880583,9.11843058203883,0.6117278127026599,3728.986796131913,2.1426692857426954,69.14139235727139,0.0,157.22122452998616,nan,nan,6562.8,1.0,13.853480493619768,4750.883997006612,87.07762865694116,2.7585055599783836,0.1450141033606812,4861.353328116521,1.9575839242392359,47.876220483741136,3145.79008991623,104.52970325608365,1.7291011636798133,0.20346063244678153,4340.742562292942,2.0711518425088222,57.174208092540354,2862.0756403871774,144.74930733855322,1.4394011730799143,0.29086897033410825,4101.721794672333,3.1760132516711788,96.15348261173689,646.3855723985455,87.655161345683,0.2939482572932884,0.1715686883002863,3970.6156706372512,1.9548429667322014,58.52990645589768,-2135.673437304349,887.8102418187916,-4.54240318126584,1.888299960263715,3914.8149339681772,47.224947580674886,1545.7601430938425,0.0,74.9652504786445,nan,nan,3835.4,1.0,23.704860453545347,1236.9449701237288,205.20209309577422,0.6640386923766446,0.38610426869842635,4362.835352902277,5.241668377036067,151.57192882693755,5227.766370334778,191.71647212483418,2.906579485813149,0.48825687596814143,3868.9132648491654,2.87244198173978,91.67459460207603,0.0,157.22122452998616,nan,nan,6583.45,1.0,13.810026928666252,0.0,157.22122452998616,nan,nan,6548.05,1.0,13.88468655302385,0.0,157.22122452998616,nan,nan,6716.44,1.0,13.536579167464883,0.0,157.22122452998616,nan,nan,6730.82,1.0,13.507659064352907,108.8653219664437,160478703176.99652,0.06263613052970234,282394670.66409266,4685.8983606810825,0.30707924641010986,nan,9820.222592727192,811.1295042254433,8.657612098566213,1.553893503272606,5878.08100259743,86.93567915375202,1883.619816701337
STACK,0.0,0.0,0.37135561077233564,nan,nan,nan,nan,nan,2.607758149124636,0.21727086268603077,388.34947542366234,213.70072904960554,0.3791,macs0011m15,19227.633340168886,1264.6342431734854,8.020716604971895,1.4409199796982164,5006.83368034315,2.072363049450088,49.597390216508956,7518.813495286648,964.4191466423542,2.9905278157446906,1.0643321029150332,4958.803342229447,2.101855847307551,50.88049468809544,0.0,0.0,nan,nan,3726.03,1.0,24.400668213494743,0.0,0.0,nan,nan,3728.82,1.0,24.382410999599827,13883.009140282942,629.8268704293423,7.226466402255314,0.6279602404254492,6562.734077797849,2.43174354330052,45.17609555962253,10256.490558541134,598.5744303073029,6.57768186820732,1.1010754928137645,4861.217111047496,3.564412824778309,91.52827994575392,3597.518577351536,450.57899264222334,2.1090337234304526,0.9357367837965594,4339.9951251180355,2.0634915475946927,56.935418328988014,0.0,245.1137544493353,nan,nan,4101.73,1.0,22.16567686891332,0.0,245.1137544493353,nan,nan,3970.08,1.0,22.900702702093618,0.0,245.1137544493353,nan,nan,3889.06,1.0,23.37778840736009,0.0,245.1137544493353,nan,nan,3835.4,1.0,23.704860453545347,-51955.76175122107,19320.128348179074,-64.51131293897278,23.98900148665816,4399.013811566172,133.82714005446545,3904.7669504037017,0.0,245.1137544493353,nan,nan,3868.75,1.0,23.500516131444996,158.69404534968407,nan,0.09740394439673392,nan,6582.83854124102,0.33382270045080414,nan,50339.45541833279,3264.3737442535603,37.83092212326158,4.693042194152196,6570.724166710225,35.12453590524215,682.7714068996287,949.8061859722177,418.40901225133103,0.5725759401079599,0.47174094153170015,6717.004576266061,1.8010767684842932,31.455467951643712,-1336.3937663970435,3668.9069662651495,-1.499125097322071,4.115666094205477,6751.143219937419,14.493076491498071,273.80945252628203,42229.342997001484,4418.963837693078,29.72846761347653,9.426228918715694,4710.30859431685,86.04794228517889,2337.849077424183,4432.967009428955,301.35655982266246,2.4281536096631515,0.35911225188880774,5872.523951640984,3.6576284848670597,77.78685075238505
4d38m40pt875s16d26m18pt34s,4.6446875,16.43842777777778,0.21089310271044237,28.902403268954643,nan,nan,nan,nan,2.8654824941856702,0.20958993198598147,180.52812863331457,105.02090789133003,0.5471,macs0018p16,9817.803433579293,361.5346846958227,10.159925039761154,1.0219068258154647,5006.85096774435,2.482682287417788,60.566556690464864,1987.475810002158,562.9643204942184,1.6828928622802495,1.3226504545819318,4958.825624330984,2.01048859140851,48.38571540763641,0.0,0.0,nan,nan,3726.03,1.0,24.400668213494743,0.0,0.0,nan,nan,3728.82,1.0,24.382410999599827,13703.661919975639,212.3010453322814,37.401555867390876,1.1098951068352771,6562.615846665593,2.8401105027647153,53.39496644484937,4119.822496747217,190.49077377086186,5.867837895591495,0.7781561561040615,4861.42592438927,2.5466141198032424,64.12262433226807,4110.215161457916,322.1456525066687,5.561379863797177,1.5428387051373371,4341.723605321084,6.224562513120282,181.41464232307013,1883.4112282787823,160.19884022146792,1.7014101822799896,0.5782836068038281,4101.563048792769,1.6425597371898486,46.12067865235572,-283.10510881318584,12533543.663330203,-0.9535429015151539,42214.96263737545,3970.6582418990088,0.6082436665291698,nan,-2192.4388309293527,1057.1817424592502,-44.89703346450597,21.649098437623472,3935.320780707736,13.282244700246238,434.19602996005614,0.0,95.24474482145243,nan,nan,3835.4,1.0,23.704860453545347,10400.433876384042,1224.0649027026573,11.95222759650998,4.912914970082716,4370.526628106467,74.95609570714292,2186.9803507975894,0.0,95.24474482145243,nan,nan,3868.75,1.0,23.500516131444996,2333.280482846207,821.9798088296798,9.90593372231624,6.662644148490273,6583.201722515467,3.480495726339461,65.93020790026107,238.1296801944305,430.9794799698238,0.5742599977540359,1.9956649088751421,6547.366759053765,1.1679105038267161,18.176506719398155,3025.0355412902454,165.08096940935874,8.349111565006945,0.8522424174494414,6716.20813225225,2.6710707491676904,48.86060943705989,1887.7765798560538,257.6033428033821,4.8393633672541405,1.2325578706853946,6730.639095424195,2.987613475190793,54.93625143355256,1200.047304155492,163.94876635344923,1.4940513080803555,0.6241859138575242,4686.288467054495,4.382256355846871,117.5372829299354,510.94599183527913,176.05247932833294,1.0213054593770985,0.7648247016583601,5877.162167759217,6.221645423416319,133.95169383970864
4d38m10pt785s16d26m34pt255s,4.636329166666665,16.44284861111111,0.3201526670806736,49.096548303611996,8.03871766615811,0.003949140453937546,8.139988514487017,0.0008106316389477617,8.32821725789742,0.3915190442940975,790.3799075573664,351.148606180647,0.5471,macs0018p16,10060.329709723037,178.8261895785753,70.9827721310447,3.4463436871363666,5006.839847169253,2.0795145879865085,49.79054651995747,2764.9210388760025,417.9937393966386,8.709764096659491,3.6533553622919235,4958.902872177341,1.7755259665936032,41.89102102831332,4403.772589673012,387.97082227866355,10.28611111414642,4.5647796183887746,3726.057117384711,2.4573090920430416,80.48209257777444,5839.465625818089,481.90185244933826,13.667776770189056,5.669951521623771,3729.021318075457,2.4573090920430416,80.42187378515587,7447.807215305147,213.43138064352337,112.85439620699734,6.194705435702358,6562.6799594898275,2.6458964224256576,49.49825806384782,2769.9192095661197,91.96738517534017,61.17478890334274,5.825846259961444,4861.250441568696,1.8176615946337449,43.93005198839585,30937.478344901745,2182.120947920846,1012.3265221585528,249.5580970194667,4368.929326430134,97.82839212959307,2869.333429644748,0.0,67.07214709034261,nan,nan,4101.73,1.0,22.16567686891332,-2097.9358436543835,541.4821733152589,-33.40165753080395,8.621046333145774,3949.749577604711,35.8244281648377,1148.5768656954797,65488.92224145471,10624.131201593096,1668.8189680357448,1230.9657674078164,3880.63703280334,180.57885236667656,5911.285852438638,-11046.520441361346,8088.606582271908,-102.87090431487366,75.32528257948046,3785.136013234476,100.99454412470287,3352.2762194058464,761.53249624803,99.33544119884724,10.336508767748615,4.725109233702602,4363.122038756158,1.550067155214851,40.35350117363701,1920.2005372607919,286.54957685619746,6.990198577012723,4.771726906120549,3871.0600869339637,6.117084965480259,199.9744401989429,0.4009808486230257,nan,0.002315781255268662,nan,6583.45,0.05277538646952377,nan,-1253.9836395863315,1087.5849981555625,-18.170685324045305,15.759507652872037,6541.877086717412,16.021103899246363,311.1920499715237,546.7007166168784,176.48464838861364,13.337087898620473,8.053442609187753,6716.102122188316,1.4957669778516922,25.05589502151094,2475.5458606220654,395.71091310649336,67.40227109732857,20.133426547725836,6722.662301289715,36.56459745796317,691.4745491964447,1116.9008110016819,133.57301049864407,8.010560959554395,2.929059446117413,4686.753320056359,3.7289977845452875,99.51592001083334,214.49449250781836,24788826.768173322,3.540045257652272,889615.8820982552,5874.837784175366,0.5688814876716286,nan
4d38m38pt61s16d26m31pt04s,4.644058333333333,16.441955555555555,0.5342446427321721,40.90620329423247,nan,nan,8.119109002801705,0.0002501995485694027,9.992725277898298,0.7480004320643223,640.4917704683457,281.22588506183416,0.5471,macs0018p16,5331.190140221772,104.47349436917932,309.1126181816307,16.545652329492626,5006.850599422598,2.511703483495866,61.33530748288198,1505.3252588112782,507.7076222956436,24.16203967992687,22.607308446413622,4959.365425942029,2.4274394671756743,59.67227942084429,3671.2261091834107,252.44254120601806,55.04846024674422,19.0630341199057,3726.3833874451648,2.473474281997922,81.0581281804858,3628.04953055967,270.5994154462241,54.501623564698,20.434138655212262,3729.0303332610233,2.473474281997922,80.9974783830637,0.0,58.720806859586645,nan,nan,6562.8,1.0,13.853480493619768,1414.6081920255906,84.56008713880084,13.380906530254684,2.2940009247531714,4861.521016447231,2.1145550767678367,52.25437798257638,2167.808060690709,145.678199436936,32.64890143592699,7.770477124170765,4340.47076021556,4.309527053604944,124.72420212764641,-1130.8144024430405,368.205051707405,-44.7269478710201,14.563564204686452,4112.745571018583,29.924369384471756,928.5430875380935,-14641.125430112503,3117.0902716111646,-155.55419223674815,33.11743087264671,3937.1633166499896,123.23339521239335,3951.7105657086568,15732.350268681994,36910.04400655579,170.10955348469807,1876.0248233254574,3828.6149209750056,23.79869298785744,778.7238864185664,-95.62417414097575,2.1120862096984817e+18,-3.9258036787417336,8.671066585767195e+16,3835.1955159451013,0.27738428655689285,nan,-2677.713643817215,1037.4870081576146,-72.99237458824075,28.28108244685896,4395.347075796124,71.24182976525212,2078.6001914048375,1344.3510276157606,85.22756124500158,236.18045552911866,68.5772538646011,3869.110161123674,1.490159500702431,43.28999819318046,0.0,58.720806859586645,nan,nan,6583.45,1.0,13.810026928666252,0.0,58.720806859586645,nan,nan,6548.05,1.0,13.88468655302385,0.0,58.720806859586645,nan,nan,6716.44,1.0,13.536579167464883,0.0,58.720806859586645,nan,nan,6730.82,1.0,13.507659064352907,15262.03870398008,2734.54254443219,414.338188136044,225.04097687456843,4709.244451978982,142.0641225606959,3859.8417038506095,140.56440953699084,29869196.9484842,2.1142724366917514,976782.6721153957,5875.541627815255,0.48386110544767685,nan
4d38m15pt405s16d26m17pt456s,4.6376124999999995,16.438182222222224,0.6570011300261569,32.22293007349565,nan,nan,8.081211376846856,0.00028755632075408444,8.322372136842702,0.6730477984997653,6782.726580071734,6533.8905629904175,0.5471,macs0018p16,2613.2426975506714,165.14968686852197,16.269155373998903,2.8083624410549275,5006.815478576924,1.7984076279734587,42.12235892459467,731.7822076738533,113.61168003755914,2.5347607860447927,1.091907209418037,4958.839383151478,1.0344538286345335,19.553576744443443,2457.886804427689,115.65502311380497,20.97633940450358,4.972611632315346,3725.866643898612,1.8125651483793888,57.126553441761814,3122.8173506639064,129.8257152378507,26.7065023569619,5.581883470207343,3728.8441979454083,1.8125651483793888,57.08380987030959,0.0,57.22044609951744,nan,nan,6562.8,1.0,13.853480493619768,1072.4981908466204,80.66211071886444,8.534815645558817,1.8409724132693128,4861.512282064592,1.9813916618524794,48.543261247931994,643.325831765984,60.725793141214474,15.280672177868556,5.108177766891564,4340.588758281417,1.23895017755442,29.983674541885026,-190.22172775786342,128.28509738905873,-4.963053752888415,3.3470720802561122,4102.26570070288,7.985475533527988,246.90032545657297,-58211340080576.914,8.195016338451918e+17,-798708183317.7358,1.124424657271904e+16,13570.096730045623,3571.9177804679,114542.106547072,-17.62525649805248,nan,-0.37145604199658855,nan,3891.2027856534028,0.13403159606219311,nan,-458.2174835971342,143.1641238136506,-6.3557607856716185,1.9857752194585347,3829.858288338574,5.433858892987092,178.8656148046984,-45.13321741838706,1301657.496135124,-0.9466619886655643,27302.056984546176,4363.697386833868,0.4842093884464814,nan,211.76247879752603,1194012.7231626017,0.8462998355534952,21859.035703476933,3868.8263896106023,0.4871906551764841,nan,0.0,57.22044609951744,nan,nan,6583.45,1.0,13.810026928666252,0.0,57.22044609951744,nan,nan,6548.05,1.0,13.88468655302385,0.0,57.22044609951744,nan,nan,6716.44,1.0,13.536579167464883,0.0,57.22044609951744,nan,nan,6730.82,1.0,13.507659064352907,13.689904194606061,nan,0.10957260399301835,nan,4685.605090292802,0.17682405807055665,nan,0.0,57.22044609951744,nan,nan,5875.62,1.0,15.473706908126772
STACK,0.0,0.0,0.43057288563736124,nan,nan,nan,nan,nan,1.7321044124269298,0.13725450824163538,50.85445320678993,10.688770030608106,0.5471,macs0018p16,11351.179207055899,374.7937070823136,10.801327700198081,0.9741407151812781,5006.793367504605,2.5664587378730443,62.78372088753988,2403.708195166464,564.792854623881,1.8479961798177422,1.2048819992255866,4958.64217072427,1.8898167851012215,45.06623935049152,0.0,0.0,nan,nan,3726.03,1.0,24.400668213494743,0.0,0.0,nan,nan,3728.82,1.0,24.382410999599827,13264.022754019099,308.4865486590383,23.51676940098247,1.0476468298518147,6562.623095513073,2.7413265661545836,51.41537371574723,7941.142175690072,492.7815970316499,10.046920794973037,1.7876772003556785,4862.142649501765,4.73406779390084,122.61454703592402,0.0,134.09158828690252,nan,nan,4340.46,1.0,20.94654063936261,2504.189397100625,558.1197703035335,1.6836164734070267,1.4983730089329894,4102.838579890273,3.1801461115304486,96.28498855418414,0.03153807191107464,nan,1.9810499874416072e-05,nan,3970.08,0.011818634855274695,nan,-1184.3592145216917,nan,-2.017253349163077,nan,3889.06,6.193775473006099,201.45699695176032,0.0,149.95397018833373,nan,nan,3835.4,1.0,23.704860453545347,249.40910769269948,233649500.25818315,0.20372562385710272,668605.4530507383,4363.8709915172485,0.5157133554877967,nan,0.0,149.95397018833373,nan,nan,3868.75,1.0,23.500516131444996,1609.0061658408636,649.4148586090832,3.8047264477045717,2.931913703880668,6583.11095910071,2.241724750703249,41.1826109305644,1219.6524888282563,1137.5510975249222,2.548038525982235,4.562835992270016,6547.968660121237,4.06561942438778,77.86515874274068,3399.90408107817,241.02689835010142,7.258678753941959,0.962492813610769,6716.442534283981,2.711445372159064,49.653191831424394,1528.3046296831726,288.1946821435443,2.5916701305619174,0.9121953965997631,6730.424190554701,2.4955484451106886,45.3071004199228,822.1359822118227,254.3311695756113,0.7879495179914743,0.745536883166379,4685.831962213609,1.636670808865216,40.19597916313495,0.0,71.12947674269347,nan,nan,5875.62,1.0,15.473706908126772
4d45m34pt185s-40d51m43pt942s,4.759495833333332,-40.862206111111114,0.13366162080822774,4.957741556007506,13.211742798569128,0.06219177387772526,nan,nan,4.1694279371339205,0.13342596215893357,42.43754119613859,9.271891083552276,0.477,macs0018m40,30848.576165102044,520.7346037468204,50.700814785862654,2.337667824992935,5006.841091736755,2.4282710301036667,59.12312449250813,8853.515905624688,1030.636275590516,10.365844212176752,3.3480194422957994,4958.936513249194,2.0971966719493005,50.7536201836608,0.0,0.0,nan,nan,3726.03,1.0,24.400668213494743,0.0,0.0,nan,nan,3728.82,1.0,24.382410999599827,21683.317149425642,201.31624861500543,62.94887516483938,1.1194611334460725,6562.743390474417,2.4135054973362413,44.80653694147904,9522.191693764611,127.09627063730655,19.825891885100788,0.7589817433782685,4861.363238973069,2.4906853911635065,62.597863822102624,3188.5560662560883,197.874602873785,3.419100015512074,0.751452554397305,4340.5277699800035,1.6325883285971188,43.260472413061834,0.0,147.64363034056868,nan,nan,4101.73,1.0,22.16567686891332,0.0,147.64363034056868,nan,nan,3970.08,1.0,22.900702702093618,0.0,147.64363034056868,nan,nan,3889.06,1.0,23.37778840736009,0.0,147.64363034056868,nan,nan,3835.4,1.0,23.704860453545347,0.0,56.41441756661471,nan,nan,4363.21,1.0,20.83732430562082,0.0,147.64363034056868,nan,nan,3868.75,1.0,23.500516131444996,1300.295683143305,773.089584283211,3.7796152040142514,4.290214125167239,6583.395643374292,2.219937325789855,40.73887599154481,366.193692894779,602.4462216104373,1.0903651730078778,3.444274377372908,6547.620062444373,1.8502409496546905,33.29936960245418,3662.4331918763855,189.42785685026763,13.676806749277876,1.3231572807498835,6716.2652969885885,2.7105134445990196,49.63490708871628,2408.5797687966206,377.9772206914033,8.543441770431636,2.502365565884634,6730.714491477246,2.5634208501556084,46.64305841428849,-709.5453393128267,200.18848368689734,-3.059333924832347,0.8631490978394768,4649.918162374253,7.981885346265688,216.03260095518766,1017.2952261283908,94.76473322281012,2.2204408877807174,0.44969716390035963,5875.624184669151,2.8127561912755072,59.02798713183385
4d45m51pt195s-40d51m46pt433s,4.764220833333332,-40.862898055555554,0.25769317253228463,16.562687142124116,nan,nan,nan,nan,nan,nan,337.65601543291245,149.61544812937487,0.477,macs0018m40,3376.338279570745,112.58932261998183,16.735377338468187,1.5243157925395632,5006.829401600459,2.069092208365703,49.50901933100407,-315.8885680754331,177.97352207177738,-2.859112651348753,1.6108412902077685,4966.234566434247,3.2888918420951656,82.50111849359585,0.0,0.0,nan,nan,3726.03,1.0,24.400668213494743,0.0,0.0,nan,nan,3728.82,1.0,24.382410999599827,4987.100402206008,119.16614215274113,103.77365150982948,4.749503479398578,6562.910846324438,2.6145588125357815,48.86760222123397,1454.2290910310226,104.28261613998284,4.909715655507542,1.0097532835332894,4861.514119494636,2.3090283396500038,57.623928310028525,1780.507539639191,164.09422428215947,13.269442382393915,4.331247445269613,4340.443912474713,3.693382540415598,106.3672279340596,-130.8464924265747,128.36408254327785,-1.1608707513852072,1.1388467981784676,4101.496571801143,1.0682710569690526,25.046908147445837,-5948.231130237296,1231.108805563829,-50.59997837090405,10.472706518933492,3999.092522380388,69.21174914428435,2219.3271823933665,2011.5746407961137,157.80254667364215,8.064319598871307,2.926956415010733,3853.189029195401,2.3782337477278475,74.40384136041777,-617.4413172623524,243.41683233843438,-5.612834802473129,2.212774606848029,3834.156853540225,5.4070806267010285,177.9692460049027,1828.3751363477095,189.35652687137986,7.789426485340514,2.8299531240928135,4360.95097067678,7.9434460846976,230.87289170716588,0.0,61.102325058550434,nan,nan,3868.75,1.0,23.500516131444996,0.0,59.987195480977725,nan,nan,6583.45,1.0,13.810026928666252,26915.029201345526,4768.55866273055,530.602787355492,180.1815583959189,6558.694521900699,110.04285276907034,2139.45938145768,1402.5459866275621,108.26013290302966,23.069319789942476,3.330384134837507,6716.948487553628,3.3310415507532505,61.73000757171143,403.24431157884493,220.61851384794895,3.800710674708,3.881628443488789,6729.756000342606,4.990807490375477,93.46552820563502,-2188.948494359914,821.3869197299987,-21.892534236474148,8.215013422158822,4718.324081406752,59.70459844732387,1622.065111771582,0.0,23.545119129496317,nan,nan,5875.62,1.0,15.473706908126772
4d45m25pt785s-40d51m38pt396s,4.7571625,-40.860665555555556,0.32091403750722036,10.459268844430143,9.662126965963852,0.061657821604496094,8.048224386068668,0.00031295479213565064,7.355709785550326,0.40412347467702514,11928.892480014687,11330.04640041679,0.477,macs0018m40,2305.985286316314,89.50378179378068,12.391160856628014,1.3136581198740305,5006.848505657092,1.8590975795271072,43.79279742327851,409.61634755767153,116.52931735017391,2.9718268509988324,2.3456674013154584,4958.99650961095,1.79996334205755,42.572845511698794,2573.6760644631454,142.61073285235628,11.791695705186498,3.291532344157004,3725.9611682645113,2.0413216670540337,65.51837252070919,4120.705124748475,199.26358896721496,18.915853287099587,4.599110704924464,3728.7058237675374,2.0413216670540337,65.46934997219981,3035.3422444276252,118.75808046561309,37.53707059900592,2.813153433354995,6562.604749004826,2.0463235330809697,37.30133516414479,1279.2759770879934,58.57487495196294,12.04460792759232,1.5817027891543824,4861.479516807371,1.8131765050435524,43.802751006592764,623.1902556748238,76.48321837808781,9.270149880203913,4.028474726987203,4340.946925542011,1.2104966085202684,28.96655094762036,-2967.6299486151443,1551.2200026050325,-65.85067020479548,34.421029095724734,4062.70225425678,52.8739365587367,1640.9656576384878,-187381142.34908307,1620633366739.4673,-1652741.6125183431,14294331704.180292,14007.018204674421,6905.346645852588,221436.49741978134,-25.01509402991801,nan,-2.469271701733403,nan,3889.579956643512,0.14559113014356487,nan,-176.20458347946982,140.27249700636688,-5.205345130147905,4.14385792223647,3833.5633151192965,2.206511889624159,69.45837980685694,0.0,49.51536896231821,nan,nan,4363.21,1.0,20.83732430562082,0.0,50.41792254557157,nan,nan,3868.75,1.0,23.500516131444996,684.7157828747174,176.8882192804229,31.685164494234765,15.62563973631755,6584.129718775241,2.4179532592769433,44.75586028812256,-502.66584400283085,404.59027949994794,-11.508612200109278,9.26315699037729,6552.742316309257,7.1830292312919815,138.99095864396114,475.9587459277123,118.13121787653759,3.3911193282134877,1.5743056560283246,6716.296162331445,1.8032410522417837,31.499987585867615,137.14215714095215,88.29661452583089,1.4551911992257476,1.7487396798348924,6730.425571741794,1.407733712388765,23.101374206379887,-0.003687299177866203,nan,-6.624083958959303e-05,nan,4685.68,0.009867079113647323,nan,9939.381747563346,1981.5366894934741,314.15541395607625,136.97414451019597,5847.985700071504,133.4700478479283,2891.92563934472
4d45m51pt3s-40d51m43pt7s,4.76425,-40.86213888888889,0.3779437694431633,15.702393364967508,nan,nan,nan,nan,nan,nan,423.9648891403172,216.85970609646537,0.477,macs0018m40,2494.8933681165386,161.87647174445826,5.716133866000002,1.0130277376267793,5006.836399224073,2.762380108639614,67.94711060194592,-10234.001433355481,981.888862944943,-47.5556133918372,4.562665684975421,4980.644266839792,72.08802747635131,1850.6292362008644,4151.754541080223,246.5244285012018,9.839081422796387,2.9426678532600112,3726.175849942849,2.3490387647310498,76.61495256829156,5170.137674789476,308.6922346815131,12.274212892861632,3.684741188007076,3728.7116871903722,2.3490387647310498,76.55762727029767,4395.890481439673,137.70417785501903,35.87859429335226,2.1528453121769116,6562.6103214072955,3.4657621911307563,65.84585846590682,1519.0978750135018,56.88694767426758,4.635065262072243,0.4978978273435825,4861.001721419915,2.5095198664197844,63.11165771221226,198.31054774464926,2.3085695406715274e+17,0.4805064688127588,1980928973323209.8,4340.632057249406,0.3143755425343188,nan,476.8649368953082,74.91584688493911,1.065238195079855,0.6687128237320399,4101.575846630433,1.2070420740385044,30.520949921102336,0.0,40.45025190568713,nan,nan,3970.08,1.0,22.900702702093618,-115.42255881048055,99.14588184322095,-1.2940917242350725,1.111601289276307,3889.354615533211,2.077473431398186,64.03020725814916,2709.3621231890816,226.0052884907594,6.568733701741655,2.5972768535799315,3815.8419460886043,11.87968855366918,393.64261847810565,-18.04197447468203,nan,-0.1308689411815702,nan,4363.480775127033,0.2737750407474015,nan,116.936560048412,7.536500721756746e+17,0.24062312105657377,7103556482007489.0,3868.9272802045316,0.28594493993153997,nan,617.8907505511421,234.272388892242,3.8430702412156954,2.7817069409861506,6583.687438214381,3.894356080811806,74.08212414135576,4367.995569702422,130.8969098916807,34.61411127176894,1.986907369971861,6562.609216272329,3.4521825061157454,65.7245806964117,403.7172597015871,59.12629014140288,2.329076057878272,0.6380844909662251,6715.673592097262,1.2932444987013303,20.6120404633225,591.3219512666604,72.72783209854177,3.540801559587041,0.8128612213378716,6730.330753099728,2.533264688740213,46.04984987477687,6459.341584705446,343.38180210387907,20.31349999885476,3.3502024924232803,4649.149021063264,36.38587481285673,988.4228820504746,31489.21587922802,4747.87752753339,410.14215072827386,135.23516798293622,5848.346149765801,171.90273122381905,3724.675606120399
4d46m00pt975s-40d52m15pt046s,4.766937499999999,-40.87084611111111,0.37783915290273096,43.4047624887473,nan,nan,8.012363501761222,0.00018326120592525858,10.861609369267283,0.6891478803121687,231.60040716819591,150.65506896392992,0.477,macs0018m40,3686.881412973098,127.72269847695397,22.518748493432717,2.1307808916433735,5006.847645662433,3.279767564033569,81.47388182345463,0.0,39.3852629914924,nan,nan,4958.91,1.0,18.334194769319836,13283.388614505473,414.55225771680483,29.55987681337243,4.641252383118961,3727.8124515385057,6.051308747504866,205.37171066832423,824.2121313269207,268.7130113236166,1.841829606686277,3.008462457905103,3733.82,6.051308747504866,205.21804621877595,4006.7859242400154,126.85600924981016,31.095467445115283,1.885799280616944,6562.519106378033,2.9397953415624314,55.388099080993385,1638.2914864490192,92.65351691625992,5.741479124223482,0.9313862773864866,4861.148129526556,2.2186917659481673,55.136197492322935,0.0,36.7501322046596,nan,nan,4340.46,1.0,20.94654063936261,0.0,44.273664593504805,nan,nan,4101.73,1.0,22.16567686891332,359.9155213837866,125.4450120291868,1.0578224028027845,1.5865734422253392,3970.9530422107505,1.3930140748038504,38.62076060738015,-547.3894316113281,221.6292410623669,-3.932483316985138,1.5921997077442274,3893.492833856479,7.693944624926852,250.8201828361706,-601.9501429466172,199.5426071005567,-4.907738465826957,1.626883787492754,3835.0033067744725,6.043189410645762,199.24401252015403,-133.61229619673975,97.85744685693089,-1.069897999057772,0.7835917020015057,4362.344909151308,2.032378681774346,55.672553943166065,29656.536334137938,1832.5751411621557,86.08308331235965,23.998199258499863,3893.1188457722697,91.1463048831568,2999.290771682826,639.2955012860867,244.78161835143206,14.799708141140558,10.818100391139819,6583.730205271567,2.8040329635616343,52.507313524953396,267.84350495667314,77194426.43731022,1.995884013807994,1104428.3411115217,6547.9204700202845,0.5372028108985398,nan,1655.5875622015521,159.54506864736024,30.541891210141497,5.505173201579667,6716.400207528229,4.4535757596789765,83.36826526709889,507.5102449676302,86.75735538722692,4.145857678707558,1.3229008112295129,6730.126781288472,2.099871601239076,37.44623528680511,0.0,31.434597972748712,nan,nan,4685.68,1.0,19.403292965701418,-121.5011846971132,5625922.598879878,-2.0325892035784054,94115.86860784494,5874.870784922161,0.5538189648172368,nan
4d45m11pt76s-40d51m34pt377s,4.753266666666666,-40.85954916666667,0.4348181586672504,24.947951661732578,nan,nan,nan,nan,nan,nan,1357.3828888192782,728.0841456194419,0.477,macs0018m40,4314.814280917333,94.91294875658663,40.498452591712386,2.433255412942068,5006.845626065871,2.7777515670543327,68.35107548833953,-10825.368062158446,1048.6257494675465,-72.5560152048345,7.0283158397644385,4982.4051734032355,60.77491983503974,1560.171492281539,3835.3972964082536,167.05591589769085,45.916827470253,10.072488425861515,3726.3241753035572,2.3605614659954415,77.02729777494108,6194.96436082893,257.481812856895,74.29638460787952,15.524637759366918,3728.855963404615,2.3605614659954415,76.96966394955071,0.0,45.35165946650473,nan,nan,6562.8,1.0,13.853480493619768,1515.6978790232067,65.97990452306435,14.479019299087975,1.8076371833444882,4861.558757629734,2.628253574688348,66.34346526190863,272.6998236487388,127.9989088348539,0.8369738454193723,1.3914656881421195,4340.304707821279,1.2058611642826547,28.7997369155685,306.02190884051754,138.104040161947,1.5919106245695833,2.867837930475015,4103.408607093382,2.5889458033465576,77.3631272743658,-13892.659134535043,91386.93552657659,-247.862634367462,1630.458673680312,4111.462367505455,246.09231057940468,7891.508119334152,-211.84171769282398,78.68239949676057,-7.475534941153614,2.776568435612557,3889.2985411893637,0.8424878336371474,15.346809450827472,-21117.50763849193,19194.756581950216,-227.47634786142459,206.76460499497145,3919.246167368338,145.38627084813444,4825.815101199953,-18624600305.88899,10147579878797.963,-344113741.1929542,187489751124.66638,3277.529771650497,465.43645896559616,13580.53163684592,0.0,37.45037177538437,nan,nan,3868.75,1.0,23.500516131444996,0.0,45.35165946650473,nan,nan,6583.45,1.0,13.810026928666252,-75.70670052469035,nan,-0.9594822876833047,nan,6548.05,1.4648609096709997,25.01826705613346,0.0,45.35165946650473,nan,nan,6716.44,1.0,13.536579167464883,0.0,45.35165946650473,nan,nan,6730.82,1.0,13.507659064352907,190.83772075311163,61.187550380536926,1.4478807698105003,1.420022307933366,4685.539967096277,1.7658843156885222,44.04856229167446,-222.2771867099917,158.95433852827642,-3.2415932525997944,2.318120536215885,5870.750726535928,4.191230677433571,89.53804829441323
4d45m30pt465s-40d51m24pt25s,4.7584624999999985,-40.85673611111111,0.43670101717402066,16.206735365029783,nan,nan,8.03988742432731,0.00015247400848660198,9.285348496718257,0.4280745405754736,770.3760437493777,492.44626121202185,0.477,macs0018m40,2784.19524020429,110.23062227102449,13.51934893489807,1.4619913851285389,5006.8416784415795,2.167815860533305,52.16878052504969,445.218437628575,111.45365612224279,1.8766625431827881,1.3034906241556923,4958.888517377431,1.0765589184887276,20.998246478859347,4325.510155804686,194.87158742984482,58.07887427217417,13.177835455356819,3726.3198823913585,2.161419883462086,69.87067403951346,4544.404622134801,213.3526416540864,61.119581344724956,14.427583018973598,3728.70363323653,2.161419883462086,69.81839498593344,0.0,44.41163203840252,nan,nan,6562.8,1.0,13.853480493619768,1303.0559337701377,48.532743054876384,13.221053462727655,1.4124117132401093,4861.226256668407,2.156327266833431,53.4123085407553,0.0,44.73265526450559,nan,nan,4340.46,1.0,20.94654063936261,-477.8863223217287,164.3869793127307,-13.012620126970122,4.476180245595196,4113.436073458705,9.749637692939245,301.8298044914026,513.613982769355,84.56412927368686,4.7270876800049155,3.3500772672169017,3970.4969275314015,2.092354193040091,63.23009535272929,742.2164004029318,80.32170620388374,32.87089594634628,16.08863145582175,3889.111927182509,1.502672729629034,43.52738503428992,-42709.23655574455,137404.1329377491,-434.0593956624473,1396.4556548941619,3682.5400663230944,286.8456673237254,9521.367240287818,4741.5286289533615,329.00502685380064,102.45465207726072,25.273770944301695,4332.396609245801,27.924721114027378,814.5339955289598,1056.3822939714885,118.94357094876712,21.744306280504237,11.222145152146688,3867.868094337296,2.585910296818924,81.91825265051915,0.0,44.41163203840252,nan,nan,6583.45,1.0,13.810026928666252,0.0,nan,nan,nan,6548.05,0.0,nan,0.0,44.41163203840252,nan,nan,6716.44,1.0,13.536579167464883,0.0,44.41163203840252,nan,nan,6730.82,1.0,13.507659064352907,44801.44697387919,65700.8978327825,807.766505165492,3454.6232700540977,4814.240377684412,153.64378839100314,4174.46527363188,302.950142547313,76.5649042397487,4.949493634389079,2.7188008500851684,5876.957092388649,3.06816148981542,64.72613714637534
4d45m17pt925s-40d52m02pt348s,4.754979166666666,-40.86731888888889,0.4467027633214524,29.32482148037976,nan,nan,8.079488075624415,0.00014990292250599942,8.747587151358909,0.3739431655691118,12701.607371440718,11871.407222005628,0.477,macs0018m40,4912.658357537111,233.8247374180842,14.81641429221396,1.9261891900689994,5006.8739471321505,2.4992032651601606,61.004278939595714,1202.4703060328613,155.5293603333606,3.034603311422284,1.0889922186547123,4958.997792026675,2.1157660471540343,51.25907714456633,5491.649328019218,217.52537414861493,15.29853855757596,3.0519116007222666,3726.319308520647,2.4693639889963563,80.91169201591232,4972.012485829045,220.6076686395267,13.876556501339847,3.0951566260462053,3728.9666636539623,2.4693639889963563,80.85115178583298,0.0,47.323893247521774,nan,nan,6562.8,1.0,13.853480493619768,1895.241532385622,65.41355344950125,6.311999919391348,0.6248773737094323,4861.218545177533,2.1907053652238284,54.363285678070994,985.9929725808072,60.65977908914288,3.019713431807607,0.6577879625643415,4341.02156613461,1.755643315538246,47.22461916707075,-2504.6698027133575,442.2237823320222,-20.666727252691874,3.6489114390283626,4095.737448684856,45.886586377338475,1424.069290109232,-1274.5143234307975,252.30760474796298,-12.386787730390234,2.4521346565674045,3969.9363467640405,23.069639553580284,739.4426762826507,358.7733430183934,151394.02254630404,1.1868066571011018,2266.903328737743,3887.788324209753,0.6171514862870794,nan,-110.54293513628308,119.36041451138597,-2.3676741535293253,2.5565321568921897,3834.8956547805465,3.732551685331462,121.69796746213251,-29.683844608540184,1.4228342067276296e+17,-0.3480368945531517,1668243468135560.0,4363.313753415195,0.30168721004248555,nan,-8345.290678349706,8347.805925426639,-76.39338020118714,76.41640495055228,3838.1500850893117,195.2137728515832,6423.917805564276,0.0,47.323893247521774,nan,nan,6583.45,1.0,13.810026928666252,0.0,47.323893247521774,nan,nan,6548.05,1.0,13.88468655302385,0.0,47.323893247521774,nan,nan,6716.44,1.0,13.536579167464883,0.0,47.323893247521774,nan,nan,6730.82,1.0,13.507659064352907,0.0,21.16379600226473,nan,nan,4685.68,1.0,19.403292965701418,2515209.8958324003,17833220481.74143,39808.69956051477,340970607.62355125,14133.735593087447,10714.55174883591,232157.80248805147
4d45m39pt18s-40d51m33pt895s,4.760883333333332,-40.85941527777778,0.46470272553593994,6.270993110826676,8.737599760142986,0.004366530445806747,8.211943282352298,0.00010666305631291572,11.364845501613562,0.2984218652439294,326.249653625287,190.14481306455514,0.477,macs0018m40,20081.410288644092,354.462592850319,75.93112313463355,3.660859043894469,5006.83797829285,1.9254814426110733,45.60968909059614,5784.042666961734,570.4584499307892,12.312235776697678,3.3692061622977514,4958.905295263724,1.7222011483605113,40.39708589272132,3810.228257571104,169.37590560044845,16.070955188139965,3.5981686126429797,3726.239186290982,2.069337763307025,66.53649020910933,5400.453634958943,216.26580229238377,22.82089510447353,4.594282870623642,3728.9173912955616,2.069337763307025,66.48670587849443,0.0,95.44112309568179,nan,nan,6562.8,1.0,13.853480493619768,3086.3714639284644,49.91406920217196,19.88227585594877,0.922234209629845,4861.378796193631,1.8288029735344868,44.246043799603754,1481.522769737953,67.12708465132096,6.1479294471569625,0.9865501937652429,4340.492945524748,1.6254572118667587,43.02883315598525,0.0,33.97163451212681,nan,nan,4101.73,1.0,22.16567686891332,27875.5799627541,4951.69973735753,223.85569032834667,165.7840595787895,4025.4221468829164,109.56337927206283,3513.34077062327,-488.49159928295285,206.90780177000676,-6.4110601696598275,2.7154988308226837,3877.4021488559306,9.079013106692093,296.3209002596571,-309.30535125999853,122.73262256203051,-3.582649370626502,1.4215982723415126,3833.8760662805043,2.6603428476029936,85.19421901901421,972.6018040666116,121.49670136291039,10.76648008329682,4.714169645842138,4362.724712472546,2.189540258290815,60.53371957406788,1955.7578036413245,88.4823016277642,6.699986400666854,1.3886073027287529,3868.7631879642727,1.6364077129691095,48.674233289019064,0.0,95.44112309568179,nan,nan,6583.45,1.0,13.810026928666252,0.0,95.44112309568179,nan,nan,6548.05,1.0,13.88468655302385,0.0,95.44112309568179,nan,nan,6716.44,1.0,13.536579167464883,0.0,95.44112309568179,nan,nan,6730.82,1.0,13.507659064352907,-2623.626188101136,662.5084283989851,-36.127715487493305,9.122837741830857,4704.609695083929,87.97849195068616,2390.303895764119,505.9115755315623,73.1480199604613,36.62084411480818,11.510968744958996,5875.9015135850495,2.8478171521480924,59.812030499327754
4d44m59pt43s-40d51m24pt731s,4.749841666666666,-40.85686972222222,0.5169270395281391,39.587095364175575,nan,nan,8.155126098516774,0.0004257678284711216,20.479388030175972,7.138580045269738,850.5613791548521,312.21019711852034,0.477,macs0018m40,2463.3041320746715,85.82137356308795,173.87247545227095,16.54608357904217,5006.838208259744,2.172278721400212,52.28866740613573,0.0,38.34689186133783,nan,nan,4958.91,1.0,18.334194769319836,675.9715433960029,115.40918424820772,31.5307390265828,27.12445789976373,3725.659901156416,0.940316300843353,21.452210369236465,1084.907558219114,165.2557558184077,50.70078625444619,38.839827355071584,3728.3518306831916,0.940316300843353,21.436159268102546,0.0,38.04521040879235,nan,nan,6562.8,1.0,13.853480493619768,206.2651104352111,71.07372027862952,1.8605961570822944,1.8392409025819754,4860.700123392585,0.9249715762294439,15.834143836437494,26486.99150051006,4309.300406798326,257.3397098440872,152.4733636618847,4282.078556722543,103.43298664489,3033.7259045503874,39630.53055015458,2946.4831516414865,189.25989674502708,55.00847786217192,4142.402865838391,126.35366280060995,3921.7244970593392,-53.43468548773089,5430221.745024714,-7.218031710161591,733521.9135480279,3969.847814609919,0.509467463352263,nan,0.0,35.5419290919402,nan,nan,3889.06,1.0,23.37778840736009,-2542.928816873935,546.9055946476881,-164.73045516777785,35.428442566815335,3804.5026569748193,51.31516507006354,1703.1685707571755,7944.831904888178,608.1573006097731,137.95588619548826,37.10542928166843,4357.440104241932,95.00708261821542,2772.049984914219,0.0,35.90338401433213,nan,nan,3868.75,1.0,23.500516131444996,0.0,38.04521040879235,nan,nan,6583.45,1.0,13.810026928666252,0.0,38.04521040879235,nan,nan,6548.05,1.0,13.88468655302385,0.0,38.04521040879235,nan,nan,6716.44,1.0,13.536579167464883,0.0,38.04521040879235,nan,nan,6730.82,1.0,13.507659064352907,-2334.042139144445,664.4656531304169,-174.56164878023188,49.694998227750936,4645.492457361925,45.82634366139828,1244.9585390555485,-45441.54372885319,30668.45444586198,-379.96789830629587,256.4399715297841,5977.390863934779,188.79924469348106,4090.783974365209
4d45m08pt04s-40d52m14pt082s,4.752233333333332,-40.870578333333334,0.5178050446716436,44.663768664596404,nan,nan,8.142728298288533,9.081586773325933e-05,8.99839284034912,0.19360333611536032,392.8299894913545,238.52692448285322,0.477,macs0018m40,29472.390180971517,1100.6269726294804,478.377760440212,48.795900401479834,5006.833856909681,2.2307747943317295,53.857493895834516,7185.779056570261,529.749104738357,13.139772231560006,2.687648678779404,4958.973706247392,1.5705938090398563,36.095599939552955,12659.205872109476,143.98259047012456,37.65380143836914,2.157411339837752,3725.9708139114423,2.0472342281150966,65.73338996604144,17040.426217888005,175.0843737341588,50.78144536832783,2.6234353201253278,3728.683194376738,2.0472342281150966,65.68420653589322,0.0,131.82911883918243,nan,nan,6562.8,1.0,13.853480493619768,7374.405908351598,78.18402705369193,33.8243631891998,1.0286239220625084,4861.14361965494,2.279424369813759,56.80982820671933,2698.4862154572397,76.13842528989684,7.380775451513688,0.7376001832527674,4340.323691949336,1.7237485735027585,46.20273223641052,1308.947154031475,93.31612570804141,3.7409987124391764,1.0655785520633767,4101.793065849295,1.4540101488937025,39.555636576186295,1035.9242694949776,56.4312209335954,2.371428248757644,0.5562433978359397,3969.9071914451965,1.4394555093019932,40.334007527663985,27373.608543536975,1150.9340870720596,107.83327914202475,20.62660274790219,3879.7382511994642,92.14628901301408,3016.3633375257073,192.75671085308088,5374717730.300826,0.42316985623885,55225006.80456528,3835.295549237488,0.33151316196895747,nan,-2.9091067755162756,nan,-0.03058624321659927,nan,4363.304150401653,0.19828842815730152,nan,3871.4887760345323,90.41518055884396,12.038871229971857,1.288138213996448,3868.584471262279,2.164203744371544,67.38993278245192,0.0,131.82911883918243,nan,nan,6583.45,1.0,13.810026928666252,0.0,131.82911883918243,nan,nan,6548.05,1.0,13.88468655302385,0.0,131.82911883918243,nan,nan,6716.44,1.0,13.536579167464883,0.0,131.82911883918243,nan,nan,6730.82,1.0,13.507659064352907,-4261.615525056977,3964.7253296781387,-42.42437601500486,39.46883457541155,4739.488546953292,139.33296212103411,3785.6350341221387,980.7013702396073,163.37159362172682,9.943193684837997,3.601593065973091,5875.1072085994265,5.65173381384408,121.51616881400761
STACK,0.0,0.0,0.38960986382655205,nan,7.6379882573751,0.005645389069940943,nan,nan,4.368450325106359,0.2982915425157791,101.58386175371479,52.54575630228124,0.477,macs0018m40,31938.564482996368,1334.5486322442684,14.005841452878112,1.5985136776055633,5006.829742446409,2.53895048794045,62.056380103201,9009.605295722873,1240.533179894976,3.058808707947899,1.1685228284323577,4959.015583661591,1.8133478875781655,42.94558275991442,0.0,0.0,nan,nan,3726.03,1.0,24.400668213494743,0.0,0.0,nan,nan,3728.82,1.0,24.382410999599827,20566.72588830516,577.4271763607699,13.134375160647059,0.7063322941862534,6562.7484852782645,2.349690125384378,43.51137961481532,9373.614607308662,485.4957613062992,3.618361992055863,0.5375144566705174,4861.382514486559,2.382371914210423,59.6363973825329,18620.430850737088,1217.2871263093427,7.541614743683047,1.7447721122076272,4342.112637828581,7.955170328001351,232.4282093890533,0.0,272.4893722109562,nan,nan,4101.73,1.0,22.16567686891332,0.0,272.4893722109562,nan,nan,3970.08,1.0,22.900702702093618,0.0,272.4893722109562,nan,nan,3889.06,1.0,23.37778840736009,0.0,272.4893722109562,nan,nan,3835.4,1.0,23.704860453545347,5021.594842213095,834.5511157373812,1.9693354936135266,1.1466255486334038,4363.776789992208,4.230224573247118,121.72825063201128,0.0,272.4893722109562,nan,nan,3868.75,1.0,23.500516131444996,1525.791361695348,756.4441970296323,1.148301196576553,1.0868663082375463,6583.470112700194,1.7982969487473865,32.03253834395366,492.9716355450321,3904905.2679916993,0.37041362292683144,5634.196931766045,6547.072406214685,0.7246575913462909,3.6440268272345677,6593.683006873063,1764.0291220796676,5.430981219033167,2.718131067907696,6715.31777821071,6.093441734681598,114.73654357371113,880.0916519638972,1460.5672432398778,0.6867728784866116,2.127274003418838,6730.662913290188,1.3879124573589008,22.668236351638033,2192.912784692349,603.6199949678304,0.9998362939408156,0.8422152743393908,4684.410907403402,3.0442562394183,80.49625474138682,-4505.922944337233,1500.386603099006,-4.974480849374706,1.6564074698956452,5871.457131054801,53.21533066389265,1152.9446733321063
4d47m23pt715s-20d26m37pt477s,4.7899208333333325,-20.44374361111111,0.14184951458797346,26.23130331035466,nan,nan,nan,nan,1.1937741836637163,0.07630010503798654,301.38148486037545,199.97263099595529,0.277,s26,2814.769917135688,119.35330583043114,10.21648949595376,1.1832627466402563,5006.831107830516,2.891866655192211,71.34547494278385,0.0,47.10172507860797,nan,nan,4958.91,1.0,18.334194769319836,0.0,0.0,nan,nan,3726.03,1.0,24.400668213494743,0.0,0.0,nan,nan,3728.82,1.0,24.382410999599827,6406.721302641265,140.9183882352033,31.952757377534127,1.3462462446031975,6562.506723981776,2.524295030508356,47.04773649304283,2357.8746765130268,105.63537181283405,6.280060755831362,0.8070545504249163,4861.048588037093,2.5013790801388476,62.889622019702045,0.0,34.578450336782915,nan,nan,4340.46,1.0,20.94654063936261,0.0,56.50039261373455,nan,nan,4101.73,1.0,22.16567686891332,0.0,56.50039261373455,nan,nan,3970.08,1.0,22.900702702093618,0.0,56.50039261373455,nan,nan,3889.06,1.0,23.37778840736009,0.0,56.50039261373455,nan,nan,3835.4,1.0,23.704860453545347,49850.38105099629,3703.545393459174,325.2291666122113,85.09004700241348,4352.616592555147,144.0560365718748,4203.2304089511645,0.0,56.50039261373455,nan,nan,3868.75,1.0,23.500516131444996,1630.0714419527183,423.46450698529816,10.216990008222256,5.067816955154795,6582.756612673735,3.3532502424187753,63.416205474354754,507.76839727293805,510.332457454265,2.8733291693880783,5.544527870612534,6548.003042890322,2.6885878510195695,50.46993641484752,2366.84781593509,244.30242720003227,76.3941598105603,14.74925903923481,6716.265741059747,3.459149107931981,64.21162639235561,1583.9256378518248,267.29528124890953,27.74584104825783,8.739039322818,6730.776228724985,3.098097970864367,57.08362503288887,805.523201043657,130.83203408525932,1.954974175637704,0.9672787329633037,4696.294320837072,5.786303448149072,156.0594663338512,-2560.2434002237537,368.0523976012294,-17.519984505905413,2.518616902897329,5887.535172870283,62.28810331430016,1349.5437208277601
4d47m02pt7s-20d26m48pt328s,4.784083333333332,-20.446757777777776,0.2660190867075356,20.422617642207744,nan,nan,nan,nan,3.1344924564245846,0.28545360678496035,326.8433528480371,178.707624861885,0.277,s26,1905.3338230910877,80.5311921712315,9.980970442835217,1.152267584645459,5006.8341246531645,2.1229902857333,50.96299294349388,1212.6330206284188,170.06348515865466,8.753238948746173,3.405232337882083,4959.613269498398,2.6335972173834183,65.18029493783769,0.0,0.0,nan,nan,3726.03,1.0,24.400668213494743,0.0,0.0,nan,nan,3728.82,1.0,24.382410999599827,2245.491319387665,129.08662368610848,17.659684432639658,1.9444872194583191,6562.969342745079,2.3086609955974593,42.6768840876818,994.7278186389613,67.84188516383438,5.286566197456328,1.0341311827644926,4861.326244258227,1.7686792828218194,42.5367110567144,-160.96311899320654,85.60070236545056,-1.9667721765241382,1.045935744512988,4344.225809076991,2.0382976455926736,56.14924281642529,-288.19723039910974,128.2269054544265,-2.9174729587993764,1.2980642761061354,4105.909538479166,3.8322911385672542,116.94613427018874,-551.3376591738679,133.47431673609842,-5.605587418123293,1.3570666506974924,3967.521708090683,5.143651885059622,163.4089741056598,-4649.861020982661,469.96155382726016,-40.413735515133176,4.084617121447239,3886.555210866599,60.260177740593036,1972.5110296179355,-31.530164205351085,7.736731298793544e+17,-1.1470667294190913,2.814621265370797e+16,3836.381682772188,0.30117877563620993,nan,52.82292819384333,11322969.400601976,0.17924519758625726,134637.87591051226,4363.322728174792,0.43575483458772984,nan,-157.99954899129807,1102635.6667792227,-1.5643982757825412,10917.507973524354,3868.326074152991,0.6629151236689306,nan,20958.174140735406,4967.61920770723,20619.572725866285,9294.34436029555,6608.261317418381,125.78041117529564,2432.2920587829435,-119.65917765335332,70803346740889.47,-1.0633111077562172,629170169245.208,6548.183029481621,0.36552382035269126,nan,358.74080995669436,132.6726830514491,2.6223335481886494,1.8142816122430918,6715.292740927741,2.633078185541257,48.11398185336906,752.7170263666089,76.64374496274831,8.096429100142522,1.5386412532924825,6730.9369451707935,3.20911745303819,59.23724575844258,65.50018190947058,6.357242758988255e+17,0.26734565900482243,7937224822280656.0,4685.505598329446,0.3044761551142228,nan,339.892626749126,124.82877450366512,2.67489764904219,2.137901720673381,5871.01506210552,6.072321050269675,130.69501612480647
4d46m27pt795s-20d26m26pt867s,4.774387499999999,-20.440796388888888,0.5131634280887227,31.408211814114154,nan,nan,7.260979854087034,0.001207646940172867,3.6705418726463686,0.18367425468754348,106.37595233164707,54.9126100497106,0.277,s26,2540.859721200978,180.60059742587725,5.333738281623651,1.0355156944426094,5006.841492551664,2.266898459367956,54.82403979205239,796.995896576018,143.12543576889058,1.8836569154045733,0.9386536565638093,4958.594656991024,2.6021601374680587,64.34271107656652,4276.6468409536965,253.11640525868063,11.479901324025718,3.423212719018511,3725.7789627443026,2.1685364012251775,70.12763167833114,7130.186119079796,373.81294348244364,19.176393913494216,5.05554439015945,3728.5209226738143,2.1685364012251775,70.07516036236993,0.0,75.183050648775,nan,nan,6562.8,1.0,13.853480493619768,4017.033203650647,146.07451654531445,13.435831548578937,1.4015007391569132,4860.986925975269,3.9331187670027314,101.35739067356003,2050.3689388659404,130.15421093364705,6.747428220771523,1.5167929015943176,4340.684652957891,2.9935696299275305,85.3702062354961,0.0,48.76646569170848,nan,nan,4101.73,1.0,22.16567686891332,0.0,60.13253993361746,nan,nan,3970.08,1.0,22.900702702093618,24090.248592735137,597.8332816764206,130.17334059238468,14.915314697168109,3856.4270715823973,35.31852158380933,1155.94064702106,0.0,55.546820589965165,nan,nan,3835.4,1.0,23.704860453545347,1174.4982003669973,159.91547056156844,3.486292679724617,1.6668378795427687,4358.802519420506,4.595912012479251,132.5353756763613,2101.3369834161867,109.57202282600504,6.72625877093526,1.6055900738439262,3869.8799226159367,1.9737224638954383,60.727846285278794,0.0,75.183050648775,nan,nan,6583.45,1.0,13.810026928666252,0.0,75.183050648775,nan,nan,6548.05,1.0,13.88468655302385,0.0,75.183050648775,nan,nan,6716.44,1.0,13.536579167464883,0.0,75.183050648775,nan,nan,6730.82,1.0,13.507659064352907,-176.46664432629038,4448185.442875613,-2.132379269941428,53750.77235392332,4685.455261774176,0.5235378399181995,nan,1466.595922693219,295.0032453041803,6.3734455876821245,2.7878791466301736,5874.519216831505,9.020125234827182,194.85436560018528
4d46m49pt32s-20d26m10pt793s,4.780366666666666,-20.43633138888889,0.5147200693323397,20.01326461025499,nan,nan,8.021375856028257,0.00018323462476697419,7.923812236945975,0.6515815503125963,1327.3939543654585,422.36307143745523,0.277,s26,2523.2702561960928,91.72638200251919,17.003562624411334,1.6882959109474238,5006.900941132439,3.5660954222428196,88.91189593501011,0.0,50.59385903498449,nan,nan,4958.91,1.0,18.334194769319836,4156.171053796461,159.04483484850283,25.936436808076365,5.0006329244231935,3725.74705984059,2.45207012198692,80.29533394490824,4571.512682205406,176.64885813570035,28.583795001919093,5.554132562032463,3728.527758032855,2.45207012198692,80.23525488995084,0.0,47.39528526469968,nan,nan,6562.8,1.0,13.853480493619768,1419.8915440901897,112.06240031483846,7.127654793115175,1.6136251222615878,4861.043026113571,3.0893124843107875,78.7996996725044,-8148.36565043983,2988.4890485334354,-78.18578765210204,28.6753663462139,4306.856487113299,141.63703333043233,4154.308443172192,496.62224187966166,59.24176721696151,1.7024077711958387,0.8116374335409507,4101.228577238445,1.7530887887217668,49.886730077493674,-2400.634010559263,522.2121868194066,-31.297717118229254,6.808222005885057,3971.877001190579,71.09984602641832,2279.8765510519465,13906.926537653299,775.2636413213435,81.61655603135583,20.79864522946712,3872.132276521537,81.94672604795119,2682.465204880312,47945.22200157986,10490.151076160628,497.45840458733096,486.40973190363616,3908.386920234324,130.07413245068147,4317.545908083345,3.5682864518621273,nan,0.012951505951502714,nan,4363.272419644941,0.1755635945578877,nan,30758.394803734875,709.4877545337141,2146.23825388153,224.3498557000265,3885.940323552322,77.57497284230344,2552.679337547825,0.0,47.39528526469968,nan,nan,6583.45,1.0,13.810026928666252,0.0,47.39528526469968,nan,nan,6548.05,1.0,13.88468655302385,0.0,47.39528526469968,nan,nan,6716.44,1.0,13.536579167464883,0.0,47.39528526469968,nan,nan,6730.82,1.0,13.507659064352907,-21242236.240446534,3882551290.6780944,-319875.02109662135,58465180.499671504,4279.181016447497,208.95055795729525,5677.164143037647,19562.860242879447,16361.782810682953,541.6167594274841,997.0222068535321,5818.646586341688,203.93701043343245,4418.7839580395885
4d46m46pt155s-20d26m28pt315s,4.779487499999999,-20.441198611111112,0.514903449999977,13.019807424077172,nan,nan,7.7384682640947124,0.005062597159053138,6.092130628571133,0.584635294444244,2882.8280916942927,2187.7734710317436,0.277,s26,1987.4048278453272,70.98670756264144,13.504018298558119,1.3174779661562126,5006.818973845737,1.408238157526201,31.070537130230157,1018.9142188953857,97.45959793409317,13.46962215392118,3.5747858948125604,4958.839297854162,2.4803525020904544,61.08961408465981,1734.2076479805282,118.76593285822155,8.671926167145564,2.991508232403721,3726.0919842120375,2.302028416804464,74.9305876745596,2250.2412191522917,144.84721689560564,11.274248646122153,3.648450623473344,3728.87664826857,2.302028416804464,74.87452266213958,0.0,50.308560711650486,nan,nan,6562.8,1.0,13.853480493619768,1147.5078819038995,103.87326334809853,455.1610555653256,118.17610183254686,4861.272466495463,1.8602358114884698,45.135784246611074,-10223.125943752255,13738.275719936088,-154.3963410884482,207.4844343787732,4275.018857154116,218.317069948691,6403.430233875151,-137.6122421066302,80.80406552922403,-3.1346881267729114,1.8406468852761686,4100.223603728881,3.911513861351263,119.4462636643729,3774.182166197395,203.81434746552864,28.74145926555096,6.5690223151625045,3999.290406147086,18.046988043859503,578.2844462157102,-240.68470880450784,165.19103605317673,-3.913462949201659,2.6859579170832424,3889.258543916379,1.1521792701664115,29.958162305646628,-1.5736499366367034e+17,4.1557784119536255e+20,-2051052975563276.2,5.416529737125975e+18,8205.797995408835,1355.762058776912,45002.40596035181,-1190.4253410125377,386.5768210182743,-24.565292863253777,7.977293909404041,4381.591330094724,64.70340029955949,1887.8111657712348,0.0,46.07380532895571,nan,nan,3868.75,1.0,23.500516131444996,0.0,50.308560711650486,nan,nan,6583.45,1.0,13.810026928666252,0.0,50.308560711650486,nan,nan,6548.05,1.0,13.88468655302385,0.0,50.308560711650486,nan,nan,6716.44,1.0,13.536579167464883,0.0,50.308560711650486,nan,nan,6730.82,1.0,13.507659064352907,0.049141200030817664,nan,0.00032060539876094463,nan,4685.68,0.025524414092285154,nan,-15651.065357016896,6311.362409888964,-138.9221977940194,56.02100029971699,5908.858532874056,150.27406879426232,3256.0316075651667
4d46m35pt34s-20d26m04pt362s,4.776483333333333,-20.434545,0.5281643173109969,33.71796440119023,nan,nan,8.981586528779456,0.0021832165042845386,6.836566951511646,0.5105708832158484,251.0467765662901,144.35001979079146,0.277,s26,6392.293350686891,165.4948103279324,147.0704567585192,10.400143245060201,5006.84357639652,1.832548381551882,43.06322223027835,1791.724101442916,148.713388658168,17.870423313785544,4.11542420926602,4958.886528004743,1.5111527122224957,34.382498596175004,519.7579370445217,69.33819888698723,22.613056088468152,15.186979332191926,3726.8935396595584,0.9959714695318024,24.207549416038756,521.9970382945341,69.68413146562675,22.74050151755345,15.262748114860958,3728.7872857180882,0.9959714695318024,24.189436698645387,0.0,50.69420509924417,nan,nan,6562.8,1.0,13.853480493619768,1349.4744501008558,94.2924476412355,18.014901437913203,3.6105667061366904,4861.174986753835,1.5141036723591985,35.15982532411291,1030.64919898919,63.281450042157815,20.02933000602605,4.355977414251937,4340.233829525639,2.0497668025591804,56.50729577638275,1408.2674475461072,98.36239844122242,33.86952727217256,9.452805706381527,4101.605454048834,2.4265408600766714,72.11347013279274,1233.0711766935785,122.60553875100697,35.21380263590522,15.097565274461937,3967.5422553963194,4.584561453230672,145.29116133613556,50.55741848856516,2420666486.4689612,0.25429261567489503,55068757.48782958,3889.051931849025,0.3309120215293024,nan,798.410478256935,135.90500214747087,40.4121680720925,32.12081957956015,3838.8882414890345,4.363223524150949,142.95441575604238,-4675.207387089205,5249.523160160356,-182.43012208857704,204.84035716993395,4301.320047146721,89.22170324936201,2603.2387844938867,2064.5788325815997,131.06549290158557,9.77043573029419,2.8410865095204976,3868.9469883629417,2.1377999001785324,66.47103202494033,0.0,50.69420509924417,nan,nan,6583.45,1.0,13.810026928666252,0.0,50.69420509924417,nan,nan,6548.05,1.0,13.88468655302385,0.0,50.69420509924417,nan,nan,6716.44,1.0,13.536579167464883,0.0,50.69420509924417,nan,nan,6730.82,1.0,13.507659064352907,-1677.6519445889896,722.8907984979235,-352.4515607407414,151.869397581233,4720.6858561905265,61.10142015392453,1660.0193690559547,291.1467602088318,83.22034466082165,15.528212111125436,9.65185906773137,5874.642204565267,2.180488560789325,44.74503827728821
4d47m28pt35s-20d26m36pt271s,4.791208333333333,-20.44340861111111,0.8005609710519437,30.268186539002446,nan,nan,8.058376103718173,0.00016328766419135838,9.064370068833293,0.509351375852287,465.8255470947521,337.1274848030486,0.277,s26,2765.541493654466,83.83017313517642,18.17684502667052,1.5049410623824362,5006.882016429619,2.045122188422305,48.860845081333,537.822124580486,173.6055984665917,2.307666451201691,2.066852329957842,4958.813444807091,1.3005489231339313,28.140093565656247,2752.1214769887533,102.11001518120203,102.31764363465739,19.120418330889475,3726.216327601656,2.2945739518305226,74.66318042531286,4515.539850735093,153.9809005594209,168.1888773906479,28.833403152849893,3728.8711278749183,2.2945739518305226,74.60731549394406,0.0,46.6124764691046,nan,nan,6562.8,1.0,13.853480493619768,1166.2172733112423,58.53831470875508,13.817422012430352,1.989170778636247,4861.484691371951,2.3626815336999334,59.096713906877426,570.5151468775499,81.23078841890495,5.213046520188989,2.627718081972375,4341.313794296377,2.868549726810154,81.59391838659374,0.0,42.805875342136765,nan,nan,4101.73,1.0,22.16567686891332,-49.10831329636186,35.144192302367145,-1.6574566505919792,1.1861530431662628,3969.9561579027377,0.9085074766783336,18.571033736864045,18495.105160686697,1663.7087966039292,2592.142655772326,1086.9733782394376,3841.476167776436,57.50726178478418,1882.386710899667,41.949943827965065,174435397007047.6,0.8210947893539372,15979738993507.318,3835.3017663046608,0.24710425971076685,nan,-36.62884581041366,nan,-14.375583114941348,nan,4363.321938674356,0.189995439044759,nan,30671.474288432302,8348.31005433412,647.3938439158673,835.0794502905591,3816.1566777562484,195.95724188141423,6448.383524160821,0.0,46.6124764691046,nan,nan,6583.45,1.0,13.810026928666252,0.0,46.6124764691046,nan,nan,6548.05,1.0,13.88468655302385,0.0,46.6124764691046,nan,nan,6716.44,1.0,13.536579167464883,0.0,46.6124764691046,nan,nan,6730.82,1.0,13.507659064352907,148.7269915858783,52.83777400992363,1.932328409383942,2.0999050926343226,4685.5370496599,1.2503816965269443,28.150243159052604,0.0,46.6124764691046,nan,nan,5875.62,1.0,15.473706908126772
STACK,0.0,0.0,0.46848297672564126,nan,nan,nan,nan,nan,nan,nan,2231.6583116554625,1996.6748285245224,0.277,s26,4814.277971129555,429.22327191497226,5.118258763311393,1.2464675373368113,5006.697935275423,5.0605847143565885,127.43975081312857,-11628.281592015452,2550.547483392365,-23.50603862431398,5.1558149141257985,4991.775434796428,38.581756404955115,990.3466919114005,0.0,0.0,nan,nan,3726.03,1.0,24.400668213494743,0.0,0.0,nan,nan,3728.82,1.0,24.382410999599827,7038.140487637314,307.1781557721079,8.737780462880405,0.7305009303494393,6562.464570681478,2.6809321834875597,50.20267320634534,0.0,132.1049418812937,nan,nan,4861.33,1.0,18.702211490174054,191.76319374082485,39120741.6191213,0.13841112762872995,100000.06216441249,4340.55881299002,0.6145178727704159,nan,0.0,146.67968275872244,nan,nan,4101.73,1.0,22.16567686891332,0.0,146.67968275872244,nan,nan,3970.08,1.0,22.900702702093618,0.0,146.67968275872244,nan,nan,3889.06,1.0,23.37778840736009,0.0,146.67968275872244,nan,nan,3835.4,1.0,23.704860453545347,2269.18902793823,278.71257026664665,2.4520628544928433,1.0554738478760148,4363.083194870791,1.4681646652759228,37.65565074724793,0.0,146.67968275872244,nan,nan,3868.75,1.0,23.500516131444996,411.0099103595889,109821040157473.62,0.4268350284875114,217749708204.95554,6583.095869534482,0.39388316832383646,nan,799.6071317331886,730.9067357317452,1.249635812193595,2.193305063140887,6547.448840632757,2.3488485228083773,43.592251000422735,2205.4221479929256,568.1166207074293,3.3038000748444536,1.5919245839635499,6716.106668480106,2.354906408083242,42.61961409755169,96921.95367283878,13344.491842412865,331.22642595654105,85.6233349755459,6691.3121918482375,90.19426512397227,1705.9285867544888,-401055722142.3093,808320788078269.0,-855176718.5070839,1723593707521.1475,8021.600826098432,1439.5968478706495,39113.90608902957,3434.938050253959,329.3362783749678,3.203048639794166,0.6671978102567724,5878.989414552327,4.973091263394304,106.68177862700414
4d54m58pt005s3d36m09pt248s,4.916112499999999,3.602568888888889,0.7169738631598275,21.816413968382165,12.256694595176402,0.009525639176442757,8.34886820685501,0.00013856757126398274,39.507531347852414,5.134468242124536,522.7790457445569,276.06079912259275,0.266,rxj0019p03,5056.890608708613,194.25817147977125,65.41708835024056,6.863940056437742,5006.841174655064,2.146506837075421,51.59595160541833,76525.15305409073,4227.618314641512,202.6118294797538,31.49193326932405,4917.354907826134,89.37429927178054,2294.436703635941,2358.964117121054,48.10342228655559,71.30122698808121,7.325822861139951,3725.693477770708,1.7823147548634617,56.00436089256024,3350.5721641636524,58.77516630153453,101.4948229057863,8.95105662948696,3728.8246731062377,1.7823147548634617,55.96245697472826,0.0,48.27655363773241,nan,nan,6562.8,1.0,13.853480493619768,2209.4921389926103,266.41370226365535,72.49551986082088,25.074103857886627,4861.050193366179,3.0557013491018608,77.89570569932596,496.08692684575544,52.32392056776861,7.077741218330351,2.643623222368464,4340.681812866033,1.913732439099622,52.24193617732205,-2933.478278643853,847.3040284682314,-102.79496105110736,29.69123215908177,4076.8344153865605,104.2762942968311,3236.470949962677,619.1607212207725,67.23345487448745,7.197181194926403,3.3655390726094696,3969.7254847918653,2.502354693743665,77.04040692710628,0.0,26.510113166445034,nan,nan,3889.06,1.0,23.37778840736009,-5034.675027494713,2017.1183398797082,-136.9878445088064,54.88352117868513,3824.019170978582,146.2873618090188,4855.725758097528,277.9323612178894,58.29305524410439,10.968608968003126,8.064326838099294,4362.541570537569,2.055276392922501,56.38367581156837,668.3736478212209,42.763404460161595,7.5243565442698115,2.205889971890069,3868.4093430656026,1.3754731331608296,38.96322624850827,0.0,48.27655363773241,nan,nan,6583.45,1.0,13.810026928666252,0.0,48.27655363773241,nan,nan,6548.05,1.0,13.88468655302385,0.0,48.27655363773241,nan,nan,6716.44,1.0,13.536579167464883,0.0,48.27655363773241,nan,nan,6730.82,1.0,13.507659064352907,-56.278364722591284,33.247523602814574,-35.09873749500516,20.73525250860285,4685.107508400424,0.9687387755865122,18.194901080396814,0.0,48.27655363773241,nan,nan,5875.62,1.0,15.473706908126772
STACK,0.0,0.0,0.7169738631598275,nan,12.23610794758307,0.009173084019461797,8.34932057808678,0.00014153700836335242,39.507531347852414,5.134468242124536,522.7790457445569,276.06079912259275,0.266,rxj0019p03,5056.890608708613,194.25817147977125,65.41708835024056,6.863940056437742,5006.841174655064,2.146506837075421,51.59595160541833,76525.15305409073,4227.618314641512,202.6118294797538,31.49193326932405,4917.354907826134,89.37429927178054,2294.436703635941,2358.964117121054,48.10342228655559,71.30122698808121,7.325822861139951,3725.693477770708,1.7823147548634617,56.00436089256024,3350.5721641636524,58.77516630153453,101.4948229057863,8.95105662948696,3728.8246731062377,1.7823147548634617,55.96245697472826,0.0,48.27655363773241,nan,nan,6562.8,1.0,13.853480493619768,2209.4921389926103,266.41370226365535,72.49551986082088,25.074103857886627,4861.050193366179,3.0557013491018608,77.89570569932596,496.08692684575544,52.32392056776861,7.077741218330351,2.643623222368464,4340.681812866033,1.913732439099622,52.24193617732205,-2933.478278643853,847.3040284682314,-102.79496105110736,29.69123215908177,4076.8344153865605,104.2762942968311,3236.470949962677,619.1607212207725,67.23345487448745,7.197181194926403,3.3655390726094696,3969.7254847918653,2.502354693743665,77.04040692710628,0.0,26.510113166445034,nan,nan,3889.06,1.0,23.37778840736009,-5034.675027494713,2017.1183398797082,-136.9878445088064,54.88352117868513,3824.019170978582,146.2873618090188,4855.725758097528,277.9323612178894,58.29305524410439,10.968608968003126,8.064326838099294,4362.541570537569,2.055276392922501,56.38367581156837,668.3736478212209,42.763404460161595,7.5243565442698115,2.205889971890069,3868.4093430656026,1.3754731331608296,38.96322624850827,0.0,48.27655363773241,nan,nan,6583.45,1.0,13.810026928666252,0.0,48.27655363773241,nan,nan,6548.05,1.0,13.88468655302385,0.0,48.27655363773241,nan,nan,6716.44,1.0,13.536579167464883,0.0,48.27655363773241,nan,nan,6730.82,1.0,13.507659064352907,-56.278364722591284,33.247523602814574,-35.09873749500516,20.73525250860285,4685.107508400424,0.9687387755865122,18.194901080396814,0.0,48.27655363773241,nan,nan,5875.62,1.0,15.473706908126772
6d23m40pt83s-12d22m45pt62s,6.394674999999999,-12.37933888888889,0.4839823680283768,40.1436163309741,9.76761972616284,0.08679561490567411,7.993251575916887,0.0001831889693758679,9.49458363244465,0.652008135872,178.88023121021502,108.96845126073855,0.5847,macs0025m12,2267.4213495943495,89.65074014961719,3.6336827474125823,0.392423662920489,5006.8411889135705,2.8524866094446186,70.31301483474567,0.0,45.98017284591745,nan,nan,4958.91,1.0,18.334194769319836,4648.185398592537,176.37011470565093,7.825413093832286,1.4955752257927102,3726.1724368270097,2.3866067676855054,77.95863081170278,6342.967268085499,245.87105618709535,10.696655428390622,2.0849261281402653,3728.586254682182,2.3866067676855054,77.90030013873796,0.0,70.4638575451509,nan,nan,6562.8,1.0,13.853480493619768,1396.4355394127579,89.82018188616043,2.0676576208579807,0.38150847449623565,4860.902608800745,2.082721607797392,51.37006683251646,438.261629839788,86.58549860470063,0.6198921574891924,0.43404895499278834,4338.971868085276,2.0276557157812,55.81677393981244,-1678.8608530886545,286.22216658847015,-8.199066131622995,1.3978254766485743,4100.346867661146,20.989946723493507,651.1268520345017,0.0,54.83808239845778,nan,nan,3970.08,1.0,22.900702702093618,-227.09787413746733,147.46005161837408,-1.421800404797141,0.9232088229742764,3889.016553662454,2.4553310393277563,77.04071709288905,-313.2384322431537,165.44336652899722,-2.4172344368782035,1.2767124393488136,3837.1631676932966,3.439306857344447,111.77288706962393,0.0,37.88535284450795,nan,nan,4363.21,1.0,20.83732430562082,0.0,55.48678006837553,nan,nan,3868.75,1.0,23.500516131444996,0.0,70.4638575451509,nan,nan,6583.45,1.0,13.810026928666252,0.0,70.4638575451509,nan,nan,6548.05,1.0,13.88468655302385,0.0,70.4638575451509,nan,nan,6716.44,1.0,13.536579167464883,0.0,70.4638575451509,nan,nan,6730.82,1.0,13.507659064352907,1439.4706335761498,138.70691675512663,2.5832312898277157,0.7612472042579628,4686.117914298064,3.6971810398911558,98.63567356115897,14599.455590998787,2394.008804360317,44.80205655356851,15.872997198018371,5905.131480388586,107.55424424103688,2330.38476898322
6d22m50pt385s-12d23m03pt222s,6.3806625,-12.384228333333333,0.48444356498732444,28.621476802728512,nan,nan,8.00363354295379,0.000190682663076627,9.536622109433834,0.6496314816931287,339.19534967747694,200.64140592228662,0.5847,macs0025m12,2674.984549658409,102.01056015851374,9.797437854678108,1.020537780257466,5006.797130035074,3.147361146643222,78.02428071120393,366.63932143421283,170.4662510851686,0.8510743399832309,1.0978842484202462,4958.963988840884,1.8128011164789717,42.930365615722344,4620.242808337105,206.269913647508,11.913143327601942,2.6793530917560826,3725.931639011967,2.605599878015779,85.7546407125226,8202.043847991716,333.68404038505446,21.193007234909025,4.334405097988261,3728.930219169217,2.605599878015779,85.69047686240702,0.0,57.733453761112216,nan,nan,6562.8,1.0,13.853480493619768,1663.4726998072533,103.50988054551398,4.239162055205032,0.7565754138116555,4861.341024622092,2.213233881089916,54.98555083871823,-47.64646685147786,nan,-0.7420170487922918,nan,4340.27191041654,0.20389121789889772,nan,469.3274186000553,69.69898622990235,1.1945814906366488,0.7088160329657589,4101.776585899329,1.144119693989636,28.089271679877285,0.0,50.328360571921166,nan,nan,3970.08,1.0,22.900702702093618,62638.509999270995,6756.723710497895,368.70105636601113,186.13356985064476,3835.364205517996,117.85120161614097,3857.8442424517066,15178.822379235828,462.2644091798788,44.12321158564286,6.173564530362993,3864.217339031796,34.371314601442016,1140.6656773750171,-417.2600917457649,165.43426375092073,-3.7224685321462587,1.47587524695941,4336.310030019698,5.96713311872733,172.90739727129534,5357.055236619075,332.97908958675845,13.315096270833461,3.8157823760875114,3858.67532824328,20.63588759492999,678.6806358021067,0.0,57.733453761112216,nan,nan,6583.45,1.0,13.810026928666252,0.0,57.733453761112216,nan,nan,6548.05,1.0,13.88468655302385,0.0,57.733453761112216,nan,nan,6716.44,1.0,13.536579167464883,0.0,57.733453761112216,nan,nan,6730.82,1.0,13.507659064352907,-303.3263073383006,139.9138886539466,-2.3400813696629923,1.0793982462953393,4681.917112353157,4.749903606890174,127.6459696422632,-0.029374841719643514,nan,-0.00029184829626802947,nan,5875.62,0.05933745494108116,nan
6d22m52pt2s-12d23m00pt972s,6.381166666666666,-12.383603333333333,0.5919474098504891,28.236771720596586,nan,nan,8.052190823922345,0.00010075936737870633,7.418925605351569,0.2263016977693608,199.90299679060098,121.52594613717034,0.5847,macs0025m12,5657.737932811766,140.32818627305716,24.51955829311566,1.6611248152450915,5006.834017612624,2.1024431592820387,50.409258166573515,1510.638665076432,209.46118682098816,6.381429274994041,2.45496719947781,4958.998167050348,1.6225109967918476,37.578671103394775,7436.105312209657,198.66040325477212,25.558030826202593,3.4398604539240427,3725.881684925193,2.180284803592277,70.55161969242658,9559.993854911178,234.35827892391288,32.922855586011195,4.057979156954637,3728.712058072851,2.180284803592277,70.49883113761786,0.0,64.21509613868322,nan,nan,6562.8,1.0,13.853480493619768,3257.139517287817,83.67380515276417,18.804396714355697,1.3855950606983085,4861.224312158302,2.1345998552449026,52.81036235881796,1703.483027867687,70.39402351383804,8.584030380066539,1.2563549359843282,4340.383625378211,1.6962532388855265,45.31880507247334,0.0,41.90030916102351,nan,nan,4101.73,1.0,22.16567686891332,-219.90205584195957,104.69610995420031,-3.123953181428572,1.4873246387913583,3970.8845888481064,2.7612105726303056,85.65227688304256,503.76946629315324,65.48182911130506,4.629682354735613,2.7220643759025753,3888.916404628546,0.8791895359709663,17.413729207716855,-32.83885614232969,3.9750463619617914e+17,-1.0759262233858107,1.3023768554764414e+16,3835.6120174203143,0.21771024054080484,nan,-3474.1826725351807,912.7253009726634,-42.97001883319273,11.288935288974704,4380.6532013300175,82.12480003789787,2396.1577780514704,1092.5644989949492,128.6758933288132,4.810078763928558,2.596353772117864,3868.045749186442,3.344811041159928,107.63134218657255,0.0,64.21509613868322,nan,nan,6583.45,1.0,13.810026928666252,0.0,64.21509613868322,nan,nan,6548.05,1.0,13.88468655302385,0.0,64.21509613868322,nan,nan,6716.44,1.0,13.536579167464883,0.0,64.21509613868322,nan,nan,6730.82,1.0,13.507659064352907,-1290.736972720098,355.9343489585768,-23.640857228064874,6.519216001507284,4651.227296238313,35.415552366873,962.0541639856481,7.147248286305732,nan,0.07033701209888832,nan,5875.62,0.8708512713706337,11.22498889022437
6d23m36pt795s-12d22m50pt684s,6.393554166666666,-12.380745555555556,0.5944524612248088,33.66887402383172,nan,nan,nan,nan,nan,nan,1175.410131513885,626.2038953880995,0.5847,macs0025m12,3523.0032202266802,100.63787272236728,1283.828256432811,100.17087138991853,5006.844173005048,1.9861845491657872,47.262733191287445,867.0148150697854,146.88932247137166,16.88645478772864,7.938406021349449,4958.676083333312,1.9384007901926448,46.406385886843864,1057.562436332049,130.114086425257,7.692087973002462,4.765254054558018,3726.6205060175816,1.5389225993037425,46.82708444889913,1921.250268465627,198.35883042818136,13.997426878088774,7.264626351569225,3729.016372667174,1.5389225993037425,46.792047207731024,0.0,55.06918122487835,nan,nan,6562.8,1.0,13.853480493619768,-190.40932727687542,3037321.205297372,-9.898100241900528,157889.90059907982,4863.423476561746,0.509491414143247,nan,1300.322540287638,147.30434010161417,76.14331687257958,30.55930134798822,4339.774823646026,3.775522913794154,108.81996869259497,-11349.220363337183,31612.941612134822,-229.2779195335808,638.6473476699288,4034.03673083468,296.7145113053636,9209.44562181666,61146.559132160015,14160.871591666903,363.4060463458439,363.00862610489474,3967.018986455906,240.5892797767251,7715.039510675953,-7050.096153830722,1376.5560789792182,-113.02329535645457,22.068196077673928,3925.644307213488,70.29661982009692,2301.0774963625195,-123.3265934281885,76.80834530278618,-5.147912393670484,3.2061425012260067,3835.7028029709045,1.359138998023459,38.670843988572436,-69.8778483951612,1816014.7574977519,-5.3694132010592615,139542.55656363457,4363.081820041121,0.4467911283845754,nan,0.0,49.10940934424603,nan,nan,3868.75,1.0,23.500516131444996,0.0,55.06918122487835,nan,nan,6583.45,1.0,13.810026928666252,0.0,55.06918122487835,nan,nan,6548.05,1.0,13.88468655302385,0.0,55.06918122487835,nan,nan,6716.44,1.0,13.536579167464883,0.0,55.06918122487835,nan,nan,6730.82,1.0,13.507659064352907,9926.471196438284,1333.0146111738525,427.5998615500863,178.5467321128926,4643.420156660352,55.39438437906563,1504.9477266402978,2.7030455334814927,nan,0.0074744501126453415,nan,5875.62,0.01924420920316924,nan
6d22m50pt715s-12d23m04pt187s,6.380754166666666,-12.384496388888888,0.7467484723953484,27.881226764854965,nan,nan,8.128532247043045,0.00022587180195735598,12.367616461537606,1.1106945251889826,191.78726406082407,156.79214025505436,0.5847,macs0025m12,5560.543301073435,183.89840139700163,868.0630641921923,78.4156112594336,5006.8127176032485,3.286910471092207,81.6597802306098,0.0,99.3590821530315,nan,nan,4958.91,1.0,18.334194769319836,2042.8403052993435,142.9782177435698,9.510548738558452,3.3526300650000582,3726.221338836399,1.969017636792152,62.88197627716817,3364.9070471608643,202.38514113294917,15.696000690879364,4.745635521129027,3729.0086376108798,1.969017636792152,62.83492634882266,0.0,56.899157358118536,nan,nan,6562.8,1.0,13.853480493619768,886.8556595075725,75.20865258746832,5.123753940083681,1.2465807605858832,4860.607341903977,1.8174490355482913,43.92402012967671,178.12156481445092,50.40415729015213,0.7840509070065826,0.7860312109569291,4339.782207864417,1.0792535182576177,24.09411319965492,-71.7980528969412,47.69157345796022,-1.727424220885034,1.147434725585825,4085.855755616755,0.9548868804122098,20.158295499776372,0.0,37.032623189911675,nan,nan,3970.08,1.0,22.900702702093618,23094.113124623047,848.1973067843851,480.41189772223987,80.66032336095388,3872.088267268938,89.57576322392646,2932.2135173895545,6.621435445505308,nan,0.017044474442489296,nan,3835.4,0.10099882205967452,nan,66.83998913304069,234827184.04024586,0.5120791029050124,6304454.092279504,4363.2402574944,0.29248191943414115,nan,1069.9987314784578,95.93236034864462,4.675282237833002,1.9217753512426758,3867.495896715738,3.0918657203226765,99.10308743290206,0.0,56.899157358118536,nan,nan,6583.45,1.0,13.810026928666252,0.0,56.899157358118536,nan,nan,6548.05,1.0,13.88468655302385,0.0,56.899157358118536,nan,nan,6716.44,1.0,13.536579167464883,0.0,56.899157358118536,nan,nan,6730.82,1.0,13.507659064352907,-0.3833218656027558,nan,-0.006583501910046299,nan,4685.68,0.07733126232347234,nan,0.0,56.899157358118536,nan,nan,5875.62,1.0,15.473706908126772
6d23m02pt565s-12d23m18pt413s,6.3840458333333325,-12.388448055555555,0.8036702568970742,13.102172963331746,nan,nan,nan,nan,nan,nan,507.4217638077988,290.1111584029218,0.5847,macs0025m12,11483.456979398481,140.1721347368469,58.713372108273596,1.957547413086386,5006.843373123535,2.365913551612498,57.46526962968449,-21291.76209473431,2159.1000172640142,-84.31822406381866,8.550324685286864,4979.467952808061,59.17646650434186,1519.1315916177716,6564.705353917323,88.8971503834139,35.759544991472445,2.4390668503863915,3726.1734799703795,1.9316690916923873,61.51475421213404,10098.754630293119,118.64430214697893,55.11580040335438,3.2552380262564062,3728.9170022136536,1.9316690916923873,61.46872727485848,0.0,77.93566592369764,nan,nan,6562.8,1.0,13.853480493619768,2805.673620924331,222.24281068234112,56.379454724048415,12.807628644680518,4861.6630000314135,2.4197518914916043,60.659775967315596,1791.5908846830544,80.06714752737375,28.94426807927806,4.580969552812455,4340.5986610904265,2.0311479287984273,55.92590142437919,701.6170980810867,77.27026270997351,3.780020768508792,1.6632377333253126,4101.858317924328,1.940610344956703,56.17793471363475,0.0,38.02887431095533,nan,nan,3970.08,1.0,22.900702702093618,121129.36922165415,9237.666210954032,716.9254269766374,256.82488830310155,3829.7071396337074,173.87710869435617,5691.899535525324,930.2484395323701,134.20146713114994,16.902160122536902,11.418273080711506,3834.4961120804123,2.6084817380354526,83.40857282499523,-211.72132884009724,160.251061750266,-2.5676609870903055,1.9434527529662395,4363.802079617692,1.5280985959358122,39.63374305953195,1563.9136935937242,81.94871475902073,4.763441322617573,1.1431761610559303,3869.1311831419,2.297571087764405,72.01237830007345,0.0,77.93566592369764,nan,nan,6583.45,1.0,13.810026928666252,0.0,77.93566592369764,nan,nan,6548.05,1.0,13.88468655302385,0.0,77.93566592369764,nan,nan,6716.44,1.0,13.536579167464883,0.0,77.93566592369764,nan,nan,6730.82,1.0,13.507659064352907,-11917.38317980611,3289.169725338662,-111.12777300414852,30.671003952354173,4635.800517990284,102.67398812480677,2789.5920135967235,0.0,77.93566592369764,nan,nan,5875.62,1.0,15.473706908126772
STACK,0.0,0.0,0.6175407555639035,nan,nan,nan,nan,nan,nan,nan,648.8282242543347,237.15531391702316,0.5847,macs0025m12,5562.647189227669,259.38048008533167,4.573015607707482,0.582264215808874,5007.731401541224,3.6812413402482638,91.89596054862301,-42749.57492691108,8967.553753724327,-57.862315592877884,12.137744674215554,4986.573840644116,136.31394400772547,3499.5428037352267,11573.596646624266,664.7252247848195,7.8225662560922755,2.2621259607193465,3726.718765129244,2.8615893257134553,94.80366908244567,17240.35770291426,1011.9206239725846,11.675232135343384,3.4436663877419624,3729.485774178216,2.8615893257134553,94.73273451420692,0.0,170.74928382931233,nan,nan,6562.8,1.0,13.853480493619768,3725.696979403295,248.172564554459,2.4991638386980104,0.4773261229307293,4862.2111577953965,2.7898317740300675,70.72383234871333,-10586.107510898726,1553.7202500293315,-19.1389080801821,2.809012568313166,4366.588149003022,47.81440427732651,1402.295124817007,-15503.26274834777,4090.7060408780167,-29.51903017665048,7.788920114725765,4067.665679192497,67.19563814836033,2085.515520175583,-682.7619298657911,644.8213811834592,-2.0502172891504182,1.9362883111775833,3970.76152768682,1.69807759134008,49.61094374224574,-530.2932399941851,619.0121135746637,-1.505091826143596,1.7568960004757248,3891.932679107755,5.070253956392992,164.38763086550182,-5769.972626037768,1170.946368502763,-11.335319136220276,2.300366334231917,3831.953986564578,21.213161665282655,703.7544236480383,604.6977237855591,221.51122604755162,0.34746254122443565,0.4459574106706559,4363.590860544015,1.502788211187271,38.8010723045127,15641.387158989155,972.1811004792116,10.551447303908414,3.0195247798298257,3860.8209831526424,21.61203165437481,710.8205666613252,0.0,170.74928382931233,nan,nan,6583.45,1.0,13.810026928666252,0.0,170.74928382931233,nan,nan,6548.05,1.0,13.88468655302385,0.0,170.74928382931233,nan,nan,6716.44,1.0,13.536579167464883,0.0,170.74928382931233,nan,nan,6730.82,1.0,13.507659064352907,50220.810004528874,14187.83241472892,38.75790154814792,32.860638291496294,4735.864021283909,133.5635295026217,3628.8772282140785,29817.10064236944,1945.325358742634,40.52873617650596,5.71822293190305,5900.7585902902265,42.51356355211892,921.0387664763953
6d51m50pt4s26d06m42pt363s,6.863999999999999,26.111767500000003,0.21937983084223722,48.03043628690804,11.57502129232322,0.05437959858615972,nan,nan,3.1779943718525048,0.18478185086085058,98.41299738540268,33.30169999059121,0.365,macs0027p26a,11091.588983713275,257.95617487262996,8.67360416594427,0.5509820958897744,5006.846924627596,2.350473132749778,57.05413132001577,1299.7929601632,398.35192801413734,0.810515811273595,0.6891887782871577,4959.003775320966,1.31578528225168,28.603128683641547,0.0,0.0,nan,nan,3726.03,1.0,24.400668213494743,0.0,0.0,nan,nan,3728.82,1.0,24.382410999599827,15622.896886362762,157.9541722478813,23.844202398926317,0.4617634418027441,6562.753897536969,2.716378836453115,50.9146644799139,3899.120166362452,170.58013679027593,3.1090813421645445,0.39013551120012835,4861.238855050241,2.0783066523342066,51.247288444745934,1639.5209597268936,211.37735255651623,1.3223582137097158,0.6038132793932328,4340.437937658173,2.1717924718447845,60.30135007403673,-2100.402544811092,416.87162126857004,-4.573074182867938,0.9076283274856994,4100.860287653605,13.45749370159979,417.1303401586858,-4566.032527703754,711.2380862567576,-9.632778843998317,1.5004709556428402,3970.90763567495,16.828838406290703,539.190007155989,6186.883381942008,598.3315830166474,3.4010945921022566,1.4619790325221904,3917.2114109620175,13.186500282039738,431.0573997134256,0.0,111.94794351425212,nan,nan,3835.4,1.0,23.704860453545347,0.0,54.0225620313573,nan,nan,4363.21,1.0,20.83732430562082,578.500328027268,464.6866565940577,0.41645604041279216,1.5053386110827138,3897.2304135588374,4.1099408685472305,133.27098427739244,1555.6811288270187,1088.0893162748655,2.3748880923296984,3.1711526673257566,6583.594272220305,1.9975918556524106,36.17983765434924,379.11217782463393,2965212.2265357086,0.5636109300578303,8463.668413574627,6548.0099282983465,0.7120650579200514,2.5377161919074234,4015.75042090487,304.44613463704195,7.5716278146831035,1.0736834582623567,6716.409070914864,3.2443687651939355,60.048563531551764,2855.973722431065,222.24098886040204,4.465353087572626,0.6485489299381277,6730.6575746911685,2.799256936812168,51.26438090314283,-181.170403465744,130.8729205120045,-0.36961861673257135,0.26700314688290316,4686.130006291918,1.2971420298327112,29.671100102767138,357.09927751187047,66.87092034405879,0.4606476715279966,0.18752616925401766,5876.019394637783,1.344680589268041,24.87678842963055
6d51m50pt85s26d06m52pt972s,6.864125,26.114714444444445,0.3397488459051534,37.44881163678763,nan,nan,8.096607541043165,0.000308611804795549,7.979176617269808,0.44500557989512624,364.4995295466559,258.2138448581663,0.365,macs0027p26a,6428.075356659182,165.20224953602522,23.4359147783843,1.6451419867102044,5006.841570206826,1.9029996882602749,44.99549989836372,1173.9095733086976,297.7994848336261,2.5191697817926557,1.7731030583951042,4958.980980198042,1.6053874569270754,37.09077880078473,4496.100609813642,209.96724256976447,22.130570238881106,5.206034319012912,3726.0423658925547,1.7758772470769681,55.76510798597086,6105.891341339469,255.409098357739,30.105725559334775,6.332742741986207,3728.494716052683,1.7758772470769681,55.72338308337945,5968.8130733053795,185.2589329749931,354.66386889352134,21.0852905240734,6562.692514426049,2.7382079862442232,51.35280034861532,2281.4355107419274,112.47560346903349,13.022456009256832,1.8413748858965595,4861.386512093674,2.0955329349290586,51.7261586555443,2072.0871590571646,239.09570763091887,29.861654575970796,12.204896022290232,4340.220032258053,3.654401581575537,105.20253956570478,0.0,55.585442430270604,nan,nan,4101.73,1.0,22.16567686891332,108340.7945453255,8216.174946409881,281.8723865371997,91.31680656863661,3983.3554199251753,173.43645699100193,5561.610578120752,-334.1624340710722,170.22363053649258,-4.305947607836979,2.193466290558685,3888.5987513440978,2.346706254104517,73.32324805076111,-1328.4979800610677,602.6637939479318,-22.16678549209311,10.055806817019565,3852.428139629388,32.50791412439878,1078.799431058843,-622.3413409628636,217.69897985859956,-11.101134349633229,3.8832477679361204,4348.338060841708,7.5471580963513025,219.26241879565723,2489.4480454259324,150.12407331451965,56.63813607320984,15.640276077813741,3869.403160989429,2.396838256000229,75.43480945758984,103.97852611660973,214.33325963946322,6.975617866335265,27.452843162041276,6583.176437106799,0.8874368828503312,10.548366170253388,690.7710045318332,443.31625855083286,244.07469954684677,300.7766733693058,6547.2829876026835,3.189533716150705,60.50047276925861,546.9502877000212,79.48109325845104,6.698544180992243,1.8207919389447125,6716.0920767853095,1.8147105672204848,31.73575991308222,1010.6449103141766,119.89330021768207,48.88392364123874,10.823386692246622,6730.907352066121,4.515507057695467,84.37609106247166,0.0,48.47555596110775,nan,nan,4685.68,1.0,19.403292965701418,0.0,44.678930916392225,nan,nan,5875.62,1.0,15.473706908126772
6d51m17pt91s26d07m08pt163s,6.854975,26.118934166666666,0.4010518031575405,38.1252075806048,nan,nan,8.039473402045589,0.000151979612814797,8.259961424031873,0.26591170786289714,417.73984991362715,185.52526361376303,0.365,macs0027p26a,8100.392788431028,230.03228328604143,16.564745973059175,1.2848581930040084,5006.832825115133,2.449872856448537,59.69652141058876,860.8660731523669,456.65014037006176,1.0713132006042108,1.5768166716116925,4958.775962519884,1.277484162578675,27.43489476979092,10605.783035043201,303.68738736703165,38.269384458422316,5.519083663618006,3726.264568466768,2.43684180267974,79.75227338228018,14180.005644759129,397.88689407694284,51.26182953257044,7.231024890782667,3728.9336518164123,2.43684180267974,79.69260065934463,10554.491063723453,208.99935398954537,92.4416481260378,3.5061795165321725,6562.87506190923,3.2166293537964616,60.90313879617905,4085.618056665576,98.97171838979983,15.686443883779098,1.0898927771748699,4861.3419981731495,2.5331954145656783,63.757052890072885,1347.6629710273621,93.85458735701438,3.6474856040428114,0.8997217714229645,4340.298671422465,1.9632111028620731,53.79822960095917,-4327.33541825115,780.8489672103965,-29.65748265361532,5.351564522237764,4075.1475338269106,60.70570367226821,1884.0678227306958,-1653.9674834413645,331.9070390214228,-11.537829890963584,2.3153338830305668,3968.3031013599125,18.03926050832913,578.0364575617805,38469.34529855058,1702.8905851328307,145.72729097232352,29.486259819498287,3872.2477119054406,97.83930863671817,3202.7319700925036,-6220.330177073925,1599.3884208547393,-42.502174484300916,10.928276119792018,3802.404516787363,64.49886973340303,2140.8135302228116,-110.25884595680303,161.5854457153003,-0.804538887800818,1.1790598174002198,4362.8498812791,1.003628788622096,20.985330897626408,3441.2192491615183,302.25843528103843,6.166541073047482,2.4770004205261764,3871.477120893621,8.543047119722175,280.18334002605206,866.7322670268456,550.1863656540834,3.163924590169299,3.834224275634304,6583.645357172999,3.7426009455724385,71.09688736955049,322.82216764341166,281.8793793613595,2.0528236051426583,3.441974300475135,6547.079126556359,1.5596648876074803,27.098022865847092,-857.4480656752312,nan,-1.5593746499003027,nan,6716.44,1.7843737072143995,31.11156020846531,0.0,79.7416737686186,nan,nan,6730.82,1.0,13.507659064352907,385.75974816753444,83.95085906046752,1.2220892090686755,0.8138182448840748,4684.624639958453,2.6800141344899195,70.28841602631675,467.87973216517065,61.28720237679074,1.905960327584622,0.5427321127926814,5876.112196992204,1.4527005514664117,27.581139610952896
6d51m29pt46s26d06m44pt452s,6.858183333333333,26.112347777777778,0.7041310756022197,49.863585430650204,9.91666349053386,0.010849953550251385,8.132525803878096,9.065474292218784e-05,8.107205782046696,0.19844639769229128,209.299487741493,167.73914948354178,0.365,macs0027p26a,23649.25415003335,392.40947264176435,46.80820570503044,2.121438065715061,5006.8426348283,2.03264127343659,48.522951232379285,7719.53148560975,979.1741468457075,23.34215514819137,8.2149974926285,4958.909775931728,2.0264490032312774,48.82257945907129,12275.188382576118,160.60092515892066,34.53234892471046,2.275711061765038,3726.1339105292136,1.9043919809691094,60.51370363624129,16378.109339352708,190.65116160887627,46.16175711507142,2.7015221548838895,3728.841223422539,1.9043919809691094,60.46842571101424,0.0,127.55194421530902,nan,nan,6562.8,1.0,13.853480493619768,7403.547531813004,122.33531803733995,38.36390940012618,1.8182732605943992,4861.220715609587,2.3777852527069196,59.5107220083209,2962.9849145959934,79.82889618389474,8.26427664121023,0.7885553685964845,4340.5135300167785,1.8048924365561985,48.79572349330491,1314.8596125367212,59.40221356709639,2.9457696504010897,0.5317571555688467,4101.6745261229535,1.417921366836816,38.27271444960018,0.0,52.41646195851435,nan,nan,3970.08,1.0,22.900702702093618,1149.2058614928724,107.09854978308528,3.3111293254337504,1.3959938081256045,3888.6829506445874,1.7736822813374624,53.34923394603854,1097.6044728011905,113.28457432333114,3.7945464818723615,1.8331486871114693,3835.1604821977608,1.676748182484604,50.574920191821995,340.04982862476317,85.7369269714992,0.9940930765041877,0.8784326980821306,4362.953360582787,0.9396314311446692,18.289501614531336,6272.723499267624,205.16472578627335,37.46065487076269,5.613400423734255,3868.61805116572,4.837793619272854,157.5234114342486,0.0,127.55194421530902,nan,nan,6583.45,1.0,13.810026928666252,0.0,127.55194421530902,nan,nan,6548.05,1.0,13.88468655302385,0.0,127.55194421530902,nan,nan,6716.44,1.0,13.536579167464883,0.0,127.55194421530902,nan,nan,6730.82,1.0,13.507659064352907,20028.42558892086,2089.944151763011,184.34290410325747,58.351016212348824,4707.425749001872,134.10828690258217,3643.678513577433,0.0,127.55194421530902,nan,nan,5875.62,1.0,15.473706908126772
6d51m52pt995s26d07m16pt522s,6.864720833333332,26.121256111111112,0.8129630864732706,14.440787059984471,10.381760510582843,0.018693871365843665,8.173354566865282,0.0017615696326235921,8.595517039517015,0.33686180043389125,32.563169661862325,6.105944382867999,0.365,macs0027p26a,14522.7620533411,182.53948192223316,100.66839270430441,3.456105815191098,5006.8428147707555,1.7513831360696999,40.821162295041034,4755.666471640301,778.3593099289749,36.33494076305982,16.499440482003198,4959.058946919188,1.5630281579843295,35.878494750277525,3608.9468303954254,106.1653569969766,84.5119493235624,12.523753043560022,3725.9924779267003,1.8032607192616532,56.78174719154031,4982.371923093704,127.79479079041771,116.90160704570387,15.075260380447725,3728.7856787606165,1.8032607192616532,56.73926161308268,0.0,87.01879504165149,nan,nan,6562.8,1.0,13.853480493619768,3242.3584468906533,84.39183015931653,93.84534561161014,7.005737070192817,4861.369792312268,1.9454936634452977,47.53702509780251,953.0965792444179,85.63668047448913,7.920100424244524,2.5206592360702453,4340.200008158797,1.1740106209374177,27.644407169716047,0.0,31.63947987652354,nan,nan,4101.73,1.0,22.16567686891332,1780.290611446559,132.09524803351613,14.46769510233056,4.62439866288118,3969.144449076013,4.142159762948265,130.91782747872216,794.6412410561232,63.91740959307051,13.68758637805927,4.980367141795803,3888.812541437373,1.3874768125903134,39.21553938941426,0.0,28.73366282981301,nan,nan,3835.4,1.0,23.704860453545347,172.2723052101347,62.7058507062038,10.798466296445996,13.775360882547673,4362.992080691115,1.33864989977624,33.29351220346759,2539.3770005644765,100.31867163306809,18.950134975298738,3.4292371164021476,3868.885228367634,1.9692102458004521,60.56901190189995,0.0,87.01879504165149,nan,nan,6583.45,1.0,13.810026928666252,0.0,87.01879504165149,nan,nan,6548.05,1.0,13.88468655302385,0.0,87.01879504165149,nan,nan,6716.44,1.0,13.536579167464883,0.0,87.01879504165149,nan,nan,6730.82,1.0,13.507659064352907,-81.95325315649214,45.42214891688202,-5.351926957612236,2.9662766747860436,4687.2619988414135,1.1413046519203538,24.491897370431595,0.0,87.01879504165149,nan,nan,5875.62,1.0,15.473706908126772
STACK,0.0,0.0,0.49545492839608424,nan,nan,nan,nan,nan,3.07999519601985,0.2153976561255234,1240.4682582840471,808.9315449674882,0.365,macs0027p26a,11986.018894888788,396.52665075094427,6.343648780372057,0.5732347047489884,5006.77427881223,2.4098688157467048,58.634293469864055,0.0,128.9716472764097,nan,nan,4958.91,1.0,18.334194769319836,0.0,0.0,nan,nan,3726.03,1.0,24.400668213494743,0.0,0.0,nan,nan,3728.82,1.0,24.382410999599827,15858.161481576331,307.9924302726361,15.628197975061957,0.5813850842900765,6562.745761936043,2.819966823078008,52.99167249970622,3891.5706460769234,236.09339982749944,2.136377712842724,0.371725795434548,4861.475253286574,1.5891412761231256,37.361952141261845,399093.03146157356,707416.2497689276,241.92023654405037,1442.9628376224123,4453.270116538956,536.128326464605,15725.179238880173,3340.3522780917424,27971056.201686293,1.495132039356877,50017.09324643609,4101.966799922777,0.6122416809647202,nan,-39613.1349953044,4489.731745455774,-42.78148612015406,4.848830984323746,3944.7882012680043,73.35991791582762,2352.35458013563,1564.3539501714874,3170.1544397827415,0.6710973386653167,6.122460953701866,3896.5388275868245,4.396303800056616,142.07897635142578,0.0,216.04057556070168,nan,nan,3835.4,1.0,23.704860453545347,353.604571229932,241985875.15612265,0.13943999176831592,334415.0853839401,4363.101265023275,0.4368757433892005,nan,1583.3030060291112,2304.4127543550976,1.0849437488318858,7.108694454853954,3896.5711217083544,4.449951530971845,144.61279186058465,0.0,179.34534852989398,nan,nan,6583.45,1.0,13.810026928666252,593.7360222435067,929.199142680386,0.5663903812723,1.7021524293016694,6546.9191921454985,3.0206453277387033,57.13003809825495,34031.976382211185,2315.2594286486965,41.177399919709636,5.231779066148114,6726.634743561376,80.6979558058398,1529.5723822649513,4201.986357506185,383.94041442111217,4.200581912162177,0.7163751128370732,6730.58272371772,4.447574749197186,83.07521718343125,1778.403640488092,311.570585554692,0.9143575521289492,0.48945180556995965,4688.513781387013,3.061134382251011,80.96738833465555,32027.8166628609,5954.649452634574,26.929703817902205,10.910386835992375,5864.845933818667,147.70225769806322,3200.3062148123286
6d56m36pt285s26d16m00pt993s,6.943412499999999,26.2669425,0.3049626065288087,51.14114865523023,nan,nan,7.844193745128113,0.0011595728536928946,82.4188908580525,28.845632511427812,4779.277478956455,3709.551295410395,0.36,macs0027p26b,2333.396813410265,112.16773868547946,52.15314053774091,6.847737220374249,5006.836030851488,2.3342333273611735,56.62142359101747,425.56700479632093,142.1919503399125,2.9132551166579086,2.7003333856954446,4959.366304307379,1.5569690185245229,35.7044306490748,81154.15440825363,29202.71409523631,286.8913894493747,520.7917888923896,3723.9502170870924,282.950855674015,9667.77009831368,1067.238069185369,173.0843571433195,7.226510860673415,5.891561767230757,3728.9906516835144,2.6671892385682283,87.87157119980175,1748.2318209394246,149.4627692491684,17.33600674518069,2.8389668624903273,6562.6088977294685,1.9959507885270766,36.25968649479133,1031.0786205798936,68.34753845883026,35.70216709238776,6.788657656601724,4860.99689355286,2.068199483640991,50.966085506562685,8524.286270233159,534.517900605255,163.37524297019786,35.81980971482325,4368.052459938817,53.08151804127013,1556.799878517016,-4792.65100050962,3122.357209326735,-194.60386931804737,126.78219095516704,4096.484535162859,143.61437708337178,4457.472470792762,0.0,34.167417485779296,nan,nan,3970.08,1.0,22.900702702093618,2231.5950175239072,175.63050281471874,24.954289452262003,8.862000700287274,3892.813869802709,7.158271917151615,233.20616379815493,5119.0311505251875,264.9753378302366,28.049790710286924,6.786213100597799,3837.4106979794565,10.300120913879875,341.1060293367128,-108.09658391752636,95.43590651339876,-3.3550318098415177,2.962077898759571,4360.2406630517025,1.522924362171553,39.463823989771136,-951019.9336986319,866098678.3079175,-27225.158618871967,24794090.072144132,5941.189969695091,2208.901165728201,72688.98007005331,-123.76701001982823,10290800.123890853,-10.42414738408706,866731.9116332685,6582.850484080294,0.6090493904979548,nan,176.9312826479566,35147022.01508083,2.7662245244054406,1055125.4016931478,6547.4133793965875,0.5817636979796817,nan,518.6217096244933,202.710998035617,29.568672137351697,21.616028838823496,6716.804625618823,1.6261786591871403,27.82228262549057,4351.713480478856,463.7399357292374,72.99168313378601,14.524928308986066,6727.429110736473,74.47448447769168,1408.5858564883388,-106.53843404599249,88.95961666483176,-11.065752939992471,9.239906222241816,4687.661699877433,3.00027288817443,79.26781920593425,0.0,32.512869605652526,nan,nan,5875.62,1.0,15.473706908126772
6d55m56pt13s26d16m02pt84s,6.9322583333333325,26.267455555555554,0.415384105695892,44.87459104946611,nan,nan,7.322537738813323,0.007227286279384677,nan,nan,569.4844148735378,359.9454237275609,0.36,macs0027p26b,3767.339903279549,90.7794564729245,1518.4715091427574,99.94166021028433,5006.836864199696,1.8048879088661671,42.30118410503754,0.0,55.73875174788498,nan,nan,4958.91,1.0,18.334194769319836,1227.1793485340668,39624464.494940124,33.90321244574849,5512038.631670745,3726.6451789925723,5.0704335967015695,171.58650113988406,1390.934151690999,39715251.39475427,38.420485992425505,5524667.7209317265,3726.3928689976656,5.0704335967015695,171.45811566185608,59221.59365592446,6029.535048207054,142.8712073372637,27.775198928403668,6582.448700890735,110.9619466452765,2152.48054429564,0.0,54.88381616353023,nan,nan,4861.33,1.0,18.702211490174054,368.40798843680255,67.13984754189332,6.921510539669777,4.467903524873435,4340.243914930585,1.413865804966671,36.030825883422125,-6708.51905458932,7352.112632991111,-271.9645426534867,298.05593954458186,4085.4449316128007,209.7682401329153,6510.783082224435,488.8867215977831,110.82393229482788,13.111556193985981,12.79090420376931,3970.847612240765,0.9462336943690971,20.416589856490926,-85.422520646509,79.78174085327107,-6.256896911257563,5.843729781579368,3889.9084981069755,1.7334835445101688,51.91397999181858,0.0,48.308614613871875,nan,nan,3835.4,1.0,23.704860453545347,-116.35834180686885,44999528.96939862,-42.285146669118554,16353031.961133905,4363.855467315867,0.5143001163511932,nan,2036.8518693786257,161.77947814501383,22.35750317522868,8.138790373709945,3868.0057613239082,4.785084396464354,155.77023903370463,23598.651721381604,1537.1980551723723,59.62217052144658,7.41540893093733,6582.798637882925,43.2937132563971,837.1003022212035,-75.76067537558616,72.16479194181743,-6.60884580577186,6.295165403221421,6549.475107711498,0.9713244549106238,13.092598365330485,0.0,46.95167145891978,nan,nan,6716.44,1.0,13.536579167464883,0.0,46.95167145891978,nan,nan,6730.82,1.0,13.507659064352907,7.563584478957097,nan,0.1850462051889742,nan,4685.713403615764,0.13734651901591974,nan,-52.324504622736626,8109065.395427618,-1.6207896229755339,251184.20403024697,5875.817497695514,0.5372503157141358,nan
6d55m57pt39s26d16m08pt949s,6.932608333333333,26.2691525,0.46490969376313274,38.695775662881864,nan,nan,7.971664030414045,0.0023853211274383265,6.165329051780281,0.15479333193423075,122.22886048255252,78.94556718232128,0.36,macs0027p26b,5432.662967389866,104.2450825494794,20.617024725540908,1.080574425169615,5006.845851384152,2.7491263366446224,67.59867515774616,586.8878665923193,185.1757974661499,1.0809109972827142,0.9463185897533121,4958.764846643706,1.1894155690229702,24.68762931594307,6685.313189033099,171.8820385571984,15.805316636572488,2.047078631895075,3725.9642978192655,2.545464867885307,83.61957939602794,12645.467346121653,301.62098103310706,29.9537964461436,3.5922419258405096,3728.7206060817934,2.545464867885307,83.55701305425899,0.0,56.50257617351593,nan,nan,6562.8,1.0,13.853480493619768,4111.756429580487,79.36431429900347,17.87186365436992,0.9894272563267502,4861.274619723099,2.454832459956248,61.618887867104604,2570.553391155541,107.20345624136894,6.732888625209469,0.9942946564597691,4340.833358636565,2.785056543630258,79.06623400174928,0.0,30.780932052895043,nan,nan,4101.73,1.0,22.16567686891332,0.0,40.26025000922092,nan,nan,3970.08,1.0,22.900702702093618,1083.486251786951,112.11306382152114,2.684694354792661,1.2570167066358258,3888.3447674890654,2.955518846666746,93.99745156740275,-213.85122966370955,79.5734720462221,-2.1350351250281627,0.7944408741829246,3833.2818939582185,2.200336737661406,69.24220647533251,-210.62479291211787,118.39748850363009,-1.9223168286641268,1.0805825917989602,4360.662155164563,3.4176783922796177,97.60725635784713,315.33397536138887,1949222.347241906,0.6249160127466186,17701.879507185524,3868.2436632409467,0.5668908798693911,nan,0.0,56.50257617351593,nan,nan,6583.45,1.0,13.810026928666252,0.0,56.50257617351593,nan,nan,6548.05,1.0,13.88468655302385,0.0,56.50257617351593,nan,nan,6716.44,1.0,13.536579167464883,0.0,56.50257617351593,nan,nan,6730.82,1.0,13.507659064352907,7203.010911809653,379.34996719578305,25.218342049325795,4.040465097401178,4699.829454993031,60.8964427752714,1654.449757771377,0.0,39.03481465056627,nan,nan,5875.62,1.0,15.473706908126772
6d56m10pt83s26d16m21pt408s,6.936341666666666,26.272613333333332,0.5458434164027401,23.87228555862266,nan,nan,8.037247470269227,0.00011302496085313602,7.712398484581716,0.22776121327487278,289.8975345140302,234.09051790115558,0.36,macs0027p26b,5131.740045612637,126.82999136886319,17.47847798340712,1.1799033763819182,5006.848420108022,2.535184768538066,61.95676141516589,1380.7738681095268,217.8360256101768,4.390695983937025,1.9219011632442589,4958.95808772103,2.2640914639695886,55.27816602134193,7958.749458269446,191.50322739760603,42.074882094165886,5.099597037508411,3726.0990877399686,2.536557918906955,83.3029991947889,10460.564484952058,248.20867565866573,55.40783371108969,6.6096234735762,3728.863677164289,2.536557918906955,83.24066972655136,0.0,56.13628293481207,nan,nan,6562.8,1.0,13.853480493619768,3232.6944603272595,79.95936740673288,17.172088729733186,1.2182436494366475,4861.339266910925,2.368648347924804,59.2603004202779,831.7851292669704,74.076689286457,2.5883272852400636,0.8163822057020981,4340.477869113834,1.8938211379766268,51.613922497549886,555.0139178243044,56.656447005844754,2.1935127331739226,0.8946664580065291,4101.741363293161,1.2744494602694263,33.055583931349375,0.0,26.269370302988776,nan,nan,3970.08,1.0,22.900702702093618,1815.9363296697004,147.44300235954586,11.003009097975335,4.043019489655757,3888.1332235700343,5.307916512638248,172.23943050887672,108.29234925687062,nan,0.5332957164402494,nan,3835.2506645974922,0.22851555853203978,nan,50723.97714013116,17841.36739419377,468.8767187141748,554.6355541419862,4454.571584428286,158.14684450937708,4614.377695902715,456.75018090187837,60.813314578741085,1.2900072294101965,0.786238080590077,3869.9350235492043,1.4670989489488668,42.42847059125419,0.0,56.13628293481207,nan,nan,6583.45,1.0,13.810026928666252,0.0,56.13628293481207,nan,nan,6548.05,1.0,13.88468655302385,0.0,56.13628293481207,nan,nan,6716.44,1.0,13.536579167464883,0.0,56.13628293481207,nan,nan,6730.82,1.0,13.507659064352907,-363.85768563050607,40713881.49827837,-4.16626114970007,466184.0863573838,4685.409720685361,0.4932083606060142,nan,547.3214887805044,139.5987666036514,6.322768922111226,3.5085566083827153,5872.370715812954,7.4085149820767455,159.80602064748152
6d56m26pt34s26d16m22pt562s,6.94065,26.27293388888889,0.6019750785021702,27.575412905849944,8.283302990707213,0.005041349611403515,8.148592488922283,0.0001476433307408078,15.723431058294947,1.3765873970161508,885.4157069232396,606.2638151408545,0.36,macs0027p26b,4463.793793179077,114.44716087439474,19.888689661616574,1.3928175384027952,5006.836744496277,1.8173996810780235,42.64612972768874,1131.118125906629,156.10607079553083,2.9490657967519835,1.1292597044182362,4958.909428683904,1.4130033098909083,31.51175667128236,1713.892890219071,112.92580039749679,4.138430986139695,1.3736150262382831,3725.973428114821,1.7427474447928963,54.53125372128569,2509.729685200886,141.74502113221942,6.072349165560354,1.7241683498042801,3728.8691117949656,1.7427474447928963,54.49045202051108,0.0,55.442935592855356,nan,nan,6562.8,1.0,13.853480493619768,624.4524148770864,52.004824437057884,1.8548216622554183,0.44307142199729965,4861.201016853401,1.230352993368479,26.49773513426002,1386.0972331294797,146.3421240695463,5.979149934216572,2.2346925374647393,4341.466064934794,5.664479207956616,164.87146793834606,435.7094368850255,47.799750387642874,1.2265029123690487,0.5376592144961153,4101.596053388877,1.0914902869232668,25.993432584575906,-31.528943237341664,284346.28781748743,-0.34213781524949466,3085.5971592780124,3968.6447641010773,0.5018495339368221,nan,-112.45826560558238,2966054.7839687984,-0.9241079388806477,24373.084168251935,3886.8358619236037,0.5086227664107404,nan,-4902.555393196703,3200.2911606449347,-41.36351693701733,27.001285454198307,3820.2641793169228,161.55040282817697,5362.363907572488,353.8956964701116,59.90545074251802,1.2924038249138832,0.7665891391358981,4363.3649937865775,1.963425442765791,53.52441683482016,0.0,25.497919123198923,nan,nan,3868.75,1.0,23.500516131444996,0.0,55.442935592855356,nan,nan,6583.45,1.0,13.810026928666252,0.0,55.442935592855356,nan,nan,6548.05,1.0,13.88468655302385,0.0,55.442935592855356,nan,nan,6716.44,1.0,13.536579167464883,0.0,55.442935592855356,nan,nan,6730.82,1.0,13.507659064352907,58552.47589766667,48892.49955830022,301.9272562096553,771.2280194985176,4685.420210271601,401.13727957154197,10898.901224089592,0.0,55.442935592855356,nan,nan,5875.62,1.0,15.473706908126772
STACK,0.0,0.0,0.46661498017854874,nan,nan,nan,nan,nan,nan,nan,3229.178764167066,2050.4830601204894,0.36,macs0027p26b,1847.5756945883359,265.5384006643951,2.3855040811524995,0.9366784588368359,5006.137652217192,3.26375653810979,81.0571149424893,0.0,85.51533942543816,nan,nan,4958.91,1.0,18.334194769319836,2227.72781287728,303.30862165161255,3.056164817771851,2.0944477381736877,3727.126341510132,1.4254625295936658,42.427833033607875,1180.795290166195,202.83825246160598,1.622534493387171,1.4006661491188623,3729.452491523963,1.4254625295936658,42.39608742664273,2930.9038301678943,197.31251663685035,6.9858584485383215,0.9008667383311718,6562.457986073385,3.4818924230045,66.16531792255267,-20169.23894054695,22759.72510103361,-57.30399819304549,64.66397913715598,4874.381357092747,209.7651148257036,5493.368359348937,0.0,80.0633505328392,nan,nan,4340.46,1.0,20.94654063936261,-0.18560925590508973,nan,-0.0009844396967270996,nan,4101.73,0.04153729276254737,nan,-11066.393258212707,3307.699029570908,-47.29545576599399,14.13641549600579,4003.4379689962093,79.17734708929932,2538.9122653847467,86600.14662518863,9697.16902265609,244.2450225124978,127.96606459798092,3835.7652749363383,70.46174622424826,2306.483251149635,119326.40579742978,5418.351559745298,2798.0242665006535,591.662079286712,3843.0754531781063,127.5348172672258,4233.256046901373,-40805.27089897318,11850.963703491036,-101.19234365553505,29.38901679398273,4417.669426988348,120.00085429712972,3501.3361822930738,-957.4053969377552,391.0058827568864,-4.061888600352779,1.6588817473987238,3866.1348411394633,4.268141361911955,138.55120612210166,-7.690035502586858e+20,3.6751470584415663e+24,-1.9106724150178422e+18,9.131299983382559e+21,13322.709342874223,1878.9300017339033,36334.56860896206,-259.61820333303837,2061633.6695346292,-0.9528052200231877,7566.246499242211,6548.300984549093,0.6310854357619062,nan,870.0935017311908,724273.3524578417,2.6488223987225656,4123.806241677324,6716.937192805489,0.7073068248966872,1.9221292443002296,434.17079684107034,8598314.653789643,0.9804554857685738,36236.99819132021,6731.357671889205,0.5977066692778981,nan,-1.0813568200873973,nan,-0.0043977284175020235,nan,4685.72737977672,0.13299941266129614,nan,3288.152576557555,288.8320729282944,8.514576283822658,1.626503108566191,5874.356343822973,3.5909268035487436,76.31385269991858
7d03m32pt925s-75d37m59pt602s,7.059145833333333,-75.63322277777777,0.23105237846602522,139.92084975613827,nan,nan,nan,nan,13.210395639366851,2.5740884880784347,245.50200295766652,165.74058578554445,0.388,macs0028m75,9289.394047756066,170.40498762474985,85.408155712728,4.279379742794925,5006.840948416069,2.192924795906295,52.8429194438788,2098.349632335575,401.54315737993875,6.818089681360991,3.619892731104687,4959.040942165611,1.777694061919059,41.95158149721873,0.0,0.0,nan,nan,3726.03,1.0,24.400668213494743,0.0,0.0,nan,nan,3728.82,1.0,24.382410999599827,4992.272047327441,97.41336182301701,97.52011761624358,3.644884734760482,6562.7238125234,2.360948052770171,43.74010427334982,862.0289649884727,164.69160313221235,3.0177644016562017,1.6534415058050462,4861.685290874679,1.4474104614311487,33.17760208904337,3589.40860017159,283.8142231065784,16.785366639613454,4.7003065664623795,4340.575219968886,2.9987634630296127,85.52688268183731,0.0,84.07091717767824,nan,nan,4101.73,1.0,22.16567686891332,859.1579487707152,118452919.78119737,11.772500177844426,6986204.016487816,3970.5437001109326,0.5717250664872555,nan,-240.50585758729292,181.7127313492922,-9.284921947204358,7.01516605174208,3887.9477430161346,1.2132581163151446,32.43941625428848,-2638.318161108636,430.5770966863363,-15.073465060831698,2.4600099103167246,3878.619537810401,13.091050408069552,433.91538595762546,-72116.95923353941,1050662.4515248567,-1944.3501113688753,28326.97989966527,4236.132875564855,100.62042848658362,2935.840894927951,-0.08056214722906066,nan,-0.041709651604763205,nan,3868.75,0.03560592514239393,nan,-20.431068584246475,nan,-6.173507855159065,nan,6585.378370077208,0.09546484191623275,nan,-1496.3292363333699,896.5632544391466,-34.706085428369704,20.795023010276697,6586.67247313848,18.971497067088006,368.6012167067062,301.6887198360074,98.41864954494025,5.020783090189354,3.0639077714156575,6715.754948817103,2.5038452687418253,45.567924393944374,0.0,56.78026324433908,nan,nan,6730.82,1.0,13.507659064352907,163.62269285818516,203784183833.96817,1.27806213823806,4868429666.587794,4685.860826292903,0.37554007903597053,nan,0.0,48.31005427807301,nan,nan,5875.62,1.0,15.473706908126772
7d01m01pt38s-75d37m22pt757s,7.017049999999999,-75.62298805555555,0.4005106205372235,39.10105683874975,nan,nan,8.096489761988973,0.00019169477657426603,10.488706268786352,0.6910909179534818,690.8255846007582,383.4621725234036,0.388,macs0028m75,5115.829116773427,136.38266022650504,39.887926238561946,2.9045038128507024,5006.835256771817,2.2433086553837245,54.19304644656494,1024.4872281744363,184.80567681495694,4.541729600615811,2.2734130925679814,4958.556523004009,1.6003867336066955,36.94806708763242,4042.849942577122,333.6343474602275,53.13357619603573,22.075308119029703,3726.847772766745,2.616754911628847,86.15026436731695,4583.381108046431,404.49309661246895,60.35013185160792,26.76376040930607,3729.524117807842,2.616754911628847,86.08580450130442,4235.564850296484,95.80527234445653,180.8408595191868,7.835157635975534,6562.668833603629,2.539316775590019,47.35095968460394,1407.852123718596,75.00826053681013,18.90647996189296,2.8890664099562837,4861.415475837735,1.7195605326233485,41.13226540409725,982.4560379149851,173.99610268081813,12.710198013763584,7.9692511111431905,4341.288645078338,3.8815727906750808,111.98386380800827,2397.719137170378,167.0251904935896,31.04708761060623,8.638054875926606,4102.436513728933,3.5519548663574607,108.08403685243373,0.0,73.60440899311813,nan,nan,3970.08,1.0,22.900702702093618,-4515.152387642028,1001.4599406934735,-81.1070865404597,17.989536366246107,3911.3868975628648,55.9132873363902,1830.2032613405015,713.2661480201663,107.78036330430265,9.292408762853421,6.5773697048834086,3834.013046404345,1.1717472825805302,31.19109519969649,-40479.04508446532,226866.32446957496,-557.5150123036052,3124.613770260817,4192.635107496099,261.8683348119174,7640.790602792829,1570.7512996475493,195.3530462660206,19.267362512395575,10.98645441040758,3867.4609853064026,2.7991911894991093,89.18712124142428,17396.24982720204,1929.150337987855,160.00959356473138,33.966503976895076,6566.696826666484,75.97702276624032,1469.1741397193728,263.85809947309605,194.119875556104,51.75790942765533,73.09969501729954,6548.755460525886,1.8416189441540411,33.118205362618724,0.0,62.9434175299902,nan,nan,6716.44,1.0,13.536579167464883,0.0,62.9434175299902,nan,nan,6730.82,1.0,13.507659064352907,-10.914856064604729,nan,-1.0069567345358463,nan,4662.491147328409,0.15962520914781078,nan,-15201.683757485785,3805.706123563184,-168.54242129156088,42.19420263058706,5923.848995326168,96.96672318810417,2100.9740172728484
7d01m18pt435s-75d37m47pt064s,7.021787499999999,-75.62974,0.40038739037551063,14.112450189234808,nan,nan,nan,nan,nan,nan,393.27368729354475,145.68582343036636,0.388,macs0028m75,13938.827713644721,337.544476800792,12.998911297485614,0.859740867314905,5007.059961458701,5.527472528848451,139.41679075775502,-42744.937833816155,2321.9794423661433,-57.372537607650564,3.116576128833492,4984.51614877434,62.24159074154652,1597.8277848975456,3194.921001793678,38217.25916099652,12.779382416624767,770.8681105186664,3724.487914213221,6.819467728267613,231.77522211029213,11802.252454746742,46522.822485780125,47.2875474766577,938.3969717590162,3726.900343756804,6.819467728267613,231.60180186751086,7812.9330690646275,397.31216022926054,11.951181974404438,1.1642627661114224,6561.957097136153,9.435779728673692,182.53797520860599,1125.9881044988829,115.65725695025529,1.3113993377608728,0.38634807757168205,4861.350032976277,3.890207534792644,100.21517858998955,24250.28589885219,1015.9825660770683,37.73419477075267,5.586604599838118,4345.199356177782,84.48538024642032,2477.957630388652,-77.3396238807044,4961554.039024047,-0.46704032618300184,29961.94835825307,4102.0257475804565,0.5564188541470255,nan,735.6702677057609,5337093.578649406,1.6477261823598623,51444.50043039965,3970.8063399477082,0.562506229848676,nan,-864.6228359280221,398.33042402627325,-4.3821420983852315,2.0188461924205807,3884.0023527981593,8.428805489827903,274.96758606565703,-119.60638803757736,139.92765980912873,-0.9679439078947616,1.1323987629796517,3835.7428541783365,1.7254542249912934,52.34883194326371,121.06397433899792,1646469.2911933267,0.11577939002839509,5517.8818835530765,4363.220347986817,0.4815971813461866,nan,3497.773086114468,358.3177964251717,5.973236838493548,2.79654967817935,3872.505700936904,9.19514499030323,301.70936542106375,5053.143645872585,493.8773074319925,7.3505550015650405,1.3718393422547523,6582.201797797838,8.803439840668632,169.70106133082157,11397.842304430831,708.3816319736279,16.188993756963683,1.926584609428289,6564.828895425237,31.73071089691844,616.7726239387463,-425.6012518481228,nan,-0.6630474287091889,nan,6716.44,1.7852203020265733,31.12900511220126,0.0,112.49344612575581,nan,nan,6730.82,1.0,13.507659064352907,1732.3871583669322,222.31353555696202,1.9875083100339381,0.7812925442093372,4681.826247368586,13.056398056626266,354.2327129759902,1500.413169715618,199.95251469529245,2.1437999897475994,0.6210230735744963,5876.422056744971,14.011949037983477,303.2251416113573
7d03m48pt42s-75d37m25pt939s,7.06345,-75.62387194444443,0.40330237114644785,159.12294565329398,nan,nan,8.024723023711328,0.0005125540060830953,7.248430790769875,0.44851820844465645,303.53643457649713,149.37982387862834,0.388,macs0028m75,2973.386160702449,114.28896370580973,8.291408541558269,0.8704926857526376,5006.860429074067,2.5877483731963715,63.34620528219898,0.0,50.06476161789819,nan,nan,4958.91,1.0,18.334194769319836,5124.345782764557,359.5619526933013,17.65367834086931,6.238840263198199,3726.2584026416735,2.3947466252004315,78.24949970270983,4710.304516027793,349.6971941422344,16.258629909563243,6.067674620186962,3729.0239733273957,2.3947466252004315,78.1909513940839,7126.421229324771,133.04830829983877,47.59217994866407,1.701812300184194,6563.1729948647635,3.3294277261276233,63.143131120900826,1767.0081744871602,82.88808299710826,6.076588341366923,0.8175497968924008,4861.375424546983,1.6664048924305606,39.60335356184746,508.91518303492006,117.10455808034786,1.2857964771698298,1.0480322603859944,4340.133790954759,1.68906159901763,45.08712722570071,0.0,58.19299357954866,nan,nan,4101.73,1.0,22.16567686891332,-2282.508095378067,442.080579889527,-20.791542687438067,4.026946176739854,3970.005120976538,18.168770923683187,582.1926275587346,2263.29234204896,178.56145055233088,82.82192947483775,29.563190672971377,3888.545453129231,2.4130241391887246,75.59469533689384,897.7056012351459,110.81354538915836,3.110916796754879,1.796640355321484,3835.8680739141596,1.3964739000565753,40.10970502372401,-424.3770481965788,222.06168716112472,-4.850080613891122,2.5378777871352582,4349.596288635197,9.368953879823032,272.6041009966028,48970.93627330296,9142.180238692032,485.3144582423969,400.8509443938013,3924.7569560389493,63.43124402008333,2087.2241679898793,1130.3902597083593,402.10031373127975,10.60159799495663,7.199448798057103,6583.712628454403,3.723517521448204,70.7211897343546,7617.792827777078,148.3583374703063,84.86034915731376,3.1653815338763462,6563.169279610616,3.488480923705045,66.44512178112836,0.0,68.2868839098678,nan,nan,6716.44,1.0,13.536579167464883,0.0,68.2868839098678,nan,nan,6730.82,1.0,13.507659064352907,-9661.206904535882,2295.0520741850573,-67.6141759435971,16.06197406566365,4645.6971807328755,89.83227056216109,2440.6727049511323,-25.661155150862008,nan,-0.2520176552078546,nan,5879.28180252728,0.08986257562523393,nan
7d04m12pt555s-75d37m54pt293s,7.070154166666666,-75.63174805555555,0.4039137907583561,179.64355579577895,10.549352585386456,0.059923252718840456,8.021672087090538,0.004893989925548056,7.838165134035369,0.6792840165357319,109.39241514770855,60.32320279260251,0.388,macs0028m75,3467.9718954512464,91.30939832520008,604.5190414096234,43.474507847866946,5006.853695336645,1.9810897574156299,47.124279366530786,1242.342720688961,175.44475830559463,12.125300143239864,4.750582216852119,4959.202555021126,2.54920617919241,62.930046963677434,940.8757098905625,202.01151843536783,6.404905296962502,6.929822823829328,3725.493245752794,1.0860293860578112,28.37076946463439,1989.85915221543,339.94841229031084,13.575121947813535,11.661623478998077,3728.596602192982,1.0860293860578112,28.3495417178388,3137.2055845370733,94.55618487519337,126.77205706898512,7.3188018598956415,6562.720981007698,2.657407022459088,49.72976165668534,974.8518113080775,62.89344692116528,18.214675014860088,3.3704659596712823,4861.369736228329,1.481685160608145,34.19950721728131,539.4485466962243,88.23287298272795,8.558949507471864,4.957945970458625,4340.492570840984,1.270129533641976,31.085752200836314,2207.2861277837737,242.1845982829723,137.39899671233073,60.15793328543712,4104.0896147941385,7.232770269485759,223.43800319170305,-84.93609777424733,25550636087.021465,-8.133935888244759,2446865835.396536,3969.986121364987,0.3413771934472548,nan,2.2010358950873132,nan,0.011353070641322292,nan,3889.089078188029,0.055447351319589645,nan,-345.93623009046775,154.65738194616839,-4.647398741238635,2.0777081428907294,3834.470997543091,1.660664990425827,49.98681625037663,0.0,56.59690474394396,nan,nan,4363.21,1.0,20.83732430562082,2782.902983546861,207.4722491480133,24.601375938714593,8.393241523697752,3870.4212283493807,4.139160841075767,134.24668945035594,33.8389373064916,56265676.14499061,2.057016497844976,6530029.633399707,6583.295601342436,0.3556262080991361,nan,176.02205353691886,149.41634345153653,3.6579950674232333,5.962701850816654,6546.893647062404,2.210745889767418,40.77076393602595,0.0,56.03575050099275,nan,nan,6716.44,1.0,13.536579167464883,0.0,56.03575050099275,nan,nan,6730.82,1.0,13.507659064352907,-127.58668879226272,12238735.431738287,-23.40051696423869,2244691.345172591,4685.62733282873,0.5233999740101041,nan,7734.745736363623,561.6067851311687,284.6957430137483,44.66473402681194,5904.851220065822,49.92097515210584,1081.5575635576608
7d01m44pt475s-75d37m58pt35s,7.029020833333333,-75.632875,0.565741778146726,31.518064387141784,nan,nan,7.274725326845373,0.0032198131689605914,3.8199176425088797,0.41847369107835053,375.84474695486296,240.4124759878695,0.388,macs0028m75,3232.396257019697,124.46268861055508,34.3685885636043,3.6146797824091106,5006.791180954382,1.962374983042606,46.615255324015365,0.0,72.84441610998807,nan,nan,4958.91,1.0,18.334194769319836,868.7455228166285,183.44313091623803,10.598342872794529,11.272824184386835,3726.085228044027,1.9011980519660812,60.3963441689717,2313.7360483331045,447.7575178610353,28.264756443331844,27.515294526834225,3728.0180961434326,1.9011980519660812,60.35115405514712,0.0,55.36912540612602,nan,nan,6562.8,1.0,13.853480493619768,1679.3235950386118,127.9610162529162,22.980669361322434,5.022817524513717,4861.10771556198,1.8260324973764293,44.16749867953052,1248.2228636293185,135.45719162272934,11.74933781356757,4.517868631233512,4339.465256478853,3.1661306921164236,90.56773991780067,-298.11042990008156,144.17473528840182,-4.4652489456144,2.159522177558657,4102.899317053802,2.097646629245534,61.37493277183283,1194.0694123504497,100.96778842782692,9.782660090096185,3.5608653082128843,3970.366646888541,1.231111999112772,32.47584863426547,-2289.1256718006975,1537.9372110199442,-108.3088124995301,72.76671398009292,3927.0759186849696,69.51679896393208,2275.548428600375,0.0,46.60140049974562,nan,nan,3835.4,1.0,23.704860453545347,19699.304787822777,6858.20176033394,376.1683236124241,448.17548871375374,4415.2536424342625,146.7687519697605,4282.383180809751,-11.464031758411688,47920066.455362074,-5.77261561230054,24129741.57714895,3868.7499199400827,0.3063282578382948,nan,0.0,55.36912540612602,nan,nan,6583.45,1.0,13.810026928666252,0.0,55.36912540612602,nan,nan,6548.05,1.0,13.88468655302385,0.0,55.36912540612602,nan,nan,6716.44,1.0,13.536579167464883,0.0,55.36912540612602,nan,nan,6730.82,1.0,13.507659064352907,-78.4313379815024,35706577.49507506,-13.468215398323816,6131527.132101599,4683.373788971154,0.4525224389787063,nan,608.1022488200568,110.2011928439952,12.157719395124342,4.788109629828416,5877.5608701089595,3.601088329764188,76.53832175071464
7d00m41pt115s-75d37m57pt766s,7.011420833333332,-75.63271277777777,0.7988030933328676,31.974569532057863,nan,nan,nan,nan,nan,nan,597.2276752490827,304.7745019204468,0.388,macs0028m75,8061.011816921538,205.4509857144283,29.15950813148899,2.0299492035998514,5006.842809243563,2.8870065097791677,71.21810047607256,-259.919286616295,9660674.80913967,-2.2962942093427494,85348.61691629482,4959.220463015288,0.4393522297698389,nan,3941.6250147187975,186.61256720569912,36.67385530224228,8.750127506263343,3725.405316019419,2.5233232852087184,82.83243026244729,6633.013004765495,295.12482256624247,61.83402880695618,13.838188212005377,3728.1601711087674,2.5233232852087184,82.77045288611048,0.0,73.42445322500711,nan,nan,6562.8,1.0,13.853480493619768,2856.915111839492,82.04500862122168,33.74471185488731,2.7798071587550544,4861.02405852859,3.4312683938046176,87.96942849873544,1663.449483989083,174.64190925331079,92.48102707000447,34.39941403022358,4339.714135057061,4.741829535613978,137.5588967191477,28340.65320953558,3799.0385091920225,5642.204448425524,3008.000080147189,4110.278297804176,146.16351675557945,4536.59398874694,253.34065324454426,3031946.826234527,4.192557034952505,216016.06920247615,3970.1913229875677,0.39508949458197434,nan,-111.16481698020749,65.99397443464865,-2.2770643508009125,1.3517993429482347,3890.998868392988,1.0755972438362496,26.733250317282636,-75.54361249953224,6560759.726364635,-2.1488342397061686,186620.47884703547,3834.881294542615,0.42218647736802445,nan,481.98832534435775,73.28963118999873,5.498293659427186,2.9287865201818533,4363.960311218688,0.9249308136409122,17.6400079782434,25825.449973810144,694.2745334475021,291.2874905698228,35.96331232541568,3864.804554217055,79.35789405398927,2611.3528042185,0.0,73.42445322500711,nan,nan,6583.45,1.0,13.810026928666252,0.0,73.42445322500711,nan,nan,6548.05,1.0,13.88468655302385,0.0,73.42445322500711,nan,nan,6716.44,1.0,13.536579167464883,0.0,73.42445322500711,nan,nan,6730.82,1.0,13.507659064352907,-6265.446835767173,1139.9052791345407,-83.69731672536089,15.227487469846587,4688.8074710143455,110.83613395577487,3011.3626552647524,0.0,73.42445322500711,nan,nan,5875.62,1.0,15.473706908126772
STACK,0.0,0.0,0.45767306039473665,nan,nan,nan,nan,nan,1821.8193366611165,nan,3570.367644969487,2427.535569248183,0.388,macs0028m75,7984.373764943091,340.1373065095064,6.46803775592355,0.7526171362017927,5006.829684547512,2.0175396578318567,48.11373359388363,2009.9235405205218,480.9636723943946,1.6724126678124658,1.1102800081199733,4959.195812467237,1.9136171324225233,45.72340726212127,0.0,0.0,nan,nan,3726.03,1.0,24.400668213494743,0.0,0.0,nan,nan,3728.82,1.0,24.382410999599827,5182.00418774537,244.43995012602036,5.080316618745145,0.45902077674556213,6562.75496654615,2.3348898123698234,43.21052243580503,5.485888257054267,nan,0.003231790112349064,nan,4861.33,0.08199847730283283,nan,19455.325585604307,1058.613549987392,42.621504151747295,8.230400458962045,4336.118059960156,13.482553139878561,394.9237332542914,-25098.320441277927,6180.640078121649,-64.37272426323774,15.852241605175038,4105.75254427897,102.09200842620422,3168.673184345046,-13311.92232465384,3577.0627531907126,-37.447079256507,10.062449972094091,3948.048904837862,54.70407409324244,1754.073686621425,86128.8517938351,5331.659962590366,108.16802697354684,29.7924089001542,3915.5580327939315,60.58297111443252,1983.078525661744,-13623.716874370248,2496.058573958658,-23.50323943075105,4.306127530240617,3878.4068260817994,16.951544406826393,562.2001915523633,-624423942.4381303,1114724758508.7476,-1648545.828701704,2942992294.0089574,1683.72975413182,1553.8936669825337,45339.64502194608,-651.7466684758598,148467190.72476193,-2.2620661022716417,515296.2273261271,3869.114919795851,0.6223096750081218,nan,-1628.7806906130627,948.9025577988155,-3.0679898363372384,1.7873636517052574,6583.239940410358,16.91110553583224,326.74508516998435,-1446.51875007051,843.6434256415206,-2.4830582153791427,1.4481773836582967,6549.077466037006,11.31362448249776,219.54314299614896,-26477.94788299903,7775.895019838716,-40.86817888690261,12.001937237764121,6740.838325345163,137.40234706554497,2604.4279942551584,312.11853295053777,14101573.132950775,0.374940680368192,31618.443614589134,6730.458131733283,0.6494348571672419,nan,-58957.873416874776,124105.2141016323,-112.09021453452739,235.94779233546527,4641.5016983533715,281.7677218226326,7655.617973510709,-429.1478363218751,300.10642631839056,-0.8794378050115672,0.6149977105636821,5872.327525216345,3.3894771856691768,71.85832763291702
8d03m05pt94s18d09m03pt012s,8.051649999999999,18.150836666666667,0.21909970669067147,27.25737201470808,nan,nan,nan,nan,nan,nan,334.50409567620915,185.9449640442388,0.377,macs0032p18,1614.4072312442013,99.42317928479068,3.432719609849621,0.5774402323967044,5006.786860946011,3.349435938575263,83.28623762525626,-3174.711723216963,343.11811094627444,-15.593272149462981,1.6852976112027427,4987.162904755149,30.78585572593928,790.1611765933468,0.0,0.0,nan,nan,3726.03,1.0,24.400668213494743,0.0,0.0,nan,nan,3728.82,1.0,24.382410999599827,6068.877009339736,205.2274107944036,13.355175953469217,0.8651281062844695,6562.225894054406,3.3752205815959404,64.05147989554038,2089.8848843221826,152.20541159017614,5.239573346267316,1.0947278515306036,4860.704791977047,3.1669808312787313,80.88663581562065,1133.9715947769128,146.63045471940868,3.411561722604441,1.5628235564008248,4339.836000708348,2.489866702413902,70.08479907628191,-281.73013885521294,150.29046723538244,-1.8048953896267905,0.9628312133030378,4111.232000817156,3.0287653045187395,91.4621266498912,-7453.512748641511,6670.833260404855,-52.86037115299975,47.309602054285826,4021.715666049114,115.84390329062835,3714.744721134186,4632.919084662853,230.94981062710048,13.651230527408535,3.047032726598989,3905.2788227102096,5.359621725601497,173.9467917994013,0.0,56.18719375017835,nan,nan,3835.4,1.0,23.704860453545347,0.0,35.76026982917621,nan,nan,4363.21,1.0,20.83732430562082,0.0,nan,nan,nan,3868.75,0.0,nan,40511.22976865418,2720.034728172752,494.2333027185185,63.609091112482055,6558.1232851320565,64.69504500198276,1250.9934426901586,7106.381263357207,147.41735128308554,22.88697964633083,0.9094752381751682,6562.247284592798,3.7086181083066,70.80856035093677,1424.0429902097767,136.5667750221601,4.412491997724373,0.7915626395478337,6715.854572844751,3.208433180903544,59.350783117851066,1121.619117845162,117.61851019009151,3.271767569230857,0.6403594896879481,6730.747852309067,3.338950298098143,61.751123314549844,-163.96761401381232,100.92822558430251,-0.8119530837561293,0.49978762266007887,4685.837307237084,1.4618699369806336,34.86948655569921,111.41706987155739,83.64876292654212,0.25401801833482435,0.41453191793036637,5876.658103702764,2.4273082880128554,50.35928493320245
8d02m30pt165s18d08m22pt984s,8.0417125,18.139717777777776,0.25205397171687616,31.254074605794933,nan,nan,nan,nan,3.7393813269624077,0.14386071103353448,472.2905096186798,235.2476441514372,0.377,macs0032p18,19030.082141443767,356.19563516813935,32.49679337061873,1.661400880268019,5006.845005926745,2.3725706415500447,57.642450951829446,3951.41380291833,693.684907497681,4.012630490126407,1.954426199069085,4959.0287207932,1.7708926196781223,41.76155405241461,0.0,0.0,nan,nan,3726.03,1.0,24.400668213494743,0.0,0.0,nan,nan,3728.82,1.0,24.382410999599827,18755.684781234606,179.98103886612833,106.1465776857659,1.9510492076864612,6562.7367692122925,2.5867248524904762,48.30696679764813,6145.801654048088,111.43217666082849,13.74558633499485,0.714819778152814,4861.37308522362,2.1537302782347485,53.340398428495085,2257.6423601859037,163.5104755969268,3.351666398649739,0.8597057318352415,4340.504018051795,2.0044637729928647,55.091400904204264,1518.5284973729608,132.83898907271532,2.3044117577413097,0.8054908388923787,4101.646612836394,1.7786495842716081,50.750890456438924,35455.049452446125,1086.039243188733,81.13858272489982,10.846690216114169,3947.3684793527236,75.9728811623629,2436.149195886533,746.0099207616787,1824544.5403792737,0.9825841682097504,10868.94047730998,3889.1030881408765,0.6419805618631548,nan,-346.07764501397554,311.0260302664462,-1.8850031726600633,1.694085307961571,3840.971100827293,9.18511621201974,303.99896294454084,42188.410374134815,5785.495192131783,130.42113063703377,63.598183673019456,4331.931764282792,138.60506558870603,4044.1795341499055,1927.8014961899198,148.11688900945424,1.9459347501708733,0.6848557401519614,3868.892715513084,1.7286976178751814,52.0143173480679,1391.3605052260236,736.5346126417544,8.172900694602667,8.260375600087007,6583.011231631113,2.667396212058182,49.773990702058306,726.8508992603089,774.6130648655832,6.655573772248457,13.617128324596179,6548.44990264466,2.822084408108139,53.15354066413129,1122.0414663393162,328.5081992916823,2.440592880119169,1.336534629049258,6716.342867269687,1.7143674230022963,29.6635529456493,1300.3863819696032,291.2749954559698,6.915672434288218,2.8912226875758655,6730.66761269199,1.7013580933652008,29.33041259032925,26555.795469585864,2380.349520749086,91.89588431228242,24.797948590205017,4727.533003019116,75.30775971944324,2046.0268034956107,764.1280349223946,114.49575924267947,4.671100552820862,1.5217020922228326,5875.559707560224,2.2285450970457363,45.843140842644374
8d03m20pt31s18d08m49pt991s,8.055641666666665,18.14721972222222,0.4491729640993778,25.73868618022103,7.916021012821184,0.005324508972071589,8.07458586401526,0.000297886439561429,6.9951316676623305,0.15082894933148197,148.5251737105489,68.5822389937633,0.377,macs0032p18,13516.738010578596,402.1826260702141,15.999694239185462,1.3003141015338804,5006.8508286038295,2.759670394247571,67.87588286832923,1449.743201263147,525.4558184961691,1.1566961040340087,1.163241091700509,4958.855226624401,1.4783184442081594,33.42843909302152,11112.202318884385,237.42537174900818,19.953151654357857,2.1474548063775316,3726.08638418249,2.8944717678405736,95.96197310245672,15828.291403351053,351.2755002957778,28.47648472326422,3.1772015598665315,3728.860858503233,2.8944717678405736,95.89017186105708,0.0,84.73928552143128,nan,nan,6562.8,1.0,13.853480493619768,5990.8772164801685,63.75107399630432,10.277386959180642,0.31368377436572425,4861.300219966895,2.8220075740241994,71.59397626303438,1290.954005479934,145.10404327110658,1.5737646843410282,0.6265335658941337,4340.321404334778,2.040195201482271,56.20850064236945,1501.4557339174607,85.35518958466591,2.3463651433746735,0.5329708801628618,4101.678048360638,2.175845010621389,63.943885721372304,-1014.3946887521636,283.5905192672755,-5.785414201878225,1.6174065537598337,3968.4225883930503,28.316969722458275,907.7740442123733,557.2528808618389,69.9951543107136,0.8129745709467274,0.4618831581676093,3888.985407031898,1.1161331761402677,28.45826060269313,23273.10643155809,642.5136467113757,42.037500055407705,5.314791314083832,3869.2826130937606,36.036682840053665,1195.9559221879942,817.8630620569709,150.49980341554712,1.3076756412500996,0.8431967594740343,4363.364059033997,4.459252853106131,128.49938184351723,737.2862666413926,107.94758324587772,0.8688294144723165,0.5827867776989997,3868.6388194329224,1.758818496743916,53.0965505797525,0.0,84.73928552143128,nan,nan,6583.45,1.0,13.810026928666252,0.0,84.73928552143128,nan,nan,6548.05,1.0,13.88468655302385,0.0,84.73928552143128,nan,nan,6716.44,1.0,13.536579167464883,0.0,84.73928552143128,nan,nan,6730.82,1.0,13.507659064352907,-174.61206189266747,12046612.584609851,-0.7878725527924337,54355.89790682489,4685.094796864928,0.5259741504195422,nan,1213.83417653297,92.44885404188219,3.1568434029362664,0.5227372771065807,5875.547723967121,4.8151514046584145,103.22405302587904
STACK,0.0,0.0,0.30677554750230845,nan,nan,nan,nan,nan,nan,nan,230.23772610178267,176.2472062322274,0.377,macs0032p18,868.475701438424,273.79022117743796,0.5681492660641405,0.4892061863402735,5006.964497263694,1.2193662495338906,25.38721462962208,-895.7343709343415,536.7652729711787,-1.752139721311912,1.0499627861914125,4983.233782522619,7.622079665605297,194.8547439779714,0.0,0.0,nan,nan,3726.03,1.0,24.400668213494743,0.0,0.0,nan,nan,3728.82,1.0,24.382410999599827,6600.964112223385,232.2240187545262,7.031121065891515,0.47383590524852315,6562.228086669815,3.780110519841839,72.06117236246448,1899.9877141966351,242.2852966059146,1.39483174842535,0.5103451207089374,4860.286891947451,2.875751414615676,73.04595520373326,1113.208700012573,231.75642071099986,0.7327230244527781,0.5390726341259129,4345.155994280026,3.681202199736439,106.00334884351192,-20576.735803950178,17842.974895690855,-42.54490917668948,36.89252530682665,4037.6815475674684,112.26147267384214,3484.3213483973213,-72.35049784450759,6488978955061.882,-0.1746093658866912,15660382918.587652,3970.0910861954976,0.3638584418669308,nan,0.0,96.61163385913213,nan,nan,3889.06,1.0,23.37778840736009,0.0,156.35164751579086,nan,nan,3835.4,1.0,23.704860453545347,790.6068453165958,143.56877981707203,0.5454000187608252,0.3470400870958548,4363.406362814531,1.610823155152793,42.33087539409961,0.0,156.35164751579086,nan,nan,3868.75,1.0,23.500516131444996,0.0,207.62813119656786,nan,nan,6583.45,1.0,13.810026928666252,876.0670543595113,593.8276448430973,1.0299649735339536,1.340430905088747,6547.898998877663,3.0840010617630496,58.39556153369458,871.1922910845176,1671.6864330037588,0.9653773796279222,3.4652311297018334,6715.626199874639,3.2487408869078944,60.13343334429199,18506.044719437978,195.30579992632047,20.890524678204727,0.4109176887391314,6740.131187277411,2.6203330954583386,47.76107715529168,-329.2531170717349,222.95395068168557,-0.6336249619476022,0.42905953259653445,4686.264839177406,2.9208100744507397,77.04579395775731,23.382608886299167,6.13876556845878e+17,0.019286975436451005,1100887373963856.8,5875.521551656852,0.32387916107517856,nan
8d28m23pt955s-7d52m12pt971s,8.473320833333332,-7.870269722222223,0.3455692887419646,15.467068584456326,12.419254576041014,0.06296051376166155,7.858303331594741,0.0076971229192520415,7.367706135468617,0.2650695772865947,180.3217900437759,101.77657801738512,0.3524,macs0033m07,11883.276382064332,217.76941914528652,52.56582071721302,2.631179480862281,5006.842635116381,2.037698308238617,48.6598928685007,4108.57261028216,421.5946259799249,17.39631997718555,4.9527730105597865,4958.983103465264,1.9213912460124705,45.93778771769135,2662.7214309989827,211.03867271737707,9.626066763819646,3.8441418564213703,3725.662328362794,1.6994007581542916,52.910012579098776,2860.094803017412,207.14589367520466,10.361421340518328,3.7732335500852363,3728.682918058656,1.6994007581542916,52.87042393306714,4849.628615821054,154.448236838375,60.927628378678385,3.7166603540410317,6562.798417308175,1.9233011131464657,34.750780776629135,2920.1307477221285,72.65188529982188,18.184637279794643,1.297623765060055,4861.384038601788,2.179339622257238,54.049075182464435,1567.4585489267752,113.69388316898689,10.633882561083151,2.7310107883245216,4341.034653701069,2.52215182202454,71.071012129111,712.6719684211843,97.66649425635751,3.4533516590886144,1.8907831141920248,4101.870729858858,1.7636055599475453,50.24256429988263,2512.9897602972806,363.4422509116768,15.59669329197645,9.526361343375834,4002.9825756394303,24.42539378907162,782.937102060884,21898.749603692424,990.6130086650346,325.20264308701326,67.86243739194946,3857.8009375031525,55.444910303165955,1814.8695158119208,-126.00823594774269,147.730779720707,-1.5048067338587305,1.7642201753710298,3835.80757252937,1.016015739269591,24.443720271253834,0.0,47.42867111514267,nan,nan,4363.21,1.0,20.83732430562082,0.0,60.828124256719036,nan,nan,3868.75,1.0,23.500516131444996,180.92242499337982,225.846099439438,1.906997597994334,4.544411873380058,6583.92471933,2.447415736535723,45.3507647074725,4530.117213187299,144.6745033914111,30.79379228592309,1.883692729855274,6562.7955851371935,1.828545256463795,32.84322891676442,-0.021237505823728613,nan,-0.00040441370652944265,nan,6716.44,0.026407435035366727,nan,860.6912202327145,165.46288978112946,56.20643892389123,20.16739136435216,6730.758837238566,4.836589138462274,90.51849909615976,-31.685200316027593,4.6950045329649274e+17,-0.9527317388943938,1.4117252812651716e+16,4685.711310350503,0.2857669819239997,nan,156.800530011368,804894.2275026586,1.022878009515155,11415.736281945177,5875.541906363993,0.5788617992746716,nan
8d28m41pt88s-7d51m59pt549s,8.478299999999999,-7.866541388888889,0.5528741824798336,34.37300277293504,9.180825531059227,0.009754287214310233,8.127646935781053,0.00014362508116139697,8.118360912186251,0.231019792735995,47.660191830331435,8.496416824021187,0.3524,macs0033m07,55899.529824868405,1575.9434292284227,45.979874232956874,3.5406617684737896,5006.857855442773,2.4792430995530172,60.4754041640848,6866.093624277982,3050.853117528887,1.9317274150619161,2.381498758235361,4958.941400997016,1.5100143354966427,34.34951825344485,24855.30762627386,159.77161226753765,38.32131533392121,1.240774917732002,3726.130613985117,2.3450249219836548,76.4712692033965,35836.13337766829,213.98815898852106,55.35856457198846,1.6618167432647941,3728.9099142566324,2.3450249219836548,76.41405141302918,0.0,245.51111024866407,nan,nan,6562.8,1.0,13.853480493619768,15207.141661781812,85.30503730671107,58.41436745376694,0.9398134398988172,4861.414847567836,2.687506028027191,67.95198399997868,7637.8442707556005,91.63276130813782,20.700719161130504,0.8795968609134273,4340.407500365015,2.3770168693029268,66.62862867119479,3263.797206197754,85.41599511462464,5.070089274605477,0.5301269802898806,4101.856859530191,1.7557396409382926,49.97645932735753,2335.707267723947,95.97290588608833,3.224850834337622,0.5705697029787666,3969.886184346009,2.3396640737218264,71.5902627713588,2331.238639512693,149.86327736694884,2.8780606161678453,0.8368672570613086,3888.9535875328224,1.5290095493032625,44.49939091070921,309.2068786328141,154124145548.46777,0.475215457023477,1108469623.663189,3835.5201713898673,0.34057628666816553,nan,1245.5036500127858,292.4236056170635,2.7229714093525725,2.240294164754205,4363.2596175799135,5.3844090644744185,155.77346185877062,7092.780396251067,137.63877249144653,12.042771767440152,1.0705636514752128,3868.7719986935226,2.1917425671613446,68.3469388234325,0.0,245.51111024866407,nan,nan,6583.45,1.0,13.810026928666252,0.0,245.51111024866407,nan,nan,6548.05,1.0,13.88468655302385,0.0,245.51111024866407,nan,nan,6716.44,1.0,13.536579167464883,0.0,245.51111024866407,nan,nan,6730.82,1.0,13.507659064352907,-14.937798940662592,nan,-0.13572179411305435,nan,4685.806886851353,0.24949222365895196,nan,1657.6650707744577,81.19124768381349,10.198278883603376,1.0859533099054808,5875.725404600452,3.0568258621648896,64.47384317241222
8d28m03pt495s-7d52m12pt65s,8.4676375,-7.870180555555556,0.5529855920565461,6.3697720342456705,nan,nan,8.105280082930221,0.00016112143758610273,9.634379050863238,0.7247135945001653,367.56510687160136,227.4855693169668,0.3524,macs0033m07,2986.3843705584563,130.69081361969813,228.10682310937946,27.266350103891146,5006.820945635745,2.0864082444366665,49.97665732522118,559.1356855115488,95.59867314983325,3.7782205719855004,1.792278485634239,4959.006787941228,0.9620068911874438,16.941408704217558,2083.9000876596892,123.70476703668615,24.54308960798781,7.339804610272221,3725.8880487545366,1.9297239653904856,61.44344139391797,2385.414114857453,130.27272619517578,28.14850532350127,7.729502906193714,3728.6563191933856,1.9297239653904856,61.39746781474573,0.0,43.275915076273414,nan,nan,6562.8,1.0,13.853480493619768,831.8994110854524,57.32093743448286,5.414213446025969,1.070014289503116,4861.303667136201,1.7304092268700497,41.44312043304587,17417.295284691307,2297.2676052823076,577.518592541198,264.0994283383918,4386.42948804372,110.12202670169304,3229.9265171439974,421.8157530003736,58.49731963434702,5.074447811554616,2.811758625627564,4101.7390771634855,1.1936049086132554,30.007535601888257,44022.92264438071,2160.2888072867836,487.75985957570697,105.7464226639647,3927.105098869695,92.24026415593127,2957.820077794751,-165.51443907782524,84917269.56057793,-5.447365088233353,2794773.5084000076,3889.769496408232,0.47097869490799427,nan,0.0,38.248747234143124,nan,nan,3835.4,1.0,23.704860453545347,-0.31813523982269104,nan,-0.0234204416381363,nan,4363.21,0.08682094498497542,nan,0.0,29.971525743142795,nan,nan,3868.75,1.0,23.500516131444996,0.0,43.275915076273414,nan,nan,6583.45,1.0,13.810026928666252,0.0,43.275915076273414,nan,nan,6548.05,1.0,13.88468655302385,0.0,43.275915076273414,nan,nan,6716.44,1.0,13.536579167464883,0.0,43.275915076273414,nan,nan,6730.82,1.0,13.507659064352907,-245.10732792501614,103.8662372865156,-7.24150508719381,3.0686470782631234,4685.51711114682,2.0177607161653035,51.41788868492124,61.43072011766052,533937.0555585626,0.7865510167625697,14863.57785184573,5875.507170109582,0.5429250591018181,nan
8d28m02pt205s-7d52m20pt125s,8.467279166666666,-7.872256944444445,0.7349193674835264,12.72425612805456,nan,nan,8.177662248809389,0.0012577560454425836,nan,nan,205.52416701341457,155.75069552095434,0.3524,macs0033m07,1431.4546568362234,58.07097869667701,111.99114707827695,12.409471449680625,5006.830434800841,1.7019046862946468,39.444854140431715,509.8852025485588,58.2183774448099,27.34533476483816,8.662994786052613,4958.912339653261,1.340397693716548,29.3466845771294,307.9245593790043,147.98643834601222,3.8556109308109416,9.336885857585992,3725.606202136756,0.7560730394432847,9.763044318698443,799.2141777779943,287.6217438234428,10.026250597618,18.146874958638328,3728.3319596539354,0.7560730394432847,9.755739355292013,0.0,41.97475844049525,nan,nan,6562.8,1.0,13.853480493619768,0.0,51.1690128590665,nan,nan,4861.33,1.0,18.702211490174054,16599.520004690003,2398.5412333757176,405.91747165624133,203.4673328331073,4385.245839784806,104.32212384036676,3059.8058008547046,199.61829264419825,890885.3299334024,2.5418116120119802,45331.94025884054,4101.470585029087,0.4681611888311737,nan,-218.15433519894754,103277837948.6758,-9.701088653572318,4592654374.5999,3969.6171082031565,0.3499045773267058,nan,0.0,28.571713580855416,nan,nan,3889.06,1.0,23.37778840736009,-98.69035471944818,58.420111528103824,-2.578407237129778,1.526297466314689,3835.207971332956,0.9231203420657716,19.975481604863287,658.6785573784113,97.90892779253177,22.727347312142577,11.83603467687352,4363.686803397799,7.459873144384933,216.7044549701686,378.00797799127355,38.21701348390362,20.231492935511163,9.370400118839417,3868.7259605291965,0.803710300638947,12.995271176973148,0.0,41.97475844049525,nan,nan,6583.45,1.0,13.810026928666252,0.0,41.97475844049525,nan,nan,6548.05,1.0,13.88468655302385,0.0,41.97475844049525,nan,nan,6716.44,1.0,13.536579167464883,0.0,41.97475844049525,nan,nan,6730.82,1.0,13.507659064352907,-298.4300347581904,132.6780959561234,-23.79471533402346,10.578819678435737,4702.920263852017,14.041054693530317,381.0217032438272,0.0,41.97475844049525,nan,nan,5875.62,1.0,15.473706908126772
8d28m38pt715s-7d51m40pt821s,8.477420833333332,-7.861339166666666,0.7636730122322595,41.22664170242419,8.06452374591732,0.0035904816547548232,8.16917749688707,0.0001750580937847479,10.224712259120778,0.6130858253897947,672.2167985254351,306.46432183651734,0.3524,macs0033m07,4360.653043356851,236.51623552409458,2878.694435868462,426.47244982883734,5006.845069965568,1.2161290807503782,25.286621714959477,2535.2116115134586,147.59185604555333,30.967875463074485,5.0025099343539,4958.695179336228,1.9035168496460824,45.444678615886126,1863.4320636431569,142.44458705766993,3.8522492959767636,1.483570776159986,3725.8360613267023,1.7132084008057256,53.427325788807266,2202.060812003569,150.9772164626473,4.561954482285364,1.5724387345043966,3728.8736932240763,1.7132084008057256,53.38735007559215,0.0,105.47675065508314,nan,nan,6562.8,1.0,13.853480493619768,1072.0455747533772,54.55731736304857,22.962854665150257,3.3519655480753605,4861.157368795678,1.5849631544465774,37.240034190219575,402.35976530880674,69.54038192950772,5.458524262504963,3.342097554720839,4339.901548997716,0.8887568199647248,16.062282524259317,680.5555874910526,57.28065123948099,11.211797936730736,3.7712971414565453,4101.336494748898,1.05343447639391,24.434031877167776,7702.418696739224,505.87553341155524,57.09011588731489,15.953164920042946,3990.2412382659963,63.61346736906424,2039.7948625187844,-4482.999460088873,746.3363100037209,-59.07895905550959,9.835551552682057,3877.5935451436358,96.86110380486535,3170.709165365521,21230.606533170354,1814.3721061010779,95.911587299746,39.16261524075487,3803.786495901737,113.99435861199647,3783.7940165178566,463.8139901357019,59.86315579393887,3.011745355265294,1.3614616915041717,4364.370362807535,1.2545529233832176,30.377503504613422,0.0,35.07546816983713,nan,nan,3868.75,1.0,23.500516131444996,0.0,105.47675065508314,nan,nan,6583.45,1.0,13.810026928666252,0.0,105.47675065508314,nan,nan,6548.05,1.0,13.88468655302385,0.0,105.47675065508314,nan,nan,6716.44,1.0,13.536579167464883,0.0,105.47675065508314,nan,nan,6730.82,1.0,13.507659064352907,64323.88092588267,11530.917419847423,285.63955299981166,152.5267089892834,4755.989447132094,174.05442417938994,4729.028241093771,0.0,105.47675065508314,nan,nan,5875.62,1.0,15.473706908126772
8d27m53pt28s-7d52m14pt418s,8.4648,-7.870671666666667,0.8121889271903835,16.454670311623182,nan,nan,8.11675229489356,0.0016793816746560521,7.782184062178345,0.373040176984153,30.77563551917443,5.076043670349849,0.3524,macs0033m07,4656.985784737419,82.64691078647675,48.74078909824231,2.3626605478751483,5006.8374241612155,1.6873926160992112,39.039668968072775,2072.170788446022,364.3625758974817,25.59758704601831,12.487161148622839,4959.194852562485,2.0336093623110085,49.01841869651619,2466.661499381969,66.96543529637557,111.8463431233054,15.295775518402904,3726.0104865800317,1.6944820051084741,52.725521621457766,3566.3543117349054,83.31557922053408,162.01811079376432,19.030360831716667,3728.738142170799,1.6944820051084741,52.68607101635377,0.0,47.626125477403036,nan,nan,6562.8,1.0,13.853480493619768,1639.9216829533586,60.712003201599614,158.93381474731063,16.876338884335855,4861.311990599676,2.0461776207221427,50.352770453970926,616.7323260798232,45.90953026872201,10.572048997995761,2.7872764549446307,4340.424779957949,1.2774978806264246,31.344433953041335,-62.780301419014656,689316.1434869716,-0.7844623835070254,8613.252448416604,4101.222354010972,0.4413933012224901,nan,4.584178876229792,2.60205625771546e+17,0.13080040721124245,3.1949669074121548e+16,3970.9236875753836,0.21117077081539007,nan,-85.46353538038512,51.393397538423116,-3.914049175479239,2.353708916499018,3889.1508592524683,2.5476341503138342,80.18809120287926,870.9038329048808,66.67332045287748,25.94868736987516,9.297130940203749,3835.378107111407,1.7212177586464015,52.194942024343675,77.70373997670465,nan,1.6171030532368402,nan,4363.007842824121,0.15193480508592921,nan,0.0,26.072117075836385,nan,nan,3868.75,1.0,23.500516131444996,0.0,47.626125477403036,nan,nan,6583.45,1.0,13.810026928666252,0.0,47.626125477403036,nan,nan,6548.05,1.0,13.88468655302385,0.0,47.626125477403036,nan,nan,6716.44,1.0,13.536579167464883,0.0,47.626125477403036,nan,nan,6730.82,1.0,13.507659064352907,225.73866208652782,79.15634407284271,13.26915598112887,14.19887584786868,4691.739884208811,1.5918626340559314,38.84486616180453,0.0,47.626125477403036,nan,nan,5875.62,1.0,15.473706908126772
STACK,0.0,0.0,0.6270350616974188,nan,7.9349544583305915,0.005899180223551967,8.368063586431186,0.012244800153805413,8.766465250561808,1.8710024439562267,441.9408380242057,271.9449553690931,0.3524,macs0033m07,16431.35106178696,428.37616830855575,16.159718706801616,1.1505270072856888,5007.379579488209,3.1347317751390613,77.69486628844903,1433.316456176718,799.2550961751132,0.6797843513491122,1.0518077235258296,4958.740370423648,0.9763166026552473,17.472629424606993,1022.9124866053703,2272.905721731965,0.4387528765428068,4.91431121062644,3725.0512034572735,0.9042503559065864,19.558435617171526,2397.112170552885,3497.4156702803516,1.0307201286110526,7.561857437528226,3728.5826092328234,0.9042503559065864,19.543801487508006,8663.56956123418,539.7069009149594,39.77273436703821,4.745875064877037,6562.717276229377,1.927755786622455,34.84354267186949,2427.9674380455544,177.3095708886292,2.3967195477108145,0.5019962823434049,4861.420953916822,1.788107669338563,43.09018874501347,-201.8466974941384,7361908.734160578,-0.5302685202544283,19340.363251793337,4339.849792130434,0.6366165476955477,nan,1311.9337220532016,219.84662073212658,0.8338475834182643,0.5586100355801404,4100.731107893509,1.3479889612242641,35.755554643172005,1203.0956189591554,188.74550480474463,0.6744502768350752,0.45584289739596434,3969.031122448142,1.2359350350991916,32.663685453411475,73846.8099063702,7723.272038497528,48.20268697147123,23.430366573596828,3846.1276856936556,99.51999119382883,3257.751256857519,963.4578777981322,26986.086802086586,0.4820158841096566,63.33286311924014,3831.7965538685794,0.7304594174647165,6.928686034692083,1697.873289846752,329.0263471537931,1.208116275762154,0.820205839350961,4363.78630518541,3.726757267587268,106.80424500920908,-43122.06124983624,30028.843465723956,-74.94805907119239,52.191464616437266,3936.639356394424,113.90779484273477,3748.327733209532,-863.2852574662761,604.270982524298,-2.8384333667425254,1.9868090002895247,6583.2838334797825,3.812409060582341,72.47062455987805,593.3187847245067,390.3182017626784,0.9104650262155197,1.1500586844708172,6547.509771005826,1.5346391341695658,26.55241724200037,0.0,105.50561941912002,nan,nan,6716.44,1.0,13.536579167464883,338.0531258560774,545822.597570075,0.9477617367797805,2855.9569020297395,6731.136820973123,0.6217419791953265,nan,-64.47806228217794,221902176366.202,-0.18078066881596175,622159265.2651359,4685.7113405743185,0.3584518184312299,nan,148.80260626960066,nan,0.2151322605857573,nan,5876.083863189671,0.21452663035367936,nan
8d36m42pt195s2d25m48pt406s,8.611720833333333,2.4301127777777776,0.3108075067604852,28.679750520336185,7.749557891483519,0.003608738123772207,8.092049069299724,0.00012563259894894207,8.319777136470464,0.32356941823870117,251.373870677919,188.49189137935977,0.388,macs0034p02a,9720.627180118905,142.58776631161214,33.16080535819734,1.3286159441042686,5006.842051016796,2.147121909509705,51.61249535859613,2542.5906700630812,395.8773528496061,5.688722009468937,2.4574395616077513,4959.00403702552,1.6979089205244586,39.71353502935227,8718.706406325477,368.23833904946895,19.37901357923125,4.122391178453684,3726.234572925057,2.328314828646347,75.8728385480627,9405.424435864757,407.61106344416856,20.943276140103304,4.563164869035079,3728.82978305623,2.328314828646347,75.81606851905912,8247.23055787671,131.78652738860808,31.08304460904428,0.9513836564037573,6562.724365856879,2.330206682990223,43.11528586421028,3652.423399560386,115.15486894933072,17.05082153148095,1.5419619370065099,4861.2019331394895,2.236287512595698,55.621592002936715,1219.7767021703955,77.5212419466924,2.854271136081362,0.6423222401291048,4340.902935048155,1.4822948622463064,38.32385380061196,1486.9731675273088,151.50482788635867,4.798892268670946,1.9534953999789684,4101.857752985333,1.5526479202473726,43.01574387280764,-13496.926114971011,6206.5046068857355,-74.73470338625417,34.36643846975832,3924.3308659359777,122.17611258289116,3917.8057112139018,-475.20411554559377,300.0120250856,-5.798720507503962,3.6609234336371115,3884.81255685002,7.507362744486815,244.68626767870109,1904.7085966857917,250.29637121284355,48.17342677865892,29.62996415120198,3835.2149681451933,1.646115927893936,49.453749645275735,1212.999193312159,207.87611698657707,3.5093236936289554,2.106515518068622,4364.242204177155,5.675657547185723,164.3404966033722,2012.567254462608,165.1458012510533,3.3081715950995805,1.2433491387375175,3869.040420264566,2.736696496986396,87.06148304919843,820.112893664064,677.2265184409406,6.334041244702531,9.98678395435874,6582.80207043928,1.8119094697649236,32.31812403937307,111.02974666310229,295.8195349018423,0.6645392149162255,3.399144122274998,6548.436680307988,1.1082979611085646,16.706081426975995,2288.7679681869145,143.15965807108412,26.900401774019656,3.147195915196081,6716.364992103546,3.1656545289086755,58.519616574624095,0.0,71.55174150499565,nan,nan,6730.82,1.0,13.507659064352907,260.12680941065,15276312.691148402,0.7852511560371958,140743.57205245702,4691.405050849553,0.5813400506987741,nan,144.4385439400912,58.57095436150136,0.6563914549821116,0.5786124632065989,5876.22509289043,1.157963857261247,19.98681126696746
8d36m43pt32s2d25m48pt406s,8.612033333333331,2.4301127777777776,0.31096668303871033,28.83847195862945,nan,nan,8.057678943148108,0.00012973432608031013,13.466316129827222,0.8122320025594328,9746.386363652698,6625.071183637366,0.388,macs0034p02a,5408.305330296905,102.4948929016294,12.567874882398959,0.650564234549342,5006.835637864739,2.309694890837139,55.967032991434415,1209.5267407839774,223.25660495907073,2.0537992965599345,1.0518915157527358,4958.724777061596,1.2309408779912463,25.99467085603009,6831.612981031587,308.9126471943311,10.564970458885172,2.406524331841976,3726.007306418141,2.3793102228974923,77.69781742821705,7822.033801104992,359.0743935806469,12.118820756271141,2.7972997316281027,3728.6319344434237,2.3793102228974923,77.6396819026018,5567.1842170184955,120.08225551689063,26.49410100973345,1.094644945056815,6562.5570377958575,2.7415796700647017,51.42045195143415,1579.606378473634,86.64499822646376,3.13989968061346,0.4939811082810175,4861.381448261442,1.6247021463813967,38.39657324742338,0.0,49.64775852129465,nan,nan,4340.46,1.0,20.94654063936261,-614.1121857093273,271.86446647241286,-4.046764795807963,1.7914830184991801,4103.878065353562,8.153288296412203,252.12863537289195,-6351.051443612457,1610.2218158762955,-30.690713629570755,7.781208681729323,3999.085878700143,79.41246713952165,2546.452247392752,-6760.102525069973,10582.350085330372,-36.351742199121105,56.905477503655916,3829.1023542580383,110.37189672860875,3613.001208190177,-68.76919565320453,2.035223529862683e+18,-0.6824801771264721,2.019799274892235e+16,3835.191077971532,0.28293563715701214,nan,-180.76389937540068,142.80121244440286,-0.8730408174330411,0.6896912916443579,4363.279846040679,1.9975606763695017,54.58914744600001,64301.06758362124,7500.525204100455,160.89423111498664,86.09523942731829,3866.5798774367795,166.45458319953633,5477.523253012078,783.5270755770376,670.5038231185885,4.088719597709536,6.681361622208017,6582.13331238247,3.444309246292789,65.21568183227552,17116.16106061114,1455.4298916516552,176.64853992869405,28.756548426747987,6566.011482387235,42.79843461211901,831.995121386304,729.6404604018925,98.72692769532128,2.4087860969325314,0.6096464720413143,6716.257787284095,2.048628736414925,36.4945560989909,-227056536.25305563,347420785257.4598,-919711.1575345428,1407256438.5664017,11011.247385750052,2788.9008531140557,52750.6801733925,0.0,37.12830187969734,nan,nan,4685.68,1.0,19.403292965701418,-5426253607.87405,72619368185985.23,-31385579.26200042,420032143881.0521,17130.140247534906,5950.480747247037,128932.18118694781
8d37m13pt41s2d25m30pt884s,8.620391666666665,2.425245555555555,0.39564265773743856,36.39443914911723,11.584080061901979,0.05275517349238514,8.274463044277574,0.0029102462454428197,57.86448896894872,86.25585985706032,727.498816944844,349.1717695477364,0.388,macs0034p02a,1044.6173891216845,56.45275639766681,26.81927106384739,3.958752853917981,5006.862665256063,1.6580144054816792,38.217168967805534,24056.781056637727,46249.57589574098,3777.3711742917844,20862.189747838045,4856.767918723297,244.47568396756907,6276.400411374993,2352.7357885957244,150.457388013223,12.57264384605161,4.051835009368953,3725.429866548174,2.330684963991733,75.95774483333827,3653.9072613595913,201.04917189033802,19.573503554796012,5.4142776504821075,3728.918255564075,2.330684963991733,75.90091127524616,2858.8632609167066,145.6717868134116,62.99844453225913,6.148510021226683,6562.886995169009,2.602241124219608,48.619555435740615,537.6015938273981,57.853401077855395,6.836419758187866,2.1099867999572672,4861.495468610482,1.49771515444365,34.67508213750508,-7016.548160329718,8660.144410626592,-188.33524803386118,232.4519704440783,4273.759649141164,95.00840327837268,2786.618089479986,2085.166273845,185.47045148530606,70.33884972448203,25.0043116771472,4101.275283276394,4.158208441862126,127.22122270993398,-500.8539433442767,185.42705583301628,-20.317297192651136,7.521906637616488,3977.4145475885553,8.897756716555145,284.4435578366551,742.4374349355816,156.09813041466617,17.290970188418672,16.450595557910532,3888.304102249309,4.0406245475658675,130.27166083510042,10668.898457456795,728.8762116645984,135.32883686283193,42.30308831207617,3870.642693552533,32.117173745525676,1065.8263675584033,261.1960997937322,59.92787467211089,35.692988573893786,28.642176992156905,4367.413166533091,1.0235082082719367,21.78743945104993,50949.2360910573,1754.3122137200698,199.10189329163484,31.68593889741231,3854.804050634995,100.30627612482779,3300.7288143867268,1841.968440556341,265.97869902184704,27.37872877205324,7.548158031125371,6583.113888041175,8.049601399091163,155.07274146875616,561.9883600825355,218.37172104009713,24.626153751170108,18.37242456736155,6547.871771943304,4.833081606319449,92.97614168702475,0.0,47.3088092433078,nan,nan,6716.44,1.0,13.536579167464883,0.0,47.3088092433078,nan,nan,6730.82,1.0,13.507659064352907,3.1745865610035406,nan,0.0479773582857735,nan,4715.630015125219,0.014742984050533703,nan,176.8878950263252,64.33541358691446,10.607109059308874,8.387381315274679,5875.665567735689,0.7960860257603918,8.215191226796392
8d36m51pt21s2d25m03pt878s,8.614225,2.417743888888889,0.4682820327220931,20.35897825035465,11.100467417329082,0.0616708360701745,7.9977176807245725,0.003764724859702363,6.907858585907037,0.3945292803501974,4706.483344033251,4446.772576990055,0.388,macs0034p02a,3484.0076457195105,144.9560067294151,15.422129613551293,1.7526136553171037,5006.854067597274,1.780748086789216,41.634450388942916,1672.6261337706349,232.57823628361828,123.47184620047081,47.63809634084923,4958.7793129647625,2.326953554688715,56.97275341277015,3963.09966051941,147.85197721628887,39.50786724847978,7.425712278746262,3725.8331281209544,2.071156318447182,66.60251493362368,3470.7902514807015,129.14634539556724,34.67418533767333,6.486241312526836,3728.8987781976816,2.071156318447182,66.55268120159455,0.0,48.95223058235661,nan,nan,6562.8,1.0,13.853480493619768,1822.6377299003518,91.94855101532443,63.31678372797721,9.162621012264198,4861.009362270813,2.510584888186266,63.14070111607944,1080.39146835224,79.2423077855681,21.35620715501678,5.549401820323151,4339.780219007834,1.9642293750958253,53.83019653353979,6583.051787407572,548.7673487698581,236.93030709946174,79.6614674183571,4084.510294054787,62.61814025121354,1943.4301535012703,-119984098.96054786,299599396569.1476,-1376830.592916161,3437935679.720839,-597.5070264905208,2988.0777032473075,95819.87404877976,-300.11582631635,138.15294303130315,-6.268006735705999,2.8853645877542964,3887.189679773675,3.840115742423628,123.60175174487448,0.0,50.34334350598086,nan,nan,3835.4,1.0,23.704860453545347,0.0,32.509570841931414,nan,nan,4363.21,1.0,20.83732430562082,1592.4266000189357,132.8405582262036,41.34456700212908,15.80090729799104,3868.660944604526,3.032765263408979,97.10535323381465,0.0,48.95223058235661,nan,nan,6583.45,1.0,13.810026928666252,0.0,48.95223058235661,nan,nan,6548.05,1.0,13.88468655302385,0.0,48.95223058235661,nan,nan,6716.44,1.0,13.536579167464883,0.0,48.95223058235661,nan,nan,6730.82,1.0,13.507659064352907,0.0,26.321844902559597,nan,nan,4685.68,1.0,19.403292965701418,2083.5955483884827,320.55494246869614,175.9458498968087,58.86526294489475,5874.436335095355,17.130602122814302,370.86770992003045
8d37m02pt79s2d24m57pt689s,8.617441666666666,2.416024722222222,0.5133134583394461,32.79382826391661,nan,nan,7.973592890104379,0.0007275059164770338,8.960023357562562,1.6944761452874193,722.0045495064016,334.7182191249092,0.388,macs0034p02a,0.0,63.14556847415368,nan,nan,5006.84,1.0,18.158683277981286,573.2630085608819,88.6378481402468,6.982202903751288,2.994853808109181,4959.4631318171505,2.415787557000685,59.35979998660955,1459.2468598198086,113.41806596799317,76.27462418002966,29.864667267561973,3725.959195870323,1.5313031593031876,46.534562726132705,2224.41247417395,146.45989730783452,116.48287537744433,38.56507394839654,3728.5831078764263,1.5313031593031876,46.49974435731738,0.0,47.515628801357465,nan,nan,6562.8,1.0,13.853480493619768,475.1017014884961,86.59029648215353,4.449255107261053,2.325915746688808,4861.222553739348,1.5962347220823523,37.568763239272464,562.3836472782042,55.033672580006964,21.771656574047434,7.544934278972944,4340.653382646648,1.205941774748756,28.80264058574915,348.50082911921544,81.86484996801019,3.846644810514077,3.607009396520693,4103.453234880376,1.0293547000675847,23.42447584657802,-6862.639290007239,1438.5496392388327,-108.8434333381235,22.815811110758283,3946.266340632103,100.76333023127687,3231.139833759958,-8142.251964838404,2346.8384581819823,-153.4223097757072,44.220859103797714,3848.587841196047,83.58107732342194,2735.9683456926537,468.1159874545435,87.52147136152018,29.880389779085803,26.15711839126141,3834.7000053654106,1.758075752412081,53.531366194919265,21627.273540840088,2022.890880590065,244.21918662904915,81.66293668678684,4320.615244104106,85.202394449004,2485.959249819873,32727.08509509074,6133.037044067999,229.16388456736064,194.15757437487443,3889.7212275393726,169.52150850172566,5578.448374720944,0.0,47.515628801357465,nan,nan,6583.45,1.0,13.810026928666252,0.0,47.515628801357465,nan,nan,6548.05,1.0,13.88468655302385,0.0,47.515628801357465,nan,nan,6716.44,1.0,13.536579167464883,0.0,47.515628801357465,nan,nan,6730.82,1.0,13.507659064352907,74.40234081941139,55.88029766308794,0.7752958137402345,1.7815202777312318,4685.014415607933,1.1886869734747154,26.102717712916743,184.09807649191532,2476865.0173500017,3.2797328215830985,95945.40150869248,5875.0679280312725,0.5198678210156911,nan
8d37m21pt135s2d25m43pt101s,8.622537499999998,2.4286391666666667,0.6511125384160417,48.344193776340745,nan,nan,8.082200412401848,0.005234598227830393,8.699609930126208,1.3474120682420907,1243.6079532982092,835.8831698758763,0.388,macs0034p02a,3725.0043568094284,89.4812115933844,115.8104146276139,7.598706445006764,5006.838001547537,1.8004213221204943,42.17793963992146,825.0905387901287,127.40280871312625,8.077512049184586,3.4605745928490723,4958.939544932913,1.4388578785261423,32.273656387993626,763.4262226276574,111.45431199420926,16.177378724186422,11.886773653952877,3727.2717698489737,1.5179356660206271,46.020430501471566,1345.2861317966988,174.28401343437415,28.543575614501506,18.58765786741857,3729.095868120582,1.5179356660206271,45.985996819744074,0.0,46.68029770391222,nan,nan,6562.8,1.0,13.853480493619768,765.4144615110705,114.75230699086485,11.635893889891191,5.003484057893704,4861.328283977756,1.1615477477495624,24.274667161639403,83921.13356759372,130980.31970935965,664.2361243023679,3607.102306378119,4378.724112595421,570.7163793207598,16739.683048803756,-0.8672710339784455,nan,-0.024147275036528894,nan,4101.814999344229,0.2682807147318375,nan,0.0,25.63902160502714,nan,nan,3970.08,1.0,22.900702702093618,-3184.515078003677,801.0022846196789,-103.41413859130162,26.01179747766704,3912.39432295576,87.05300166686997,2849.627183935926,-297.5096040503615,103.3100689406047,-26.635401524689616,9.24913055012023,3834.091574931641,3.3994504437566406,110.42128961371942,-4257.312874563233,5548.9710996355025,-191.82951049093356,250.03011080801073,4313.491188916796,160.85943758901033,4693.526743802856,1607.575306214446,101.50657500296828,29.29182614441654,8.46370381336106,3870.4838783974074,4.600732155674967,149.63504127743028,0.0,46.68029770391222,nan,nan,6583.45,1.0,13.810026928666252,0.0,46.68029770391222,nan,nan,6548.05,1.0,13.88468655302385,0.0,46.68029770391222,nan,nan,6716.44,1.0,13.536579167464883,0.0,46.68029770391222,nan,nan,6730.82,1.0,13.507659064352907,118.70648986887909,52.79821873152748,5.63097089757104,7.661548752783282,4685.390386589784,1.3563867730311674,31.566226202377266,0.0,46.68029770391222,nan,nan,5875.62,1.0,15.473706908126772
8d36m38pt745s2d25m47pt843s,8.610762499999998,2.429956388888889,0.65173217965947,27.903034686398506,nan,nan,8.02370527690176,0.0001455280920176089,7.585170165824258,0.32395850441532437,271.92916613593826,161.8124024114031,0.388,macs0034p02a,2676.7737818424202,127.72152290104373,11.530182245300805,1.502729115499478,5006.801436077754,1.7028570576186755,39.47142006866709,638.1883200931671,107.66341212237722,6.851366737336353,3.207150798482575,4958.733336928181,1.157344274741101,23.661625791058576,4327.495122401566,116.2355836220284,90.40413109127675,12.23196275248768,3726.0210693044237,1.8393325204693238,58.11679631495836,6683.362455206001,154.72206706652142,139.88254163922562,16.282058405623413,3728.7156206492004,1.8393325204693238,58.073311818061555,0.0,50.491603371570264,nan,nan,6562.8,1.0,13.853480493619768,1888.6616076313708,73.28529121727561,88.47521370710226,9.846999017857293,4861.2517297864415,1.550051055461995,36.218175396923336,707.8987783307108,55.331620180510704,16.38165353627614,4.5349215113142245,4340.448971383183,1.429361502480633,36.553026211147646,7249.449630861601,838.9990854017536,101.28064241885889,47.707040614962416,4068.1227886066595,74.31371297756436,2306.4582766398903,0.0,27.21017204507202,nan,nan,3970.08,1.0,22.900702702093618,235.83595482579796,61.297742674995625,1.7246801206130238,2.027934133334079,3888.722625765277,1.2644694439724733,34.47158028248402,1.3904863152980944,nan,0.020857101573297572,nan,3835.4,0.12128322223115091,nan,18832.232010273812,850.2449478445004,378.1452389607625,59.15672852749317,4387.779074637819,80.44189268765419,2347.0519343670703,-1.4612070204344565,nan,-0.037961591500619965,nan,3868.75,0.14720463194300684,nan,0.0,50.491603371570264,nan,nan,6583.45,1.0,13.810026928666252,0.0,50.491603371570264,nan,nan,6548.05,1.0,13.88468655302385,0.0,50.491603371570264,nan,nan,6716.44,1.0,13.536579167464883,0.0,50.491603371570264,nan,nan,6730.82,1.0,13.507659064352907,-171.94272648910436,78.4117010376768,-4.152316403154076,1.8935967753110559,4684.816457871685,4.457622781318683,119.61116787521773,0.0,50.491603371570264,nan,nan,5875.62,1.0,15.473706908126772
8d36m43pt41s2d25m28pt151s,8.612058333333332,2.4244863888888886,0.8128020153309754,9.465970353045604,nan,nan,nan,nan,nan,nan,618.1540686264862,352.0306308542684,0.388,macs0034p02a,1902.613116323782,58.04919380781119,11.892023771225938,0.9910500960021384,5006.787025167505,2.1997521209266013,53.026070573530426,0.0,38.72101576158436,nan,nan,4958.91,1.0,18.334194769319836,768.6311546887555,58.66250943482396,3.8222837853306224,1.4695814010796586,3725.9462400168195,1.609553267028041,49.52160277857671,443.1174006896019,41.435721990853544,2.2109551050357896,1.0380252560746681,3730.753269196125,1.609553267028041,49.484549428789855,0.0,46.20307215753245,nan,nan,6562.8,1.0,13.853480493619768,-10721.238430695597,2590.757224864448,-93.65755622632186,22.632086024855692,4906.892250048352,94.47488751502505,2474.072020361651,-6931.820856369973,5232.3590067837085,-86.2828534931342,65.12904400738078,4334.958699463588,192.13910389180077,5635.599206733397,-18.876747215768084,nan,-0.6833536966154647,nan,4101.314759494534,0.15977729850645017,nan,0.0,23.128374065212345,nan,nan,3970.08,1.0,22.900702702093618,-107.85958793629804,11739793.277903948,-3.36820775463368,366606.8405507538,3889.4274233731944,0.41791352927330827,nan,-106.07595133652427,6420067.692349512,-1.3619235522950175,82428.12142971087,3835.6278935861246,0.43416902059253887,nan,110.45073712712268,199074269685.51,0.8329698457836212,5260918194.756593,4363.303344878114,0.28204017526950076,nan,25022.30145303519,1354.201878449199,402.61953776375304,102.56181266406861,3826.57935410998,63.886653943343376,2102.2113872219525,0.0,46.20307215753245,nan,nan,6583.45,1.0,13.810026928666252,0.0,46.20307215753245,nan,nan,6548.05,1.0,13.88468655302385,0.0,46.20307215753245,nan,nan,6716.44,1.0,13.536579167464883,0.0,46.20307215753245,nan,nan,6730.82,1.0,13.507659064352907,0.0,45.70305621268152,nan,nan,4685.68,1.0,19.403292965701418,0.0,46.20307215753245,nan,nan,5875.62,1.0,15.473706908126772
STACK,0.0,0.0,0.5143323840005826,nan,7.6680435285266375,0.037998316537598414,7.763973886983041,0.004124432862921928,6.127615163483774,0.41710636575968785,1634.349267526942,1542.385383421791,0.388,macs0034p02a,16208.324657353762,331.821822290659,18.428500782739548,1.0304345513419406,5007.0046901619835,2.4520607310790403,59.754570880938495,3232.0657783384963,653.2299827893012,2.2134924335520147,1.2411709832341637,4959.117136043932,1.5789928859372722,36.336317983013124,14549.587264557498,860.7568025382994,8.724542116703214,2.5991724451214733,3726.4914490401834,1.9020981149727185,60.42941969590327,15759.159827186917,878.4919532942876,9.467019343460345,2.652726149279377,3729.0925024987887,1.9020981149727185,60.3842048341101,14205.052977589112,290.70879409821384,19.924520808094986,0.7810144730439292,6562.917469020969,2.5397433958454165,47.35956911039261,8118.841702707789,500.83721456102745,11.912820280041293,2.107694756280649,4861.443090966714,2.685621121406659,67.90085538957989,0.0,151.09661532501238,nan,nan,4340.46,1.0,20.94654063936261,0.0,195.02024471468778,nan,nan,4101.73,1.0,22.16567686891332,-354674.64288755384,7413064.741199704,-560.4020936559067,11712.980007686017,4311.943257085374,940.4407357404112,30157.478924030907,0.0,154.60255044529174,nan,nan,3889.06,1.0,23.37778840736009,0.0,218.813902665821,nan,nan,3835.4,1.0,23.704860453545347,3667.465106466092,544.7510085071867,2.9787210111748057,1.5518730577591384,4361.271406159362,6.957855640216308,201.98690781746103,6823.116350721749,563.7133433716243,7.355333334949493,2.7830969949043474,3869.176747841738,3.0837807274536604,98.82992028572951,2054.2347212722234,1398.3741808598234,3.374368217525304,4.385297768588277,6583.546995185108,2.644429960411891,49.31359250685195,406.7976243210308,567.0860215484257,0.6932616347267206,1.8552021807509882,6548.981215290866,1.7874767759663557,31.977205269762752,3159.597862674128,289.3292287668095,6.14430934129821,1.0522937048133394,6717.020477598172,2.6472944279197077,48.39345256312287,975.2300935300685,10311671.348466614,1.1821269192522657,23330.903533396606,6730.218080046768,0.622561745604918,nan,1028.2653988211046,375.7807369085721,0.8906790608309078,0.995561659747857,4685.815048818151,1.7068659584406345,42.296276274945086,-0.017896007536822883,nan,-4.8979864260917606e-05,nan,5875.62,0.01346661650688766,nan
8d44m37pt995s2d33m12pt952s,8.7438875,2.5535977777777776,0.26743770906174213,7.676516291455468,nan,nan,nan,nan,2.8015564659273307,0.28112887325142955,1526.404080614282,690.0630669653484,0.39,macs0034p02b,3253.817358091782,118.67000691055848,95.31809532778658,9.495260605804322,5006.861108570649,2.4613612315060487,60.00128395013855,929.5982976823733,164.29918586302688,24.1237800707541,11.829399174028822,4959.0505371321315,2.053255815048705,49.55528591370948,0.0,0.0,nan,nan,3726.03,1.0,24.400668213494743,0.0,0.0,nan,nan,3728.82,1.0,24.382410999599827,3073.1861775546163,122.76274983536517,38.37784754311115,2.936545410297098,6562.592742160002,2.6606037510791607,49.79404162247139,1493.2469527753822,131.22304324699732,208.57171497289707,52.572863911373055,4861.197975744419,2.376331141650047,59.47087430022662,48653.73213458428,9896.323945427119,463.57532706585454,331.9804542255362,4353.138984397917,178.62108526954222,5239.099051832433,-18773.515029223592,16158.460366749607,-147.31621981015346,126.79582355655339,4075.6073852898503,193.04444378626127,5991.704143967288,-1429.8686355762359,323.7897312137314,-16.8748778563438,3.821268632253169,3969.630194753542,6.191003616166874,197.25627357221364,-85.22541836760738,118050643307391.52,-1.5192834950154448,2104447210564.1663,3889.0150135675603,0.3496196232488792,nan,82393.99937945668,20164.13987461134,355.60434268218665,397.7326345346254,3872.491134443559,188.86124035272184,6268.911942807259,-264.5096437694401,200.9918931010963,-13.831548053413826,10.510123518209571,4363.021958407741,4.264424086972668,122.73996211775683,3640.4728599916784,352.69742787432074,7.7863533067155295,3.4562011985571073,3868.5587712195347,2.27196483817899,71.12717497212842,0.0,51.42457086432902,nan,nan,6583.45,1.0,13.810026928666252,244.8827025356437,nan,2.8691516553575496,nan,6547.8994213238975,0.22956096418341695,nan,349.56507643435106,105.11790153989189,8.086331647742476,4.5482336133953805,6716.419563440248,2.54938518297764,46.466303450705674,440.00771032985824,117.97651238069206,29.11665973586172,14.573984250688834,6729.354617666576,3.009305740892561,55.358209618714646,-324.47015945973203,202.28904965078425,-3.875036273160094,2.415869016630339,4686.380794201255,2.910815359351672,76.76605628987535,-4944130.413281989,528132756.6328817,-89783.34751301093,9590670.7263205,5147.910910029562,491.55800231164284,10650.833821114677
8d44m28pt575s2d33m16pt087s,8.741270833333333,2.554468611111111,0.29722217042421395,3.0558981771280123,nan,nan,8.044802703348784,0.0001445080550192852,8.812355780594366,0.5729252615910873,321.88012459770687,186.60758030669209,0.39,macs0034p02b,3712.9725221827252,108.50530406280451,8.160710979357326,0.6513960486197949,5006.831517292604,2.077600093206993,49.738846183528935,1606.2295035811671,176.37467094113072,3.7500902018408473,1.1424520446855235,4959.117171191672,2.02860508363375,48.881559103313876,5900.975248137007,334.31770870040884,11.122307283471722,3.1729886131347835,3726.5726372293393,2.028608110123884,65.05574640307876,7870.950183811785,413.5427112277008,14.861155894847487,3.9249081924830027,3729.061854343075,2.028608110123884,65.00707000344975,5988.571687487028,114.59918693436734,23.67824632078862,0.8678717295368644,6563.035331547675,2.7751407444397183,52.093530010275664,2166.4045271246464,125.07619850932713,6.403541393533433,1.0602972398338428,4861.563959722872,1.7485643952089411,41.96248453804783,401.4886780949388,134.3612079696562,0.9104233031038317,1.0793304663117302,4339.954931531722,1.0560776255165303,23.193773834687903,0.0,78.13463495525473,nan,nan,4101.73,1.0,22.16567686891332,-10773.522979555393,1776.2935996006852,-51.118137409591604,8.428145600698679,3988.287690825371,83.37451424409873,2673.509490073249,-433.85812797566075,185.10309596468684,-4.581088027481816,1.9544950805236856,3890.431799987864,3.0752801790842454,98.0280473298365,-382.4955085989803,1429418.4660400639,-3.0782064235112796,11503.52096987184,3835.7123144841958,0.6525811414136277,nan,-3.4752594902222933,nan,-0.0421672181100714,nan,4363.21,0.19533659303609413,nan,351.1427339822682,4302007.133022101,0.5634564551123289,31631.197824590585,3868.386393337103,0.6284899443929484,nan,501.19922117906856,389.8026385417926,1.6003125331214891,2.3761886718429444,6583.424066298175,1.8868276648539486,33.88340262396242,6564.335409870049,178.25302511915646,43.21208665201379,2.247498137332872,6563.031968232516,2.9530686059627023,55.778536383954936,1003.2801128201501,112.8099422632178,3.331122493673899,0.7005189622900644,6717.009467173176,2.4069385410469866,43.65149406647234,748.9323955445337,150.2204361220903,2.4359229891022367,0.9118778811353392,6731.124428503133,2.4686813593314376,44.777422018979834,12136.025540325038,4372.234075735796,29.191722978032175,32.825213593484435,4633.807114691482,79.29022630985737,2154.235038719266,521.1934450510577,1570843.9404776022,1.4088950305403711,9230.018122933614,5876.613092682907,0.6464127642256241,nan
8d44m21pt975s2d33m47pt915s,8.7394375,2.563309722222222,0.3104328435966821,32.32554445796824,nan,nan,8.092337889357529,0.0005163733113635983,9.001726387311413,0.7907321322036712,49516.76594949905,47581.47404701596,0.39,macs0034p02b,5818.413412527131,119.70805047807322,41.65733787587676,2.3409731342406994,5006.844025361062,2.3367006053163886,56.687182929513384,2045.535347847786,307.4795723009024,10.382420245577078,4.329833056267018,4959.147607980443,2.8092759359637878,69.84771622334382,4824.878148563581,690.9992042488711,20.779600869361893,14.980028671156616,3727.0797769536407,2.6267281816359773,86.50386557603944,6700.989507569981,1076.9163957618098,28.902474390449665,23.346247558253843,3729.209481191315,2.6267281816359773,86.43914113641588,5181.958016905743,131.48821017553814,85.7219731187049,4.166365910900505,6562.6800274287,2.5204074808036188,46.96923952973719,2154.0108621652657,119.38629566055542,19.94779389812825,3.171089882125237,4861.334319471781,2.112171497890952,52.188221598309035,0.0,62.35202971092333,nan,nan,4340.46,1.0,20.94654063936261,-11189.718435706753,3517.1409823185986,-77.13218312483652,24.244109794432994,4084.1481604211303,128.42200719390837,3985.9230620488497,-490.7560518971394,19481340.831252705,-5.124088262757045,203408.82096165026,3969.6929070416672,0.5905049550454848,nan,2882648.434354664,93326023480.47838,181936.7640004476,7324716556.830008,12936.146076357682,28392.414140449808,929438.4962187165,-10278.774193856147,4573.683720326628,-69.92936308816898,31.116043946207196,3802.7249498841134,104.73127495687444,3476.3140580826334,1787.1025652203546,192.57275477151813,10.641307777254355,4.03416547209446,4354.728091452736,4.825478866394334,139.30894631836253,48716.88691980184,6109.8023860563835,310.7209900230244,173.29096018658896,3916.4407971412115,59.27195457179072,1950.3442427099108,1126.2480621327136,688.978247516496,11.114028399506475,12.983959187453632,6581.641694079157,3.5450364980683267,67.20383746100967,18974.62264704257,2064.5120373946506,769.5682542919503,160.23385927678055,6568.599709860123,59.345328995790915,1153.738326298361,1450.6975262842896,190.4013849760842,34.345607634201905,8.431104732274381,6716.765081120529,4.110320276676154,76.77298376328517,856.5396714874909,135.32169372105787,7.1690773289808005,2.114129437063775,6730.17360355327,4.131049242363393,77.00682363323945,-180.507273831557,26078337.187748335,-1.9879986009279018,287211.12863378826,4685.901925943841,0.541102160669847,nan,137.9781722013292,75.09517704599153,0.7506732209817056,0.8884384966225587,5874.611722937012,1.7124352309115483,33.862633817237494
8d44m25pt035s2d33m44pt62s,8.740287499999999,2.562394444444444,0.3735641597064474,28.343646299658015,nan,nan,8.06523348911515,9.863639439823503e-05,7.719611914794679,0.23235761281038259,1608.1222307804537,1136.6455746080946,0.39,macs0034p02b,9843.615584495914,209.15950403488924,45.29419840006561,2.628767170047664,5006.840806690842,2.3959572121612367,58.26452177762766,1889.2201645296534,278.62542427344744,4.58212416535384,1.8748273644137883,4959.1963222472405,1.6849590275767066,39.34832921929,9421.210012934458,321.33776836034593,32.44044907198507,5.574271605880576,3725.8865427370615,2.118014011879327,68.30122090066153,14429.511781686684,434.11979523492255,49.783399891256025,7.530710319165029,3728.699481906702,2.118014011879327,68.25011615269491,11347.193890093948,150.94888990707298,416.6311334893305,10.615872651561006,6562.821471012346,2.9113226025473224,54.819239332667834,4609.500831959004,110.98623060556189,68.46793180581334,4.728461611349176,4861.265945501551,2.4391483618438516,61.19023380885684,2037.90152074422,135.4395963705771,12.081931132311016,2.844012422792779,4340.336752803055,2.785953533126655,79.09341591660746,544.0708581515886,13548260.569738891,1.6197534506339406,161211.9197614673,4101.128992595662,0.5607832223490045,nan,1596.7130588204682,142.60005997749684,8.26073588589485,3.1787852140189043,3968.7947061277564,1.8131322096519848,53.63456513343834,-966225.8287681505,44284804.73288435,-5751.940912706284,263627.37630294525,3229.15975272751,672.0738620233141,22000.62939157195,103.01735721909218,5896116.094921138,0.13706871809123042,36718.22771549587,3835.2499246124376,0.5213662547418835,nan,39760.04562669709,5313.14108478307,631.7868182342168,302.3943767453707,4316.622610397866,107.591291954682,3139.2419813905944,621.8922933228448,134.11980961599502,1.085981499877458,1.0725756286681256,3869.2593036632466,1.1518156530638433,30.100369329168693,1046.2887199125498,573.8952488319965,22.5104028446986,23.573592223904207,6583.137453168581,2.748440546726961,51.39637517423155,325.93987608518063,610.737548375975,3.68317864688872,13.252189658876446,6547.198243215719,2.2879390733454494,42.35003546524516,2791.3689430338954,291.9033395349576,43.797961551930015,8.566598403411218,6716.571142635035,4.542579827361585,85.07614734974827,1316.272006462844,112.83574566333549,28.937356884646583,4.629584403707955,6731.195982065222,2.9956701047743897,55.09298963931886,0.0,35.07472022708556,nan,nan,4685.68,1.0,19.403292965701418,-18905.299422846732,23384.975975857084,-188.62678090005105,233.32255369731377,5959.99540826528,214.5217418231484,4648.130159700822
8d43m56pt64s2d33m30pt474s,8.732399999999998,2.558465,0.3910378632686655,37.352151203994595,12.190746758033391,0.05983546327344207,8.052000830031554,9.924621812643863e-05,9.408911908279027,0.15996831859168217,166.20250520401254,119.90553988476617,0.39,macs0034p02b,17667.84475128041,253.2538330194138,27.49428486430534,1.0764708591775893,5006.835028603203,2.33497297011963,56.64113770327492,4083.736401565705,763.729254813616,3.7398077199038813,1.9405071827788847,4959.001742777929,1.836800574518052,43.597547399110596,20211.895209260863,277.8067575388904,20.148379429190527,1.3949499822730882,3726.0955975050533,2.282862598373709,74.24288923767644,31451.326570310666,399.63779991829585,31.410696895765955,2.0066997176396666,3728.7530096812034,2.282862598373709,74.18733877909351,19468.159205400527,221.05167433676075,96.32048080140271,2.0948474459767388,6562.788138103606,3.1071501120672482,58.725320682642085,7802.687882306452,87.23262036900273,13.362875880700031,0.4284830769006991,4861.387341725265,2.5343286774871134,63.787933001809385,3382.211520920609,129.14105758304808,4.136803251291048,0.5594836633296558,4340.207696506897,2.1060016994651813,58.25914521229176,0.0,82.3062006325034,nan,nan,4101.73,1.0,22.16567686891332,-46.75210988093842,3488853816.9561753,-0.18815766662023634,14041175.78969898,3969.978755195775,0.36957122292010053,nan,0.0,84.56719243023298,nan,nan,3889.06,1.0,23.37778840736009,553.1324435217085,66934.3977573454,0.4864627777197252,275.58381425264963,3834.90834202677,0.7045713023260403,2.6597706092182065,0.0,51.915495468813965,nan,nan,4363.21,1.0,20.83732430562082,2139.4870129171272,185.65137905540726,1.716964008298466,0.6825640625425982,3868.655878721497,2.941907254568648,94.02981347109407,2165.0590024641133,1103.6862533924323,11.192523334578365,10.892582891299691,6583.638976492759,3.270809674521571,61.78512587958244,892.8642977921011,901.8650446993826,5.247358463688184,10.175881718921515,6548.239161707176,3.707964020773899,70.79561047462899,1614.898848672691,247.0436971097843,3.040881504341044,0.8701256293249132,6716.244056706194,2.177723692703256,39.08813989560634,-100.05513598409424,nan,-0.26523740555959524,nan,6730.82,1.3950956184394279,22.82544231672472,14340.248501804079,4491.69378906816,25.28318956553302,23.755974193477016,4737.071665120796,92.04409295502828,2500.769798972042,466.4081258506932,76.87695200289848,1.2624014231472356,0.4523833859541178,5875.646598668401,1.8145850533508106,36.274300863561784
8d44m20pt61s2d33m16pt81s,8.739058333333332,2.5546694444444444,0.5311919378471475,10.87701421513342,nan,nan,8.091373612878586,0.00013860954522589776,8.95945895266258,0.388055234334257,635.859195432828,416.92767347494987,0.39,macs0034p02b,6486.824640947656,181.0467924852036,30.614928176828485,2.3338700500844345,5006.8539008776825,2.3994033841994464,58.35613987214393,2414.917369815419,270.8551240711049,13.924152565607109,4.333079481161461,4958.940264993766,2.1690958590063114,52.707734451153506,5213.1764179353295,286.87065901679017,53.97256293614384,14.961347847425028,3725.9926939355805,2.5518101320516875,83.84505415520896,8077.309178531329,421.99716054044586,83.7891399886173,22.008686183210333,3728.798126464823,2.5518101320516875,83.78231910736727,0.0,64.29110289640495,nan,nan,6562.8,1.0,13.853480493619768,2476.9606875239524,83.32885957773144,22.35412137977161,2.1569770771364687,4861.304566848856,2.7747908739205607,70.31684499695511,1303.4901084683254,88.30928968926742,14.365470377733677,3.446817917616025,4340.497935676451,2.0014836658204858,54.99810863995362,-25258.958446087316,55488.49687520444,-321.36133729462387,705.9617124888402,4209.382225422167,247.4573631375491,7680.589477886601,0.0,40.68427505907996,nan,nan,3970.08,1.0,22.900702702093618,1299.3017798169674,133.74379287877196,22.88811866756661,10.658009377431064,3888.753663643169,1.8406926220064688,55.72867468101733,1731.3924885597298,170.9141057980549,25.5501687337773,11.806065908485444,3835.103102954489,3.110877536930574,100.6126033901867,52488.66413197215,5448.392182916395,346.7573772783496,128.52082383774794,4323.185920985127,147.72977479706822,4310.424308433955,-43.069557445931,nan,-1.0407278731304062,nan,3870.063599166306,0.07393435293201321,nan,0.0,64.29110289640495,nan,nan,6583.45,1.0,13.810026928666252,0.0,64.29110289640495,nan,nan,6548.05,1.0,13.88468655302385,0.0,64.29110289640495,nan,nan,6716.44,1.0,13.536579167464883,0.0,64.29110289640495,nan,nan,6730.82,1.0,13.507659064352907,-170.0779615860011,86.98754199339221,-3.2960005832312884,1.6857621438454244,4685.754805874237,2.2764952172785144,58.85580122466583,0.0,72.89297258863816,nan,nan,5875.62,1.0,15.473706908126772
8d44m15pt375s2d33m55pt31s,8.737604166666666,2.5653638888888888,0.6041535908888775,41.54101242666326,nan,nan,7.694145704668083,0.0031556466380727143,5.9944435560447555,0.38894496237782333,370.4023258286629,293.23234736008504,0.39,macs0034p02b,5709.196064590042,169.04858935327604,21.472816677806037,1.7366484515328295,5006.842818923369,1.9495612298213993,46.266326337095265,2072.257234826162,185.5887780632884,6.240676323346975,1.5507176721391762,4958.9407598056,2.0316292708798933,48.964271567523895,4708.555213985686,127.44250786234777,17.950696767037996,2.447564805055462,3725.9522315710233,2.116648571047343,68.25178713559828,5342.207745013092,134.90158382070808,20.407270506278657,2.5908181990771584,3728.823954077514,2.116648571047343,68.20071937525901,0.0,67.03034619662485,nan,nan,6562.8,1.0,13.853480493619768,2974.7909195730263,185.8583561232705,13.427029108855848,2.406137723387027,4861.282749704253,3.048166145463906,77.69296643420374,1184.5050559569509,69.19011190738944,3.5671689454329543,0.7378977927586851,4340.66691189748,2.0091871855550263,55.23922792689096,11.960419229510105,125913395708.77937,0.021540461356564785,906032957.8265424,4101.792490995208,0.2949780595555467,nan,416.54833742568627,74.99554294622706,0.819684713878386,0.6353362694113872,3970.2054072387655,1.3411591851308735,36.684710204297964,-1252.5792313899515,315.24841404387246,-10.42039402985133,2.6225987221403817,3849.8134113586725,17.640194968177777,577.0049139566373,-24.69878031985324,1452561.756160721,-0.17603008870809006,10352.518281456181,3835.254823160447,0.4065623942658122,nan,49127.587677357325,5849.236161136875,284.0473633198451,118.75802323259961,4358.767340387798,187.58144633494297,5473.230256942078,2354.8844206079148,123.47177960752079,5.030447015189544,1.2082033533983463,3868.8680325669416,3.583199859999746,115.64153731903714,0.0,67.03034619662485,nan,nan,6583.45,1.0,13.810026928666252,0.0,67.03034619662485,nan,nan,6548.05,1.0,13.88468655302385,0.0,67.03034619662485,nan,nan,6716.44,1.0,13.536579167464883,0.0,67.03034619662485,nan,nan,6730.82,1.0,13.507659064352907,273.6149658212251,70.43663063816767,0.9227094235053106,0.7265605162843981,4685.632325467426,1.3534399914164377,31.472715510183114,0.0,nan,nan,nan,5875.62,0.0,nan
8d44m45pt72s2d34m00pt454s,8.746033333333331,2.5667927777777777,0.6055900106350369,45.707197325033256,11.47076252726866,0.07202236594817314,8.058739886440717,0.005350557527750777,8.331915145938979,0.9188001965695726,150.82124163903268,109.67405115677697,0.39,macs0034p02b,2824.809441234754,81.92184124725539,73.97276075351783,5.859616247477841,5006.839293554236,1.881505705991775,44.407233899636495,2260.3946643469153,341.1921748878071,14.83588147123253,6.21251949232289,4959.311979676709,3.875597013023843,97.86182913928336,721.1507174611838,121.17845170320324,9.860367508984346,8.34231796557673,3726.7169155165216,1.6173688012031333,49.81798901755348,1522.4441898645177,217.27871613468903,20.84761656042299,14.95817211452247,3728.8551004104506,1.6173688012031333,49.780713903882415,0.0,55.804996280296116,nan,nan,6562.8,1.0,13.853480493619768,879.6055750135032,82.1189043862489,53.08340448540154,14.213187635297837,4861.529269914754,1.849820056467889,44.84123674215261,315.249434347017,83.80850084958269,2.7921106484821685,2.6284267335792064,4340.8432855210085,1.2845282656457435,31.590654483041764,-246.7030844953717,149.55233457119436,-23.80376998220388,14.4299345900602,4096.443262442794,6.478562389999847,199.90541239149107,0.0,43.738863161808126,nan,nan,3970.08,1.0,22.900702702093618,-105.79785104503904,1536115.7669981152,-9.718757218167294,141110.01358711967,3889.089227080517,0.4746507303511713,nan,910.0305664912946,105.24154523768782,18.032327571460055,9.760705922727533,3835.212729942755,2.1259463551296176,66.63246278452725,0.0,32.953487896211016,nan,nan,4363.21,1.0,20.83732430562082,0.0,48.985972444296124,nan,nan,3868.75,1.0,23.500516131444996,0.0,55.804996280296116,nan,nan,6583.45,1.0,13.810026928666252,0.0,55.804996280296116,nan,nan,6548.05,1.0,13.88468655302385,0.0,55.804996280296116,nan,nan,6716.44,1.0,13.536579167464883,0.0,55.804996280296116,nan,nan,6730.82,1.0,13.507659064352907,-12195.322821599493,7207.094010460743,-282.6859441049912,167.0594706186968,4744.567741241872,83.92926684886554,2280.2826181646715,0.0,55.804996280296116,nan,nan,5875.62,1.0,15.473706908126772
8d44m37pt425s2d34m05pt035s,8.743729166666665,2.5680652777777775,0.7142541134396285,48.3810283581482,nan,nan,nan,nan,nan,nan,563.8332962065998,213.7163005555214,0.39,macs0034p02b,9311.668488336902,432.0749063440489,4.788464289215631,0.6069267964147318,5006.684497764188,5.89515448125912,148.8370265403243,-31863.184317018957,2735.751276862119,-36.44888779371514,3.1294766502229305,4978.932181092398,88.38989102340967,2269.1631991727536,16451.515257227722,3329000880.5548196,10.620740376753211,10814092.412496604,3727.5975806463066,6.177262096501523,209.7037424684475,7020.226864360052,3329887112.1423073,4.531774154765296,10816971.291364416,3727.4927402181393,6.177262096501523,209.54683668015875,0.0,152.23348547484764,nan,nan,6562.8,1.0,13.853480493619768,5802.417390932014,164.9880617476531,3.6337398076106533,0.29641088470085636,4860.742703926021,4.896537777826961,126.91506137807045,559.2445108193692,66.58558225267157,0.3201517506765836,0.13490500362914792,4342.001393105156,1.249414267879334,30.354931528599128,735.470969590612,111.0340230231188,0.4158797770228791,0.25098887214472565,4100.807443523247,2.2266690844044654,65.60775472302306,-9841.713887893666,829.4490325674731,-19.4364529544498,1.6380832935453216,3961.639752474116,67.11297067486757,2152.021267970344,61062.27131107884,1557.8541262552683,44.823075093487645,5.236791535489577,3869.324551223104,88.31488923340716,2890.936959649753,-1638.4041458045288,443.1856508158953,-4.288158808435394,1.159939967916249,3834.2694392836765,14.957878444420004,495.95951600506675,158.17132373194775,108.4545508536463,0.08465994359428707,0.203412759709666,4363.331064476916,1.2564506202469714,30.44420403430242,6291.3603919431525,194.42695856011224,3.4947970294220667,0.49497478004912787,3868.090728760535,7.84863139818902,257.2480316624949,0.0,152.23348547484764,nan,nan,6583.45,1.0,13.810026928666252,0.0,152.23348547484764,nan,nan,6548.05,1.0,13.88468655302385,0.0,152.23348547484764,nan,nan,6716.44,1.0,13.536579167464883,0.0,152.23348547484764,nan,nan,6730.82,1.0,13.507659064352907,-5192.128257269153,1751.909018227569,-8.789009844129808,2.9655557113144906,4657.463287613442,105.62211452665441,2869.6945494100046,0.0,152.23348547484764,nan,nan,5875.62,1.0,15.473706908126772
STACK,0.0,0.0,0.4549871554298269,nan,nan,nan,nan,nan,nan,nan,402.87889605895117,135.50985794673198,0.39,macs0034p02b,6705.109541909161,831.1904511828833,2.8928911296663187,0.9794927341603896,5006.927216618921,3.3370242028305492,82.96348753225527,-21437.279769862624,5585.80201904974,-19.01243676472543,4.953973116344666,4986.743622201453,92.70082109754692,2379.8410499413235,0.0,0.0,nan,nan,3726.03,1.0,24.400668213494743,0.0,0.0,nan,nan,3728.82,1.0,24.382410999599827,55589.85734704668,2878.0321445856935,34.71579106001128,3.43015464148799,6585.684432582156,58.27557818245832,1130.3919787174948,1067.790632912985,1546624.0291903368,0.38168476024899134,1585.5260944609709,4861.579557968938,0.6247951691725981,nan,0.0,192.91649544758516,nan,nan,4340.46,1.0,20.94654063936261,60861.66447820978,1243.085176973789,22.26151211753641,1.826770304129131,4091.6240862566765,6.175050697666611,190.42674096072034,-2209.178309829996,696.8865145540478,-2.409477671138433,0.7600710583948663,3968.9424852316192,2.853030891004117,88.69279535510238,4340.45912602063,606.6258600334951,1.2513937782153788,0.7911353674224545,3888.8673071132152,1.8481657870533499,55.99309536414406,-4177.3146484683975,1343.6599940963763,-4.862825002960712,1.56415878731222,3838.1791364460055,11.005373987254185,364.5665686004832,-1901.4739502249192,671.252657565645,-1.692425994215448,0.5974551721920351,4362.327577290407,4.040276920226408,116.1047415302276,160.04600637545056,6.734394736361069e+18,0.0381444678793446,7350059779501073.0,3869.3399002933215,0.35160216837711916,nan,42657.0925717629,2002.2784180176368,26.696645152373673,2.39796178691557,6568.752028410142,42.43146792031454,820.4240590157299,-12339.683115927875,1663.4772286846176,-9.936840410025466,1.3395569069204205,6540.735731354957,33.98538018266938,660.6188815951092,6441.279872490934,342.10847219292833,3.049194394235582,0.30288080273324786,6717.149778564665,3.2758884745081263,60.6602874989448,-9208.97140656095,1896.4075024840972,-6.753241554589311,1.3906979818708352,6740.11955255665,24.954895062478844,471.82377789570864,27243.784683605103,1862.8559112949542,10.33024632514423,2.1385558210261224,4712.505104549201,40.836740424386626,1109.3730442710093,3380.6256884157774,305.256589836995,1.5311311932392955,0.30076909793050616,5872.686755924091,2.5481921875160043,53.08889698936311
8d51m41pt55s-20d15m44pt023s,8.861541666666666,-20.262228611111112,0.3255779241047341,9.262275527975818,nan,nan,1.2242509861275035,0.004129856495237876,4.681544850522424,2.3234019292313577e+36,588.35884177785,266.39800063476247,0.3524,macs0035m20,2919.377000626413,95.90226003306844,238.98341740619125,21.443339969832156,5006.844952607053,1.9552435665411532,46.42110246944641,1422.078289263902,150.29182096053796,117.83742198075531,34.55552161284091,4958.736795664234,2.1388310673169673,51.88614805808413,68.85636268959216,2.194488893947779e+39,0.5584871332010758,8.967938866307188e+37,3725.741625424817,0.19367893021982865,nan,172.6451853846156,5.9787057456507095e+38,1.4014287967535957,2.443241693977376e+37,3726.887041550521,0.19367893021982865,nan,2584.1565617112556,160.87416857143788,120.54177757190575,14.373620761777982,6562.842193216222,2.655243789043362,49.686259990281194,978.9411368029722,86.13985116015995,32.49255838424617,8.201414129036777,4861.003082364639,2.1785213035314404,54.02644519716197,1125.9749862226292,110.97907632832266,12.895843534663452,4.502567337989609,4340.015663226194,2.436532316007038,68.45316590709498,4241.15224724448,417.53832810623555,173.36894217228289,67.19419830802649,4129.199890068346,23.83760923240163,739.5563557592897,16707.103444644636,2606.855371612071,3006.931040913615,1967.5223786572378,4015.2289963714315,56.06552492359273,1797.735360058954,0.0,49.306565707407856,nan,nan,3889.06,1.0,23.37778840736009,1745.8068418299065,223.0343529838757,16.711921328697173,9.988023303545296,3835.9969438410217,4.725551200439707,155.12683273789506,-86.68619718312426,135.52341181556926,-73.70052137093242,115.22187422381809,4368.795333497664,2.909222672338451,82.39169684052838,1196.8906203395688,114.12818028398048,6.191907807514615,2.7027853982467382,3869.9107560112275,0.9480431394266493,21.03973231778525,49.902330744624564,518590.2922111333,2.4225220320291667,48061.31770172329,6583.676576521531,0.5995523862195874,nan,48.37653596376674,589009.0367480435,2.6066599074639756,60932.6897093949,6548.187957602944,0.4194812521742487,nan,-0.2795937043734998,nan,-0.0025817238086188257,nan,6716.155801909022,0.022965529918185176,nan,-40199.889997501145,25446.2276445983,-308.9955264761885,195.59184137977368,6816.635294526173,186.80533630466132,3533.3058417498823,162.36523904063353,16335204.664958982,7.222967603746185,2222413.9278189368,4686.0540637336035,0.502888816845744,nan,16193.114320696568,3154.543293100603,337.42583022671306,144.39332389725885,5827.649805406801,101.64650852665066,2202.3758971739862
8d51m02pt73s-20d16m09pt18s,8.850758333333333,-20.269216666666665,0.43485241710699496,38.58280006381564,nan,nan,7.97976491130764,0.00048408154996810256,9.955406321053177,1.2532266115461754,2263.586709609519,1658.717891479794,0.3524,macs0035m20,1568.8549449441894,89.94813559094504,6.526757840012988,1.0221169681746518,5006.789943130694,2.359934705124518,57.306099289252785,0.0,40.06494194109546,nan,nan,4958.91,1.0,18.334194769319836,2614.8142733011146,478.7224779281445,11.529623877613522,10.634803927643405,3725.803518037777,3.557434123643435,119.17323083209602,6388.834188813863,1007.775075286474,28.221633063575265,22.387689784740797,3728.396703747756,3.557434123643435,119.08406232462676,0.0,54.49822704928789,nan,nan,6562.8,1.0,13.853480493619768,1061.9861275477008,72.21345990721333,6.188327201756549,1.2069833668505747,4861.19169852383,1.808218927173375,43.66197510903581,-2.1822253326589046e+30,8.833941921538542e+33,-1.7843291669557358e+28,7.223204677304524e+31,9225.762570082212,1056.0315132237677,30974.47852332682,-6483.7650230192085,1033.196334770719,-50.999294870841766,8.126803539204808,4116.120921837084,77.15388721347553,2394.6158143757766,-2022.573334275313,451.3580635199455,-21.2369746271874,4.739249539341917,3963.669092294172,32.99756989636557,1057.9080832695824,-129.30058209371614,17666084950.761406,-1.3566691349522237,185359043.2467724,3889.0850150944866,0.3408410792823715,nan,-42.3854211704966,nan,-0.9206282996036245,nan,3835.7429208621006,0.26608183684810777,nan,-12.392568266155054,nan,-0.15795983507558006,nan,4363.806361034387,0.215561234709908,nan,-6905.415652934282,6346.218976859132,-74.93233350778978,68.8643552811199,3918.2664613539014,103.44132448420257,3403.897242112202,0.0,54.49822704928789,nan,nan,6583.45,1.0,13.810026928666252,-22.124465025040553,nan,-0.26995108442208193,nan,6548.05,0.7501782533222014,5.2446855634812035,0.0,54.49822704928789,nan,nan,6716.44,1.0,13.536579167464883,0.0,54.49822704928789,nan,nan,6730.82,1.0,13.507659064352907,-104.65137480399862,91.4441857328255,-1.017412538856031,0.8890132723464385,4687.330535319071,3.587624174836239,95.60245460014946,-11812.21879049026,1992.9688080940439,-92.51817551478683,15.609754716970276,5906.346020295569,110.79229079693906,2400.5466617448947
8d52m04pt08s-20d15m21pt437s,8.8678,-20.25595472222222,0.7060579653353312,39.206214364311045,nan,nan,8.003307922757887,0.0001564238437662878,16.55535800216116,1.1776729141796298,337.5871715024153,216.49410160670922,0.3524,macs0035m20,3318.003643681773,119.9071695760615,16.703484639319164,1.6487720162462784,5006.850450491829,1.7883912165893827,41.84572626244368,1278.2612807822557,143.15033937192962,11.326471679742053,3.5194031658678746,4958.881000485705,1.8640507897011285,44.35330932682247,6369.4982964832725,378.14965663257266,4.7904547783268985,1.432528597718122,3726.14396960938,2.6032312770937653,85.67061917574146,13151.150283337087,654.0909812483379,9.916616112838943,2.477865627306883,3729.8675512703385,2.6032312770937653,85.60651819272263,0.0,201.233827587713,nan,nan,6562.8,1.0,13.853480493619768,1456.743702016962,92.34948358837035,97.83137381500957,17.78942175874301,4861.167613372218,1.521771774091215,35.3861413863874,2042.283413012552,161.0282292016512,4.670377171878957,1.305340604569822,4338.603955125691,1.6831218258287903,44.895623942083844,-22174.851176896518,4073.7571564938044,-78.0229870838241,14.333656603518019,4067.366000719206,137.71016164538437,4274.214241524914,-4242.711354440103,663.6207483947794,-17.33139894148208,2.7108787224561595,3963.995942936025,68.00162107663927,2180.5195039259747,558.5557084162458,73.90819837299955,0.5188675012751285,0.3104775759324262,3889.3239971673274,1.274310706090853,34.8577653376465,0.0,75.42154119819749,nan,nan,3835.4,1.0,23.704860453545347,-67.97340445138975,96.4511872485327,-0.35871174664186417,0.5089957480111956,4363.387532588536,0.8022359352512526,11.4347776300992,1041.8491671210882,144.3047798777852,0.8571652194680272,0.5435684158665538,3869.673728653584,3.6455281311712247,117.73217920140479,0.0,201.233827587713,nan,nan,6583.45,1.0,13.810026928666252,0.0,201.233827587713,nan,nan,6548.05,1.0,13.88468655302385,0.0,201.233827587713,nan,nan,6716.44,1.0,13.536579167464883,0.0,201.233827587713,nan,nan,6730.82,1.0,13.507659064352907,4976.75541673751,333.7469920971166,13.739420417104455,2.8185359731488533,4685.41658985032,1.1573976339180765,25.043196075681216,0.0,201.233827587713,nan,nan,5875.62,1.0,15.473706908126772
STACK,0.0,0.0,0.48882943551568675,nan,nan,nan,nan,nan,nan,nan,622.7080674308093,229.98539644932848,0.3524,macs0035m20,4322.14608870518,265.9829424345167,6.351302431202783,1.0676555024923058,5006.645417109759,2.5103009588301277,61.298173025911574,0.0,94.20242835942219,nan,nan,4958.91,1.0,18.334194769319836,-15076.088927639137,4071.2147362225583,-22.923889049076397,6.1904699127259395,3695.683389160653,82.51852018002883,2819.3723495198915,0.0,121.05842479306148,nan,nan,3728.82,1.0,24.382410999599827,2554.383975356209,187.4838422390786,20.02856978807872,2.815774939669143,6562.708756264838,2.674389615213562,50.07118289962139,1531.4775720545333,172.50185468673743,1.5524086968553394,0.5016315974079847,4860.749806769501,2.646935370567244,66.8509073870148,2162.562216846388,347.70851560598487,1.327546182648998,0.7554561732647279,4341.906986538289,3.301794496230973,94.6435685893533,0.0,102.18449926847399,nan,nan,4101.73,1.0,22.16567686891332,0.0,101.80502084210727,nan,nan,3970.08,1.0,22.900702702093618,15329.303401143789,821.4337825793435,8.285392407170766,2.0355567996322894,3867.4701595145366,19.872710287486147,650.1384409882345,-116.14115653078198,nan,-0.21852998154825223,nan,3835.324513402093,0.22694133584622184,nan,364.2261821251619,204.20273599336,0.25842669153474046,0.5074465957470151,4364.414346091192,1.7244509892808202,45.98425561959131,11345.203298495862,787.2951952917075,5.501672176416027,1.7521763958165955,3865.8807823287557,16.520186054538012,543.1465504358777,17648.951356694317,5199.433807028962,144.61444763859288,80.89158691387182,6618.423245603748,103.30537579715423,1997.6637496879357,3.871577803644841,nan,0.013480832579724355,nan,6548.145835840675,0.19643799654428568,nan,-43206.89003125516,9170.080453256041,-124.98690990711088,26.526788172510734,6671.265775089701,120.76258502709578,2289.0166108255244,0.0,143.92883783642222,nan,nan,6730.82,1.0,13.507659064352907,324.0251892167108,6259038.653982053,0.2596010572397288,15335.652405481793,4686.118936852546,0.5634810643510998,nan,-37472.27716349879,21393.18411206961,-100.02022394438997,57.102242717639506,5937.1027955046275,114.88691704422229,2489.2687803713316
10d12m52pt83s-44d08m06pt786s,10.214674999999998,-44.135218333333334,0.1875822578015267,21.437399526634895,nan,nan,nan,nan,3.3450706476939525,0.34388933739127864,184.44616414185765,94.97460082440146,0.363,macs0040m44,2115.5688118677044,68.24429587637769,336.9099110595953,29.685159742755708,5006.8421186171045,2.1861566041397733,52.66129076915977,0.0,48.89254960879609,nan,nan,4958.91,1.0,18.334194769319836,0.0,0.0,nan,nan,3726.03,1.0,24.400668213494743,0.0,0.0,nan,nan,3728.82,1.0,24.382410999599827,2810.2770875525716,255.54672917238588,43.117622445124574,7.5099713503446015,6562.8249550839855,2.95788582329401,55.74935800633281,632.4436864513309,59.97930871587462,22.841411656924485,6.2128770983299155,4861.445600397865,1.3161294165661317,29.1879135364281,-75.59506270610092,2.548410902619599e+18,-2.1501197435405994,7.248341889310059e+16,4341.169802608244,0.30589384502580524,nan,612.5371015594285,88.25424952673794,108.70010398890335,62.57331523529025,4101.824180968261,1.3531569462478839,35.94311886048832,0.0,nan,nan,nan,3970.08,0.0,nan,0.0,34.85493998658676,nan,nan,3889.06,1.0,23.37778840736009,0.0,34.85493998658676,nan,nan,3835.4,1.0,23.704860453545347,-431.23897189388975,232.72012852060135,-42.4585855314869,22.912974303542022,4361.155400633901,10.471771603514982,304.86287502516967,0.0,34.85493998658676,nan,nan,3868.75,1.0,23.500516131444996,-3553.585975729757,1808.7191795962108,-249.44705238818855,126.96461293738757,6540.556654455257,59.563444015023315,1151.7527170271107,8591.636079837119,2084.450323480499,158.86307600533272,74.51380819646528,6505.208761172444,68.1114549067429,1324.1836228495672,53.21926416212106,17406694.438292943,3.5416017703010025,2166626.480689389,6716.506832456193,0.40198735540339336,nan,621.8800547825248,203.1134703509611,248.15326733814464,151.2591166173396,6731.390761165339,1.6408392790666926,28.069748454431778,71.78789826737572,1783419.39984313,3.364595999273702,255680.62515509088,4685.54520404777,0.6803571951900094,nan,0.0,17.401531102666073,nan,nan,5875.62,1.0,15.473706908126772
10d12m40pt95s-44d07m36pt244s,10.211374999999997,-44.126734444444445,0.31001876550765783,11.404008604700051,nan,nan,8.001753122965,0.0001326001936751019,7.467390654541833,0.21442721621127683,2803.3420477333257,2511.8858280409463,0.363,macs0040m44,4307.773798770828,107.15905700990972,8.486432427028069,0.5766167531826067,5006.8442276220985,2.219786533404256,53.56315033983581,514.2024085345371,211.18606919282803,0.7746280486030057,0.8826646760378452,4959.091312490157,1.1715725781145117,24.118725835914702,9042.315860475272,212.7081562427917,14.71623787204103,1.7438533057944856,3726.0101270233963,2.2533469889934126,73.18264623324268,11805.54729611198,260.9459531729058,19.24988253613942,2.1393230570568953,3728.7311457925634,2.2533469889934126,73.12788907602116,9286.753133296323,158.37455771460432,43.013621792835835,1.4050583104252092,6562.759521783778,2.7137449977565153,50.86178353133946,3437.591596775461,81.88756846575359,8.129821828825731,0.5554557941025839,4861.349591204857,2.1892819656393727,54.32394544617613,839.3433252773218,80.65677357566256,1.3058181215543088,0.4443498485383399,4340.786104201757,1.4978396493843065,38.84034064130971,5.798729404455686,nan,0.007152334774657533,nan,4101.73,0.15837712134746926,nan,-6205.998636436215,572.5424081391618,-30.275937137129695,2.7931456277464295,3973.291182934299,73.6607091999976,2362.000611281892,-1527.113582602221,264.8036373589536,-8.699271166001214,1.5084658229570753,3885.5896976030467,19.211108369437834,628.4666914600322,-1374.0907827814751,523.5099808944265,-10.877822333232402,4.144303006178518,3794.0804240021657,17.38164506007221,576.4885993535416,389321.4645640518,6657560.228394786,822.6637791396506,57822.20597668728,4050.54017451539,1772.4585294584072,51716.95086757693,1068.120970862895,103.9631780684364,1.5515475533732945,0.6918620770428195,3868.6499603024317,2.41517978243714,76.06566996472155,1611.281207107137,571.8478811703088,6.514340665961968,4.413887960870807,6583.424984737482,2.4070260447158573,44.53505140397769,583.4951081851746,310.275189782272,2.1688677141843344,2.214171292313887,6548.338215744888,2.780194048769304,52.31240019249261,1719.9127525797126,130.19434186987837,5.181459401399939,0.7336319583251022,6716.452103606733,2.5600213233648814,46.67593446140782,1402.7246144993278,138.80968462004327,4.731212045030883,0.8738426372768203,6730.711859995772,2.507644803356931,45.54541738281337,0.0,21.88202890462002,nan,nan,4685.68,1.0,19.403292965701418,885.9867952627579,117.44974245585173,3.353427910295159,0.9664289223769472,5875.895467940365,6.057785025087109,130.37793751915876
10d11m49pt875s-44d08m18pt6s,10.197187499999998,-44.1385,0.33941884660994015,62.67326702320006,nan,nan,nan,nan,nan,nan,584.3820893831963,189.0270743336413,0.363,macs0040m44,26965.41638238351,799.3121864033815,11.50501460729892,0.9314469037368523,5007.018693122456,4.639654693840051,116.62319394159854,-104628.66998264828,7005.641952597165,-65.44009631033218,4.381685098068166,4986.061494385403,76.59571757445308,1966.360334423994,18569.164698391567,320.97186686431945,10.792139892735332,0.9390146753732749,3727.060094248016,5.439297502977123,184.303234528063,23509.579024076564,300.3575158904848,17.376647614840252,1.1175949016400448,3726.9461373529107,6.315206759343352,214.2864319040857,47618.26370941596,2502.134277645762,31.672819346772,3.1845492904064976,6569.1596840322045,42.7032825976947,828.2791208879632,2438.1104765112245,109.82548926848747,1.3026356880860408,0.1683069419729975,4861.187845705648,3.1188195972707597,79.5928739171172,434.93124586370817,5307108.872378313,0.24154012647599388,10439.725970333244,4340.190754025864,0.5917300928410356,nan,-638.8754507132973,137.7001696066419,-1.3464223275878506,0.2902014511028976,4099.268559317448,4.081342431319768,124.80023727288308,-11765.132497709925,1703.8639842037394,-25.75189671931793,3.7294717550797687,3941.479216516002,73.2489459070194,2348.7958343124983,84937.77649033825,24001.627077134686,61.57740113880655,81.71111019135063,3830.168735351607,94.65569798545194,3098.512280817074,-666.0502444172998,621.8567481570067,-2.38977014866086,2.2312050869211113,3832.6787178355944,6.926821391273817,228.74800090785425,1081.314197946018,142.21226305128982,0.5463381713634375,0.2519254252445478,4362.111615340308,3.7485990650326344,107.45302646890649,8948.261477688915,616.4622191230542,5.93533190768161,1.874916287772739,3867.291932684567,7.332408196611474,240.18773213526433,19552.96358564242,1169.2105530718923,12.627847747766573,1.4422537339072752,6580.652294507933,10.341122759845394,199.51698026386606,49515.46522900875,3108.916334087285,32.46285839799787,3.8991993726293983,6570.661216395057,45.86972003670515,891.7158884294678,10452.45227614565,383.3294843916585,7.254739799186525,0.4974257818923998,6719.338185307271,20.222553693679526,383.0888378297261,14088.188028480932,464.20533253607385,10.46721437982517,0.6447621495122743,6719.937044974484,23.930661495885918,452.4429532392712,1454.8027833769925,175.54742479661627,0.7241855395357978,0.26730009778606784,4685.567489117802,5.804789955818302,156.56544988462664,896.7785885674217,235.70459001996397,0.5260239240752863,0.3005243718972188,5876.596080061722,3.14204778055492,66.36937649966674
10d13m11pt19s-44d08m10pt964s,10.219774999999997,-44.13637888888889,0.4019786164780488,36.02474553659694,nan,nan,8.033039141603117,0.00015620084137041055,9.425403690131509,0.6484001011173554,224.254209442584,96.82017342532836,0.363,macs0040m44,1775.3363173404737,51.83642084465141,19.426211746984183,1.5492628786297313,5006.869020817983,2.2645224343978074,54.76051626815642,345.75066446952246,79.50953576417788,3.04324654677239,1.9415383387885141,4959.221492605705,1.0362858804512125,19.61741077238622,1976.00853220059,117.72137969780763,11.029371645206627,3.3098936996987254,3726.049454842358,2.198747484271998,71.21739067302086,4337.307141402403,228.77319497810328,24.252612586038374,6.43226369468106,3728.6106164172697,2.198747484271998,71.1641039710675,1974.0087646520012,106.63721248571228,168.30737543377253,17.41562282616984,6562.624737220317,2.377272313953585,44.07157419859601,894.8585050255081,54.25019251456407,21.511284439499804,3.7404763718933505,4861.290983541053,1.7495881346592934,41.991739624135796,0.0,30.975569308044292,nan,nan,4340.46,1.0,20.94654063936261,0.0,26.35469363768621,nan,nan,4101.73,1.0,22.16567686891332,-451.9512978426651,139.98189836568002,-6.656820989915717,2.0618027732123054,3967.6308315014685,8.42678435891269,269.29110688959184,0.0,26.972910937638524,nan,nan,3889.06,1.0,23.37778840736009,-448.52347993282257,178.09707835661408,-7.909300093682167,3.140578590760653,3832.250900037789,14.594686489033307,483.89037160114043,1735.2693545386176,134.4191651732887,16.2826852468051,4.428440965300278,4359.104590095887,11.249879252726123,327.6139348721652,475.1829376105988,159.64004168990633,1.205248583260048,1.854892072589068,3868.7746886201408,3.3394302989592255,107.4502600254235,0.0,44.28665543623164,nan,nan,6583.45,1.0,13.810026928666252,326.57137685870043,599431.4484729895,15.181797246699173,53506.20159328333,6547.603079179385,0.6168856991995287,nan,0.0,43.17958431810198,nan,nan,6716.44,1.0,13.536579167464883,0.0,43.17958431810198,nan,nan,6730.82,1.0,13.507659064352907,4465.103164263861,748.2280684180462,71.61210876851902,36.172091413946795,4724.184154403018,63.00958647448069,1711.8676328502554,-2849.0507794596606,450.81881427930944,-76.73958932187067,12.142869097239522,5903.599913392894,54.22409138066204,1174.8038760296206
10d13m12pt315s-44d07m59pt31s,10.220087499999998,-44.13314166666667,0.4808684643862291,30.69024648711953,nan,nan,nan,nan,nan,nan,1270.4931600346665,515.2977486672795,0.363,macs0040m44,2452.5370000423536,49.84367610654338,51.191790635295995,2.8417180299958855,5006.8438102290165,1.9958662617351663,47.52570074473942,0.0,45.00136783857469,nan,nan,4958.91,1.0,18.334194769319836,0.0,35.7839050569175,nan,nan,3726.03,1.0,24.400668213494743,-2665.858354363367,1707.8651106900136,-27.268343512642296,17.469289932575457,3716.6562849775405,117.54590005387477,4013.204997556982,0.0,56.94755405121427,nan,nan,6562.8,1.0,13.853480493619768,409.21381035545687,40.71539129044384,8.522962103573104,2.4300035035070358,4863.969460832059,2.1010884399302023,51.880489048093615,-6194.738714581396,1476.9862103760045,-97.60774241759395,23.272214732378927,4350.975919675647,136.92634067238492,4016.1372597282166,-168.30644401629846,88.52883906612887,-2.4178401064783985,1.2717788610240617,4101.575402601265,2.0718032104240476,60.52335773167633,264.62735204359456,5110199.811467559,1.4163759082522924,117745.16075028473,3970.30412447145,0.5244547724133243,nan,49.61365713047245,1148247.0915728894,0.24472212839668497,25617.14642176755,3889.0448004430687,0.4373796855952101,nan,-15457.519506311159,27770.93954866521,-134.5603678644342,241.75080872992766,3757.9656883795396,229.84338374120605,7629.258101762467,-99.31924133770764,78.85831299263428,-2.365558661105271,1.8782258380889676,4364.844456862385,2.310565342139167,64.24954647649099,-11708.850782674437,1582.3810016059294,-80.98875828018211,10.945145243104976,3835.7418268751308,85.34488717490397,2808.375738373166,0.0,56.94755405121427,nan,nan,6583.45,1.0,13.810026928666252,0.0,56.94755405121427,nan,nan,6548.05,1.0,13.88468655302385,0.0,56.94755405121427,nan,nan,6716.44,1.0,13.536579167464883,0.0,56.94755405121427,nan,nan,6730.82,1.0,13.507659064352907,-61.81681397867143,70.63465365983305,-1.0193006978622927,1.164698520269429,4685.10052470155,1.2502407224806078,28.145620503804018,-14128.630220408771,13875.852153661392,-231.1799386602716,227.0438534875626,5905.261269785475,245.01016802285355,5308.741933543085
10d12m58pt305s-44d07m44pt763s,10.216195833333332,-44.12910083333333,0.5007782792885858,14.39773480211718,7.98657464813371,0.08186538035028237,8.02969327245986,0.0001103280040685823,9.647675414961583,0.35530743065288106,139.08034773415267,90.12843573595005,0.363,macs0040m44,3131.3902168206955,65.19054701290962,14.614828983707305,0.8310468278335085,5006.856930797468,2.6839535397750827,65.88358310313943,925.7234703976904,116.01898783038688,3.2831175907683683,1.1415892381080384,4959.061687922532,2.119955669600783,51.373042412147214,5087.830019715676,177.5544932224578,25.55827216327212,4.493321778612299,3725.9169388057344,2.41620115966473,79.01571414225158,7435.943268454309,241.46811441427653,37.4278522960892,6.110765870502232,3728.7537090948504,2.41620115966473,78.95659253207546,0.0,38.59728430593023,nan,nan,6562.8,1.0,13.853480493619768,1718.6406322993398,53.39287109697036,7.995282212475105,0.712422527489969,4861.343854791609,2.04047909212634,50.193923516623165,396.2170204426173,49.115302215055344,1.3185395667617223,0.5789240011001356,4340.277756352886,2.290315617853001,63.96278972560259,0.0,29.093900541900023,nan,nan,4101.73,1.0,22.16567686891332,-1599.1314490026193,467.06050042507667,-17.827776254575777,5.206982893196057,3948.329673798058,58.67855120676516,1881.5345545097794,-169.3105681891833,66.21969530340118,-2.0136741239467493,0.787575686233011,3895.1057788353082,2.7162040529116718,85.91272196416634,-8.122454471322746,90933.2689961226,-0.1273188018564387,1425.3714684829954,3838.1138340957446,0.38811812498062576,nan,775.6014238188242,110.89347243055677,2.788089059454427,1.3956620471062609,4365.193065749803,8.248366343758889,239.8033388320109,0.0,26.642498759379002,nan,nan,3868.75,1.0,23.500516131444996,0.0,38.59728430593023,nan,nan,6583.45,1.0,13.810026928666252,0.0,38.59728430593023,nan,nan,6548.05,1.0,13.88468655302385,0.0,38.59728430593023,nan,nan,6716.44,1.0,13.536579167464883,0.0,38.59728430593023,nan,nan,6730.82,1.0,13.507659064352907,0.0,16.72221935515123,nan,nan,4685.68,1.0,19.403292965701418,293.70606295892503,47.58408286643649,1.7003140026489705,0.5988729020469091,5875.888810480166,2.4692997907332277,51.30877577207007
10d12m15pt3s-44d08m14pt824s,10.204249999999998,-44.13745111111111,0.5955100115743377,39.91728761548158,nan,nan,nan,nan,nan,nan,816.3128254955834,476.1115485348701,0.363,macs0040m44,5806.678057945066,149.5353857768243,13.509442389710843,0.9502756760979301,5006.773993730786,4.8476482008867645,121.9704647428635,-11662.969583664197,746.6627034525818,-43.01460815984285,2.753792967235992,4980.0035450805135,52.50964177570775,1347.9606517786701,6310.112666550988,939.5876624596859,22.674655815312583,17.014845051331527,3725.422213997939,4.22926820802706,142.5115909062443,14621.574287591024,1615.7627230401536,52.63693974750702,29.259592766763564,3728.03673965375,4.22926820802706,142.40496003142914,0.0,52.55758616644087,nan,nan,6562.8,1.0,13.853480493619768,3057.2757619848635,107.63484265429047,7.841620230461006,0.7918195965021767,4861.366772996054,3.9845221625113516,102.72511191053216,1068.702960360471,77.72256539630051,2.3367456955349337,0.6021263590690393,4339.583982691802,3.8065641483921184,109.74636948534054,-3487.9123467477666,502.2860092529562,-21.440949190983705,3.0876603919752736,4094.605600325594,90.20285042261455,2799.6458271862007,-1003.0867883517342,136.96779340490994,-7.460597052895091,1.0187169521964605,3968.1757917730056,16.4255840436752,526.2472124893329,-1249.398585065965,201.25941612793233,-8.684641948319209,1.3989658614081029,3888.9272276887004,21.970711164499953,718.856017527182,149.73034295317692,44002.300322456445,0.34657183811652387,476.84306663936854,3834.7918856579067,0.5522058923234484,nan,306.48410264782865,60.58591840061175,0.6356874856530527,0.4400192747663903,4364.903855181837,2.7897150448643107,78.7944050317061,1526.334323784683,88.76318631700099,2.7910007932818686,0.7442535435108028,3867.260460908716,5.801488682384483,189.5165674298518,0.0,52.55758616644087,nan,nan,6583.45,1.0,13.810026928666252,0.0,52.55758616644087,nan,nan,6548.05,1.0,13.88468655302385,0.0,52.55758616644087,nan,nan,6716.44,1.0,13.536579167464883,0.0,52.55758616644087,nan,nan,6730.82,1.0,13.507659064352907,-23754.184393694137,126890.9407120325,-139.05262557695207,742.7962238358919,4878.486794066032,337.1724969894524,9160.972073689605,28.268635306951243,nan,0.1815018090375993,nan,5875.62,0.3888129032342599,nan
STACK,0.0,0.0,0.4023078916637609,nan,nan,nan,nan,nan,nan,nan,2047.2455629962435,1439.9702079331723,0.363,macs0040m44,16358.027562280033,394.2786983339965,5.983957038835556,0.39387966476693537,5007.438599237514,6.492794932475482,164.13159214114637,-21804.40661160337,2138.9098204393363,-18.155508348756754,1.7809700485753612,4978.796411670586,56.03537652321691,1438.4844052391004,0.0,0.0,nan,nan,3726.03,1.0,24.400668213494743,0.0,0.0,nan,nan,3728.82,1.0,24.382410999599827,39059.032346462474,3285.2010972718576,20.08286102312066,3.2199504888499577,6593.031553558352,78.79875163468975,1528.5371907224455,1093.6368679729512,86453554.86118329,0.38873124253468555,88136.40989887474,4861.406209880066,0.6361757586897566,nan,-4.880956974798015e+46,1.006232243090804e+51,-5.754329867367339e+43,1.1862821737257902e+48,9686.076303077254,904.0336944995043,26516.22575790245,3957.652596336352,559.579290701413,1.6495761725002056,0.9325953215363978,4100.380997876025,2.7244906364281776,81.72440879085707,2033.2076617423456,nan,0.7568624472885065,nan,3970.08,8.654902251603264,276.63095206496416,0.0,224.8856926367095,nan,nan,3889.06,1.0,23.37778840736009,0.0,224.8856926367095,nan,nan,3835.4,1.0,23.704860453545347,760.0398200863144,nan,0.2404703397063796,nan,4280.692816871775,4.056781053675503,116.59366433354346,0.0,224.8856926367095,nan,nan,3868.75,1.0,23.500516131444996,1564.4447414952067,563.8979473265967,0.6965006435085003,0.4791221040637248,6585.7158206728955,6.642565478175591,127.73806681513086,1070.4243488620775,20045567.331753597,0.5049216007235788,18158.755600032273,6546.451665981462,0.6545253376102461,nan,83.00503164802798,1932749.8549841929,0.038807097050231644,1690.1221844725578,6716.5247022006,0.470663723378865,nan,4297.169341224308,594.0014240832326,1.8520435302853977,0.47807728011851064,6727.190603437973,6.056508134061016,113.78815055805129,-292.8821788398062,441.9555432880022,-0.3264028065797307,0.49253775113293957,4686.0712674077495,2.8726973690515933,75.69864178801258,126786.87566924159,109631.92468648485,57.60353859922084,110.60643691567324,5778.359407211336,290.3663314277431,6291.501059371232
10d31m40pt245s-28d31m44pt378s,10.52784583333333,-28.528993888888888,0.28732327707512284,41.443675542125625,nan,nan,7.409995252201281,0.015077677377855219,3.966789977265628,0.6957497966072671,2711.635220957739,2375.8095191503226,0.1087,a2811,2971.828840661926,120.04815693619071,85.52412481814375,9.436491254258879,5006.815057994952,2.7472543557302074,67.54945231171759,410.04658663455916,128.30729800347717,1.6432206826419773,1.426570132055128,4959.037740102064,1.5455572911876831,35.37613168697204,468.1392261883083,231.43890704817647,1.9052331492658927,4.745677082772949,3725.7463697035105,1.1154826828535842,29.674892244943468,1774.5151066707838,694.9408381907665,7.236196833153813,14.249828828471085,3728.5749836166824,1.1154826828535842,29.6526887196021,2529.08718280149,170.86557642361686,440.91520914279806,57.05436908060229,6563.102808034934,3.219162847348677,60.95349120736596,1417.9046010478871,160.59228237370894,55.05469807115759,17.88769929817848,4860.837197467168,2.480337546788588,62.315439096646685,493.794667838643,10966922.46923167,1.6264025063479064,127900.20474535343,4340.964403084086,0.5757327478345514,nan,-510.091914538263,133.73817601933587,-11.253509482343876,2.9504953697361067,4103.706728270389,4.727738501406658,145.12291759093216,1252.0958055461028,187.97581499984878,22.332417467737667,14.429881227642781,3970.688423782891,5.491641408525524,174.66616037741133,-281.72336077673083,151.68088217382183,-7.759738670113345,4.177871525016703,3888.345086956773,2.7295990718983254,86.36646411977469,259.2578087326276,935975.345298818,1.2644655721382962,21366.960522396796,3835.1950623748,0.6738761894646262,nan,-150.6439237330201,79.36507981912779,-3.345638271246203,1.7626124032321786,4362.260613021021,1.344647105780622,33.498631282560844,3412.86174106113,303.8279264343241,31.856725242854623,12.962898247718604,3872.3018635718836,9.434582824411399,309.6109659594511,-6.891492819283336,206920009109.30817,-0.4851737610262667,14567548959.819195,6583.50754296596,0.34484066535955754,nan,-1044.1474261254023,403.83264322815955,-18.657656578645277,7.216002821131006,6542.4465769853505,18.870938090075548,366.6447644846604,11633.948882704755,3247.6340253417634,1849.4936241496562,967.1456018359617,6706.367968411688,159.26957175801712,3018.9259272079444,-19782128576428.23,3.1060138074149414e+17,-490998334145.85535,7709218951756087.0,13067.342335104435,2335.672719572763,44178.09361348256,1434.8315162979823,151.67893322515627,25.687304436240765,8.309192653864185,4684.6266772431945,7.229713357376424,195.50873055863195,0.0,42.51026760321214,nan,nan,5875.62,1.0,15.473706908126772
10d32m44pt1s-28d32m04pt231s,10.545583333333331,-28.534508611111114,0.5465821551421428,30.626610038321612,12.790270145502252,0.0612473943603363,8.295720004481074,0.0003346853622020273,12.311189440963844,0.6771937381577406,249.49051340393484,213.90864675596532,0.1087,a2811,9120.299081723546,144.56264609486226,190.87762732343108,8.263968613817529,5006.840547126157,1.776347337374394,41.512727241020514,2728.8726361775157,252.96794329602247,76.81765425697338,19.757175540345518,4959.0202406411645,1.6234533742826036,37.60548721570021,765.2644979281025,98.65559588064872,15.385818452942555,9.978374733936816,3727.9217185766356,2.413776175464013,78.92914127829245,808.333741746174,102.67380780713512,16.285102113689472,10.384790852606471,3730.8643231395854,2.413776175464013,78.87008444418235,0.0,49.85778218076526,nan,nan,6562.8,1.0,13.853480493619768,1090.2902617120697,53.87841296587722,34.37099219401728,4.871568285317104,4861.354298632943,1.5169590979337906,35.24413636069089,663.491018935563,40.0011591900774,9.007766490185848,1.9233448712612156,4340.484795535571,1.3796505323806427,34.87106666457491,0.0,33.452898234123964,nan,nan,4101.73,1.0,22.16567686891332,35225.213600935596,3689.8559865316793,172.60107999058695,75.66802926185568,4018.7071658097334,144.4543366276593,4632.220303760913,759.8136772708993,60.81018088719921,7.105523367312734,2.570807353321494,3889.8525959066956,1.9225915544922325,58.6171042939358,0.0,31.93538667352096,nan,nan,3835.4,1.0,23.704860453545347,0.0,30.29260886341442,nan,nan,4363.21,1.0,20.83732430562082,836.7140910118289,60.529132544129205,69.58218833037655,23.0546588629753,3869.093818713989,1.9188340489403786,58.7920482720188,0.0,49.85778218076526,nan,nan,6583.45,1.0,13.810026928666252,0.0,49.85778218076526,nan,nan,6548.05,1.0,13.88468655302385,0.0,49.85778218076526,nan,nan,6716.44,1.0,13.536579167464883,0.0,49.85778218076526,nan,nan,6730.82,1.0,13.507659064352907,84.25425483237902,56.89488921942383,2.5864703707010124,5.341592499816134,4686.029649395135,1.1310383502460655,24.137763575496752,216.80331637087602,41.06249899169367,6.397204537245234,2.6337974271627025,5876.3656797980075,1.2792645473123652,23.200624540597783
10d32m06pt135s-28d32m14pt359s,10.535037499999998,-28.537321944444447,0.7802748022138457,9.528635969550383,nan,nan,nan,nan,nan,nan,1005.6187461090892,445.38976542887696,0.1087,a2811,1277.7966585621728,56.08314214359942,2.5790887107258382,0.3091880172845956,5006.846520434385,1.5478963330970685,35.10417603220536,-1858.409286598393,437.26635475321166,-9.682998851975341,2.278319227963361,4981.990781616517,44.89798052154974,1152.5261023989335,-52.75852534312004,32.74388410083525,-0.2882940321059818,0.17892589515813198,3727.20299301117,1.2002968332507098,33.315108414999195,-1643.8017258041064,382.99398609297447,-8.552160145580636,1.992591839054765,3761.952716869651,55.99074572593315,1911.4980893167547,0.0,33.95232958514326,nan,nan,6562.8,1.0,13.853480493619768,-114.62082332299148,121.667620267253,-0.7350731973494722,0.7802649121768406,4860.092064284491,6.006284729909125,156.22270199832224,215.07657291082572,13134354.602654953,0.33399320813357547,72236.57398243167,4340.478123428171,0.4001222575627861,nan,-12831.160014974275,8255.762222497553,-58.564441338355735,37.68124642032536,4146.986689317569,237.6396786378363,7375.865386552825,-48.65753053718637,63435.84238250683,-0.2622601981675376,341.9141171056015,3969.744584534974,0.49721350831308625,nan,65.971749024229,nan,0.08707885940016324,nan,3889.3921277788572,0.13076547192289956,nan,-3016.260825319389,778.1979394669281,-16.01631993430834,4.132224596127905,3861.2717032165633,94.78670209652054,3146.211288876297,-65.17727286695161,4572113.8155876435,-0.3554511553218144,24934.50656229439,4362.97737183814,0.40463695679513556,nan,-3651.200861379262,314.57391202538,-19.15718318689557,1.65051178702124,3842.3670488515454,54.96438338637337,1808.5830239007673,0.0,33.95232958514326,nan,nan,6583.45,1.0,13.810026928666252,0.0,33.95232958514326,nan,nan,6548.05,1.0,13.88468655302385,0.0,33.95232958514326,nan,nan,6716.44,1.0,13.536579167464883,0.0,33.95232958514326,nan,nan,6730.82,1.0,13.507659064352907,-1175.4665837968043,233.05010874725792,-6.345204954700383,1.258011690932242,4669.106014671662,51.242336696410064,1392.1266672481547,0.0,33.95232958514326,nan,nan,5875.62,1.0,15.473706908126772
STACK,0.0,0.0,0.5380600781437038,nan,nan,nan,7.548706110006725,0.006748634928211331,5.3440371790315915,1.0374989436646704,2665.3309704624444,2166.833822485611,0.1087,a2811,2988.4774868633954,126.86113158550236,5.3257648095273975,0.6175252655344878,5006.7868690566065,2.658469161596865,65.21211967446641,703.8183968953779,140.07775179704163,0.9738075299466216,0.5377313716415054,4959.005620454374,1.3493291223160495,29.615225861680678,867.4758377348712,175.21883485019313,1.094098653012377,1.1141198960599807,3724.878934996932,1.2626259139115468,35.90420060484473,1578.1732013891697,267.5509395515432,1.9958875695664147,1.70120880679733,3728.7777530424305,1.2626259139115468,35.87733614914895,1958.1773524615298,191.53505712077487,5.0661622874689725,0.9491251660474868,6563.029336376449,2.844754660141215,53.48792011486151,1148.5595472588177,211.8708034291113,2.985962765188324,1.5800596962172428,4860.909308982429,2.1021676131289224,51.91046225814061,418.42595970746544,147.9705773289038,0.512276705828869,0.6415316722172619,4340.709485684878,1.1089713071055445,25.228386720738087,815.2393911006046,152.06229058481392,1.1645193501885054,0.8714719224985454,4094.1588065928627,2.3951720500746854,71.0960051811519,32979.1325600759,2021.804041999081,55.64656028540677,14.95495448279123,3939.9362795493093,74.09996612434493,2376.087070157859,-238.51608042027078,179.90565654803285,-1.536228508395041,1.1587319308770876,3889.9863700540395,1.9326747391438706,58.97136585539802,-34970.69350671442,97027.27471990713,-151.6937333245001,420.8789720952672,3726.694336763266,156.13580358784887,5182.6329652287095,-344.73872986634143,11357830.979991661,-1.8513613883272475,60995.32170248504,4362.454603472284,0.6198713965710576,nan,1220.6340236088618,204.39627066330794,1.4427286070375216,1.1060091678802877,3869.772745669003,2.005043008501272,61.82894156483059,-37.31721679527361,54813632875.5265,-0.1873016147053318,275119176.2712511,6583.467009141205,0.3867421934325198,nan,-9957675469175.29,4.230709433600469e+16,-38441292527.41631,163325205203745.22,12109.21376262445,2180.565015238803,42395.52421199222,651.4067880942164,287.98327340662104,1.9562088577782162,1.6193599026013739,6709.210407329003,7.094060307169813,133.81169885410654,-97.27960920690907,120.8601225558032,-0.5213236379224244,0.6476921451907564,6736.926702474135,1.022711145605211,14.10289318819089,745.4154175499624,113.40519804987059,1.3650241081849628,0.6350357963007964,4686.380625233309,1.450717245773123,34.52392847198273,0.0,50.66180224600071,nan,nan,5875.62,1.0,15.473706908126772
10d51m32pt73s-20d37m36pt819s,10.859091666666666,-20.626894166666666,0.2309004709473259,28.863294379542012,10.936428017271643,0.06204669133041564,nan,nan,3.992374992713634,0.3099145549552919,153.94013041087598,75.19323763802078,0.2934,a2813,6472.24077440086,213.87245925377036,28.954938402225892,2.6134106452951715,5006.853447520093,2.207050176236713,53.22177880887119,1239.371246842695,310.793599616745,2.631630935539086,1.8310982812962917,4958.780979743668,1.4750325195464826,33.332630849405525,0.0,0.0,nan,nan,3726.03,1.0,24.400668213494743,0.0,0.0,nan,nan,3728.82,1.0,24.382410999599827,3730.872812356716,106.24207954963066,43.195957196053634,2.3561918054848183,6562.5487133858,2.0336840560806198,37.04029603753232,1931.5850929128128,116.4166368945851,24.300562761348107,4.201207032244808,4861.008012032427,1.8745973605553983,45.54147011872542,2183.8399055563777,207.3938941932023,31.505712584189013,10.60086027649529,4339.630291683219,2.7385471892932087,77.65601484038103,4517.380497341943,358.76810501291436,33.45926786750164,10.62105077123315,4101.113171987153,6.900683908067448,213.07968304020307,0.0,68.88046719403133,nan,nan,3970.08,1.0,22.900702702093618,-337.2641717865083,138.14281546756635,-7.6056042082759445,3.1152421945616213,3891.1016087037146,2.346232509373443,73.3069999582953,-2554.080090533195,3238.487511999032,-183.34564885669658,232.47610613409404,3885.767038459983,27.8078717737033,922.746538454727,0.0,63.5052470961542,nan,nan,4363.21,1.0,20.83732430562082,-1730.1049348470049,950.325396720988,-26.294759319883823,14.443388420576502,3901.4567969063423,40.8771675513359,1344.9601614543583,302.7393924158857,258.0003422330987,3.4916211074153414,5.681693548995467,6582.58524103038,1.6741796062104009,29.409371220707495,-123.500961920166,1448979.6857509576,-7.7400255297600795,90810.14095311974,6548.647303006875,0.7198676860154115,3.2654916200176345,630.4941805375689,103.22353007081708,16.38684999008106,5.017763439860956,6716.81060748792,2.9276358290284974,53.88374572062485,1237.0959453140422,284.65262020650124,78.54471113507648,33.73405472858052,6730.305779082897,3.181745626381697,58.706632748978,11.18111264624767,nan,0.04200816453533543,nan,4685.68,0.1948908690220866,nan,462.1636589245067,87.00397043206026,6.5567902586354085,2.6832038716718256,5876.296152182507,1.9799797966348316,40.13068712388358
10d51m09pt885s-20d37m03pt785s,10.852745833333332,-20.617718055555557,0.3804203608296717,13.046479043779472,nan,nan,8.013215051548224,8.202962215648604e-05,6.89527981359816,0.08112579213698819,64.22066487937245,17.41354342343408,0.2934,a2813,20289.89897803909,379.33476518025384,16.545217327379095,0.8448929641350845,5006.841737632431,2.4234879919131505,58.99610188951659,0.0,253.9397453374828,nan,nan,4958.91,1.0,18.334194769319836,33252.670502574765,343.4396478420413,20.076417972662796,1.0445624327611502,3725.9587392471967,2.4238532048389203,79.28884301421569,43938.44304904103,430.5738285474467,26.580725131244932,1.3095786949958168,3728.8039104186496,2.4238532048389203,79.2295170419216,36042.06236764858,552.9297930206791,60.66577037822451,1.7826608067210732,6562.791002146916,2.862537219069327,53.843751348634235,14137.35412700916,130.01257848384208,11.743988970455241,0.3097679847249584,4861.356956096577,2.1460469799395954,53.12758924827754,5786.6422310655225,122.58585402114792,3.5857449634751815,0.2690131573006884,4340.593364708354,1.9068587075831898,52.02525064520892,2270.002889260718,145.64666217837095,1.2716134280665017,0.3259885605387986,4101.751548618714,1.7933653305363784,51.24736232090508,0.0,74.56096353113509,nan,nan,3970.08,1.0,22.900702702093618,0.0,104.72606270122722,nan,nan,3889.06,1.0,23.37778840736009,-2094.3503350921956,544.1861367963638,-4.505297663895749,1.1706353467960664,3836.3208382358384,11.640045880971652,385.67392164466315,-263.70621360030066,297.9297275474035,-0.5396345214008514,0.6096677197747526,4364.5113464109645,3.4183119213506674,97.62614181923084,0.0,91.04246837991612,nan,nan,3868.75,1.0,23.500516131444996,5794.823948589615,1353.5496734751562,9.09308847175183,4.054885031491181,6583.5485755846885,2.833163601429751,53.088859253034194,2183.7214098600552,1578.0765177542155,3.9504592724653467,5.481082042097121,6548.057275140184,2.9703509224905935,56.12434448610663,7104.861420982147,348.9733014095369,14.582958838446924,1.3397322647835022,6716.5237758724425,3.173518751354078,58.672456864774034,3736.810004029269,456.08808670149017,4.787771367968469,1.0906504841674889,6730.850495071156,2.7389958970894153,50.08630654046022,-95.66847029442631,4.100817850629263e+18,-0.2358647381458405,1.0110314563886272e+16,4685.872166955683,0.23669892746203633,nan,1665.3468153344352,90.06787435417952,2.4249713629006893,0.28512275336574994,5875.853100811829,3.1825664254064696,67.26964946028204
10d51m22pt5s-20d37m00pt409s,10.85625,-20.616780277777778,0.38023914486809307,19.286479990908735,nan,nan,8.10340202770071,7.770967470868546e-05,9.56084438475223,0.2376245297574981,113.54526852016151,70.76858443830446,0.2934,a2813,21823.379060385465,386.6257690050994,24.931414906771074,1.2064305697839235,5006.840662259038,2.067457498410412,49.46484632510096,6717.7178128846945,647.2967181784861,7.286053577542606,1.9479332323780487,4958.891918871936,2.061424091091343,49.77829567473191,15775.927103177266,298.5110025177711,20.029192172571488,1.9091820861510218,3725.977878860452,2.1418780485856592,69.1645595121507,21056.73025076666,365.25245694651954,26.784502918224405,2.336039348108881,3728.6964653389778,2.1418780485856592,69.11280879180516,15996.346769755073,144.84092142638943,31.495867134192917,0.5462513565646111,6562.735430201606,2.4148370218201443,44.83352630807265,6837.654876118795,142.22248969923305,7.5305482006782825,0.44928016148409383,4861.1861424186145,1.9534348439109337,47.759851896292865,3034.360758210848,145.45396148643331,2.4351843468797973,0.41344896533170883,4340.341418110389,1.5396061021602983,40.220812067009405,2164.405494427028,153.33003374787103,2.4942821433376565,0.7061630080269062,4101.338037618281,1.895709129045478,54.6810310021543,0.0,71.92753919402982,nan,nan,3970.08,1.0,22.900702702093618,1451.2503003481663,136.45985023435952,1.4592175699263685,0.6205721692428688,3889.0953639752524,1.4248772751864234,40.627257232137794,-237.64960700371844,174.4033097258849,-0.8061459477421692,0.5916042663859515,3835.513002117683,1.2613653437806693,34.83007121963995,-7.403905817552908,nan,-0.02374650287574178,nan,4363.288758637126,0.23115507982977246,nan,1503.1557973158315,136.8683019543852,1.3607800039337812,0.5676995360756326,3868.5176171754642,1.6242206696077626,48.23017420827356,840.7387424089942,563.3718827414301,1.466279745298237,1.8758880814563015,6583.216537552838,1.674280237697886,29.411513451758694,-141.80708095035098,3461620.571891799,-0.47519120590380803,11599.78502423734,6548.212841529253,0.5996414104846813,nan,1791.952675975511,152.20622457712471,4.26298617448866,0.6772645501301793,6716.481338382109,2.372140749614008,42.96163581534303,1265.6009764871753,163.82226952193193,2.80642231255044,0.678016551787849,6730.747869954259,1.893005484837154,33.26732954033223,10668.128979065461,507.02102133828134,13.204169169820258,1.9067435313672159,4703.1272023387955,52.26794007795456,1419.9949063337779,816.9742403771752,101.26292978122747,1.3000399012843211,0.3503448510732529,5875.4539121259495,2.8616315279341045,60.12077980239442
10d51m29pt295s-20d36m50pt04s,10.8581375,-20.6139,0.6517582892132683,31.68321534250361,nan,nan,8.077251890418454,0.00022919226936666856,13.257493639542863,1.5371529029027564,285.62175515637085,189.37706895050485,0.2934,a2813,2322.585068403533,96.06939104682527,33.52865801592361,3.7880708044889952,5006.827105709692,2.12479883581589,51.01170086636355,486.21690363560145,88.60575394413624,6.658788901552305,3.3666303477643056,4959.1125329988345,2.0111561540556724,48.40399725325015,2665.6128922779817,234.89929961230803,31.788215706311213,14.109481132579772,3726.169748472629,2.7607869824737485,91.24742490415998,2307.45189924837,277.45120711449886,27.564222780589873,16.665407595742302,3728.624233740714,2.7607869824737485,91.17915121020785,0.0,54.856596057734215,nan,nan,6562.8,1.0,13.853480493619768,586.9787287964194,61.50427206526653,7.72048575690503,2.3203056997892224,4861.264576877143,1.01790767468183,19.35344541587844,-8.846832675500606,38767867983976.16,-0.2413474605833994,1057613140584.8783,4340.007649965948,0.2556416789929637,nan,-65.67234076318333,17163843.94395521,-6.910240622974544,1806031.128014961,4101.388304042504,0.45731384366666095,nan,-2442.0166476905133,369.4778228695654,-82.96529055720796,12.55267238157788,3996.0427052951877,36.610200536566694,1173.779249331915,-169.01576189568686,109.82894105698361,-5.8707269053919635,3.814885144569442,3888.2430526877947,1.5839507335428118,46.51314779507829,-112.82831829354963,57.847650442098434,-36.78395755872518,18.859321408992127,3835.159950376526,0.8467478401340558,15.814225712549861,-19.31995510956196,nan,-1.3446769055304197,nan,4363.424592213858,0.20538717289855624,nan,41166.54184031225,5583.969547981757,249.78065132889301,149.96690099364295,3924.041265106382,103.83258129175012,3416.7727427977497,0.0,54.856596057734215,nan,nan,6583.45,1.0,13.810026928666252,0.0,54.856596057734215,nan,nan,6548.05,1.0,13.88468655302385,0.0,54.856596057734215,nan,nan,6716.44,1.0,13.536579167464883,0.0,54.856596057734215,nan,nan,6730.82,1.0,13.507659064352907,-247.49736927439085,108.67766539848513,-8.464451989934643,3.716794581859997,4687.424920479277,3.8568487633821587,103.0503684122687,0.0,54.856596057734215,nan,nan,5875.62,1.0,15.473706908126772
STACK,0.0,0.0,0.41082956646458973,nan,nan,nan,nan,nan,11.403767223670865,180816.90949159832,3919.1752537907137,3581.6834876802063,0.2934,a2813,6342.211494413818,407.9656208025664,2.463482643243759,0.43281672297108637,5006.947039537775,1.9739112041111562,46.92911182325014,1707.5220296815562,340.18996354183145,0.6809065823371624,0.376429682759907,4958.606382193966,1.5336597880446603,35.0331906347154,0.0,0.0,nan,nan,3726.03,1.0,24.400668213494743,0.0,0.0,nan,nan,3728.82,1.0,24.382410999599827,4126.240596772538,233.2965157087791,3.402180333888658,0.3684566997097726,6562.635314451373,2.1702519684477024,39.85012664918892,705.8837107255658,11192416.376916103,0.2747029572017128,12495.350905874975,4860.758156280013,0.6453662092701004,nan,5930.362130600143,451.23326674689145,2.374669649612103,0.6402242204330163,4339.471495040923,3.2776593460102204,93.91906815602982,3976.954048405517,679.7169472057004,2.107179908713769,1.4410367430677973,4099.11626044388,6.439384994491372,198.68221349718806,-350.9308697407841,351.6146330622284,-0.6041946640854996,0.6053718935227935,3970.7782338772345,1.3631133936997737,37.507590855736176,-169.85994198392973,nan,-0.43974803134157564,nan,3889.331146514173,0.2215022882714061,nan,-225859478.6250076,nan,-621869.9387769558,nan,135377.5867881338,2003.7094896981541,66510.0146553751,-686.2671429236243,8114816.751237835,-0.9376181091129233,11086.93490071441,4354.046510355124,0.676392563136781,nan,-31353.72039712551,74266.24533957404,-57.39777932704996,135.9557177731363,3940.3489020594484,92.18466177833167,3033.4612948060617,2173.1007262853077,295.2594341225201,1.795039038216743,0.4651998404639557,6589.254758549064,2.5132495534363146,46.6778081724678,-681.2392129798191,525.4146203406696,-1.05047562934815,0.8101930180396627,6551.8414384202,4.754777252758468,91.43721778411916,1879.8721375253108,205.15887511542334,1.4835455431250189,0.30275316652005263,6718.211270343477,3.126995340304099,57.76799274758565,1193.8003297268851,454.0008125884907,0.9425666281233169,0.6690496279195439,6730.59046959478,3.752791391838487,69.73643488473596,-1312.510570375498,728.5380824813983,-1.488877343880131,0.8264343690962457,4689.458374597922,7.2725061815803285,196.6768694609392,746.8088149118596,152.6992151695747,0.5074100389965118,0.2255106371370476,5876.712828257124,1.9174079177217342,38.6779141726479
12d54m32pt97s27d19m43pt228s,12.909158333333332,27.328674444444445,0.14902209239798458,31.042989320499256,8.74268531819491,0.057801242461095276,nan,nan,1.5980329587336812,0.22467153966679088,4826.119357530758,4145.086318284247,0.364,macs0051p27,2752.8234634444066,262.49592040874415,13.345808284437874,3.475982221818585,5006.82739677015,1.8015160717007597,42.20815157953878,817.5203783219582,310.9961869134764,9.5026312746989,10.032945108402926,4958.002419117136,2.5646611890602413,63.34258407425155,0.0,0.0,nan,nan,3726.03,1.0,24.400668213494743,0.0,0.0,nan,nan,3728.82,1.0,24.382410999599827,6484.212734804691,174.45990210371392,72.29720128460907,3.725907228057989,6562.682116102283,2.691595382436795,50.41692831726337,2234.2116426657362,183.87919213696034,28.497588308507336,6.727458910268937,4861.152359518579,2.2148547112784422,55.03029272983207,92840.62460912234,11691.003253216046,202.25891165591474,89.87509824883547,4348.2812612622965,158.49289457911792,4648.713504626092,0.0,75.9191309160815,nan,nan,4101.73,1.0,22.16567686891332,0.0,75.9191309160815,nan,nan,3970.08,1.0,22.900702702093618,0.0,75.9191309160815,nan,nan,3889.06,1.0,23.37778840736009,0.0,75.9191309160815,nan,nan,3835.4,1.0,23.704860453545347,0.0,122.07351640147702,nan,nan,4363.21,1.0,20.83732430562082,0.0,75.9191309160815,nan,nan,3868.75,1.0,23.500516131444996,-104.6175040257069,292.5469600879557,-37.602523257174155,105.14974499697372,6586.016863005734,1.6342614158637303,28.557381919003113,-94.51759862557118,8836773.074922334,-3.011940909783719,281596.6414918321,6548.060299774476,0.6791580771338053,nan,16464.06698914585,5716.220853883551,199.83643636033563,128.98948200055895,6757.158753731421,135.4601408028031,2567.612985639388,17193.813446883807,4185.349389152159,169.11337666053956,76.68098821368852,6744.062349763614,145.78264256553894,2757.3748754754265,-30.003853057702813,24929836.254379317,-0.6458401486124326,536620.717360781,4685.603150113713,0.6329945869414851,nan,-3357884.3068226166,10859691418.419504,-99833.99250001964,322871859.94353336,9833.559350990863,3752.0551042434786,81297.74114064152
12d54m48pt795s27d20m21pt085s,12.913554166666666,27.339190277777778,0.77698208856646,13.953982976935464,nan,nan,nan,nan,nan,nan,500.5191189552048,222.68697868773393,0.364,macs0051p27,2281.916175552356,120.69877446996517,27.977834009478453,4.042066928906286,5006.84329044011,1.7444577419236513,40.628984674837284,311.4290624818524,97.49704017486438,9.697939915214059,8.423851357359196,4958.899878269413,1.1049853978454072,21.949937164535783,-1.7559576035342057,nan,-0.10616569706684402,nan,3725.9977799408266,0.12468136763865258,nan,92.49532204283261,3.88342036450135e+18,0.2864893845718397,6.048477619508678e+16,3728.536138132048,0.19777758058421105,nan,0.0,72.10716246078984,nan,nan,6562.8,1.0,13.853480493619768,-181.32460434209202,1425054.617141168,-5.627604489831353,44228.10567146451,4861.664836757807,0.4627900923296416,nan,-6578.66530489405,1784.103606209738,-97.25782680854755,26.375872840371887,4303.485665234742,56.745493622535186,1664.2767753485048,647.0352997507927,94.2343915149965,4.635610947661888,2.6986939208950878,4100.938354580996,1.8039971157231263,51.605595184856526,26824.57665037943,1859.4438871927618,1664.050122061374,485.2788554670368,4009.6537203762123,82.79068352059386,2654.786893407982,-158.12387578167562,57672136.872091316,-4.58282595133185,1671482.9700424753,3889.4634510648675,0.421414230849461,nan,27484.41532905273,1078.2190249128337,398.0706840729104,71.87588397129755,3861.3712357971926,72.48738221720214,2405.993668356453,609.8897241024379,124.76356477781745,10.378028950905252,7.439958732224248,4363.136971834296,1.5834256933901003,41.441485796154865,-200.97859605948858,14345314.094047207,-3.0484850148370097,217592.69845774415,3868.3717776683657,0.44111184766350414,nan,0.0,72.10716246078984,nan,nan,6583.45,1.0,13.810026928666252,0.0,72.10716246078984,nan,nan,6548.05,1.0,13.88468655302385,0.0,72.10716246078984,nan,nan,6716.44,1.0,13.536579167464883,0.0,72.10716246078984,nan,nan,6730.82,1.0,13.507659064352907,-1253.471640162069,423.7122252145869,-57.797525582628424,19.537353213149764,4659.61203378007,38.41472231957967,1043.5564242346989,0.0,72.10716246078984,nan,nan,5875.62,1.0,15.473706908126772
STACK,0.0,0.0,0.4630020904822223,nan,nan,nan,nan,nan,1.1697595639105511,nan,184.51120162117098,146.08257708537127,0.364,macs0051p27,1874.5519284006818,357.22447135973584,3.902731710696853,2.0314112766586905,5006.84900824731,1.5906072609214772,36.31764657687693,4.195519178132612,nan,0.017860151398994977,nan,4958.91,0.14767868341609414,nan,0.0,0.0,nan,nan,3726.03,1.0,24.400668213494743,0.0,0.0,nan,nan,3728.82,1.0,24.382410999599827,6815.18795058757,271.64935458161455,71.77898723701837,5.4802771433994995,6562.650732121317,2.714840230010235,50.883773522288095,1606.0971036629865,305.6750345198569,3.1176812145270048,1.7019455730398836,4861.210941319261,1.1628258256621622,24.31659677081491,0.0,158.81879379544318,nan,nan,4340.46,1.0,20.94654063936261,766.2885599344659,nan,1.3560738016066092,nan,4101.73,0.9645607850081038,20.597213681653056,0.0,105.0010163957929,nan,nan,3970.08,1.0,22.900702702093618,0.0,105.0010163957929,nan,nan,3889.06,1.0,23.37778840736009,0.0,105.0010163957929,nan,nan,3835.4,1.0,23.704860453545347,0.0,183.3302014806969,nan,nan,4363.21,1.0,20.83732430562082,0.0,105.0010163957929,nan,nan,3868.75,1.0,23.500516131444996,-611.4249453888557,659.9425247706622,-16.109695541992174,17.388026493599412,6588.670734818388,6.5936141846652605,126.78611129453299,-760.3219681661627,680.847095566642,-27.75387321539618,24.852818622357226,6528.9413271786,7.9797825356876455,154.54843698705716,0.0,126.26445535356845,nan,nan,6716.44,1.0,13.536579167464883,0.0,40.70827673837605,nan,nan,6730.82,1.0,13.507659064352907,-0.9389540652192504,nan,-0.03973552270829044,nan,4685.68,0.10156199196475506,nan,-12358.608808122895,16393.042992585695,-156.62792260166032,207.75868132995683,5938.324281190688,132.9735679940079,2881.168001884686
16d23m25pt32s-24d39m00pt368s,16.390366666666665,-24.65010222222222,0.2006489752163252,19.09941824871568,nan,nan,nan,nan,3.052650090520436,0.1407447765173358,38.35048234684525,4.426418064707473,0.216,a141,33497.95542009767,675.6439920220974,25.95143952921845,1.429709466502336,5006.839848535192,2.4977855362999666,60.966726039173516,7442.766165134509,1662.6816961846077,3.924370645637362,2.432491975918093,4958.846061634564,1.8874495626508292,45.00080522938775,0.0,0.0,nan,nan,3726.03,1.0,24.400668213494743,0.0,0.0,nan,nan,3728.82,1.0,24.382410999599827,33402.244245967384,486.6945826819201,71.83831567404778,2.0049349336169784,6562.810714794407,2.8226981765073247,53.04636755864192,13411.534362345583,191.58535475531284,12.986911332440032,0.5321120087674989,4861.293063686572,2.395914247874073,60.00732698417012,6780.6593627572465,116.7734877390936,5.858674953781779,0.35736357682353875,4340.307877863993,2.185355099297641,60.72143143531881,2661.8201610647384,1881.8325608946311,1.6899096058341192,4.7737329794930945,4101.670021897651,0.9807429129175328,21.320675239246164,0.0,64.64174778040348,nan,nan,3970.08,1.0,22.900702702093618,0.0,198.79787366105603,nan,nan,3889.06,1.0,23.37778840736009,0.0,198.79787366105603,nan,nan,3835.4,1.0,23.704860453545347,72.6412100934504,753723479668.015,0.050307893785430415,1829162174.6309142,4363.2966456385975,0.39529593988040207,nan,0.0,198.79787366105603,nan,nan,3868.75,1.0,23.500516131444996,2942.514672217852,834.2109679634927,5.294935387230932,2.8658756780607044,6583.457616165388,2.4986072425053574,46.38291771631257,1307.1220393036906,1601.4801834081957,3.1318643206069545,7.367155255860877,6548.006125992954,3.244340790754376,61.59221855496633,5380.858553583968,483.9233636297444,13.157412186636577,2.213212757268521,6716.64812785913,2.8937552567679896,53.22212067943923,3978.556516302556,255.20109962146205,9.675757781298461,1.1583528958120703,6730.936741726525,2.9358838189246574,53.929279427868146,394.30358709341607,92.68225804145538,0.368091233865006,0.2646835089471263,4685.2881972114255,2.090570035522026,53.52211288549739,1259.7820513966901,57.245120308376464,2.1468876017210334,0.21209518088526982,5875.654025844607,2.6344784354008364,55.03071827934436
16d23m23pt1s-24d39m06pt476s,16.389749999999996,-24.651798888888887,0.21562811101515766,22.353317459365158,nan,nan,nan,nan,3.8218509972502517,0.1413025958007892,47.89726968753471,7.448462726799392,0.216,a141,22721.5985230307,389.7151757654222,71.16073292172082,3.333767857289136,5006.841373523963,2.456094276570706,59.86157831343093,5308.208608612905,881.6491477237537,6.523768429892511,3.0064792995399636,4958.809824188484,1.9082878090212319,45.5763671730121,0.0,0.0,nan,nan,3726.03,1.0,24.400668213494743,0.0,0.0,nan,nan,3728.82,1.0,24.382410999599827,16708.13049440367,195.69316722378153,217.55276871845538,4.880677746786783,6562.746618263431,2.6424484090177005,49.42889619043555,7334.09208046324,99.56208141194513,26.544966840556718,1.0336009312968544,4861.2287199925595,2.4756966717868782,62.18874219856974,3507.6571961392196,102.1710469751308,8.983888640019593,0.9268640849473525,4340.295926804848,2.2011084067816755,61.20899206524996,1534.6288942701678,84.79449483156523,3.7313828515519507,0.8239283153843954,4101.403460238614,2.0447251627428487,59.62962901962938,1815.153750614263,152.121965564827,4.192019657205065,1.5141931630097862,3968.29021746211,4.1884118285546545,132.4224104829988,0.0,113.69713824158104,nan,nan,3889.06,1.0,23.37778840736009,0.0,113.69713824158104,nan,nan,3835.4,1.0,23.704860453545347,-59.61214616358316,114.66229530380389,-0.5173082160488344,0.9950278802059168,4361.736484116031,1.477755305755353,37.97369819863717,0.0,113.69713824158104,nan,nan,3868.75,1.0,23.500516131444996,1601.2552631851088,747.1101487732705,25.076134296265074,22.338695439730387,6582.966530638666,6.265292539910441,120.399065770014,429.2531465005213,456.61093716370567,5.503875805955469,11.240860838589258,6547.910343810559,2.905449378193512,54.82507570075829,2191.811428069929,125.43431202721011,25.016614898815906,2.677857189174276,6716.371478183376,2.92740627766386,53.87926458729577,1598.539993579685,146.27795818518206,16.91580322892877,2.8890430216619443,6730.827058302655,3.0271526139091707,55.70523656777303,357.85477214011297,509270.97459962463,1.6360542394784452,7122.011646606665,4685.54386818335,0.7140261339117286,3.8263796797012146,1015.2608323007745,61.227963004749036,7.202074615237085,0.9441494523267482,5876.384378730752,4.191823820031842,89.55108328527805
16d23m11pt7s-24d39m07pt602s,16.38658333333333,-24.652111666666666,0.2159182761969547,19.99496830304603,nan,nan,nan,nan,1.8071162525797702,0.07168126098466351,135.89742496770475,88.43936766998979,0.216,a141,25898.589021371976,513.4373413332787,13.18660198312418,0.7140538663208378,5006.839779698587,2.3438713987421105,56.878264348630076,4544.679755208157,1038.1629650224986,1.646683900242799,1.043674818534807,4958.942919815621,1.4391795733414379,32.28310900900433,0.0,0.0,nan,nan,3726.03,1.0,24.400668213494743,0.0,0.0,nan,nan,3728.82,1.0,24.382410999599827,45781.017211901024,1011.0406915403136,49.768600354363265,2.105304209736236,6562.62359312115,2.5882024698587682,48.33674100972666,16846.32559367472,189.13126820258768,9.003109719596017,0.28991550746428596,4861.244139553626,2.223439550531883,55.26721087778099,5659.861146625887,225.3838089749921,2.2387074343889917,0.31575601701369654,4340.313778864513,1.6972062281836584,45.349490323478406,0.0,113.65757971355212,nan,nan,4101.73,1.0,22.16567686891332,-13463.038534470272,1139.7447748487866,-17.895649564486316,1.514997749685248,3968.1290240274648,57.67871251198941,1849.4700080477635,-1968.9373497911738,275.6262936200095,-3.271868729659131,0.45802018599667566,3933.62353827326,6.745880035178975,219.6373097589352,0.0,249.28495752196113,nan,nan,3835.4,1.0,23.704860453545347,784.194942358682,9328611.55157292,0.3225416868802682,13436.038610384901,4364.763778027218,0.6453112743823733,nan,0.0,249.28495752196113,nan,nan,3868.75,1.0,23.500516131444996,6852.969838332723,1151.7640367670542,6.798619529716696,2.1815163298547033,6583.259399891989,2.50811829818915,46.57448326648431,1768.3311444958438,1038.9275966999485,1.8256252502385677,2.05945573536452,6547.608621235002,1.9403613602921574,35.18493803700058,8313.99305382264,404.4950933067028,8.902979558809651,0.810209264050307,6716.17936650726,2.6725355921039387,48.88938053763379,5824.660151075594,475.57876963140905,6.031655345221767,0.9192073482323808,6730.53242142478,2.5858207303265766,47.083326394781615,179.27278136999175,121.67375351773123,0.08222527462383976,0.1706758872542987,4686.0149268672285,2.4224841435937647,63.01124927954101,1288.8914133616167,104.03017935918042,0.9935553983199373,0.17436003731860364,5875.292523173544,2.4923271777987046,51.8288557963364
16d23m19pt305s-24d38m41pt64s,16.38869583333333,-24.6449,0.33072184958064144,10.149626123150535,8.230412776495838,0.17192538772049618,8.038612573064254,0.00014094119524839856,8.558479708444853,0.34795223041481077,990.8923894357206,716.6413688450497,0.216,a141,6126.126418781926,169.7048453378187,5.089056149180309,0.3850627925118394,5006.844799335922,2.634021271074419,64.5675149890469,1101.9131644272322,307.91326791705876,0.844468804575266,0.6547855769003221,4958.652839165989,2.0049140428072776,48.23301824404591,8313.980553949383,159.48162701225047,3.375849898426673,0.326210431519759,3725.995681526472,2.559835403778773,84.13016158307279,11827.109486364352,214.6360087530057,4.812165596278837,0.4390255250507225,3728.9246804816567,2.559835403778773,84.0672132104464,11136.804683079128,106.43156186547388,20.11580136025876,0.36822278524378693,6562.807665896869,3.7126709444766424,70.72947434999001,3197.896186692729,119.33010568207486,2.609953957480204,0.27933836457428535,4861.301429525963,2.475974549074219,62.19632888866745,1381.541463028703,69.14798602066661,0.8898628430686488,0.15772962774382335,4340.621868696157,1.7721531727392872,47.7521935390155,-67.96006851162578,34718622.08743712,-0.13898147673852088,71001.18457375003,4100.937241245936,0.5470220301968461,nan,-4638.970985537771,842.5111351036427,-9.593378423400223,1.7423105620137331,3990.6556991017105,59.30966955545671,1901.7743026126043,809.8473488418366,81.42909425396377,0.3867383547770999,0.1759372406503921,3888.5263598777583,1.593720881808542,46.86941925349042,3399.7378933747154,275.18248895849695,1.616828188428123,0.6212079043543038,3813.6946867435595,18.042822358068506,598.4525162250818,65.63558323377406,14809.561884890934,0.04064149409381789,32.140100294532886,4362.860775667416,0.7408552551547447,7.079311200236522,1681.5972955182679,109.58108129826266,0.8254903990964985,0.2463524561190223,3869.246413883831,2.768360199617066,88.13887352911648,1044.4182533584353,1046.1030275457979,1.9033941701492472,3.6404951737638434,6582.114118748437,1.925740079386929,34.69241217222256,12081.12992419412,191.50151413404782,27.717446657133408,0.8415528171541549,6562.807484773427,3.9280686384876766,75.1488376968701,2220.4415178654504,139.4650964642474,3.946902619316942,0.4636792094446147,6716.535380799652,3.585976970846519,66.66458604667358,833.3592441121854,269.6756852222207,1.3852935083801758,0.8367599577240507,6730.155243982789,1.7073364499740684,29.454433388672367,10026.687756515836,536.2445130616319,8.192199324835585,1.3523254009965913,4662.246218860624,64.15790007915645,1743.0692558594285,-115787257.7663207,24213171171.820854,-317974.4553049081,66494103.60941905,4695.7406066018975,681.4270053344866,14764.827935925729
16d23m41pt415s-24d38m36pt656s,16.394837499999998,-24.643515555555556,0.576182279389597,32.23426857304498,9.380132613199333,0.014514629873972385,8.08498243541807,6.563087233961734e-05,8.328161539387098,0.11256894276220898,47.600326288484666,7.842922660788064,0.216,a141,37502.687621985075,848.4822919714743,50.77788475517751,3.1379041899261106,5006.854368588176,2.2726873352420465,54.978777270298025,9609.52737358977,846.4858304800377,7.578902450947286,1.8523205105432288,4958.946849874559,1.8607037808665394,44.26058232542344,31769.881500869,220.51719757232178,26.03063249995404,0.9101134338645818,3726.0916850221333,2.1718310264922107,70.24655814633589,43938.0416467955,277.9238430543256,36.0699384074009,1.1470408019857832,3728.8483452172754,2.1718310264922107,70.19399784650155,0.0,205.59530880043008,nan,nan,6562.8,1.0,13.853480493619768,14747.5691438471,131.18726301874145,24.601926430375947,0.627698160876744,4861.31176067059,2.2315740259390875,55.49160734774626,7320.70661385701,74.38930435484603,9.205073229857032,0.3312789625286733,4340.452405393419,2.15047414964697,59.64043063779982,3482.035949553244,85.90772264096643,3.5141252058230283,0.34641098269863235,4101.741650751847,1.670887721009952,47.09078256750807,2243.0638520426123,88.85431055991413,1.9913010591777653,0.3397275928426583,3969.5432737665537,2.289760364275002,69.91135881196904,3440.908981051024,188.205236508457,3.3843385192086255,0.8373383004833582,3888.878058865322,1.9368117933855757,59.116635693497415,-418.46154381360896,235.78236887741943,-1.4755122968660523,0.8313781512448881,3831.299397044868,4.551355476925,149.27766272466627,732.2789697676452,223.4158818154019,0.8878529171594265,0.9487630968174833,4364.331200287866,3.0580682292555936,86.85951034234246,5168.931511374269,138.48437727352564,3.8199839512647285,0.46880385700718796,3868.8888056987344,2.253315476202786,70.48181314954601,0.0,205.59530880043008,nan,nan,6583.45,1.0,13.810026928666252,0.0,205.59530880043008,nan,nan,6548.05,1.0,13.88468655302385,0.0,205.59530880043008,nan,nan,6716.44,1.0,13.536579167464883,0.0,205.59530880043008,nan,nan,6730.82,1.0,13.507659064352907,-2.936764327053958,nan,-0.014314182420581963,nan,4685.639191799237,0.12819231728893576,nan,774.6358574562414,87.79901587741315,2.070539198946007,0.5102092294269475,5875.714998698556,2.229475592120283,45.864376698931466
16d23m28pt59s-24d38m50pt08s,16.391274999999997,-24.647244444444443,0.5941523750280886,17.66152375757375,9.333443383965491,0.11926703476061823,7.9875329017040055,0.0006506248958549947,nan,nan,212.04535753972488,162.94154182890793,0.216,a141,1154.4614305325613,254.6047177306887,2.9922528557920227,1.8024808941806425,5006.849535072823,1.5074824704638285,33.94801997397985,574.4984401607807,72.11223407371077,3.0493501837534556,1.0619984196419827,4958.91683462356,2.5257711061745933,62.30410924158459,3600.440561980583,93.21048715818706,12.29393655196533,1.603150492067564,3726.1237914295766,1.8925639666030352,60.0789333319735,5177.8147475528685,117.64544616336185,17.713082518046935,2.0234134661931744,3728.803694052782,1.8925639666030352,60.033980713183595,0.0,37.41327585595929,nan,nan,6562.8,1.0,13.853480493619768,0.0,44.216405849921784,nan,nan,4861.33,1.0,18.702211490174054,829.6543489122118,58.15696837453248,4.006449490602213,0.9947097109467226,4340.339478200645,2.2809966672615962,63.67565823439961,268.5369236033014,50.72186250490766,1.3029853216227298,0.9834504239868818,4101.5455845535525,1.4342694047550346,38.855119179259546,-7271.834442104097,1194.7754072748899,-60.943557545188625,10.013135525368867,3987.4581070114546,110.52871109508334,3544.2970765966525,327.1674933749655,50.88202536465164,1.1978464652573253,0.8415186822751681,3891.0917755870923,1.2188566940975387,32.66354508010244,-233.79852822213508,109.52326830228837,-3.31982098833359,1.555175079953322,3836.146630045084,6.48114151714908,213.87294911158014,439.4976710073004,83.91484919296764,2.215320990884692,1.4827781291540465,4362.450033465847,3.3337886579439138,95.10511931639984,787.573064763617,75.1584215161107,2.3497765029645556,1.026814733314673,3869.437534013675,3.78602169599098,122.4397642937537,0.0,37.41327585595929,nan,nan,6583.45,1.0,13.810026928666252,0.0,37.41327585595929,nan,nan,6548.05,1.0,13.88468655302385,0.0,37.41327585595929,nan,nan,6716.44,1.0,13.536579167464883,0.0,37.41327585595929,nan,nan,6730.82,1.0,13.507659064352907,191.17410149010692,55.72666470360116,1.1874297826653244,1.0585123361034947,4686.196555370567,1.0958980365463769,22.909882655924605,0.0,37.41327585595929,nan,nan,5875.62,1.0,15.473706908126772
16d22m47pt115s-24d38m29pt905s,16.37975416666666,-24.64164027777778,0.6856885987581363,29.81639333389075,nan,nan,8.114629607408789,0.00010315873696071244,10.022944874643398,0.618882849622912,4872.453444169917,4298.444164480314,0.216,a141,5100.017373932363,111.48008457624003,27.750755171204982,1.6568659775135883,5006.838282699431,1.9427386374071263,46.08040350380468,1564.4862582979147,176.57587010500234,10.886663389114128,3.4091662142706025,4958.935557407503,1.6054688665329215,37.09310121930159,2723.7765404929723,100.93937462150402,13.275650382243015,2.4779246079463024,3726.2261220647897,1.8315563797752326,57.82937949191908,4817.127258368952,149.99194698173744,23.52407907816813,3.682098663811659,3728.998236708586,1.8315563797752326,57.78611004775646,0.0,44.14605473645558,nan,nan,6562.8,1.0,13.853480493619768,1417.288791743216,83.06047843395132,12.346873094450649,2.075302259373625,4861.458324629178,1.8944252905509809,46.10074625886597,-12585.49198561392,10678.772496884641,-165.5333034604458,140.45477843317224,4412.65250853012,194.84321444481841,5714.914056479162,958.8840522449353,76.21800641315069,4.770140949861321,1.5152516692938995,4101.374926075489,1.5820746846225273,44.03657313826505,438.71855391943706,52.009754392300515,4.937828804638579,2.5227357597602924,3968.455428981193,2.464048490385168,75.76010108599421,-1207.834652121124,266.1149153319599,-30.451656904035865,6.709229681814715,3904.819001120799,52.47348615520172,1717.5904124497708,-286.0559299423965,100.2248539554595,-5.7625758932742395,2.0190223898765702,3832.615289055814,4.833936698366217,158.7637394646293,-3538621482200.203,2.956861876631183e+16,-63388203757.2412,529669997372473.7,12375.934161882516,3179.955463816291,92785.02520129192,481.21408656160656,66.40946630928421,2.448582883323449,1.54806003307926,3868.7008521920325,2.3475348076608062,73.73674276608477,0.0,44.14605473645558,nan,nan,6583.45,1.0,13.810026928666252,0.0,44.14605473645558,nan,nan,6548.05,1.0,13.88468655302385,0.0,44.14605473645558,nan,nan,6716.44,1.0,13.536579167464883,0.0,44.14605473645558,nan,nan,6730.82,1.0,13.507659064352907,-1426.4495965117958,301.99894707679084,-35.03347831656585,7.417067935602293,4665.552558716568,52.36895092535961,1422.7396212555007,0.0,44.14605473645558,nan,nan,5875.62,1.0,15.473706908126772
STACK,0.0,0.0,0.4027057807407001,nan,nan,nan,nan,nan,4.132059780313644,0.8760815607216609,63.815501584771674,17.83744322984737,0.216,a141,34592.96442412821,1329.6643635036921,6.538076479795819,0.6864191478918688,5006.851082025859,2.5534794135826404,62.44061624998107,11953.63348228579,2625.645838567105,2.0402633674535724,1.2429667200669752,4960.025034962465,3.894487360028122,98.35487033664347,0.0,0.0,nan,nan,3726.03,1.0,24.400668213494743,0.0,0.0,nan,nan,3728.82,1.0,24.382410999599827,29484.026168081255,3156.332079073847,9.536703003123797,1.9554995003667732,6562.806767039389,2.6049388293331064,48.673888113041144,11264.744553836266,2279.676630574917,2.0503196710973888,1.1901073233072994,4861.2976437907155,2.260333647039154,56.28425776554364,6478.444266120202,263.5505676502351,0.9510764250674115,0.13704539776292632,4340.223204281909,2.210114109101347,61.4875392087348,2660.926571958653,475.9414718128542,0.3191780833282096,0.22812001205359017,4101.596826105541,2.346805307288323,69.52474272637349,4552.278496972638,487.3292683815793,0.5938413796472114,0.2738435750491321,3969.2268491056493,2.4613489938396307,75.66981104892254,0.0,511.65060552156405,nan,nan,3889.06,1.0,23.37778840736009,0.0,511.65060552156405,nan,nan,3835.4,1.0,23.704860453545347,358.92762080884455,10319867763046.059,0.051246716862763164,5163288737.139175,4363.266737780801,0.38336998696753843,nan,0.0,511.65060552156405,nan,nan,3868.75,1.0,23.500516131444996,3574.8429301903006,1673.5687626853864,1.2863874236415405,1.1497467238456431,6583.393909221077,2.7887499241896467,52.2020527264268,1739.7837029526675,7183430.565554799,0.6279672923958324,4978.032842454753,6548.111761548428,0.7218895720110531,3.4300666713092043,-28564.596557519682,4539.905352505565,-14.09328673306367,2.239912184476066,6678.376331606989,20.433211171076433,387.084220410836,3821.452410855325,2010.7013144689074,1.483623229395121,1.4569198314769667,6731.0287965060625,3.5280497440439302,65.4046413643048,989.8217026840023,299.9826513800976,0.17117128534098316,0.15861256841592186,4686.715113812961,3.2302814324049742,85.68140750214292,2536.632509200756,180.69943872894737,0.7298698629845731,0.11303789698241752,5875.643735989873,4.244371577575539,90.7056733657287
22d58m08pt31s-13d36m35pt054s,22.968974999999997,-13.609737222222222,0.4161413873607225,22.67086897038117,8.823491564814361,0.06445639965776055,8.213015896886676,0.0011614691618580706,nan,nan,344.87524109822607,170.25690801703263,0.206,a209,4041.2908105719166,120.94707871649365,7.250585556174802,0.5927002230028341,5006.839786246152,1.6570107834798284,38.18901581592545,1379.7354045471743,177.81507384229343,2.93946557171671,1.0510506800541035,4959.0138478298995,1.7799585639368585,42.01482038377115,463.55403155830703,202.3434167074695,0.8091731189270783,1.780443195918433,3725.0570601408326,1.6231390203887235,50.03659931852474,1512.8516309223876,526.8711535027314,2.6473353322804445,4.6360003979561455,3728.5905608257744,1.6231390203887235,49.99916063494692,2391.0574469413978,133.9684408460358,6.755572361089095,0.7250541902025972,6562.340731574464,2.3181905601958213,42.87083766548163,0.0,79.85132642879489,nan,nan,4861.33,1.0,18.702211490174054,0.0,73.69429151023995,nan,nan,4340.46,1.0,20.94654063936261,1159.1548023847558,82.11521492085727,2.185751534217152,0.6186105731594607,4101.915778309972,1.0026874374154566,22.28232856968215,48427.92717961889,1946.0992458035635,146.5561599784652,25.634090631958504,3951.8105670175746,88.83851615467265,2848.7316094775742,2035.502624126479,145.41214688419103,3.659649269302399,1.1819586660287922,3889.743706842045,1.6926730402629215,50.450227282971404,1855.405639120004,158.7601331343044,3.4297841514627976,1.3734325666992602,3835.426807049395,2.154638915327006,67.64029716247603,1246.3778606640788,228.32524976212605,3.609960542479424,2.316827166883915,4363.795042947934,3.819590886701006,109.56081306920332,0.0,74.78814894348197,nan,nan,3868.75,1.0,23.500516131444996,86.28237500283221,576047574.3923587,0.24271428235265827,3096119.89067445,6578.4138533855075,0.3317358513377017,nan,-8147.2304946449785,1551.185169146072,-29.728051554129188,5.660047633203051,6527.043822790883,73.81634607918956,1435.1060898753246,0.0,73.75430462264107,nan,nan,6716.44,1.0,13.536579167464883,0.0,73.75430462264107,nan,nan,6730.82,1.0,13.507659064352907,4711.439128329052,563.839439133962,9.574821979592425,3.511037613699649,4681.113841248348,71.32257991970802,1937.7443508597023,747.2731564430655,133.62708191140928,2.147699744228344,0.8337738338202644,5882.360110791406,5.247546149867232,112.68516535613796
22d58m21pt285s-13d37m09pt294s,22.972579166666662,-13.619248333333333,0.43804869816958614,28.07295870747188,nan,nan,8.074645867754429,0.00012891705402542434,7.983920333672771,0.29862855682328526,351.91314735452033,262.72256251697644,0.206,a209,7796.215650384147,282.36973170882436,13.367931012110764,1.3224600733598892,5006.85869587089,2.3211560588137705,56.27276529913786,2641.9359049033415,277.30980109044367,6.296674358507538,1.8337281422445995,4959.025937666816,2.217210643145312,54.011170305199485,7458.71798354068,345.54240333149653,23.857855911342924,5.567523728037396,3726.060149890809,2.4387819938187096,79.82147982206786,11488.678316842865,488.09971497370356,36.822825946723704,7.86446675882306,3728.9628546660015,2.4387819938187096,79.76175531707604,0.0,76.08451882164167,nan,nan,6562.8,1.0,13.853480493619768,3680.591316991895,104.32890150080925,13.190102984133052,1.0723342024664508,4861.414538470101,2.5202213727948326,63.40344337068181,1303.9236770864948,110.59617879782664,2.9129264088533238,0.8750278715920475,4340.475434177707,1.5772031135713165,41.45512102269436,0.0,66.84197463387969,nan,nan,4101.73,1.0,22.16567686891332,-151.74570108740548,5771800.215801324,-1.8348349762324285,69789.79197360021,3969.9901651545356,0.5553002857130244,nan,-15597.188116495847,15612.141780804468,-92.54441731342587,92.63314344404671,3831.778523907966,142.377947117935,4660.750054155797,-2090.724092614746,446.4203502671264,-17.058933272481802,3.642496393276198,3877.897192467949,10.940149183932144,362.3971136712893,3773.694178442397,348.8899677986751,11.47307762803107,3.7207009716315347,4361.128543118407,13.824415742012265,402.8526160825116,-464.686381369974,307.6888618975308,-3.20907538814389,2.1248669931112634,3881.4221600205587,3.2644232382458047,104.92456345737273,0.0,76.08451882164167,nan,nan,6583.45,1.0,13.810026928666252,0.0,nan,nan,nan,6548.05,0.0,nan,0.0,76.08451882164167,nan,nan,6716.44,1.0,13.536579167464883,0.0,76.08451882164167,nan,nan,6730.82,1.0,13.507659064352907,-27.62460576200494,5112894.397804843,-0.20120193013854426,37239.41728963236,4686.240185728349,0.5400465119491354,nan,-77.67775204358922,5706759.026326741,-0.7302300265692977,53647.88096700695,5876.283658645626,0.5561706525132148,nan
22d57m45pt48s-13d36m58pt283s,22.96263333333333,-13.616189722222222,0.4677451109796469,12.242052181917927,nan,nan,8.079949507989703,0.0003004025354852858,8.146797219539776,0.5563477012633844,87531.79773134428,84716.86736362574,0.206,a209,2831.858500799815,82.36226688791947,11.133727397814857,0.8844787279520622,5006.816003616508,2.018579045028943,48.14191181770801,815.4762056540872,203.71161077255573,2.6890001885644916,1.8636015444045222,4959.186036209339,1.422133667465909,31.7813189616576,3253.7512044579453,171.08554610231283,11.853412861691249,3.138301643857548,3726.6245369464523,1.858911592787809,58.83956131526874,2948.974932127065,156.97878428163642,10.761174863998685,2.879534758986628,3729.0319625662923,1.858911592787809,58.795536026821026,0.0,62.484715405328245,nan,nan,6562.8,1.0,13.853480493619768,1209.0715624311752,72.6477783951933,4.869199105860616,0.8391333587983837,4861.360515668179,1.7929354860600988,43.227553718775255,-16462.832281327344,3874.923749130162,-99.05240717545381,23.31436768678121,4299.319734909743,98.75957693360795,2896.6467258183266,40621164.471305855,216156745335.85297,49042.200132157406,5032334000.588308,2559.7720493369825,56026.589920301325,1738962.030593338,-5907.2647441363315,1224.167174975335,-48.86389645814742,10.12610415756865,3967.740136909897,86.09125093324495,2760.631140253684,-10857.429594941674,4998.409073026897,-89.23752620617061,41.082067974099985,3938.462076450854,77.9244580026056,2550.7893921636037,303.2201782711347,1418251806.6898322,1.6852020240121006,36845276.83952386,3837.217024884855,0.3449971110264858,nan,-331.725745411979,304.63953241926913,-3.9699221852196906,3.6457683944435173,4357.046336331445,11.435311655565185,333.0348319484593,-301.19350474263985,165.62346424588,-2.6639127164080527,1.4648604488239243,3869.5133926462463,2.509984784219392,79.31973624576312,0.0,62.484715405328245,nan,nan,6583.45,1.0,13.810026928666252,0.0,62.484715405328245,nan,nan,6548.05,1.0,13.88468655302385,0.0,62.484715405328245,nan,nan,6716.44,1.0,13.536579167464883,0.0,62.484715405328245,nan,nan,6730.82,1.0,13.507659064352907,-2576.851710385459,640.9202196374358,-27.313944895537045,6.793584392558536,4655.423737370819,49.58113199826505,1346.987308252094,-4181.280906923,1525.0484187112093,-52.21798350915235,19.04558793145617,5835.528931011184,64.48447617885355,1397.1365848185123
22d58m14pt595s-13d37m01pt096s,22.970720833333328,-13.616971111111111,0.5792081137063434,18.465640318373758,nan,nan,8.080965956343045,0.0006534511854446686,7.283584806311164,0.2913922087800357,431.804088862879,264.5640847442539,0.206,a209,11660.182731942452,200.66531682478046,44.63861658917538,2.098282338319345,5006.843275133437,1.8749229041109703,44.22685585836249,3318.532923092684,362.61528314374283,6.750364582580758,2.0465505831180715,4958.925123435987,1.604507388013075,37.06567080409748,9990.669240263906,142.82603931693222,40.36824551537101,2.9070838312077334,3726.02268705935,1.924865758483594,61.265280658619254,14337.209678376386,180.22910668851821,58.0408427148225,3.6683865524309254,3728.7402515186786,1.924865758483594,61.21944038393786,0.0,89.49951517772747,nan,nan,6562.8,1.0,13.853480493619768,5396.60011092568,205.86032001206723,44.022544941286895,4.816638415937147,4861.2722790069,2.281755978529476,56.87398609036716,1541.2947165279788,93.22987861421626,3.8918844030627606,0.8337607373185142,4340.43785594878,1.5587684087023939,40.85085051986886,376.13861375582803,nan,0.5969821346982191,nan,4023.7860107845577,8.824899692519121,273.04556018741533,49610.140234154496,3451.688436426211,1003.7961085888664,298.35976411582084,3983.304050969678,138.33232914516273,4435.901046841356,-237.81685393638952,767040.3885485476,-2.3749540057081773,7660.035919113573,3892.1945830932914,0.5513080684396536,nan,-11611.57613048097,6759.875924884976,-91.08873347489326,53.02885065093139,3780.9005130793444,90.56873456671063,3006.1984240341567,-188.01384611379615,124.47627990286826,-1.570289485549279,1.039624461559378,4365.120122387705,1.808988284907171,48.67093158122261,675.7185712877073,132.27248380048985,1.0399417900637469,0.9323696068329445,3869.0859155774165,1.2235823454342607,33.024800359093014,0.0,89.49951517772747,nan,nan,6583.45,1.0,13.810026928666252,0.0,89.49951517772747,nan,nan,6548.05,1.0,13.88468655302385,0.0,89.49951517772747,nan,nan,6716.44,1.0,13.536579167464883,0.0,89.49951517772747,nan,nan,6730.82,1.0,13.507659064352907,-83.71179081608567,2124.9638028905974,-0.8793177613133107,22.32085105113453,4685.494462760114,0.6431980945750387,nan,1020.8165318517566,139.9715911108789,24.291329106147646,7.24135557010976,5875.676170710684,1.8601620351240165,37.34240886907447
22d57m55pt32s-13d37m11pt705s,22.96536666666666,-13.619918055555557,0.7342398770668448,16.982169009893163,8.31905892278336,0.014710900197736125,7.245012441123858,0.0015454000870609816,3.6891975965936075,0.263687586281475,334.27062078274395,200.2148326569252,0.206,a209,4549.0308805890145,144.47997888783803,215.12166770759805,18.66208898995147,5006.83560892108,1.7971931674051185,42.08883278071313,1245.838640987451,125.68192682753096,36.447174052084534,10.20126867168151,4959.036242057741,1.222166781613928,25.72035191598079,2106.708917170776,147.02418518667298,31.249042366817452,10.985443021060282,3726.0498901328174,2.0157938149605004,64.58905781766494,3979.00398006312,234.31096928034427,59.139338976374646,17.507390358739087,3728.919852890494,2.0157938149605004,64.54073060656027,0.0,65.93393474905542,nan,nan,6562.8,1.0,13.853480493619768,3220.370312986273,211.3419545210733,1405.538995366722,264.56882868244656,4861.276394630703,2.6385503802308197,66.62318472663813,0.0,48.072476240368594,nan,nan,4340.46,1.0,20.94654063936261,613.8426535679255,77.53284593834316,25.1415905038408,12.683958928747568,4102.343346765144,2.2735287967597078,67.13814407859586,-11973.966919272678,2212.9871536559535,-130.42111553765605,24.103979507890863,3932.1192561465473,95.53948859343522,3063.6205620219625,738.7533602505881,72.51352648462908,47.41928903504513,21.051064548545348,3889.1329921603233,1.045900403107213,25.439208929966167,28306.931342773063,1271.2896424003966,271.1933934630522,55.879231978759194,3866.3822939960314,80.63745501832861,2676.5339932466345,186.93241818933504,66.2489433278134,5.237195969970907,6.5039902142398045,4363.2985362084755,0.622395122613927,nan,1710.9153507571386,155.10335714876487,116.16987836978463,48.19883292259334,3870.2685972390927,4.606739398559323,149.83504899280132,0.0,65.93393474905542,nan,nan,6583.45,1.0,13.810026928666252,0.0,65.93393474905542,nan,nan,6548.05,1.0,13.88468655302385,0.0,65.93393474905542,nan,nan,6716.44,1.0,13.536579167464883,0.0,65.93393474905542,nan,nan,6730.82,1.0,13.507659064352907,-171.58493240820448,12759974.98119063,-10.98386857245252,816819.3221520808,4686.001169011136,0.43887463881825095,nan,0.0,65.93393474905542,nan,nan,5875.62,1.0,15.473706908126772
STACK,0.0,0.0,0.5270766374566287,nan,7.96316264818957,0.010154373027150491,7.928892073874176,0.00023289836929571536,15.011514764564165,1.9226486116771644,770.0595532221511,209.6654316014959,0.206,a209,5330.80976246597,275.9033950651748,4.7387546548270025,0.6698867245505647,5006.935582942179,2.0232467727975734,48.268431477382734,1573.98275235113,306.0068127617798,1.3189804237112304,0.7113967784016259,4959.292535817861,1.9576556976616102,46.93609912599926,66416.52946150619,4300.675698866043,61.87038841056605,19.9733365300838,3740.92312231502,87.81154760757677,3000.2294070046814,4412.081211973304,424.24579814079664,2.6794716836470784,1.2946840077041841,3729.534711985094,2.3769761946999086,77.55629905036605,46997.68922401272,6814.12049493661,121.02486032736998,33.4666105013694,6589.807890272337,78.12440908870899,1515.4552657071042,5178.251789205995,596.8526624591725,4.794007443486195,1.5838000406046073,4863.24498279108,8.07427967148696,210.6557967695581,-25044.877301708,10445.171308167619,-47.1592452865183,19.668149691753,4291.55460264072,86.06252524533916,2524.21846651212,0.0,127.66700250675065,nan,nan,4101.73,1.0,22.16567686891332,2746.3740350230996,362.8640584531189,1.6977396802189395,0.9668004969360573,3968.2823040842773,2.206730741207787,67.10949134468721,-5246.986496421945,13083.225697492417,-12.936380551753022,32.25653174115312,3939.852407946258,17.201517285757607,562.6329931801807,-48828.77516230714,5597.1632082731285,-63.68596311283819,7.3002185378138185,3800.9213198798693,63.11935939304685,2095.020075081549,939.1918880671972,319.6001970095221,0.7946323447846796,0.9480512152102154,4362.173571625912,1.9827447092956796,54.12733596218453,20619.487248614867,2432.4178004963956,11.323968392368114,6.237159403713288,3839.0213870927346,50.04941900961973,1646.8303871130634,60075.43922173265,21194.434207248458,227.90140986359785,153.06264622972373,6601.607903629385,97.4484271314192,1884.3998723422296,-4188.757006408287,888.742333189847,-9.527378759998644,2.021455246840655,6525.622378616077,40.807570854941005,793.2824212040491,0.0,170.87216569600778,nan,nan,6716.44,1.0,13.536579167464883,0.0,170.87216569600778,nan,nan,6730.82,1.0,13.507659064352907,13050.613050147413,1152.0368541319885,9.503233084453608,2.5603807373344067,4691.337999443817,58.29168427172238,1583.673467720474,253.8429051265645,128.36901890118685,0.33621355375189615,0.36962106601902417,5876.001725752696,0.8825172786972001,11.644892968811757
24d30m56pt79s-21d55m46pt848s,24.515774999999998,-21.92968,0.30849196232119125,20.43238879446017,nan,nan,8.104850933875257,0.000130653365654188,9.529793257010233,0.6668973587685669,3984.4159440883964,3273.956403921405,0.35,macs0138m21,4930.312308725228,140.9161913494559,36.13905895922387,2.821301783567098,5006.843290626832,2.1229010029349737,50.96058824561256,1345.1241931359125,192.97728950756965,8.421250852947324,3.3522827884960376,4958.751774015706,1.9069740893512048,45.54011085989866,4199.303336117777,169.31110122420847,36.91554631939038,7.497390282708426,3726.0630200823903,2.344382859414221,76.44828308720949,3753.066725647504,154.96994000254557,33.06100857500391,6.862338700097394,3729.0249743811814,2.344382859414221,76.39108249565147,3703.3544560957266,90.96948895535817,119.29492503013019,5.612967737020099,6562.712127562519,2.5505067445919547,47.576740100763466,1492.9816607679577,98.5246717501279,14.87680162142613,2.8156522354005014,4861.520227178005,2.3178225829650025,57.86556188055808,1855.3042316856713,163.31924198680292,28.728615617135997,8.958598237237734,4339.99091421557,4.111104387560863,118.82207045644415,-394.93760761895436,2532283906960320.5,-8.129247321738617,52123580462867.57,4105.6313421524455,0.38989857647703824,nan,-8383.817130155172,15640.106352573797,-193.43238605974477,360.85031949528314,4016.164699757382,214.37219244659454,6874.321745702852,-115.64398860826435,136487673.0743623,-6.802378865952786,8028440.336221379,3889.5363643006986,0.5219973158266726,nan,-8694956947.253538,7898957667326.975,-98836205.96050899,89788024439.59999,576.8634573854924,1635.439234256826,54285.85564508801,-25.39115196935083,145207.57826304928,-0.6042670876559881,3455.6982892507613,4363.911688772477,0.4420115519312217,nan,0.0,49.77251296151876,nan,nan,3868.75,1.0,23.500516131444996,13638.334501735782,2347.348830864752,246.2994483007313,81.0296539548872,6575.827545014826,100.31756191616984,1939.88432072287,-304.4101006478761,210.2714911621584,-8.216456549503864,5.6755231414996565,6556.679661481335,3.6485593675575347,69.61913643765553,821.5904783302695,123.48664681466286,39.97180582522333,11.23597001476142,6717.192329643895,3.4236233796604365,63.5238575059721,258.64212117129887,51.959489454071296,10.047832467673528,3.767408144633593,6730.847665302917,1.2833664946088843,20.345446699396497,-167.91172501663834,921261.8121944577,-4.1371831510185535,22699.003578874886,4685.415547640353,0.650179902912553,nan,17.593127737277086,140089420022.8956,0.2707768302793445,4687866993.041756,5875.404491888909,0.36850679688621246,nan
24d30m57pt75s-21d55m49pt018s,24.516041666666663,-21.93028277777778,0.30893260200385386,22.80427518181665,nan,nan,8.083780459923439,8.542539661112959e-05,12.047563065148823,0.6537942732713077,405.9042765752473,242.31989542294446,0.35,macs0138m21,9221.392130030446,195.77217845242848,25.548643200688975,1.4815237460088324,5006.842899329457,2.201263519411847,53.06660695851491,3237.7794883810357,284.57659675533336,9.219768628638034,2.248452169422272,4958.810895464647,2.3853221340362825,58.54212360221042,8265.672054885355,195.72881357484874,22.176656392317607,2.6458170130271075,3725.751554649071,2.2409409460526044,72.73656395938205,12038.713718278846,258.9184666494102,32.36275685423608,3.5000001866660813,3728.5470031663203,2.2409409460526044,72.6821405725072,8722.297682549217,182.75216005990075,34.18578059123068,1.3720143887489156,6562.546827609983,2.739874605361495,51.386241178307465,2719.5174006894445,142.2414979691914,6.10527752981784,0.9159235637402698,4861.253460000575,1.999704481775366,49.05556677304992,1307.0350687941182,89.68547175215724,3.1732582392171906,0.7712114851885838,4340.3341030231095,2.207232230246259,61.39841629795481,-5540.680547775423,1013.8490837575833,-32.56260751610677,5.958396177202015,4084.020859346776,85.82928949232641,2663.8942653535546,804.8689619750071,79.51198250258898,1.4884821379231337,0.6335144554857357,3968.9661532156883,1.4333468354485315,40.10967710650311,0.0,44.85765324825521,nan,nan,3889.06,1.0,23.37778840736009,-874.302745107491,219.08883704437253,-6.926682401450073,1.7357360484128892,3837.167988278228,6.6717310941247066,220.2354261096414,-15.618382316300464,1196136595.9568202,-0.11489586397031608,8799320.239173474,4360.6355951144615,0.3629004117124421,nan,1441.0879844554927,149.5996573850619,2.17907369103738,1.0363572528010696,3868.6421745519465,2.009047862374178,61.96956027506418,0.0,48.107279222806135,nan,nan,6583.45,1.0,13.810026928666252,8401.450391660313,140.63074054863017,28.71042711027809,0.9205494626074056,6562.547862496222,2.650942922820748,49.71149099055196,1264.8669249921463,162.7673668244764,4.026612058626611,0.9691468427387235,6716.653901331533,2.430146579515886,44.11107343547487,1114.1425277229657,89.12343133507652,3.421077809421938,0.5107734876855062,6730.699847276251,3.3080649386612317,61.15353652281426,-216.57563325776525,86.60584633383199,-1.6673030845624686,0.6667333372710519,4686.550219209363,3.562561029275922,94.90804669917571,16253.70729041062,6112.880653213811,94.58283940075931,77.46799535863516,5867.682184966063,204.26713492548362,4425.936980334212
24d30m34pt44s-21d55m39pt935s,24.50956666666666,-21.927759722222223,0.3350235739356706,18.950710863735452,nan,nan,7.830876190482088,0.005026894381596742,5.531040321157838,0.19779387084960562,660.0253880305004,428.76821724893927,0.35,macs0138m21,3541.309115522977,77.63142951307604,22.26542146839761,1.3331866994565233,5006.842804258818,2.17049612179103,52.24078444731501,0.0,52.40311755422256,nan,nan,4958.91,1.0,18.334194769319836,8744.599777138434,285.107172609224,25.66127155414017,4.215291526217487,3725.7710185633387,3.018698148479198,100.33078333280453,11492.827760037939,398.846465499298,33.7939933475716,5.896919782461457,3728.6551731476384,3.018698148479198,100.25571323408738,7290.087700399196,431.60317304690324,1009.4734676388886,114.4793818767332,6562.562127739158,3.8180537315673835,72.81004553813244,4299.143609880905,124.46823595800043,204.34829746876795,16.97038638038506,4861.089975725412,2.6337428654454715,66.49259578716723,1272.4240481120435,79.44998569807417,3.8746869666255734,0.8568215978353078,4340.537260702025,1.7712845518107212,47.72445954942041,595.1998811118573,82.97140167255402,1.9332525846813813,1.0766274026367042,4102.013674666511,1.8110275278270909,51.84227559242769,-223.58802791231616,138.46786483865617,-2.0536326505540816,1.2718128557254023,3968.2021022896456,3.6970566694438483,116.410520091086,887.9434866659456,141.56413358017593,2.0331077187115127,1.4673566171233154,3887.630318314262,3.483953528005455,111.72304200792271,-627.7566515215858,247.38530321891184,-5.104650112010953,2.011632075463336,3836.663675392763,8.426937882129886,278.75237276049046,-11100.438707754101,2146.8706051942586,-73.38670262808104,14.19329080879508,4347.775354367833,120.3661199179817,3511.99411631765,2572.689265015552,279.25018691729866,4.844780186092717,2.4410532678478454,3848.066611290433,7.933700816675621,260.05851680686834,2109.299749112333,255.02108501029633,26.060908941727693,6.015486664430671,6583.399404088555,2.7436992353223855,51.30155576543104,602.3868214766652,179.15373114159922,9.767305303459155,5.576963207100289,6548.276477735536,2.484300207292841,46.34383374248469,1257.9441520715366,93.49719802500123,17.792108885917173,2.4734696001079146,6716.429617166439,2.513324088387645,45.75502739761428,1202.9368394472438,225.142691271516,27.529185935833205,9.616775596466299,6730.594379615034,3.770182243464091,70.0712225398453,-51522970.290469386,15582703621.622673,-765361.7402658229,231477438.01753974,4064.753794184298,324.35815532103015,8812.805057731897,394.06175881896195,91.51228704746548,5.33050687945412,2.691558356920072,5875.202456903101,2.2041932481618294,45.28703122854318
24d31m00pt6s-21d55m27pt317s,24.51683333333333,-21.924254722222223,0.3445759436875988,11.520790960334612,nan,nan,8.124233919874193,0.0005714240956104516,10.255732197560175,1.0537070604913785,989.253320760479,453.35378820495083,0.35,macs0138m21,5640.506796053689,111.64447909538735,7.507721418705069,0.40589439400710203,5006.846559222521,1.9238642917726592,45.565546370838064,2012.879714300203,218.65066591041344,2.7475134908809236,0.8280472807875868,4959.015191170498,1.8904268278617333,45.083099872770596,2640.311058972486,575.7869391497334,3.122815172034549,3.4319493397699294,3725.4196769633854,3.263925585230036,108.92613304724499,5038.683098511601,1089.9092746716021,5.970939575448758,6.496349884458923,3728.17129870726,3.263925585230036,108.84463168456142,2540.9779434422862,143.499091092346,5.828516840113063,0.6305163967901324,6562.42375079922,2.3186978696795393,42.881160595836086,1495.005951060767,92.59824231582628,2.1905475971101493,0.3891594790252684,4861.281493358115,2.042668564017898,50.254962190208836,366.0666575007658,76.91086956325027,0.4166021830683781,0.3099570936858813,4340.730379795794,1.3511934508657346,33.89889511992103,13973.468072193547,427.02789182492756,17.0209300659933,2.076086722138004,4103.713417638373,47.53579151898669,1475.2633268257023,18632.523817989404,512.97975801112,24.616207801575474,2.920311500724107,3968.6786360862166,51.972943363410785,1666.4858827869182,11749.727076147641,516.9365638461338,14.078432725689254,2.8283211960920966,3873.858914926227,32.232485073512024,1054.8960999391534,-1145.0896783341793,386.72198551464095,-5.15385316071881,1.7405696384090745,3846.764828863444,19.118739614800084,634.1913074294035,127.84399484854306,757574862990.679,0.14372747726204813,2984648448.723497,4363.191863680386,0.34584228140429546,nan,16695.913904741574,625.8452202617851,19.61838199760763,3.309382701029978,3897.1614158351967,42.19830967016095,1388.4415639618057,0.0,29.273190952266805,nan,nan,6583.45,1.0,13.810026928666252,-127.66706609583915,461114.2035809493,-0.473038696264386,1708.5444849745154,6548.111014495005,0.6236342311087032,nan,171.27942104901408,14038055.415161364,0.3477956648759301,53323.91588867304,6715.598452616568,0.5635148114387257,nan,-119.52239104697892,127015053.04052198,-0.5368875736723947,570544.172095694,6729.537246066009,0.5425864691432954,nan,16303.68001442525,24346.11844761887,21.708717010426785,97.58222279378049,4727.814095310807,291.2101030317503,7912.168659102478,-9042.307305096587,3008.3315378882317,-31.995576710153557,10.64477231777172,5919.865099370925,103.22575964407089,2236.5951570726347
24d30m56pt88s-21d55m21pt771s,24.515799999999995,-21.92271416666667,0.344908191789989,9.92050037123224,nan,nan,8.069686188824374,0.003640443578887044,8.735377201016131,1.711892438440705,551.9940964306281,226.690655122547,0.35,macs0138m21,2213.3702101217395,65.43806215997762,2.9967790789539706,0.24199967340785963,5006.861500667727,2.17180744752449,52.27600881619225,388.93726011980334,111.85007698431995,0.439732588637412,0.35088109481869534,4958.790998844668,1.657207451602046,38.56369955702821,1164.297637919544,236.58860408873355,2.006142290251757,2.0525024305652395,3726.7239590442214,1.7825585329448639,56.013417906971696,1842.4720979147562,349.4195917030905,3.1793465619951036,3.031357169632413,3728.8333138323924,1.7825585329448639,55.971507212446234,-0.004424756616298364,nan,-1.587217436644319e-05,nan,6562.8,0.006582866481330773,nan,642.1104752549637,115.2433315728757,0.83403479225354,0.4294243279115317,4860.744944557402,4.866517412051349,126.1206679799151,2857.4533190254124,187.57877062588415,3.9224261158372618,0.9122655309829859,4339.702327395379,7.922780917135594,231.4744802241712,-12391.825358669861,2471.1756950451377,-48.75403091854797,9.72252051285584,4084.507141266234,124.14334225119948,3853.1191517681186,1085.5041048058897,99.77280480801083,1.6933585623099487,0.6691128311904354,3972.607372696873,2.110945137891219,63.86236080165962,3566.484755878878,286.52701377727334,7.881499575550644,2.8552359990143223,3893.900754883853,8.699055604858946,283.84405517016665,-471.173452907255,166.50447733699895,-3.2519196679959004,1.1491716719620544,3836.272884283893,3.7099424666499696,120.93384856933473,-729.6706844710455,228.54703379017235,-3.015877002437718,0.9446312670253482,4355.924177910754,11.650259584147422,339.31816772588286,993.309466895644,118.79629781137383,2.5543320626630095,1.3998391672111807,3868.333276280814,1.7355429119008683,52.2605836475018,20439.74688987605,2455.9427749629162,44.88282378669623,10.309443397339399,6575.129896553753,141.8658231303592,2743.354508766464,-5262.331607328811,750.4378121161743,-14.681839410747399,2.093712116107978,6546.389856661429,87.18802686699972,1695.094223064359,3916.8236129712795,899.2249432767431,7.183435653545556,3.067213808705019,6754.514387606376,54.77439117784061,1038.163918888391,461.86555729834924,129.03446563573812,0.8662339062058009,0.4514177267545708,6734.728581458703,5.364868572258877,100.60635290541339,-276.56749715506754,113.16814060191815,-0.9816911462856067,0.40169637724355467,4679.665676231713,4.21398006613393,112.90331535023012,473.7770209802666,89.13329715252105,0.7550863666812756,0.30870093798696385,5877.852670297102,3.5767960031138486,76.00166025831707
24d31m01pt47s-21d55m55pt85s,24.517074999999995,-21.932180555555558,0.3694743435013905,30.548747468265514,nan,nan,8.033210785745103,0.00021173567161734792,8.896818771101069,0.704801499353099,534.0450838446163,204.31774162196015,0.35,macs0138m21,2169.088999537371,84.38306797180086,17.29057623270196,1.837279751778519,5006.831568809779,1.831143482066008,43.02456585082137,0.0,39.167028822824065,nan,nan,4958.91,1.0,18.334194769319836,2555.8822338276414,181.0856500836984,18.377510192968984,6.5599495021003085,3725.8059828875244,2.0177919443481565,64.66185499609354,3969.045887235916,246.04496861626643,28.593476106738056,8.913144518202005,3728.560189369107,2.0177919443481565,64.6134733162487,2908.002441065198,179.16246305206812,70.94446089431435,8.372181767232659,6562.743976405597,2.5900464358474617,48.37389532026031,977.2051498723469,68.58889806961825,8.573162689334287,1.7259916240148547,4861.186202049991,1.9657065812371946,48.10393090279007,-4238.145399774554,1438.064538981795,-72.3620078787457,24.553484527803352,4299.881757616168,71.38351050071665,2093.650765989189,-5643.4075692852175,1408.7132151038334,-81.58854907848715,20.366217728727673,4071.331947628368,89.65635181921398,2782.6830044627486,-413.21731907897873,150.51456845367403,-6.9994827426245685,2.5495642988858225,3973.173481488581,4.157971496908897,131.43223904125185,-128.33300912482568,24849636.461841058,-145.67663698587174,28207952.846811417,3889.8068929977385,0.5485754457694405,nan,-712.4777164890078,232.31940299921507,-23.909280964896112,7.7961594466103685,3833.963282086723,12.99915783141525,430.8607538930371,-139.46022269385315,716755299.9889233,-2.7185772100753502,13972117.540842649,4362.748898414777,0.4852363405552432,nan,2767.2854503035155,203.29969494702408,25.307796727483012,8.51723074488873,3868.773644236368,9.87341991899392,324.09004399348765,815.8125882936039,130.9262230925521,22.778486732885803,6.9796558489559555,6582.970190400152,4.528023525287394,86.50983884786405,-112.77939606454889,14493.049240226746,-2.1063147049029807,270.67818944606324,6548.726515869289,0.7538867849380732,5.44198603459264,402.9989173538814,94.74522430809024,3.4843941482668654,1.5322562475414492,6716.295204470508,1.6918841158885618,29.19606854599919,6196.95436157195,908.6198268886989,4930.6214913352605,1346.6134402012012,6744.26180933746,87.72058486245386,1659.1386977610553,0.0,36.88940153687189,nan,nan,4685.68,1.0,19.403292965701418,8182.8283182663135,1113.856338251157,725.7383954597977,215.6267444347341,5857.137324292021,106.0291012094868,2297.337986357249
24d30m45pt615s-21d55m55pt448s,24.51267083333333,-21.93206888888889,0.3715152506995385,27.74710118999978,nan,nan,8.031760580332863,0.0002073728987383622,8.406883435733262,0.49205069088466324,2551.3919634871527,1746.6098464642914,0.35,macs0138m21,2287.438310867218,114.388738211823,22.412334015610245,3.061308079568828,5006.844466039687,1.6613303639750476,38.31016050404662,498.45686780082355,101.57312513820914,3.272332252406666,1.8503158887232556,4958.633434709674,1.2670528453340788,27.11418365400111,2747.590163239055,232.68932552383353,34.43641407542948,14.6981569403225,3725.312357265779,2.2773948331505127,74.04658840307589,5629.544595631029,404.8247726094846,70.70826515153857,25.571340789911392,3728.3823169218726,2.2773948331505127,73.9911848218774,-110.33141321206993,nan,-11.576152167410585,nan,6562.948408684216,0.21257697870549483,nan,1327.8440248249342,51.22576238324519,46.39584165838247,5.134477136131437,4860.881012448669,1.7254182556781321,41.30015858907922,0.0,53.33552079634564,nan,nan,4340.46,1.0,20.94654063936261,-2475.0533080800424,1063.6539587001132,-65.4260337683024,28.11683271326599,4067.2495744226144,71.39394007896693,2215.8297251641466,14343.18432198626,774.3557870279642,197.8490132143291,46.45408570371268,3953.154880125756,75.69337356026458,2427.185732505987,-171.60289021389738,118.17629465215204,-3.7094482201234187,2.5545539781514965,3889.667565835781,1.4894075302982868,43.036036942466296,28633.418093585933,5175.930029075265,521.1382628458648,455.4138668223475,3786.149394659305,117.32122121132898,3894.2260669074963,0.33251028089852386,nan,0.0016028210940537432,nan,4363.21,0.07310479109498842,nan,-14.40219115576863,1.2436424602703733e+17,-2.1016325223089507,1.8147790238026764e+16,3868.8559917204357,0.2544663669115389,nan,60.5671271898348,126.7683636132603,0.5895437214003838,2.3555377836735185,6584.029558742339,2.5173435163601328,46.76023303711793,-19598.605035117518,13375.927162406142,-216.8967021265863,148.0306626013867,6616.430377438412,132.01886369057064,2566.7340819173032,552.0328732621826,87.15004510788934,52.67104592157138,15.554325224907778,6715.898232145805,2.6283264529960197,48.020544187512705,12279.584605935328,1084.5020631219475,179.1247363682631,29.653217221438624,6702.238577642452,83.30786367660325,1575.6714581996007,-5.487725619776155e+22,3.5943425843558532e+25,-1.1852902464764675e+21,7.763396902314137e+23,0.22388948320093527,1204.2182798072379,32718.658968470954,819.5619974676489,136.63937094983825,23.882504754585916,8.653969174003173,5877.136986352437,5.272178557990949,113.22367882471809
24d30m47pt7s-21d55m50pt224s,24.513249999999996,-21.93061777777778,0.4582486401916275,22.34759042636126,7.719699297155199,0.0016131456556035095,8.069523056767716,0.00010383908740272515,8.6259452586577,0.33095681511188096,975.0232600777492,448.9918851233492,0.35,macs0138m21,4003.4432951574195,87.16481860202006,25.634856506231426,1.5244906141746026,5006.84273887684,1.956122302396164,46.44503165699318,1140.6376000514565,145.3256126772534,6.45692161599963,2.2825439264839518,4958.898223537972,1.8923925733605067,45.13742378756674,4394.347918015862,150.3685622822726,23.598499879898814,4.068090286390741,3725.895117686424,2.0575419801780606,66.10804776814858,5530.3918629669415,171.81576033906455,29.757969287162453,4.648325521474981,3728.723545069963,2.0575419801780606,66.0585840092991,0.0,42.53915533156988,nan,nan,6562.8,1.0,13.853480493619768,1746.91818975635,58.35910293981329,16.78170884089565,1.60791683763219,4861.438121396703,2.242765940448984,55.800200239914936,0.0,36.60187615193568,nan,nan,4340.46,1.0,20.94654063936261,0.0,37.58574176600311,nan,nan,4101.73,1.0,22.16567686891332,0.0,39.940217059592996,nan,nan,3970.08,1.0,22.900702702093618,710.0129583158804,91.54733275465752,12.6193334359501,7.359107071494187,3889.096807095669,1.3334717300517716,37.15361052921575,41156.22761884404,2452.0153581680806,490.8581005866314,133.9672175168905,3868.7967634951674,115.7712948680589,3842.777745613308,460.1598085764931,61.952170579845344,4.788424673462167,2.260668057824138,4361.758667487668,1.3808314214742565,34.729226210657416,-25408.765992547356,49123.06521495537,-279.9296493059609,541.1912732200221,3758.100862387564,227.85560878766066,7498.078563307027,0.0,42.53915533156988,nan,nan,6583.45,1.0,13.810026928666252,0.0,42.53915533156988,nan,nan,6548.05,1.0,13.88468655302385,0.0,42.53915533156988,nan,nan,6716.44,1.0,13.536579167464883,0.0,42.53915533156988,nan,nan,6730.82,1.0,13.507659064352907,-4055.36078997213,4409.2609641606,-65.990303665876,71.7490958354536,4630.993545545716,141.53303367677728,3845.411819303979,-10384.362233873482,7524.466876096863,-130.0999068995703,94.26986636269812,5870.959533913683,221.67770025451202,4803.182856789123
24d30m30pt195s-21d55m03pt284s,24.508387499999998,-21.91757888888889,0.6015856760880158,31.05063770398896,7.756268921159183,0.002949612698020179,8.100178710001188,0.0022791496005261274,7.727189544057168,0.4167381031286461,444.7307170668241,229.80435751574475,0.35,macs0138m21,3320.037961694936,88.6117151298125,136.41443325480049,9.944773627055747,5006.841523296875,1.890709420843422,44.6592589945258,1642.612141854669,169.329898528869,16.915437150039622,4.837885460793945,4959.074849368523,2.5154277160528444,62.02769016132779,2081.8192607185288,117.90935630758052,33.58334343392084,9.581857166598203,3725.971120607302,1.9449984616055225,62.00314957348046,2384.2916322211313,124.34203088825709,38.537311076902654,10.104605920059821,3728.7458641140333,1.9449984616055225,61.956757206106865,0.0,43.269364840696895,nan,nan,6562.8,1.0,13.853480493619768,1220.2057349221805,56.80786163346028,94.9733766847413,12.682630016800452,4861.169548839002,2.3725191100364045,59.366400344998354,7327.790481307466,470.8067042790974,1522.61618488572,342.0387656566924,4368.139832038452,58.491653129274134,1715.497202143496,-3026.2828393884215,1589.0699256964763,-98.09081446719482,51.5064756103208,4067.407848729756,118.87064486975196,3689.4616314826703,358.9421837700691,62.13150774089687,8.173266331860699,6.09624178229526,3968.679980158615,1.9933121171490618,59.849253313081675,0.0,40.818419091519324,nan,nan,3889.06,1.0,23.37778840736009,-11.03737001486329,8553940692.117509,-1.610881573038836,1248430144.0690475,3826.0217293492533,0.2644663356366252,nan,454.7098054834981,78.87530984186209,123.61203863646159,75.16341874598436,4362.540914307891,3.226561311564844,91.90263750842125,0.0,40.11246823946991,nan,nan,3868.75,1.0,23.500516131444996,0.0,43.269364840696895,nan,nan,6583.45,1.0,13.810026928666252,0.0,43.269364840696895,nan,nan,6548.05,1.0,13.88468655302385,0.0,43.269364840696895,nan,nan,6716.44,1.0,13.536579167464883,0.0,43.269364840696895,nan,nan,6730.82,1.0,13.507659064352907,5728.76548231557,872.7993140744674,480.99698824906886,225.63430032437893,4668.563462508606,107.26428569724945,2914.313378419938,72.06041997764335,nan,1.2172892556027342,nan,5875.62,1.090088942290512,18.106245442502022
24d30m57pt66s-21d55m23pt218s,24.516016666666662,-21.923116111111113,0.7661408382491954,9.770770377386143,12.961708400950007,0.06745211292378742,8.221016814627287,0.00014377752344756694,26.91910224814321,2.2861873364953227,440.2029392224511,295.1766992567909,0.35,macs0138m21,1893.742229756894,58.45009221201708,7.103072101560609,0.5988224433111774,5006.834229325186,1.50920158201951,33.99736830096382,11634.190237346067,477.0750113444747,92.39275468676483,10.541950853383135,4950.345779029695,29.115476919602262,747.2658021834961,1368.9051615068097,86.20639727890057,4.2964083025801045,1.3627029038167717,3726.2711085397173,1.6079965502122109,49.46252793418038,2961.102610651328,151.02444956967727,9.31135895909247,2.38731071558537,3729.001189794298,1.6079965502122109,49.42551878572688,0.0,45.619740366015435,nan,nan,6562.8,1.0,13.853480493619768,663.392860380137,53.044671500576804,2.880285807637061,0.6605710210638294,4861.295584157964,1.333689071289432,29.729544950446677,837.4606946323432,72.79511485362842,4.276663711175062,1.3157646228895226,4341.797031028212,3.9083135656091903,112.7811803636987,-3.645036800184321,3.339273669345852e+17,-0.09536109556549661,8736175050022367.0,4101.679410069133,0.24092624798239803,nan,-3752.1623384746317,578.9084450073909,-45.026083034498086,6.946922164586185,3932.004554488674,50.17411230069496,1608.7966310232237,366.97625311791046,48.74484911209484,1.7782480721724985,1.068345317442163,3889.02585852098,1.231401023370138,33.16391224380664,108490.02859604656,7192.280006024931,791.0642014827656,235.77558794390387,3898.7064144828246,179.64033547338124,5962.836142884838,0.0,41.26921338377313,nan,nan,4363.21,1.0,20.83732430562082,0.0,26.99780413698442,nan,nan,3868.75,1.0,23.500516131444996,0.0,45.619740366015435,nan,nan,6583.45,1.0,13.810026928666252,0.0,45.619740366015435,nan,nan,6548.05,1.0,13.88468655302385,0.0,45.619740366015435,nan,nan,6716.44,1.0,13.536579167464883,0.0,45.619740366015435,nan,nan,6730.82,1.0,13.507659064352907,-156.54067818949974,53.591785804794355,-1.8741092852261547,0.6416023269493752,4684.70086288112,1.906992705427825,48.19617622631984,0.0,45.619740366015435,nan,nan,5875.62,1.0,15.473706908126772
24d30m27pt42s-21d55m04pt409s,24.507616666666664,-21.91789138888889,0.8295912867728552,31.977685498244316,nan,nan,7.9237743959698586,0.004802051632529513,7.298398614565295,0.5028044616278932,1014.9150099770164,436.18886919392395,0.35,macs0138m21,3750.155231097265,107.46544164258457,78.43029914291525,6.138885045521175,5006.844650616535,1.960233881689214,46.556974689316796,1222.237332282081,112.3196037601109,18.791067240210598,4.79123636687948,4958.919203118102,1.998351349856356,48.05317839030976,1164.7031448645794,98.39940339464482,12.564644004367054,5.346388158651489,3726.25930374282,1.593734835802348,48.92069067515311,2175.1965552397965,151.86634120401894,23.507500300317687,8.251436292296479,3728.8096371362794,1.593734835802348,48.884086943413934,0.0,46.005779748293314,nan,nan,6562.8,1.0,13.853480493619768,1138.9200155353278,71.33044977667342,57.26688730690081,10.286801913211917,4861.413697666259,2.842393375253032,72.14494017946849,10.302491595544243,nan,0.0469513097890664,nan,4340.49458287016,0.21735861877735008,nan,24644.772789942705,930.169278929019,301.0785560952378,46.139491703047995,4072.4552226891674,90.13389315976137,2797.5054564144566,241.95100887301518,40.25527285517699,6.666536317247904,4.774831651297302,3970.2998769808587,1.0297065152071476,24.216629418488523,0.0,25.133191996014986,nan,nan,3889.06,1.0,23.37778840736009,21827.21629767426,2471.3039412384987,650.6163173380892,333.73060190439946,3886.3940703735616,100.32854113902206,3330.1687520554815,181.27247749579269,nan,4.582806740567427,nan,3257.2955480506484,263.97467160396826,7702.249705590252,13468.666049728658,794.4665821452362,1617.2943499205146,444.438405649775,3842.4331052740536,94.64856382397726,3114.5439469944513,0.0,46.005779748293314,nan,nan,6583.45,1.0,13.810026928666252,0.0,46.005779748293314,nan,nan,6548.05,1.0,13.88468655302385,0.0,46.005779748293314,nan,nan,6716.44,1.0,13.536579167464883,0.0,46.005779748293314,nan,nan,6730.82,1.0,13.507659064352907,-5817.733806332269,2785.971287316636,-148.79812522923106,71.25580480220184,4729.408641399808,108.85786510463653,2957.6119106669225,0.0,46.005779748293314,nan,nan,5875.62,1.0,15.473706908126772
24d30m31pt845s-21d55m29pt888s,24.50884583333333,-21.92496888888889,0.8614118537062954,17.361899535732682,11.283481024892,0.056645168607977345,7.991155735119155,0.005346013796283149,7.468666543277827,0.8706293725853986,155.45570485435405,100.6283716062497,0.35,macs0138m21,3580.7645284458167,421.82887317102444,13.649655265974111,4.392053617342685,5006.8491873284465,2.4643761866275566,60.08124358819034,988.9795035022311,72.54351037986372,21.57001123192733,4.390226176537609,4958.716871267021,1.7254177535258999,40.48745188158185,1255.8461781415053,77.31303878824963,61.98127926757136,19.222225761877027,3725.950269382094,1.691104699295842,52.59878299656111,2548.633366183946,128.42303134627363,126.02776268952816,31.929627139916104,3728.704001450969,1.691104699295842,52.55942722058898,0.0,38.897145770073166,nan,nan,6562.8,1.0,13.853480493619768,1121.2474847750054,115.74379394836781,14.559337439320624,4.3109746833735425,4861.132835275516,1.3687195209073093,30.802125257442544,285.55731349446216,66.59254765699532,2.3125152606125536,1.910225026677287,4340.165434301374,2.134385437331544,59.141128644232765,746.4210687886612,53.58535966855157,45.24260702359449,12.97722835246781,4101.756058438031,1.4819443932726406,40.54204804395259,4815.488981364999,686.8679306090702,269.3218085455139,169.0872105843468,3933.2428995359905,61.34936552745558,1967.1864495201596,-139.02683181794404,16327480.363777475,-7.502454580650234,881097.3985662573,3889.230561847225,0.39334230087941485,nan,55.49812993852595,1.656216664646629e+17,0.901406277704287,1.2589746378212414e+16,3835.3570280740933,0.22002570868442015,nan,0.0,28.618000909237782,nan,nan,4363.21,1.0,20.83732430562082,894.3075078108068,48.9611350864294,156.84098675465518,39.32981632725572,3869.0047275131506,2.402295626569633,75.6225633753904,0.0,38.897145770073166,nan,nan,6583.45,1.0,13.810026928666252,0.0,38.897145770073166,nan,nan,6548.05,1.0,13.88468655302385,0.0,38.897145770073166,nan,nan,6716.44,1.0,13.536579167464883,0.0,38.897145770073166,nan,nan,6730.82,1.0,13.507659064352907,1117.2057971943725,143.9174214971117,91.08958580708716,36.05447422182465,4673.909835811219,17.302826924470512,469.7337082837509,0.0,38.897145770073166,nan,nan,5875.62,1.0,15.473706908126772
STACK,0.0,0.0,0.49165834691226845,nan,nan,nan,nan,nan,nan,nan,634.8470511519181,363.6494404803581,0.35,macs0138m21,17528.93529322774,843.5197827579415,8.185174089317764,1.0754389169548444,5008.04192203822,3.9463588533116445,98.7538196925165,-94360.72750016565,10046.157218276032,-59.93761933268414,6.381285552342407,4992.447148231936,90.3153213722233,2318.5963046644697,9025.357413328196,912.632401276152,3.7813759485530785,1.9254990972104888,3726.4936680566148,2.5702684437606758,84.50069999218117,19458.10786106702,1729.7080890452835,8.169924875727851,3.6493897863336846,3729.5696696007135,2.5702684437606758,84.43747437309034,15497.24586806448,449.7679641918162,9.8996995016428,0.5502210217451012,6563.996708901221,4.3915564449770175,84.101520474566,4340.96855369248,349.8625917092667,1.643257243311764,0.37970640006290757,4862.493345187862,2.313265334673601,57.74035695962547,-183.17143592358872,31657178.20586496,-0.2332714204473759,40315.865245050634,4340.640208138828,0.5664661870153145,nan,0.0,152.79058962445055,nan,nan,4101.73,1.0,22.16567686891332,276471.8484942027,27314.210719901068,167.04236824454853,71.60406175763679,3957.0899205869023,188.50734464448587,6044.89835090785,-544.7448372892651,146614.85464926946,-0.7079252917532288,190.53390991170883,3887.646077286958,0.7165186143717196,5.007446128781312,-23534.102067541004,9002.214356448236,-31.474157299518545,12.039427290902406,3876.968526938462,53.07749661874077,1761.6716870044283,152.75618877325206,nan,0.05549781652835705,nan,4362.988663326714,0.14261924231565778,nan,0.0,170.9180985111699,nan,nan,3868.75,1.0,23.500516131444996,0.0,100.26372736954887,nan,nan,6583.45,1.0,13.810026928666252,16047.986234691827,585.9457217173223,10.65549503592663,0.745063130643247,6563.97611035034,4.5209163820493234,86.83766309267351,1850.2552296350789,624.7120792736275,0.9983877355625148,0.6304677998908687,6716.836227965005,2.553785682704921,46.55304286872047,-636.3687229589333,460.38390137357817,-0.5772030820994382,0.41758024433727825,6736.626611440669,3.239465170188043,59.82528349468173,1244.8543780265002,32181934.65787896,0.44336607376095166,35061.24893610687,4685.493185377752,0.569779591460427,nan,-586.5678591145443,8115779591.1280985,-0.6068678701916143,8396651.468164898,5874.712582105302,0.501021894245285,nan
25d00m06pt75s-5d55m21pt934s,25.001874999999995,-5.922759444444445,0.4381111141655081,46.2201259230155,nan,nan,8.01620115097494,0.00012094672666919693,7.020116636539902,0.1745053226306049,584.5883714562153,324.32458507433495,0.451,macs0140m05,4833.354571379352,117.21587400980783,20.93103192241302,1.386481975037798,5006.846312403348,2.083594334271941,49.90069853365373,1015.4001258662205,206.78551220926104,2.7669989559926194,1.5635134047028039,4958.824782588148,1.7006259861587054,39.79008736627245,7813.344940078598,216.1589910269959,30.771315128607792,4.288353421450715,3726.0116910502757,2.43730379988552,79.76875322925538,13431.365531580173,336.8847316040705,53.00281499645213,6.683417536994316,3728.8808969907122,2.43730379988552,79.70906817567017,0.0,60.22235650900939,nan,nan,6562.8,1.0,13.853480493619768,3859.403849201323,69.32806707109653,25.057665193713397,1.2910252511857492,4861.346349126906,2.3244984997939206,58.048930116755756,2979.8915282307685,184.87123091298773,106.20599986354368,23.334412315392594,4340.600539536819,2.713899678090669,76.90799939118034,1068.6036895877385,98.79294191795434,4.266176120771478,1.5756779205465503,4101.979021999545,1.7048923088448569,48.2506854816695,-14406.8828947582,5876.042271582467,-95.85880666284908,39.09731231724612,3996.7363452819795,164.5556621871865,5276.824152695611,0.0,64.28974116073445,nan,nan,3889.06,1.0,23.37778840736009,11793.542504333054,668.6682554499985,31.918384375134245,8.276677228839086,3871.3666797005135,32.286499495781435,1071.4482007903136,-112.0826288332508,35897053.27428812,-3.930823960536143,1258937.2554166347,4363.083136109425,0.5217356865682601,nan,2492.909329310698,241.8386871953853,6.820808435459658,3.0266406702370143,3871.1590025514547,10.48610662934336,344.29979309957326,0.0,60.22235650900939,nan,nan,6583.45,1.0,13.810026928666252,0.0,60.22235650900939,nan,nan,6548.05,1.0,13.88468655302385,0.0,60.22235650900939,nan,nan,6716.44,1.0,13.536579167464883,0.0,60.22235650900939,nan,nan,6730.82,1.0,13.507659064352907,-9024.635691278756,8448.191924522682,-86.57251203507985,81.04273923956818,4621.997403129857,163.63921922788236,4446.044222749066,327.2911760793931,54.80537024625331,4.5413902275154605,1.6535499960394275,5874.99134123322,1.5024250954288854,28.804616880797504
25d00m17pt34s-5d55m07pt627s,25.004816666666663,-5.918785277777778,0.4398014788458313,36.07166845270165,nan,nan,8.017187191439499,0.00011950937736168857,6.906612360193907,0.14323415611385779,510.86893546479257,274.2912770519787,0.451,macs0140m05,8319.934765108457,153.52464840407356,17.91058018244878,0.9027230136728287,5006.840211039888,3.101757262776922,76.83445484104888,795.3851234765307,374.463430823948,0.8854653166860122,1.1566894244003154,4958.800158524629,1.5973766597860115,36.86211415347487,12502.810735510717,289.4555795994825,18.32772288879639,2.1374697383332992,3725.9820597802795,2.611472349449425,85.96292969113435,20309.637229470012,450.67971773315037,29.82924767760563,3.3280210375220016,3728.750734363558,2.611472349449425,85.89860999379358,0.0,74.52139775575833,nan,nan,6562.8,1.0,13.853480493619768,6070.670491834086,80.01311907068794,13.967415172807826,0.5280442942884748,4861.184671373315,2.988759957720266,76.09361147358264,1747.79105471922,138.73939717418983,2.327981837934676,0.6544498557527528,4340.563429347033,2.468243017404304,69.42364942687966,-189.23573113583163,102.54444937579812,-0.9334375748141457,0.5058180162988927,4105.7494241933155,1.9477592672442765,56.41577521232783,-2840.316329428277,517.6337911533028,-13.940058344653009,2.5405076100426593,3965.6611700831445,62.712247132348054,2010.89329958494,65945.90408437236,5798.386336027765,126.1327503714571,50.919661518437124,3865.2259067311984,158.97131397633902,5203.947290253787,-8369.015960640863,1615.3609816274288,-34.93534662304754,6.743110071710169,3804.9365070261365,82.41115192959101,2735.411273018028,-213.60628093247004,144.6891864129105,-1.2406136339207146,0.8403469062854999,4363.563581201793,3.3317543056650587,95.0444065291952,722.9307301122062,148.7600014801072,0.6760169751260647,0.6370973038429748,3869.146810777818,2.1507480978858067,66.92181931887681,0.0,74.52139775575833,nan,nan,6583.45,1.0,13.810026928666252,0.0,74.52139775575833,nan,nan,6548.05,1.0,13.88468655302385,0.0,74.52139775575833,nan,nan,6716.44,1.0,13.536579167464883,0.0,74.52139775575833,nan,nan,6730.82,1.0,13.507659064352907,314.1987010608605,66.43204147540243,0.7116699988936115,0.4602669662833504,4685.573449820191,0.9249020111516901,16.424819690262307,334.51316057971064,73.4144576503352,0.9954166646278481,0.47501064215324645,5875.095661821587,2.1270711284317905,43.52115936618524
24d59m51pt81s-5d54m55pt49s,24.997724999999996,-5.91541388888889,0.6061804689568695,20.67346965365264,nan,nan,8.074089664207767,0.00013785296885258734,12.533098438039083,2.4930383829494027,3154.6350597713645,3039.9503980458126,0.451,macs0140m05,3347.6735816621785,69.40504494991954,33.89831486897082,1.9196109501856962,5006.836613456901,1.5989799224574075,36.55458444600208,0.0,72.06619595079205,nan,nan,4958.91,1.0,18.334194769319836,2342.0555304837126,116.31842128499822,39.53926079064843,9.892472643821156,3725.956338357612,1.9549977192163155,62.36920037494382,3898.1322894918508,164.58329830926203,65.94340948686488,13.997230689411145,3728.8708708633967,1.9549977192163155,62.322534118850456,0.0,46.537010693743824,nan,nan,6562.8,1.0,13.853480493619768,765.0032790405378,151.10892109417236,6.290024034117232,3.563621802406794,4861.298669908074,1.7914378466356518,43.18494880697223,840.7249578289395,67.01819578553418,21.342440937738303,6.026660806759329,4340.036417537967,1.414435080174021,36.05004273824974,303.29685009843655,57.65186636031744,5.27044026516633,4.0023825496161844,4101.950179097426,1.7292732581914985,49.07942196531097,415.5497926571823,49.53521897778888,12.332958950107455,6.329284226998552,3970.168334353798,1.3382774877518173,36.576330933706096,0.44801457515514803,nan,0.001976394552031233,nan,3889.0518579065547,0.04804939150119134,nan,-266.1139706373816,101.67171367100788,-9.28778984560598,3.5485003194578506,3841.4801388399364,3.4744850151070996,112.9652739834147,-4421634.451628659,4964390511.853066,-125387.32114270427,140778627.04327223,1777.003038363234,2034.8510130094976,59373.06294827246,0.0,39.15094461398874,nan,nan,3868.75,1.0,23.500516131444996,0.0,46.537010693743824,nan,nan,6583.45,1.0,13.810026928666252,0.0,46.537010693743824,nan,nan,6548.05,1.0,13.88468655302385,0.0,46.537010693743824,nan,nan,6716.44,1.0,13.536579167464883,0.0,46.537010693743824,nan,nan,6730.82,1.0,13.507659064352907,-143.89638633965473,21575026.097111642,-13.492817761752875,2023038.2620328995,4685.580052114267,0.47559320989673076,nan,0.0,46.537010693743824,nan,nan,5875.62,1.0,15.473706908126772
24d59m48pt405s-5d54m54pt526s,24.996779166666663,-5.915146111111111,0.606962806991717,21.332997991967087,nan,nan,8.116096201986924,0.00015831577305197293,8.927465624097485,0.5370575251672506,3710.2084462731277,3515.6951053485723,0.451,macs0140m05,4409.815550445583,103.04749218162351,26.63199429956306,1.6998152303457803,5006.880440322904,1.9476332077792415,46.21379551386507,1432.1670624523426,233.7923144848961,10.44183209202831,4.72963445418084,4958.792793792813,1.7506438577116705,41.19501035318288,2642.9338822086543,166.97086111583994,22.25871178451704,7.082929362879743,3726.175529465549,1.91889356385201,61.04617364860682,3854.78346029579,215.38428497041966,32.52376059996111,9.136634177513502,3728.772066860409,1.91889356385201,61.00049731548277,0.0,48.18691131383002,nan,nan,6562.8,1.0,13.853480493619768,1382.2175827924111,71.85557365910864,11.570892569734356,1.7253134905749836,4861.268221103418,1.9562789102650948,47.839622877124164,-48029694.88764151,37937249905.222275,-550250.2806336832,434626587.898439,814.8985247141829,2462.6516414634293,72232.09070953196,1018.6380662046082,76.43995823291031,25.174716679731052,7.546769376590922,4102.078446372034,2.2376076488763528,65.9653043146296,-1634.0378364989751,285.08261976840333,-44.858371640749446,7.826221535536349,3956.689581772405,42.373959738263615,1358.6372060673245,709.4632921910386,75.1340656126831,14.797640567440498,7.087150257840233,3889.2334724450357,1.3814147969775472,38.98552924591085,0.0,42.102533155908255,nan,nan,3835.4,1.0,23.704860453545347,-117.90785613677184,3133968.8751190887,-2.9304965387116186,77892.05267470045,4362.823242737289,0.5055036470632223,nan,1414.013661793425,115.34499189266303,22.063212672014544,8.252108346062586,3867.357453847647,3.833248300451733,124.02078405996735,0.0,48.18691131383002,nan,nan,6583.45,1.0,13.810026928666252,0.0,48.18691131383002,nan,nan,6548.05,1.0,13.88468655302385,0.0,48.18691131383002,nan,nan,6716.44,1.0,13.536579167464883,0.0,48.18691131383002,nan,nan,6730.82,1.0,13.507659064352907,0.0,27.36537972795225,nan,nan,4685.68,1.0,19.403292965701418,0.0,48.18691131383002,nan,nan,5875.62,1.0,15.473706908126772
25d00m32pt685s-5d55m30pt293s,25.009079166666663,-5.92508138888889,0.8268190722179016,63.397374860085684,nan,nan,8.097383180823808,0.002261230131334463,7.609278205318549,0.3331234633652297,4591.26005072829,4301.672994705782,0.451,macs0140m05,5297.406265763914,119.2918696999607,46.32296815849941,2.8492341807052246,5006.857797006761,1.9763330370738335,46.99496696999003,1558.485515820647,179.18225770060852,16.149605831561228,5.1518216560909895,4958.846041559284,1.8139486702488443,42.96230216958904,2565.665178116017,79.67329070849617,96.3007200323917,15.067306609606383,3725.7312155309924,1.8336216285119473,57.90573415375476,3843.495856471034,102.0685147235023,144.56199927789484,19.302549108369323,3728.693850558049,1.8336216285119473,57.86240757905043,0.0,52.348527375150724,nan,nan,6562.8,1.0,13.853480493619768,1743.273469341669,68.8085055558517,656.4161913131063,74.30957328661826,4861.454504914224,2.2603039179845315,56.28343895625615,535.9570269676947,52.210607449649906,29.445520392230726,10.157336529117375,4340.831815093739,1.1965093841359424,28.462198895304443,-23029948644459.688,9.4030461772137e+16,-422055578833.4511,1723237927443804.8,-3348.0819015892275,2848.1854515290306,88402.4213171728,32.0141012239246,73417725.92787147,0.24940683013132217,2462562.7362530446,3970.078681414565,0.290745819009293,nan,691.0404599603405,80.55703996155754,7.221866340781948,3.8085743992101593,3888.714702407528,2.086339770716245,64.33839364331047,0.0,27.152133040887133,nan,nan,3835.4,1.0,23.704860453545347,8964.484328466824,999.9752552621761,168.25926478892774,66.57626682536197,4337.17954216566,98.96702139307644,2887.5964465908737,635.7363096311334,54.476676423309726,4.88791932910757,1.9187833221353243,3868.7481597210353,1.1944931188907442,31.850698050438982,0.0,52.348527375150724,nan,nan,6583.45,1.0,13.810026928666252,0.0,52.348527375150724,nan,nan,6548.05,1.0,13.88468655302385,0.0,52.348527375150724,nan,nan,6716.44,1.0,13.536579167464883,0.0,52.348527375150724,nan,nan,6730.82,1.0,13.507659064352907,-63.46649862461806,40.217057284513785,-5.182072985463111,3.2837438747260888,4685.396145996752,1.6551959389640138,40.7521108156273,0.0,52.348527375150724,nan,nan,5875.62,1.0,15.473706908126772
STACK,0.0,0.0,0.5835749882355655,nan,nan,nan,7.928531918789701,0.0017366624074369396,16.32093450034064,5.580156304459798,659.4664773010529,265.8381677984715,0.451,macs0140m05,4412.1891791708185,382.78471629557527,5.416626810801947,1.2835121732557542,5006.954639134186,2.0948763251551368,50.205166852007295,1210.6441154865743,301.09553055838035,1.1890954052009874,0.820520795392223,4958.996027264677,2.070440894731912,50.024338234299066,26778.51597028356,12649.28965563958,27.641658112860526,65.65280798157056,3728.646171462454,6.211771633782547,210.89045780490096,29215.742753376187,16181.57135425376,30.228337757806823,83.98618625096135,3732.0171721031984,6.211771633782547,210.73266408536622,0.0,133.3556213434123,nan,nan,6562.8,1.0,13.853480493619768,3775.340928978736,285.63861008096296,5.828442474332495,1.2647281730274382,4861.48706311558,2.324447126214573,58.047519233413496,5006.033353387984,421.5652566860381,6.172110441761346,1.8374693263976596,4344.353435550703,5.896211239397935,171.71882068016288,317.65815174207614,9.228583449126986e+18,0.2766554405713443,3.2113074245578172e+16,4101.77483911091,0.25618613329522094,nan,-20525.593988165136,5087.716392030053,-50.127246954320654,12.425132065064012,3982.820978634691,129.8199725039205,4162.928195209014,-19580.315210222187,300463.87419798045,-61.7883046225084,948.1539591002933,3988.442773684397,86.90904094828154,2844.914412196183,-8379.749532584008,1830.582980220889,-23.87615171592278,5.215821403060754,3801.406043624767,40.22729765687162,1335.080375170616,-218.78777476845968,188.74077048619623,-0.766528852522978,0.6612583649986601,4363.736400830088,1.662406377946568,43.99602218872919,2837.910940648727,287.2498873135269,1.7601164140940955,0.8134093096428755,3874.0716279163066,2.3370566690868877,73.37542285225051,0.0,133.3556213434123,nan,nan,6583.45,1.0,13.810026928666252,-7184.1264230590095,nan,-1.7294350557467937,nan,6548.05,1.7383914047895817,30.937359478273134,0.0,133.3556213434123,nan,nan,6716.44,1.0,13.536579167464883,0.0,133.3556213434123,nan,nan,6730.82,1.0,13.507659064352907,-36761.41953755916,3198.199777519275,-68.97803095290922,6.00100665378058,4710.320765885645,108.89454357437967,2958.6084869270653,-4038.871289735647,808.2313680331846,-15.170788907418778,3.035874776189831,5906.794671973965,43.07302623047138,933.1625594546724
25d01m56pt37s-34d10m24pt019s,25.032324999999993,-34.173338611111106,0.3789715531161877,26.54769109823896,8.348257874868402,0.01316261622427078,8.040660938098316,8.795240764948757e-05,7.490574340289075,0.13027001932083188,199.16386578317844,89.09147337103707,0.395,macs0140m34,6825.354391367753,130.32183571006365,31.57159511005204,1.6465582155011207,5006.826576878468,2.2661076002719174,54.80289678927996,1395.4554529816132,204.0930774995148,4.168637879354302,1.6915971490246733,4958.958506256269,1.4710472545291344,33.216348495237014,8908.837867145889,159.70313934221033,20.9886453282722,1.895316274368664,3726.02263531781,2.104528631025372,67.812829999365,13361.149672926875,212.3041381847162,31.539404739110584,2.5195715618030707,3728.814598210409,2.104528631025372,67.76209067815928,9713.066645322515,221.47800625556667,66.01076158903346,2.8830544085367555,6562.802318145363,2.485673760606225,46.26744497839087,4070.5553405195137,52.04348175899645,17.723170901698925,0.6499311953911915,4861.293503696932,2.109620992159987,52.117421944950095,1605.284295281682,87.51273679025687,3.444609438641848,0.6649776485834848,4340.75364672934,1.5697081897496392,41.20965823832666,0.0,48.371703750485885,nan,nan,4101.73,1.0,22.16567686891332,-78.9272487421003,5193424.682896404,-0.5889134828191749,38750.59458562095,3969.991556734208,0.5795778748245076,nan,0.0,37.40729533183987,nan,nan,3889.06,1.0,23.37778840736009,18.052422016192438,nan,0.037959268668074996,nan,3835.4,0.2238186661443068,nan,281.527527976291,87.12997102057936,0.7400379908410188,0.8027242073443479,4362.905842255266,1.9493442081176284,53.08442408410615,5910.697967027455,242.6699768229458,12.53324640690003,2.3638013559026776,3864.3854458561173,18.18234853925419,597.8885061805858,1485.9199423155148,229.55949082118528,12.605305227984344,3.717930154510121,6583.332462594957,2.3501846641131516,43.38491763761678,-8201.833371151974,2908.4451553529116,-52.296583122813864,18.544846858269647,6512.7413207413065,55.71890205561268,1083.2264770159425,1849.21771514606,103.07634906231046,12.588515207748944,1.3124671025586265,6716.413949918541,2.561280962591521,46.70075640517476,857.28681409179,124.58482163685666,3.389550873926604,0.9193689352347993,6730.7857692789,1.9768811367215369,34.96912630218837,-1609.0322107831576,371.7160693676104,-14.256473794333646,3.293507964823594,4662.493438933846,52.72987946661515,1432.5469360279376,708.7638341530189,69.23820864653786,4.360312570389522,0.9262284150118969,5874.812725854179,3.920392749028522,83.58014982685665
25d01m50pt835s-34d10m27pt958s,25.030787499999995,-34.174432777777774,0.39230824765067474,19.76043393085732,nan,nan,8.10195724847563,0.00013539325328469908,8.7066319326791,0.4578849742865418,367.11362316562366,207.6300262038522,0.395,macs0140m34,3315.555092016226,70.30158485816281,67.42857564365183,3.9051613297673073,5006.844076430478,2.121514759810917,50.92325028817638,821.4204572711959,130.20991673848096,5.613793314729935,2.469059482707551,4958.91603960887,1.4997422589419753,34.051611841830464,2543.1310153884383,139.34821237451916,54.24694971882204,14.969609689868257,3726.360155573687,1.9552767416811119,62.37941080315533,2891.582505474327,148.4045325017203,61.791660085102485,15.942493196736187,3728.9591579754106,1.9552767416811119,62.3327369073543,2461.2142129223917,63.39176694960195,227.187722330924,11.207894243730307,6562.9197922102,2.8140366103354593,52.87290863640359,1099.3561165970757,50.070881159026946,23.29094174408073,3.0425326021386376,4861.372176254781,2.4112277536068953,60.42653416955031,0.0,26.09643216066031,nan,nan,4340.46,1.0,20.94654063936261,469.2282040202472,89.31269846110494,6.216807806403648,4.728414819345771,4101.557185338698,2.3215562453224075,68.70324652269254,-301.98216384531764,579277421.3146734,-8.65038045858959,16593596.196659338,3969.6701584378825,0.5043475831922186,nan,0.0,47.832277776882954,nan,nan,3889.06,1.0,23.37778840736009,42515.7798238063,1995.6490757400102,197.27593434266143,44.276274540961616,3802.65200391318,98.51580856689081,3269.996423407485,28933.94736855121,1686.0168282955092,365.9667621949127,76.0416656486796,4326.050655041125,102.87839021060995,3001.725465200211,-135.95508462114458,170.73285046855577,-1.2698563626725488,1.5946898719446447,3868.4684393071334,1.212416082366816,32.57578440396275,282.21209221868446,145.79105681637714,18.687290493397963,18.430355402996504,6583.564137119866,2.447304463535428,45.34851910599052,2371.3739567120483,58.553035091479764,102.51228056123894,4.848204198503588,6562.9209690280495,2.7386682139622436,51.47773203428044,2.371931087206565,nan,0.09414614498273055,nan,8300.044055628914,23.95337067718266,453.84227715010167,28.70066151380095,nan,5.113465094332902,nan,6730.82,1.1003769969769943,16.058733429891827,0.0,25.429948926619048,nan,nan,4685.68,1.0,19.403292965701418,159.03648468726885,34.87547524047061,3.258136288893966,1.553551022931833,5875.0647120314125,1.0118154991045,15.830207398963168
25d01m24pt12s-34d10m43pt954s,25.02336666666666,-34.17887611111111,0.5813029535488656,11.400416578719584,9.26567714632716,0.06032259496618713,7.341403204065104,0.0023547985398639686,3.9963428349774333,0.32491782701365873,473.1909659996766,237.86701925873962,0.395,macs0140m34,1167.149826030557,105.78279367207912,3.755099184008556,0.9296053780475252,5006.825084587935,1.6757758064718595,38.714799675569346,317.7396593517333,122.79529789716055,1.1023168176455935,1.1820742782440135,4958.697587163099,1.0362909764181014,19.61758819832081,2562.32116718594,268.3465861124788,16.152136618325283,8.519758644743275,3726.2536296953735,2.418520817369414,79.09851936026273,3856.7527420238584,430.9115323848638,24.347809885186773,13.68104698606707,3728.3703972281296,2.418520817369414,79.03933579307119,0.0,42.0526543794761,nan,nan,6562.8,1.0,13.853480493619768,1977.799133100832,89.87358305297558,15.522219801168767,2.0233850894262275,4860.88732874502,3.4151394713414533,87.53792078201069,-235.31073721939103,76.25577388787494,-3.1146275501616336,1.0093391275580912,4343.604098657221,2.725589191269882,77.26281832185009,0.0,27.05014158866493,nan,nan,4101.73,1.0,22.16567686891332,-3045.7308381777293,407.69315058855403,-32.87892149563617,4.40108197496848,3961.2567791939005,67.13717143894328,2152.7973657027414,-5735.820117551504,7492.036874953483,-67.92719967587651,88.72542624318541,3957.757435370174,100.33465086335403,3284.420163328749,-8431.289776560272,6086.452946834453,-89.3877893287791,64.52803642020281,3899.929132398729,113.41391410991531,3764.5266993248706,0.0,27.438504383648382,nan,nan,4363.21,1.0,20.83732430562082,-141.5350948498341,64.79232704900257,-1.4947132753397006,0.684253975899386,3871.5308025531003,1.0599927105997202,26.19356437924092,0.0,42.0526543794761,nan,nan,6583.45,1.0,13.810026928666252,0.0,42.0526543794761,nan,nan,6548.05,1.0,13.88468655302385,0.0,42.0526543794761,nan,nan,6716.44,1.0,13.536579167464883,0.0,42.0526543794761,nan,nan,6730.82,1.0,13.507659064352907,129.71218081665853,51.22048068179134,0.5276215170642123,0.6375886125336426,4684.391699538658,1.9852823654067195,50.47596230183665,1197.449161435884,124.96951611335946,5.742432189394565,1.3034938169934005,5873.624402204793,7.680744195700586,165.73011544302528
25d01m58pt62s-34d10m37pt121s,25.032949999999992,-34.17697805555555,0.645624935764133,24.47971972532535,nan,nan,8.115045158626351,0.00014988470776200477,17.042748589838755,1.8913090963178911,543.9504939525656,289.13632250754256,0.395,macs0140m34,1810.9278540007463,65.60408526871062,18.329167816791326,1.8136756917317252,5006.83679480884,1.6224408250878424,37.216956264010065,1050.236807279847,105.88035545787208,29.063535521870687,8.129735534353008,4958.893587809737,2.071677642082157,50.05807467409587,1289.0981903105755,66.44085792700146,26.073105839105416,6.769180550164653,3726.0581889224845,1.8592811658967787,58.85319194136279,1925.212651345136,85.00569544214208,39.01992332709485,8.660618152649095,3729.0306240989835,1.8592811658967787,58.8091564541265,0.0,37.499844130377205,nan,nan,6562.8,1.0,13.853480493619768,356.4844878694409,38.360850784778826,6.584440220631045,2.0322391032909275,4861.326012150788,1.251372731403305,27.164432321767016,190.4678402844139,37.84025412628939,13.862944352741826,9.753676052114923,4340.593067185584,1.699527172054519,45.42420751049953,-74.82219628763718,49.697882134749086,-2.3104248850158995,1.5346144501733043,4101.315332693253,1.281368376445119,33.31226983058837,228.57226500870388,43.58163173680497,13.611106861888343,11.169318739605913,3970.7246743639953,0.9465357359091741,20.43098200345486,-2327.2579255249566,467.3634042563729,-113.81088209021078,22.855670921435724,3862.284377128724,67.18319008695927,2199.152680642209,26832.2209568183,1717.1955566144454,213.77835203561315,63.606233197407505,3845.6459458891686,141.37722101552282,4692.739343912035,-5953.149912403626,1477.1980443786626,-134.86356145561416,33.46466864963229,4336.9894414293,137.95185123351328,4025.119742535303,0.0,17.272424016401477,nan,nan,3868.75,1.0,23.500516131444996,0.0,37.499844130377205,nan,nan,6583.45,1.0,13.810026928666252,0.0,37.499844130377205,nan,nan,6548.05,1.0,13.88468655302385,0.0,37.499844130377205,nan,nan,6716.44,1.0,13.536579167464883,0.0,37.499844130377205,nan,nan,6730.82,1.0,13.507659064352907,525.9350454458508,114.39726946907857,26.22693643943483,17.446728301324132,4686.023324976092,2.5673693397387813,67.11267966772566,0.0,37.499844130377205,nan,nan,5875.62,1.0,15.473706908126772
25d01m45pt495s-34d10m28pt2s,25.029304166666662,-34.174499999999995,0.6702455998367791,15.36477084762953,nan,nan,8.05609067383116,0.00015048459066284922,9.785090930124529,0.6650059503281239,125.28658112127029,89.5332990634276,0.395,macs0140m34,2194.712846763787,70.12850749432684,50.543246805368696,4.411348207757301,5006.807122473648,1.698637267581422,39.3536880611525,497.7669846969226,118.86847648571097,6.787101343819357,4.496276399052499,4959.392354657581,1.1358249378177963,22.964046815132797,2334.7993286259425,80.13760778152425,24.07016004560942,4.161326798220932,3726.1506941106077,1.6488531648760973,51.00867835900299,3759.8050876369193,108.5111795449745,38.83672136967819,5.6346887790574955,3728.947861472906,1.6488531648760973,50.97051234063214,0.0,36.95160791315394,nan,nan,6562.8,1.0,13.853480493619768,898.0074186813656,57.7549070854937,6.723901401207504,1.2402683664479373,4861.4776804593,1.7451341249633625,41.864434897203566,948.2364478928164,66.79881600185648,35.80205691158576,8.931815843135462,4340.596989658166,2.0287213952310035,55.850077839020216,517.29453415541,43.26896980999236,9.782115155544693,3.269102517087926,4101.819417413087,1.756368633866184,49.9977464771159,8373.22604790013,715.0685328358938,177.43321940629423,63.63762304324065,4012.652507013572,55.43088962542925,1777.3826528625925,57.60872004820406,2.918756667877095e+17,0.2111891014454111,4839976705703414.0,3888.902146620314,0.26083783924522447,nan,31.659928023052846,8276087683425.737,0.31825500012720653,389330473555.111,3835.4622349845476,0.2597649648463067,nan,653.9835194470572,102.81637436402472,17.977229688877532,9.904536535362878,4363.153292129319,2.220843443719757,61.496904774816656,859.4385730996016,80.81172189263252,8.132061050614482,3.50128693787944,3869.4782160803124,3.4215157386402115,110.21132380296982,0.0,36.95160791315394,nan,nan,6583.45,1.0,13.810026928666252,0.0,36.95160791315394,nan,nan,6548.05,1.0,13.88468655302385,0.0,36.95160791315394,nan,nan,6716.44,1.0,13.536579167464883,0.0,36.95160791315394,nan,nan,6730.82,1.0,13.507659064352907,-63.105533561738895,35.09363907795124,-2.187628563592705,1.2165628418659997,4685.6182109902165,1.4751142409319145,35.27883595924203,0.0,36.95160791315394,nan,nan,5875.62,1.0,15.473706908126772
25d01m35pt88s-34d10m56pt975s,25.02663333333333,-34.182493055555554,0.7124492526945103,18.453007966164225,9.190173222358315,0.08255776235596086,7.82032835967872,0.007492328221449776,5.932055275416035,0.5362551028236858,228.39010019204474,135.81462308741845,0.395,macs0140m34,890.5107498985199,36.7507994668264,64.94062566961942,7.320340129719559,5006.836664540592,1.5449018039819662,35.01878379191318,0.0,35.219125567666666,nan,nan,4958.91,1.0,18.334194769319836,877.5995404216228,88.94836049689629,41.4110538398665,21.131720926488416,3726.7738096845965,2.147111246186185,69.35372776209857,1471.9399839065638,133.0722582114573,69.58486730504538,31.614363748506012,3729.4301200963578,2.147111246186185,69.30183550115376,0.0,32.50310561497053,nan,nan,6562.8,1.0,13.853480493619768,546.1935406526485,40.45071474676839,360.3020793775375,76.5393213935825,4861.129072782877,2.2874783239995096,57.031416610309016,225.59836249270913,36.90428881658693,19.33780994704197,11.203800807626983,4340.412746302576,1.0868365436740337,24.385596349155442,-742.4909351205872,381.1705305106741,-64.77162864614563,33.2516329631445,4070.78817124746,60.19241421243935,1868.1351961621551,-14.422944289893975,277340443536992.47,-11.23080206236872,215958375949353.94,3970.1339289257257,0.250002077185339,nan,-29.68445567427951,1.3717319479708016e+17,-2.94282416509456,1.3598921835775546e+16,3888.3487948962525,0.21920491560267277,nan,0.0,22.09815717758075,nan,nan,3835.4,1.0,23.704860453545347,0.0,26.88488533822158,nan,nan,4363.21,1.0,20.83732430562082,259.5654195835708,27.18808025751337,8.045338401002741,3.8602819207346437,3868.8402175183264,1.2514816473163077,34.13815770210111,0.0,32.50310561497053,nan,nan,6583.45,1.0,13.810026928666252,0.0,32.50310561497053,nan,nan,6548.05,1.0,13.88468655302385,0.0,32.50310561497053,nan,nan,6716.44,1.0,13.536579167464883,0.0,32.50310561497053,nan,nan,6730.82,1.0,13.507659064352907,5976.747756998985,506.82248089358836,110.27165001720887,28.93208469040959,4656.047485078444,74.90578548250065,2035.1046711262234,0.0,32.50310561497053,nan,nan,5875.62,1.0,15.473706908126772
25d01m37pt92s-34d10m19pt922s,25.027199999999993,-34.172200555555555,0.8160672954646586,19.047783556735112,nan,nan,nan,nan,nan,nan,1185.4886037780263,500.0913273001293,0.395,macs0140m34,1873.599322355127,82.56987004024064,22.91890236391249,2.7588259525362133,5006.847777577965,1.834363851648833,43.113168130787,796.010907300433,72.08907853588751,36.47911305795506,9.16566790391063,4959.105050369477,1.6458494468459877,38.241756149754266,1094.4596242020953,62.602949976496376,25.47859192819061,7.33980185697877,3726.32266647862,1.6186225717577223,49.865504531851855,1861.529103978779,89.32235594932503,43.41314948629643,10.472484033303795,3728.882297505328,1.6186225717577223,49.828193865838514,0.0,33.64488951912323,nan,nan,6562.8,1.0,13.853480493619768,-9727.862222996146,3716.583121293263,-226.59140984337768,86.5704910235215,4915.667469840721,134.32263038792038,3517.638178587806,270.13208150491124,40.44730141404138,6.3686219567306175,3.3791869471449885,4339.253881968536,0.8354655420049113,13.37709087749571,47863.08270751754,11642.241345081095,488.87283487588644,490.6122556139176,4043.8291191380763,280.87061283415096,8717.678785792883,-2201.3058513513693,1086.1180185172047,-79.43945958702817,39.195202423040584,4001.7191183716573,114.13663957869454,3659.9962018748524,-67.63410670075928,49.45778432652994,-7.172888610686292,5.245211258206254,3887.405777087978,1.9375101703259976,59.14115411532635,233.9580192533402,28.147721289603354,648.5227732647402,365.1037541722787,3835.6123856920512,0.8423612995444995,15.553973212123804,31688.81076292678,2644.0767955628444,237.7435896020354,68.68355838048232,4389.4331541877655,170.005703546177,4960.399708071342,0.0,20.776359500613804,nan,nan,3868.75,1.0,23.500516131444996,0.0,33.64488951912323,nan,nan,6583.45,1.0,13.810026928666252,0.0,33.64488951912323,nan,nan,6548.05,1.0,13.88468655302385,0.0,33.64488951912323,nan,nan,6716.44,1.0,13.536579167464883,0.0,33.64488951912323,nan,nan,6730.82,1.0,13.507659064352907,11528.338285168287,2681.452629316899,450.744859833746,314.2788093070139,4738.963633034484,134.81426790396796,3662.86030888179,0.0,33.64488951912323,nan,nan,5875.62,1.0,15.473706908126772
STACK,0.0,0.0,0.5995671197251156,nan,nan,nan,8.019133195084029,0.00022518448057162182,13.688155284975197,1.6842969234565346,384.09259557576576,186.29606719768853,0.395,macs0140m34,6809.434495933523,352.89952802270534,8.506152327320367,1.2041240316804365,5006.759203437615,1.889399437224449,44.62339971260421,0.0,115.64122402381204,nan,nan,4958.91,1.0,18.334194769319836,11581.373185247698,437.39749280747554,14.517993434482847,2.7615586233493765,3726.2647189228505,2.238003637432179,72.6309086581859,12628.487358587485,459.2193117366581,15.861907475737322,2.8993331493400354,3729.094242917388,2.238003637432179,72.57656432535236,7979.397514996601,406.4707487393209,16.88597947319996,1.6475817571807532,6562.836068396915,2.4288023293410586,45.11651465734289,2266.141375077548,273.6258741402528,2.1607583346602475,0.7483478840321094,4861.2017969938015,1.3191120323341643,29.28011016909135,460.3257887424921,6.522041506152557e+18,0.4557415736145588,2.285342063324384e+16,4341.9001420449695,0.26420968001312645,nan,-13314.912443015422,2461.864901458764,-39.70107271930373,7.340542260132285,4086.2501576975283,92.41904656635047,2868.4344901882873,-66.48595755521758,1.9682405676771658e+18,-0.3236361941513372,9580878578281322.0,3970.256831045158,0.3112402908339284,nan,1883.1103432507825,358.52116773463405,5.625659430861086,4.8457193877697895,3888.5937875087825,1.9290554168404122,58.844237320334386,359.1527852318974,456073312.35297817,0.5613706841865113,3336034.5730791567,3835.4715111397895,0.3718171237861971,nan,1929.367418136624,310.114316710991,2.8132997736896828,1.5850245717983689,4362.66968132532,4.9960069019504845,144.3359787726873,2710.9180896325297,281.9844300087368,3.239461522963908,1.5435165182219712,3868.888482167149,4.034893961732744,130.76407798101195,1877.5008448916224,315.5055758601435,5.894518848539927,1.8911545313655664,6583.278009189151,2.851369619548401,53.452114580327176,-6716.426711840724,5834.42611571194,-25.794109179596724,22.406828911517955,6506.531093453544,67.00466309152456,1302.663722968158,2483.8709388465104,249.8043976478832,7.093256290781129,1.3343409906825645,6716.303698388653,2.9581223593133594,54.47869414544051,804.7958757338828,295.05448999725945,1.1707657366991153,0.8010641646661961,6731.2156279440605,2.1043944546624798,37.53696065982418,28448.26968428807,4367.31124694679,48.84179622363422,22.523981403010318,4733.3275839922735,58.76381343867966,1596.502155880051,-23.181296527914853,128113993531.68642,-0.1113458340519111,615365039.9290197,5875.748496923362,0.33464291029938104,nan
