object_id,ra,dec,z,angdisp,foreground,cluster_member,lensed,Z_dir,Z_dir_e,Z_j19,Z_j19_e,R23,R23_e,mean_vel_disp,sterr_vel_disp,zcluster,name,oiii5007_flux,oiii5007_flux_err,oiii5007_ew,oiii5007_ew_err,oiii5007_centroid,oiii5007_fwhm,oiii5007_vel_disp,oiii4959_flux,oiii4959_flux_err,oiii4959_ew,oiii4959_ew_err,oiii4959_centroid,oiii4959_fwhm,oiii4959_vel_disp,oii3726_flux,oii3726_flux_err,oii3726_ew,oii3726_ew_err,oii3726_centroid,oii3726_fwhm,oii3726_vel_disp,oii3729_flux,oii3729_flux_err,oii3729_ew,oii3729_ew_err,oii3729_centroid,oii3729_fwhm,oii3729_vel_disp,halpha_flux,halpha_flux_err,halpha_ew,halpha_ew_err,halpha_centroid,halpha_fwhm,halpha_vel_disp,hbeta_flux,hbeta_flux_err,hbeta_ew,hbeta_ew_err,hbeta_centroid,hbeta_fwhm,hbeta_vel_disp,hgamma_flux,hgamma_flux_err,hgamma_ew,hgamma_ew_err,hgamma_centroid,hgamma_fwhm,hgamma_vel_disp,hdelta_flux,hdelta_flux_err,hdelta_ew,hdelta_ew_err,hdelta_centroid,hdelta_fwhm,hdelta_vel_disp,hepsilon_flux,hepsilon_flux_err,hepsilon_ew,hepsilon_ew_err,hepsilon_centroid,hepsilon_fwhm,hepsilon_vel_disp,hzeta_flux,hzeta_flux_err,hzeta_ew,hzeta_ew_err,hzeta_centroid,hzeta_fwhm,hzeta_vel_disp,heta_flux,heta_flux_err,heta_ew,heta_ew_err,heta_centroid,heta_fwhm,heta_vel_disp,oiii4363_flux,oiii4363_flux_err,oiii4363_ew,oiii4363_ew_err,oiii4363_centroid,oiii4363_fwhm,oiii4363_vel_disp,neiii_flux,neiii_flux_err,neiii_ew,neiii_ew_err,neiii_centroid,neiii_fwhm,neiii_vel_disp,nii6583_flux,nii6583_flux_err,nii6583_ew,nii6583_ew_err,nii6583_centroid,nii6583_fwhm,nii6583_vel_disp,nii6548_flux,nii6548_flux_err,nii6548_ew,nii6548_ew_err,nii6548_centroid,nii6548_fwhm,nii6548_vel_disp,sii6716_flux,sii6716_flux_err,sii6716_ew,sii6716_ew_err,sii6716_centroid,sii6716_fwhm,sii6716_vel_disp,sii6731_flux,sii6731_flux_err,sii6731_ew,sii6731_ew_err,sii6731_centroid,sii6731_fwhm,sii6731_vel_disp,nev3426_flux,nev3426_flux_err,nev3426_ew,nev3426_ew_err,nev3426_centroid,nev3426_fwhm,nev3426_vel_disp,fevii3760_flux,fevii3760_flux_err,fevii3760_ew,fevii3760_ew_err,fevii3760_centroid,fevii3760_fwhm,fevii3760_vel_disp,heii4686_flux,heii4686_flux_err,heii4686_ew,heii4686_ew_err,heii4686_centroid,heii4686_fwhm,heii4686_vel_disp,hei5876_flux,hei5876_flux_err,hei5876_ew,hei5876_ew_err,hei5876_centroid,hei5876_fwhm,hei5876_vel_disp,flux_HST_F435W,flux_HST_F606W,flux_HST_F814W,flux_Spitzer_I1_3.6,flux_Spitzer_I2_4.5,WFC3_F502N,WFC3_F606W,WFC3_F625W,WFC3_F656N,WFC3_F775W,logmstellar,logmstellar_err,Z_dir_gen,Z_dir_gen_err,direct
0d47m32pt175s-6d05m30pt586s,0.7922708333333333,-6.0918294444444445,0.22446931972086026,21.365298321343804,0,1,0,nan,nan,nan,nan,2.8116123150000125,0.12316194864166125,77.57405562296728,19.81651530144908,0.232,a2697,6362.788986019171,116.68381817352665,12.591940432369901,0.6307317828532486,5006.824002805668,2.2687033561460854,54.87228939310504,2085.405759243036,92.94423394888827,3.7326415923420884,0.4616176554102517,4958.654409952975,2.2040895195204637,53.65603726162177,0.0,0.0,nan,nan,3726.03,1.0,24.400668213494743,0.0,0.0,nan,nan,3728.82,1.0,24.382410999599827,5889.1157796685575,141.58628320614724,19.538480003285624,0.8997477157033152,6562.87407686711,2.21862761525735,40.84028834141955,3004.750939591104,120.45476241828455,5.393862548975504,0.620171774761167,4861.40337711292,2.285546184338905,56.97826504454364,1093.8301749217612,111.47447916406995,1.7633334367883382,0.6363978039927326,4340.650912160729,2.0435672118605797,56.313785342574114,706.7724973949751,104.86493616369195,1.058994561556572,0.62753804801252,4102.50323721998,1.4207865834357394,38.374942742187734,908.537603935894,124.43776752313794,1.395615529410512,0.8225180404345862,3971.047466998948,2.568152853515384,79.23573754432674,2499.271395464334,731.696343336173,3.3318707030737476,4.42523288259405,3884.2351659816354,9.99923566878981,326.52642944617054,0.0,0.0,nan,nan,3835.4,1.0,23.704860453545347,818.504181901079,21176677.1958435,1.2384356037723523,112258.84619809609,4363.679236945411,0.6207593383870463,nan,0.0,0.0,nan,nan,3858.75,9.99923566878981,328.2406140748108,78.04687728594136,795.3603706417058,0.1920827149353491,3.7366063520392045,6584.313586129654,0.4999617834394905,nan,0.0,0.0,nan,nan,6546.043057760952,7.747134551478258,150.00715683587984,1614.7691675993804,131.62416495321742,5.527640837212892,0.842763453984749,6716.4482834455,2.9525378129051782,54.369738586278324,781.313187568151,187.75912775943004,2.4522363303158863,1.09985544349378,6730.960024555424,2.948194371485827,54.169012061700656,0.0,0.0,nan,nan,3426.0,1.0,26.53754284399528,0.0,0.0,nan,nan,3760.0,1.0,24.18021855944889,571.0550757034432,98.76433266903119,0.9336253046448784,0.4937631895661775,4686.376647947624,1.5379915591575248,37.20826307780595,1163.8039184576105,154.9677929584038,2.9927192100510966,0.866652448119044,5874.151286269798,8.109497996594506,175.05690725980423,-999.0,3.4003360620502234,4.710827320376643,0.17654110163492048,0.0740792465912797,,,,,,7.294918153749545,0.06211737992305467,1.031492,1.031492,1.0
0d47m35pt7414972s-6d05m45pt46070142s,0.7932615269987924,-6.0959613059510875,0.40356436459876277,,,,,,,,,,,,,0.234,a2697,3988.9926538417167,64.98208316839337,91.30362943475343,4.062611126529947,5006.839148133549,2.005502532709892,47.78725643463929,141.87351438114544,84.37067112797378,1.5086858750338217,2.488326363069314,4960.1552060915465,1.4945932385722889,33.902069014347795,0.0,0.0,nan,nan,3725.8393172074752,5.9284884732109315,201.14625991669564,0.0,0.0,nan,nan,3728.523119445392,3.085812782665918,102.60991002149609,0.0,0.0,nan,nan,6562.520512789722,0.4999617834394905,nan,225.18728616729544,71.0839220183381,5.0124701777350955,4.547190876912973,4855.689550963157,2.048056436291737,50.405129709215934,283.8931760980184,66.0734783999189,22.330267520419525,18.39782357467272,4341.477706785064,0.9944982779797321,20.71997210438534,609.9371448035231,116.49351930090218,6.073739644709965,4.6280753783563116,4104.487884303846,2.8112365792373124,84.50733513028088,0.0,62.44260744512954,nan,nan,3970.08,1.0,22.900702702093618,0.0,0.0,nan,nan,3888.4982473509667,4.080792793357396,131.6065707711808,0.0,0.0,nan,nan,3831.9760385499812,5.588815628844737,184.05116714215688,0.0,0.0,nan,nan,4361.953154878922,5.5276911842701795,159.98900525592637,1527.9356442147334,190.25672089653818,139.41315142152234,79.4859156356135,3869.536640421949,6.778844466609626,221.8809819153023,18.666888725031686,187.81559642605293,0.3880037392493251,7.453128296047754,6583.405961855005,0.4999617834394905,nan,347.7192066656473,82.92636439491024,13.746608396001934,6.294265010793665,6548.091314060789,1.5059370975163218,25.92376808470854,0.0,0.0,nan,nan,6716.44,1.0,13.536579167464883,0.0,0.0,nan,nan,6730.82,1.0,13.507659064352907,229.18837621195667,0.0,2.1498186287172847,0.0,3423.43698525485,0.4999617834394905,nan,835.4015580936208,14098700.995428685,5.09698226575754,424148.9703793827,3756.950233685972,0.5604893713594409,nan,0.0,34.59111136224426,nan,nan,4685.68,1.0,19.403292965701418,172.02573702215034,74.82661420176892,8.482243891102083,8.031116363190925,5869.9906538552705,1.1321807475104742,19.280848593249267,nan,nan,nan,0.2537239654712248,0.11435331886498258,0.7607900849023262,0.03433877286712886,0.06219170830839885,4.363132369725686,0.11786081190657025,8.191089895056578,0.13458800777384744,1.031492,1.031492,1.0
0d47m43pt575s-6d05m04pt384s,0.7954374999999999,-6.084551111111111,0.8000350448050766,27.562286704118616,0,0,0,8.132766017447196,0.0,7.875307741873607,0.005751746723574991,6.98271032025973,0.6966293772841116,45.10146333288366,11.245513877356288,0.232,a2697,4086.6915825273877,138.24534017502964,62.12650653759385,5.740417925970567,5006.831154980506,1.873090930162101,44.176638995741264,1804.4678819335386,134.81781102492016,44.163391468423576,9.154676691738295,4959.014088341578,2.053789488473105,49.56985977851961,1756.447490254632,66.34342455987047,10.60875099612024,2.0184224533275996,3726.087849074511,1.3026864913393574,37.53780245316292,2865.3897928960373,90.58249468585991,17.337424078707592,2.7558683074518178,3728.633828867244,1.3026864913393574,37.50971569412271,0.0,0.0,nan,nan,6562.8,1.0,13.853480493619768,1505.5753805379904,146.7576727431479,18.307827208809833,5.118693609797137,4861.222634475485,1.9683178603231282,48.177106341603555,693.78965143607,323952.81333755236,15.914405658278406,26317.236345969857,4340.517182651139,0.5002724464205979,nan,416.3459926844606,126.94997284182764,5.126411614462073,6.245815311174422,4101.648590233728,2.340290743375851,69.31287057190774,344.13610292500283,84.87228438823023,3.442730225111916,3.656890380768397,3969.4800492652284,4.096041690350039,129.41711138374868,165.5997544547211,0.0,1.5818974087004658,0.0,3888.091515357724,0.4999617834394905,nan,374.01517431598285,89.525059380758,3.4827343925040855,3.9025988218399243,3834.9286106201234,2.649987527779549,84.83788378930859,987.6345989535487,394587.2328431947,11.043952257672988,15465.45639648461,4362.7772604532065,0.4999617834394905,nan,660.6948863675191,59.676719962879496,7.22096439348461,2.9876773800163687,3868.8711243937273,1.1516148358401745,30.092047497757438,0.0,0.0,nan,nan,6583.45,1.0,13.810026928666252,0.0,0.0,nan,nan,6548.05,1.0,13.88468655302385,0.0,0.0,nan,nan,6716.44,1.0,13.536579167464883,0.0,0.0,nan,nan,6730.82,1.0,13.507659064352907,557.9995015833667,62.89742353162615,5.758231780702123,4.129175156656294,3426.6613137299523,1.3443483001543561,42.64944741161652,268.98229167581775,32.73145988257688,2.4950331145075357,1.492716514396865,3761.2069460329226,1.007559103309505,24.537329753802346,0.0,0.0,nan,nan,4689.244114269337,8.132682346366225,220.14531387112743,0.0,0.0,nan,nan,5875.62,1.0,15.473706908126772,-999.0,-0.02312480539900013,-0.09519050650678738,0.1911821736094253,0.05575022169939943,,,,,,8.159389100334613,0.02199115290341036,1.031492,1.031492,1.0
0d47m46pt41s-6d05m01pt731s,0.7962249999999998,-6.0838141666666665,0.813730341991405,29.234392149658305,0,0,0,nan,nan,7.995054837583766,0.005742774737297959,7.657246782344966,1.2710694233796889,47.74267136982182,15.686974371211788,0.232,a2697,2631.1753853074147,126.41843917172314,161.06592596676776,21.137357541580972,5006.842178496315,2.003571712900292,47.73486257063124,648.1729577339107,87.71897925227861,7.289559336587664,2.736740894388615,4959.380628059953,1.5038472363619615,34.17073007166657,1384.470730149666,69.78828444063166,7.843174601487567,1.991732076137701,3725.905951911926,1.4751623977721935,44.36687333976902,1586.994935203225,72.12239595962903,9.00809924562495,2.0583467639600443,3728.708276172414,1.4751623977721935,44.33367689246988,0.0,0.0,nan,nan,6562.8,1.0,13.853480493619768,816.3265709035902,133.3659143771464,16.707999602099157,7.829416748854983,4861.222489373825,1.755217878314025,42.152560955104285,88.27133415263357,143.99896199083807,0.6964808124396319,4.024429999412321,4340.224478071667,0.4999617834394905,nan,0.0,0.0,nan,nan,4101.47128023074,1.9053089619815902,55.00152350500359,0.0,0.0,nan,nan,3973.5105427157696,2.6150198117635757,80.79666229839106,353.91373032235066,53.7527878514079,3.5657043909267205,2.451153459342482,3887.9462374083014,1.138799051652348,29.40480550514024,119.73694845218827,1551.241045957657,0.7938063175650303,48.161863884413805,3834.3620877858802,0.4999617834394905,nan,1179.3675011802975,105.31994407298323,14.146615243730414,4.429185504412305,4362.188445002607,2.2025532392427385,60.93430958136255,351.59875398275443,55.57004799706897,2.7962202792294293,2.026189071625547,3867.4878144882928,1.0135581206830682,24.121302699884023,0.0,0.0,nan,nan,6583.45,1.0,13.810026928666252,0.0,0.0,nan,nan,6548.05,1.0,13.88468655302385,0.0,0.0,nan,nan,6716.44,1.0,13.536579167464883,0.0,0.0,nan,nan,6730.82,1.0,13.507659064352907,180.86782661961004,91.15529682547465,0.6452827693731175,2.0638926558161015,3429.468324170293,0.4999617834394905,nan,2096.274446785904,572.8642945891555,31.753256146883956,42.58925792060859,3763.7462531055044,9.99923566878981,337.7342754526394,0.0,0.0,nan,nan,4687.534783216456,2.6710370355803037,70.0357054091201,0.0,0.0,nan,nan,5875.62,1.0,15.473706908126772,-999.0,0.9793916507898521,2.3053820180429034,2.2551211294622164,3.0376241379467794,,,,,,9.687665841850803,0.13380473354953215,1.031492,1.031492,1.0
0d47m48pt01092374s-6d05m28pt46077468s,0.796669701037554,-6.091239104079102,0.636493019604309,,,,,,,,,,,,,0.234,a2697,18342.768660540885,68.24873114911351,18.176749889907224,0.18472790563508096,5006.840834445676,1.7061578651961724,39.563471126068784,6172.784618032881,89.03133378757333,6.295586619562051,0.25193775875344065,4958.924971485399,1.7981981248530818,42.52365054994582,4359.128474228522,106.39051998493038,2.732583602124368,0.3359585599918988,3726.0091038026912,1.6836752121110488,52.31979523028367,6417.408417895022,133.62000423887005,4.030920483279635,0.421943460907614,3728.881789659576,1.6836752121110488,52.28064820020646,0.0,0.0,nan,nan,6562.8,1.0,13.853480493619768,3775.830783477803,116.50194399291375,4.206492539599995,0.3722564704818713,4861.371327364013,1.8034392727729245,43.52618711699272,2185.848799375212,63.61464499085943,1.9143725990705724,0.19732923149516468,4340.3598773307995,1.8542161242411976,50.361610546177126,1251.8394210932784,50.881327147908294,1.007479578360665,0.16363694661317896,4101.488238052665,2.094953179418254,61.28624229314098,744.8375528380597,75.14481076179464,0.6066342173497835,0.26390666894784565,3967.487954972221,1.2241567950879033,32.20435165392934,0.0,0.0,nan,nan,3888.107811255905,5.686648518778757,184.73926975163056,0.0,0.0,nan,nan,3829.647593186112,0.4999617834394905,nan,348.6968479733355,879396.1802210708,0.29090044560440836,2570.6612486351783,4363.412061091764,0.5168278941495127,nan,1692.2004200527167,122.80409121045744,1.346209896620447,0.4475338055983583,3868.8073746476443,1.6826668009224734,50.35320412650667,0.0,0.0,nan,nan,6583.45,1.0,13.810026928666252,0.0,0.0,nan,nan,6548.05,1.0,13.88468655302385,0.0,0.0,nan,nan,6716.44,1.0,13.536579167464883,0.0,0.0,nan,nan,6730.82,1.0,13.507659064352907,255.4780357811572,214413.68032214537,0.1390770985918311,741.8096938157773,3427.8196912486587,0.4999617834394905,nan,818.4189937801627,66.59956848575254,0.523425349322099,0.20977464772622065,3758.698904152189,1.4921435978326003,44.6181533713262,1355.3459761042184,469.4712072075178,1.467562774940182,1.5494444112296206,4694.811977830021,9.99923566878981,271.0131455203778,0.0,0.0,nan,nan,5875.62,1.0,15.473706908126772,nan,5.7488815637447885,13.859048354164466,2.327996599056209,2.684543431007448,8.378851701693362,0.48481508811874763,0.9228276571261894,86.78955485022557,1.6219942169117798,9.144619419085146,0.1730265020968909,1.031492,1.031492,1.0
0d47m48pt18s-6d05m28pt496s,0.7967166666666666,-6.091248888888889,0.6364947128440614,5.584921070167412,0,0,0,10.061163784579014,0.00048685353479466524,8.194251275508693,0.00026784729636282966,8.990946442706022,0.29138746715829633,53.594911959876356,16.034354053471862,0.232,a2697,18725.16152186058,64.03206183763875,17.304290662570942,0.16162638258529516,5006.841151089399,1.7144040304620602,39.793278599292925,6239.756444842583,82.70947041297038,5.967412980688489,0.2194669558308716,4958.923989601534,1.7910054033867,42.32310659015777,4474.784146615972,120.00317906212011,2.631673413760552,0.35551011880737227,3726.040999470925,1.7163636432493705,53.54542113426375,6433.04875045251,148.17388680827275,3.790888513824743,0.4389660050263382,3728.8923007615986,1.7163636432493705,53.50535705904301,0.0,0.0,nan,nan,6562.8,1.0,13.853480493619768,3989.8748248994084,127.02525204617551,4.12814678252546,0.37695168060009854,4861.382706720551,1.8763883994195423,45.59202791509586,2331.678897950266,67.5301532768227,1.9013951858843625,0.1950366379277287,4340.42440464379,1.8432593133601098,50.014383099296964,1120.0264520332587,51.36869980155942,0.8390632996085035,0.1537796731390585,4101.494141946715,1.6088268848821512,44.96060826583902,191.0313583652423,152.62918339917786,0.14402675645819862,0.49586762558790565,3968.639112631551,0.4999617834394905,nan,0.0,0.0,nan,nan,3888.5239294608227,7.747323409537682,252.57478815320948,151.0317502470045,110.28451954768296,0.10593747372886879,0.36213992869561445,3834.9202958625597,1.3327169736426205,37.643978304345865,264.7458274305654,0.0,0.20557066141342714,0.0,4363.481758102811,0.4999617834394905,nan,1785.473559267852,117.78194744489902,1.3142087694621496,0.39713047271790525,3868.838227666342,1.4926601785056595,43.38319147046445,0.0,0.0,nan,nan,6583.45,1.0,13.810026928666252,0.0,0.0,nan,nan,6548.05,1.0,13.88468655302385,0.0,0.0,nan,nan,6716.44,1.0,13.536579167464883,0.0,0.0,nan,nan,6730.82,1.0,13.507659064352907,614.6195139755444,87.21338213136028,0.31450416248679236,0.28377824595120305,3427.1890250542015,1.6004572380584585,53.482813970885836,248.87926248447965,92.88159783240977,0.14834972930016682,0.27267757926423836,3758.6342648693376,0.4999617834394905,nan,1134.3433091770833,393.69893553057204,1.1446415375188541,1.2127426981282334,4690.846629703101,9.99923566878981,271.0131455203778,0.0,0.0,nan,nan,5875.62,1.0,15.473706908126772,-999.0,6.267504186686932,14.977900372148106,2.7246724830375895,2.797756985275839,,,,,,9.23661589257072,0.18460555592792433,1.031492,1.031492,1.0
0d48m10pt33722465s-6d05m57pt46071002s,0.8028714512914789,-6.099294641672274,0.5081774652974029,,,,,,,,,,,,,0.234,a2697,1761.5583930657979,82.72286268633098,25.226101461833178,3.2356572480992773,5006.860223559952,1.9313368870459533,45.769475704569665,939.1369639242889,76.59640933620571,19.00872888086018,4.301322269918005,4959.104787754279,1.7443758191806498,41.01938511745206,844.6056493678326,1696.286682561901,13.016716969101463,131.74659929854906,3725.403836527263,4.224626336900394,142.35076792742342,2017.5833431404958,2977.9813681478568,31.151239847683033,231.29281274281496,3728.029768075795,4.224626336900394,142.2442573845392,0.0,0.0,nan,nan,6562.8,1.0,13.853480493619768,693.3642740577019,2477727.3862455958,10.770468955377615,110423.54794079154,4860.490368831173,0.5124781526497829,nan,0.0,0.0,nan,nan,4336.621863580239,0.4999617834394905,nan,23.705574012205194,158.2668892708946,0.5636400667096678,15.034196367006757,4101.897063451465,0.4999617834394905,nan,0.0,0.0,nan,nan,3969.1413619203554,9.99923566878981,319.8627926142355,0.0,41.244549646109064,nan,nan,3889.06,1.0,23.37778840736009,358.62144571294334,65.2793710709417,3.174539431183496,2.7121007335565808,3830.9997459108304,1.2939449564889587,36.1228491150013,0.0,37.738461902976795,nan,nan,4363.21,1.0,20.83732430562082,0.0,0.0,nan,nan,3868.923630947949,0.6385914491141975,nan,0.0,0.0,nan,nan,6583.45,1.0,13.810026928666252,0.0,0.0,nan,nan,6548.05,1.0,13.88468655302385,0.0,0.0,nan,nan,6716.44,1.0,13.536579167464883,0.0,0.0,nan,nan,6730.82,1.0,13.507659064352907,0.0,0.0,nan,nan,3425.6853367749636,7.213353964361549,266.78306424130005,126.6894321410385,93.59265621434339,2.671744031269437,9.726141684616206,3757.883759088729,0.4999617834394905,nan,0.0,0.0,nan,nan,4686.399036353664,2.4402862159307297,63.51631730182846,0.0,0.0,nan,nan,5875.964136628419,3.012854520812849,63.494689394980945,nan,14.506761801661057,30.993382221917134,3.7804706968118906,3.2494612448981726,0.3763075869235402,0.036811486510328555,0.06941239915835602,4.535829517614674,0.14662362403731483,9.558750355284678,0.16598405749157624,1.031492,1.031492,1.0
10d11m49pt875s-44d08m18pt6s,10.197187499999998,-44.1385,0.3395226012802217,62.67326702320006,0,1,0,9.002853564417594,0.0029070777331024027,8.181569504397821,0.000257582012896687,22.695664716071857,1.086692288248622,146.9016658476335,19.357139910010485,0.363,macs0040m44,61394.79676226664,992.7455614382286,18.470544282638045,0.8157390514953452,5006.993414244516,4.568388184407238,114.78976672626183,20186.1825235035,376.6089714111447,6.033713781918061,0.312304983882083,4959.186003314092,4.416438617111912,111.95000537848554,19291.99508970898,2273.038824519067,7.839809609243638,4.655718743104775,3725.210051404818,4.8574498406028335,164.2358326095306,22519.527095440473,3173.3558990860515,9.171519487150704,6.499780108702276,3728.3547387794347,4.8574498406028335,164.11294709266988,16043.180688307322,1725.1805171664487,4.264173791679405,0.8784292318370858,6561.878896779543,5.725596873171271,110.23623491918545,5436.831351475668,189.7303166494238,1.742020697375184,0.17436355813237558,4861.304952469989,3.538239714641221,90.82913337703448,745.1290093577852,186.67870899509103,0.22866436471949822,0.20280919207648507,4341.35235297045,1.8185490176531105,49.23001123569239,0.0,0.0,nan,nan,4105.746278927672,0.4999617834394905,nan,0.0,0.0,nan,nan,3969.6954099421246,0.4999617834394905,nan,0.0,0.0,nan,nan,3889.4823837561635,6.9166716185517085,225.25783990608704,0.0,0.0,nan,nan,3835.168620682075,7.239958202012844,239.19324431362497,3033.7353352464816,246.59052804430286,0.9313062781681468,0.2653916565497544,4362.257227034571,5.668105646147499,164.11844900844173,9504.089155934764,851.9138400634898,3.1849653093771138,1.3080627821458932,3868.4922702906015,4.038363478433586,130.8800068204554,18363.85219561168,2936.9055927728614,5.619425255164883,1.7165057966653663,6580.725338075055,7.481950392815912,144.05063026221902,67.29032462525157,2683.5228257153976,0.019157780450790196,1.4666675957165063,6548.833437698486,0.4999617834394905,nan,8069.843800991098,1512.4591950969475,3.197412318981453,1.1209446445830609,6716.0450520240765,9.99923566878981,189.07053077254085,6487.997621414878,1928.2589354734512,2.5626703369095685,1.4229475438874586,6724.117971964413,9.99923566878981,188.66659273341497,0.0,0.0,nan,nan,3426.0,1.0,26.53754284399528,0.0,0.0,nan,nan,3759.506213125615,9.99923566878981,337.7342754526394,6570.171442923374,541.3199209898102,1.998749896333447,0.5039379459409791,4684.474750185898,9.99923566878981,271.0131455203778,6854.4823244099725,760.240214609386,2.6466932096716924,0.6385256529961507,5873.273379565171,9.99923566878981,216.12712798001303,-999.0,-999.0,-999.0,14.798543024452911,19.921883368491127,,,,,,9.264581812462588,0.5354944207645544,1.031492,1.031492,1.0
10d12m15pt3s-44d08m14pt824s,10.204249999999998,-44.13745111111111,0.5955161948855836,39.91728761548158,0,0,0,7.649513972388512,0.003417979581824817,7.986651861480264,0.004028292584602074,7.6406679904655395,1.146006025618475,106.57056089505195,21.2372014831877,0.363,macs0040m44,11820.532061877237,251.64685070398264,18.14526021757501,1.0551447386616595,5006.785389176136,5.574369855878273,140.61885688610315,2394.5339557062734,158.87918128109786,3.5360910718283596,0.6512038889097203,4957.867183618239,3.6779782219884054,92.69884217559034,16696.261739914356,4877.916569807625,31.9986805866361,47.08903378120809,3726.1290942508617,4.634707816109768,156.54103272764988,22753.068004355446,6192.057973821167,43.676296110008046,59.77511565269825,3728.4150888786353,4.634707816109768,156.42390465997426,0.0,0.0,nan,nan,6562.8,1.0,13.853480493619768,7023.521481213266,209.493570538994,11.23226360727961,0.9610598294557385,4860.936728181891,5.16014119410423,133.8863245458386,1945.544673407947,152.81643676960576,2.4749527811632803,0.6889773217046657,4338.980266606959,4.51382291014467,130.79333699959903,155.4226076754564,57.54495554993448,0.16560553308970452,0.24516396540587623,4100.415554424592,1.0490556073307866,24.251858622753325,0.0,0.0,nan,nan,3965.8227619163144,1.389314157331956,38.48346721097648,0.0,0.0,nan,nan,3888.8342371390727,0.4999617834394905,nan,0.0,0.0,nan,nan,3832.857786631643,0.4999617834394905,nan,1390.560786703118,202.21502621069456,1.6882078023240195,0.8599485814904582,4364.1128215041535,7.160331502453369,207.92403571187089,3878.1082157398573,174.43321974401445,4.3699549256548655,0.9009438958869541,3867.864277414857,8.021728000121348,262.96647042010085,0.0,0.0,nan,nan,6583.45,1.0,13.810026928666252,0.0,0.0,nan,nan,6548.05,1.0,13.88468655302385,0.0,0.0,nan,nan,6716.44,1.0,13.536579167464883,0.0,0.0,nan,nan,6730.82,1.0,13.507659064352907,2957.1463465009365,171.93003038119488,3.4494877096869656,1.2726166492521975,3429.607338241996,6.168154665808849,227.7277989444747,1478.7008907945717,261.853265899389,1.8983138840839822,1.656034713884614,3758.2902468415664,9.748576093893938,329.22576114904734,0.0,0.0,nan,nan,4684.381091010507,2.0282113592858027,51.720528554971345,0.0,0.0,nan,nan,5885.62,9.99923566878981,216.12712798001303,-999.0,-999.0,-999.0,3.4965496047292106,3.1942398995106633,,,,,,9.2483624149982,0.27029759054956426,1.031492,1.031492,1.0
10d12m40pt95s-44d07m36pt244s,10.211374999999997,-44.126734444444445,0.3100129674661394,11.404008604700051,0,0,0,7.800183526953036,0.028905259852934254,8.009367849967076,5.006227547050084e-05,7.996659575846278,0.1662220994232096,88.16047469450058,20.8839293650235,0.363,macs0040m44,7041.993422188298,89.86941358783317,10.876692568555539,0.3791399420423249,5006.842180858533,2.3146027526470756,56.09797126941661,1710.8554901272455,86.63343573159337,2.5425736756270796,0.3572189930852647,4958.970260344623,1.829571959089801,43.39675169230589,14491.16979366368,256.4327553367682,15.433710407089192,1.375854459975015,3725.9329592836043,2.354845741214614,76.8227823597324,19956.023746974133,330.79826252581347,21.29551606013204,1.7748522970492304,3728.727867546327,2.354845741214614,76.76530155808908,12949.409875529776,249.9683208428543,30.490326665473777,1.1273564598979227,6562.797600318014,2.534742120598681,47.25863320092067,5402.261037025768,98.11558099124686,9.141205710260426,0.4761806008277142,4861.3428282244495,2.141593511477265,53.00419724312771,457.59437552019034,19806.682657018326,0.5288490584648399,81.05683484670695,4340.856319426952,0.4999617834394905,nan,193.49254164839442,2.562878626920963e+35,0.20008798437256467,1.0587621582480638e+33,4102.003710042707,0.4999617834394905,nan,0.0,0.0,nan,nan,3971.019401711265,3.261283986000787,102.14346279632238,333.9674145797615,211.47372500209121,0.32640145971647044,0.9350361867978703,3888.67405202531,0.4999617834394905,nan,0.0,0.0,nan,nan,3835.703525152026,7.351418138040206,242.91013257071853,1724.432502437575,353.2868367480353,2.003291341185609,1.4375288808876625,4364.271790555456,8.753389569824558,254.589210665765,4368.091786185304,391.92264661835236,4.354151907573114,1.7929812569831303,3865.859841662289,9.99923566878981,328.2406140748108,1636.7442588506897,20060849.315604035,2.5530873621990797,59740.714651241695,6583.5038484220695,0.6227972245967703,nan,0.0,0.0,nan,nan,6548.572251350755,0.4999617834394905,nan,3288.5567184532765,298.3097480315351,8.361000263351434,1.418588620671855,6716.518407635656,2.757798194650136,50.562094038609594,2220.9920905977333,370.92829704283014,5.165449634303596,1.6101762920029707,6730.574977598046,2.743127542638686,50.167134680055845,0.0,0.0,nan,nan,3426.0,1.0,26.53754284399528,1009.9654229865039,144.08636970008425,1.122584603561328,0.7897823755965326,3756.78022027529,2.5752664875088143,83.91313583819561,579.4514251365201,70.01490704677231,0.7550122163809846,0.2791899299276284,4684.2891281924,2.068408171195031,52.88265410154376,669.7472098447604,110.03154626957566,1.4528433745523421,0.5188531705558697,5876.293192191616,2.043419583277085,41.59692556740144,-999.0,-999.0,-999.0,0.5076460077043073,0.1446769798761244,,,,,,7.908525859017567,0.04971317726702307,1.031492,1.031492,1.0
10d12m52pt83s-44d08m06pt786s,10.214674999999998,-44.135218333333334,0.18760992576748725,21.437399526634895,1,0,0,nan,nan,nan,nan,4.081422789291807,4.4245066473558685,36.00038912188267,8.387090353466611,0.363,macs0040m44,2625.29064947068,83.13680551022692,1421.7869153671272,122.98084441867384,5006.837740418037,1.8881164591113024,44.5882758407986,804.8907130123656,72.58227319415452,38.558223986109674,9.648219784600798,4958.63856095305,1.4525220530668368,32.67459199318995,0.0,0.0,nan,nan,3726.03,1.0,24.400668213494743,0.0,0.0,nan,nan,3728.82,1.0,24.382410999599827,2627.660783525843,113.55589466174757,173.12433589563696,14.331635486804068,6562.3201502095035,1.753714216539426,31.192287049841056,840.437646274386,910.6833689304881,158.8256352156773,493.6289811089903,4861.261414138116,1.043750843418906,20.275518882988916,600.0095587467279,78.49034759020986,8.861668068187766,4.106509146868061,4340.010095554277,1.079248325418693,24.093913087910355,1422.215995140713,153.55565318954083,82.70974397598116,35.68346956810641,4101.594781054289,2.101311989503887,61.49560360927349,0.0,0.0,nan,nan,3970.08,1.0,22.900702702093618,0.0,0.0,nan,nan,3889.06,1.0,23.37778840736009,0.0,0.0,nan,nan,3835.4,1.0,23.704860453545347,0.0,0.0,nan,nan,4359.480754097844,1.389224684040326,35.01304231266559,0.0,0.0,nan,nan,3868.75,1.0,23.500516131444996,0.0,0.0,nan,nan,6583.4920575537235,3.6701960054807343,69.67106513217148,0.0,0.0,nan,nan,6550.775197061597,9.848224449952577,190.98931839637046,144.2432875993748,4.172109440856037e+16,7.471585375565686,4042349255139932.5,6716.136996350992,0.4999617834394905,nan,1321.803908475494,121.54512597176084,24.428748160609747,4.192081223743886,6731.568264315928,2.562611634888834,46.62714759692909,0.0,0.0,nan,nan,3426.0,1.0,26.53754284399528,0.0,0.0,nan,nan,3760.0,1.0,24.18021855944889,529.3425642554786,255152.2926925596,7.850197973939124,11575.255585924417,4685.397322742568,0.7386015711662615,6.4026993464142326,183.10832056913338,642.3462650023997,8.297367102732418,63.287245333186306,5875.260989610645,0.4999617834394905,nan,-999.0,-999.0,-999.0,0.36973520243855057,0.6692983428376933,,,,,,7.148919927126504,0.3453181573921572,1.031492,1.031492,1.0
10d12m58pt305s-44d07m44pt763s,10.216195833333332,-44.12910083333333,0.5007537618119453,14.39773480211718,0,0,0,8.035564321494492,0.005025444111255207,8.041020422989096,7.053937982514049e-05,8.717553556969005,0.2686438602490515,58.341494060072364,13.683515301429216,0.363,macs0040m44,6090.740883103232,99.59197430733911,20.14225490986253,0.8995964359132878,5006.849115287248,2.77838109678303,68.36761640173371,2191.5616830460935,84.26094811105817,5.943998456436833,0.6340333532741775,4959.16494819398,3.108589252847806,77.75712481048251,8700.787086185815,256.7574558589504,23.78786744631501,3.536363828714408,3725.917100072766,2.3940149937556225,78.2233594473115,13704.576533417694,368.26268019613605,37.54343246653149,5.072144126659602,3728.7916633246186,2.3940149937556225,78.16483069750379,0.0,0.0,nan,nan,6562.8,1.0,13.853480493619768,3520.215389009045,94.2977033487419,11.213142061200386,0.8614815294199223,4861.468428035157,2.182921877591664,54.14812825467469,1030.3625866066097,74.59081844645607,2.2745817722814903,0.5831775698012952,4340.477680724057,2.3415476354463407,65.53922127299471,238.52457571373702,25607.75422647692,0.5424834869204177,232.63032413405716,4102.309342674121,0.4999617834394905,nan,0.0,0.0,nan,nan,3963.362949065486,0.4999617834394905,nan,161.60038274310565,706.2608417661902,0.26763379894291195,5.2926450203552236,3888.3606770312,0.4999617834394905,nan,0.0,0.0,nan,nan,3837.059268529004,0.4999617834394905,nan,396.96184625609794,66.5993581938196,0.8512690372602295,0.5003363232891622,4363.859998230767,1.7202451646160204,45.8499446880911,1627.9200176835554,137.5575853361597,2.8042882783818897,1.085709879892575,3868.4888444810476,7.055011177198772,231.01580111122524,0.0,0.0,nan,nan,6583.45,1.0,13.810026928666252,0.0,0.0,nan,nan,6548.05,1.0,13.88468655302385,0.0,0.0,nan,nan,6716.44,1.0,13.536579167464883,0.0,0.0,nan,nan,6730.82,1.0,13.507659064352907,721.9809500636774,138.75681863325016,1.3093351474369075,1.603977722866203,3424.428334227744,4.641591526709359,170.50878716783623,783.7537481485658,101.5916044291649,1.5483552516540207,0.9868082225423515,3761.123782103541,1.819218766838866,56.854594617296634,117.88943521122337,53.58299711692979,0.2765220092721295,0.38437574828392956,4686.075642890133,0.4999617834394905,nan,637.0476954166371,105.45457628660753,2.7564755312667253,0.9920211242918139,5875.709648595549,2.6386759000042646,55.125052405024846,-999.0,-999.0,-999.0,13.59262614234377,0.5703046026788154,,,,,,8.476767051355134,0.0841054048314616,1.031492,1.031492,1.0
10d51m09pt885s-20d37m03pt785s,10.852745833333332,-20.617718055555557,0.3804231102296176,13.046479043779472,0,0,1,nan,nan,8.034602825691268,2.0827359328777788e-05,7.319314601752543,0.05313811306389519,55.06240232169472,8.032128444977454,0.2934,a2813,35057.57565862265,159.21882206340806,18.12519745709028,0.22484437749903413,5006.839575404609,2.5133148480566616,61.37796921034079,10819.527932042573,149.06243052726848,5.4750910413443705,0.20928620961044858,4958.966117425077,2.3657390898319797,58.01600729658843,57262.08108050759,526.4850790313594,19.65827966159037,0.910505111006297,3725.97961281056,2.4532085291323984,80.3359188479617,76761.80029301574,674.4196454395086,26.404486665455114,1.1663436602334394,3728.7975311311056,2.4532085291323984,80.27580942632541,58242.782577804,942.4353833270002,43.686783070740944,1.354019575184518,6562.779920576867,2.8312031037358474,53.21665564876542,24578.938705696964,131.48974101023722,13.19054570562001,0.20239462941007794,4861.331771249462,2.2738151657403343,56.655454087595615,10224.975767134205,228.17847348061292,3.744684567730063,0.2959492396435196,4340.5481769996295,2.142217504775639,59.384247391039644,4090.0397647860964,247.62548916255716,1.3250955997019322,0.3205233792701359,4101.872012467791,2.0991543091761677,61.42457173815477,579.6926353882893,2129.03416415032,0.1754076116941884,2.7736670599773063,3970.0720702940393,0.4999617834394905,nan,1009.3055188581046,424.76373658550455,0.2874468406923935,0.5471494805684626,3889.0438034058834,0.4999617834394905,nan,0.0,0.0,nan,nan,3834.907771978271,0.4999617834394905,nan,1218.2940750071077,78119782.44451287,0.4182441854822661,93936.87447916144,4364.241454765083,0.5534968369614321,nan,7101.793284517816,493.0224258955747,2.0226184245964665,0.6430519997471581,3869.2384200998913,4.346220586125781,141.15520509798034,3889.817214410728,4186.378004501453,1.663359756315735,3.4176845389193327,6583.499629466189,1.7659170926701848,31.351648838972107,0.0,0.0,nan,nan,6548.11127297426,0.4999617834394905,nan,9857.486044171208,733.1975076699156,8.240138147307754,1.14638046815945,6716.467014975915,2.7800763575364282,50.998554294449875,6545.528097016031,964.8582052783703,5.081082915699592,1.397913858059823,6730.837486080837,2.7311516126847732,49.932823886820046,0.0,0.0,nan,nan,3426.0,1.0,26.53754284399528,709.9463893852574,128053966473170.4,0.2140414970408379,189974008501.3787,3759.9598337542625,0.4999617834394905,nan,311.43830375249956,1063107.1842866756,0.13194884076332303,1378.3581196588889,4684.4138777870485,0.4999617834394905,nan,2900.033296086807,161.61052640922557,2.369979054903733,0.2871397949785908,5875.613120334233,3.320766305477369,70.33602853812619,6.047570448979925,13.02056654724979,19.419959412722548,1.379030210391395,1.3053736174564672,,,,,,8.86877761488043,0.04899099576885638,1.031492,1.031492,1.0
10d51m29pt295s-20d36m50pt04s,10.8581375,-20.6139,0.6518086857639809,31.68321534250361,0,0,0,nan,nan,8.073834121955223,0.0001564847834188448,11.586763163488737,1.1108496396010668,84.68101094470352,20.377784198641873,0.2934,a2813,3065.0043090369836,163.75441343494782,96.2154293499643,14.041081039405567,5006.788690052731,1.9672503479203662,46.74792789644121,1037.883286470421,107.37029463318318,23.73650178604125,6.814350090245311,4958.391315372765,2.6909530393219883,66.70649909529276,3596.0700712164557,171.71832956185875,14.185500958318375,3.412382481783188,3725.957934721481,2.079756562992651,66.9146557497253,3941.6847464164744,190.03985670750507,15.574551451873097,3.7764674250204027,3728.323272552217,2.079756562992651,66.86458846582806,0.0,0.0,nan,nan,6562.8,1.0,13.853480493619768,1004.6500691255499,92.21129647804852,188.7259374521689,49.68757379714674,4861.071732714067,1.3195174043242277,29.292634436073453,2542.9866817254324,1334.85309157561,95.88776739167658,177.5412571736477,4349.126242648948,9.99923566878981,292.5682705754515,0.0,0.0,nan,nan,4102.772586578983,2.05368409337714,59.92549506217582,0.0,0.0,nan,nan,3969.9624791002893,3.278889554096866,102.72142471950308,0.0,0.0,nan,nan,3886.932557259295,9.99923566878981,326.52642944617054,0.0,0.0,nan,nan,3834.9662605409053,6.094383739712804,200.95474699677038,0.0,0.0,nan,nan,4362.8143385762405,3.7036551187237365,106.11787509345437,525.6769377726653,182772.91195076244,17.850505567369826,28445.565068153137,3868.010992658131,0.4999617834394905,nan,0.0,0.0,nan,nan,6583.45,1.0,13.810026928666252,0.0,0.0,nan,nan,6548.05,1.0,13.88468655302385,0.0,0.0,nan,nan,6716.44,1.0,13.536579167464883,0.0,0.0,nan,nan,6730.82,1.0,13.507659064352907,0.0,0.0,nan,nan,3426.582273742998,5.672991536527609,209.1973366955003,215.2059136144058,163.28575685978527,3.5801672741751895,13.368527949662592,3759.7660009139936,0.4999617834394905,nan,0.0,0.0,nan,nan,4690.300173735394,4.460750192431526,119.6972064911326,0.0,0.0,nan,nan,5875.62,1.0,15.473706908126772,0.3533157959366494,0.24014305879487882,0.5400924173429972,0.10132292336485241,0.08485687615455179,,,,,,8.071891966957278,0.0533975328191647,1.031492,1.031492,1.0
110d51m11pt41361453s-73d27m34pt64474649s,110.85317044847947,-73.4596235406916,0.5494165968883693,,,,,,,,,,,,,nan,macs0723m73,47309.702704448224,676.3231711969278,79.53570503485724,3.105382288728063,5007.1094704086645,7.326732087852838,185.44637821415847,356.37300559695683,159.16843319241434,0.7153837366320874,0.8875151761232075,4955.527645437163,2.2157889918426164,53.972703564973635,593.1736806223352,255.35945373633714,0.6494844789130405,1.410220571551792,3724.2331172901536,1.7394789459895108,54.40928482937655,1103.4894013024636,390.54191413501593,1.212568772911801,2.156764644143826,3729.3486111860334,1.7394789459895108,54.36857438889565,0.0,0.0,nan,nan,6562.8,1.0,13.853480493619768,0.0,0.0,nan,nan,4861.4176518317745,4.593633022527777,118.89464636556205,550.0209132365588,6168973.980376225,0.9610654040885083,38285.35404536136,4334.391957655395,0.5003955039064253,nan,9.540081829649141,435.6567774806523,0.014138658357896239,2.583653443704454,4098.95657268881,0.4999617834394905,nan,126.05964520859723,0.0,0.17680249933098688,0.0,3970.932475751047,0.4999617834394905,nan,0.0,0.0,nan,nan,3889.1519300941095,4.263703087135115,137.68035903310417,139.34987534183466,419.7257225939118,0.20699454110680113,2.9176238577818596,3835.521218092364,0.4999617834394905,nan,0.0,0.0,nan,nan,4362.990048839122,4.547739357578837,131.11301794710158,0.0,0.0,nan,nan,3868.7527337645215,2.9647154523424604,94.80238513665616,0.0,0.0,nan,nan,6583.45,1.0,13.810026928666252,0.0,0.0,nan,nan,6548.05,1.0,13.88468655302385,0.0,0.0,nan,nan,6716.44,1.0,13.536579167464883,0.0,0.0,nan,nan,6730.82,1.0,13.507659064352907,0.0,0.0,nan,nan,3425.1406306742424,5.707155730444273,210.47659518345165,0.0,0.0,nan,nan,3759.8238951927156,4.9584734071423195,166.20793101437175,365.9092776477868,117.33929127018554,0.7290406345978611,0.7153294365761789,4684.8160802487455,0.9726288224871038,18.347463187316418,0.0,0.0,nan,nan,5873.230035869776,9.406142429137168,203.24265972071962,2.3022634033960516,3.654638130240263,7.066720629746515,2.6283963442389107,2.176925337802367,3.4376305133727443,0.12998577497324795,0.19816938345358504,13.791623264652669,0.3431045751155301,9.428561561267424,0.20335560840817882,1.031492,1.031492,1.0
135d08m52pt94267089s20d53m53pt0886783s,135.1480396308023,20.898080188417477,0.08084762004280721,,,,,,,,,,,,,nan,z2089,8452.960747939926,167.43156828775656,11.786014847116176,0.6376509708429107,5006.833948132245,2.823530165215635,69.55325832579085,3536.387458937847,137.44508109162487,5.496788666938845,0.5926059005601854,4959.673816341196,3.5756076744479515,90.020307805324,0.0,0.0,nan,nan,3726.03,1.0,24.400668213494743,0.0,0.0,nan,nan,3728.82,1.0,24.382410999599827,13533.839204422167,184.44538039355186,31.764226146894917,0.8291841392736615,6562.772300929258,2.510806919210495,46.77534261248364,5399.485817260373,196.51530266403486,7.8063990617937105,0.814896984916585,4861.328374122224,2.5899473478960022,65.30210820686185,0.0,0.0,nan,nan,4340.46,1.0,20.94654063936261,0.0,0.0,nan,nan,4101.73,1.0,22.16567686891332,0.0,0.0,nan,nan,3970.08,1.0,22.900702702093618,0.0,0.0,nan,nan,3889.06,1.0,23.37778840736009,0.0,0.0,nan,nan,3835.4,1.0,23.704860453545347,0.0,0.0,nan,nan,4363.21,1.0,20.83732430562082,0.0,0.0,nan,nan,3868.75,1.0,23.500516131444996,382.92492866876285,1890.2836308464214,0.5529385939876296,5.2111631342939075,6583.384695623448,0.4999617834394905,nan,0.0,0.0,nan,nan,6547.777483287659,9.99923566878981,193.93267853817915,3148.627350102095,282.7557066993019,8.077974568681919,1.3568694341589826,6716.3751814445,2.4820730957414834,45.137933474895874,1619.6196813115723,274358687.5466452,3.489747812392843,1103264.842195188,6731.22720552645,0.6851308825755644,nan,0.0,0.0,nan,nan,3426.0,1.0,26.53754284399528,0.0,0.0,nan,nan,3760.0,1.0,24.18021855944889,2573.1469746436433,409.6807086472137,3.236856425180453,1.5779647887918582,4682.967980584916,9.147188076450542,247.80071281391815,1319.3046992422462,448.8165849005588,2.7682281810801124,2.047187605473574,5876.156865551733,2.3380524690523643,48.33601223555577,nan,10.663181343283915,15.538350225555865,0.45195646117193655,2.39151622832442,0.0,0.0,0.0,0.0,0.0,6.724110322442074,0.09747417995739496,1.031492,1.031492,1.0
135d08m53pt3707574s20d53m57pt68868486s,135.14815854372222,20.899357968017405,0.0811254124963745,,,,,,,,,,,,,nan,z2089,7438.578570496322,135.19811777690362,9.7744005320654,0.4852444357976078,5006.8183173826665,2.936158416861634,72.50566619299364,2914.613162620139,201.20793924177602,3.5614918267094344,0.6821357821786915,4959.0682358547865,2.9872175780569914,74.55553232706447,0.0,0.0,nan,nan,3726.03,1.0,24.400668213494743,0.0,0.0,nan,nan,3728.82,1.0,24.382410999599827,8644.369764650351,194.3236505470232,17.060616923162407,0.7346196898870782,6562.634084007955,2.7619567459857985,51.82918784910683,2836.4307130931243,148.26118615412994,3.781194284599935,0.5669539645973666,4860.962068182073,1.5020277220577838,34.80278165094547,0.0,0.0,nan,nan,4340.46,1.0,20.94654063936261,0.0,0.0,nan,nan,4101.73,1.0,22.16567686891332,0.0,0.0,nan,nan,3970.08,1.0,22.900702702093618,0.0,0.0,nan,nan,3889.06,1.0,23.37778840736009,0.0,0.0,nan,nan,3835.4,1.0,23.704860453545347,0.0,0.0,nan,nan,4363.21,1.0,20.83732430562082,0.0,0.0,nan,nan,3868.75,1.0,23.500516131444996,565.7816326535973,851.950452263997,0.8698084969914074,2.5005414465419618,6583.377610175445,2.4494290483202192,45.39139380194508,0.0,0.0,nan,nan,6545.010082998805,9.99923566878981,193.93267853817915,2095.399483657893,297.69443308083,4.72785801859802,1.2563913076737974,6716.204085697251,2.718892249452019,49.79928607374152,1854.131112909111,321.62446659406874,4.073865690285705,1.318970310430871,6730.616119040773,3.1782519481644513,58.63888991935447,0.0,0.0,nan,nan,3426.0,1.0,26.53754284399528,0.0,0.0,nan,nan,3760.0,1.0,24.18021855944889,1214.7222835084808,1071.135116925912,1.4468957820290689,3.903146509383564,4685.259355317594,9.99923566878981,271.0131455203778,787.2611554882741,314.9835253697577,1.3909017991154469,1.2095577466185563,5876.923770928039,3.765503614661752,80.16696041880407,nan,10.725237900633765,15.203826726198146,0.8541230723622906,1.245128986930331,0.0,0.0,0.0,0.0,0.0,6.737609200358477,0.23411233506805043,1.031492,1.031492,1.0
135d08m54pt86939303s20d53m54pt88870579s,135.1485748313986,20.898580196052816,0.08090723821249379,,,,,,,,,,,,,nan,z2089,35912.10448549126,169.4961207160461,25.058385962390325,0.3230420636182452,5006.83732392205,2.605355281385899,63.811113540001244,13147.31551057242,150.07752741699832,9.569044232762362,0.30305885831833657,4959.0324301584415,2.7399378036368223,68.00807950994232,0.0,0.0,nan,nan,3726.03,1.0,24.400668213494743,0.0,0.0,nan,nan,3728.82,1.0,24.382410999599827,49664.9545421089,689.5221395528839,49.99403680431721,1.3294799656039775,6562.779785326087,2.5244519129673293,47.050904034159345,19307.262642922113,150.2529700816414,13.982695898114846,0.31210637238004846,4861.319336077329,2.527689561839729,63.60700844919414,0.0,0.0,nan,nan,4340.46,1.0,20.94654063936261,0.0,0.0,nan,nan,4101.73,1.0,22.16567686891332,0.0,0.0,nan,nan,3970.08,1.0,22.900702702093618,0.0,0.0,nan,nan,3889.06,1.0,23.37778840736009,0.0,0.0,nan,nan,3835.4,1.0,23.704860453545347,0.0,0.0,nan,nan,4363.21,1.0,20.83732430562082,0.0,0.0,nan,nan,3868.75,1.0,23.500516131444996,724.9745758790574,4305.4397746184895,0.3885601999374763,4.405549987741821,6583.346173950802,0.4999617834394905,nan,0.0,0.0,nan,nan,6548.220466296344,9.99923566878981,193.93267853817915,8579.002092396851,741.8949272832222,10.330092392231034,1.670895255882884,6716.468301707932,2.576361858340063,46.99785839071798,5327.662912173912,880.3300820270399,5.87767772879135,1.8126450824167801,6730.947355523652,2.0299250129624533,36.03992996669138,0.0,0.0,nan,nan,3426.0,1.0,26.53754284399528,0.0,0.0,nan,nan,3760.0,1.0,24.18021855944889,2885.2466017731035,305.3339677390868,1.8727091207556021,0.6073459149693797,4680.691199806337,6.989454382248732,188.94900146607304,2245.126005042125,458.4834435152394,2.3122969787040275,1.0266127140973484,5875.636141828898,2.726978945757209,57.10703543147437,nan,21.718818934211242,32.6176354193269,1.596412125647803,3.2972352014276622,0.0,0.0,0.0,0.0,0.0,7.2502815337399955,0.08675143947496979,1.031492,1.031492,1.0
135d08m56pt79607738s20d54m01pt28872719s,135.14911002149546,20.9003579797741,0.0814856701640434,,,,,,,,,,,,,nan,z2089,6790.481929084655,182.79422545417071,6.317688836232907,0.46452132353635234,5006.848200013363,2.87683984309556,70.95160954481082,1668.8546129302954,155.06496759628,1.530032234768712,0.3944843015281211,4958.656361153656,1.6317069496825618,37.84019830162184,0.0,0.0,nan,nan,3726.03,1.0,24.400668213494743,0.0,0.0,nan,nan,3728.82,1.0,24.382410999599827,9871.707976747224,210.9528410638118,15.292252681749572,0.6259433587270976,6562.706529484098,2.4621900195920543,45.79247952615208,2740.4710619489265,128.12821594621772,2.7267244111796787,0.3656366036874181,4861.454612225372,2.0283158362323235,49.85467309541434,0.0,0.0,nan,nan,4340.46,1.0,20.94654063936261,0.0,0.0,nan,nan,4101.73,1.0,22.16567686891332,0.0,0.0,nan,nan,3970.08,1.0,22.900702702093618,0.0,0.0,nan,nan,3889.06,1.0,23.37778840736009,0.0,0.0,nan,nan,3835.4,1.0,23.704860453545347,0.0,0.0,nan,nan,4363.21,1.0,20.83732430562082,0.0,0.0,nan,nan,3868.75,1.0,23.500516131444996,227.0414303269723,0.0,0.2693371118686262,0.0,6583.2930440578775,0.4999617834394905,nan,0.0,0.0,nan,nan,6546.922035330895,0.4999617834394905,nan,2425.3282532555054,284.97948471661056,3.828816478690602,0.8415219261331753,6716.185702646966,2.6970426446285116,49.370554879309495,1707.06998472717,266.3081365580751,2.6298014878430056,0.7657566799240215,6730.384103172373,2.0911234067098685,37.27068294415976,0.0,0.0,nan,nan,3426.0,1.0,26.53754284399528,0.0,0.0,nan,nan,3760.0,1.0,24.18021855944889,853.0004911794705,106952861.12544727,0.6569699947895448,251919.49138277836,4686.081936473005,0.6891130655188729,nan,556.4756199194936,151.9141759103405,0.7358135211435223,0.43668004159870394,5876.032966065873,1.6555361622976412,32.50706279642763,nan,15.123514623759219,21.520393764957838,0.8166950401959419,0.8438850237065092,0.0,0.0,0.0,0.0,0.0,6.97130548389643,0.0770090601549239,1.031492,1.031492,1.0
135d08m57pt65244372s20d53m59pt08873487s,135.1493479010342,20.89974687079747,0.0814370611887496,,,,,,,,,,,,,nan,z2089,7977.077004861493,203.8944859043018,4.785052173634943,0.3340693145247879,5006.829219972885,3.1425902037741853,77.89984738519216,2554.1506042191463,247.67608767276997,1.396034367695989,0.37558289912687226,4959.086066959517,3.2209095874469558,80.71398719847112,0.0,0.0,nan,nan,3726.03,1.0,24.400668213494743,0.0,0.0,nan,nan,3728.82,1.0,24.382410999599827,15607.845492251796,353.69896603932335,13.577760657666923,0.5893993440514955,6562.415204793075,2.8227250999498232,53.046906680406494,5018.615020213247,246.22358205825722,2.763129063765711,0.3888571094588557,4861.096674352904,2.575675060256773,64.91380772583848,0.0,0.0,nan,nan,4340.46,1.0,20.94654063936261,0.0,0.0,nan,nan,4101.73,1.0,22.16567686891332,0.0,0.0,nan,nan,3970.08,1.0,22.900702702093618,0.0,0.0,nan,nan,3889.06,1.0,23.37778840736009,0.0,0.0,nan,nan,3835.4,1.0,23.704860453545347,0.0,0.0,nan,nan,4363.21,1.0,20.83732430562082,0.0,0.0,nan,nan,3868.75,1.0,23.500516131444996,1705.1218014477056,217012.27435378984,1.2156951894949397,295.40818554872675,6583.027944798632,0.9459579208538205,12.304081752815131,0.0,0.0,nan,nan,6548.299198636282,0.4999617834394905,nan,3493.0293892696327,353.39181848662673,3.1365525222083885,0.5935613808840937,6716.170267439249,2.445547542970434,44.41583257279335,2823.918682072575,427.13100356725806,2.549080653669537,0.7196611427175279,6730.37099477294,2.4365070439944843,44.14244765153357,0.0,0.0,nan,nan,3426.0,1.0,26.53754284399528,0.0,0.0,nan,nan,3760.0,1.0,24.18021855944889,169.4596517753154,511620207966.9996,0.08330100938706174,768586042.4799268,4687.955045383609,0.4999617834394905,nan,591.126302997106,235.4461054831457,0.45281139569612533,0.392161869925699,5875.02271426965,2.096695975266338,42.823567874614014,nan,24.101220834294544,36.32528662091674,1.565560197508407,1.9007396743808913,0.0,0.0,0.0,0.0,0.0,7.282338948053418,0.08434987293562148,1.031492,1.031492,1.0
135d09m01pt29197837s20d53m29pt0887543s,135.1503588828811,20.891413542860217,0.5686725398081556,,,,,,,,,,,,,nan,z2089,0.0,253.1424849589776,nan,nan,5006.84,1.0,18.158683277981286,0.0,0.0,nan,nan,4959.299299880741,0.4999617834394905,nan,14290.941817631001,149857.22986905827,24.827208883441433,1316.0341258393037,3721.03,20.015970000000003,683.4827048255002,8042.968376204708,147391.2780547997,14.06716792513771,1294.3783355709581,3730.6631661148062,20.015970000000003,682.9713053086389,0.0,0.0,nan,nan,6562.8,1.0,13.853480493619768,0.0,0.0,nan,nan,4861.403729818769,0.9337696183614848,16.184426606388215,3277.849885646589,1081.8955123407657,4.299564615202657,5.049770200568202,4330.46,9.99923566878981,292.5682705754515,134.38750299497528,119.53858929295673,0.10751442663321434,0.38184495876038954,4103.031265687681,0.4999617834394905,nan,825.2134251430291,163.62803896543963,0.9886582755629928,0.8443790108020461,3969.3770731788645,4.156373473797713,131.38025230728135,1116.4337109262024,141.18420253673352,0.877576157933731,0.5023161483149221,3887.8815089402874,3.1694074784933814,101.18984911619725,483.52329050725416,85.53007739810792,0.4218240526335386,0.3493926399619889,3834.563442351146,0.9753972172567,22.547115195464183,1062.2841436676033,212.48119802748877,1.5003156251402405,1.050855125536306,4364.823603288478,1.8307268982492215,49.35809223828506,0.0,0.0,nan,nan,3868.0943439509415,2.4551462114925795,77.43881663953744,0.0,0.0,nan,nan,6583.45,1.0,13.810026928666252,0.0,0.0,nan,nan,6548.05,1.0,13.88468655302385,0.0,0.0,nan,nan,6716.44,1.0,13.536579167464883,0.0,0.0,nan,nan,6730.82,1.0,13.507659064352907,0.0,0.0,nan,nan,3423.353178269175,4.894227236807297,179.99964561401998,0.0,0.0,nan,nan,3760.7491352859684,0.4999617834394905,nan,965.0772989581014,267.73508186247886,0.8214595868599517,0.6970922180406641,4685.555972844905,3.375069880070462,89.70681736447898,0.0,0.0,nan,nan,5874.950192240092,7.069714856828933,152.43047906068523,nan,60.15952383910399,214.9745533652636,13.522030901898995,6.928066390812638,0.0,0.0,0.0,0.0,0.0,10.125076343013605,0.15655294642227,1.031492,1.031492,1.0
135d09m06pt42994093s20d53m57pt68874487s,135.15178609470314,20.899357984685366,0.4471455437906884,,,,,,,,,,,,,nan,z2089,3331.9337963564067,176.24196979457835,46.348284826143804,6.696214745120746,5006.868278232798,1.272492033199997,27.020390322745197,72.09132157336792,193.03634707640416,2.09964643929467,15.599393135168631,4958.854586445691,0.4999617834394905,nan,0.0,0.0,nan,nan,3723.7188987537784,9.877484573815611,336.6430582576513,0.0,0.0,nan,nan,3728.9790188540173,3.0970953385953894,103.00539316060437,0.0,0.0,nan,nan,6562.8,1.0,13.853480493619768,0.0,0.0,nan,nan,4864.746624957369,0.4999617834394905,nan,0.0,0.0,nan,nan,4340.081547666461,4.054042786283393,117.12323596191177,0.0,0.0,nan,nan,4102.74276697238,2.633296636472139,78.7920027277002,0.0,0.0,nan,nan,3970.0381669837357,3.6657928971172735,115.38934179637506,0.0,0.0,nan,nan,3890.097449663862,6.267072156331418,203.8716861646186,939.1040078549591,115.21668349018428,5.352722945893075,3.07036675389715,3836.935174389895,1.0471821300982433,25.852353531044578,447.4594565996798,1774542.4334213918,27.143738805770724,377228.0028012537,4363.224705964889,0.5769210189205873,nan,1379.9106245581838,218.30597825564965,6.534619359406535,4.735653164635108,3868.833218687934,3.6118709526622816,116.60341017099881,0.0,0.0,nan,nan,6583.45,1.0,13.810026928666252,0.0,0.0,nan,nan,6548.05,1.0,13.88468655302385,0.0,0.0,nan,nan,6716.44,1.0,13.536579167464883,0.0,0.0,nan,nan,6730.82,1.0,13.507659064352907,0.0,0.0,nan,nan,3425.7337271486995,2.273592684458649,80.38268784015528,1518.4620043419839,128.763537004691,15.218728580172465,6.391079637906659,3750.614811140019,2.0154151633097777,63.99185140664459,0.0,0.0,nan,nan,4686.354029236533,3.754714772151112,100.22720894299698,1276.6276637937076,188.8057946100329,63.23518660298449,20.32464297509073,5877.4442504352955,2.5140820329670213,52.31981720603222,nan,0.25522708944200084,0.2640293099255205,0.0036685853687287214,0.3279843053590859,0.0,0.0,0.0,0.0,0.0,6.395321484822089,0.0216,1.031492,1.031492,1.0
135d09m09pt85504789s20d53m38pt48871516s,135.1527375133014,20.894024643099215,0.23562280696017268,,,,,,,,,,,,,nan,z2089,29926.719844983916,236.2116507929588,18.443026515383043,0.3976156977679285,5006.822645336185,7.8122080111624,197.8438727448241,11553.881140523454,272.97429443256317,7.0708092849834925,0.4634701265075499,4959.178901196483,8.64964942758255,221.3341385630556,0.0,0.0,nan,nan,3726.03,1.0,24.400668213494743,0.0,0.0,nan,nan,3728.82,1.0,24.382410999599827,22848.62899206172,1993.9180458337596,10.382104029629543,1.7349685281064329,6564.316105113895,5.233478129464427,100.61071721099324,15625.007255988543,218.05548925801406,9.479611279836401,0.37928183287790407,4862.5380916866225,5.243974280147202,136.1019253046956,8016.780367604704,188.23668349186448,4.95985809952053,0.41220678968654,4341.766025588885,3.7245599281671917,107.29842780324155,5446.426685433526,323.41242475939134,3.4173300224422074,0.8101692231790601,4103.14696208108,6.289036444910262,193.9871815103824,266.7729235017403,4592280710931.131,0.19741757209273772,14629892566.564644,3970.2758610308556,0.4999617834394905,nan,2254.004853439819,288.47131122464606,1.5317056934957047,0.8863267161209332,3889.607550435625,1.6412586731641092,48.59566511604474,0.0,0.0,nan,nan,3825.4,9.99923566878981,331.09476865566154,0.0,0.0,nan,nan,4359.990971193847,9.529030961156398,277.2877152939155,8880.440516731906,406.8922849449893,6.670478016068917,1.4003477312672383,3868.5094317672783,4.155217359147628,134.7827576099979,15960.894890923115,2732.8235392353076,7.365127442315577,2.4069680654452683,6584.9681650258435,5.0403098359272684,96.52448008256789,862.4356720602135,1886.1377201513,0.4095167859985315,1.7188908519162471,6550.326470597308,2.6450183470571673,49.59205387954103,12142.50137560275,2880.9668126536862,9.698332571648647,4.301449907467491,6720.3322717993815,9.99923566878981,189.07053077254085,6441.152853715571,1197.9242647005956,4.527060897204061,1.5710195681091408,6732.470485067218,5.453928507421798,102.30516232561439,0.0,0.0,nan,nan,3426.0,1.0,26.53754284399528,0.0,0.0,nan,nan,3760.0,1.0,24.18021855944889,1000.2198384926551,153.21537555234693,0.5734773129560353,0.2686979018899667,4685.674069949999,2.6453195215502956,69.31139310688592,4237.84088404737,622.9731518031531,3.7582448251342373,1.2012403609954223,5875.202571125801,9.99923566878981,216.12712798001303,nan,24.66905302410013,53.92382549012868,8.656365181625041,14.599303935515099,0.0,0.0,0.0,0.0,0.0,9.470261051629265,0.13474348402981276,1.031492,1.031492,1.0
135d09m10pt92541051s20d53m36pt88870194s,135.153034836252,20.893580194983375,0.23548597208323163,,,,,,,,,,,,,nan,z2089,18151.680724706894,313.69037279627787,13.775785583085408,0.6502710850733473,5006.789952200077,6.666383265819749,168.57066310884397,6095.674080205836,190.72843924800455,4.69223658831887,0.40739084950883997,4958.630675539924,6.16388278061904,157.22165678651749,0.0,0.0,nan,nan,3726.03,1.0,24.400668213494743,0.0,0.0,nan,nan,3728.82,1.0,24.382410999599827,21666.922258793908,1684.7261585255642,12.874313566226736,1.9170580249584377,6564.0269083778885,4.933117595488376,94.72800366407888,12684.825554730372,181.95372603973178,9.900812632196349,0.40719778163881215,4862.317633343186,5.081307760578819,131.80224288752865,5700.082773811393,218.34123691648577,4.429254222181255,0.600510267381039,4341.797403017977,3.947334464112254,113.94432399387586,5135.030957999325,255.5216545329437,3.990166909431242,0.7930452515665746,4102.3906022905585,3.8366959541352754,117.08518829650355,0.0,0.0,nan,nan,3971.1138810505504,0.4999617834394905,nan,2328.4487550909107,338.3198858216622,2.0435638726938468,1.3424069243112757,3889.7388304737556,2.8546268957187904,90.59440669599226,0.0,0.0,nan,nan,3845.4,9.99923566878981,331.09476865566154,1614.7924088290902,358.328022966534,1.1850098542967022,0.9225550331367425,4360.715135444617,4.033951353914538,115.91733494248452,6849.618158328115,357.5140519962396,6.795217434688393,1.6240070120889964,3869.5137404968646,3.8864052097390345,125.7995319636811,12919.707152666604,2433.056782783609,7.467523851211379,2.6842996819618317,6584.689961490067,4.670125041857599,89.29018631841525,999.4056018082916,1658.8386087175231,0.5946506601186424,1.894824721194597,6548.676233542321,2.392258294739279,44.47563928508474,6978.314705978496,1037.3267560273052,7.590937134057409,2.1100048215209863,6718.254077844229,5.906405507924524,111.1668881112106,5417.168619554003,919.6084158793664,5.424517152484583,1.7183248445306587,6732.252872938783,4.91710297769214,92.05731384568755,0.0,0.0,nan,nan,3426.0,1.0,26.53754284399528,0.0,0.0,nan,nan,3760.0,1.0,24.18021855944889,2758.2034128626287,322.6979273337441,2.1209258245857563,0.7591610614710528,4685.090272558877,8.639449674883686,233.96246922913033,4155.839305601697,742.4799317387714,4.9971601675733375,1.9413286458728485,5874.881768156186,9.99923566878981,216.12712798001303,nan,17.70809369712201,38.423032833467595,5.959040265276963,9.175818764388694,0.0,0.0,0.0,0.0,0.0,9.24235154193666,0.17866649936499643,1.031492,1.031492,1.0
135d09m14pt56487688s20d53m44pt28864312s,135.15404579913232,20.895635734199505,0.2353525975037054,,,,,,,,,,,,,nan,z2089,10116.829413987856,262.99245570691204,10.417398808230466,0.7396642981363489,5006.912662824525,6.4484357779479735,162.99700237117122,4291.98563569458,274.346830604313,4.186787273310026,0.7423842795000215,4959.5444170125875,7.800628048062807,199.45762399228255,0.0,0.0,nan,nan,3726.03,1.0,24.400668213494743,0.0,0.0,nan,nan,3728.82,1.0,24.382410999599827,7388.068568621203,646.362021562585,7.047033266110796,1.1808340002303634,6563.181339329654,3.5710041775077177,67.92907797597229,4098.126403019977,173.60473737037486,4.22049775464898,0.5127522237995857,4861.594544075505,3.8025561312790845,97.88074524907049,3121.461574584238,216.93825186628553,3.5591686963949005,0.8756462700636881,4341.469459506084,5.50948942622909,160.28934480690683,828.2449665610236,146.85953522398907,0.918469360183631,0.6508840834431598,4101.23282031608,1.65043742759335,46.390817089140725,0.0,0.0,nan,nan,3969.166034144695,8.901406125189752,284.560948567684,1274.093670312948,167.895114176205,1.7964601399079454,1.0701382117762828,3889.92150470915,1.4012491709399186,39.73683686609257,0.0,0.0,nan,nan,3825.4,9.99923566878981,331.09476865566154,0.0,0.0,nan,nan,4361.815966712454,1.795484257051697,48.24333813014841,0.0,74.5057005276358,nan,nan,3868.75,1.0,23.500516131444996,5474.962787059952,843.6160798057089,5.298311915575621,1.5585644477172143,6583.688514353402,3.577722406501537,67.84848986439633,1254.3373799194783,784.0106372003916,1.271210090481953,1.5254270358195565,6548.364116854211,2.9289220336502355,55.295176600820085,4368.114563016924,1667.8226684620809,6.9696096985264875,4.970509102329734,6725.7327233654,9.99923566878981,189.07053077254085,2753.084400131014,473.27171631982714,4.094961454489156,1.313834014965843,6730.924911516329,4.498459149331592,84.04967727448991,0.0,0.0,nan,nan,3426.0,1.0,26.53754284399528,0.0,0.0,nan,nan,3760.0,1.0,24.18021855944889,2573.538976365352,410.28342477146475,2.7367403759249638,1.334454341268851,4685.819433750552,9.99923566878981,271.0131455203778,3551.9363941739084,778.0913419843179,5.916156159421866,2.8176647430408206,5875.5907358277045,9.99923566878981,216.12712798001303,nan,13.34800002784955,28.956526623694955,4.157545573093857,4.086700290661711,0.0,0.0,0.0,0.0,0.0,8.982720577060242,0.07974524002376238,1.031492,1.031492,1.0
135d09m16pt70598875s20d53m56pt48859839s,135.15464055243186,20.899024610664153,0.22901792673583943,,,,,,,,,,,,,nan,z2089,12891.434756996425,105.07574237184639,29.957692404439353,0.6669548368542627,5006.838874850584,2.3073487170545417,55.90442880552815,4533.954580058914,134.29376902180968,10.746481297437862,0.8831949093011671,4958.811900148667,2.254062736674339,55.00737028839757,0.0,0.0,nan,nan,3726.03,1.0,24.400668213494743,0.0,0.0,nan,nan,3728.82,1.0,24.382410999599827,12686.673731667408,153.37838463382337,51.96859608899871,1.203436138042007,6562.776072654224,2.593620471508475,48.44590309882812,4818.173394480332,130.0531104579251,11.73990778039528,0.9088471715952876,4861.461246152846,2.411261439724757,60.42745605505089,3016.0458631612883,138.7633510878106,5.941052678679072,0.9680666241954606,4340.472572801849,2.22575436850074,61.970994080255686,1158.6861522171082,75172950.21464176,1.5302732184817245,396817.15617240244,4101.105604551481,0.6005326144089776,nan,1926.1259200612703,214.8853311014586,2.5902249812664295,1.2440685605697992,3970.2133076440537,2.1701002578010944,65.86970696949597,0.0,0.0,nan,nan,3889.7487873986342,5.882990666146846,191.21421217731847,0.0,0.0,nan,nan,3835.4,1.0,23.704860453545347,0.0,0.0,nan,nan,4358.965415422446,3.962408091762842,113.79708768885057,10039.095096349385,399.61242029955895,12.1550916176621,2.218413134139496,3867.398320784036,5.263508518977957,171.66931228182224,0.0,0.0,nan,nan,6583.8510369848445,0.4999617834394905,nan,0.0,0.0,nan,nan,6548.4368803533325,9.99923566878981,193.93267853817915,2065.931753787814,189.24413742066747,8.814074871942378,1.5101053985311392,6716.703498790221,2.8273488579302675,51.92391181653211,1194.8742443279536,309.977970394645,5.05462852824313,2.447417924557456,6730.761332105489,2.08450137126615,37.137735222353996,0.0,0.0,nan,nan,3426.0,1.0,26.53754284399528,0.0,0.0,nan,nan,3760.0,1.0,24.18021855944889,0.0,0.0,nan,nan,4685.022443293783,3.609648003476471,96.21249556406858,1071.0952568430375,165.14846538791426,5.567368716356169,1.8667304115195311,5874.499413441748,2.9165955843213167,61.3482931525792,nan,5.048908440636719,6.022255924203913,0.06497476530093493,0.08312976366080162,0.0,0.0,0.0,0.0,0.0,7.326496124195243,0.0216,1.031492,1.031492,1.0
135d09m28pt05055642s20d53m15pt68823891s,135.15779182122898,20.887691177475688,0.42075109905188945,,,,,,,,,,,,,nan,z2089,5678.090104540839,109.34199896407982,8.225182032524149,0.4326273164992243,5006.861443428379,3.126307399537273,77.4750929384102,526.1708086374168,7139360.990540423,0.664142840337175,25002.500785089036,4958.966248028288,0.5485981824400151,nan,1261.203603595806,202.22553632022462,1.8502838311485588,1.4915805794210861,3728.817905583363,3.7473848887893975,125.78609782336504,1167.5465487071865,203.96235174852671,1.6772602113331379,1.473125247347656,3728.798593677661,3.668366492235008,122.94471185099812,118.46218028440572,357715581.28131,0.18089637691385435,1046142.9632966405,6563.680863086394,0.5053411252756622,nan,357.30011472276294,1802987.6054595541,0.44260929089721546,6404.588936858904,4861.967490020745,0.5169627174191596,nan,0.0,0.0,nan,nan,4340.358041350273,3.967596791284357,114.54815998193651,0.0,70.93172325465228,nan,nan,4101.73,1.0,22.16567686891332,1252.8574477650322,52150921.06708608,1.6565601189715358,297059.5999229896,3969.080550030662,0.5203591809400057,nan,0.0,0.0,nan,nan,3885.5833614902426,3.719971257299187,119.59952720694186,8203.474636477504,216.63498111445574,11.44158951684017,1.4103476706448284,3839.444760471841,4.418142708857624,144.80099226751082,0.0,0.0,nan,nan,4360.547751503622,2.878163301023525,81.45770307156374,0.0,56.906102940747836,nan,nan,3868.75,1.0,23.500516131444996,0.0,0.0,nan,nan,6573.45,0.4999617834394905,nan,1472.5300532164779,302.39509078700263,2.424184217803668,0.9558722614347968,6547.543616670131,5.034620069660516,96.93460296845049,0.0,0.0,nan,nan,6716.44,1.0,13.536579167464883,0.0,0.0,nan,nan,6730.82,1.0,13.507659064352907,2447.2972905014,320.7349364695559,3.362049630887723,2.8186223766210157,3420.32494938191,6.130258211007511,226.3103528682443,1064.3367408056404,110.61514477834957,1.5459082485199083,0.7895417979294401,3761.894327720985,1.6759987345306298,51.56118189393244,0.0,0.0,nan,nan,4682.9713917051995,3.4169411607137863,90.86942912520152,0.0,0.0,nan,nan,5876.572724878746,0.4999617834394905,nan,nan,5.788911322284315,13.882288474456455,4.286916023506851,4.9678173954024105,0.0,0.0,0.0,0.0,0.0,9.038684328497574,0.3720179504332719,1.031492,1.031492,1.0
135d09m40pt25284006s20d53m21pt28761991s,135.16118134445998,20.889246561085816,0.5404366390140505,,,,,,,,,,,,,nan,z2089,5406.854528332823,108.61243441311562,250.96264936407871,13.769978631549225,5006.821374775964,2.1781081507182245,52.44522178557947,204.88081959244053,260.71085472802315,7.920935553809924,27.92939904017965,4962.876520266579,0.4999617834394905,nan,1611.667964703922,218.08355733740459,10.284528542440965,7.016452600236673,3724.767588533355,2.821469266809744,93.38926452622223,361.72103810913677,124.03170181085878,2.314801149225115,3.9905005554186115,3728.827222075535,2.821469266809744,93.31938825221917,0.0,0.0,nan,nan,6562.8,1.0,13.853480493619768,339.4315166223317,881687.5121427182,4.304552881903077,32056.419490443604,4862.539912008443,0.5550212865717525,nan,0.0,0.0,nan,nan,4335.827875837849,0.4999617834394905,nan,356.9276542275519,120.25660320218441,14.079942087864453,18.904369905700598,4106.589126103707,1.1058012595619837,26.56975690363555,1533.530137225967,116.67332042769294,13.769012334927682,4.503878598926194,3972.471318081614,2.964519956923907,92.3762530558308,1258.5524915977537,1808.873077491024,17.777491240266546,115.58993546737058,3888.71538968285,0.7523563045611927,9.02691629404877,308.0790362971781,130.16058452888,2.787587605188922,5.511298614589931,3835.533067694399,0.4999617834394905,nan,2352.584742205265,408.7004374883727,18.98635031984756,11.574359581885979,4360.270946246671,9.99923566878981,291.0428046557292,1266.716672612988,226.1749435276425,20.26618558125471,16.65982925889813,3860.8973874597527,4.261943306926056,138.34444100904426,0.0,0.0,nan,nan,6583.45,1.0,13.810026928666252,0.0,0.0,nan,nan,6548.05,1.0,13.88468655302385,0.0,0.0,nan,nan,6716.44,1.0,13.536579167464883,0.0,0.0,nan,nan,6730.82,1.0,13.507659064352907,0.0,0.0,nan,nan,3426.707906890947,1.9654871437720707,68.24844883653616,480.1062622593387,96.70304798804786,8.740756654791273,8.667298165161718,3759.27429749315,0.8699001980570665,17.486709634644356,0.0,0.0,nan,nan,4685.186071376665,3.4908504879437015,92.92011147205987,199.47584630968936,0.0,10.827656533746817,0.0,5874.00863452315,0.4999617834394905,nan,nan,0.4317784952776862,0.29669477803264216,0.5124530559505689,0.8948182399323512,0.0,0.0,0.0,0.0,0.0,8.358836375746739,0.17474375821772714,1.031492,1.031492,1.0
16d22m47pt01172308s-24d38m29pt78582689s,16.379725478634004,-24.641607174134943,0.6857187455461295,,,,,,,,,,,,,0.23,a141,6666.947237481129,188.9563504697348,31.76801566565294,2.459317709344425,5006.815945929303,2.1671337312500487,52.1504537990753,2558.8602459766216,163.74424605090093,19.094521808106954,3.3901985250127784,4958.914120850617,2.2937993292709566,56.07960110919034,4404.1886633466665,194.3296795683197,12.981450368306898,2.884619795661317,3726.394256053893,2.2080976451139476,71.55431934642176,8050.972104615019,312.8418614266677,23.775976996278146,4.643808544261179,3729.1421494563797,2.2080976451139476,71.50078054568145,0.0,0.0,nan,nan,6562.8,1.0,13.853480493619768,2516.2681913443207,68.26368633625952,21.385212731291638,1.6639279985096864,4861.459337717168,2.6638487410611944,67.3100824638439,0.0,0.0,nan,nan,4339.422995673356,2.859802344518514,81.32932486659753,1706.32081219475,83.14887295638796,8.673623220949986,1.6891478154992854,4101.335320117939,2.2703312007790646,67.03382143863686,0.0,0.0,nan,nan,3970.6722785760257,5.242704389795641,166.6145877063019,513.2644573292564,390484.72290922806,2.088383614949253,7186.124192977954,3889.051476117161,0.5156437311269845,nan,0.0,0.0,nan,nan,3834.3228121000075,4.510691594950442,147.91148615838014,0.0,0.0,nan,nan,4361.369730897106,0.4999617834394905,nan,959.5781939832061,88.35986763877595,3.8447784379974577,1.6222367940609157,3868.3849269363573,2.8058292932359534,89.41271382119798,0.0,0.0,nan,nan,6583.45,1.0,13.810026928666252,0.0,0.0,nan,nan,6548.05,1.0,13.88468655302385,0.0,0.0,nan,nan,6716.44,1.0,13.536579167464883,0.0,0.0,nan,nan,6730.82,1.0,13.507659064352907,506.06167477036985,82.45151037696922,1.783188862548402,1.847692259212116,3427.0268459225813,2.0569713968709915,71.87487413638917,0.0,0.0,nan,nan,3763.864937645939,7.6803468806790445,258.96712427519833,178.84480843653276,104.40664549670355,1.0411785730669159,1.8585854970085554,4686.487228999006,1.0776081924330512,22.260200848569117,0.0,0.0,nan,nan,5875.62,1.0,15.473706908126772,nan,,nan,0.7717133193128594,0.599952285088957,1.7548202966075523,0.07581082456480888,0.12974216193152802,10.243548232375884,0.1754228973612865,8.681398813043774,0.055271473483385555,1.031492,1.031492,1.0
16d22m47pt115s-24d38m29pt905s,16.37975416666666,-24.64164027777778,0.6857147588675865,29.81639333389075,0,0,0,nan,nan,8.099349929399096,0.00010920370559425046,8.637096798635163,0.29407095797738186,62.25894707979338,13.625842305941896,0.216,a141,6666.937701804158,188.95682762551866,31.768092378399768,2.4593239665939404,5006.827786961058,2.167138981273607,52.1505948537041,2558.856244060307,163.74461321206235,19.094565827226315,3.390206071245451,4958.925848588378,2.2938045690925257,56.07974236959895,4422.73157519828,195.34483248853306,13.043009232536615,2.9011986128973906,3726.406876265084,2.21764512470556,71.89819387595077,8084.692609569527,315.0155864463547,23.888178778920448,4.678510154564086,3729.1533450322354,2.21764512470556,71.84439777935349,0.0,0.0,nan,nan,6562.8,1.0,13.853480493619768,2516.264276911492,68.26383589966726,21.38526608453025,1.6639317084718106,4861.470834998821,2.6638554883557592,67.3102656003058,0.0,0.0,nan,nan,4339.417783731316,2.8201320589540266,80.12871081015172,1706.3163432902827,83.14876523113037,8.67364669120273,1.6891457113390607,4101.34501974846,2.270337796206963,67.0340366325434,0.0,0.0,nan,nan,3970.665173071819,5.241273865608774,166.56829995635442,543.2635813513327,938837.910772022,2.2104584122476365,17277.51540674541,3889.0613189007,0.5008722331421104,nan,0.0,0.0,nan,nan,3834.333072302312,4.50515091680098,147.7253137240161,0.0,0.0,nan,nan,4361.423255752905,0.4999617834394905,nan,959.5901499029246,88.35829210953784,3.8448531547578875,1.6222098010105763,3868.3940541029892,2.8059175328402066,89.41571236012969,0.0,0.0,nan,nan,6583.45,1.0,13.810026928666252,0.0,0.0,nan,nan,6548.05,1.0,13.88468655302385,0.0,0.0,nan,nan,6716.44,1.0,13.536579167464883,0.0,0.0,nan,nan,6730.82,1.0,13.507659064352907,506.0004759737856,82.446342986128,1.7829785059170005,1.8475689750646014,3427.0349197068304,2.0565273130951893,71.85732428494377,0.0,0.0,nan,nan,3763.866270700283,7.690561854418817,259.314437489749,177.231124605289,105.10680288478498,1.0279974433793255,1.8641745451890528,4686.498090114429,1.0715908649408057,22.04471982360548,0.0,0.0,nan,nan,5875.62,1.0,15.473706908126772,-999.0,,-999.0,0.7394553266049951,0.5819663785168513,,,,,,8.663183685474916,0.05431720333729355,1.031492,1.031492,1.0
16d22m51pt19268571s-24d38m24pt38599595s,16.380886857140663,-24.640107221096084,0.20275376312663207,,,,,,,,,,,,,0.23,a141,7363.118265889348,121.39766444418991,3.838516560565767,0.17286155009348825,5006.841925157468,2.5106062495830987,61.306256316961814,2883.2861761605154,164.55653721909815,1.4455828223854972,0.22891241951468397,4958.899364196306,3.6570140883073834,92.15054998311959,0.0,0.0,nan,nan,3726.03,1.0,24.400668213494743,0.0,0.0,nan,nan,3728.82,1.0,24.382410999599827,27308.265841786128,742.838600870024,20.702408265671025,1.0786713625647812,6562.743393309024,2.3733359800792093,43.9916654902272,9613.489945051624,141.59604926462316,5.116481159671771,0.2161583190199537,4861.179766271108,2.1850804655661364,54.207806447680156,3134.500430958882,179.1690555865304,1.299157846850201,0.2629910989243283,4340.573440224777,1.8206772129709305,49.29763772754473,127.40413584149226,0.0,0.04580040104946071,0.0,4101.211984749827,0.4999617834394905,nan,0.0,0.0,nan,nan,3969.9430018161293,0.4999617834394905,nan,0.0,0.0,nan,nan,3889.06,1.0,23.37778840736009,0.0,0.0,nan,nan,3835.4,1.0,23.704860453545347,3844.0196122366574,668.2266110621993,1.556955253300263,0.9477512689774257,4364.825275438832,9.99923566878981,291.0428046557292,0.0,0.0,nan,nan,3868.75,1.0,23.500516131444996,4360.23403231158,2365.367105046745,2.484573439748534,2.57324200732816,6583.448612516812,1.667369580057196,29.264336501137205,0.0,0.0,nan,nan,6547.9481924549555,0.4999617834394905,nan,6187.183561775485,494.48373498731405,4.9881097124930465,0.7456498360338636,6716.460213245444,2.416259619414684,43.83612410080306,4125.248122110975,633.5892438551285,3.229365596655409,0.9257254252660804,6730.8076845581245,2.259189631223348,40.62850759300164,0.0,0.0,nan,nan,3426.0,1.0,26.53754284399528,0.0,0.0,nan,nan,3760.0,1.0,24.18021855944889,970.6771481404622,160.75442781832345,0.42341412298028375,0.2145481276795224,4684.894396503606,3.742728299884545,99.89570519006845,1226.3417005443298,117.68401862787479,0.858205469908948,0.1790410601746346,5875.903645627731,3.219453877993922,68.08873471346116,nan,,nan,1.723920120838622,1.2337276001019553,17.21932026310055,0.676517348733481,1.140394213149474,104.86162638494815,1.5714662847281045,8.075119040478203,0.0725572069761155,1.031492,1.031492,1.0
16d23m11pt21592114s-24d39m05pt98635988s,16.38644886698423,-24.65166287774384,0.21583278800078065,,,,,,,,,,,,,0.23,a141,10428.912528217175,108.26484810393528,10.011398638033938,0.2838775825470856,5006.831461153464,2.3475779894221085,56.977012058948986,3845.802586204098,105.87088518763792,3.4723290796396387,0.26521875966955094,4958.9353738211,2.3035172219939177,56.34152919357064,0.0,0.0,nan,nan,3726.03,1.0,24.400668213494743,0.0,0.0,nan,nan,3728.82,1.0,24.382410999599827,17687.108224661108,340.80060492275055,28.033472803355412,1.0346354918990182,6562.757716987525,2.28681405928273,42.231929383463275,7244.226048866565,185.31047864953334,8.207687450625892,0.6021797961839337,4861.39836120309,2.1990238584242023,54.593136106338505,1713.3885846058085,250.9741686163972,1.290166140317649,0.6693680116494802,4340.270572555006,1.077926988916275,24.04297116440214,1424.6575620145804,179.6835696877571,0.8561690532599514,0.43140375977408374,4101.948947022061,1.9279998360021346,55.75806978075645,0.0,0.0,nan,nan,3968.8183051250953,0.4999617834394905,nan,0.0,0.0,nan,nan,3879.06,0.4999617834394905,nan,0.0,0.0,nan,nan,3835.4,1.0,23.704860453545347,0.0,0.0,nan,nan,4363.640985243872,4.766810051529389,137.57857259025903,0.0,0.0,nan,nan,3868.75,1.0,23.500516131444996,1486.145524988455,1483.7491175545292,1.6195667697571496,3.0870642162678714,6583.337534824837,1.7430593909138696,30.86959761789041,0.0,0.0,nan,nan,6546.89205528625,0.4999617834394905,nan,4094.9765440934366,300.0302950329128,6.746413243439562,0.924548840206084,6716.409463953749,2.4200890311081,43.91195735792002,2239.6318602143997,386.7061456688684,3.4962571502339554,1.1267333319160147,6730.713887514058,1.8694009095360793,32.78631844763515,0.0,0.0,nan,nan,3426.0,1.0,26.53754284399528,0.0,0.0,nan,nan,3760.0,1.0,24.18021855944889,0.0,0.0,nan,nan,4687.381129864083,4.681455246385355,125.7653890562398,613.7918831142646,1478.8112878299119,0.8927273501682468,4.676450291836357,5875.357251453249,0.9247531571730931,13.093503655126964,nan,,nan,0.9764930722511604,0.796118964942911,21.254791138051168,0.8267845932194675,1.3550287018236908,115.33399874547092,1.7850810758779387,7.927456401873462,0.092184683212168,1.031492,1.031492,1.0
16d23m11pt21592155s-24d39m07pt58635986s,16.386448867097652,-24.65210732218444,0.21592613716986486,,,,,,,,,,,,,0.23,a141,34463.63366204167,105.07599937096472,16.795480384076903,0.13986912057731535,5006.838211810485,2.4115726390769088,58.67956765692425,11309.487366174963,103.48816922706332,5.460035841125315,0.13862163226895574,4958.977591619748,2.3306774102109777,57.07299139543979,0.0,0.0,nan,nan,3726.03,1.0,24.400668213494743,0.0,0.0,nan,nan,3728.82,1.0,24.382410999599827,52771.00479626645,842.7080869959798,40.68205745060028,1.2444027269535647,6562.623410862522,2.534679778864966,47.25737491435312,21560.399559066227,226.7470718672731,11.342788939758302,0.342157633341884,4861.23925072878,2.3204016890726575,57.93640876487137,8605.680568238884,164.48890239463813,3.317417741432614,0.22458269906178718,4340.375641500968,1.940420602624337,53.08212037574935,1103.7954708128411,809.1995977731341,0.3471736205764895,1.0168915833516257,4101.8034071208795,0.4999617834394905,nan,0.0,106.10319177380806,nan,nan,3970.08,1.0,22.900702702093618,0.0,0.0,nan,nan,3879.06,0.4999617834394905,nan,0.0,0.0,nan,nan,3835.4,1.0,23.704860453545347,0.0,0.0,nan,nan,4363.29631728898,3.643740271805402,104.33704490855604,0.0,0.0,nan,nan,3868.75,1.0,23.500516131444996,1860.1413399331623,32295978.94488679,0.8360598792852066,27713.05862045823,6583.382699158183,0.4999617834394905,nan,0.0,0.0,nan,nan,6549.044496021251,9.99923566878981,193.93267853817915,9130.690453479468,695.6978638384336,7.400027006651618,1.0546468801517155,6716.202536705915,2.5779361669742444,47.028865107309876,5896.630803263382,927.9670837699191,4.570477570166128,1.3424930075788437,6730.583108559128,2.389301987580901,43.20945920076532,0.0,0.0,nan,nan,3426.0,1.0,26.53754284399528,0.0,0.0,nan,nan,3760.0,1.0,24.18021855944889,1203.8802032530375,89.96936129031792,0.5066129391357588,0.11578543967767785,4686.122724575515,2.4131267574998407,62.745632906895764,1926.5125962583384,91.00316038082282,1.357338480585263,0.13940716980478027,5875.287353600704,2.5319571105296745,52.72295261171051,nan,,nan,2.4391569594899307,2.1272915402048347,29.731597621361978,1.1544073867085134,1.8960442866515783,163.02453732540917,2.4775949828310697,8.303517663761502,0.07538139771510345,1.031492,1.031492,1.0
16d23m11pt43597948s-24d39m09pt38635975s,16.386509994298763,-24.65260732215406,0.21594062796274027,,,,,,,,,,,,,0.23,a141,21432.76056782237,115.58797297255039,19.07072014684463,0.28092310387234304,5006.846197032441,2.278687748316521,55.139125576211455,7217.417306363747,106.04859320058763,6.257641669816476,0.2551126058341024,4958.905295476114,2.378416065510058,58.35663279825747,0.0,0.0,nan,nan,3726.03,1.0,24.400668213494743,0.0,0.0,nan,nan,3728.82,1.0,24.382410999599827,25608.178576097253,356.3484791065104,42.814620926404075,1.1412029520534326,6562.647728029721,2.2845583379689147,42.1859624892643,11002.219340149262,166.6965406568421,10.970985309834086,0.47678037319021915,4861.206607813015,2.2756607798483683,56.706252676672996,4361.665945108732,156.96885613823034,3.130084056862075,0.3989959214136928,4340.245031774677,1.7007886886977577,45.46481024441467,518.8864927251058,7638.103512203787,0.30037057469343653,17.664520899885684,4101.928689117406,0.4999617834394905,nan,0.0,0.0,nan,nan,3967.872731006389,0.4999617834394905,nan,0.0,0.0,nan,nan,3879.06,0.4999617834394905,nan,0.0,0.0,nan,nan,3835.4,1.0,23.704860453545347,324.41419274448646,269.4378083957317,0.21118495366764628,0.6150356396784593,4361.846553506901,1.8813155459372752,50.95189853773116,0.0,0.0,nan,nan,3868.75,1.0,23.500516131444996,4280.5303685159915,11118368046625.68,3.957228545388026,19624520227.071774,6583.0932296775345,0.4999617834394905,nan,0.0,0.0,nan,nan,6547.370562532986,0.4999617834394905,nan,5163.329036393283,373.75127340139824,7.911148812384404,1.0711474099005596,6716.201135929004,2.3892393204050433,43.30072893669459,3319.6322476568453,549.3283839697018,4.864684364805862,1.502507002595951,6730.614623511633,2.433711919674394,44.087249462068854,0.0,0.0,nan,nan,3426.0,1.0,26.53754284399528,0.0,0.0,nan,nan,3760.0,1.0,24.18021855944889,1015.1214728113648,105.98084022545893,0.7822723951577261,0.2498502996263172,4685.246278366029,2.818857682959087,74.18944086607179,1266.6354822590579,80.94914019359317,1.743195982008968,0.24219621187215934,5875.847690908343,2.447680267715747,50.82010706310714,nan,27.59542258626529,nan,2.8872768330747656,2.4270945870073684,23.82089740935345,0.9281002215337123,1.53845964288089,130.80251165051024,2.033806458146532,8.33338122989919,0.39318064766131244,1.031492,1.031492,1.0
16d23m11pt7s-24d39m07pt602s,16.38658333333333,-24.652111666666666,0.21591195304705546,19.99496830304603,0,1,0,nan,nan,nan,nan,2.0611258663878695,0.022084043903498017,54.8449141555915,15.808682780198204,0.216,a141,37950.95366356896,130.17887839930162,11.46638474490984,0.10743131109704325,5006.841177037887,2.4565645529359217,59.874053437656954,12612.671817597105,136.71634626562135,3.763357669019763,0.11318097425687794,4958.999455870358,2.401307067678804,58.97127126940534,0.0,0.0,nan,nan,3726.03,1.0,24.400668213494743,0.0,0.0,nan,nan,3728.82,1.0,24.382410999599827,62056.25965827922,1058.1343562722323,30.704535162904108,1.0028436023849767,6562.63475994146,2.5348971795554567,47.26176285260159,24532.04159228713,246.3761274240583,7.923988360593312,0.22826183445102294,4861.219178475101,2.2934628910325943,57.1960177295297,9267.90943749671,255.33979824979008,2.2665880877430276,0.22117993617691029,4340.318487794706,1.8464601178685258,50.11585404079351,675.7800282892464,412.0618813726183,0.13696782422771747,0.33367952500260883,4101.832927948493,0.4999617834394905,nan,0.0,0.0,nan,nan,3969.6827460120353,0.4999617834394905,nan,0.0,0.0,nan,nan,3879.06,9.99923566878981,326.52642944617054,0.0,0.0,nan,nan,3835.4,1.0,23.704860453545347,1716.4403576665627,9003074.008448314,0.39419877567025885,7240.393555752387,4364.801726793804,0.6624068154852534,nan,0.0,0.0,nan,nan,3868.75,1.0,23.500516131444996,4736.327123465062,5082.910669960026,1.5511215654745167,3.178111596919358,6583.266932361061,1.6202807337362861,28.257899054860086,0.0,0.0,nan,nan,6546.859741788616,0.4999617834394905,nan,11590.087391953968,901.1809198808296,5.959438767682992,0.8667395126761281,6716.183534278713,2.528539869502831,46.05524887653887,7826.851351939466,1201.105648385269,3.8994330477336416,1.1169162906747718,6730.533470687552,2.41650976756755,43.747414204237316,0.0,0.0,nan,nan,3426.0,1.0,26.53754284399528,0.0,0.0,nan,nan,3760.0,1.0,24.18021855944889,1588.0669253740987,131.5634107368361,0.4115724212613349,0.10429737206323499,4685.556415130899,4.3352037426169945,116.24204870977873,2611.8173896546828,125.14826863689888,1.1429847766731316,0.1190793812110664,5875.268317967838,2.9054346139544984,61.099152133136876,-999.0,,-999.0,2.6269243494802588,2.316426968393609,,,,,,8.402208180056407,0.06686689263972907,1.031492,1.031492,1.0
16d23m13pt19641962s-24d39m05pt18635586s,16.38699900544912,-24.65144065440608,0.21575831393865164,,,,,,,,,,,,,0.23,a141,12109.374177161755,113.59090748175582,24.623389309353836,0.6308939581444616,5006.840232833796,2.2177261829820925,53.50794170594728,3954.2082690935067,90.42030769057351,7.979540380866756,0.5062557716686451,4958.99191152246,1.9846735648927185,47.67809445266342,0.0,0.0,nan,nan,3726.03,1.0,24.400668213494743,0.0,0.0,nan,nan,3728.82,1.0,24.382410999599827,14310.027193945836,219.5475777120408,47.15140155637279,1.3856437393033847,6562.731148109463,2.3300624475877143,43.112352378366914,5761.497138260103,134.55642751820605,13.0749199211175,0.8758313133151245,4861.29973374236,2.112154244455514,52.18774269456367,2356.1029821610196,106.91636935123336,3.436670116931071,0.5522701651038022,4340.674847793112,1.8715202765761276,50.90929724391382,131.20569100121054,0.0,0.18700500637112222,0.0,4103.292002360763,0.4999617834394905,nan,139.46326147312033,5.077175481490335e+90,0.1635096744815163,2.5568482785318243e+88,3974.0517163336613,0.4999617834394905,nan,0.0,0.0,nan,nan,3879.06,9.99923566878981,326.52642944617054,0.0,0.0,nan,nan,3835.4,1.0,23.704860453545347,167.9509192973042,306.2104178492978,0.22237832184828005,1.4208120990728899,4363.199513253473,0.4999617834394905,nan,0.0,0.0,nan,nan,3868.75,1.0,23.500516131444996,210.97209873947813,1597.3076814200467,0.3918365411478767,5.663521482263702,6583.768676523379,0.4999617834394905,nan,0.0,0.0,nan,nan,6547.810363568683,9.99923566878981,193.93267853817915,2433.5338653229473,183.8158760922024,7.718736887219253,1.0905284497167387,6716.380150136783,2.0778191597409377,37.08275005121623,1527.4105789395403,263.88007999315073,4.530143052184127,1.460733526993185,6730.792085555367,2.1297939290432355,38.04601125106117,0.0,0.0,nan,nan,3426.0,1.0,26.53754284399528,0.0,0.0,nan,nan,3760.0,1.0,24.18021855944889,852.629258268129,190.87452766868864,1.3977707055714665,0.9586577379961747,4681.490571663144,4.529980044162768,121.60141383495933,619.1706502643659,56.31966672256854,1.958746932394832,0.3873031666970599,5876.253906841898,1.8896244868803151,38.030551419033046,nan,,nan,0.08704611904348102,0.23803515847816753,8.952504009590754,0.36076512223536666,0.5913499288202575,50.25654468671006,0.7732120355209979,7.3608996834118585,0.021599999999999998,1.031492,1.031492,1.0
16d23m19pt305s-24d38m41pt64s,16.38869583333333,-24.6449,0.3307046089008929,10.149626123150535,0,0,0,7.921136594104008,0.009660208798851667,8.0526029634035,6.53599848285264e-05,8.931494339160373,0.24524161859701565,95.14006080842655,19.722917036247697,0.216,a141,8875.159441032863,109.59466717074964,4.192481057412602,0.1414071288960909,5006.838304267071,2.948009509338789,72.8159162418628,3066.0188771917306,143.77069151645568,1.4055498537244235,0.18286292775118584,4959.004371191282,3.5070818382574083,88.22563033503792,11960.035194671953,335.2820529685554,2.2799335136796435,0.32197862361541163,3725.949725936745,2.776819430321251,91.81361108895723,16229.541258203017,444.5623767052721,3.1003844297201586,0.4269228874477934,3728.983501385976,2.776819430321251,91.74491375979191,14017.259542158248,264.9808808718547,12.801793415329534,0.46354151108814295,6562.765716176091,3.863678287228341,73.71018093062897,4493.173622150239,104.52135996628327,1.9845984466254625,0.13241932255950575,4861.203861496888,2.4951741443367945,62.72034443162281,1724.5393934845292,109.97232834916198,0.5504591172883606,0.12431715745895781,4340.518248895029,1.7587059008849222,47.32255441016322,410.9048358283214,179.36933729271163,0.10824952548355364,0.18881752317609277,4101.59818342398,3.180390539847505,96.29276589226717,67.20671577730667,3.260446639735489e+43,0.017408193611055688,3.636409897939951e+40,3969.9411896970696,0.4999617834394905,nan,1518.1219090668537,11940425.886322804,0.3376371647978367,12014.476330186018,3888.6098451501603,0.5979948883961884,nan,0.0,0.0,nan,nan,3835.7810448337427,8.065773984691372,266.72065170416164,774.8681727315833,261.34880819784894,0.2471471284286066,0.2918987521223244,4364.805864562091,5.697841021591178,164.9927281842573,1878.142403182322,137.63829860928485,0.4130335054672618,0.1386089688096791,3869.3774030895192,2.1000488353442126,65.15484377782535,266.28221360741946,1559.1914505197358,0.19743185558325232,2.2072239235048117,6582.985064364675,0.4999617834394905,nan,0.0,0.0,nan,nan,6547.816452642503,9.99923566878981,193.93267853817915,2488.621714971938,327.54743336850197,2.3229663519101864,0.5718657900849123,6716.522125761344,3.6139108610500377,67.20437617094426,1381.1024439275895,186.18645880498067,1.2589444334696236,0.31679015207973593,6730.2577148913915,1.2336581895053669,19.213940656896934,0.0,0.0,nan,nan,3426.0,1.0,26.53754284399528,6711.543014583103,1004.2229694842391,1.4458919688511895,1.068267554753502,3754.8808104635264,9.99923566878981,337.7342754526394,839.4477778449418,18439764.831888404,0.3184122289096317,21389.679475528497,4686.203447105493,0.5614207839616084,nan,323.3611797051541,150.74972435437553,0.23917203693618144,0.2424998022637446,5873.9893499690525,2.040266597565304,41.52420094087355,-999.0,,-999.0,6.484791565659328,9.863783589639272,,,,,,9.521474020787203,0.11075790731870866,1.031492,1.031492,1.0
16d23m19pt35750823s-24d38m39pt98629732s,16.388710418951817,-24.644440638143095,0.22555806137294443,,,,,,,,,,,,,0.23,a141,22241.177958388525,265.6661545847836,2.5855545535496978,0.08435644147309591,5006.844264095019,3.713439250970598,92.72974439400936,7431.289402853528,339.866307089853,0.8257074237777273,0.10476910837323525,4959.148634708989,4.159926544548734,105.27495017211783,0.0,0.0,nan,nan,3726.03,1.0,24.400668213494743,0.0,0.0,nan,nan,3728.82,1.0,24.382410999599827,289428.70951698895,10533.54149530372,36.46053893383492,2.541703487229822,6562.72808383961,3.463229972932216,65.79570213111143,102058.45710856677,497.0480822631558,11.761514669665251,0.16430456030841148,4861.137253490032,2.9873220491184074,76.05487715331465,36896.199719977114,688.8734611460753,2.985494642875095,0.19743401620879875,4340.2621923907245,2.3551056741993603,65.95583195410316,3195.7148187214075,1039.3783523531517,0.21117799920974217,0.2744628371960578,4101.513989948502,0.4999617834394905,nan,0.0,0.0,nan,nan,3969.0712508083143,0.4999617834394905,nan,695.7879620158465,1262.6466916590923,0.04075307974367664,0.3346465638185268,3888.316708194022,0.4999617834394905,nan,0.0,0.0,nan,nan,3835.4,1.0,23.704860453545347,2446.86875065545,1749427713.7772865,0.18469235362969239,462563.73809672485,4364.042097699478,0.6025554147849054,nan,0.0,253.36492543126846,nan,nan,3868.75,1.0,23.500516131444996,65361.59124358825,25539.49619547293,5.673446504534831,4.232319495083125,6583.423428091453,2.6940317547103323,50.30757960433734,2797.4568459931024,115791.0299361398,0.2463187000268339,19.576201591426795,6547.603137534945,0.4999617834394905,nan,33369.514345753814,3053.249100619467,6.933575327216259,1.1866291066506025,6716.376034002364,3.432211894225257,63.69015708561552,25937.186688826372,3577.5224069451538,5.288449131245765,1.3614349309954128,6730.779818265324,3.2565286975788323,60.155798856480146,0.0,0.0,nan,nan,3426.0,1.0,26.53754284399528,0.0,0.0,nan,nan,3760.0,1.0,24.18021855944889,2803.6556817131805,395.0523046425904,0.26140470345208283,0.1126681673692456,4685.573601112304,5.242704447635689,141.1691045464451,9587.20652710441,247.3091012260015,1.7696236614515297,0.09924758607984478,5875.517877821574,3.9443777245303036,84.10827977000764,nan,,nan,5.151131548645184,5.5655260416265655,69.9053557661688,2.483842832444896,3.9474455366032126,346.5116571756215,5.00113578533097,8.84999169789886,0.021600000000000005,1.031492,1.031492,1.0
16d23m23pt1s-24d39m06pt476s,16.389749999999996,-24.651798888888887,0.21561538441170658,22.353317459365158,0,1,0,nan,nan,nan,nan,4.193536683683835,0.06234600319254551,57.0715845185245,11.209254562857106,0.216,a141,31255.532220843026,109.45597056544959,98.46695693896558,0.9418657244989793,5006.845564736645,2.5105362314721313,61.304402430040824,10645.090649334337,130.57879603162888,30.748337093829644,1.046533873157721,4958.834222860834,2.53619219361233,62.58250949727511,0.0,0.0,nan,nan,3726.03,1.0,24.400668213494743,0.0,0.0,nan,nan,3728.82,1.0,24.382410999599827,21446.278947691637,177.7450353752961,139.32353628035702,2.211762070505288,6562.736900509175,2.6118476493803766,48.81301411051451,9991.71487713553,142.88386975439204,37.36669233409374,1.5326940943516365,4861.198628427298,2.493341572989861,62.67034296937145,5154.708983163246,112.70591215508144,11.289519166517053,0.8743155022687477,4340.250802673372,2.334686684171394,65.32830837608134,2088.8872565418246,113.78019474458817,3.9579227814428917,0.8615002471167198,4101.483543637552,1.9504140159350771,56.50406411598533,2705.283954766232,212.09808191712068,4.594260864247631,1.5527073140982617,3968.0159655920406,3.786829449898184,119.34104024397422,0.0,0.0,nan,nan,3879.06,0.4999617834394905,nan,0.0,0.0,nan,nan,3835.4,1.0,23.704860453545347,0.0,0.0,nan,nan,4361.805582102086,0.4999617834394905,nan,0.0,0.0,nan,nan,3868.75,1.0,23.500516131444996,0.0,0.0,nan,nan,6583.854149148595,9.99923566878981,192.88987927331783,0.0,0.0,nan,nan,6548.423034316612,9.99923566878981,193.93267853817915,2303.631358538205,191.69947609848907,11.612817427048245,1.8075544912248147,6716.36914343962,2.4476515035588897,44.45745303756051,1630.97442709753,256.5104710241716,7.797171343799362,2.28883574321424,6730.617249726121,2.5166086259225637,45.7219558057565,0.0,0.0,nan,nan,3426.0,1.0,26.53754284399528,0.0,0.0,nan,nan,3760.0,1.0,24.18021855944889,520.845592412034,73.95724208528094,1.597296208476203,0.6949032461812561,4681.327553385613,1.2726107962873583,28.87625191594236,1293.6838813094146,80.96796139768684,6.964033541411346,0.9474519804792411,5876.380415222571,3.2774299330467365,69.37515737348663,-999.0,,-999.0,0.0040778840647110026,0.2634060059979763,,,,,,5.872707050087447,0.02331177688633179,1.031492,1.031492,1.0
16d23m25pt29930915s-24d39m00pt18617469s,16.39036091920871,-24.65005171519112,0.20066348541652523,,,,,,,,,,,,,0.23,a141,46414.11595383298,143.02403993696433,36.84808327650168,0.3101416513939451,5006.84331163216,2.6596058877230777,65.24208029260636,15723.733679629864,152.60417210141327,12.040856508337122,0.3242408011902431,4958.895413135478,2.629271586229135,65.06509209854416,0.0,0.0,nan,nan,3726.03,1.0,24.400668213494743,0.0,0.0,nan,nan,3728.82,1.0,24.382410999599827,42993.828526946476,519.4251608608979,58.969923149810235,1.3646099801979266,6562.841885124649,2.8469157496288378,53.53117138374809,19228.351507152973,139.61796238952144,15.423585485755876,0.3212150627396743,4861.3064532260805,2.5794228655077753,65.0157892726811,8617.292015632725,151.8252167935704,5.139816890747873,0.3207474459967908,4340.288728562848,2.2249720791787246,61.94682172346044,3381.5203152388485,181.41935105118648,1.5337373392598335,0.32878276666708245,4101.695147172236,1.613981568750522,45.13823532777175,1645.677545846722,6822528.675151535,0.7788163577286512,13900.026696197594,3970.2319371326107,0.6154249277684509,nan,0.0,0.0,nan,nan,3889.06,1.0,23.37778840736009,0.0,0.0,nan,nan,3835.4,1.0,23.704860453545347,485.65460827123087,396.819058295209,0.2570247073081892,0.7358909299727312,4363.363997083516,1.1885315533156557,28.026269588964638,0.0,0.0,nan,nan,3868.75,1.0,23.500516131444996,4491.909350374809,3311301872.5104184,2.875986345644722,4047521.3650839203,6583.528739284776,0.4999617834394905,nan,0.0,0.0,nan,nan,6547.950407228365,9.99923566878981,193.93267853817915,6397.6224755728,504.0215631373625,8.66084114766531,1.2761945385249067,6716.669145305724,2.699152827299822,49.41197155860386,4218.336920146773,671.0194311228636,5.431782492715581,1.6126172801938083,6730.9951389619,2.56443740665655,46.663045408367765,0.0,0.0,nan,nan,3426.0,1.0,26.53754284399528,0.0,0.0,nan,nan,3760.0,1.0,24.18021855944889,123.0568274905238,94.91241585518657,0.07747616130380516,0.18274183838157423,4686.205018734632,0.4999617834394905,nan,1869.8237774541888,91.41463011233184,2.3049908350241477,0.24500171983020916,5875.5840737593035,3.0600896688159485,64.54649010874104,nan,,nan,0.558267557327891,0.712271113794076,8.473962420872178,0.29268081344969604,0.46831336505149707,38.66812003233002,0.5396949168922272,7.975288449160077,0.05952368952997394,1.031492,1.031492,1.0
16d23m25pt32s-24d39m00pt368s,16.390366666666665,-24.65010222222222,0.20066502363641425,19.09941824871568,0,1,0,9.730142657413511,0.053734254775381435,nan,nan,3.264880848192688,0.023516448430473538,46.421387690941316,9.303556888643913,0.216,a141,48477.59986052434,130.04803998459167,38.946826257965014,0.2853782598707092,5006.8441937221505,2.664828702043676,65.3797254480565,16419.58512383889,143.41756619075235,12.567011667628616,0.30455882962875835,4958.899216510625,2.6513957076660355,65.65416463389265,0.0,0.0,nan,nan,3726.03,1.0,24.400668213494743,0.0,0.0,nan,nan,3728.82,1.0,24.382410999599827,44526.49676371886,527.1299743349152,60.74310358569828,1.3773934338323686,6562.831386925736,2.854491287710461,53.68276883337268,19877.351732541112,130.31671065270837,15.91226642359338,0.29921763802504936,4861.29162505638,2.569757140245248,64.75275105520171,9078.588016076146,146.67779098243696,5.328972711063171,0.30494763788036666,4340.321785595745,2.192747675208064,60.950279146103625,3910.200364653835,167.8121713365001,1.752424943569562,0.3004952609769146,4101.748890988534,1.659348818905189,46.696062265540334,590.8750253348426,191.40281408510677,0.26981159774991653,0.3763375196719334,3969.9041645502252,0.4999617834394905,nan,0.0,0.0,nan,nan,3889.06,1.0,23.37778840736009,0.0,0.0,nan,nan,3835.4,1.0,23.704860453545347,217.22004180371908,1232.1249079195334,0.11250318388688425,2.236284360452562,4363.195792802823,0.4999617834394905,nan,0.0,0.0,nan,nan,3868.75,1.0,23.500516131444996,1973.8383552982702,2.281264296993095e+21,1.2310887284591876,2.7163504686937585e+18,6583.559473420175,0.4999617834394905,nan,0.0,0.0,nan,nan,6547.775173699488,9.99923566878981,193.93267853817915,6663.808796309299,521.4991013290378,9.035162243056746,1.3224970865684504,6716.647190845786,2.649067503923131,48.42830071443426,4365.956414222372,694.5921965583901,5.5800953851508694,1.6568690598689702,6730.98039977761,2.5186951221588836,45.763040816792746,0.0,0.0,nan,nan,3426.0,1.0,26.53754284399528,0.0,0.0,nan,nan,3760.0,1.0,24.18021855944889,103.40614122921642,111.34943974669542,0.06500044915897918,0.21405170324680023,4686.156785497266,0.4999617834394905,nan,1962.6658909974888,95.01734147289945,2.4127344670380904,0.2539562148111178,5875.498433653135,3.156141519017391,66.68258906742209,-999.0,,-999.0,0.5706419148324797,0.7205833912247385,,,,,,7.936511683196266,0.03385641727001665,1.031492,1.031492,1.0
16d23m41pt415s-24d38m36pt656s,16.394837499999998,-24.643515555555556,0.576189701999793,32.23426857304498,0,0,0,10.819304989597267,0.05711031947213512,8.0949402807952,1.476555721366618e-05,8.132302480532033,0.03866207717100142,49.71647842554795,8.275077441815633,0.216,a141,77119.13205037966,252.2170221640549,70.49747277258655,0.6297503897678589,5006.8689583462365,2.3718151081955914,57.62234449794211,26379.915308241627,204.6734733835694,23.548942302555393,0.5069295894925674,4958.975209528236,2.376729907643004,58.31133637046786,61674.18622267201,424.0476626357908,25.165240418031836,0.8715480342693828,3726.1079550467057,2.2024736303403625,71.35167984885386,86099.06438017874,541.2970076645693,35.19909067015387,1.1125314075629007,3728.8639113113195,2.2024736303403625,71.29829266825026,0.0,0.0,nan,nan,6562.8,1.0,13.853480493619768,30898.051143940385,113.28300518861505,29.4549760103486,0.3097425749238823,4861.324648411728,2.3796476362328582,59.56175442761684,14085.199594298916,110.60885031742797,8.85191890754396,0.24619016046646852,4340.465769258955,2.2019759435351567,61.23583060624527,6792.762067994965,100.45030465680675,3.4114870566914317,0.20156231948610467,4101.803914146162,1.6387650007512258,45.99044879896927,3927.2295417001937,102.03207704385595,1.7592862364334707,0.19684328458831646,3969.634159676243,2.0260854309176075,60.97042234891578,4085.258443563826,324.3090667398492,1.553821227664783,0.557973518033258,3888.8620612028885,1.4619881414910332,42.01642482420659,322.9899838056483,290.03585680398237,0.12910666100198892,0.5426234799382934,3835.251498749282,0.4999617834394905,nan,62.80530882211408,865.3342491745461,0.03328663602786059,1.6064876175049734,4364.128744154961,0.4999617834394905,nan,10393.3568347801,236.27029817931725,3.992896818510462,0.41579249349517483,3868.8683266679054,2.315251999104488,72.62301302156881,0.0,0.0,nan,nan,6583.45,1.0,13.810026928666252,0.0,0.0,nan,nan,6548.05,1.0,13.88468655302385,0.0,0.0,nan,nan,6716.44,1.0,13.536579167464883,0.0,0.0,nan,nan,6730.82,1.0,13.507659064352907,0.0,0.0,nan,nan,3427.358745256254,4.315579650710861,158.24323504196994,1497.6485394751862,228.2004994803754,0.660747563835959,0.4959540485178313,3758.373055131309,3.5967636395522398,119.45446742566992,176.63376856235442,93.25900012736159,0.13522224848150366,0.21840351839815472,4685.354558185836,1.6669498741908422,41.10426283927199,2299.1742255961844,140.44526651832192,3.583520701912782,0.47589626097270177,5875.776151450315,2.66293809756362,55.67010200943065,-999.0,,-999.0,1.2976945983185217,1.43075965539978,,,,,,9.155773795615245,0.029355442101851693,1.031492,1.031492,1.0
16d23m41pt80164201s-24d38m36pt18549406s,16.39494490055822,-24.64338485946044,0.5762005650841973,,,,,,,,,,,,,0.23,a141,90220.55325228604,275.8312744599267,67.7629752807984,0.565867753507277,5006.855961654468,2.3884500159569866,58.06489680098777,30666.45837037372,226.06446710346555,22.92794705302657,0.4689471876553534,4958.961241157075,2.344405938319005,57.44239658444182,72073.79673088921,389.2436199818702,25.45051829052698,0.692339978094741,3726.1090138316545,2.189466292461421,70.88278741469337,99966.78057531624,493.410238965304,35.367895293715584,0.8776190963717544,3728.861418460544,2.189466292461421,70.82975107159099,0.0,0.0,nan,nan,6562.8,1.0,13.853480493619768,35854.96037269055,119.47082155031613,28.454538496287352,0.27194160379039495,4861.305197845398,2.3865598868475035,59.7511286380271,16326.698169111647,106.31621845911695,8.611820777983192,0.1986124693131658,4340.446237068786,2.1949344903514842,61.01795830093788,7982.992356720413,98.90381463691679,3.378034139188882,0.16721766679249067,4101.761426420842,1.7430865826927462,49.54793036769088,4218.84876830022,120.98446749463834,1.5705965559750728,0.1939599325696718,3969.7194392093543,2.0323916954809604,61.18587253764914,4890.882654569358,374.2013563164354,1.5781189757921144,0.5461596244539119,3888.9035106619226,1.4326755662913653,40.920090587036334,1050.7822437386565,3989561.8588674837,0.3552271980916628,6313.6161605311645,3834.9949567086255,0.4999617834394905,nan,0.0,0.0,nan,nan,4365.131654656313,0.4999617834394905,nan,12015.357199983184,274.70991544386084,3.899807376899001,0.4084430385453182,3868.8122371623676,2.2690980923475035,71.02800763818381,0.0,0.0,nan,nan,6583.45,1.0,13.810026928666252,0.0,0.0,nan,nan,6548.05,1.0,13.88468655302385,0.0,0.0,nan,nan,6716.44,1.0,13.536579167464883,0.0,0.0,nan,nan,6730.82,1.0,13.507659064352907,0.0,0.0,nan,nan,3425.555080596185,5.617860378943324,207.13273021041027,2579.000777052019,381.71053886792197,0.9660137684392478,0.7030845571208365,3760.929239159991,7.81385698998343,263.5062221288994,517.0487389058812,130.245273385186,0.32943029731935897,0.2537827846481566,4686.111784703638,3.6891729439197176,98.4140763940728,2480.0532225503016,132.06243986699735,3.208959643882157,0.371494339267426,5875.749328267489,2.7738017713910645,58.15611881445357,nan,,nan,0.9797567426508822,1.2516230116412654,12.738758378446155,0.49205080490422265,0.8403856408000279,74.27275028092791,1.1267625697471784,9.14641436569303,0.021599999999999998,1.031492,1.031492,1.0
16d23m44pt22264049s-24d38m43pt58535203s,16.39561740013605,-24.64544037556473,0.687697362608686,,,,,,,,,,,,,0.23,a141,8260.409849745954,114.81609512691726,382.39898449619625,14.51790052713935,5006.845628450111,1.0087996936954478,18.47069661171365,670.6680306362261,273.6233602736578,7.947805111946133,8.996942032393898,4958.877408351355,3.429000343282057,86.17891207934086,0.0,0.0,nan,nan,3725.9324198462996,1.7634085564161255,55.301247663021,2491.457000960104,15115.32417671494,44.34533652317641,1350.2853166122088,3731.2770461895784,0.5740891323505166,nan,0.0,0.0,nan,nan,6562.8,1.0,13.853480493619768,0.0,0.0,nan,nan,4861.356160594009,7.397829740628601,192.86758754955895,0.0,0.0,nan,nan,4344.469419594942,6.448203034662293,188.01465849865872,326.67526252203544,6.574273844636221e+50,7.577328868382431,6.089898320883069e+49,4102.644396289835,0.4999617834394905,nan,88.20005555192633,98.9448753239596,0.9127681350439357,4.412248574595656,3968.695857229676,0.4999617834394905,nan,806.5949382585502,82.37187423106506,6.218386055727409,2.8779860246237927,3885.8633920452826,1.8105824008214393,54.66142747194988,0.0,0.0,nan,nan,3834.92909088298,3.30886289159725,107.34666196652398,0.0,0.0,nan,nan,4358.281225800788,0.4999617834394905,nan,0.0,0.0,nan,nan,3869.6892673575207,4.459233942109001,144.92209371727614,0.0,0.0,nan,nan,6583.45,1.0,13.810026928666252,0.0,0.0,nan,nan,6548.05,1.0,13.88468655302385,0.0,0.0,nan,nan,6716.44,1.0,13.536579167464883,0.0,0.0,nan,nan,6730.82,1.0,13.507659064352907,0.0,0.0,nan,nan,3426.2985897636386,1.6925722778810206,57.264994606461215,0.0,0.0,nan,nan,3760.0689023751834,4.150217336330868,138.50930825113744,93.21060878843072,4.366576458796755e+18,0.8101664417910158,1.1618719826633787e+17,4683.47466252733,0.4999617834394905,nan,0.0,0.0,nan,nan,5875.62,1.0,15.473706908126772,nan,,nan,0.11546588866041389,0.16118918133123902,nan,nan,nan,nan,nan,7.983256574763772,0.13059179034981622,1.031492,1.031492,1.0
17d52m41pt58s8d55m37pt45s,17.878216666666667,8.927069444444443,0.7425041057529218,27.03096375936319,0,0,0,8.444286927969166,0.05191156965699442,8.026543369306118,0.0003587176299110801,6.893780477069235,0.33190944775353676,91.353475437605,19.440399085011364,0.485,macs0111p08,7069.378996242211,225.08944028340284,12.451915253070744,1.082938604325871,5006.789232106655,4.205475722647074,105.44192182734693,2501.9935295903438,303.2904096589581,4.572856903124632,1.5380307370579558,4958.858214015664,5.779427002682048,147.28292991387553,9212.067529570113,460.2037930944313,12.174075890639457,3.0652744527251485,3725.2470401524665,3.3207522322555585,110.91320873739635,21238.859032859185,1007.6869112915335,28.127777287660123,6.711889367008408,3728.2983434336525,3.3207522322555585,110.83022059305648,0.0,0.0,nan,nan,6562.8,1.0,13.853480493619768,5805.5662232628265,222.04622904258537,9.842779934739042,1.0796406092511295,4861.6277975851235,3.136143351514751,80.05836376909315,2519.1804971196098,193.8590883048808,4.047487591516395,1.1029679812425608,4340.7401607421525,2.651456941536996,75.01075369902692,1811.6211807957034,132.0388830415371,2.1626440790889236,0.6297094470714482,4101.973574837545,3.169818006546235,95.95633602075564,552.741028684912,3196.314274595839,0.5918789073915802,14.728548335134006,3970.934711267725,0.4999617834394905,nan,0.0,0.0,nan,nan,3888.8688457019634,4.396086285317266,142.0717638897549,187.65868989723538,2.148997537012656e+32,0.19685184724949087,1.0561266938049068e+30,3833.7525386476455,0.4999617834394905,nan,104.02411077599439,563.4202092332133,0.1457907498706772,2.7678288325596165,4362.680929279698,0.4999617834394905,nan,4789.780582260267,233.422762782486,5.429099038192978,1.2137178420277608,3866.5899989355876,7.418598217284096,243.03687495773931,0.0,0.0,nan,nan,6583.45,1.0,13.810026928666252,0.0,0.0,nan,nan,6548.05,1.0,13.88468655302385,0.0,0.0,nan,nan,6716.44,1.0,13.536579167464883,0.0,0.0,nan,nan,6730.82,1.0,13.507659064352907,0.0,0.0,nan,nan,3425.6496690667086,4.761216148577653,175.004153144539,2713.7227357104703,386.88701240396557,3.431657942565306,2.3992829354405933,3764.9289437419106,9.99923566878981,337.7342754526394,0.0,0.0,nan,nan,4685.686324964744,4.459491100495281,119.66256763162154,0.0,0.0,nan,nan,5875.62,1.0,15.473706908126772,-999.0,-999.0,-999.0,2.0028817360032085,2.465724259559114,,,,,,9.419425510663542,0.32094244016457807,1.031492,1.031492,1.0
17d52m45pt885s8d55m56pt74s,17.879412499999997,8.932427777777777,0.40386612729519067,12.610485088533805,1,0,0,nan,nan,8.059885911884686,0.00012434761051946178,8.04044953397224,0.5079780786170205,67.39800596891209,10.771880941937743,0.485,macs0111p08,3476.7785886328697,92.75825316837918,50.41409614022869,3.673770551341334,5006.8555563168675,1.967338233376975,46.750319071675044,1240.1363400118978,108.37303469400513,18.449596491382284,4.473360360281484,4958.925597139637,1.8604250170808605,44.25285809288644,5039.362894021301,280.22052607524006,52.81439489579196,14.793367147028807,3726.070317919575,1.5161953006342441,45.95340443573015,5177.551175357722,262.0339871141069,54.368862960390295,13.833265644994125,3728.871838587531,1.5161953006342441,45.9190209046464,4217.89296330048,147.1110725700914,303.0311031222902,20.244420473968603,6562.737671730437,2.4460154981934004,45.46511411977305,1857.3375698617187,105.7252210518976,40.77183175696456,6.656907797090809,4861.219059055498,1.987121026489282,48.70361323126214,1006.9198846636592,134.3326445004103,12.854622130782273,6.075333887842683,4339.8876285709575,1.658954342532093,44.114966453247135,348.4371196543736,232.25095990950138,1.5147578059718034,4.034832714879277,4101.429284193015,4.014967132510343,122.70855953146878,392.84487302372406,0.0,1.770553761564793,0.0,3971.3071097215293,0.4999617834394905,nan,0.0,0.0,nan,nan,3889.3815618379845,3.451339393629033,110.63296174632677,1531.3141541026848,186.32983560020097,11.263511800867478,6.411522401982706,3836.0266461724586,2.0702591770236403,64.67164022090856,0.0,0.0,nan,nan,4362.447622202817,3.9770460870118405,114.23099566901504,0.0,0.0,nan,nan,3868.8124126967195,3.9438395214068174,127.72049544384743,381.0441598051497,21938903.7107553,6.048993451910014,664930.7735503463,6583.249662900571,0.5593877297194739,nan,0.0,0.0,nan,nan,6546.952876390036,9.99923566878981,193.93267853817915,0.0,0.0,nan,nan,6716.44,1.0,13.536579167464883,0.0,0.0,nan,nan,6730.82,1.0,13.507659064352907,1012.6058589876291,2339230839186.017,15.106205206009387,222076921939.5431,3426.289803567343,0.4999617834394905,nan,956.1510967699824,238.94583382599785,39.25026144283066,48.20909388366617,3761.699678473212,2.8327809784435423,92.94084571781912,0.0,0.0,nan,nan,4686.982359630433,2.9933326308761514,79.07388736875093,651.5030016084297,197.97389713962957,254.16277075898319,168.00111740783797,5873.1636294955915,4.387317036623239,93.84452060088778,-999.0,-999.0,-999.0,0.2082099664061323,0.2736091633471054,,,,,,7.8335665377082035,0.053424680696212534,1.031492,1.031492,1.0
17d53m07pt61874487s8d56m05pt75307645s,17.885449651352566,8.934931410123806,0.6984787742335801,,,,,,,,,,,,,0.4854,macs0111p08,3658.2623614266076,105.17128803280409,452.0042764918945,35.49361442297529,5006.849691213242,0.8135140984121806,10.539436781375958,199.73363162914418,24944294.5592619,5.781753017979172,2001797.427579608,4961.39190193422,0.4999617834394905,nan,882.4444436023665,118.95645183635561,3.566573428574087,2.4255232486932883,3723.8860830863005,1.4289341433093352,42.56394680305734,419.88334616382724,79.71986812988192,1.7056236142832597,1.625488912512235,3731.113748153675,1.4289341433093352,42.532099352233615,0.0,0.0,nan,nan,6562.8,1.0,13.853480493619768,252.28539911406318,297.8923689596407,79.2478946858816,268.7546493881108,4857.419665375242,8.204778573343805,214.08605511377814,0.0,0.0,nan,nan,4341.534934008771,9.99923566878981,292.5682705754515,0.0,0.0,nan,nan,4101.474181683113,4.647846317010122,142.61509248073926,835.4957775038143,227.94942868145665,29.1134851899415,34.17014964235242,3971.4830232173276,8.271748095604424,264.30193019434415,279.14435339587493,131.31628189546797,5.8128778376129056,12.357531338633807,3890.4186549956817,0.4999617834394905,nan,0.0,0.0,nan,nan,3834.204879187958,5.547462510999767,182.6675373754802,0.0,0.0,nan,nan,4355.511935330977,0.4999617834394905,nan,667.2362029705963,114.18684025885555,10.984340654535709,8.626584509410874,3865.9873298544117,2.4310230777975645,76.61024934034023,0.0,0.0,nan,nan,6583.45,1.0,13.810026928666252,0.0,0.0,nan,nan,6548.05,1.0,13.88468655302385,0.0,0.0,nan,nan,6716.44,1.0,13.536579167464883,0.0,0.0,nan,nan,6730.82,1.0,13.507659064352907,853.6758864849797,118.37486729076001,118.8527486375135,105.0038622181764,3424.9291138009853,0.7993372259621435,14.341061433366578,0.0,0.0,nan,nan,3759.6135687440337,6.157898168477341,207.14924953680944,0.0,0.0,nan,nan,4685.593906591954,2.016618787273258,51.38480666533038,0.0,0.0,nan,nan,5875.62,1.0,15.473706908126772,nan,nan,nan,0.5594248643065918,0.45425469880332237,nan,0.0050290005356911655,0.030804564469572183,5.760835785431746,0.08320179167610156,8.737239711362465,0.3617206088946277,1.031492,1.031492,1.0
224d52m16pt41356234s-18d10m42pt80767292s,224.87122598953792,-18.178557686921437,0.23327373775613336,,,,,,,,,,,,,0.2357,s780,102547.04492919674,3094.7383310870396,4.029413409842039,0.33216194863235443,5006.693425587598,6.838786770446091,172.97815869817788,37298.815495972856,2560.134693860093,1.3790122917018506,0.26258191912356327,4959.386460675813,6.196469983321404,158.06368699067937,0.0,0.0,nan,nan,3726.03,1.0,24.400668213494743,0.0,0.0,nan,nan,3728.82,1.0,24.382410999599827,511327.4867205364,62003.27568416229,8.716138191186799,2.024364710328479,6563.014654779798,4.193381577686865,80.20498531505689,337095.66226330976,3167.7934548438216,12.740165271189452,0.3433620839801551,4861.555446176362,5.093265231055665,132.11839632352542,143702.09407398745,2377.587161177409,5.79655450258029,0.3396407759548999,4340.612260817769,4.304277482877953,124.56815194314962,83497.96086548599,2194.1831673305346,3.548089180598037,0.37245810917445976,4102.121017265869,3.610605318037355,109.94024468433915,60908.74378772515,4227.502041197366,3.287923338743753,0.9827685706306912,3969.6662913270693,4.848964210959904,153.86488865589936,53080.56626983629,3722.7688890993454,2.853731615584598,0.9049726994093784,3889.5297930320194,3.779033353014768,121.56755449745356,0.0,0.0,nan,nan,3835.4,1.0,23.704860453545347,0.0,0.0,nan,nan,4364.354961873763,9.99923566878981,291.0428046557292,30127.71271622653,3526.577949589113,1.560847884617249,0.8369635781091119,3868.7832977792646,2.0511272408652537,63.44476253197885,623546.1348442436,74699.23922700653,12.649995168050378,2.893160030947684,6583.5291599519305,5.002724532811043,95.79049238000111,80004.09713180298,54219.948261420825,1.687065778364009,2.195062025838333,6548.344117351842,2.8735662921376335,54.186157951787635,241587.6005487161,17506.792222623848,8.836000275220552,1.1976512260174255,6716.417471729476,5.997401257944167,112.90376753941618,76868.3208584929,20758.05379294488,2.5189384650806934,1.2694228350544732,6731.698669371412,3.661748255125484,67.98285058761464,0.0,0.0,nan,nan,3426.0,1.0,26.53754284399528,0.0,0.0,nan,nan,3760.0,1.0,24.18021855944889,9405.779531484644,3156.4545172094304,0.35159330471736916,0.36110708092481564,4684.179060800886,7.346645513533352,198.70053947244332,17657.113360591324,1669.9685404786287,0.7472298422133993,0.1536341667091042,5876.01567500398,3.1696798728532323,66.98339088512222,nan,nan,99.78659617599874,17.313902497861765,17.274704340368167,259.12601118325,14.94446560138275,28.183746037650504,2780.999151564573,56.13456239847895,9.347807513083792,0.0706572984620751,1.031492,1.031492,1.0
22d57m45pt48s-13d36m58pt283s,22.96263333333333,-13.616189722222222,0.4677393846786393,12.242052181917927,0,0,0,nan,nan,8.048556079397674,0.0023630424972360545,7.169509953522905,0.4662854046395425,72.86212295558123,14.93670319905388,0.206,a209,3912.9091261052026,157.4292314223478,13.279004476333165,1.4592861773623411,5006.821194565476,2.1616973744305716,52.00437145375945,1082.5452662364407,146.86819668736334,3.6489933908352628,1.3735236792270225,4959.021748338122,1.691352139555226,39.52869649922996,4919.041806125133,318.2982313977033,22.457112644647964,7.316399095669611,3726.731818187567,1.9473293160920233,62.08850188087199,3530.5042535265784,273.4028405561537,16.142691184351616,6.284434213205556,3728.928901422188,1.9473293160920233,62.04204565068452,0.0,0.0,nan,nan,6562.8,1.0,13.853480493619768,1875.302571466107,102.7050807036755,6.565828713434236,1.0313437460194899,4861.425247260381,1.8794001338207889,45.67702616883465,0.0,0.0,nan,nan,4341.077046704658,5.661653534878775,164.78794754748628,874.1022768512112,57785835.40150595,2.2483920421365284,593059.2289532219,4104.321101553386,0.5165658271524323,nan,0.0,0.0,nan,nan,3970.355417791458,3.679002792711192,115.82086042857573,0.0,0.0,nan,nan,3887.225429583968,4.221435324147755,136.27747704827024,0.0,0.0,nan,nan,3837.1809119139916,7.721998251150116,255.26439765975775,199.64349204376532,2.8340721260654965e+25,0.6065821480748651,3.0191195046788378e+23,4362.063753396721,0.4999617834394905,nan,0.0,0.0,nan,nan,3868.651989502595,4.841656737498286,157.65188718028477,0.0,0.0,nan,nan,6583.45,1.0,13.810026928666252,0.0,0.0,nan,nan,6548.05,1.0,13.88468655302385,0.0,0.0,nan,nan,6716.44,1.0,13.536579167464883,0.0,0.0,nan,nan,6730.82,1.0,13.507659064352907,1181.2570522599337,319.04005397941836,5.6177407682796385,9.66075841985098,3425.6721300316426,2.111769535617926,74.03675642773159,0.0,0.0,nan,nan,3761.2367947119,3.7194583106820795,123.6870335100128,0.0,0.0,nan,nan,4686.561226940371,5.82693147945637,157.17144149645173,0.0,83.43745826306031,nan,nan,5875.62,1.0,15.473706908126772,1.0198070067340266,4.540290029250895,8.28006090679117,1.876756638323115,2.0425293486254152,,,,,,9.226715052198903,0.12707000436422228,1.031492,1.031492,1.0
22d57m55pt32s-13d37m11pt705s,22.96536666666666,-13.619918055555557,0.7342241779195031,16.982169009893163,0,0,0,nan,nan,7.451673320329126,0.0021981026423372498,4.7885365651792755,0.35526075893250947,59.39301454899093,14.791797297853698,0.206,a209,5211.040513823118,152.47400028502145,135.43359618229172,10.823946980330518,5006.831436978444,1.7777986255458917,41.55287545463046,1410.6398224989332,107.60823309383773,163.51681484554754,34.60621675414584,4959.154032380066,0.9702608489100599,17.24886295161129,3690.8257706699333,209.53533048153227,90.56282523875166,25.89690624349618,3726.156713004873,2.0895555319042756,67.27010275515252,5139.523798808006,258.0948737084876,126.36941088895112,31.898480943502673,3729.102023346171,2.0895555319042756,67.21976951657118,0.0,0.0,nan,nan,6562.8,1.0,13.853480493619768,3226.8793806780695,225.77533474448128,764.8252910935462,153.48183230142575,4861.3747006090025,2.661314202848281,67.24128706804836,856.3587093142487,84.64897290869263,9.324141683541376,3.26423830789991,4340.462691308599,1.240631444567678,30.043422380883392,0.0,50.57317815506448,nan,nan,4101.73,1.0,22.16567686891332,59.60574839154971,0.0,1.2741476491633825,0.0,3968.4732331589066,0.4999617834394905,nan,486.7066763179441,21552.548421936855,8.380998471667805,1678.6477683606433,3889.011286072868,0.4999617834394905,nan,0.0,0.0,nan,nan,3835.4125887754844,4.407218117559336,144.43371682503818,1608.3361697940002,209.79043813182435,17.113709554473864,7.8199077192908435,4363.985992011106,4.373701618291356,125.97119935723495,809.641473908157,86.07115667146535,11.230386487299821,5.4700227062179385,3868.525625807364,0.9886349620351536,22.973896951439258,0.0,0.0,nan,nan,6583.45,1.0,13.810026928666252,0.0,0.0,nan,nan,6548.05,1.0,13.88468655302385,0.0,0.0,nan,nan,6716.44,1.0,13.536579167464883,0.0,0.0,nan,nan,6730.82,1.0,13.507659064352907,4616.544637701678,260.2859359833993,124.21184108256642,44.4679210979114,3428.8481211371964,4.437623594017971,162.83754378527908,0.0,0.0,nan,nan,3765.02590717712,3.7057865787724658,123.2156669783754,1664.1511979238364,368.19230208213503,103.34185463063662,69.6682096839899,4695.68,9.99923566878981,271.0131455203778,0.0,0.0,nan,nan,5875.62,1.0,15.473706908126772,0.5796692150123965,-0.0011644416289347606,0.12422707162477836,0.19911648515048877,0.025796458427945645,,,,,,7.937357443853325,0.0216,1.031492,1.031492,1.0
22d58m06pt50286053s-13d36m36pt13305433s,22.968473016813828,-13.61003695953594,0.20058098305205618,,,,,,,,,,,,,0.2048,a209,14644.831324942406,266.63857642640426,3.79985720554742,0.18896891069316116,5006.855851321377,3.000602922275091,74.19187434331835,4474.798668847309,283.19114357129064,1.1363569801199425,0.19952638243816428,4959.035644860696,3.183098184268376,79.71919135529599,0.0,0.0,nan,nan,3726.03,1.0,24.400668213494743,0.0,0.0,nan,nan,3728.82,1.0,24.382410999599827,54225.01839404688,1446.3809323107866,18.528488188521273,0.9466086319161057,6563.038629475888,3.309584301510917,62.749338160623665,20194.108606324626,256.8564261325533,5.226521289464113,0.1906658007313659,4861.418526735113,2.785307277878426,70.60142093713746,5302.3611893495545,336.2177871098516,1.298156806159367,0.2915568858826445,4340.277386650128,1.7302806190316713,46.412311404669985,911.1004680043419,494.00020995727505,0.19956421541263797,0.43235135879059805,4101.666144169028,0.4999617834394905,nan,0.0,0.0,nan,nan,3967.6223449200197,0.4999617834394905,nan,0.0,0.0,nan,nan,3889.06,1.0,23.37778840736009,0.0,0.0,nan,nan,3835.4,1.0,23.704860453545347,0.0,0.0,nan,nan,4363.36470420288,1.4762074367012508,37.922408108646565,0.0,0.0,nan,nan,3868.75,1.0,23.500516131444996,6983.976821445772,4402.5698587406,1.8383178000351927,2.21230928004868,6583.714491287239,2.2591069957062975,41.53629276135709,0.0,0.0,nan,nan,6549.257019415053,0.4999617834394905,nan,10687.725286305667,847.3651636693883,3.89622490576317,0.5777772482398496,6716.595593817197,3.1800026042662557,58.79845525203337,6875.781788242393,1122.0955287537176,2.4589655823071537,0.7489552691227913,6730.986219341858,2.938380435824002,53.97790279589559,0.0,0.0,nan,nan,3426.0,1.0,26.53754284399528,0.0,0.0,nan,nan,3760.0,1.0,24.18021855944889,1630.4710327620282,265.1593106702919,0.3636373288920744,0.18103722379982873,4683.490684849844,2.576030336635002,67.35723308681142,2069.1761285849484,163.41519843245587,0.6686704599040042,0.11479864796106258,5876.18198673026,2.6726829922694315,55.88891646211825,10.883465580627279,39.14003152070735,72.97721679641893,8.51862283589169,9.283270583724152,38.82072195399983,1.932774392080541,3.461125507493079,337.18133092539,5.411397932806499,8.768620188196952,0.1175563356619708,1.031492,1.031492,1.0
22d58m08pt31s-13d36m35pt054s,22.968974999999997,-13.609737222222222,0.4161275606415906,22.67086897038117,0,0,0,9.291739128963044,0.03418482743050062,8.170262570064692,0.0006087997016056384,nan,nan,64.01476059536357,14.43583361127863,0.206,a209,5179.490546541292,131.47326445599515,5.195860177368705,0.3602419777709746,5006.841698183244,1.742600214018415,40.57741400256758,1678.42888857451,96.99727312598316,1.55431363122511,0.24920795910563995,4959.123941729769,1.621422890139088,37.547703718456496,1443.2648994018018,322.31613225150016,1.1003487292486227,1.2385618015434599,3725.210601744604,1.93693224665372,61.70765930211496,2590.8273567512497,479.9870359000324,1.9801016107885634,1.844442609028244,3728.7219382734656,1.93693224665372,61.661488028239354,3006.9740301926304,241.01222890329169,3.9190298372462338,0.6016923184704592,6562.475429911504,2.565659275840594,47.88234489921458,0.0,109.81502695699356,nan,nan,4861.33,1.0,18.702211490174054,0.0,99.44537223338044,nan,nan,4340.46,1.0,20.94654063936261,0.0,103.12089061860631,nan,nan,4101.73,1.0,22.16567686891332,1514.289971922728,244.72814256303948,1.0087617529369886,0.7026201419347179,3968.37700205968,2.069887061930021,62.46505598218947,1544.2417009726628,160.24585943356325,1.1229998803920298,0.5267257505433021,3890.1143313417424,1.059931056760739,26.054084887457968,1233.6046763657369,132.37070443236024,0.8165465542422323,0.411605020880686,3829.588444799254,0.9525946741546941,21.446063329397123,796.7525530453274,250.2092028075893,0.7741391728184244,0.8514628207785712,4364.393186584102,3.170310316435305,90.22055882367076,283.13051481468386,inf,0.19994301305418663,inf,3867.735604247107,0.4999617834394905,nan,0.0,0.0,nan,nan,6582.905979538822,5.347856938188378,102.52660296421446,0.0,0.0,nan,nan,6547.682239867898,4.7771724427112,91.87740898503168,0.0,0.0,nan,nan,6716.44,1.0,13.536579167464883,0.0,0.0,nan,nan,6730.82,1.0,13.507659064352907,2785.203655716944,304.25062049537524,2.6724162703869765,1.86013877313496,3424.830799803073,1.2326692495182263,37.703633195364276,4226.86841907549,383.8211381797473,4.034727388699086,1.8013677991201884,3761.1437811071137,4.504220119627124,150.65577424942143,0.0,0.0,nan,nan,4683.6239552761845,9.99923566878981,271.0131455203778,3132.0413623527465,2094.9994856152534,5.212300469428669,7.576858990508869,5877.549545917331,9.99923566878981,216.12712798001303,1.6176750474677017,10.465197387654111,21.783101899835632,2.7541456612359347,3.867149152399509,,,,,,9.301844744275904,0.127318522834541,1.031492,1.031492,1.0
22d58m21pt285s-13d37m09pt294s,22.972579166666662,-13.619248333333333,0.43804469066574403,28.07295870747188,0,0,0,nan,nan,8.082353943345385,0.0001062910625473754,8.41464389971876,0.3219004197747253,53.20824241390559,10.036488269017642,0.206,a209,11603.115314992232,139.18057130588772,30.496745979520444,0.999175009798718,5006.858846712436,2.6925461865735247,66.10987692979431,3898.994516900826,144.39349298634338,11.839373256824661,1.2164573747670306,4959.07868424891,2.722504998043466,67.54506125903383,9969.318550271177,543.1938325841414,21.375681299191537,5.867618461649065,3725.8655723686757,2.638049990556276,86.9051547806989,15755.484393171291,806.8935173293017,33.8515044418772,8.71612123492395,3728.8071806387734,2.638049990556276,86.84013008606678,0.0,0.0,nan,nan,6562.8,1.0,13.853480493619768,4899.424534972115,145.5963521643278,15.896283679379323,1.3548774046391079,4861.387881061448,2.7079614457811862,68.50667622775994,2403.1730050022525,190.21727318058174,4.8049475423303285,1.3471045581756607,4340.262811584085,2.88847828443339,82.19653356911247,0.0,101.91639987457268,nan,nan,4101.73,1.0,22.16567686891332,0.0,0.0,nan,nan,3971.642571203528,5.044937460072064,160.21314221576102,1477.846729783453,55042642.90253701,2.575478072480538,434065.05420571315,3888.2943062710942,0.5284793561735598,nan,1610.0432363590717,274.99015168494867,2.1969311595939125,1.7568128842870283,3834.7463522461944,2.429125187650583,77.2106134037341,1171.8129587275082,6139713.053769413,2.0947419777077916,38481.77603310332,4362.064471147779,0.5692603705741636,nan,2436.496263820646,279.2743462709699,4.411530229477304,2.318027533091759,3867.673465876677,2.3068603031029653,72.3332533995582,0.0,0.0,nan,nan,6583.45,1.0,13.810026928666252,0.0,0.0,nan,nan,6548.05,1.0,13.88468655302385,0.0,0.0,nan,nan,6716.44,1.0,13.536579167464883,0.0,0.0,nan,nan,6730.82,1.0,13.507659064352907,5459.729563803504,338.50317379843136,7.254087017607207,2.8639811521001453,3425.547614051447,2.757961290506578,99.12981250274001,458.73559475764125,325.8574221519579,0.7218726651445784,2.5241974218082386,3759.3902390501858,0.4999617834394905,nan,134.16131315320666,134.42744648631964,0.2836013946191501,0.8682992967921715,4688.317646981978,0.4999617834394905,nan,73.85429643741261,579.0228372327871,0.32074284109493345,5.468574447206558,5874.369017383444,0.4999617834394905,nan,0.8831765866473196,2.409653733962911,4.266985428343056,0.2267973343349198,0.4847004461755192,,,,,,8.197766046821302,0.049356760778258776,1.031492,1.031492,1.0
24d30m27pt42s-21d55m04pt409s,24.507616666666664,-21.91789138888889,0.8295597724805102,31.977685498244316,0,0,0,9.564325085836998,0.06347458478104111,8.152900155848295,0.0010507897443489112,8.987342383351223,0.7198540713079683,75.49790055541858,19.10953992702929,0.35,macs0138m21,5634.94561120211,115.90587129665693,55.94840761285612,3.143319773956354,5006.851205661996,2.0937484831957276,50.17473898875148,1579.23326838279,116.10185100006997,9.54431889780193,1.9466995910967064,4959.162425747668,1.9349418480464584,46.311145563817774,1654.944670821072,129.80091179811248,6.728981840906431,2.6579959484463496,3726.3331003030353,1.6487136046660285,51.003411680234635,3198.185968036054,207.52890150216993,13.026904331080834,4.249669526484101,3728.8790387276945,1.6487136046660285,50.96524960252967,0.0,0.0,nan,nan,6562.8,1.0,13.853480493619768,1342.7005452464286,102.42577249630327,8.834416238619196,1.9327272275268101,4861.627751716106,2.1671219528933743,53.71110244796257,0.0,0.0,nan,nan,4341.250119470159,1.376231254756971,34.75463266397377,1552.1368273813293,151.72656646461715,6.835691504984365,2.6572178657519427,4110.500165402287,6.1657540808885605,190.1363162246006,164.78577464105862,185.43751372064628,0.5982434259814172,2.8979523121676998,3970.4051229397205,0.4999617834394905,nan,1140.1125259951568,281.93477592964695,4.779400954904514,5.315200041053659,3898.2061879072,9.99923566878981,326.52642944617054,1242.4823271684675,197.0793033391186,6.959247655828123,5.165108888669555,3835.6812423909723,7.698529902074594,254.48217191366152,3.0541815454370416,221.76720763401437,0.013821022845270318,3.5143877036779148,4364.691117162197,0.4999617834394905,nan,0.0,0.0,nan,nan,3868.21018788752,3.9668121660289164,128.48858765241252,0.0,0.0,nan,nan,6583.45,1.0,13.810026928666252,0.0,0.0,nan,nan,6548.05,1.0,13.88468655302385,0.0,0.0,nan,nan,6716.44,1.0,13.536579167464883,0.0,0.0,nan,nan,6730.82,1.0,13.507659064352907,781.307965472472,82.67932361998662,3.1318157491961207,2.1071097452644083,3427.3470337236645,1.1884666696881965,35.690098780041275,0.0,0.0,nan,nan,3762.0752953666843,4.933524518096394,165.35459503656926,0.0,0.0,nan,nan,4685.609854285584,4.2462116829648435,113.79129254780987,0.0,0.0,nan,nan,5875.62,1.0,15.473706908126772,-999.0,-999.0,-999.0,0.10265483177056524,0.06825134734119034,,,,,,8.195655068372252,0.021599999999999998,1.031492,1.031492,1.0
24d30m30pt195s-21d55m03pt284s,24.508387499999998,-21.91757888888889,0.6015831643794081,31.05063770398896,0,0,0,nan,nan,8.117442508971145,0.00026193942558061403,8.46904230505903,0.49901613577742143,68.9123602348763,18.265461915064968,0.35,macs0138m21,4064.454909303934,111.31957017595685,176.6323358597911,13.213752189664946,5006.8397480163185,1.7852449765998026,41.75877596927122,1183.9676760695886,109.21284470800244,22.567904636533868,5.775805266056429,4958.97967596512,1.590801490530053,36.67422530027283,2538.2107197065543,134.97220906600322,29.552691080090046,7.915818246457717,3726.097738006498,1.544100169260885,47.02564321794294,3170.4883011409984,148.7722626299271,36.98944139001292,8.725160529282643,3729.0085662071288,1.544100169260885,46.99045740994522,0.0,0.0,nan,nan,6562.8,1.0,13.853480493619768,1293.7852016249553,70.07004353899765,26.55686638790537,4.1255505329862325,4861.151005993916,1.6726914294305244,39.784696663247,926.8416082435999,154.71924768738728,11.54973908582595,6.829005506417834,4340.269062940992,2.8489665815088285,81.00148977748053,0.0,0.0,nan,nan,4103.71927736361,3.8943604225829858,118.9050771459104,953.9945537316463,455.6284478956993,19.052561762898275,39.1905641563521,3969.5192930341627,9.99923566878981,319.8627926142355,0.0,70.16337486776804,nan,nan,3889.06,1.0,23.37778840736009,0.0,0.0,nan,nan,3836.205449685883,6.796502382109993,224.39957526952426,0.0,0.0,nan,nan,4366.820801199893,7.676128893113478,223.04155636023688,1169.3072053968642,130.2240695275361,21.66587809233106,11.048862770287432,3869.4378683125806,2.349112705399143,73.79114006508676,0.0,0.0,nan,nan,6583.45,1.0,13.810026928666252,0.0,0.0,nan,nan,6548.05,1.0,13.88468655302385,0.0,0.0,nan,nan,6716.44,1.0,13.536579167464883,0.0,0.0,nan,nan,6730.82,1.0,13.507659064352907,364.0193087049869,253.56743459247306,26.465902014398136,117.24784979066408,3426.9950507773133,0.4999617834394905,nan,1743.1953253073737,126.107375167154,66.62444036319032,23.69486096755267,3761.319018658984,2.6483084676162356,86.48020761663409,251.86893726110065,1862858.4297398063,5.18914498322316,117423.03446304027,4685.008225170213,0.5007702004218791,nan,0.0,0.0,nan,nan,5875.62,1.0,15.473706908126772,-999.0,-999.0,-999.0,0.10220636060932226,0.0001424559763818357,,,,,,5.30711916009842,0.2759557294205387,1.031492,1.031492,1.0
24d30m31pt845s-21d55m29pt888s,24.50884583333333,-21.92496888888889,0.8614848083977711,17.361899535732682,0,0,0,7.824739282949823,0.01845186750323162,8.099257890949094,0.0018509872389059863,7.662663686253935,0.4159129123646164,64.75558204867811,16.184506643072623,0.35,macs0138m21,3518.5931131651746,142.7417385940219,136.27443962384146,15.100743031606852,5006.731117576843,1.9753976896598542,46.969534120979546,1442.1941162992832,91.2678053948574,31.040391962702657,5.4512004469172055,4958.3985005280065,1.8073074640154128,42.777427416689314,1884.1003098458768,108.22476072563376,92.8753323368299,26.879033335821656,3725.7399960776816,1.7301759639875525,54.06188676425049,3391.4080739271553,161.7515103490482,167.50588232437343,40.17310095804888,3728.5556508504033,1.7301759639875525,54.02143625602745,0.0,0.0,nan,nan,6562.8,1.0,13.853480493619768,1335.8664861672576,64.2141709312911,39.333260929504824,5.4235229717512015,4861.026767581713,0.9629000645836262,17.315550259241295,1130.4694825749527,98.4302171696399,97.89492729054122,30.195096471631306,4339.973779867761,3.610772481033092,103.89841006394693,647.2524376692226,63.23655431193412,28.120488537367493,10.979140622262829,4101.421867550754,1.0103036726767527,22.611323413539587,942.4578795557009,71.03114977410212,82.77485845041498,26.843299272754194,3971.1244612761484,2.023889945529285,60.89539346692197,0.0,0.0,nan,nan,3886.5776228820137,9.99923566878981,326.52642944617054,195.4198782307077,70.83747478518589,17.477275079290838,29.65540626195059,3835.0790426757544,2.284837361001597,72.19464769449829,854.0613831829546,173.96721574076116,44.097652594440866,31.413371840935785,4367.613561386206,6.970525477361738,202.35847120700126,765.6320446596909,89.43728209755801,129.63890979053863,69.36673126160476,3868.933397396478,2.5038281157701103,79.10874460125092,0.0,0.0,nan,nan,6583.45,1.0,13.810026928666252,0.0,0.0,nan,nan,6548.05,1.0,13.88468655302385,0.0,0.0,nan,nan,6716.44,1.0,13.536579167464883,0.0,0.0,nan,nan,6730.82,1.0,13.507659064352907,1511.7834400256888,101.07610309768339,28.98105229605666,12.35282288601477,3424.2320305579556,3.1738353210594936,115.03542216339193,1129.1533475616054,110.32815878642654,178.71541056516247,86.10676303882514,3756.8817350914096,4.274652544378488,142.78198908175415,0.0,0.0,nan,nan,4686.909661111475,0.4999617834394905,nan,0.0,0.0,nan,nan,5875.62,1.0,15.473706908126772,-999.0,-999.0,-999.0,0.871625770059591,1.013832754565831,,,,,,8.927016228265964,0.30420184094927094,1.031492,1.031492,1.0
24d30m34pt44s-21d55m39pt935s,24.50956666666666,-21.927759722222223,0.3350115253305219,18.950710863735452,0,1,0,8.163771436955924,0.03982277140681148,7.980186304101073,9.57947280536902e-05,8.730568764578623,0.29573704707916987,69.57076344374022,10.71402586019177,0.35,macs0138m21,4865.714172743146,103.29724302469553,18.71470718474346,1.085199533047421,5006.856208459098,2.3988323768170323,58.34096022159448,1639.9742057159604,106.71352013158962,6.882460899883152,1.2423799364836074,4959.391036544991,2.3048979224624966,56.37873430223675,17025.48986306406,588.8329674364422,30.48753363791104,5.313180145689856,3725.578228345331,3.3492795553295083,111.91013148841196,19297.482063153708,785.3252180859263,34.627961586070924,7.086176534594389,3728.5584762855988,3.3492795553295083,111.8263974205694,8295.003429060858,375.22837887947935,34.35863650315596,2.9772185669427444,6562.342656459209,3.55406450372684,67.59393612451733,4905.597958112409,121.17489980385045,19.020606442205896,1.3477057285034542,4861.051228854185,2.629520994059738,66.37790003400912,2006.810667503295,92.1321966496497,4.748636784688592,0.7720363330695373,4340.675044683143,2.058096059581009,56.767158904118396,1069.8708670483693,143.71470809929403,2.069931959895301,1.1109608946272587,4101.752742679661,1.5375742299685327,42.490935120703924,0.0,0.0,nan,nan,3969.330242728112,6.459744811106977,205.9273892256717,244.2312526768083,inf,0.31670436210102976,inf,3889.5709343730314,0.4999617834394905,nan,0.0,0.0,nan,nan,3835.9312150935666,4.493041317914285,147.3183991071846,83.43869360729565,626.6824704005732,0.2000882846999084,5.268243500387286,4362.415916016794,0.4999617834394905,nan,2047.8867095308237,214.37850775083658,2.6571253376084423,1.275376991908178,3867.356769668887,3.4933394311664587,112.62483753292712,1976.4018443693253,677.4565902938493,6.289064776288981,4.115661412770518,6583.342209477393,2.383059212787934,44.050421464286856,7.72187349588604,1251.2033658938865,0.02307847602559139,7.179654977981365,6548.0093621292335,0.4999617834394905,nan,1849.3599878436712,244.01984647315217,16.736357665572807,4.13054139062302,6716.423118302519,2.5068959684520418,45.628148862550006,1321.469903576961,265.38259706723875,10.354124785052175,3.881356865154664,6730.071030587518,3.2369893730374346,59.77732100175719,0.0,0.0,nan,nan,3426.0,1.0,26.53754284399528,1977.5547380296066,179.49009410414158,3.5483979896582283,1.582611750568999,3761.9814611587767,2.473097497559382,80.31250105216358,196.32207194358955,89.17910916731758,0.6469546759867063,0.8992836811494381,4684.549293082341,1.2686508151205327,28.7473311303821,800.7730300821465,176.6881806811838,7.180836260313242,3.444784557317192,5875.539943793787,3.2517381170975885,68.80522303772479,-999.0,-999.0,-999.0,1.1219368011729598,10.80729153527501,,,,,,8.689368273984295,0.27348243541735906,1.031492,1.031492,1.0
24d30m35pt75502313s-21d55m44pt49235452s,24.50993195086999,-21.929025654033342,0.33346293128152293,,,,,,,,,,,,,0.338,macs0138m21,22017.429892873144,343.5388216666282,2.172112429980835,0.09257280659979197,5006.802722062635,5.858097175263073,147.88800465857423,6966.910955947485,426.62453624231324,0.6536653890174202,0.11104497099148057,4959.324388226746,5.689769697993956,144.9638137418852,90434.16375707932,6252.59424268623,4.975681694572989,1.7326551593696184,3726.2634370948167,4.168282120201294,140.39825470882352,98238.63608138027,8713.542984154596,5.415525537740924,2.4146081805235147,3729.0291566398387,4.168282120201294,140.29320508705644,99963.04433871922,5751.534497702802,13.550321738803222,1.4932764174203381,6563.055257687518,6.694893525627373,129.1607354172213,23103.1033351235,901.0710772726619,2.253887597652429,0.252136556068123,4861.283235772934,4.71846832238093,122.20146704415906,0.0,0.0,nan,nan,4340.680115305901,0.4999617834394905,nan,0.0,0.0,nan,nan,4101.656596553396,0.4999617834394905,nan,0.0,0.0,nan,nan,3969.971317135778,0.4999617834394905,nan,0.0,0.0,nan,nan,3888.984912746967,0.4999617834394905,nan,0.0,0.0,nan,nan,3835.4285045121073,0.4999617834394905,nan,22702.234175972502,4930.394101590102,1.5442239633465065,1.1733329802344403,4366.729692681095,9.99923566878981,291.0428046557292,74996.97083433944,15450.944506746926,3.727477769983688,3.5307003046879153,3863.065284460175,9.99923566878981,328.2406140748108,0.0,0.0,nan,nan,6583.094612186987,1.515222445604764,25.987001608545565,0.0,0.0,nan,nan,6544.495750255875,9.99923566878981,193.93267853817915,8468.336917041943,1205.4994319818195,1.5992190952147505,0.4259290737854434,6714.61206384004,3.4065352694438986,63.19292580841747,14015.751654436446,1927.0639913131963,2.7430318957352258,0.7039002278440353,6730.911837896711,6.764060653692774,127.25192199632696,0.0,0.0,nan,nan,3426.0,1.0,26.53754284399528,19777.096819726972,2760.6780159864466,1.008035331388816,0.6919345924750038,3760.94778920748,6.326545430829964,212.89574334704471,3081.367551132285,636.6515637302657,0.24039434240948057,0.15176185390236424,4688.439888089058,9.99923566878981,271.0131455203778,7178.303215597252,691.5730360163664,1.149433851408633,0.2408063021207004,5874.689319608157,9.133532775251835,197.31896637193304,nan,nan,nan,12.697534146792188,14.372655803433675,100.82941576874522,4.246751958862773,7.038691651920469,588.4738555616332,7.935210748329316,9.251401335941747,0.2189756557360094,1.031492,1.031492,1.0
24d30m37pt04859018s-21d55m45pt69238209s,24.51029127504925,-21.929358995024447,0.6515907327578208,,,,,,,,,,,,,0.338,macs0138m21,11163.248538916061,104.74050925854306,2.7999733176302706,0.07175720885231784,5006.833882979474,1.8403824656477712,43.27868778937701,3641.8095702939822,119.95167733708675,0.8837829459457927,0.08076617910270328,4958.92826270337,1.9088857531900179,45.592868076934536,4528.532028491747,136.7015175199434,0.38891443469708376,0.05913979635670036,3726.006204739597,1.6764517729158297,52.04829811124338,4857.0990947748805,135.25046921775615,0.41799700537182594,0.05851204399043588,3728.974078722833,1.6764517729158297,52.00935422236423,0.0,0.0,nan,nan,6562.8,1.0,13.853480493619768,2101.119979850543,96.57935690107739,0.47559674398784135,0.06270166272278933,4861.336716473909,1.3657089840611922,30.71034207253688,1537.9311411408694,126.59375881708766,0.23709976203672964,0.06912316926163414,4340.413109416446,1.8397622485571763,49.9034862472642,0.0,0.0,nan,nan,4101.008661566657,7.798754542954243,241.08191509216041,0.0,0.0,nan,nan,3968.852024391603,0.4999617834394905,nan,1825.5751443290244,291.61886849418386,0.1883281332613143,0.13617212455078628,3887.815427431241,5.230673777785717,169.68824180162866,1216.2921404726096,128.93873183902528,0.11722947084274145,0.05812372995781521,3836.3753823081684,2.0843423091793,65.16814731796006,0.0,0.0,nan,nan,4362.061523546808,4.3538549440217365,125.38451382439104,2157.3879894400447,92.99170135445563,0.2152152948463883,0.04249450555600106,3868.8376213106794,1.9294713144146949,59.16784222588116,0.0,0.0,nan,nan,6583.45,1.0,13.810026928666252,0.0,0.0,nan,nan,6548.05,1.0,13.88468655302385,0.0,0.0,nan,nan,6716.44,1.0,13.536579167464883,0.0,0.0,nan,nan,6730.82,1.0,13.507659064352907,1704.826569307388,190.22557505020433,0.10562162736170769,0.07505187463603752,3425.483551381065,2.1817092385583368,76.78602643572997,2903.4528484165917,228.55707205668577,0.25877155469329677,0.10010155114929564,3761.933148846556,4.272235417308799,142.6990268306968,191.19658417817502,2520989.559685406,0.03768935513700269,1518.8660877066945,4687.660918208171,0.5015204871479552,nan,0.0,0.0,nan,nan,5875.62,1.0,15.473706908126772,nan,nan,nan,8.652275702812762,8.205570685157282,82.2640805872795,3.655556793814532,6.144281696339419,518.7930415971576,7.0939924625614506,10.111508187246462,0.1619754937202976,1.031492,1.031492,1.0
24d30m47pt7s-21d55m50pt224s,24.513249999999996,-21.93061777777778,0.458248278491888,22.34759042636126,0,0,0,nan,nan,8.064335419032071,8.473018118516572e-05,10.78136076621231,0.4783231812703583,72.72743551608758,15.745007710660495,0.35,macs0138m21,4914.8349621877105,95.79480893780105,51.50520711164931,2.742012844607928,5006.8498976059645,1.9782375775219891,47.04674762361242,1891.338768118262,108.39647630212966,14.979144026285649,2.3820054659084473,4958.823402680722,2.4405580205408777,60.023928435972394,6814.9635549627865,225.63724597505882,46.02669719911779,7.676913196861365,3725.9412956583574,2.117597483558139,68.28614152367271,7152.657133774341,226.3116022926107,48.40320134067612,7.69985699273704,3728.7796424619987,2.117597483558139,68.23504805848773,0.0,0.0,nan,nan,6562.8,1.0,13.853480493619768,1926.8249036008574,79.05085350170955,13.64674024251579,1.60578818161322,4861.413975925937,2.0619564806240365,50.79230321219875,603.3592479782579,105.01806732756738,5.281604142702546,3.2563996832584476,4340.085791670039,1.6739638528535035,44.60008547987033,445.6273658556347,78.64350743935512,2.775439616034752,1.9569490605573685,4101.8210556209215,1.0410669056777688,23.91792119024505,0.0,0.0,nan,nan,3970.1673704450673,5.221124482775836,165.91629798399478,505.76523387636547,99.69119746106597,5.234081600698685,4.666161732655708,3889.088797417685,0.9474480270223278,20.90095809073582,0.0,0.0,nan,nan,3834.3529029199235,7.144623994038334,236.01367800329908,0.0,0.0,nan,nan,4363.354242847296,9.287858304988537,270.23119659245805,1411.1832782864074,172.3942710602483,8.620931209025015,4.820727951121157,3870.018517766518,3.1033509869998714,99.49107314864452,0.0,0.0,nan,nan,6583.45,1.0,13.810026928666252,0.0,0.0,nan,nan,6548.05,1.0,13.88468655302385,0.0,0.0,nan,nan,6716.44,1.0,13.536579167464883,0.0,0.0,nan,nan,6730.82,1.0,13.507659064352907,0.0,90.89537271405926,nan,nan,3426.0,1.0,26.53754284399528,0.0,0.0,nan,nan,3760.389100779227,5.83354176630066,196.09116184196387,0.0,0.0,nan,nan,4685.326762024348,4.64896955538198,124.87264440316454,464.07916203062223,102.25446652580311,7.759056576217551,3.7185046988767962,5873.5908787002245,4.721921036580314,101.18185623057138,-999.0,-999.0,-999.0,15.680430156193069,16.25145636410958,,,,,,10.261760606108526,0.03653150412353514,1.031492,1.031492,1.0
24d30m56pt79s-21d55m46pt848s,24.515774999999998,-21.92968,0.3085071313086478,20.43238879446017,0,1,0,7.906781049340265,0.008866001529979104,8.112853997731895,0.00010730876455222415,9.71533077979958,0.4919723076799637,92.99150242638503,16.69502154684208,0.35,macs0138m21,7352.142605701017,111.75746909540355,156.4388172682421,6.495228951051657,5006.83568684144,2.3316444555400877,56.55241607607779,2315.975806611808,122.8888292704078,48.56436106537565,7.150223385314203,4958.728719978944,2.251209078419938,54.93029237198303,5738.840474162571,299.46623851502807,38.202580223455286,10.04117234142395,3726.144172269146,1.997517811685784,63.92275087610461,5431.12862425931,275.34530951048066,36.22566392791326,9.23239200487941,3728.9740613378317,1.997517811685784,63.87492221316451,4915.015606656576,104.55423683158224,120.5493686663243,4.911917194607839,6562.722846801301,2.5792875839422527,48.15708426141413,2144.8664984276097,98.7481211840293,57.668077774506074,7.615012386786589,4861.337806018102,2.4056477262167477,60.27380957004557,1314.1593961243407,165.84711568304454,20.036532788557327,8.954952376935635,4340.591248710279,3.6936394624681133,106.37490281614909,1799.9651327548504,252.86512736919528,43.254327448927185,24.297407764316887,4100.344449310288,6.467489876352603,199.5597146613226,238.11248183922095,0.0,2.959238310713917,0.0,3971.273336535662,0.4999617834394905,nan,0.0,0.0,nan,nan,3890.3120707731873,0.4999617834394905,nan,0.0,0.0,nan,nan,3835.480572712636,4.338005684113695,142.1062987820377,1314.810823246722,305.83454467620345,17.173460209982334,14.002444057024386,4362.621635813821,9.506725882093997,276.63512837251096,1238.0189015581132,124.08222269662605,474.0315376695111,217.5937408710101,3869.1533736731494,1.9389990234908796,59.50417103829049,0.0,0.0,nan,nan,6583.07571019275,0.4999617834394905,nan,0.0,0.0,nan,nan,6547.857211824573,6.536417538894585,126.35312214419712,907.2033352003601,193.69242805585608,11.644176065069601,4.6499058414809955,6716.652430082717,3.4014139643048966,63.09373140432929,67.60172589517057,1492.1215923240757,0.6569322054205382,27.062074723191582,6731.010588655967,0.4999617834394905,nan,0.0,0.0,nan,nan,3426.0,1.0,26.53754284399528,1779.5541808500864,354164.9647535646,2172.807485032804,2128133.1186316595,3759.776149123417,0.6684364992516616,nan,0.0,0.0,nan,nan,4685.359752531773,5.493904681130094,148.053033123312,430.27585511108566,287.01102433524153,7.418286098691385,10.755754842850777,5876.657546888525,8.241063905076315,177.91812311999652,-999.0,-999.0,-999.0,20.443877188746907,36.548870717087716,,,,,,10.056870513294811,0.045629831950075826,1.031492,1.031492,1.0
24d30m56pt88s-21d55m21pt771s,24.515799999999995,-21.92271416666667,0.34492103250241324,9.92050037123224,0,1,0,8.113717136274113,0.007527084430583118,8.113616882422527,0.00031159737670301854,17.836806223758547,7.460405044193821,99.99235820110562,19.440265667162244,0.35,macs0138m21,2436.327176650641,98.62657939834502,1.7330124773133968,0.19162195056980655,5006.850643460676,1.9813132082426248,47.13035283015562,907.3616231169367,79.78058187324659,0.626095198601067,0.15274599139734024,4958.804372174028,1.9781863724298154,47.500069167609105,1687.8446142562034,253.77633933503094,1.569943625950849,1.1882284093756992,3727.037026570989,1.8231079388312437,57.51687675471789,2171.1820284110227,324.29369102745915,2.0223613894625307,1.5184038735440182,3729.0533731017213,1.8231079388312437,57.47384113322217,372.3300874375073,1924274.981387208,0.3447422177182702,3413.2410241249295,6561.797019471669,0.4999617834394905,nan,403.8119466051506,167.16150608631744,0.2735171110342676,0.32483591801354667,4860.573418360083,3.3945976844203973,86.98822319906695,4052.738043869838,287.8424654831856,2.877426779094481,0.7237804722669801,4340.515565818537,6.18364579290326,180.20680023981205,1689.7459126594422,180.7622514706359,1.3523797968370737,0.5792272278722206,4097.983398682765,4.179535032511639,127.89269428197696,0.0,0.0,nan,nan,3968.8034722790053,5.090978204570939,161.70383751881613,3347.5796706378474,391.3830489667631,3.2836028635881895,1.7307658402180797,3894.2385746155915,6.651913453551053,216.54433774879107,0.0,0.0,nan,nan,3836.3466756483335,4.054438642039069,132.55980748336242,288.7296756607428,0.0,0.19620556412986132,0.0,4363.772512701446,0.4999617834394905,nan,4046.081130794191,845.7573397591774,4.027468932774814,3.844748681905222,3873.6414213382145,9.99923566878981,328.2406140748108,124.98736675732023,270.04050842740804,0.11652430035429932,0.4806645375632165,6583.117568489434,0.4999617834394905,nan,0.0,0.0,nan,nan,6548.73610474216,0.4999617834394905,nan,311.2109204771206,95.00204928631798,0.2975353194985656,0.1698392138826718,6718.280568513064,1.5977205979623494,27.22344255475564,298.7096750848177,135.52167815354088,0.2898089588272707,0.24526327780291324,6734.605599121314,2.644201443387819,48.229398766340054,0.0,0.0,nan,nan,3426.0,1.0,26.53754284399528,744.9557631886895,167.03071571197628,0.6819172719868404,0.7510487922634606,3762.520532166105,2.6264898016366645,85.71396577274729,0.0,0.0,nan,nan,4684.553085456814,2.0470613196520624,52.26587347081443,3212.0184182171506,838.4339087683098,2.978276254143576,1.6880930540542316,5881.481183076999,9.99923566878981,216.12712798001303,-999.0,-999.0,-999.0,0.788466580319708,0.8364556250424156,,,,,,8.654976618029123,0.14851847986373826,1.031492,1.031492,1.0
24d30m57pt53061573s-21d55m48pt89244417s,24.5159807265927,-21.93024790115726,0.30889541782183505,,,,,,,,,,,,,0.338,macs0138m21,16307.613963970616,115.87045840172259,28.0017821320661,0.5434412426775729,5006.854821030017,2.4419275239159073,59.4856741540614,5291.193660547624,93.79310216004342,8.10523734524054,0.3986390861344891,4958.913873887553,2.578771477701254,63.719052032484726,15587.11913936103,397.2505534462897,22.577835172822486,2.899269604229507,3725.6839919862628,2.458594565028732,80.5279116951451,22298.876573036127,531.1277127585132,32.36479707856554,3.8763506311210163,3728.5649343471623,2.458594565028732,80.46765861947252,13840.213917798948,145.45768660412674,20.11807904034704,0.40500315795172853,6562.597724483017,2.696008768172357,50.5055881920589,6085.255568819059,108.13803618390789,9.262117710051044,0.47211408442095026,4861.136950807476,2.3195192901522366,57.91217055220525,2279.8961237749877,144.17741185400578,2.87830463166032,0.6447143056316607,4340.259645051431,2.1174116997797454,58.613868294051734,0.0,63.94001653071582,nan,nan,4101.73,1.0,22.16567686891332,606.212855168016,1.2161782746275405e+81,0.6235094836895441,5.388383920115833e+78,3969.207642273247,0.4999617834394905,nan,439.1863390322749,266.1718146727117,0.4034453919319766,1.1060253234806767,3888.8838557857903,0.4999617834394905,nan,0.0,0.0,nan,nan,3836.692291079186,4.731445223147438,155.32465534157762,0.0,0.0,nan,nan,4366.93096836411,7.491435224483138,217.62944024601606,3344.1071597071905,194.46397997435955,3.1009007345094193,0.8261714999764741,3868.5480646385085,2.7233304936487124,86.60643066643087,0.0,0.0,nan,nan,6582.754851394047,0.4999617834394905,nan,0.0,0.0,nan,nan,6548.955434848997,9.99923566878981,193.93267853817915,1921.879364229995,250.0781007522562,2.771161009187163,0.6744283581372222,6716.696390990581,3.0173681931320195,55.633854418172305,1729.985325053646,265.119901370505,2.61944126232297,0.7492686248224959,6730.472719266192,2.7257463830356405,49.82704618771155,0.0,0.0,nan,nan,3426.0,1.0,26.53754284399528,4864.797923469004,408.2297782843427,6.13281846447834,2.534876756234936,3758.515729381463,7.74102809095236,261.0302535693579,0.0,0.0,nan,nan,4686.774399119203,6.1660447575112896,166.44864336343366,1269.3989359262036,199.5803907132916,2.8011345459505255,0.9577606293274689,5874.30366693455,7.379784642669352,159.1806968521269,nan,nan,nan,72.43022985309364,97.36267337130141,5.1082638501065745,0.2332395976677187,0.4070733805652478,69.37680175068863,0.6778839859187374,10.563658564121317,0.07306919909418633,1.031492,1.031492,1.0
24d30m57pt75s-21d55m49pt018s,24.516041666666663,-21.93028277777778,0.3089081531215665,22.80427518181665,0,1,0,nan,nan,8.078690160160416,4.921680785797007e-05,9.72043239344387,0.1916773936436325,83.29483034875435,13.277559930242536,0.35,macs0138m21,16224.978039116702,120.95410246560407,28.79264723618859,0.5862766774262037,5006.855415862399,2.405984096001696,58.531057214855615,5218.728891242972,96.79781574889189,8.229645758416913,0.42352727391886313,4958.896353138853,2.5444517492390877,62.803097181894834,15468.695377544072,365.6374983787403,24.30276945058931,2.894345503285211,3725.7172211618076,2.4422329406774046,79.9445625729326,21674.821621549963,475.5830327471905,34.122999646797744,3.7646620447138726,3728.6514823754487,2.4422329406774046,79.88474597422885,13627.635451010221,132.39430061947357,20.073512287771802,0.3735508194798007,6562.604701662499,2.630147260925973,49.181384600975626,6027.224053218967,100.3138428013972,9.703709465273237,0.4632480712128167,4861.167970922015,2.250717417352687,56.01934393154597,2287.2308653692876,157.99745950363683,3.045602372329497,0.7451824506099557,4340.255079386083,2.3552227879445318,65.95942960037506,569.6771644058373,389.53395806568756,0.6401937755023688,1.7495759786117653,4101.193816874894,0.4999617834394905,nan,1819.3875595392642,125.48932548985107,1.9528863933226182,0.5801815088634699,3969.35547059471,1.31971331132479,35.875998485577114,323.2836825345563,300.4645073834786,0.3102642317678215,1.3043767101813983,3888.902789471598,0.4999617834394905,nan,0.0,0.0,nan,nan,3835.7126452093335,3.8889851952723573,126.98045965062799,0.0,0.0,nan,nan,4363.008157216381,3.911340882199791,112.28291549121188,2831.6268198695616,193.8469960139093,2.777740554252342,0.8714416004124228,3868.1839196902692,2.569936730970196,81.37208491847234,0.0,0.0,nan,nan,6582.442129476419,0.4999617834394905,nan,0.0,0.0,nan,nan,6549.091165386686,9.99923566878981,193.93267853817915,1765.2617260507975,238.89053796355088,2.621088349378516,0.6634324247655342,6716.6861803607135,2.9859219949133315,55.02089020001082,1787.7452417107588,256.52332198078017,2.764876903932002,0.7404966915601112,6730.5170678625955,2.764905005900408,50.59303200787366,0.0,0.0,nan,nan,3426.0,1.0,26.53754284399528,4396.923507471645,294.3240833181543,5.848394003494152,1.9293641434342876,3757.6939505754767,5.717703402470863,192.1398504194091,0.0,0.0,nan,nan,4686.039470546419,4.570310833864016,122.71040536290808,1469.6213525381058,289.6030965159076,3.451884102816464,1.4791033307736834,5874.938648778591,9.99923566878981,216.12712798001303,-999.0,-999.0,-999.0,72.77411452043256,96.85071499131895,,,,,,10.56448189370227,0.08782463791705189,1.031492,1.031492,1.0
24d30m58pt17739765s-21d55m47pt69243466s,24.516160388235388,-21.929914565184216,0.3087744999888289,,,,,,,,,,,,,0.338,macs0138m21,7800.608588346703,111.61165337792232,30.61068292327186,1.1962962731826063,5006.8544177752565,2.5957679348519624,63.55799147669558,2161.6304660701944,110.12884094347115,8.74273937289391,1.235756630269066,4959.1300022500145,2.412218903100183,59.26406874431527,9135.78884172343,359.7825741849842,34.12811031109105,6.770698326446437,3725.9492556871214,2.5287242049283067,83.02448932927,12186.45264062774,467.6908907170989,45.61334713429686,8.801409957794073,3728.7481364280657,2.5287242049283067,82.96236824934962,7905.237693569479,143.39676876016344,54.28729789546318,1.8862209844670015,6562.714865451209,2.8466379319247714,53.52561135843563,3178.5004541680896,74.06290194931515,11.816743029033287,0.7897644285676164,4861.240365608004,2.1861303177172164,54.23682913141637,2053.859538733134,154.78011593550372,6.308632177650485,1.6839203664557394,4340.291405451346,3.089220942720047,88.2531756119921,271.79969329087817,159.15738157836043,0.7498565786784037,1.754738089808681,4101.39946580456,0.4999617834394905,nan,380.3606117963406,86.45621682029939,0.8381722048947654,0.8197938240386597,3971.0460583893173,1.1172754161140699,27.924505805999626,1251.856345790977,999822.1013348541,2.8245798734939425,10192.980003118586,3890.6832447133716,0.661624051321544,nan,0.0,0.0,nan,nan,3832.0281288173364,6.758628311011896,223.13564501367648,0.0,0.0,nan,nan,4364.634748142178,3.893116551731245,111.74239653013221,0.0,72.95117572145291,nan,nan,3868.75,1.0,23.500516131444996,0.0,0.0,nan,nan,6583.752383857813,0.4999617834394905,nan,0.0,0.0,nan,nan,6546.5762081795065,0.4999617834394905,nan,1479.825387219687,258.4080623909897,12.273490823957898,4.0087060971963755,6716.450872833054,5.059855353812477,94.98732744798738,675.7690995022722,167.37727338164308,4.623265987888567,2.1372350751943427,6730.838597074198,2.3105203525305846,41.64845495732875,0.0,0.0,nan,nan,3426.0,1.0,26.53754284399528,286.7476199202837,268.98907659122216,1.2802712592122552,5.919904170345864,3757.4339656830957,0.4999617834394905,nan,0.0,0.0,nan,nan,4687.847047671244,0.4999617834394905,nan,486.32912182698107,117.275416297794,3.0062435727403707,1.5763991345877608,5874.714163427477,2.2401627623591973,46.10821125999249,nan,nan,nan,49.57789896331026,78.11942580807627,3.2837301600174493,0.1629653380606953,0.2863060529434169,59.31651916710523,0.42368450814439457,10.750781517677382,0.054278428532201765,1.031492,1.031492,1.0
24d31m00pt6s-21d55m27pt317s,24.51683333333333,-21.924254722222223,0.3445726707671042,11.520790960334612,0,1,0,nan,nan,8.138711236104502,0.004109444693941355,12.263792873032411,3.4468407155697114,94.96393493115919,16.789445638468415,0.35,macs0138m21,7234.714229052263,82.36686565129195,4.777549351774523,0.14856684398113204,5006.848140191284,2.001657288191361,47.68290666544996,2384.8199301879363,78.41158325253187,1.5579759273769451,0.14212191388958323,4959.061386917183,1.9393480478402407,46.43246372294473,4046.731740078789,3003.3084330183865,2.2385940169916387,8.377092689722913,3724.647062903326,4.6418228424855,156.7869540433291,4990.533297507024,4152.279081119998,2.7661416702907267,11.58190292869156,3727.4700799984457,4.6418228424855,156.669641970936,2396.2367100452802,163.24131218370712,2.3164450857522114,0.3022848930412877,6562.365994081748,2.12771246299737,38.977305027940496,1521.2911201274092,90.12496401181299,0.9610356515788488,0.1632970234584199,4861.341551079452,1.689203010750929,40.26031024270476,1858.8278901753856,227.10760855814593,0.9756555522772522,0.4231477588312437,4335.580709001783,6.483817270724275,189.06543619186564,966.916858538479,152.53242683476088,0.4548707921923876,0.2868717902237667,4100.6778469220135,2.66206670422184,79.71791963703946,0.0,0.0,nan,nan,3970.430761467217,3.3463194374664456,104.93368796561097,7678.760545569249,978.2396689384509,4.065337932258753,2.3571787606437313,3879.06,9.99923566878981,326.52642944617054,1610.6465511787046,153.48989069961667,0.8967513533822202,0.39980367091066255,3835.9343224878216,1.582340217439149,47.10429888917541,0.0,0.0,nan,nan,4362.9060316842415,1.0204391569541513,21.66453203219184,769.8128379462089,190.89417361514626,0.39311794113096155,0.44737115700463104,3865.954100473449,1.38644631474818,39.382130661905045,0.0,0.0,nan,nan,6585.147406308149,0.4999617834394905,nan,0.0,0.0,nan,nan,6549.350367244055,4.19755646638759,80.46797739455552,340.9811538861834,184.8817776087009,0.33408214866963615,0.3388915640947132,6714.867794850087,2.5426737538723216,46.333989157261286,697.1174358045846,715.4596636992176,0.7026277333284481,1.3455474144774116,6732.547545000708,9.99923566878981,188.66659273341497,0.0,0.0,nan,nan,3426.0,1.0,26.53754284399528,0.0,0.0,nan,nan,3758.1469876811248,5.261468274869376,176.5647817284652,0.0,0.0,nan,nan,4684.306915673516,4.81575594674083,129.45465782177934,1186.0066146656095,271.85935312369014,1.1096719998964,0.5526941395961589,5878.310616818955,6.773402005084099,145.97701030876627,-999.0,-999.0,-999.0,8.516854855858583,7.954255851770139,,,,,,9.76215620794743,0.0412895442530113,1.031492,1.031492,1.0
24d31m01pt47s-21d55m55pt85s,24.517074999999995,-21.932180555555558,0.369514631980729,30.548747468265514,0,0,0,9.178678110013179,0.04272182031816202,8.049895608137257,0.00014276581800479998,9.604869243005659,0.652400369291138,76.47814862921291,15.539924803239307,0.35,macs0138m21,4044.7826316932806,133.9266317869225,50.668545116708195,4.582448971399673,5006.834692528555,2.2932254195372628,55.5274323311101,1054.7427890224787,77.37737136974711,6.004917256000573,1.222296687438858,4958.877031197576,1.9347904141920553,46.30697532012168,5441.489328773134,338.4623645979289,27.24100670802937,8.535362403102909,3726.0182680997896,2.098492116424584,67.59408395301111,6951.1858323025035,394.3141218204162,34.86659493179659,9.943835068329236,3728.8067752823194,2.098492116424584,67.54350830328038,4416.816982473337,178.9412529458913,78.65690191175175,6.103952695482974,6562.666655271081,2.9880205499900083,56.350845416741244,1821.1805011847873,110.07104477837825,12.867538850234526,2.230793742078053,4861.09190511322,2.2652768434757125,56.42038937197967,0.0,55.2248407278691,nan,nan,4340.46,1.0,20.94654063936261,214.59693099021763,16444.78586240805,1.1191773376120033,342.70569329486,4101.562816699951,0.7279870060181753,6.204921023362054,246.60851132037143,173.73228141368438,1.2177029025187203,3.69571779770887,3969.0458303671244,0.4999617834394905,nan,0.0,0.0,nan,nan,3887.200791289511,3.569520252973013,114.5809771586221,0.0,0.0,nan,nan,3835.8040157020655,4.118086387919228,134.70419587423714,76.3364519999562,113.71930458936072,0.3265811597975757,1.7043693967959983,4363.877632719452,0.4999617834394905,nan,4689.11322583061,371.1875677609101,19.737389295940886,7.148385098455129,3870.7591783849816,8.28310760564818,271.59966060555695,299.6958269729629,306.8209478752222,1.9972330536244884,3.9032346420013364,6584.153988083323,1.3754139337553306,22.895324823172956,0.0,0.0,nan,nan,6545.337608964152,9.99923566878981,193.93267853817915,714.9540118372973,114.7798584843742,7.457830173956734,2.2394785947877325,6716.353917828797,1.9435679301819702,34.36796628815714,903.6202182902099,213.61438315351054,10.319052741378217,4.553005644235923,6730.706680183346,5.0249850784973935,94.11838982124664,0.0,0.0,nan,nan,3426.0,1.0,26.53754284399528,802.3013976156427,148.92490148261786,2.3742853645611954,2.170584648926939,3758.6601111219716,1.597107998945202,48.60581231048112,637.4319513070526,99.207600908185,3.5464324205407625,1.689501709625885,4683.78884965884,2.7293709016504546,71.67674861084113,1031.0093533668253,455.6107651498461,13.341895517392217,12.834840612335736,5869.568927224892,9.99923566878981,216.12712798001303,-999.0,-999.0,-999.0,0.37876095818975103,0.20715881500306846,,,,,,7.86665379778378,0.06637955546862012,1.031492,1.031492,1.0
24d59m48pt405s-5d54m54pt526s,24.996779166666663,-5.915146111111111,0.6069621091569608,21.332997991967087,0,0,0,9.929864605101116,0.05173788087598559,8.105309372558256,0.0010513271669643739,7.471884479115737,0.23675638626269482,60.57714466547023,13.684280193117509,0.451,macs0140m05,8301.764711858716,88.61209223086843,75.72362499570502,2.207682826066099,5006.868409664142,2.048714683607267,48.958053189775455,2858.5171570558537,106.71180645920653,23.241275894598907,2.4072480281137354,4958.967345570217,1.9112713385330653,45.65869285191836,4961.8144672928765,217.4774788867622,21.017653228845703,4.640844655249814,3725.910071661845,2.024904478260921,64.9209037585764,7808.13807928481,299.8046578946348,33.13731469240334,6.397659432744167,3728.635170115083,2.024904478260921,64.87232825171728,0.0,0.0,nan,nan,6562.8,1.0,13.853480493619768,3202.70401427891,86.58417720999884,27.19341036675866,2.108598356020177,4861.325310247592,2.282464422606054,56.89347869403145,1438.128315165429,105.1006701182375,8.865969392670946,2.2941158678149387,4341.080065199398,2.1460939292781718,59.504537854914055,1252.3931203347538,89.24985047597613,5.748164334305168,1.6363926185299449,4102.097233409773,1.7652463756000822,50.29804520437091,0.0,0.0,nan,nan,3970.162729443189,7.672991020875543,245.02679896354934,619.3892512601618,95.67083558696609,2.760420219023394,1.927920213703557,3889.507187502385,1.2696046479751577,34.67325614699523,0.0,0.0,nan,nan,3831.810273603394,0.4999617834394905,nan,58.59972831633037,168.9618710695991,0.34445437897888603,3.4882556213296296,4358.345519106696,0.4999617834394905,nan,1236.551421223825,150.76128914578703,5.390866482814902,3.012981084702063,3867.6875193024734,2.9387743912174504,93.92366753457996,0.0,0.0,nan,nan,6583.45,1.0,13.810026928666252,0.0,0.0,nan,nan,6548.05,1.0,13.88468655302385,0.0,0.0,nan,nan,6716.44,1.0,13.536579167464883,0.0,0.0,nan,nan,6730.82,1.0,13.507659064352907,0.0,0.0,nan,nan,3427.900155305545,3.6521352734823256,133.19715236213375,0.0,0.0,nan,nan,3760.291676516114,5.990799016039745,201.45347268278047,0.0,0.0,nan,nan,4685.734027919122,3.3378750894566096,88.6735113642776,0.0,0.0,nan,nan,5875.62,1.0,15.473706908126772,-999.0,3.413015044480335,6.240222291053458,0.6086670130368343,0.5345681343946971,,,,,,8.524904636891835,0.04701076181680285,1.031492,1.031492,1.0
24d59m51pt81s-5d54m55pt49s,24.997724999999996,-5.91541388888889,0.6061822708679105,20.67346965365264,0,0,0,9.404830313439883,0.026839095301411285,8.101569473417255,8.34066405149467e-05,9.251696136063632,0.6691882535627195,53.31817280295604,17.5352654888258,0.451,macs0140m05,5876.426719889456,85.56182607780028,110.496024981918,4.394417658347537,5006.831042137718,1.770319566025094,41.34591116112782,1732.4190073631746,72.78241698497666,34.68662347420793,4.043698429180598,4958.592126531461,1.0127249892802372,18.788921974735366,3335.83633780285,144.59605733848127,15.42134632830481,3.3669737010485234,3726.1517274320545,1.8385641554407532,58.08840569947834,6707.7658068608625,243.4363952567358,31.066486830435558,5.668508227639977,3728.7801053402286,1.8385641554407532,58.04494244517765,0.0,0.0,nan,nan,6562.8,1.0,13.853480493619768,1908.022876270883,134.0250536222167,33.10868801828805,6.6699099889549505,4861.542194268596,2.7368055729805763,69.28833813909672,0.0,63.95931380565857,nan,nan,4340.46,1.0,20.94654063936261,799.2202295503688,116.23477796373173,9.918322387007258,5.763755175833808,4101.647566558999,2.436792859451146,72.44573827313563,658.8105877191006,84.6116222940685,4.786401235790409,2.6468132556495627,3969.9798929836843,1.3143048302389593,35.671246272534766,416.7616724567744,964313.2735816714,3.3891637282947897,35475.67560008076,3888.733939487175,0.5021598146869728,nan,1165.79470816213,75.84996175045572,13.719432636912092,4.17164607067562,3837.560790756537,1.3669800848736708,38.974171732450586,135.08131365976467,77.04238185745687,1.3992610956989038,2.799916852056714,4360.68679827641,0.4999617834394905,nan,0.0,59.107257696803664,nan,nan,3868.75,1.0,23.500516131444996,0.0,0.0,nan,nan,6583.45,1.0,13.810026928666252,0.0,0.0,nan,nan,6548.05,1.0,13.88468655302385,0.0,0.0,nan,nan,6716.44,1.0,13.536579167464883,0.0,0.0,nan,nan,6730.82,1.0,13.507659064352907,0.0,0.0,nan,nan,3424.190707921951,9.99923566878981,370.65991701749095,1071.6502040485293,88.31978145550208,7.597316827424044,3.086112391002964,3757.5393872553955,1.6385041619356797,50.16055222052563,0.0,0.0,nan,nan,4685.59437412914,6.5776550221797105,177.70028804026134,0.0,0.0,nan,nan,5875.62,1.0,15.473706908126772,-999.0,2.573079725933387,5.175500738785197,0.08541315295828807,0.38899010300069187,,,,,,8.08145650842612,0.0216,1.031492,1.031492,1.0
25d00m06pt75s-5d55m21pt934s,25.001874999999995,-5.922759444444445,0.43811537980699433,46.2201259230155,0,1,0,nan,nan,8.024863619357966,3.774757285622756e-05,6.540996120899798,0.10844475889874917,54.214905577898186,15.039458767103826,0.451,macs0140m05,9602.885331842215,81.51188312497526,22.56308489530282,0.5231233078915545,5006.842064798302,2.252284423837153,54.43321841611858,3326.427898556628,79.84954608619542,8.392034304124005,0.5589237540346927,4958.955010926887,2.305902339202333,56.4057984410243,16719.265601578416,276.2783708983707,20.902321991148778,1.7398827962236192,3726.0526733878733,2.319398891789424,75.5533622889123,25648.96052038004,386.6823025195005,32.12891873995868,2.4351594501232214,3728.853593731527,2.319398891789424,75.49683130034593,0.0,0.0,nan,nan,6562.8,1.0,13.853480493619768,8453.993601321752,118.58288370796154,21.897232601556265,0.8809409238326686,4861.397864562616,2.337921921431304,58.417474457814926,3931.604589533886,156.37869253716727,6.550583938612792,0.9227893350405676,4340.424466103643,2.1458770875215225,59.497809659292464,2591.7122417135793,134.10840186768314,3.9554315477904813,0.8176181861099456,4102.114387188036,1.6707587782565025,47.086374952160284,1574.0905764055663,144.84399268546196,2.1308933742740055,0.8438774062061336,3970.7496341518217,2.194954815271537,66.71118400964268,0.0,93.89953498960327,nan,nan,3889.06,1.0,23.37778840736009,164.24787906987152,3.848831330684755e+25,0.18513055596364855,2.0304366941905645e+23,3835.2694670998776,0.4999617834394905,nan,0.0,0.0,nan,nan,4363.623900050881,1.8172520986747616,48.932320125899,5074.349345938732,514.8380807214442,5.896256298868132,2.7393486926594908,3869.430530936976,9.79488025002731,321.4989426095927,0.0,0.0,nan,nan,6583.45,1.0,13.810026928666252,0.0,0.0,nan,nan,6548.05,1.0,13.88468655302385,0.0,0.0,nan,nan,6716.44,1.0,13.536579167464883,0.0,0.0,nan,nan,6730.82,1.0,13.507659064352907,226.79804772305482,265.64580006702846,0.20455105052412767,1.529227892438826,3422.8746656012177,0.4999617834394905,nan,1310.094949832615,192.38772985337664,1.5738714626686663,1.1369796462427255,3760.3644964772006,3.0436844777474734,100.29385513156512,66.68590981681112,115.63132440012113,0.12474538011307709,0.6614820948716736,4686.207286493418,0.4999617834394905,nan,638.5156237851767,110.35388695958656,2.62901625877277,0.9879467795362136,5875.159214633253,1.4696982354337973,28.000719551107853,-999.0,7.921551489284113,10.982774860465627,0.712968511921889,0.6848081822971187,,,,,,8.422212500877572,0.05610812386174251,1.031492,1.031492,1.0
25d00m17pt15509315s-5d55m07pt39686965s,25.004765303652032,-5.918721352679324,0.3978920157068906,,,,,,,,,,,,,0.454,macs0140m05,10704.802317930571,115.43519245351122,13.498475416877922,0.39758728734514576,5006.82937638386,3.2382040933333265,80.39178012920341,114.10349627017165,19730.585196325308,0.1262872846304532,60.59543307090511,4958.619542841368,0.4999617834394905,nan,9513.230638270263,268269.5157796312,14.539863012309741,2072.650225133324,3721.03,20.015970000000003,683.4827048255002,11191.135962424434,275793.16606946307,17.216614132231317,2130.7779457642955,3730.392130502736,20.015970000000003,682.9713053086389,0.0,0.0,nan,nan,6562.783392024153,5.558348504129971,106.96655617673642,848.3725166009115,201.25990250617326,0.8614022667356108,0.5870930047166907,4856.568895695233,8.099326607821098,211.3142056074122,733.4705293116541,155.87291626581796,0.5445439211926044,0.4099555287069515,4339.9285920274,2.849619770481326,81.02125421394344,432.9233252407905,125.14270376139277,0.3444513509436357,0.39783174609496397,4101.735173591227,1.6085647318138028,44.95157110178874,3338.0983404626254,1380.532756980777,2.4100632002913667,4.2896925955765965,3970.73687450357,9.99923566878981,319.8627926142355,783.7885853345535,6955930.105197187,0.5843351022046789,23436.52452359582,3890.329519827415,0.5501767050512026,nan,59029.358069657224,508.632759804783,50.26706847139663,2.02175901594841,3839.4430314715596,4.750910130563134,155.97792198420936,0.0,0.0,nan,nan,4363.898925288995,2.6864151471188484,75.67666259723406,3261.5523001312054,299.0966871213806,2.6937325684241293,1.1291533675506398,3872.2318457149327,6.205891414660679,202.91586620934825,158.91854892584482,119.79146100501211,0.3301564447490309,0.4751022434344303,6583.798237261956,2.955369508838948,55.524407408867575,0.0,0.0,nan,nan,6548.2190785392095,5.353164976242982,103.18497719188451,0.0,0.0,nan,nan,6716.44,1.0,13.536579167464883,0.0,0.0,nan,nan,6730.82,1.0,13.507659064352907,0.0,0.0,nan,nan,3426.035609816597,4.243999565436537,155.54700817649672,1619.7126726956278,133.14235323740684,1.2742689461326557,0.5151653071892717,3760.7074044036062,1.4094157582713396,41.41967078040194,0.0,0.0,nan,nan,4685.897270755267,3.6321137861201964,96.83462844869318,716.3377528069868,161.59756534624682,1.119500069579439,0.549369994731468,5873.00026752454,4.998462735995084,107.23701529087239,nan,10.592390054941841,18.767926492294105,2.1233023152040915,1.9458224669137745,7.483640149308915,0.37912889967043734,0.6779213779865522,61.49362883085543,0.9656482826772212,9.096970969482758,0.13923918874351485,1.031492,1.031492,1.0
25d00m17pt34s-5d55m07pt627s,25.004816666666663,-5.918785277777778,0.4397758170072745,36.07166845270165,0,1,0,nan,nan,8.036037150170404,4.926279386449405e-05,7.309968843581162,0.12362241724206952,76.36683452831232,18.91745516265236,0.451,macs0140m05,14530.358745118243,165.12148045572164,21.2005731306883,0.6580542021911604,5006.839081474936,3.2959659085248676,81.89542580767683,4827.155841017847,116.02578865184407,6.414505848645898,0.4277910783580583,4958.855430949081,3.1497831693950693,78.8421957198046,22563.221566225282,467.85226432410775,18.449790994595855,1.9271042816819297,3726.018505323193,2.6793358863133325,88.36739674612849,32990.907538357045,681.7636379394454,27.028128062061537,2.808214742032305,3728.761102952522,2.6793358863133325,88.30127796406829,0.0,0.0,nan,nan,6562.8,1.0,13.853480493619768,10247.874552365278,128.36848609186964,14.562653904090563,0.5232288808722959,4861.2058586982985,3.085520987292429,78.69775179479952,5010.265702424883,149.58839279732734,5.4560616221945795,0.5768883119359924,4340.618228508943,2.9339506284228367,83.57059943593977,252.19327305466206,169.0811786349176,0.1997856782789271,0.5346699803313575,4103.5034862568955,0.4999617834394905,nan,199.91640174919357,195.104972531518,0.1575304157264557,0.6620313324809686,3969.7875290861725,0.4999617834394905,nan,0.0,0.0,nan,nan,3888.911714480882,3.6786104645448194,118.22065092847261,0.0,0.0,nan,nan,3835.1509728860688,0.4999617834394905,nan,0.0,0.0,nan,nan,4363.579418055011,4.120138247228123,118.47001428735138,1896.4990308489528,182.19946502134286,1.3005719349834821,0.5722017978642167,3869.2861314146103,1.9623361317381192,60.326935185140314,0.0,0.0,nan,nan,6583.45,1.0,13.810026928666252,0.0,0.0,nan,nan,6548.05,1.0,13.88468655302385,0.0,0.0,nan,nan,6716.44,1.0,13.536579167464883,0.0,0.0,nan,nan,6730.82,1.0,13.507659064352907,4932.55742735125,1037.9415679322153,3.196189386299242,4.269664605931829,3429.0860200415746,9.99923566878981,370.65991701749095,2402.683798059057,253.97631029321525,1.952826639102756,1.016054109287828,3759.5285128830706,4.732210334084277,158.46560455908482,177.13747836781755,1883179.144713885,0.19322817840044706,6282.649248239317,4685.973623705239,0.4999617834394905,nan,1062.7824855748038,158.70451689659706,2.241783235276149,0.7278995990475222,5875.064096064827,2.7025704721685275,56.55965438484922,-999.0,10.169266344424294,17.68744736108066,1.8582960637879238,1.4783674588962386,,,,,,8.769867838313779,0.25012268815372174,1.031492,1.031492,1.0
2d55m26pt355s-15d23m45pt287s,2.9239874999999995,-15.395913055555555,0.376038098138082,29.506796030607642,0,1,0,nan,nan,8.018082033897903,0.00011118453795391404,12.499431917492611,0.7177986026821712,85.63331322304529,19.098732526802987,0.3791,macs0011m15,4322.200954323354,119.11424735393499,31.426907655320715,2.3656301567553837,5006.841830314437,2.3325286089971136,56.57598442670777,1086.8827743486522,106.75101940809512,6.556289992980435,1.786888931377667,4958.544326779215,1.7198033979565521,40.32970275327301,7932.835357313494,363.42967305730434,84.34751721028421,19.472280607478268,3725.5359728159247,2.6505442651940907,87.34784944327667,11273.326153598373,479.39032806655814,120.13141285276471,25.685362755592063,3728.7044801588586,2.6505442651940907,87.28249351299664,5317.700387466115,213.37448519813682,31.784827540018725,2.4429433759479653,6562.642583964713,2.4298329354997965,45.13739264506287,1969.3091175716163,101.53506011158255,19.165980026928057,2.8343388330711936,4861.25840229453,2.0102486330399683,49.35024356418445,608.52807567487,104118306.21761447,2.8116405640500894,1703983.4917924001,4340.20701590419,0.5081541779546155,nan,0.0,87.25902410640828,nan,nan,4101.73,1.0,22.16567686891332,0.0,75.09930623674683,nan,nan,3970.08,1.0,22.900702702093618,0.0,0.0,nan,nan,3886.9400780282413,9.99923566878981,326.52642944617054,0.0,0.0,nan,nan,3834.994615092408,7.595955820130741,251.06302978361856,0.0,0.0,nan,nan,4366.891655045066,7.606136114090866,220.99067663252745,2138.153987000756,209.6477476578938,8.768660324628856,3.9362502675581474,3869.730373286833,2.653426753626665,84.22388895292725,479.54930320743233,393.1179477947772,1.9283874719797796,3.017252231877396,6585.084746891275,1.5000725355712967,25.65621689384897,0.0,0.0,nan,nan,6547.138432998402,0.4999617834394905,nan,975.3556475118181,173.12058875765084,11.297219063972587,3.7506012400883555,6716.403365878023,2.3635556956172397,42.791292298873934,924.7453110230697,208.06549896374946,10.291153156633058,4.321590400237063,6730.8945492861485,3.6017323582877565,66.82598546578414,0.0,0.0,nan,nan,3426.0,1.0,26.53754284399528,0.0,0.0,nan,nan,3760.678044281312,4.420596125216624,147.78884679528863,0.0,0.0,nan,nan,4685.292026697207,4.078631138097084,109.17230943136275,219.53574378260782,632852.3139872671,2.1410021919527877,13424.00327292548,5873.605925135743,0.598625389305937,nan,-999.0,2.075249240243609,3.005239579323809,0.2540922212414583,0.2307947173287819,,,,,,7.8293537113644565,0.053432692936338406,1.031492,1.031492,1.0
2d55m29pt61s-15d23m12pt896s,2.924891666666666,-15.386915555555555,0.19826114603212708,14.153372453379715,1,0,0,8.256089658359773,0.019962408658215327,nan,nan,3.327604132502503,0.132955133352883,47.62923986398521,10.230614707866053,0.3791,macs0011m15,12836.096158504739,152.75485088677237,21.902592733534338,0.7119419047566736,5006.838002062097,2.5018116981289884,61.07336655796965,3794.9218610756775,167.4353883020878,5.995864662555141,0.7339822686681473,4958.966465918079,2.201005034967381,53.57251910874375,0.0,0.0,nan,nan,3726.03,1.0,24.400668213494743,0.0,0.0,nan,nan,3728.82,1.0,24.382410999599827,12504.176254700977,251.92452658125768,33.29485353590551,1.2848856407288323,6562.6847070973645,2.469697425229362,45.94436172488144,4997.895590144362,187.71727868867373,7.893789701885553,0.8503946797067189,4861.262924960471,2.326610047695931,58.10691730989332,3023.5210122964822,224.86242139820584,4.16470890430123,1.096897740655488,4340.607115953808,2.258743751838711,62.98951440834108,457.0456279707691,222.91342200020307,0.5853164849803412,1.1417899110797354,4099.86531759143,1.271204620800598,32.93499637993934,2511.156188952058,1660.9640200346453,2.9285718376250562,8.364564474904748,3965.102291102193,7.171021064461681,228.85777156362826,0.0,0.0,nan,nan,3889.06,1.0,23.37778840736009,0.0,0.0,nan,nan,3835.4,1.0,23.704860453545347,750.0649519475963,331.0894304457427,0.9741012910327121,1.507513499781911,4362.18455264388,3.5954908615206684,102.90212941404585,0.0,0.0,nan,nan,3868.75,1.0,23.500516131444996,792.5672805333481,1093.6130050986503,1.3687510241005216,3.6054966702885967,6583.840703048613,1.9972744525836537,36.17328412917869,0.0,0.0,nan,nan,6547.593910741375,0.4999617834394905,nan,2220.2137831869063,250.45828500203893,6.616073092380831,1.3960375767902808,6716.210385506318,2.5612246550999247,46.699646853452926,1339.6834911577537,192.47850561059568,3.545797329632953,0.95081590212475,6730.881139634001,1.6542804091433656,28.35058996222671,0.0,0.0,nan,nan,3426.0,1.0,26.53754284399528,0.0,0.0,nan,nan,3760.0,1.0,24.18021855944889,65.6086324884518,356.3670139613385,0.10583186578931675,1.7576779767840713,4686.602198308362,0.4999617834394905,nan,906.4117829835341,151.06974070218567,2.040405531114539,0.739301472658989,5875.927786942759,3.4195850896884945,72.52493412249923,-999.0,4.436710811964337,5.998039603790769,0.17345904952804458,0.16949171905447205,,,,,,7.426385356181892,0.058878465742309795,1.031492,1.031492,1.0
2d55m43pt275s-15d23m04pt376s,2.928687499999999,-15.384548888888888,0.3769632541816905,15.825249432476458,0,1,0,nan,nan,8.08381485217665,0.00015385743140426537,9.774798700720588,0.5942222961485543,86.75617081907986,17.278806670646865,0.3791,macs0011m15,5214.997670738993,147.55046828600823,470.34413784493995,36.34878727827772,5006.832747955684,2.0373353333207715,48.650065232559434,1864.8393948949083,140.97210497534468,155.81427420284527,32.67960487856991,4959.046564507481,2.5437999240317453,62.785691045965464,4659.813660787762,346.7973648557291,47.16360547100228,17.6791903352392,3726.2096813523935,1.70603283983512,53.15859400934559,6866.946092684929,443.92156188321235,69.62739808833373,22.6304308561136,3728.776691449058,1.70603283983512,53.118819368229616,4478.480950094542,137.7015672813382,71.86924489202384,4.2326659310968555,6562.8181996393905,2.9106156874379576,54.80511150312409,1903.5273655031824,98.15043553960489,82.7983070345618,12.246390542643972,4861.02784810381,2.238869947435718,55.69279563428158,3186.8538005297887,664.1336352323244,131.9975306014445,97.02202430007324,4349.301464002934,9.99923566878981,292.5682705754515,1569.6690021071072,230.60800765202626,19.22585606275377,11.293687808758827,4100.436443220492,4.192499761335653,128.30084269466556,612.9968234157114,219.8691972831288,8.104057540440637,12.515489689147815,3970.0016061201086,0.4999617834394905,nan,0.0,93.27871787428323,nan,nan,3889.06,1.0,23.37778840736009,0.0,0.0,nan,nan,3835.9617912016242,6.15460931970869,202.96702853581823,0.0,0.0,nan,nan,4362.4857839597435,5.03745494548828,145.55730143724168,3200.583334276501,313.54919829028285,161.6024005747884,72.49555707248179,3869.407384760722,4.251464205543861,137.99484258830486,0.0,0.0,nan,nan,6583.63981788525,9.99923566878981,192.88987927331783,0.0,0.0,nan,nan,6544.563079383934,0.4999617834394905,nan,1138.719314564365,137.4139462749909,10.385493527211993,2.34398319288308,6716.869692276765,2.2711948730124245,40.95476465641198,815.2047767028928,147.71352648016233,5.812293963001292,1.9659103783993561,6729.954190630839,2.4643288575238076,44.69156645358373,0.0,0.0,nan,nan,3426.0,1.0,26.53754284399528,1570.1872175369244,274.04570833352403,105.55456626599367,90.66007396603419,3759.8290719543456,2.586728494226674,84.31634130286106,123.24484534773644,95.6989986984824,1.1998821773014903,2.8492855293260893,4686.168091527522,0.4999617834394905,nan,96.99162780926878,107.26845689823658,13.301205518915442,31.98850157499306,5874.716406601068,0.4999617834394905,nan,-999.0,1.4350630481402313,2.5473453513504345,0.9715152224769938,0.6098551587317278,,,,,,8.832265736746313,0.10374688949508856,1.031492,1.031492,1.0
2d55m43pt935s-15d22m53pt365s,2.9288708333333324,-15.381490277777779,0.15226354502002426,26.85201724608139,1,0,0,nan,nan,nan,nan,4.620953720317252,0.11963445184994333,63.72926166764871,16.251713199496454,0.3791,macs0011m15,40225.548042634975,211.86761763087924,238.89145727411713,3.43676960469167,5006.836534255342,2.4609696696506336,59.99089870477857,13697.530065703795,207.3775790164046,71.21924373997064,2.9916915834617,4958.89284856137,2.6486497991664346,65.58107282605901,0.0,0.0,nan,nan,3726.03,1.0,24.400668213494743,0.0,0.0,nan,nan,3728.82,1.0,24.382410999599827,26475.565596094082,177.00254821546218,207.2205289442001,2.653572397295819,6562.801845877249,2.61996079625055,48.97635583770447,11669.253009665865,295.2209005966504,77.26887612981558,5.606894620308617,4861.290360386352,2.7474684420319426,69.57714974979896,7387.903486575795,270.89455764323424,20.419272156002535,2.651967858724972,4340.256962788388,2.676638324175445,75.77624822363046,0.0,0.0,nan,nan,4091.7299999999996,9.99923566878981,309.59640827210086,0.0,0.0,nan,nan,3970.08,1.0,22.900702702093618,0.0,0.0,nan,nan,3889.06,1.0,23.37778840736009,0.0,0.0,nan,nan,3835.4,1.0,23.704860453545347,2320.653607632175,33611794.33501866,5.469536874449466,277654.5765095896,4362.869709194244,0.6918341040779183,nan,0.0,0.0,nan,nan,3868.75,1.0,23.500516131444996,0.0,0.0,nan,nan,6583.2455967966425,9.99923566878981,192.88987927331783,0.0,0.0,nan,nan,6548.120136977086,9.99923566878981,193.93267853817915,2363.2632435261917,303.0569761017582,12.561193561167284,3.012785229986028,6716.687862665875,2.4772359847919185,45.04235870398494,1496.7405378256155,281.9317312010302,7.042263840667361,2.475664957108613,6731.195168707207,2.3388141283920088,42.209666475137254,0.0,0.0,nan,nan,3426.0,1.0,26.53754284399528,0.0,0.0,nan,nan,3760.0,1.0,24.18021855944889,505.73589908744805,112559124.74318321,2.1935473380173613,1492975.7090480076,4686.227657003121,0.6212471469810666,nan,521.2787842698929,104.35426568972038,3.7164052010674045,1.6174979325017818,5875.631503971645,2.050364947335247,41.75707010494864,-999.0,4.103676550854622,5.647979372811599,0.31172219004364876,0.003941304611242232,,,,,,5.628187255584767,0.061697684252379724,1.031492,1.031492,1.0
2d56m08pt28s-15d23m01pt483s,2.9356333333333327,-15.383745277777777,0.5589402409826714,32.40718589467507,0,0,1,9.857184911475946,0.03385450242189005,8.098930409323682,2.6820476831351406e-05,10.236399213144134,0.2581809478281099,61.881188581152585,12.608777414090268,0.3791,macs0011m15,25959.371145103978,145.56292933089742,7.457431324156381,0.11421763226055869,5006.835924412068,2.2164240534278923,53.4730472426487,8066.360908286715,155.60589080441017,2.3146791980638453,0.12388628059824107,4959.003371872297,2.0838865096825336,50.390974104408805,20958.526265193672,253.473795340702,5.301332486713565,0.3229281852181145,3726.208206641181,2.1551970247732104,69.64590271845583,25360.326679801274,285.40677157676,6.4272472196254,0.3636111207091882,3728.99904612229,2.1551970247732104,69.59379184461785,0.0,0.0,nan,nan,6562.8,1.0,13.853480493619768,7848.910864595678,193.30272863557843,2.14136572927665,0.15125921355978883,4861.365258016861,2.0413439198273218,50.21803445302897,4102.689462183699,127.55783501668115,0.9865302568211871,0.1086267023706747,4340.557564050098,1.7294968686859873,46.38717316913813,2408.5313878248107,201.86388695483794,0.5041533479652226,0.1688386539941201,4101.625452056339,1.99744022669566,58.06514356203436,987.2700648184999,173.2231310102836,0.20891565517888122,0.15779442889540615,3970.345435645636,1.7399617621396382,51.081532313359354,1317.8726745321078,6535302.918063077,0.30174630518313145,6766.500101160655,3889.389558622727,0.5134948050981091,nan,2325.566784275853,385.9749975978628,0.5585715522210598,0.4333712553971691,3837.158926915202,3.025897238291792,97.7153997084472,442.81651321783926,305.71756338475313,0.10307386059343478,0.24942775259222086,4362.736653357987,2.829719226850734,79.99965592112443,4827.330527631545,190.1828553376348,1.0971034043644723,0.1980015073793332,3868.7907382769718,1.9409006433866822,59.571268584652266,0.0,0.0,nan,nan,6583.45,1.0,13.810026928666252,0.0,0.0,nan,nan,6548.05,1.0,13.88468655302385,0.0,0.0,nan,nan,6716.44,1.0,13.536579167464883,0.0,0.0,nan,nan,6730.82,1.0,13.507659064352907,0.0,0.0,nan,nan,3425.0835994723852,4.113668687852724,150.6344833956715,3307.6011230794566,401.9327282678193,0.8203250258491,0.4910197471733332,3758.4621482520224,5.472774911442871,183.78109337091914,2314.8135615786696,601.4408461984787,0.6121085471778872,0.4874550011625863,4680.359009117778,8.852167591878827,239.76062905574193,288.37759189320604,102.28953942863151,0.10449091307707467,0.08057749229306224,5875.7938949812415,1.6542198535740102,32.475587133981065,-999.0,25.349631208755458,61.767392243560366,9.641700936981051,9.524526186619505,,,,,,10.112667993730179,0.13663814324558882,1.031492,1.031492,1.0
2d56m13pt2s-15d23m09pt52s,2.9369999999999994,-15.385977777777777,0.37816075819263295,33.16779764198944,0,1,0,7.813711498046441,0.003272410163140699,8.061295953097082,0.00017985979927959372,8.851789804857761,0.45513865160089084,97.49531840335572,22.469635055303602,0.3791,macs0011m15,6627.944854870641,120.97510213352788,30.209627710301987,1.506081923612729,5006.844187117834,2.7827994886911354,68.48370265021697,3163.4858593368003,177.39150313140993,14.029979602693674,2.1825337752102305,4959.330075597851,3.5644900340650123,89.72923442525385,7098.769264426276,681.1785117555327,31.480483325635866,15.222110094926109,3725.526040150363,2.6362907881606303,86.84281036910915,13779.997859480474,1208.1396199226126,61.23475497683627,26.99796600616244,3728.462923318997,2.6362907881606303,86.7778323221855,8305.41321101538,199.3605880623878,56.54329495367719,2.599683200986201,6562.839934761883,3.2665255740274737,61.89445410537827,3464.858352294215,81.24467659357009,17.152573350430263,1.1534755399720678,4861.581224617314,2.285048844103714,56.96458287336184,0.0,76.06489414872932,nan,nan,4340.46,1.0,20.94654063936261,0.0,79.69996996100484,nan,nan,4101.73,1.0,22.16567686891332,342.18328472126177,2.7200832542785483e+23,0.9721886889046091,3.3270589789205556e+21,3970.206318743487,0.4999617834394905,nan,56.91668019843402,403.4899984371365,0.1618123944587784,5.192216227128731,3887.8497955070643,0.4999617834394905,nan,0.0,0.0,nan,nan,3836.7103284534264,6.971005863973274,230.22213431508962,688.3447131764731,114.86153060122557,1.9328531307619468,1.1333267235848328,4357.332779362527,1.5059133279139187,38.90408937818665,2187.6881405677564,708.8065843595331,8.355978637456804,12.372288616036194,3872.5992494687866,9.99923566878981,328.2406140748108,183.80133010474384,768.8803010432401,0.6567274241562908,5.244812121939702,6583.526405632498,0.4999617834394905,nan,0.0,0.0,nan,nan,6548.473360045422,8.904220372462124,172.5840709117777,1268.4917560336626,211.41975558475264,11.222163109964969,3.498462519333195,6716.417077255687,3.1764356548983477,58.72914162892707,1426.5077852892484,203.40859879172746,11.783612833355747,3.135859162022742,6731.1830988770635,2.933140346822918,53.875845506932166,0.0,0.0,nan,nan,3416.0,9.99923566878981,370.65991701749095,1572.6350619371929,158.41245221096486,6.557633796992008,3.2467485091614243,3761.6096476909265,1.5781036754581945,47.888890335093585,0.0,0.0,nan,nan,4685.701795450204,4.943504801534594,132.9618812996555,405.33021656217744,91.1351820810523,2.989376565539989,1.4614632109570667,5875.094249938677,1.234585936730487,22.03494934536938,-999.0,3.2648600448698075,4.439714877037648,0.47253115544872953,0.688908258314016,,,,,,8.120567893784079,0.07514570683355767,1.031492,1.031492,1.0
34d17m58pt905s-52d45m18pt335s,34.29969583333333,-52.755093055555555,0.33889547016918153,48.09804621811701,0,1,0,7.7612338936269225,0.00585607142456895,8.092532028607412,0.0007398762690764121,7.748488948931816,0.4264987502138628,90.04281272956858,16.366392331158327,0.3432,macs0217m52,8260.002766335405,111.46053557334113,39.746565582256984,1.4649653971458687,5006.839098673458,2.5475233810221107,62.283122967859235,2594.891008958162,123.97957167209165,13.105762105799736,1.7373474039515928,4958.938336620312,2.1678488820577773,52.67390999302955,6232.7487590334395,456.54198113984586,46.7564703310434,17.248614835747738,3726.3307472965766,2.5023399073298034,82.08592469554908,9080.3074583356,640.8385492229046,68.24818747434577,24.211524381279993,3729.0643917959837,2.5023399073298034,82.0245058740719,7190.1162526971275,181.66141087563022,69.42523814289028,3.359778323299753,6562.764528166953,3.057834425184838,57.74299179850397,3377.1681375721705,154.20780241205065,14.745564000653234,1.9312240239256402,4861.264969416856,2.756392927746249,69.81881612675754,948.6847995268868,129.37985164677917,5.991719441021142,2.8943337169905954,4340.239805514119,1.5867131472162943,41.76616875031611,302.8670859238941,153.67347205158842,1.024630998405408,2.0775884296673817,4101.446343392491,0.4999617834394905,nan,3481.6553923181823,929.2159653693205,12.862991724023278,14.842925634314748,3962.9883537525225,9.99923566878981,319.8627926142355,0.0,0.0,nan,nan,3888.4039466172717,5.688240229410908,184.79177431084534,0.0,83.0262917869781,nan,nan,3835.4,1.0,23.704860453545347,1186.9073263191924,225.13826392181102,5.232201652439341,3.4772416902021233,4363.641055253695,3.7729681973998805,108.17671796316175,2891.8703026236876,274.5941060131095,13.533341722491198,5.887960788882606,3868.460462687447,3.5715253007329304,115.24978600484768,0.0,0.0,nan,nan,6583.9077601025365,9.99923566878981,192.88987927331783,0.0,0.0,nan,nan,6549.784132164734,9.99923566878981,193.93267853817915,1205.750097975194,199.15981517324872,9.693525262484137,2.9944551622310622,6717.200657728385,2.330551062616133,42.135858253296405,524.7139898774109,221.8302310062855,3.9100835908105207,3.0851112545298798,6731.124819972992,2.136554948214578,38.18138904422399,0.0,0.0,nan,nan,3426.0,1.0,26.53754284399528,0.0,0.0,nan,nan,3759.8042230343467,3.920342907906544,130.60605080095772,0.0,0.0,nan,nan,4685.774125570324,5.236660425843226,141.00340283568852,0.0,89.79802744230159,nan,nan,5875.62,1.0,15.473706908126772,-999.0,-999.0,-999.0,1.6832255407565073,1.7159233548306865,,,,,,9.095167481484044,0.15062677836785188,1.031492,1.031492,1.0
34d18m15pt97052766s-52d45m56pt5021961s,34.3044362576841,-52.76569505447286,0.3445669157972413,,,,,,,,,,,,,nan,macs0217m52,2549.700616984588,126.45456994527366,1.2560694532861707,0.17016292869431887,5006.702762622222,4.215555393788766,105.70183717072074,967.2301117642537,176.25759283430256,0.4631644404610582,0.23400955439428334,4961.115025644153,4.464997593912919,113.21244398977919,9333.511915012003,968.7150543207626,5.288148410754744,2.7657734137825143,3725.5049157276094,3.501335888932497,117.21762729879063,14590.373265598086,1602.9176087223868,8.28267724261072,4.576481894148675,3728.2941391845316,3.501335888932497,117.1299220246922,18962.52678961487,1356.9473296682363,8.810966622999917,1.2078571869849013,6561.915918472164,3.4131017969715707,64.80247349300376,5445.1369139115095,157.03298398656145,2.8326481705547226,0.23429678395661702,4861.436462036767,2.849251260646939,72.33022956362059,666.328185176226,82204442.4459749,0.2841681246693792,124118.1767499346,4341.219292539731,0.5619727833367409,nan,0.0,0.0,nan,nan,4105.292524760512,8.32713837112323,257.54419904095136,0.0,0.0,nan,nan,3969.7530936183457,0.4999617834394905,nan,0.0,0.0,nan,nan,3889.3569341754915,0.4999617834394905,nan,0.0,0.0,nan,nan,3836.7045265049983,0.4999617834394905,nan,6273.288244273757,604.6660565025195,2.8513611832856984,0.9626286366616228,4364.2967443974285,9.99923566878981,291.0428046557292,11914.261719293454,1569.5010959072033,5.102704381898644,3.093201512323426,3861.69393966416,9.99923566878981,328.2406140748108,10484.158876087033,2501.2514030222187,4.859884457709626,2.2136867094292367,6583.063959025072,4.385525825136788,83.71959115174349,483.50825413891175,2102.115039307549,0.22371396700083712,1.8673003084129107,6548.33589214101,0.4999617834394905,nan,4580.859537449431,426.88834275022566,2.808850208227454,0.4896084168405615,6716.25993648715,4.111214450006808,76.7901840317171,2872.234418689614,726.0923699399756,1.7409273406751031,0.8215205917409436,6729.9044820031195,5.956541266324704,111.88435326520664,0.0,0.0,nan,nan,3426.0,1.0,26.53754284399528,5308.284502309784,518.5162958154648,2.4631580570339016,1.1828556607982699,3761.3018045268477,6.038905321948517,203.0934518312573,0.0,0.0,nan,nan,4686.272945988763,5.904175490064169,159.2852722008034,3109.7953887847025,393.2734089102209,2.02387607759945,0.5565201195638678,5875.050889097324,7.502871444806677,161.85956287248635,nan,nan,nan,9.67869073858342,10.98408194939619,15.46063051991917,0.9500279147621419,1.7689777974186334,160.40718559221807,2.7334380796951074,9.188325740180671,0.500988367463006,1.031492,1.031492,1.0
34d18m34pt755s-52d46m03pt991s,34.30965416666666,-52.76777527777778,0.6405473934319545,28.20496314481577,0,0,0,11.266535812104092,0.07022222894723122,8.04689060647616,6.0451127644161524e-05,11.541419880385883,0.6525361972584983,57.81025727530376,16.896985452786822,0.3432,macs0217m52,4531.031908896982,62.01963085574708,31.10769938017717,1.163020011798429,5006.836161701247,1.8639247732434863,43.925262039993264,1502.8897945767242,74.60112738609,10.407007642256561,1.4333015582710242,4958.937882168543,2.1485043758983533,52.14889420965501,6911.8182875192815,153.05185757294734,49.036818772451824,5.469731941845779,3726.0470986866844,2.195214215480143,71.09002902689615,8315.12511790992,174.34918467235423,59.104679698536394,6.230850899556187,3728.7624789728293,2.195214215480143,71.03683762023532,0.0,0.0,nan,nan,6562.8,1.0,13.853480493619768,1842.1360048632127,101.84741097621904,12.651479495651127,2.0063146844792423,4861.186905093296,1.9730965618557559,48.3109827503259,607.3657573357215,59.62853431892033,3.2869584480841474,1.1434462221489938,4339.428831375219,1.4528950884170475,37.34271465470108,455.7538579962058,467270.6677035842,2.3236656596908634,9516.988518211592,4102.113214017476,0.5001330140914291,nan,158.76055885434525,0.0,0.6179752495933989,0.0,3969.8432665282176,0.4999617834394905,nan,0.0,0.0,nan,nan,3891.2459454279824,8.886427382936125,289.9972875361028,0.0,74.17685952588394,nan,nan,3835.4,1.0,23.704860453545347,0.0,37.85548878405266,nan,nan,4363.21,1.0,20.83732430562082,2960.1007682513246,247.4468001336036,16.657917996977194,6.371994718677723,3870.5269022479893,7.110880433691222,232.86335270506683,0.0,0.0,nan,nan,6583.45,1.0,13.810026928666252,0.0,0.0,nan,nan,6548.05,1.0,13.88468655302385,0.0,0.0,nan,nan,6716.44,1.0,13.536579167464883,0.0,0.0,nan,nan,6730.82,1.0,13.507659064352907,480.43523229684314,93.34078746404012,2.2289879498462337,2.756550038276717,3426.008780371324,0.8118885808301826,15.283696197955436,898.5816613901886,70.67013942221136,4.378311111722846,1.69417855785496,3760.143970362226,1.2359176075829315,34.48796601777213,0.0,0.0,nan,nan,4686.702638306562,6.988394399958755,188.92005614825447,0.0,0.0,nan,nan,5875.62,1.0,15.473706908126772,-999.0,-999.0,-999.0,0.21555478245938986,0.07918541062944835,,,,,,8.137288711143439,0.04174644155243269,1.031492,1.031492,1.0
34d19m20pt58s-52d45m42pt851s,34.32238333333333,-52.76190305555556,0.4697360237741437,37.82286135393621,0,0,0,8.92025360458478,0.02361420518750065,8.034969729931257,5.3767163766562684e-05,6.829349971055728,0.11757966159025202,64.86716015640172,17.622965265284595,0.3432,macs0217m52,11912.25842007165,111.87977046537532,14.867152318056116,0.38139403571990904,5006.826128011305,2.9552960224969063,73.00663300177783,3187.0159594887355,119.2851131139209,3.7519722396381794,0.3896067978660278,4959.136261337005,2.28985539739343,55.97326718826388,17097.68495607999,415.9303798270097,17.63745477255436,2.1613405749450756,3726.0256794463544,2.53962319727398,83.41195885121998,26797.421249462674,615.2058266520244,27.697794300332273,3.1968554824936612,3728.8416551134487,2.53962319727398,83.3495478565367,0.0,0.0,nan,nan,6562.8,1.0,13.853480493619768,8638.359556199943,98.59808660759877,10.681880215644142,0.3496921940860675,4861.37435479605,2.6007636340739206,65.59627016148933,3675.7524879512116,126.61511419261933,3.5904450405795947,0.4379893169450197,4340.61524271111,2.26467645699466,63.172512046387595,1778.4224497806747,124.93675248847956,1.5228571180685835,0.4274784426778215,4101.638683886095,1.4031037068503065,37.74295923295632,159.41812890755094,0.0,0.14450186023751166,0.0,3970.201023417735,0.4999617834394905,nan,534.6589604751509,8063100.266334734,0.3934564501242291,26850.40308440559,3888.2875019391195,0.5017869916266192,nan,0.0,0.0,nan,nan,3833.9045841620245,0.4999617834394905,nan,299.0633882802195,142.74299458795215,0.26060177340551005,0.4360348152186029,4362.475015638566,0.9967500814179157,20.704332124648772,5448.898421227162,492.90896551303,4.258867657635002,1.766328707808579,3867.472435180674,9.99923566878981,328.2406140748108,0.0,0.0,nan,nan,6583.45,1.0,13.810026928666252,0.0,0.0,nan,nan,6548.05,1.0,13.88468655302385,0.0,0.0,nan,nan,6716.44,1.0,13.536579167464883,0.0,0.0,nan,nan,6730.82,1.0,13.507659064352907,0.0,0.0,nan,nan,3426.024171790389,5.3211356759674695,196.01494576723792,137.1971541826468,289.1094898470451,0.11832514045629726,1.2240859305663263,3763.3759996055196,0.4999617834394905,nan,0.0,0.0,nan,nan,4682.733739108586,3.297990711821786,87.56489685416848,1004.617318874073,143.46252960491,1.7965175013081935,0.5577454940722202,5875.780004067908,3.265280780151826,69.10567360500778,-999.0,-999.0,-999.0,3.5188940964834368,5.640071873746489,,,,,,9.559653487817295,0.25981628680501584,1.031492,1.031492,1.0
34d19m21pt9s-52d45m27pt982s,34.32274999999999,-52.75777277777778,0.2900142783944386,39.75504501315917,1,0,0,nan,nan,8.01808930489756,0.00016444263520703567,10.316974286109208,0.7193417565886697,95.06176110619359,18.259060211344913,0.3432,macs0217m52,5892.765813584705,160.5329063116438,13.115461427853974,0.9759275581669585,5006.822742791055,3.256737685629521,80.87438327110426,1840.373117454031,173.67744535575716,3.824383284341512,1.0014710162120797,4958.618305920929,3.1799261635137666,79.63571034740764,11226.636317859378,816.2833389502407,15.676627581235675,5.7419062669511955,3725.998595146267,3.2400987521855944,108.09248112330745,16316.241301053047,1260.0579382044486,22.830090707478178,8.863508817174043,3728.9167268692167,3.2400987521855944,108.01160352065192,7365.489973072453,346.0156326693058,27.492756249009766,2.4741028999095374,6562.202484467589,4.5374519734494685,86.96716498836973,3419.221137097032,187.43852995952292,8.386330404436794,1.3185695717831007,4861.385066557856,2.552109842687803,64.27230103888759,662.711463808409,135.11774763386478,1.2759783124296868,0.9208767054708638,4341.625196193485,1.4714675289871009,37.96319153418199,1571.1519187495003,224.5244018208723,2.73785950525157,1.5633802291224155,4101.603496652293,3.1466152962026763,95.21779720991049,382.0579829540469,475.8221399983818,0.5489564959990051,2.9445761262816057,3969.49483736078,0.4999617834394905,nan,263.78972656997894,182.72422923819104,0.3728781147728987,1.1686054643514618,3888.531274808126,0.4999617834394905,nan,0.0,0.0,nan,nan,3834.882499966433,9.99923566878981,331.09476865566154,0.0,0.0,nan,nan,4362.999731174989,6.397922620047413,185.5584630675356,0.0,0.0,nan,nan,3867.3259110355593,3.3006599905810634,106.1450930836179,733.9740773370431,400.059918368066,1.9222662951214633,2.0004288982418217,6583.081625429409,1.2918249043824768,20.995761692798503,49.91636677174915,12781827271.623259,0.1311945295689104,64491188.332031764,6548.821361549276,0.4999617834394905,nan,2373.195748934748,258.0760829622471,9.875229897000438,2.0085851516922166,6716.6302414914535,4.789066398398144,89.80182505113142,1196.8945683852462,244.64781133496325,4.725722664388471,1.802830180634591,6730.901890672093,3.187583318135134,58.81981783948309,0.0,0.0,nan,nan,3426.0,1.0,26.53754284399528,0.0,0.0,nan,nan,3759.913119195578,3.421756505911805,113.40728015548642,1931.5560557598646,550.2394721526806,3.8067876347189644,3.316002720051026,4686.449537906539,9.99923566878981,271.0131455203778,325.9700648092247,109.95928435191263,1.1907309429255806,0.8733307788859026,5875.302348451203,1.8381405423423445,36.82689117996334,-999.0,-999.0,-999.0,0.47039434833324206,0.42653363270286404,,,,,,7.8683082456560545,0.07376599193707666,1.031492,1.031492,1.0
34d19m22pt71s-52d46m02pt865s,34.32297499999999,-52.7674625,0.33491412791428266,47.179511707927695,0,1,0,nan,nan,8.128910034748912,5.7565678783814226e-05,9.023894775019038,0.24348897689401489,69.435944178589,14.472547087555032,0.3432,macs0217m52,19272.839255848423,102.05189607542232,105.48884931485476,1.5256977053680485,5006.840998781659,2.3480370514077697,56.98924092189675,6799.332684247034,111.1449562296748,40.869683187346304,1.853629925405322,4958.904183999842,2.3111310529074,56.54666751734681,9089.324486048588,289.91315464090974,23.861265059643657,3.833520931178488,3726.1440064780136,1.9190814942915946,61.05307000293809,15780.246171422594,429.0860983620943,41.50308414048709,5.673804423901386,3728.798928623768,1.9190814942915946,61.00738850978256,12796.431705228282,255.50030952084623,116.50945875350764,4.455872226131193,6562.728114618479,2.790545662109637,52.402294109373614,5645.205741825504,140.105282255626,43.16004126863857,3.072298437807703,4861.336150826273,2.202061348309565,54.677041276144394,3286.4486355764407,133.26266789636597,16.028389425649348,2.3018946223880974,4340.428922678818,2.0581809764634604,56.76980750057008,1086.2393796215792,117.81230229077902,3.8694909127783674,1.6766326304316237,4101.980871877618,1.2356233433847257,31.603565572291373,998.1006115272161,144.09892637539645,5.238471991042481,3.2550755192429586,3970.6595683293435,1.21998657497919,32.04120807709178,0.0,0.0,nan,nan,3889.1342921522782,4.336380693756959,140.09166029775128,0.0,92.2446178993797,nan,nan,3835.4,1.0,23.704860453545347,708.8282401902673,15689617319.551954,2.9742956582288245,230704461.0069418,4363.229895036816,0.4999617834394905,nan,0.0,94.9919969323325,nan,nan,3868.75,1.0,23.500516131444996,0.0,0.0,nan,nan,6582.063783115313,9.99923566878981,192.88987927331783,0.0,0.0,nan,nan,6547.981228966065,9.99923566878981,193.93267853817915,1199.688422623233,170.56184796070605,9.341795906736591,2.4842479821238808,6716.287999775661,2.2104939786728126,39.743553147781384,851.3032127402911,205.150848902241,6.652071659960183,2.992027528828043,6730.616977530867,2.266799984374809,40.77987739021991,0.0,0.0,nan,nan,3426.0,1.0,26.53754284399528,3094.4485495706044,225.63006524977652,11.044318277756219,3.967412572909333,3758.1857665499515,2.9443066679981915,96.83306793678283,1956.7871134700783,427.3210451938906,10.379559633929386,6.918453297987211,4691.207687944317,9.99923566878981,271.0131455203778,0.0,49.39013583702934,nan,nan,5875.62,1.0,15.473706908126772,-999.0,-999.0,-999.0,0.31013486111875466,0.47767143522082445,,,,,,8.14504958489968,0.06735661671202911,1.031492,1.031492,1.0
34d19m31pt98968793s-52d45m42pt50028208s,34.32555269109046,-52.761805633911635,0.49655518190097414,,,,,,,,,,,,,nan,macs0217m52,32445.121562805667,363.7692933589926,99.31608731483281,3.0413924103221532,5006.914641498007,6.259983432424581,158.17582830703083,557.0955995728649,105.12822951888312,1.5333467297982821,0.8028608806433198,4958.820716553324,2.9376326938411337,73.24543697413787,1138.6647338303433,169.4366029487932,1.971677086833353,1.478522865613673,3725.442681133978,0.9419280000000001,21.534597245939114,233.8280258371466,99.69830949386288,0.4063694029989995,0.8699786686248298,3730.672319091732,0.9419280000000001,21.51848450080361,0.0,0.0,nan,nan,6562.8,1.0,13.853480493619768,0.0,0.0,nan,nan,4861.758735329147,3.45833319991834,88.69331389056683,24.85959842875873,228.74179439307386,0.04861201824094974,1.5841436164873932,4340.499675955827,0.4999617834394905,nan,0.0,0.0,nan,nan,4097.725085684909,6.858444787161961,211.76181875698876,0.0,0.0,nan,nan,3969.1965422147614,2.014880215740454,60.587377196244795,0.0,0.0,nan,nan,3889.410965356014,1.354606680257751,37.96408174511712,541.1090002981941,140.54542814072298,0.8466638367921256,1.0296703594248637,3834.654773356821,2.610131208644734,83.46540779997753,0.0,0.0,nan,nan,4364.8663498042515,7.449921584242752,216.4127988612462,170.66653977400463,222.86218424668886,0.3114461584323097,1.8520266525067597,3878.2016594026877,0.4999617834394905,nan,0.0,0.0,nan,nan,6583.45,1.0,13.810026928666252,0.0,0.0,nan,nan,6548.05,1.0,13.88468655302385,0.0,0.0,nan,nan,6716.44,1.0,13.536579167464883,0.0,0.0,nan,nan,6730.82,1.0,13.507659064352907,1301.429649779153,124.63860399268587,1.7709097519705483,1.0823234870053742,3423.080890045718,1.5489120934785912,51.34441623515229,0.0,0.0,nan,nan,3759.607330367591,4.653757265692453,155.77920168034703,1761.4474116774124,409.59421461330055,4.171375657958602,2.966128522536897,4686.361221586174,9.99923566878981,271.0131455203778,147.19195333858346,4.4102450169267885e+21,0.37503724857837234,2.4432339022283477e+19,5875.290966936049,0.4999617834394905,nan,nan,nan,nan,2.1207227785355185,1.8304758941728076,5.763565795824892,0.16245133375213863,0.23568858837093848,15.327384442180737,0.3740887961073039,9.269451567892574,0.2117581087020839,1.031492,1.031492,1.0
34d34m31pt75522611s-31d41m36pt42835792s,34.57548756280794,-31.69345232164579,0.33222509390511523,,,,,,,,,,,,,0.275,rxj0218m31,28564.700212282227,94.01552954705635,21.385107507174478,0.19225112364594982,5006.834131273791,2.2288376488408006,53.805614970194256,9292.101621238431,96.84994516823397,7.752644539968223,0.224194356614876,4958.96615575919,2.133038114100338,51.72873188758244,9613.064301786984,278.3360473680459,8.2560205386516,1.2040570982182688,3726.1418661318485,2.6042813919345127,85.70787070300568,13711.514226523597,394.1596860120095,11.798217315944063,1.7050999044571802,3728.853964639869,2.6042813919345127,85.64374184742634,15029.420364302403,171.65719137041722,15.724497719776808,0.34399862402249026,6562.85583183393,2.6033071510472983,48.64102609450762,6010.46199341053,94.07941833550932,4.445050197840469,0.19955586650132748,4861.374108519428,2.250103185254379,56.002418585343136,3914.7262939842835,114.58677010740168,2.376131359153154,0.24632529024606434,4340.470235864692,2.1798839161917387,60.55200622606468,1251.4494398302327,94.85682891325628,0.8533667346202587,0.2584250949243406,4101.876263602731,1.196635794229652,30.123601220175857,301.17604656919696,665345615.4265585,0.1914943226358153,1821726.876719149,3969.7631143302847,0.4999617834394905,nan,1129.560176710658,141.81270983187227,0.6437493326192536,0.3656342193501335,3888.6731181596374,1.6277521763554916,48.1063821633884,783.8550368172555,91.33001581455669,0.46270566891909015,0.25222964513521046,3835.8691780622717,1.3286311267097286,37.484506548602255,548.2578037586165,166.4391443774162,0.31711032432666364,0.33765319217090656,4361.293706265121,1.3857571835109614,34.895861117913505,2949.486659172589,123.23547509720055,1.6894620122726685,0.3233607741063044,3868.8162210995347,2.04348890901285,63.17728518298893,0.0,0.0,nan,nan,6582.649023201466,0.4999617834394905,nan,0.0,0.0,nan,nan,6548.463498226691,9.717440744101276,188.44002792222608,867.9559027185712,161.05687726908207,0.8956052621711027,0.3108406214808808,6716.466362044073,1.9294245799179888,34.08043618743406,1262.0812407547653,280.6213186517114,1.2853084319799204,0.5333592373012366,6731.241848319795,4.975856270067164,93.17990131438935,0.0,0.0,nan,nan,3426.0,1.0,26.53754284399528,0.0,0.0,nan,nan,3760.0860742113146,0.4999617834394905,nan,1689.1544737397737,391.6969884659988,1.0922739039957954,0.773681822962688,4689.221112232379,9.99923566878981,271.0131455203778,1115.6491398797982,213.47705863263445,1.0930959412850516,0.45474608272229106,5875.5601869028305,2.6874239816047654,56.21980311840552,nan,nan,nan,8.567318551097975,4.480656419711908,14.217424961511385,1.1367936765712663,2.1704130782058866,186.9611264513269,3.694846646320088,9.470159158498475,0.12138158497461898,1.031492,1.031492,1.0
34d34m31pt935s-31d41m36pt65s,34.575537499999996,-31.69351388888889,0.33223364671276223,28.610627858191737,0,0,0,8.802919842380478,0.011259559083414418,8.163217628321485,6.58349572344558e-05,9.987640959872074,0.17650027984286784,63.07919128634743,9.641716695669897,0.272,rxj0218m31,31129.615380781634,103.21081141961878,17.723749881840533,0.16050735879471012,5006.8314565383525,2.2413967885016906,54.14187571453196,10160.689995956476,124.4023108555295,6.544476023790669,0.22231556780346198,4958.9635703636595,2.1537908919013367,52.292426928824106,10754.343987249316,370.01173997278437,6.781867157474258,1.1753004291449314,3726.1440859211975,2.630218039640264,86.6275738121154,15497.968902665134,524.7084998209747,9.792201942581805,1.666677184515671,3728.916178991729,2.630218039640264,86.56275681077562,16727.743120980136,196.20889402674385,13.737080930084621,0.3086278110202484,6562.868687516065,2.6914957144294753,50.4149259793537,6762.619775582889,99.43729874686197,3.8340699011624886,0.16169233432206495,4861.41373223735,2.2338481301187394,55.55432444912299,4194.391330096585,148.38491325887628,1.9791973182228813,0.24798023617368992,4340.46192416633,2.152922909284626,59.71638711021893,0.0,73.48874108157185,nan,nan,4101.73,1.0,22.16567686891332,1174.7135364634212,110.45461586236296,0.5825088602846421,0.2359159893563946,3969.36478112071,2.2902408441338693,69.9275411110106,1158.7803429508701,170.88929154887535,0.5216955217321423,0.34806135878571004,3888.6704894763507,1.9339125726796504,59.01483644338472,1411.1283013000186,223291.8940390764,0.6481546992653069,479.73530829339757,3836.2140045554847,0.687861715118851,nan,1323.5519440781343,370.1293898516731,0.6007287765520742,0.5890350147442828,4361.988385541345,4.7384317274516965,136.74141699836656,3054.151025981477,138.54625226504663,1.3665794290155655,0.2839684209317588,3868.884221840599,2.0778966839227913,64.38114329101302,0.0,0.0,nan,nan,6582.450612539771,0.4999617834394905,nan,0.0,0.0,nan,nan,6548.451080117097,9.99923566878981,193.93267853817915,945.8632843862134,214.57693378101297,0.7697035828320843,0.3265932851562011,6716.626566804188,2.217680692408402,39.88714250748093,1715.4587139802206,347.5060243793693,1.3781878614322358,0.5209876621738275,6731.892478257445,5.149769588254897,96.50129565024866,0.0,0.0,nan,nan,3426.0,1.0,26.53754284399528,0.0,0.0,nan,nan,3759.9809714412136,0.4999617834394905,nan,245.88405093079015,103.47550706917113,0.12186241766847972,0.15690791484164726,4684.914727383408,1.719436607330401,42.67048597808048,1227.6762750185003,249.47475256707065,0.928293588154982,0.4101259358088709,5875.538150697703,3.058620738988777,64.51379469133299,-999.0,-999.0,-999.0,9.84624353575984,5.876195625741989,,,,,,9.529536884629323,0.08947603676132138,1.031492,1.031492,1.0
34d34m43pt845s-31d42m20pt616s,34.578845833333325,-31.705726666666667,0.29923393190383796,23.735717356771193,0,1,0,7.859980276398752,0.005887264190973774,8.08733581315585,0.00010489734745583538,9.82281941654415,0.6048909403281114,76.47750622387277,15.82228912894115,0.272,rxj0218m31,6845.392621002361,70.29424661401693,27.385981459345945,0.7681317983703424,5006.84487038781,2.3826001897830165,57.90930235263007,2373.6377516668254,85.70988891499903,8.997538829186702,0.9014659617083075,4958.828999908774,2.0848646749053437,50.417634959568716,5873.66251142335,301.7090127061735,16.244507027156455,4.202786254689439,3726.1986808864826,2.494134596561489,81.79386840417685,8528.776029469314,434.04715061111335,23.63029402128737,6.046247614923098,3728.788085736497,2.494134596561489,81.73266810680458,6321.1610125036805,171.22543901364025,44.65641678289103,2.3169564722777594,6562.8209678143385,3.0491815745463837,57.570544818956165,2404.754471387027,137.4987794282002,8.709695128696062,1.4283890203146168,4861.279182297965,2.327635005765784,58.135062753458485,223.0527220480801,102.87803373950409,0.5974609907192749,0.9760503610536263,4340.26377418564,0.4999617834394905,nan,372.18140062709955,108.08117315031008,0.9974626917851364,1.1567848236970593,4102.652133224947,2.8140014202587125,84.59593862878526,782.034224133645,6229433.760008924,1.808315505434722,62010.82556526319,3970.2686921036648,0.61359110258645,nan,66.74560915137141,198.32605188811058,0.14088275211144757,1.896133329209356,3886.7226031197742,0.4999617834394905,nan,0.0,0.0,nan,nan,3834.7185075447233,4.8361819601588225,158.83906098819205,1049.151123197287,176.53668800925146,2.9198704864244323,1.722894763453517,4361.74900529446,6.892773373926255,200.07815560835488,964.8055832069101,99.3686655062041,1.8976293575876975,0.8947035778541047,3869.8762623099287,1.5789092116103012,46.57231568272618,0.0,0.0,nan,nan,6584.120379229916,0.4999617834394905,nan,46.60647603038008,1048.566616960254,0.17211285989272984,7.433789520327182,6548.641805185959,0.4999617834394905,nan,783.0932910254007,83.48978773239641,4.948460621071022,0.9867753748876673,6716.637995523405,2.2942703959645314,41.41430128448331,467.6576938780038,162.32595284688747,2.6284620111606016,1.7029341747113602,6730.360017919614,3.536534441809979,65.5683724589216,0.0,0.0,nan,nan,3426.0,1.0,26.53754284399528,0.0,0.0,nan,nan,3759.7107655096993,2.2360262882022086,71.90422804417372,0.0,0.0,nan,nan,4682.765360062161,9.99923566878981,271.0131455203778,312.4360549198301,98.65827141436591,2.0936561850314916,1.436985389063876,5876.777519867154,1.2528210426558002,22.5129695741048,-999.0,-999.0,-999.0,0.15847342269745837,0.015917338068678778,,,,,,7.117093733152268,0.0216,1.031492,1.031492,1.0
34d34m47pt625s-31d42m25pt358s,34.579895833333325,-31.707043888888887,0.3571781676103458,27.58112402422862,0,0,0,8.67466807967073,0.0,8.010645067696258,0.0076267858992504775,6.302758873982911,8.718172589391823,97.0959056988042,24.92956836565497,0.272,rxj0218m31,3815.790613779063,54.41486959987378,67.36082514977815,2.6237819262026845,5006.835859989462,2.038553369878177,48.68304294897487,1681.6249700118021,81.99271200189762,76.96429736248807,10.412478503520475,4958.762334604207,2.1843840417769926,53.1222465362889,1829.7654689870499,8925.548938367858,20.238255157938625,497.4932536165927,3725.4633366459016,7.147038249210437,243.0242658205712,2779.75119475777,10751.13634302106,30.812693807040688,599.2480503213959,3728.5836522644604,7.147038249210437,242.84242875103195,2386.633440249762,109.80493057784882,58.09314442730417,5.119481615563681,6562.786073470864,1.8838003707407447,33.9267706901405,1603.5727289609604,68.17195325240228,54.58094535697412,6.655480865285969,4861.240502958713,2.2729145442885765,56.63066386186531,0.0,64.68998582578486,nan,nan,4340.46,1.0,20.94654063936261,0.0,25.336512274085916,nan,nan,4101.73,1.0,22.16567686891332,0.0,0.0,nan,nan,3971.8741847826113,5.3068407656273795,168.6896282098398,383.1949284364416,3040174.2910278393,3.6425240414787967,130706.98033851804,3889.0660709565022,0.5727575600341207,nan,252.5512917618632,157.89908101414454,2.5811573513731565,7.557406731440861,3834.3952111279045,0.4999617834394905,nan,1398.46760979816,265.10576708160556,23.412560587979414,15.548129630544198,4363.916964976499,8.503197285842788,247.26492915232387,87.59850558191881,0.0,0.7366685603254369,0.0,3869.333278046561,0.4999617834394905,nan,0.0,0.0,nan,nan,6582.2627626737385,9.99923566878981,192.88987927331783,195.2879560159806,4709162.006311763,2.268714460827211,105068.5849589632,6546.091391047619,0.51499804880365,nan,0.0,37.33734726842247,nan,nan,6716.44,1.0,13.536579167464883,325.4909601074458,70.94287939969378,7.690880653338043,3.1288814301730783,6730.253994260799,1.282617381921155,20.32853939604467,0.0,0.0,nan,nan,3426.0,1.0,26.53754284399528,1421.3956485114513,651.0238882017453,16.44395708867079,36.974524786392095,3763.3871969327356,9.99923566878981,337.7342754526394,0.0,78.98017299556604,nan,nan,4685.68,1.0,19.403292965701418,167.6274681476948,350.05862625630533,11.637222420021102,52.85399324613859,5873.983611086713,0.4999617834394905,nan,-999.0,-999.0,-999.0,0.30475369805444813,0.088325808238168,,,,,,7.508187045364013,0.049317267532520304,1.031492,1.031492,1.0
34d34m55pt73093721s-31d41m56pt42873486s,34.58214748255707,-31.699007981905503,0.27871773729472715,,,,,,,,,,,,,0.275,rxj0218m31,4829.216122175562,88.27958566674567,32.58370580521349,1.6269294155991223,5006.85502275917,2.4037495797378456,58.47166806573224,1354.60512322335,97.67902374262461,15.660364036461464,3.133119941732224,4958.985650864034,2.174263652965005,52.84788767887631,2749.6315571870996,366.3952485499526,13.305071767992223,8.927938413130184,3726.504722453501,2.0456579029223985,65.67607306016548,4596.908908808852,537.027495293161,22.28434772444776,13.085727566363989,3729.1159600174765,2.0456579029223985,65.62693251601536,4008.717040595563,169.76597983360526,96.24614934436353,7.80714188431309,6562.808259752627,2.61773823782347,48.93161302272194,1912.6244495331928,94.41647738254981,13.643432739317035,1.9317870305532583,4861.265629583734,2.4176332122391915,60.60181062808059,0.0,49.32643037765822,nan,nan,4340.46,1.0,20.94654063936261,107.97626155091749,102.50650362195888,0.5182724344656919,1.966750548518876,4100.926330026238,0.4999617834394905,nan,0.0,0.0,nan,nan,3965.966468982256,7.113964685558602,227.01927113192818,0.0,0.0,nan,nan,3889.9490677658537,4.944495107843651,160.2300265395859,0.0,0.0,nan,nan,3835.3600199120247,4.3287545300602215,141.7951345002861,165.25088849803169,308266.24490836996,0.8736726052116517,5699.953327287869,4367.515491939475,0.4999617834394905,nan,1014.1608116104046,168.23781777036908,4.518123966192094,3.438322338110877,3866.556389247585,3.635225949330982,117.38671530462524,889.7103401904094,21330701.40115368,7.0722467711067605,323766.9757011334,6582.304401390499,0.6010048838245259,nan,59.13655170500527,593.163434209487,0.6456420723612155,12.432517634652736,6548.617276021759,0.4999617834394905,nan,523.5571370666756,83.83420791274962,13.98144155193207,4.187218126998881,6716.8202316000425,2.056233776927141,36.64790415052288,426.22151181657335,105.64290694698833,37.538584144951315,17.364645451522783,6731.1810680777035,1.6081415420979701,27.38438502835246,0.0,0.0,nan,nan,3426.0,1.0,26.53754284399528,114.22446546590956,118.7105082392149,0.7114924355814575,3.6413076129411985,3758.8522636787857,0.4999617834394905,nan,0.0,0.0,nan,nan,4683.597931031392,2.446361296442496,63.6885992839259,478.49739325845513,123.3518329953551,13.677291644709483,7.664986001708507,5876.013395845206,2.767129109629318,58.00669036346098,nan,nan,nan,2.1704137891614885,0.1289977728008435,0.5970706756839637,0.009786980742583055,0.00914310790152559,nan,nan,7.44396259559923,0.058037957947179454,1.031492,1.031492,1.0
34d35m14pt925s-31d42m18pt044s,34.58747916666666,-31.705012222222223,0.6033606013881416,31.222854553027478,0,0,0,10.424001951780417,0.05398572530797719,8.074725553549246,3.339175966819668e-05,11.110788927331091,0.3775022573630304,58.1280063510261,13.87581374224358,0.272,rxj0218m31,10341.642932153069,98.677818924418,29.710962646752225,0.7743486855161605,5006.817624576087,2.4131174832445335,58.720614887578975,3707.053890362011,106.89146006789653,9.12259996152391,0.7298694333803003,4958.80590354387,2.5043847386795264,61.732469793282455,10762.059697051522,125.93938391274206,29.221935055116745,1.722648328936284,3725.9679155175736,2.1679252010597394,70.10556680737207,14725.000041315869,156.19805350435044,40.06104138801588,2.1365382892360305,3728.783036851582,2.1679252010597394,70.05311200092055,0.0,0.0,nan,nan,6562.8,1.0,13.853480493619768,3558.3212694851636,118.82267865649642,9.026123975759269,0.8646133827050597,4860.942512970152,2.3844892694158304,59.694405585872396,1749.954826138833,66.76320737961386,2.9951939809317074,0.40474048126547907,4340.294251256671,1.871373531025057,50.90465615820223,0.0,49.130054004201995,nan,nan,4101.73,1.0,22.16567686891332,0.0,0.0,nan,nan,3969.958180303615,0.4999617834394905,nan,0.0,0.0,nan,nan,3887.465010376274,5.092409527726508,165.11988502059927,0.0,0.0,nan,nan,3836.481247142894,5.502057101661994,181.148130019169,57.666145766531145,147.01983918824533,0.09508906155764744,0.8509366239384539,4359.694906050804,0.4999617834394905,nan,555.9216103994837,66.99669181887415,0.7789731379381111,0.42986574503659086,3869.4673012781623,0.9825808095290858,22.690894191146903,0.0,0.0,nan,nan,6583.45,1.0,13.810026928666252,0.0,0.0,nan,nan,6548.05,1.0,13.88468655302385,0.0,0.0,nan,nan,6716.44,1.0,13.536579167464883,0.0,0.0,nan,nan,6730.82,1.0,13.507659064352907,0.0,0.0,nan,nan,3424.937777110895,2.536063478579118,90.57909607812815,1855.986617894058,197.82191644395797,3.5439828381228047,1.8538285249790238,3763.8471078178013,6.69897732168191,225.5794804940823,42.13643731284633,150.01440458074146,0.10008471853164,1.0910158684158422,4682.996743421395,0.4999617834394905,nan,0.0,0.0,nan,nan,5875.62,1.0,15.473706908126772,-999.0,-999.0,-999.0,1.7044844797163177,0.5464377527643023,,,,,,8.672768376180084,0.057777479066027065,1.031492,1.031492,1.0
36d27m39pt39s-41d54m26pt22s,36.46094166666666,-41.90728333333333,0.7552031210284795,82.33510917392687,0,0,0,nan,nan,8.08025333016333,0.00023129755053130595,7.534630074733212,0.321094193382819,46.18785363308782,7.650242111794034,0.2195,a3017,6452.744125155218,217.65430138742417,56.51741650617575,5.207082978070018,5006.820847546619,2.4429001239962727,59.51148756972482,2204.8831962373424,101.4512364340546,18.187283377862098,2.321816723833853,4958.97332309816,2.474309789429021,60.92788900503911,6142.805354044504,147.16580862722822,27.532426383754053,3.3224336847872924,3726.1321157029142,1.9122846031946497,60.80358296804754,8514.311187978723,179.24855604141501,38.23617606102449,4.046737799334828,3728.927236128486,1.9122846031946497,60.758088147573275,0.0,0.0,nan,nan,6562.8,1.0,13.853480493619768,3094.344862609771,124.20116421314582,27.93062052400814,3.2154440477460438,4861.358548668349,2.184377518068911,54.18837289359786,1248.202795288864,119.05912147757871,7.413682001757712,2.50469511603902,4340.284151693182,2.153929039444704,59.747592640953634,188.7752575113374,144.23858649160627,1.0586889673888322,3.233022662425388,4101.197508915517,0.4999617834394905,nan,458.7504300969313,25379.89903639384,2.1281154160195968,506.9295419128788,3970.002175441252,0.4999617834394905,nan,0.0,0.0,nan,nan,3887.8121004966933,0.4999617834394905,nan,0.0,0.0,nan,nan,3837.641233615231,2.554613504024662,81.55089560282964,0.0,0.0,nan,nan,4363.230307611128,3.7094057766884534,106.28874311338652,1145.2724037307896,74.12404284846792,4.41655915747806,1.3099270360068658,3868.2231652390838,2.13628151086094,66.41814843465855,0.0,0.0,nan,nan,6583.45,1.0,13.810026928666252,0.0,0.0,nan,nan,6548.05,1.0,13.88468655302385,0.0,0.0,nan,nan,6716.44,1.0,13.536579167464883,0.0,0.0,nan,nan,6730.82,1.0,13.507659064352907,157.18062194875523,108.87118170554919,1.0113253963739788,4.450842704591165,3428.0862993309966,0.4999617834394905,nan,1073.9506086207607,111.09789940236884,5.589314734890669,2.8473793720470058,3758.8246873675803,3.061649790173498,100.9187964001583,0.0,0.0,nan,nan,4685.4820258318005,3.11211108072717,82.38948313744496,0.0,0.0,nan,nan,5875.62,1.0,15.473706908126772,-999.0,-999.0,-999.0,0.3604595912914514,0.4901573028781005,,,,,,8.745851174560713,0.06502157762106857,1.031492,1.031492,1.0
36d28m16pt31991583s-41d54m50pt94375995s,36.47119997661891,-41.91415104443093,0.21927181627865866,,,,,,,,,,,,,0.2195,a3017,175760.63001286972,914.8233265550325,18.379517217876284,0.26129737734713543,5006.849814750775,4.751207319208216,119.49173022747061,59251.72941844221,404.63412575600637,6.112500743841664,0.1158213817437227,4958.834360123037,4.8827384966693925,124.05970726311826,0.0,0.0,nan,nan,3726.03,1.0,24.400668213494743,0.0,0.0,nan,nan,3728.82,1.0,24.382410999599827,519671.25071190606,26888.38055657723,28.241611217096434,2.799141443784747,6562.2888172356925,5.166844920539126,99.30624288025827,235210.6123478429,891.5954423423468,23.821335762063907,0.25902194551730023,4860.988387244218,4.507721890484858,116.61767478146024,114840.13451022953,590.4857180980063,9.236290651875123,0.1682188466085483,4340.195991747636,4.030645294133876,116.42643657865749,52473.498282944,414.0107818483254,3.5941392601196314,0.11332937089086902,4101.316181334152,3.501342679758861,106.48123552709178,20759.44545724896,631.9840781680423,1.3917651721645612,0.18247696992939913,3969.5639767173516,2.8002109409591363,86.94453477688259,0.0,0.0,nan,nan,3899.06,9.99923566878981,326.52642944617054,0.0,0.0,nan,nan,3835.4,1.0,23.704860453545347,0.0,0.0,nan,nan,4363.75395054987,9.99923566878981,291.0428046557292,0.0,0.0,nan,nan,3868.75,1.0,23.500516131444996,157553.46245245633,51412.29959721804,6.853008222574751,4.269709977715484,6582.895327592754,4.2547681201461405,81.15714168991177,0.0,0.0,nan,nan,6546.520726293978,0.4999617834394905,nan,131126.31161646065,11560.868146679606,13.287796821597595,2.191485704288235,6715.767818856511,5.506548731533805,103.52985344178194,75490.38122204207,14208.053357498435,6.891400735782838,2.421112388668519,6729.925035177243,4.816264183742025,90.12995434122375,0.0,0.0,nan,nan,3426.0,1.0,26.53754284399528,0.0,0.0,nan,nan,3760.0,1.0,24.18021855944889,2438.403102695346,263.38292414814646,0.22446990702687142,0.07420617726875262,4684.124245004216,3.070852322331871,81.23858807906365,26061.465352528165,718.9108810111289,3.8862318399632345,0.23308420795801948,5875.3350471658105,6.099994886321031,131.29864548036912,nan,nan,nan,28.08744768913004,27.76267387146831,137.9168765170379,5.540580170927824,9.435874862965772,865.0844004775207,16.087235117816963,9.377593939941931,0.07015335739307893,1.031492,1.031492,1.0
36d28m40pt725s-41d54m23pt729s,36.477979166666664,-41.906591388888884,0.0969566284140444,39.72803134566788,1,0,0,9.963174874769297,0.029073167644570977,nan,nan,4.952387745658906,0.12797462041864846,42.87242628589663,8.439900272196612,0.2195,a3017,27605.345719827994,146.71466975350725,33.86026875275965,0.4915374988772352,5006.845663643615,2.625808804426702,64.35087981372556,8834.184774472218,181.34198173181727,10.052629141659676,0.5725365496654874,4958.950166666567,2.5285189890218214,62.377528397207215,0.0,0.0,nan,nan,3726.03,1.0,24.400668213494743,0.0,0.0,nan,nan,3728.82,1.0,24.382410999599827,22189.542104431697,168.7586638193677,43.99850217318215,0.6409449975610815,6562.783918562323,2.5728664940223287,48.0276530398917,7357.972025967041,184.2111362233343,8.81136268318582,0.6326940061365821,4861.4280043939525,2.181330815893978,54.104136055614354,3539.008466768928,192.3061128086432,3.005823581645862,0.5783960283656397,4340.741002735044,1.901333821230669,51.85099757796835,0.0,0.0,nan,nan,4101.73,1.0,22.16567686891332,0.0,0.0,nan,nan,3970.08,1.0,22.900702702093618,0.0,0.0,nan,nan,3889.06,1.0,23.37778840736009,0.0,0.0,nan,nan,3835.4,1.0,23.704860453545347,448.7227808139193,292.1028039830305,0.3699358016010206,0.8438643143613818,4363.288941017238,2.3404563491837833,65.1641280959965,0.0,0.0,nan,nan,3868.75,1.0,23.500516131444996,0.0,0.0,nan,nan,6583.81557687241,0.4999617834394905,nan,0.0,0.0,nan,nan,6547.873467360716,9.99923566878981,193.93267853817915,2362.4243921087873,276.6502438010292,4.822346835648998,1.0562408761568085,6716.591085615951,2.6063400111334247,47.58803555606834,1888.3435765329139,304.12098486379205,3.740161079580364,1.124241973513079,6730.856138149726,2.6307885192733216,47.9662631577953,0.0,0.0,nan,nan,3426.0,1.0,26.53754284399528,0.0,0.0,nan,nan,3760.0,1.0,24.18021855944889,103.09408532125138,788.1721550166739,0.09372456089668876,2.191724376596989,4685.649867400541,0.4999617834394905,nan,1526.7773003624607,117.68097655109906,2.4696979496956484,0.4138653834358875,5875.586342908274,2.4029693028072736,49.80826659148661,-999.0,-999.0,-999.0,0.7312784799852264,0.46103148427541646,,,,,,7.1306153886577235,0.06370202059811085,1.031492,1.031492,1.0
38d04m00pt81s-44d20m58pt424s,38.06689166666666,-44.349562222222225,0.3112150822270707,74.25260449041856,0,1,0,nan,nan,7.2211665748763565,0.0017427279570047857,3.5346902983450263,0.2943538018567662,78.87428576414351,14.564082867224238,0.282,rxj0232m44,6870.733802070937,227.07974876902193,227.42557338032938,20.53053005144235,5006.847967229196,1.9922560460543917,47.427663794983324,2789.9615901766088,307.8517587561948,41.623002282329985,12.7440508502752,4958.679133614232,3.233607736317961,81.04793715068944,6840.013450419853,563.8944626924575,12.134038936120954,5.037589971884107,3726.4456348976246,1.6251504180784975,50.11276121499647,3389.2034685869057,391.4783786781193,6.023604389258403,3.4972990251083758,3729.1197159200306,1.6251504180784975,50.075265545108984,6527.076599985559,264.0374102773462,86.06863089067916,6.668790730086631,6562.923897631342,2.545318311352766,47.47206299423486,5627.059411843504,412.49754898873346,41.39185266304061,8.705630650753623,4860.421270157717,6.040745850720756,157.13133784146416,0.0,120.59639202110068,nan,nan,4340.46,1.0,20.94654063936261,2311.081683018312,35202.73896497697,24.14461585536815,1468.9644689239465,4102.358531842338,0.8025379205933008,12.182905722703998,0.0,0.0,nan,nan,3970.0855538085275,5.538233275167221,176.17242328240724,818.9732221493389,1099.2249423770872,2.3552701427212233,14.313794013641816,3887.2997575165514,0.4999617834394905,nan,8632.83503379487,420.80654638564283,38.861137402116306,8.840134119404643,3839.7825863987123,2.159910051647636,67.8252731482798,0.0,0.0,nan,nan,4362.047885706784,6.483759996099044,188.07795835253393,1412.3096112585356,391.1682374744066,3.639004755726688,4.617376055394275,3868.709490783055,1.9275621721667737,59.100419220053716,0.0,0.0,nan,nan,6581.398502326527,5.831416949196049,111.95198387201481,0.0,0.0,nan,nan,6551.526096662984,8.606955644132427,166.78595087125925,1298.113646597549,382.57472189911607,23.015254455637187,12.687315902539172,6716.299179986355,1.7075894184339742,29.5227528888311,221.4102251299746,606.388925198836,1.640744708947735,8.38729280018925,6730.499985986823,0.4999617834394905,nan,0.0,0.0,nan,nan,3426.0,1.0,26.53754284399528,5370.640067880585,449.7199406935308,16.404211769976605,6.763423231678114,3759.061184518183,2.1543905148034064,68.98780791993819,294.30551982289876,316.7158837576628,4.649078984199306,15.310321504276095,4684.44689981819,0.4999617834394905,nan,2139.772581271669,1164.0446524770907,28.994544109489635,34.34750191903007,5868.109604787472,9.99923566878981,216.12712798001303,-0.07393317454768253,0.5841187726562638,0.4886698613969296,0.3606670278639803,0.08501252284324196,,,,,,7.666647944046262,0.06116165401951896,1.031492,1.031492,1.0
38d04m06pt09s-44d20m57pt701s,38.06835833333332,-44.349361388888894,0.40335697926017655,68.94171672070968,0,0,0,nan,nan,8.125330848081301,4.516544331274795e-05,10.64813006908219,0.2001481634466285,59.79433338636751,10.805037937296342,0.282,rxj0232m44,43784.40131715022,187.393759558474,16.01435464957745,0.1872115540127862,5006.834309656932,2.2162624430955087,53.468716251160174,15661.378913065779,210.86396851147762,5.5359948708106534,0.20680856556060953,4958.88909365634,2.3292879560516853,57.035592213496905,23314.893683330032,559.2053526135381,6.498918701407214,0.7851675486450117,3726.093587285777,2.3343042876576097,76.08738477297283,35890.962614478376,798.8636281482177,10.02333122722613,1.1216662960811776,3728.7965311548455,2.3343042876576097,76.03045421490978,26998.245928377757,241.40444651123352,15.377275809478208,0.2633623780416238,6562.791393246216,2.51269909829698,46.813562765031406,11142.955219202306,186.4952994990189,4.009023267729955,0.1924506020314059,4861.294065120921,2.0695408471107997,51.00341526380638,6565.985249689128,242.8202477056798,2.056547176488898,0.26939883704755785,4340.143523193461,2.318330674261756,64.8252592464072,4847.875919796681,273.69554626729894,1.454177764478312,0.32804884394902406,4101.617521877455,2.426208840811498,72.10270723997967,0.0,205.9741154936413,nan,nan,3970.08,1.0,22.900702702093618,974.2204457796007,788179.6607477318,0.27869707256938886,1020.7921028922375,3887.5215762958082,0.5771567288343652,nan,962.0951458595382,3141995.3014505226,0.29568852578773863,4523.773357351196,3833.8605734519815,0.5775709793163024,nan,530.7766676392114,3.686358971334238e+46,0.15506443383394913,3.773723304658388e+43,4363.3715271089,0.4999617834394905,nan,6520.17783198049,245.73570338111188,2.0161893640717197,0.34810988668765985,3868.7194368107603,1.986610291345441,61.18122382052302,0.0,0.0,nan,nan,6583.922371548132,0.4999617834394905,nan,0.0,0.0,nan,nan,6548.10922673725,9.99923566878981,193.93267853817915,0.0,0.0,nan,nan,6716.44,1.0,13.536579167464883,0.0,0.0,nan,nan,6730.82,1.0,13.507659064352907,0.0,0.0,nan,nan,3425.3469698414615,1.9148210599899254,66.22969628174862,0.0,0.0,nan,nan,3754.9905588786582,4.088228108981354,136.37942982880688,276.893588469082,0.0,0.09702674283289976,0.0,4686.780473160062,0.4999617834394905,nan,1796.2411972498533,320.8939406934156,0.8003809384495105,0.310908777591929,5874.9946705216935,3.362595989585416,71.26293958368188,7.775684368060965,41.53493561511814,96.19400679986263,21.8886956549913,13.92855785841132,,,,,,10.03850061510517,0.07182849319586464,1.031492,1.031492,1.0
38d04m12pt5165831s-44d21m10pt25253581s,38.07014349530422,-44.35284792661314,0.4029405823417198,,,,,,,,,,,,,0.2836,rxj0232m44,28345.375371004407,154.53941802758376,189.58957796280893,2.8233114899721783,5006.835890382661,2.0887357737830605,50.039476914578174,10026.732628396747,135.0482092901036,70.33152769135499,2.628370001617196,4958.843291805465,2.022435802994368,48.71277557914197,14878.542796177924,384.3488953115601,46.53343545239573,6.054081264354343,3726.309375463871,2.1177576802428324,68.29194109121444,17021.42574270863,416.30610621092893,53.336170942733716,6.557456073354529,3729.0189059702375,2.1177576802428324,68.24084328664235,17394.86417088579,162.47107844096126,1738.8193620627976,31.108025872016743,6562.815252509256,2.698565381459293,50.55694282826278,7842.8120954905535,184.78775913439276,42.196763125953254,2.8516400183384967,4861.287588262637,2.1064001416719083,52.02799901069767,3074.8171257738472,197.4638478929379,8.685227430559248,1.9755849797642737,4340.2702934853005,1.3860415821158585,35.088428754653116,552.3725582394956,255.5526198509037,1.399251167083889,2.5862463994028277,4101.951243052055,0.4999617834394905,nan,1458.5480870299266,239.3516597260846,3.211807914415277,2.265546731590784,3972.848731859798,1.188494284862288,30.800041499925303,1319.6545177500354,260.42951056836347,2.408391795421023,2.1484201738089874,3890.007980963755,2.3728359172933975,74.21893069997564,0.0,0.0,nan,nan,3835.039855315645,3.4535383224115432,112.2553345400543,1078.958362063835,205.10762698478544,2.40346852459262,1.6022302754309352,4361.6936598107495,1.2172712755650097,29.057471935947735,2132.2534249381065,200.92728919479976,4.028245580232404,1.7391741383394113,3868.53474563845,1.6838190379034799,50.394897434655164,0.0,0.0,nan,nan,6583.182851235239,9.99923566878981,192.88987927331783,0.0,0.0,nan,nan,6547.733365368436,9.99923566878981,193.93267853817915,0.0,0.0,nan,nan,6716.44,1.0,13.536579167464883,0.0,0.0,nan,nan,6730.82,1.0,13.507659064352907,0.0,156.52367757076777,nan,nan,3426.0,1.0,26.53754284399528,0.0,0.0,nan,nan,3760.214765863365,3.2908463581394454,108.87507516143616,0.0,0.0,nan,nan,4685.678629784709,3.8452021735241377,102.7285692171856,0.0,61.34446126900062,nan,nan,5875.62,1.0,15.473706908126772,1.7336036660304723,2.976528569181042,3.5322565947863267,0.14846846228881797,0.3183128686473187,nan,0.031095065533645563,0.05642461537847164,2.9772666858045533,0.009088673500732763,8.121545920553734,0.0216,1.031492,1.031492,1.0
38d04m12pt825s-44d21m10pt642s,38.070229166666664,-44.35295611111111,0.40293015396403087,66.73403958150307,0,0,0,nan,nan,8.14939532953309,6.750468339590532e-05,9.10781356118506,0.2181052344723957,76.03695183204438,14.390968676324848,0.282,rxj0232m44,31051.94676559555,151.44743228178103,242.14566353067084,3.22579762717598,5006.835429028277,2.069144049872987,49.51042011434985,11014.607164896215,141.76716261058675,85.62939373986319,3.058005179497122,4958.831772165499,2.052792401296961,49.542630336876414,14442.661164372268,531.3618853915082,30.512970386082582,5.654059152779963,3726.260613729783,2.089837642716103,67.28033288426417,17008.11696555188,588.8343820548147,35.99988703299852,6.265606395301617,3728.9253278108704,2.089837642716103,67.22999199123444,18408.700044086047,167.12776126483723,491.19283186077047,8.541680901074129,6562.773579997148,2.6523136537439758,49.62733204387151,8071.896901109845,171.06090681054934,51.30058375035951,3.1182736903323085,4861.270525828348,2.219693512407941,55.16384289341494,4471.61071869446,195.04090644966578,13.774313570066333,2.127778509883534,4340.522993349205,1.9597753014915162,53.69035058742813,1360.8557727080647,339.5707958342727,4.1181591071086485,4.104830315828355,4102.172031293774,0.4999617834394905,nan,0.0,174.34570490706415,nan,nan,3970.08,1.0,22.900702702093618,0.0,103.77604510392247,nan,nan,3889.06,1.0,23.37778840736009,0.0,0.0,nan,nan,3835.114148819423,6.99790144227756,231.11940894469447,0.0,0.0,nan,nan,4365.664004395015,2.182983355517421,60.33177029048511,0.0,118.88465675975279,nan,nan,3868.75,1.0,23.500516131444996,0.0,0.0,nan,nan,6583.104096177012,9.99923566878981,192.88987927331783,0.0,0.0,nan,nan,6547.609041617895,9.99923566878981,193.93267853817915,0.0,0.0,nan,nan,6716.44,1.0,13.536579167464883,0.0,0.0,nan,nan,6730.82,1.0,13.507659064352907,0.0,0.0,nan,nan,3425.102296830328,4.257263437122005,156.04671617657579,0.0,0.0,nan,nan,3760.0306665764583,3.979347596322818,132.63602982953094,0.0,0.0,nan,nan,4685.491205848121,6.006659515608402,162.08920568260876,811.2488208812401,160.28172305152017,7.304627405477641,3.137863145018996,5875.3557378103305,2.6286230682964966,54.89910524542829,1.7193517931007467,2.956990093765354,3.5009491441283798,0.22288139897339634,0.198020286712506,,,,,,8.197262547692791,0.0216,1.031492,1.031492,1.0
38d04m31pt605s-44d20m30pt295s,38.07544583333333,-44.341748611111115,0.1914528121015917,43.47821319511824,1,0,0,7.839030750961619,0.06006921532099689,nan,nan,0.7305394744681306,0.09335002171834673,63.05644593377899,17.686926094314952,0.282,rxj0232m44,4457.115427103655,278.1150123774204,2.8931883481365293,0.49309784165870674,5006.8461008782615,3.5766452508372226,89.18545515562299,4419.139082487884,1071.6773957374364,2.7131835949953267,1.8205506561331808,4967.269824085441,9.99923566878981,256.08064588829484,0.0,0.0,nan,nan,3726.03,1.0,24.400668213494743,0.0,0.0,nan,nan,3728.82,1.0,24.382410999599827,34317.93881306498,1118.356152412713,27.192538304342097,1.697439254059188,6562.488985204174,3.2897757635789917,62.35612723001633,12150.273626286787,337.0640677160886,7.335181109900828,0.5837175148962059,4860.94906120787,3.017522190780603,76.86818226210511,5361.404279982167,308.75972816798907,2.8520576037034333,0.581701262367027,4340.499010722892,2.0862179329704924,57.64352338348642,947.6910306320481,531.674423092485,0.42932006385792043,0.9623881590129335,4101.6797294596845,0.4999617834394905,nan,0.0,0.0,nan,nan,3960.08,9.99923566878981,319.8627926142355,0.0,0.0,nan,nan,3889.06,1.0,23.37778840736009,0.0,0.0,nan,nan,3835.4,1.0,23.704860453545347,84.10585141631759,663.6480546676183,0.03878914320071482,1.072876424285906,4362.596111494545,0.4999617834394905,nan,0.0,0.0,nan,nan,3868.75,1.0,23.500516131444996,6036.68784837626,2886.8977158387734,3.5057264550059517,3.2008578134899572,6583.220936691949,2.3554473669431677,43.491514325186735,0.0,0.0,nan,nan,6547.940917776693,0.4999617834394905,nan,7907.740825797742,563.5568634510855,7.337334623862267,0.978092368813705,6716.210038321264,3.298391152866522,61.09683918821631,3682.3648652086895,774.8162053420282,3.1827799298931856,1.2499857560587173,6730.50968212729,2.662251733721171,48.58335207201199,0.0,0.0,nan,nan,3426.0,1.0,26.53754284399528,0.0,0.0,nan,nan,3760.0,1.0,24.18021855944889,0.0,201.51873961519186,nan,nan,4685.68,1.0,19.403292965701418,810.9688417653074,190.4284771806667,0.6782770320380876,0.3462545247685409,5875.846816777656,2.698716254372826,56.47318798181294,5.145112651354924,13.079916686525584,21.638813615615522,1.86212816825957,0.8916407441926057,,,,,,7.990140412580044,0.06607855461624432,1.031492,1.031492,1.0
38d04m38pt81394627s-44d20m37pt055574s,38.077448318407335,-44.34362654833203,0.842448075576187,,,,,,,,,,,,,0.2836,rxj0232m44,1385.71070408914,115.43562129298527,7.716916933609715,1.7559029080907005,5006.820756281368,1.6615825539647135,38.31723118583398,987.8073993347701,123.44299182460958,8.903330727151163,3.089747461229023,4956.278893810901,1.789776989828213,42.28884209490842,1575.473770671645,46441661.51454421,41.739120228928066,6197508.9916788675,3726.1135412766716,0.4999617834394905,nan,0.0,0.0,nan,nan,3728.703160605164,5.301689872745601,179.42667446475485,0.0,0.0,nan,nan,6562.8,1.0,13.853480493619768,0.0,0.0,nan,nan,4860.417310617127,2.40643600898564,60.29538674558872,1019.9772719873794,90.510344102848,16.010832307272793,5.035047984688006,4339.113497330042,0.9144010890613806,17.256250440903198,0.0,0.0,nan,nan,4104.437507931083,0.4999617834394905,nan,2748.5219333983546,303.4365784654841,63.49822537746285,30.14816057994244,3971.98111243844,6.2849810270764115,200.2890410176944,12.387932921362923,254.7944368099008,0.25254756670916856,23.499976967238407,3888.640352908572,0.4999617834394905,nan,0.0,0.0,nan,nan,3838.3519892869517,0.4999617834394905,nan,477.6138468964315,103.94365361703764,13.484892961370782,10.278144039111044,4364.496282494548,1.4827250585883895,38.138270879264276,667.7234993911734,9248.442720868548,12.992964428246216,823.3591420541405,3870.7825472735367,0.557397111706181,nan,0.0,0.0,nan,nan,6583.45,1.0,13.810026928666252,0.0,0.0,nan,nan,6548.05,1.0,13.88468655302385,0.0,0.0,nan,nan,6716.44,1.0,13.536579167464883,0.0,0.0,nan,nan,6730.82,1.0,13.507659064352907,1416.1492248286283,542.9860788367923,24.707008788231867,60.34553306487048,3425.1520388444424,9.99923566878981,370.65991701749095,0.0,0.0,nan,nan,3762.335713952219,4.632480386992583,155.050456780568,159.11066702282528,0.0,4.277182747260351,0.0,4685.205498608418,0.4999617834394905,nan,0.0,0.0,nan,nan,5875.62,1.0,15.473706908126772,0.0927231538410339,0.06920204991282247,nan,0.20995365073692632,0.208863851970229,nan,nan,nan,nan,nan,8.54521624760172,0.034178600474404165,1.031492,1.031492,1.0
38d04m52pt23490236s-44d21m03pt05647846s,38.08117636176589,-44.350849021793245,0.593803567261536,,,,,,,,,,,,,0.2836,rxj0232m44,2180.295550415103,151.58980415864357,21.145216488298153,4.015111041853942,5007.238389084309,1.8351043717254223,43.133538363025515,144.4792877241818,215.64262989367006,1.5212292487300494,6.299308958921567,4959.1062789793195,0.4999617834394905,nan,3594.9753499963467,406.14949482680925,7.710083132272632,4.39100413105623,3725.0016456939916,3.5249386357887738,118.04058239358417,3564.205576798569,395.18907522929516,7.685310547656966,4.272507744026828,3732.7142855224433,3.5249386357887738,117.95226136310319,0.0,0.0,nan,nan,6562.8,1.0,13.853480493619768,850.3563962398122,164.34648971160755,10.92007727676903,6.049337266548879,4863.2122032458265,2.355305686241918,58.89444227358206,3281.3671558879014,460.61621382076487,28.43605132847277,14.15251215223819,4338.143271091787,8.084172750299118,236.22648011501298,0.0,0.0,nan,nan,4101.519559861596,3.714343600626706,113.22057461528833,1299.7434063527537,8141065.979923435,9.239831083775163,249023.21505566698,3971.118231384896,0.5028858726439125,nan,2510.3507041148114,586.7090868253581,15.10847469834516,15.919121218281424,3894.2627887812578,9.93809282887795,324.51993795642835,0.0,0.0,nan,nan,3838.084171906746,9.872071902385526,326.8632498622308,330.1663880180426,132.34766564494612,6.738368000416266,9.460653387547683,4364.3127683405955,1.2495993695716139,30.20317950438185,0.0,0.0,nan,nan,3868.505020222696,3.8357621801897177,124.10492293331754,0.0,0.0,nan,nan,6583.45,1.0,13.810026928666252,0.0,0.0,nan,nan,6548.05,1.0,13.88468655302385,0.0,0.0,nan,nan,6716.44,1.0,13.536579167464883,0.0,0.0,nan,nan,6730.82,1.0,13.507659064352907,2076.6767384141303,279.30060106105145,10.872743077812972,9.30587305586436,3426.290805657667,3.0140414482121027,108.9392949291531,0.0,0.0,nan,nan,3759.1878595466587,4.2817052980352015,143.02405102712908,346.4013193662805,82.76247979366356,3.3959831115038823,2.4842340197748465,4683.087238141396,0.9022813135129775,15.468123091158207,0.0,0.0,nan,nan,5885.62,9.99923566878981,216.12712798001303,0.1430798199872082,nan,nan,0.10227727942060409,0.11643598671143122,nan,nan,nan,nan,nan,8.01919375425501,0.09274787048682219,1.031492,1.031492,1.0
38d04m57pt55184527s-44d20m25pt65671619s,38.08265329035348,-44.34046019894167,0.2081103804136355,,,,,,,,,,,,,0.2836,rxj0232m44,55282.12299851553,291.8302632993306,29.499654912970634,0.4253528637468751,5006.839201191327,2.592056520058822,63.459984247598484,17477.99401609436,345.7152020188876,9.944452219538556,0.5457592907171733,4958.938318420156,2.65803699240768,65.83092188131253,0.0,0.0,nan,nan,3726.03,1.0,24.400668213494743,0.0,0.0,nan,nan,3728.82,1.0,24.382410999599827,49528.808623825054,664.943779875061,45.020768620494046,1.1577273543925193,6562.766433014848,2.911514319524576,54.82307079571832,20451.388355979445,275.3083825211594,11.914589385885828,0.46003720707681844,4861.267362522759,2.4478111724366336,61.42702291484196,7880.687458373903,342.9935887907712,3.4928666704601077,0.5384248294886288,4340.393214607067,1.9874903148276788,54.55978621144381,507.57807078408973,479.0213354019546,0.17463948673055818,0.6586243760781079,4101.4541987898565,0.4999617834394905,nan,620.5813053983507,732191.6528364017,0.1987908988061603,1009.4316924451954,3970.720521106597,0.4999617834394905,nan,0.0,0.0,nan,nan,3889.06,1.0,23.37778840736009,0.0,0.0,nan,nan,3835.4,1.0,23.704860453545347,4210.733804472313,1634.7295912205923,1.7645411866186251,2.3956004805001836,4367.744793235219,9.99923566878981,291.0428046557292,0.0,0.0,nan,nan,3868.75,1.0,23.500516131444996,770.2056657696081,4334.68263160654,0.3837752209240345,4.123637918962161,6583.259979551627,0.4999617834394905,nan,0.0,0.0,nan,nan,6548.808208479416,8.80527060930116,170.65420511324615,7988.7037116607025,685.0011629612957,7.503418148387195,1.2034061446029096,6716.488422261951,3.1159414502951246,57.55299029217583,5363.216543859642,781.125091645202,4.750509922482461,1.2913518643084803,6730.779131698234,2.6311266922855925,47.97289870703759,0.0,0.0,nan,nan,3426.0,1.0,26.53754284399528,0.0,0.0,nan,nan,3760.0,1.0,24.18021855944889,1065.5236222408776,187.9940421320959,0.5027811991124573,0.2714054194722164,4684.97089775738,1.1667924570810815,25.362980425253134,3025.657564103756,266.630752780457,2.5412027559186487,0.4868416254472849,5875.876021611609,4.754392390446804,101.89323632720802,7.367540168817586,14.119956965625683,19.831070844650167,1.1214950359068043,1.2763947892890732,13.664621551704359,0.4894207723484818,0.8006863249629367,69.16992598723797,1.0070738557336214,8.187155745134175,0.06559643792370218,1.031492,1.031492,1.0
38d04m58pt125s-44d20m26pt195s,38.08281249999999,-44.340609722222226,0.20810590922399852,22.29792042862062,1,0,0,10.004554799468888,0.027022541678476588,nan,nan,3.659090874663523,0.051831766358104193,57.76066629187929,12.468974252099663,0.282,rxj0232m44,64703.95992409218,274.73226184515494,30.649611341472472,0.35545956914720767,5006.841866858457,2.671643262093565,65.55929037541782,21446.51501230847,269.3209878501974,10.195918675421652,0.3552365387235597,4959.046615239812,2.5614378910300197,63.25656194501172,0.0,0.0,nan,nan,3726.03,1.0,24.400668213494743,0.0,0.0,nan,nan,3728.82,1.0,24.382410999599827,57274.84815149287,736.9556583910753,43.77386886384786,1.0788457467480275,6562.7568048986395,2.8505792583598217,53.60448670831818,23544.229396686616,316.5017473235356,11.840622696303091,0.45654306028747005,4861.278364577821,2.500610811557682,62.868664734584,8906.421763252678,291.40436812447234,3.3116777197013003,0.3837606761301141,4340.400914757962,2.0537794409478254,56.632502714725234,3570.69390531176,305.02148523886905,1.1066297093787623,0.37774319735449086,4101.567807067253,1.2701672952550669,32.896418182466554,0.0,0.0,nan,nan,3964.7306433506283,7.994164759362621,255.36739023412207,0.0,0.0,nan,nan,3889.06,1.0,23.37778840736009,0.0,0.0,nan,nan,3835.4,1.0,23.704860453545347,872.6845800091676,481.2310710244552,0.2968701296686825,0.5736945245166347,4363.143664280367,1.5426515637911287,40.110842135864154,0.0,0.0,nan,nan,3868.75,1.0,23.500516131444996,717.0179019809074,5799.250226349019,0.3038154241922643,4.691375950407897,6583.324448662899,0.4999617834394905,nan,0.0,0.0,nan,nan,6548.7890760830915,9.99923566878981,193.93267853817915,9284.964160401487,828.2123507564012,7.186540356557813,1.1990206159221586,6716.377509747041,2.8882460727721595,53.11449142699358,6904.197092412519,941.2446637001839,5.22652436914366,1.3298776459534276,6730.775245831449,2.529301004341941,45.97183641181292,0.0,0.0,nan,nan,3426.0,1.0,26.53754284399528,0.0,0.0,nan,nan,3760.0,1.0,24.18021855944889,2090.176578266518,340.32307519366896,0.843168775607215,0.41975806798183457,4686.6635447087065,3.2837179194928767,87.16802200878999,2835.184726756516,258.70170103976784,1.9339075928805551,0.3836299737435101,5875.86554199314,4.219874416554937,90.16746739617003,7.616662538993359,14.543007916402873,20.174896453204585,1.2424561052750334,1.0300623585381052,,,,,,8.257045437113428,0.0943381045578216,1.031492,1.031492,1.0
38d05m01pt605s-44d20m27pt16s,38.08377916666666,-44.34087777777778,0.20850484680744663,19.3108421028434,1,0,0,8.421747403396589,0.12238017228718878,nan,nan,4.734511218097681,0.07688548544700667,56.312707714113586,11.014889264245554,0.282,rxj0232m44,65742.252870924,279.3630844105589,211.51163483797262,2.454964973462961,5006.840682175382,2.542036418013178,62.138006517843195,25144.25435755635,291.63884869831116,94.93111491317002,3.0549308944891433,4958.9882613503105,2.6681949699765877,66.10121204681661,0.0,0.0,nan,nan,3726.03,1.0,24.400668213494743,0.0,0.0,nan,nan,3728.82,1.0,24.382410999599827,42172.36444216961,349.8231736679967,259.93906354852214,4.130103054928256,6562.732199154048,2.8432008800688067,53.45682201014139,19196.597714472922,299.84362950323737,74.45287555950006,3.3355987304273627,4861.237523610004,2.480335645502452,62.315387195330025,10886.28389046725,402.5836136735035,29.411724064462,3.852723976076195,4340.148777354658,2.5269280005662744,71.2168194969275,11401.869786709909,741.9821622577688,21.937580433782383,5.702483846684784,4102.239408375591,5.07572317849006,156.03571467694573,1728.0858471867955,13050948.40150045,2.178225311871232,70829.95411136518,3970.008463307443,0.6491429018107489,nan,0.0,0.0,nan,nan,3889.06,1.0,23.37778840736009,0.0,0.0,nan,nan,3835.4,1.0,23.704860453545347,380.3228979007368,38950.43627835045,0.6737512903768447,241.7826992368824,4363.402865537305,0.4999617834394905,nan,0.0,0.0,nan,nan,3868.75,1.0,23.500516131444996,0.0,0.0,nan,nan,6583.420858721229,0.4999617834394905,nan,0.0,0.0,nan,nan,6548.177291781246,8.951066230498823,173.4976818821831,4393.133611717814,363.96752012134965,24.63825334443516,3.8182863324551026,6715.993300461382,2.7904222041334754,51.20116299240753,2582.3752221958725,454.5042634411294,11.858109605481543,3.895594465459575,6730.307807433698,2.4619530015379785,44.644695736748574,0.0,0.0,nan,nan,3426.0,1.0,26.53754284399528,0.0,0.0,nan,nan,3760.0,1.0,24.18021855944889,1923.3366191088064,498.5500434425034,6.00154214247237,4.75732653458159,4686.240621757228,5.933848462730393,160.097185990627,1678.292503320319,164.5998354272393,8.776100864807551,1.8713525764094598,5875.504336349392,2.653826772094934,55.46546012741187,2.8055381642998816,4.325321311911393,5.278514301528579,0.8667836719785161,0.16519686557033136,,,,,,7.774990593832162,0.0216,1.031492,1.031492,1.0
38d39m44pt64316779s-58d31m52pt44420975s,38.66240087994077,-58.531234502708934,0.44225149189779334,,,,,,,,,,,,,0.415,macs0238m53,20133.23487543524,135.19873045495407,56.735016951764095,1.0406296166146285,5006.845414658196,2.445193050164269,59.57233963099871,6371.334197703156,76.82254411815653,16.64588241022769,0.5568893928690195,4958.865747564006,2.537721454790898,62.62335587664055,16536.388371819114,358.0088668553386,34.7573154098145,3.7904944653424844,3726.050196392073,2.692952925650841,88.84931196431877,23430.959956972587,512.8981766557512,49.34234501301432,5.430417735110032,3728.769012138231,2.692952925650841,88.78283260077201,0.0,0.0,nan,nan,6562.8,1.0,13.853480493619768,6607.497372270584,103.6697212660653,17.4686750565173,0.7861300712598691,4861.252371541388,2.5778296821061226,64.97243859403123,2914.516831146975,107.14394285912293,5.758886367686854,0.7497539818381237,4340.5991803584375,1.4650666050799166,37.74961042363383,1010.1834202821691,143.01062701506666,1.6449792572755386,0.9305559787821345,4101.578452881258,1.7811581521350928,50.83557582128612,951.3694243390788,18175543.010136697,1.2993241791205479,107116.688930512,3966.263918183435,0.5194069648222788,nan,0.0,0.0,nan,nan,3887.2583327401194,0.4999617834394905,nan,0.0,0.0,nan,nan,3837.777543622959,4.874624529943381,160.1285739830656,71.95892589439102,409.86037662535097,0.12276965845134909,2.4507817883715504,4362.922299207352,0.4999617834394905,nan,766.8711688718757,0.0,1.0768625395523004,0.0,3869.701764085803,0.4999617834394905,nan,0.0,0.0,nan,nan,6583.45,1.0,13.810026928666252,0.0,0.0,nan,nan,6548.05,1.0,13.88468655302385,0.0,0.0,nan,nan,6716.44,1.0,13.536579167464883,0.0,0.0,nan,nan,6730.82,1.0,13.507659064352907,0.0,0.0,nan,nan,3426.133412764286,1.8268900045683292,62.706065592294884,0.0,0.0,nan,nan,3759.3974614849535,0.4999617834394905,nan,1994.725371433231,295.09121735419814,5.116890850142483,2.317552057705873,4683.224027220621,9.99923566878981,271.0131455203778,618.5791549021064,150.41535545197507,2.2948118092638476,1.2131301918743442,5875.816283917177,3.6120275827892105,76.77994306390784,nan,3.3001421906698183,5.251025385577229,0.5303006593211774,0.05318377387808076,3.3078132805970704,0.11843697008824808,0.18831411113949306,14.379534812486487,0.238991081444825,7.9542418715589545,0.021599999999999998,1.031492,1.031492,1.0
38d39m56pt52055987s-58d31m51pt04612994s,38.665700155519254,-58.53084614720596,0.40656495894492006,,,,,,,,,,,,,0.415,macs0238m53,1861.359287561054,127.16906270204875,1.4743137000340527,0.2751391077603811,5006.665666822381,4.583878425351941,115.18833147907539,0.0,0.0,nan,nan,4959.569390801883,5.064565705347847,128.77470610949925,15521.942901407087,2500.727132222987,10.117078021393976,8.205242416399702,3726.9747432116756,4.39826617458058,148.3634648387902,7371.314165868962,3174.5359478667397,4.813815323499227,10.41610525042248,3729.7328040587477,4.39826617458058,148.25245543986497,12162.39366487417,643.595762262791,12.59640548441318,1.276987221469183,6561.619253846667,4.772099258121311,91.57142454987026,3360.662195368361,135.1567048234825,2.7046760326642567,0.31207318589436034,4860.533606557888,3.0745928000949294,78.4038705018291,904.5893971185307,171.20723285319704,0.5952160180186067,0.39910129429254554,4339.820294441288,1.7338120881403651,46.52555318006023,0.0,0.0,nan,nan,4102.4160278306645,0.4999617834394905,nan,0.0,0.0,nan,nan,3970.34178200253,0.4999617834394905,nan,0.0,0.0,nan,nan,3891.3360782057293,3.0297100656959226,96.49544423507253,0.0,0.0,nan,nan,3833.9117217006324,0.4999617834394905,nan,3358.4563954025407,343.60952350149483,2.1675962478953776,0.7768435154345593,4364.080257468235,6.661009363600024,193.27934717315014,2209.3362186154927,209.9683962029037,1.1008370263456912,0.47943763531560646,3868.207815084058,1.9191349708056096,58.80268362647355,3956.4133427826623,1139.3119373499496,3.747340025823752,2.060526261157223,6582.371088465451,3.940679030506677,74.99256578289625,759.080673623374,268991543.6439978,0.7114151244779608,484080.75537478615,6547.251380161724,0.5261802043153949,nan,0.0,0.0,nan,nan,6716.44,1.0,13.536579167464883,0.0,0.0,nan,nan,6730.82,1.0,13.507659064352907,1679.75983588621,10455342.800832618,0.885718393257427,35008.69676798578,3428.7445705503064,0.5188719041764189,nan,3615.794503674923,577.8724701040995,2.2055847097182792,1.733421217830223,3760.8936592998743,7.882693204259657,265.84627941408684,0.0,0.0,nan,nan,4687.274235228091,9.99923566878981,271.0131455203778,2079.507597932315,458.3430942681811,2.431447242060052,1.1656313640926346,5873.623351482553,9.99923566878981,216.12712798001303,nan,8.589853292850574,14.385515462711572,2.205150690523539,2.3086098612951083,5.113792201860646,0.2990177729314628,0.5539330852572715,50.253846778822705,0.7749229930249432,8.672620171319256,0.169269033171986,1.031492,1.031492,1.0
38d41m16pt20401233s-58d31m03pt85113782s,38.68783444786991,-58.517736427171705,0.21566747813008047,,,,,,,,,,,,,0.415,macs0238m53,5230.223203969392,193.36212567929329,2.1120718465351875,0.2132770362662293,5006.857661731302,4.228120989486617,106.0258301360408,1085.5227103069126,142.49516332947897,0.40994457938914597,0.14925956867257445,4959.894547227628,1.917182895475278,45.821754025931504,0.0,0.0,nan,nan,3726.03,1.0,24.400668213494743,0.0,0.0,nan,nan,3728.82,1.0,24.382410999599827,62574.591517770314,2395.2563906580126,27.17461600049673,1.9924141412903047,6562.826044896954,4.029440890628206,76.97759971612497,16508.446246087075,235.29175418787386,6.750728372152082,0.27595878462927603,4861.426760189079,3.242693641702356,82.91849493152216,4679.64918547262,233.0428544933874,1.5680092851034089,0.27653504737926315,4340.599960360673,2.1261191899361016,58.88441563976334,1237.4892379029843,6.2577803485543965e+19,0.36997574381179155,7.474928575594122e+16,4101.828703025055,0.4999617834394905,nan,0.0,0.0,nan,nan,3970.342587833444,0.4999617834394905,nan,0.0,0.0,nan,nan,3889.06,1.0,23.37778840736009,0.0,0.0,nan,nan,3835.4,1.0,23.704860453545347,1279.6105591801354,43947081.150225766,0.40667765002744277,49016.68485005826,4360.043673822616,0.6230448085180376,nan,0.0,0.0,nan,nan,3868.75,1.0,23.500516131444996,13136.313418653857,5509.9688709331795,4.180614803971376,3.3477796335433165,6583.433709043934,3.0905735437547994,58.2120582688026,0.0,0.0,nan,nan,6547.644881715819,0.4999617834394905,nan,11096.705640575414,857.9088763594497,6.0033121378184795,0.8681212137260661,6716.422948825437,3.801691021613256,70.82897348224502,6871.308984135883,1299.3591271964654,3.589520337837779,1.2668684505529946,6730.836654208582,4.044791099086692,75.35083164271063,0.0,0.0,nan,nan,3426.0,1.0,26.53754284399528,0.0,0.0,nan,nan,3760.0,1.0,24.18021855944889,0.0,0.0,nan,nan,4686.352465939943,2.0678962729517902,52.86787342547322,3366.3745445892037,253.34335647040473,1.693525779682014,0.27706988441982383,5875.95713961143,5.645927880339073,121.38939144810509,nan,24.250775192681328,41.33204369285066,5.240477591596214,14.354656484949526,20.422476647471207,0.9108252495613799,1.5720807627416973,145.69733849344797,2.3935562340063945,8.873627375955174,0.06067025913847371,1.031492,1.031492,1.0
40d38m55pt57108047s-21d32m25pt76496246s,40.64876974457417,-21.540490267348623,0.3139852199548101,,,,,,,,,,,,,0.314,macs0242m21,1733.9322610791482,177.23443570015974,0.6959153539793611,0.19440544480540864,5005.064036252813,6.851435288502817,173.30147062449112,1669.618659707347,302.80853437625103,0.6376286562217127,0.32098203530662067,4957.766278407723,9.99923566878981,256.08064588829484,27719.587913711282,434.261707900267,13.823393701055156,1.0915386938431801,3725.18309902483,2.915105402199064,96.6883862483842,36438.02997421865,609.7288922139738,18.206446864787047,1.5325843068773157,3727.96052140607,2.915105402199064,96.61604148579632,24273.375031986445,2191.778707026918,8.656350480219686,1.4975023939262713,6561.325435600125,3.118070197751831,58.942725842418525,11925.256314288446,140.23062341411782,4.543288700701922,0.15328909440597663,4860.287518880781,3.1067842886947896,79.26940416197337,6116.012453581818,186.0197304920252,2.353633070441653,0.2536590334829776,4339.412999460246,3.292251878570937,94.35714385392318,2603.135776956864,127.38413650758248,0.9368066992340731,0.18323512167896627,4101.044129476825,2.0593899402813047,60.113840401741804,517.0472404520834,21307169.736523073,0.23868923913804005,42350.84459072187,3970.0228766881314,0.5950196875360847,nan,3524.7962016001934,258.6891742377686,1.6373557684677786,0.5438563171850378,3888.0372183658924,3.694841643618838,118.76183045875493,0.0,0.0,nan,nan,3837.29863608204,0.622663677443463,nan,1151.2771350290711,247.44368300260524,0.4237095702043955,0.319272066585108,4362.256609393168,2.140030658671765,59.00709664511819,2506.8015191517757,267.0680684719843,1.268223473058487,0.6191592902820904,3868.252824897465,3.402169178151641,109.56084272729002,21717.6406563399,2790.7302368717615,8.365142539568525,2.0526598151977207,6582.01661233107,3.4508464739593165,65.3447873671794,3826.5621793151927,2212.7742135096673,1.4354323986889133,1.5940261686785704,6546.672411828584,2.3720840573398516,44.065285903812935,4476.422163359501,595.0363210816532,2.160398565435861,0.5373248658511922,6714.149417239905,2.3235144812070008,41.996002158206956,6590.061126896525,684.6105554663555,3.276634159366813,0.6354479700654656,6729.409871231716,3.4624686500064263,64.13855469148422,0.0,0.0,nan,nan,3426.0,1.0,26.53754284399528,0.0,0.0,nan,nan,3760.6784655902466,5.245512140188813,176.0196609475462,758.43442052417,87.24127301034085,0.2698246145793023,0.09496844618878113,4684.759252704211,2.1302057544524837,54.66364890947216,1203.8963861120276,203.9895473314376,0.5728277442753958,0.21105223832419723,5874.911031044414,1.789143093049402,35.67604319485096,nan,38.56100128423981,nan,21.498342935876362,20.72675167995974,25.211828380797385,1.9036013781583043,3.6101526726364095,345.81069731767866,6.253977719365775,10.02958025200021,0.1623226681266626,1.031492,1.031492,1.0
40d38m59pt87142409s-21d32m25pt96496864s,40.64996428446892,-21.54054582462238,0.31324023191713035,,,,,,,,,,,,,0.314,macs0242m21,44957.7538278849,547.7437204154899,3.8757108620664895,0.12897785186824712,5006.809587107584,7.811312441300891,197.82100889301017,17572.90882629371,504.58550129417256,1.4868117927367974,0.11847737861138237,4958.278578587071,9.192088456187784,235.30329181913467,413427.69589843455,742.7029482558798,38.86862872092908,0.35144407483280754,3727.2210125197244,6.229087029306284,211.4858682752468,414182.10592297406,730.2676403984647,39.13505498757811,0.34729466894226213,3727.220953169808,6.236793744453244,211.59242852468694,91689.69647533075,9561.28412928353,6.2407132575092445,1.246675854020056,6561.939274970334,4.616874349405527,88.52620111671175,47804.901466840965,356.6993711597586,4.1172869430133785,0.08813387193754645,4860.709510034178,4.379706797557736,113.22277789441229,17681.025295003332,501.3616011818142,1.4079891234313489,0.14143784681247323,4339.894871107066,3.320940269149338,95.21811798564859,1490.4909705667633,554.0293682871494,0.11139646074264581,0.16546541810395918,4101.500506733495,0.4999617834394905,nan,0.0,0.0,nan,nan,3969.891984793671,0.4999617834394905,nan,0.0,0.0,nan,nan,3888.216687494812,0.4999617834394905,nan,0.0,0.0,nan,nan,3835.6104450688445,0.4999617834394905,nan,10360.08359237438,1934.8457898019105,0.8125353011182372,0.5312433724385178,4365.382654522371,9.43621894573009,274.5722289282854,36480.06868004901,745.8611926441672,3.1735146687845828,0.2973222879460892,3868.325506329462,8.107323054260508,265.79384442121193,97992.08646824428,12974.906381436867,7.4338397361381015,1.8794424665184248,6582.53771691507,5.432367806501103,104.17482522863814,9416.454974826825,9056.248125594098,0.7178472286181806,1.3256449585719834,6547.390788799823,2.9778564754359054,56.274488829909664,46430.74924608457,3784.7607093055203,5.03601540575207,0.7679500202618461,6715.336730202202,5.160704475035937,96.91711479279202,18995.69582376159,3999.960042465101,1.9532187570459925,0.7676053762871149,6731.12520276149,3.186296815478628,58.79487516581884,0.0,0.0,nan,nan,3426.0,1.0,26.53754284399528,0.0,0.0,nan,nan,3759.2889650332954,2.312675388901935,74.6319489342396,4685.135741447024,378.24683570371826,0.3755618397870406,0.09276555562689554,4685.008739334705,6.702559654042336,181.11297036419688,13165.54348386449,2104.413646171255,1.484219689798305,0.5160733547436033,5873.031685876724,9.99923566878981,216.12712798001303,nan,135.6792599545856,nan,38.64952832385808,38.954022182981994,83.28175867965474,5.598531667968584,10.333085586737518,1050.698835427048,17.20426415018909,9.723545244952664,0.3106630046323767,1.031492,1.031492,1.0
48d13m47pt986321s8d22m22pt30596361s,48.22999620027693,8.372862767668968,0.23855702605325257,,,,,,,,,,,,,nan,rxj0312p08,56375.2457627931,205.51121603343722,277.0163919169154,2.7582845983887636,5006.841240689889,2.556767104174843,62.527538700897665,19787.108944840442,174.74841450784226,100.94714992621748,2.4735585083058482,4958.911597505368,2.632124981952837,65.1410870870186,0.0,0.0,nan,nan,3726.03,1.0,24.400668213494743,0.0,0.0,nan,nan,3728.82,1.0,24.382410999599827,39359.666883124126,214.82329939297026,258.7357883917961,2.704916288820836,6562.751802522674,2.7395953028864266,51.380637053672125,11456.783496600243,211.70488202594186,75.31150052508231,3.9916593106917158,4861.222758920577,2.8811215014294103,73.19094142746883,3947.640104366247,222.98600717233174,14.004000369239613,2.801638091014642,4340.39965298914,1.6012564053596667,42.24097247069351,2643.6641281314814,183.15250405901466,13.84630679962478,3.833558330112462,4101.3771573917265,1.5671525795999584,43.519514776598136,0.0,109.5594150618995,nan,nan,3970.08,1.0,22.900702702093618,882.0894805329586,299.22645090748466,2.3889694428383614,3.6629613568153228,3890.1102609923614,1.616630904445865,47.702814780905406,702.0719214616455,3.621931373260107e+45,85.6315884850458,2.0681224647680966e+45,3834.909140923827,0.4999617834394905,nan,390.02535155289456,372.83311115805446,1.1765076053295733,3.9438264456980097,4361.733194947115,0.4999617834394905,nan,8588.706664258918,382.578816602653,49.592876006768385,10.112452686235004,3869.927473332713,4.132568268487864,134.02656997811326,0.0,0.0,nan,nan,6583.049383942439,9.99923566878981,192.88987927331783,0.0,0.0,nan,nan,6547.951249111998,9.99923566878981,193.93267853817915,2914.4151111162246,435.3236631026073,28.44078908362014,7.945891348815433,6716.457203104918,3.1146937737448446,57.528719960561844,1600.2929429260273,372.3066220866771,11.278101960360864,4.897260849012795,6730.673594072972,2.2049625326920275,39.548326784467136,0.0,0.0,nan,nan,3426.0,1.0,26.53754284399528,0.0,0.0,nan,nan,3760.0,1.0,24.18021855944889,2264.352961989412,341.28494065253983,8.053632807286453,3.714040462336687,4684.83115917108,5.656051318430082,152.4937161135149,0.0,117.9529274308182,nan,nan,5875.62,1.0,15.473706908126772,0.7346917478816116,2.840436072421592,4.628207727088525,0.5530035632434651,0.39885840229909186,1.0200028283788065,0.0630296150160642,0.11273767463742561,6.202663502590932,0.10720136194554312,8.035117035511131,0.05896527011351382,1.031492,1.031492,1.0
4d38m40pt875s16d26m18pt34s,4.6446875,16.43842777777778,0.21090845392258895,28.902403268954643,1,0,0,7.4417023827089475,0.0,nan,nan,3.1186862786442444,0.10356497494083873,62.60780670767627,15.16259239798205,0.5471,macs0018p16,18972.97690744791,237.53924926279564,17.496707816645532,0.59833029245475,5006.853890593724,2.8089490180473518,69.1704873374909,6675.48550541455,234.19263297438553,5.683970418481471,0.5532960392823153,4958.785438239228,2.6964239029819113,66.85194965408446,0.0,0.0,nan,nan,3726.03,1.0,24.400668213494743,0.0,0.0,nan,nan,3728.82,1.0,24.382410999599827,21885.573422212125,281.0891269063088,33.955314795726224,0.8353567632541145,6562.596433541096,2.9299787606784116,55.19201052878204,8224.123916693656,251.28950649451258,8.240775915445106,0.7222122900117824,4861.301524487012,2.6508109074336645,66.95614228492877,3939.0316115403107,257.4982454741104,2.79679823081885,0.6473952185470997,4340.872506778413,3.005891373733328,85.74187680444449,585.4903346087254,384.2963677550566,0.31977512888139237,0.8386871117460356,4101.600754104443,0.4999617834394905,nan,0.0,0.0,nan,nan,3969.957498673855,0.4999617834394905,nan,0.0,0.0,nan,nan,3889.06,1.0,23.37778840736009,0.0,0.0,nan,nan,3835.4,1.0,23.704860453545347,56.551328580016275,372042.0604439652,0.03613402841052823,833.2357507134683,4362.723540157385,0.4999617834394905,nan,0.0,0.0,nan,nan,3868.75,1.0,23.500516131444996,369.7321152868321,9437.259498133757,0.3545084522448872,17.276050360289343,6583.170471527558,0.4999617834394905,nan,0.0,0.0,nan,nan,6547.808518630559,9.99923566878981,193.93267853817915,4369.549961036079,311.3233133972025,6.5125362061593774,0.867930861782318,6716.15148116437,2.534437928769356,46.17158257783416,2576.245889138702,479.0856825156495,3.6763376630181575,1.2760240809160397,6730.648189284278,2.579222393127773,46.95366827443357,0.0,0.0,nan,nan,3426.0,1.0,26.53754284399528,0.0,0.0,nan,nan,3760.0,1.0,24.18021855944889,3354.968017869548,3687.8837586969566,2.543762614780941,8.555941649038415,4684.707809072392,9.99923566878981,271.0131455203778,897.5833124696499,223.10335726041396,1.1285458235016346,0.6096265223866788,5877.441366242146,5.466975160145493,117.48078031640462,3.715848194367868,,12.48290734827644,0.8115299189107896,1.382948461753644,,,,,,7.93078458367436,0.10972435847128575,1.031492,1.031492,1.0
4d45m08pt04s-40d52m14pt082s,4.752233333333332,-40.870578333333334,0.5177884932263128,44.663768664596404,0,0,0,11.0622492825291,0.05202866295011732,8.135966388135733,2.8289484505111137e-05,9.064217113094255,0.14005331202251747,41.512651797601514,7.061841685674496,0.477,macs0018m40,43903.08979159236,371.3341673459081,143.2198908850873,3.308666155200471,5006.889275272345,2.304458137578067,55.82728908154061,11956.227315799437,172.15740971755034,33.28162296794509,1.3295933046422515,4959.012088740548,1.6260872668327815,37.680417927111485,19903.17296308031,243.16021459075154,35.448635339989615,2.181745801580117,3725.9252742838275,2.1235348102290987,68.50105348291031,29129.670150043985,320.5649738111904,51.979641745049584,2.876257067478364,3728.6318627763685,2.1235348102290987,68.44979921501395,0.0,0.0,nan,nan,6562.8,1.0,13.853480493619768,11572.114713469062,167.21608222616146,36.055096548180394,1.4944203745375826,4861.111889741067,2.313216762600563,57.739022366646125,4824.454509981025,92.27422468575341,9.479861247114703,0.6422114187003805,4340.281889395434,1.8872516912053483,51.40649086094544,2383.57233165149,107.79905316982776,5.026695080566032,0.9083737021885416,4101.657230959527,1.824967692010645,52.31109940729646,2246.9082215425046,94.84307236093689,3.7092452258571225,0.6741319229692113,3970.001986599262,1.6644148259267513,48.42364719553575,274.2924619327869,292.2097082313606,0.3364509949232431,1.621768875714085,3888.4442605748036,0.4999617834394905,nan,265.6807824939715,37900197903.637955,0.3938146699243722,262909727.64174196,3835.442945290652,0.4999617834394905,nan,117.02049642009827,371.67536587327214,0.1968505875133416,2.191343448248846,4362.87474203107,0.4999617834394905,nan,5598.746615893704,111.5096612556552,7.574795046260972,0.6911608930042096,3868.681744622293,1.984021151724342,61.09017490174473,0.0,0.0,nan,nan,6583.45,1.0,13.810026928666252,0.0,0.0,nan,nan,6548.05,1.0,13.88468655302385,0.0,0.0,nan,nan,6716.44,1.0,13.536579167464883,0.0,0.0,nan,nan,6730.82,1.0,13.507659064352907,571.0256895443454,5515407881.090059,0.8461920204014359,51832460.61189286,3430.279550978679,0.4999617834394905,nan,0.0,0.0,nan,nan,3759.4839179976284,3.3750250776901134,111.79032165076882,613.2392815988616,93.92661074611293,1.3855687139067625,0.6499558780868728,4682.344623545296,3.4380364127308556,91.4549289496606,0.0,101.07682827870205,nan,nan,5875.62,1.0,15.473706908126772,-999.0,4.075980031883007,-999.0,0.3301535651869453,0.3852975397353158,,,,,,8.61050853269396,0.021600000000000005,1.031492,1.031492,1.0
4d45m17pt925s-40d52m02pt348s,4.754979166666666,-40.86731888888889,0.4466498198995832,29.32482148037976,0,1,0,nan,nan,8.08396672161654,0.00011558817187477631,9.197289407945643,0.34322774404734674,63.45358189341355,18.755886937528754,0.477,macs0018m40,7632.309273487135,166.16809965682575,21.00114275467709,1.2488642566239043,5006.883351323263,3.03030297621294,74.96827432073108,2809.447073853036,71.79899871046615,7.92661663558116,0.5620123280832657,4959.1671628990025,2.705946247438775,67.1050637161313,8368.429838955044,422.11995323856763,17.519273448157566,4.450128724617082,3726.485120861257,2.7389602027177173,90.476247759037,8645.186311384587,531.4163285949811,18.130069034458852,5.602367408760069,3728.9697560457303,2.7389602027177173,90.40855107986027,0.0,0.0,nan,nan,6562.8,1.0,13.853480493619768,2985.159135468847,81.10444168341577,7.893507886199595,0.6150759510558207,4861.502869687372,2.1786062476834336,54.02879430892764,1672.4521503946585,107.85669664816987,4.463167411662807,1.019008780733864,4341.276196222443,2.0124257436842385,55.34055620637424,0.0,81.4225567473023,nan,nan,4101.73,1.0,22.16567686891332,0.0,0.0,nan,nan,3969.3001551347847,1.9888085553871584,59.694987631524725,525.6390115727474,9200498.412270842,1.092891821994308,86619.53602330439,3887.23442494861,0.5019281572740178,nan,0.0,0.0,nan,nan,3834.6363407452604,6.237863016090003,205.74831149460044,0.0,0.0,nan,nan,4364.304549621352,0.4999617834394905,nan,771.471962647692,124.48819387116127,1.57556952186526,1.164476684619248,3869.050339041187,1.4297495224366155,41.02451798466871,0.0,0.0,nan,nan,6583.45,1.0,13.810026928666252,0.0,0.0,nan,nan,6548.05,1.0,13.88468655302385,0.0,0.0,nan,nan,6716.44,1.0,13.536579167464883,0.0,0.0,nan,nan,6730.82,1.0,13.507659064352907,5460.902802785966,1501.4523524478675,11.69165953843822,20.506367613510974,3423.5123113348145,9.99923566878981,370.65991701749095,0.0,0.0,nan,nan,3761.3363610805873,1.196424976587718,32.852602519739115,141.76006202835092,0.0,0.32961133455992353,0.0,4685.965292678011,0.4999617834394905,nan,555.2711471931965,121.53880669657,1.949697038735347,0.927894706465699,5875.185904170817,1.8031546376423566,36.00570475314461,-999.0,3.224037339152325,-999.0,0.584657295421006,0.7037649210633333,,,,,,8.332434312695849,0.06569189930823749,1.031492,1.031492,1.0
4d45m30pt465s-40d51m24pt25s,4.7584624999999985,-40.85673611111111,0.4367181003459819,16.206735365029783,0,0,0,9.239530278317497,0.048465924793770127,8.068039094789796,0.00010070853215193192,9.400947259038164,0.4913296423803661,50.78173082173239,11.487308418568157,0.477,macs0018m40,4905.435831839448,87.32646239801484,49.61811760098085,2.4126503037776943,5006.846220657785,2.4424677965013895,59.50001344063877,1782.5113653670103,83.6552979281833,26.59631373461956,3.4634375945837257,4958.720140972273,2.5314914189789666,62.4569396468097,5786.406258062628,274.19101174432626,29.756781453175954,7.103416018756476,3725.9167866983016,2.1097786869816284,68.00301355489913,7345.231755878129,328.60049586609665,37.84044351017468,8.512992498394151,3728.468745455125,2.1097786869816284,67.95213193341614,0.0,0.0,nan,nan,6562.8,1.0,13.853480493619768,2108.2540583442233,99.51335881223055,22.516723061450474,3.0486375407554833,4861.10289336742,2.1193469797809787,52.38734982193643,1454.761342153144,118.14250488377209,10.786256609011504,3.10273958751786,4340.201873763973,1.4805088434137121,38.26441348453703,1742.4822681073806,138.44310154952262,25.01742454139583,7.935901835009568,4103.1174814884,3.090647576296736,93.43517285832617,0.0,53.18414748017299,nan,nan,3970.08,1.0,22.900702702093618,199.69420366245197,2281526531780.4644,0.8615745776166973,44499237707.10423,3889.869712887927,0.4999617834394905,nan,119.1972661107481,170.9102442872817,0.4659515367173384,3.1289227831271753,3834.3100063880893,0.4999617834394905,nan,62.50027594152714,172.47564325620024,0.4914414897536364,4.750316753203994,4364.203556706641,0.4999617834394905,nan,1685.223215389254,180.13456686031157,9.172216227799886,4.4927694018728985,3868.268716639678,2.995531667804803,95.84565305604526,0.0,0.0,nan,nan,6583.45,1.0,13.810026928666252,0.0,0.0,nan,nan,6548.05,1.0,13.88468655302385,0.0,0.0,nan,nan,6716.44,1.0,13.536579167464883,0.0,0.0,nan,nan,6730.82,1.0,13.507659064352907,0.0,0.0,nan,nan,3425.701327097536,2.6560064124845733,95.20771636762368,0.0,51.11997157524858,nan,nan,3760.0,1.0,24.18021855944889,139.8629883535646,98.38966277715743,1.057639371289348,2.2734632858203407,4688.2982664098345,0.4999617834394905,nan,1407.8564097996775,479.5818415804559,37.67218839547533,27.8887993449908,5877.535793001094,9.99923566878981,216.12712798001303,-999.0,1.0860840208641207,-999.0,0.11237179681350598,0.27134793554362335,,,,,,7.88790788182961,0.05538995822861772,1.031492,1.031492,1.0
4d45m34pt185s-40d51m43pt942s,4.759495833333332,-40.862206111111114,0.13365739100747365,4.957741556007506,1,0,0,nan,nan,nan,nan,4.543531735963009,0.04868184063013909,54.35612042279712,14.353042250272127,0.477,macs0018m40,48871.168651145505,122.52238996300044,56.0426396126041,0.3837679388142128,5006.835207028226,2.490323320412228,60.769036320390214,16458.286477130412,175.53562906604506,18.18704800061634,0.5381858429745998,4958.966031292737,2.449654286868282,60.267658516884985,0.0,0.0,nan,nan,3726.03,1.0,24.400668213494743,0.0,0.0,nan,nan,3728.82,1.0,24.382410999599827,32180.309865426894,221.1266857701105,56.05442920567985,0.7377819177360065,6562.754967074863,2.4289780126003553,45.1200737000937,14378.56252024819,146.6785305420296,17.77635155162771,0.5201212241859446,4861.309418769172,2.436947856607443,61.13007324997573,5545.313714440147,251.87464934857095,4.857617313514204,0.7813940134140184,4340.553877613653,1.8620515782112568,50.60971099813211,0.0,0.0,nan,nan,4101.73,1.0,22.16567686891332,0.0,0.0,nan,nan,3970.08,1.0,22.900702702093618,0.0,0.0,nan,nan,3889.06,1.0,23.37778840736009,0.0,0.0,nan,nan,3835.4,1.0,23.704860453545347,0.0,0.0,nan,nan,4364.796963899501,9.99923566878981,291.0428046557292,0.0,0.0,nan,nan,3868.75,1.0,23.500516131444996,0.0,0.0,nan,nan,6583.599724149754,0.4999617834394905,nan,0.0,0.0,nan,nan,6548.07978887912,9.99923566878981,193.93267853817915,4473.582656117318,408.6971339753903,7.956269615119876,1.3595905206671606,6716.267074315068,2.3169545549323627,41.865581779869736,3271.819992444799,504.7589502884761,5.49282747973126,1.5816455044584241,6730.633238307474,2.387082941090406,43.16555889209914,0.0,0.0,nan,nan,3426.0,1.0,26.53754284399528,0.0,0.0,nan,nan,3760.0,1.0,24.18021855944889,700.664062116375,50250744.79219788,0.6670031393503222,146253.97624007124,4686.837315794493,0.6723117544386958,nan,2140.6584250732417,124.80902916235749,3.3427071427015105,0.4237131995108668,5875.690853014529,3.686538785281176,78.42496704748973,-999.0,9.755632284882356,-999.0,1.8467077780791679,1.626826166046129,,,,,,7.801501422365648,0.09720651408081583,1.031492,1.031492,1.0
4d45m34pt18986889s-40d51m43pt60755318s,4.759497185801797,-40.86211320921588,0.13365588427521424,,,,,,,,,,,,,nan,macs0018m40,45443.10758002027,129.3530537272749,60.538272514339305,0.4706803878718115,5006.8348975828285,2.4941565341875163,60.870592494270895,15408.686614201197,159.1782108873355,19.858244678507823,0.5691777835368071,4958.968170723047,2.43772684126837,59.94805177606539,0.0,0.0,nan,nan,3726.03,1.0,24.400668213494743,0.0,0.0,nan,nan,3728.82,1.0,24.382410999599827,29863.245561010284,209.32632905591606,57.06595557215201,0.7661793669061832,6562.764074987195,2.4519362495610526,45.58496979279136,13118.6162872681,155.82962324377186,17.639247382713304,0.600966641773447,4861.326189267597,2.4371590428867713,61.135847174183695,5561.399190902239,250.15730580202646,5.666429532583649,0.9026281168515723,4340.643222612162,1.8728122093756625,50.950154334527596,0.0,0.0,nan,nan,4101.73,1.0,22.16567686891332,0.0,0.0,nan,nan,3970.08,1.0,22.900702702093618,0.0,0.0,nan,nan,3889.06,1.0,23.37778840736009,0.0,0.0,nan,nan,3835.4,1.0,23.704860453545347,0.0,0.0,nan,nan,4363.979368540064,0.4999617834394905,nan,0.0,0.0,nan,nan,3868.75,1.0,23.500516131444996,0.0,0.0,nan,nan,6583.574478271815,0.4999617834394905,nan,0.0,0.0,nan,nan,6548.173703387749,9.99923566878981,193.93267853817915,4047.5297383565253,341.87398393530674,7.890238917139448,1.2465622731810928,6716.339010615047,2.2367852420428846,40.268599417865204,2496.092446158528,457.97524083055816,4.535357615255076,1.5530876295629183,6730.871971048805,2.2968124760940785,41.37630885211181,0.0,0.0,nan,nan,3426.0,1.0,26.53754284399528,0.0,0.0,nan,nan,3760.0,1.0,24.18021855944889,1694.5779674322182,302.29935646254097,1.9268154327511384,1.050116111449538,4688.791336744988,5.937238386153931,160.18993763051753,1844.8771436257225,104.98162706700558,3.032870319664826,0.3752337166287047,5875.397295084892,3.3524304186719047,71.03772779531378,nan,9.767490200154079,nan,1.8354505057044161,1.6318853046432884,6.973373750034155,0.2993751100958565,0.518331062521886,48.82845344906783,0.8067669924614357,7.81255084397895,0.08745638183062308,1.031492,1.031492,1.0
4d45m51pt11481506s-40d51m45pt80729101s,4.764198559739286,-40.862724247501895,0.2577321594106601,,,,,,,,,,,,,nan,macs0018m40,5271.772821416564,122.63046680418213,6.482005299548114,0.41184970381499014,5006.833000132198,1.8307506706256498,43.01375657715915,2714.207076469319,181.69526191802385,3.5786956763768667,0.6645667407665015,4959.495571773875,3.5083113269585717,88.25784295287175,0.0,0.0,nan,nan,3726.03,1.0,24.400668213494743,0.0,0.0,nan,nan,3728.82,1.0,24.382410999599827,10878.757029420627,254.09471505670317,21.076360912683317,0.9428811597665119,6563.075018299417,2.886012694062388,54.31328372106908,4103.919092188017,115.97105043688136,5.2256695031703755,0.42349377561058876,4861.682746325731,2.3992988660075034,60.100002248168934,1466.256295465753,155.22460976218522,1.554258471156752,0.5825592786263484,4341.1541157025595,2.5012627680720736,70.43303756125295,201.4619409426922,368.52618975646163,0.1843833864024481,1.347094878614558,4102.480452797365,0.4999617834394905,nan,0.0,0.0,nan,nan,3970.167358273616,3.287560700157112,103.00602960409884,0.0,0.0,nan,nan,3887.8875067316008,6.420063419735468,208.91070200335787,0.0,0.0,nan,nan,3835.7652165707746,4.3653508586639544,143.02595552076562,1262.7722030294426,18460292.012330443,1.249149728355049,64038.29587130873,4361.681999670434,0.61614748563552,nan,2468.115157016849,302.4342798785913,2.0889872047195914,1.172244050284852,3869.299611600069,3.629762071320855,117.20347936210425,1075.832892618954,843.7067556018442,1.506623490726731,2.255819012136735,6583.2627125077515,1.9206248212904875,34.58620895478918,0.0,0.0,nan,nan,6547.665367859949,9.99923566878981,193.93267853817915,2771.7162750910857,297.6388659196086,5.834616536495353,1.1717980095828502,6717.0792985629805,3.1475798622000424,58.168263189838655,1804.818251313431,395.89840829623023,3.5993470327880988,1.4736333289072694,6730.68157210896,4.1948681148261935,78.23136276208942,0.0,0.0,nan,nan,3426.0,1.0,26.53754284399528,0.0,0.0,nan,nan,3750.0,9.99923566878981,337.7342754526394,0.0,63.73474858308222,nan,nan,4685.68,1.0,19.403292965701418,630.7823472623159,73.56740795060162,1.1508817150477693,0.29184547825745305,5875.243774574543,1.6008781986147258,31.195297485479863,nan,8.80199498275616,nan,0.9698107647052707,1.0424928674467207,7.528850319797195,0.34081549125428207,0.5902678149272519,54.056388136233565,0.8090455311813538,8.03516823444926,0.12397513269157719,1.031492,1.031492,1.0
4d45m51pt195s-40d51m46pt433s,4.764220833333332,-40.862898055555554,0.25769297659367485,16.562687142124116,1,0,0,7.449579936217009,0.00790267657095418,nan,nan,2.114564667666332,0.09409225417918524,86.54400963728942,20.8809395137425,0.477,macs0018m40,5004.6518366589435,105.7800521916028,11.980042664500576,0.6916352232365345,5006.824809434158,1.7185169189186182,39.90781538290265,2103.6650766277303,133.809790981072,5.473034063861633,0.9656842428806024,4959.617310770235,2.9447722437805575,73.43415334239279,0.0,0.0,nan,nan,3726.03,1.0,24.400668213494743,0.0,0.0,nan,nan,3728.82,1.0,24.382410999599827,7847.248596833878,143.9731757369382,38.13420143084501,1.3400823322832345,6562.9641586740245,2.422472824088556,44.98827409366042,3361.598262743852,125.96782377978528,9.489710224795497,1.019873219375243,4861.516909878166,2.5667668708098264,64.6713593387322,1742.021107654276,157.4055627425144,4.001318315064417,1.2805480204461686,4340.369011223535,2.8456934400946268,80.90244545013562,0.0,0.0,nan,nan,4102.523154947689,2.7521397965843906,82.6120821575936,0.0,0.0,nan,nan,3969.9791098617975,5.398937984126336,171.6685291082698,0.0,0.0,nan,nan,3890.6891758396537,9.624450745197457,314.22632218774265,0.0,0.0,nan,nan,3834.5961622416744,5.999861962176294,197.7960077284364,576.6295373889114,153.10799072075056,1.1375626663338878,1.0584234752683177,4363.316260298295,2.3323015876668443,64.91473090611412,1454.578458430005,1108015.6533800731,2.2773752023230407,7957.019578150064,3866.790730852055,0.6893179310894553,nan,328.6742980345862,923.089436923004,0.937267309159883,5.025652083262103,6583.290328097124,0.4999617834394905,nan,0.0,0.0,nan,nan,6546.196502100775,0.4999617834394905,nan,1942.007672446527,207.63219287271616,10.264779462499872,2.0525905507840774,6716.935302514855,2.805474443858928,51.49584978983154,857.3908510581921,306.6030807786707,4.113396098283161,2.7454433860259493,6730.6991736596165,4.111122918257856,76.62436939912813,0.0,0.0,nan,nan,3426.0,1.0,26.53754284399528,0.0,0.0,nan,nan,3750.0,9.99923566878981,337.7342754526394,0.0,46.29040833694847,nan,nan,4685.68,1.0,19.403292965701418,524.0499062082483,86.35253783732594,1.9858008662915576,0.7114268410737495,5875.5062721093855,1.7681000192508203,35.18006338541774,-999.0,6.343881091154611,-999.0,0.5842528747362905,0.7087862769093534,,,,,,7.748293488874228,0.17945777111549302,1.031492,1.031492,1.0
4d45m51pt3s-40d51m43pt7s,4.76425,-40.86213888888889,0.37796419222681843,15.702393364967508,1,0,0,nan,nan,8.057744582144903,0.00011913502906983565,8.71472779829846,0.4140424382912588,91.49394530142159,20.509446187642794,0.477,macs0018m40,5475.680593594774,122.35754292790021,8.172168225903583,0.4987927530303374,5006.815077183891,3.272965129317175,81.29682644956041,1506.969107778092,119.70652564512419,2.105380636696942,0.46411353063948746,4958.335539815488,2.93671157198273,73.22108738640989,6501.764719773851,359.5731783551194,7.03593435025655,1.9599201490958102,3726.168727718443,2.254394712341996,73.22030699244716,8997.442597312986,488.8888597590046,9.75316995603027,2.66477920097765,3728.597309083135,2.254394712341996,73.16552165646718,5783.391128763808,164.89779754077225,14.83108263381531,0.8100162760858621,6562.445035468181,3.3405581783996006,63.36396741553384,2579.7543582312755,98.92943738581059,3.691778102056153,0.4061235713700546,4860.883498894331,3.042173711241664,77.53171641538529,495.9296467790757,2533.9836022889253,0.5406937477968558,9.792865851099148,4338.658662452204,0.4999617834394905,nan,756.6292158214357,2894622.931356707,0.7266038949052601,11106.904315077081,4101.695271381319,0.5920204874403647,nan,173.86587103250534,276.7659783083718,0.1723928037180421,1.1814507674891015,3970.161186113504,0.4999617834394905,nan,0.0,0.0,nan,nan,3889.914378254149,4.32417410526919,139.68674657470282,0.0,0.0,nan,nan,3833.02017663354,9.99923566878981,331.09476865566154,191.84688023442385,2.1717654267801948e+43,0.21690966706688813,8.606865247261163e+40,4362.695499797061,0.4999617834394905,nan,1991.418180804391,348.8214004993799,1.9347270070905929,1.5550715630341483,3866.1266904697427,7.964171036203475,261.06512028786403,339.92105733771257,156195569.88338912,0.7524400053098204,660165.421449833,6582.717644599804,0.5444061750618603,nan,0.0,0.0,nan,nan,6547.400629698112,0.4999617834394905,nan,640.632307489114,105.13722603174811,1.7819173439005958,0.5470602095923274,6715.540320620911,1.2491180118707317,19.609916825169737,1005.9800673541408,195.521448561743,2.853724166981278,1.0352849856781452,6730.258028554057,3.304652499311616,61.08749487420072,0.0,0.0,nan,nan,3426.0,1.0,26.53754284399528,1891.778242790294,238.7033575053091,2.0350030026038115,1.26382843836737,3759.602021060608,4.0629776505521855,135.51157606783923,0.0,0.0,nan,nan,4686.082601611142,3.4633239308547763,92.15658086529072,486.81567565690204,99.78806684620595,1.0232955974725602,0.45610565333641995,5874.8766347273195,2.2726163293666817,46.84789681363926,-999.0,11.421058237989612,-999.0,1.501209919467173,1.3891975152873417,,,,,,9.164377777331977,0.05840460022576125,1.031492,1.031492,1.0
4d46m00pt975s-40d52m15pt046s,4.766937499999999,-40.87084611111111,0.3778400679247367,43.4047624887473,1,0,0,nan,nan,8.02467512704819,0.0001263368071532896,9.168612145262832,0.43814639714239856,95.48287061966823,20.45935831978918,0.477,macs0018m40,5538.616114374745,133.63843939229815,14.115724962152413,0.9302956757031476,5006.832982583692,2.8568280158530737,70.4268812700434,858.0948633895193,79.29483436327489,1.859199630808423,0.4767577708270941,4958.460370670045,1.1937397951514894,24.824812195753516,9335.882548470356,510.1329592396092,10.572122961847274,2.9104562199295803,3725.8052112155146,3.090321670094543,102.84491893776564,11714.087456357836,664.8449279660389,13.294326813040133,3.793132791834613,3728.9426528457425,3.090321670094543,102.76796769747077,7646.264083215751,252.36036490395801,28.99147246396917,1.8328685338896793,6562.436540412447,3.175313032974342,60.081707710333035,2993.548047157104,108.73598975902925,7.1218803215456035,0.7420040076203571,4861.219450735866,2.1798943947713454,54.06441644061615,1280.3948535263555,135.21541978788886,2.292922489747223,0.8576000812210565,4340.43265239204,2.450958738634451,68.89481443784378,0.0,0.0,nan,nan,4096.680097435681,0.4999617834394905,nan,0.0,0.0,nan,nan,3968.8315456327605,9.928585792987825,317.591623184951,0.0,0.0,nan,nan,3888.963691032972,1.2428071781990953,33.61676949622414,0.0,0.0,nan,nan,3835.007532162943,4.915453822760409,161.4979125776593,0.0,0.0,nan,nan,4363.86381880417,4.576153137850389,131.9520137347289,6941.110214451957,582.7351126758715,8.728744935272562,3.3547798307911543,3869.833188372615,9.99923566878981,328.2406140748108,67.01107143190244,3851825.0710260756,0.18337744006778453,20123.238903083704,6583.565941907482,0.4999617834394905,nan,0.0,0.0,nan,nan,6548.250720264286,0.4999617834394905,nan,2023.1316308143337,212.48695669343508,9.79491419507006,1.9243214252402516,6716.016546567891,3.3380910277214184,61.86667565684907,785.6633989809417,196.50790877930433,3.2055092943778805,1.4965259896043877,6730.2454042075415,2.228496830818773,40.01747228868245,0.0,0.0,nan,nan,3426.0,1.0,26.53754284399528,803.7800909340128,252.20259159148412,0.8588049013376235,1.3266130761288675,3759.2555980022953,4.020654427282276,134.05656270474574,367.23382723355616,1521459277.2918062,0.7006858570663355,8877400.416395854,4686.251653344036,0.4999617834394905,nan,0.0,0.0,nan,nan,5874.878041034878,4.435040293315632,94.89183652122325,-999.0,3.887473022303528,-999.0,0.3824081341024055,0.5923344967035601,,,,,,7.897645993331356,0.153748853672638,1.031492,1.031492,1.0
4d46m27pt795s-20d26m26pt867s,4.774387499999999,-20.440796388888888,0.5131712253533531,31.408211814114154,0,0,0,nan,nan,7.438446006119163,0.0021295946244732217,4.557369789891967,0.3273051834917949,83.32842391108989,19.245254600645,0.277,s26,4274.860986212673,246.33269620556825,6.931713477447981,1.0910018337369625,5006.8534365186715,2.506463349201559,61.19655620063798,2546.277846885419,207.61791982744197,4.731986442425376,1.070637684477614,4958.614426823945,3.818527599125131,96.37181055565134,6375.39869894415,409.3849512438429,9.125274307548619,2.9520289636476615,3725.8734232360785,2.41257266390175,78.88617249109915,11470.58964456498,685.5759381055948,16.448362302273335,4.943611190197775,3728.506717378313,2.41257266390175,78.82714780735195,0.0,0.0,nan,nan,6562.8,1.0,13.853480493619768,5412.579692637133,339.7223689760116,8.930380037871231,1.60785406160337,4861.006049656236,3.3047973007935756,84.58339486444399,2217.049508028718,152.12594031374147,3.1902492737363044,0.7751745369832956,4340.757359369698,2.2662006187709616,63.219517483913904,324.7626083683104,585.5491279104847,0.5351369371761907,3.854972651049588,4101.811151739337,0.4999617834394905,nan,0.0,0.0,nan,nan,3966.525331450568,9.99923566878981,319.8627926142355,0.0,0.0,nan,nan,3887.9795739607107,5.510775758537805,178.93645003846103,1470.121162299686,8957.646513814498,1.9034336127238933,54.280037851812864,3835.3427606576197,0.4999617834394905,nan,700.3806442912463,2189570.882348551,1.021332863429872,11189.162380211772,4363.205608843607,0.5561967671581798,nan,3179.5081816476177,246.58933772247497,4.374589909796623,1.5533970764133955,3869.6119472747946,2.0507451063881277,63.431384167981975,0.0,0.0,nan,nan,6583.45,1.0,13.810026928666252,0.0,0.0,nan,nan,6548.05,1.0,13.88468655302385,0.0,0.0,nan,nan,6716.44,1.0,13.536579167464883,0.0,0.0,nan,nan,6730.82,1.0,13.507659064352907,839.5831076283465,0.0,1.1511549954789375,0.0,3428.4856736853408,0.4999617834394905,nan,0.0,0.0,nan,nan,3760.3558170012325,6.880296086506845,231.751663225176,0.0,0.0,nan,nan,4685.460802350074,6.166410633564626,166.4586489127415,0.0,0.0,nan,nan,5875.419652444715,4.263327766728461,91.122083741886,-999.0,5.717714948819649,11.957338140038782,3.9808359849403328,3.579716872073047,,,,,,9.541573245858137,0.09672235264844688,1.031492,1.031492,1.0
4d46m46pt155s-20d26m28pt315s,4.779487499999999,-20.441198611111112,0.5150508332597763,13.019807424077172,0,0,1,nan,nan,8.08402187898736,0.0027925479678793694,9.545473874044173,2.373414591545517,79.15971508042843,17.130894387511514,0.277,s26,2926.0003666772986,152.30005362815166,15.035926134165331,2.1380272519872636,5006.336421480028,1.4734982720003231,32.96921367801262,1468.3506806834523,161.3810419325051,10.28502497737141,3.1370798218046656,4958.214910952792,2.372809647268556,58.20601188778753,2747.2377074036995,190.49612544024038,6.948568838445007,2.427335245409071,3725.8921137316856,2.0808017735657387,66.95257977072757,2524.6260744812057,177.19531215742455,6.3972960451717515,2.257853935490712,3728.5317769600274,2.0808017735657387,66.90248411109252,0.0,0.0,nan,nan,6562.8,1.0,13.853480493619768,1012.6490268366664,249.2266882858516,5.439405300094738,3.8404013270804516,4860.7900165057035,1.7267439469463688,41.33813972724131,0.0,52.76479810516163,nan,nan,4340.46,1.0,20.94654063936261,1643.612487022144,638.6895535896476,6.879943908208897,10.70203958404861,4098.290501991626,9.99923566878981,309.59640827210086,0.0,0.0,nan,nan,3968.6715978010384,2.5257074292961703,77.82010265323417,0.0,0.0,nan,nan,3888.668893508406,4.609361743565814,149.13941076933546,0.0,0.0,nan,nan,3836.903899340719,7.4333572046074705,245.64224921511834,0.0,0.0,nan,nan,4365.851021223246,7.830419629037013,227.56192832641642,1074.8254572436306,155.02007252182514,4.416804694488487,2.918130754564686,3868.8272620047032,3.461393833140588,111.5516240606689,0.0,0.0,nan,nan,6583.45,1.0,13.810026928666252,0.0,0.0,nan,nan,6548.05,1.0,13.88468655302385,0.0,0.0,nan,nan,6716.44,1.0,13.536579167464883,0.0,0.0,nan,nan,6730.82,1.0,13.507659064352907,1654.0768237927866,169.7768118309846,6.383630670739141,4.165234994764656,3427.5252060468583,3.7723641442234004,137.74649052749555,0.0,0.0,nan,nan,3760.326069625863,1.4349409923775145,42.41254248961816,400.0891041701849,90.2350294014521,2.033447156468111,1.40278289684938,4685.686155998017,2.962173630021782,78.20288703579348,0.0,0.0,nan,nan,5875.294172968364,3.9890841168760334,85.09240147872067,-999.0,2.5445992260100248,5.368911763416969,1.1638775619876365,0.8797395016251577,,,,,,9.220230646638385,0.10084500896372664,1.031492,1.031492,1.0
4d46m49pt32s-20d26m10pt793s,4.780366666666666,-20.43633138888889,0.5146305310924817,20.01326461025499,0,0,1,nan,nan,7.889470587011802,0.00434191187727728,6.1441793177349355,0.3830297569124975,60.854066843105,11.1238976070056,0.277,s26,4097.05552944936,220.48755577622654,17.247309736504317,2.5352507389793555,5006.8355598667395,3.396108801623219,84.49941743322621,1502.4292855391996,205.1938955838547,5.793954390534172,2.1950376273392913,4959.611734177363,4.465059708271242,113.21405861783863,6391.811340440429,222.8618887620871,27.125471841801176,4.764925601594532,3725.818052861497,2.638326137246477,86.91494086308775,8694.346585222045,307.8749508279061,36.9663497058591,6.582557670305051,3728.5104208688895,2.638326137246477,86.84990884625455,0.0,0.0,nan,nan,6562.8,1.0,13.853480493619768,3366.7055713922164,194.4750708722068,12.915372865501803,2.1395599727283576,4861.653553327146,4.341556661993429,112.21056212785362,1536.0963264615689,110.79091885610755,4.906120991127437,1.2529199402015192,4340.991284133932,3.1650650613666302,90.5356904922133,722.8903219007851,84.29788227293032,1.7047236790676878,0.7942124870656447,4101.8983634729,1.0474503432453501,24.184922718924252,0.0,0.0,nan,nan,3968.9804250265556,0.4999617834394905,nan,918.500812612354,92.94489768299533,1.9116750800352293,0.8754915701037729,3888.055631702345,1.1208180135722898,28.654891415654685,0.0,0.0,nan,nan,3835.346622612941,4.6773397979812055,153.50849125586163,0.0,0.0,nan,nan,4365.371604730848,5.415238714065532,156.68066728196044,0.0,0.0,nan,nan,3868.2346877818663,3.1822948507029234,102.15585280756478,0.0,0.0,nan,nan,6583.45,1.0,13.810026928666252,0.0,0.0,nan,nan,6548.05,1.0,13.88468655302385,0.0,0.0,nan,nan,6716.44,1.0,13.536579167464883,0.0,0.0,nan,nan,6730.82,1.0,13.507659064352907,107.18380191973685,247.06361187134831,0.2040382732016425,2.9846045297732515,3429.523856655568,0.4999617834394905,nan,340.6651094210561,77.46323320782075,0.840992703847246,0.9418329530347375,3758.6612896413194,0.4999617834394905,nan,263.9149182480684,75.46338665267356,0.8447923837576918,0.7390233681518782,4685.106630352892,1.422778378580756,33.65466384085641,0.0,0.0,nan,nan,5875.607973322285,3.550693055096055,75.42483695367605,-999.0,3.657442798441917,6.435148791546798,0.6551163473200182,0.6331424015249193,,,,,,8.443859440747616,0.07394578441005265,1.031492,1.031492,1.0
4d46m59pt15152699s-20d26m28pt35221793s,4.78309764638728,-20.441208949424723,0.27149637244901204,,,,,,,,,,,,,0.272,s26,3878.4155004056297,226.90532703437881,0.848349830599704,0.1355621368644559,5006.937125842003,4.796301927310334,120.65089183326764,820.9818271421497,198.9754456927733,0.17027423466911698,0.11447219644649018,4959.69074187338,1.7643526346645941,41.57870405219397,0.0,0.0,nan,nan,3716.03,0.4999617834394905,nan,0.0,157.9531665145112,nan,nan,3728.82,1.0,24.382410999599827,0.0,0.0,nan,nan,6562.84826784445,3.781091802911689,72.08054296357793,7682.974035299691,191.6700728262646,1.5782267412570392,0.11290376155709216,4861.948203170066,4.104525510689504,105.91596416717123,5016.567564622175,305.04664310257095,1.0338334711976522,0.2226494008443963,4340.441393551623,6.503834580700564,189.65600553704215,231.63308995829868,1475.8451669316378,0.04904861384063228,1.2485681878642283,4101.8692792736865,0.4999617834394905,nan,0.0,0.0,nan,nan,3969.467054388205,0.4999617834394905,nan,0.0,0.0,nan,nan,3891.8224392431507,0.4999617834394905,nan,0.0,0.0,nan,nan,3834.9349532027945,3.0281273336235817,97.79148665901822,208.95436000569325,312.13122545738196,0.042066057824564525,0.219871176160815,4366.466661733028,0.4999617834394905,nan,2736.6548275553373,196.30056074506243,0.8636408973851905,0.28391199784043697,3868.0913305838803,2.6614185495953944,84.49650540364621,42546.01600863068,1501.0386415110993,9.87846382761091,0.6652897316579404,6584.200157474804,5.90826876931857,113.44881926569252,9954.296173529963,1324.9300549221084,2.3142749605314137,0.5913540382954533,6548.598179440638,4.84738208376828,93.25713203623589,7687.624959858771,663.3601290413029,2.043488124719482,0.3297852300713645,6717.043424706805,5.828601096850349,109.68149635113616,3937.467665721814,824.3288888597937,1.0383287774141987,0.4056803630424577,6731.450749822945,4.422823777789631,82.60112270885114,0.0,0.0,nan,nan,3426.0,1.0,26.53754284399528,0.0,0.0,nan,nan,3759.704486143268,5.278604790342035,177.15019553057854,442.94611592450417,260.59574031458544,0.08783606794927955,0.15794985615843654,4687.54046893707,0.4999617834394905,nan,7493.196179882892,1692.5953332638999,2.0321732864340616,0.9987345290587509,5872.141732470911,9.99923566878981,216.12712798001303,nan,80.28723989271671,187.76467150931927,30.57428148808793,28.23573889590311,28.48338661587856,2.3699627724724515,4.558547379995762,392.0325543002358,8.000053587096707,9.502393732712347,0.49216298374814743,1.031492,1.031492,1.0
4d47m02pt7s-20d26m48pt328s,4.784083333333332,-20.446757777777776,0.26599458081431204,20.422617642207744,0,1,0,9.311801189428273,0.10804998605060184,nan,nan,nan,nan,79.47577641435937,19.79408813393854,0.277,s26,3243.8132845951127,124.6813335255335,11.496645976697025,1.2069809808666978,5006.861530196398,2.31050780612472,55.98872293514784,1738.997200350715,187.9937786403842,6.131769026638548,1.838835626739407,4959.500315524223,2.753453108880646,68.36690653915541,0.0,0.0,nan,nan,3726.03,1.0,24.400668213494743,0.0,0.0,nan,nan,3728.82,1.0,24.382410999599827,3665.954633744535,270.88434607299905,29.858240443160003,4.225781901496432,6563.059574533806,2.3181927523702153,42.87088227318484,0.0,69.09424760633598,nan,nan,4861.33,1.0,18.702211490174054,0.0,0.0,nan,nan,4341.768118794041,3.5091863085312007,100.85944329636861,0.0,68.12955968297261,nan,nan,4101.73,1.0,22.16567686891332,0.0,0.0,nan,nan,3970.6895659399684,9.99923566878981,319.8627926142355,0.0,0.0,nan,nan,3888.222375567056,5.967015016407808,193.98418761538477,0.0,0.0,nan,nan,3834.195613098423,5.7583721030408865,189.722672481639,802.0848707282004,114.41118927233035,1.9824278643220175,0.9904247198886247,4364.348006830084,1.5235284928133421,39.48367125601732,3996.100665512428,1384.4407772889099,10.55386228026229,16.85687846772872,3858.75,9.99923566878981,328.2406140748108,296.5018709243844,353.55740816279445,1.3473621957845214,3.0675015313949974,6583.042628961708,1.938943158617703,34.96633758974671,0.0,150.81979353095915,nan,nan,6548.05,1.0,13.88468655302385,0.0,0.0,nan,nan,6716.836277200594,1.084538701717732,15.702067966104128,1124.4478628120232,196.77273630148548,6.016318531690267,1.9648990273695803,6731.169342585603,3.4332195902915315,63.573555989756464,0.0,0.0,nan,nan,3426.0,1.0,26.53754284399528,0.0,0.0,nan,nan,3755.6155312526757,3.323089552683171,109.99211241336882,91.40397593255868,332.43615563123103,0.267293194871921,2.9752814333018365,4684.141217782449,0.4999617834394905,nan,222.14795235550386,116.44965773638302,1.1012932502485766,1.2555428897069303,5873.985748341553,2.623321334113246,54.779917101785045,-999.0,5.522679799109658,6.183336242964266,0.26195210838116595,0.0645283210489136,,,,,,7.345133317498756,0.10745950430861227,1.031492,1.031492,1.0
4d47m23pt715s-20d26m37pt477s,4.7899208333333325,-20.44374361111111,0.14183738180752403,26.23130331035466,0,0,0,nan,nan,nan,nan,1.0780461420448684,0.06054963428936986,30.290696136750597,4.220498463518177,0.277,s26,4333.953456021176,151.57804438840932,7.577820324815867,0.7239096699053369,5006.830605347121,2.648530832658547,64.9501349783117,412.6731260408043,118.3538793320896,0.6169987907438489,0.4909171458919333,4959.256667742897,1.4907262201062503,33.78966419581318,0.0,0.0,nan,nan,3726.03,1.0,24.400668213494743,0.0,0.0,nan,nan,3728.82,1.0,24.382410999599827,9612.298201380901,255.84165642743744,21.916356335748457,1.1173611433905457,6562.552054760364,2.533760412182204,47.23881840040224,4402.990184685828,171.27229093536565,7.082908557605634,0.7902875324779843,4861.156075911301,2.648771461614555,66.90076536679327,1166.319852346652,11437024.304340973,1.5699635505367249,54523.321839391014,4340.510097495773,0.6675523448712118,nan,0.0,0.0,nan,nan,4101.73,1.0,22.16567686891332,0.0,0.0,nan,nan,3970.08,1.0,22.900702702093618,0.0,0.0,nan,nan,3889.06,1.0,23.37778840736009,0.0,0.0,nan,nan,3835.4,1.0,23.704860453545347,0.0,0.0,nan,nan,4363.843178375047,2.3086155600176554,64.18984754847504,0.0,0.0,nan,nan,3868.75,1.0,23.500516131444996,1063.7034887465613,819.3199210063054,1.7618061082795822,2.591013079767883,6582.887793299622,1.850075224799543,33.1168527676854,0.0,0.0,nan,nan,6547.778351878923,0.4999617834394905,nan,1933.4449500226044,209.0239618543366,5.151714266662374,1.041762797618849,6716.262428936383,2.2966306438844075,41.46127735222906,1388.0912878697557,272.3988134344374,3.5488332562575904,1.299791818390111,6730.903874733364,2.0366234934598473,36.174877825899536,0.0,0.0,nan,nan,3426.0,1.0,26.53754284399528,0.0,0.0,nan,nan,3760.0,1.0,24.18021855944889,509.0606439703251,2533839.9782885546,0.7129678984891021,10851.62239494703,4686.430151369071,0.7077682295011511,2.841299119506309,339.5693623306046,3723052.3535664887,0.7648757750423142,18233.415678134545,5875.3505834514835,0.6706764440815224,nan,-999.0,9.783597552065688,14.9713190107183,4.791551219160798,1.1357614950323038,,,,,,8.44479776423224,0.10639621632978788,1.031492,1.031492,1.0
4d47m28pt35s-20d26m36pt271s,4.791208333333333,-20.44340861111111,0.8005962919393037,30.268186539002446,0,0,0,9.998615991398136,0.059452314133377496,8.0299786945713,0.0029710971211074854,7.082574152946056,0.6060962246316962,78.37184354773039,20.275181846741635,0.277,s26,5398.320931760925,151.52585978788974,165.14507837870508,12.661268271159413,5006.862668513999,2.3929064683355787,58.18340606606398,1343.1308808891586,128.8825666672451,18.70968690956911,4.981543628344167,4958.742381982832,2.091266019877463,50.592070796457925,4675.63540846546,137.46095833578732,138.80196495756832,20.556091119263314,3726.0183294946883,2.5683186024355877,84.4314588984429,7584.0940872947385,210.69501884307607,225.5843458343318,31.50760811032117,3728.8233660836086,2.5683186024355877,84.36828508733733,0.0,0.0,nan,nan,6562.8,1.0,13.853480493619768,2682.8072531378416,225.07311148472007,44.56061967619719,10.72133836471759,4861.621064837754,3.234501714531495,82.69876803235341,1101.6699040076674,206.79598543777743,9.419743915529034,6.2603506316142905,4341.140612319145,2.470239594775508,69.48471630424015,1893.1051477756414,281.46044148529376,57.90490492680005,34.368890343129884,4103.300630038254,6.2935179486919965,194.12714821106252,0.0,0.0,nan,nan,3968.9131915141675,2.040555338054451,61.46464559522143,0.0,0.0,nan,nan,3890.2075448665923,9.99923566878981,326.52642944617054,399.5928925767623,129354.76041962381,4.444402668478847,6727.327008172573,3836.754922426545,0.4999617834394905,nan,0.0,101.93039525031051,nan,nan,4363.21,1.0,20.83732430562082,1142.8020801203002,199.5935296581057,10.31354635483814,8.24133994806669,3870.76341458362,5.50376807999001,179.64333357600475,0.0,0.0,nan,nan,6583.45,1.0,13.810026928666252,0.0,0.0,nan,nan,6548.05,1.0,13.88468655302385,0.0,0.0,nan,nan,6716.44,1.0,13.536579167464883,0.0,0.0,nan,nan,6730.82,1.0,13.507659064352907,184.8614353549818,188.322160245844,1.8153836399929981,11.810776772674929,3422.219646069772,0.4999617834394905,nan,0.0,0.0,nan,nan,3757.190206135266,0.4999617834394905,nan,1325.7653482221383,1640.618328157496,29.118373952354435,110.02723120367168,4690.169100411236,9.99923566878981,271.0131455203778,0.0,0.0,nan,nan,5875.62,1.0,15.473706908126772,-999.0,2.1443638178795434,4.531134809282536,0.470872428016474,0.14977579148008,,,,,,8.56090706371418,0.05822356149204435,1.031492,1.031492,1.0
51d42m11pt67972359s-0d44m11pt90717545s,51.70324436766274,-0.7366408820690522,0.3254948479519506,,,,,,,,,,,,,0.25,macs0326m00,5665.6367279399965,196.05539697917092,2.793046178314256,0.2639849289944672,5006.952307652673,4.098521633492029,102.68287352690034,1839.6482975802699,206.54118250478254,0.8496650974609679,0.26469679682538094,4958.6904410289635,3.8215075069334374,96.44963147572619,17681.087770923663,775.0348731447925,8.126408807111446,1.7941174090583083,3726.2367273214545,2.871838247748972,95.16478306033449,18158.602798043044,946.2150280581658,8.361567159620902,2.19037996014742,3728.9275791953414,2.871838247748972,95.09357829723561,51080.627333105724,2234.669378227441,23.479233467434923,1.9676246544176077,6562.261872268804,4.338121516159718,83.05135624411027,15414.815133441532,264.0973794334913,7.833370278454606,0.3849785731044462,4860.971180538942,3.6460833440777667,93.70859261825474,4939.509156607085,241.38950116005964,2.1358049345426675,0.36971443715771624,4340.152372706738,2.8085949240275454,79.77933544438926,417.1736343238206,416.7413815462997,0.16293534555540792,0.650663807679472,4100.826717619395,0.4999617834394905,nan,0.0,0.0,nan,nan,3970.0639537587,0.4999617834394905,nan,0.0,0.0,nan,nan,3888.616762261693,4.9062365657332485,158.96477238862954,0.0,0.0,nan,nan,3835.4589032054864,1.961639922614579,60.826759105614094,1350.517506851302,228.63083001320274,0.5406719143755085,0.32080974291355585,4362.838566069328,1.6865903761324268,44.77279873247705,5421.65833770406,780.7605562927388,2.18998783122151,1.4463085675344005,3867.0578177267766,9.99923566878981,328.2406140748108,11908.261367722107,4397.162561593466,4.277843922438677,3.0158463075419797,6583.156478848885,3.243525656298573,61.244886486904235,0.0,0.0,nan,nan,6547.3901749843835,0.4999617834394905,nan,7018.485935290796,480.55959569335084,4.444238629286673,0.5692360129357797,6715.673990194879,3.8029651850810517,70.85354523543234,1993.4850192189176,482.81622549071665,1.1846760978796194,0.5354759486831656,6731.359918233363,1.5885094191236486,26.971330610729744,0.0,0.0,nan,nan,3426.0,1.0,26.53754284399528,0.0,0.0,nan,nan,3758.584542584991,2.1436830005567957,68.60434878316045,0.0,0.0,nan,nan,4685.2527536340085,0.4999617834394905,nan,2672.644839802264,334.50994033875696,1.6647578080043952,0.4531065128954135,5874.539481176489,7.437060476576272,160.42729960754247,nan,16.86349362514026,nan,3.909553823476311,5.180235634255961,11.805248778902655,0.6467753863514848,1.176791216821421,127.46973235896218,1.8366575384666743,8.88653743818736,0.14042325577411863,1.031492,1.031492,1.0
61d04m21pt74797642s-27d02m38pt88862205s,61.072707771228536,-27.044135728346195,0.303106956102156,,,,,,,,,,,,,nan,macs0404m27,4639.478774776692,240.84041479204112,3.126748544835743,0.44334555181821644,5006.822002833528,2.1813936794053026,52.533436217685946,2765.9583982783897,213.2557694779449,1.7980086998422875,0.38438956546264647,4960.806817654945,3.3789322568218605,84.86543950431175,18605.837211651175,1250.9105962118904,12.761814783159544,4.324197052252061,3725.3270704236456,2.71630289960814,89.67527222944108,27100.066831079283,1706.350164262008,18.62894921492527,5.898578501737901,3728.4757223597267,2.71630289960814,89.60817486096522,22695.556161873912,664.8098595003687,20.43157493470811,1.146530437564833,6561.888870737467,3.1368707236233373,59.3169262285073,7392.745940905582,348.17572532511844,4.872530055543837,0.6583082442628195,4860.839716502801,2.567077324290874,64.67980988163558,317.86432988626956,1465.4547424791292,0.1464181191717118,2.389911032021078,4341.202730428653,0.4999617834394905,nan,0.0,0.0,nan,nan,4101.6236045021105,4.024864168353687,123.02051123410095,0.0,0.0,nan,nan,3967.5324509573047,9.99923566878981,319.8627926142355,238.00739133195754,1.674503989482162e+123,0.08517247838988168,2.711155303805708e+120,3888.5437589523276,0.4999617834394905,nan,0.0,0.0,nan,nan,3835.632691672702,2.6667290951958442,85.413923638783,3029.630303990786,466.58656875275443,1.3716547866001922,0.740334588177494,4363.030339544758,4.003404397454019,115.01219570771268,2677.866773996111,432.6769207504224,0.9416126942511917,0.6967077660700769,3869.347174181295,1.8358963037803178,55.85054315626374,3979.1038006508184,1985.519610917474,2.816707266631034,2.6836520552648704,6582.6400808020235,2.575616474571522,47.93226813347278,0.0,0.0,nan,nan,6544.651546607579,0.4999617834394905,nan,3834.436904903795,569.6417669561922,3.5218151954113,0.9787281682538395,6715.610849742516,3.3580441463049038,62.25343473956314,1499.69706474876,499.76687445967127,1.3256599698084135,0.824548690320501,6730.607437134145,2.0628946957460386,36.703570936240176,0.0,0.0,nan,nan,3426.0,1.0,26.53754284399528,8310.42720945011,855.7260061160149,3.8704381254846565,1.9669953864549126,3755.5689654625726,5.136309335711821,172.2880659057494,0.0,0.0,nan,nan,4684.870950189604,3.872021524534359,103.46954730563306,950.9822291049167,196.2347234883469,0.8949762957069975,0.40169073205828626,5873.508444218076,1.4383819206407094,27.22653929409056,nan,nan,nan,1.537854202700431,1.094835024529191,12.564202859794749,0.4521044894815998,0.7511633076383895,69.83411109572543,0.9621746427739463,8.39541003128725,0.06636733933065346,1.031492,1.031492,1.0
61d05m07pt33321354s-27d02m53pt08840245s,61.08537033709344,-27.048080111791975,0.30867044709139013,,,,,,,,,,,,,nan,macs0404m27,0.0,121.25937829745024,nan,nan,5006.84,1.0,18.158683277981286,0.0,0.0,nan,nan,4962.928726726127,4.6365167646849965,117.6689137556338,2227.3703382382396,710.8089708616533,42.1129932472789,67.67543531972265,3726.5184233275004,2.2291237040339897,72.31140479355888,6698.7082315542475,1691.262376847741,127.03841243754069,161.02345677249025,3730.878030901864,2.2291237040339897,72.25729952181767,7550.034027727089,411.7264220157466,9.813582512706722,1.0245314944745367,6566.067499669679,4.727034687868703,90.6875759460657,0.0,0.0,nan,nan,4862.489567267639,5.153233118689344,133.70372333853228,545.8502169360692,359.60554213944266,0.9529891500850245,2.2241102498382608,4339.930432094022,2.4222329175779986,68.01517386925501,0.0,0.0,nan,nan,4101.8128140664185,3.502606027763049,106.52125515932144,0.0,0.0,nan,nan,3971.934690974321,2.79495562317828,86.77047352531031,0.0,0.0,nan,nan,3893.2430670053127,2.6340684888472365,83.1268872857246,0.0,0.0,nan,nan,3834.887361000956,4.57359361847793,150.02466766216912,2324.4611544507234,433.8860211722184,4.899152080413942,3.200798731352827,4365.801800633137,4.039189600614352,116.07252832547691,0.0,108.56593039212106,nan,nan,3868.75,1.0,23.500516131444996,0.0,0.0,nan,nan,6583.085008986093,3.7850044809090835,71.93144381719436,0.0,0.0,nan,nan,6546.662000574506,8.471398546296966,164.141487935878,1992.1008201764987,449.2901468968449,2.7299263247800023,1.1508624742018496,6720.80521096342,4.859328357294344,91.14788716216614,0.0,0.0,nan,nan,6730.080189920308,7.390335033370776,139.1560809013154,0.0,0.0,nan,nan,3426.0,1.0,26.53754284399528,7754.838991356479,2114.7073445516075,18.170756645504262,24.216669738894645,3770.0,9.99923566878981,337.7342754526394,0.0,0.0,nan,nan,4685.526443083092,3.6824560645330098,98.22819546130881,608.1329414717594,12172058.402583208,0.8707169045497256,37882.54661641857,5876.538712563599,0.5906518582122463,nan,nan,nan,nan,3.043202555221584,1.348184728126478,0.6402375264650118,0.1558245999709396,0.3035758740865114,27.11554364133164,0.7129970040695319,9.009266349312751,0.15279421438754454,1.031492,1.031492,1.0
61d29m15pt98421158s-49d16m19pt74235927s,61.48777339210681,-49.27215065535313,0.668032804379477,,,,,,,,,,,,,nan,macs0406m49,4241.983069614656,117.35296907209236,4.731904861704845,0.3575589892307785,5006.841094945211,0.8511298191247821,12.311144263171316,43.499218700785256,162.5564906616044,0.04841270631204697,0.5020169123696774,4958.641256108477,0.4999617834394905,nan,441.5631182988686,94.40360281110748,0.29380640422520465,0.31641074580126544,3726.0578869007004,0.9419280000000001,21.534597245939114,218.04350264602985,74.21754915050451,0.14527908453048383,0.2487535367187298,3728.0086379610484,0.9419280000000001,21.51848450080361,0.0,0.0,nan,nan,6562.8,1.0,13.853480493619768,392.85634941147913,1349427.9579317211,0.46380876618745615,4568.8282381784775,4861.711388481445,0.502348580897464,nan,129.7903872657483,1078.8813064193982,0.11363977573530204,3.345207474696287,4340.685901112651,0.4999617834394905,nan,0.0,0.0,nan,nan,4098.856185880375,4.402427002751747,134.90484964076902,0.0,0.0,nan,nan,3969.948800839691,5.267370314307061,167.4126719408264,538.0684873127204,195716.08988698447,0.39912132488673435,658.8359828119808,3883.6736513989504,0.5058683594986957,nan,0.0,0.0,nan,nan,3835.090256667184,5.213798397690004,171.497049095556,124.28966530554663,130.75906107344636,0.10903227257446499,0.40217099891000924,4362.143456698256,0.4999617834394905,nan,648.4729881372994,1125544.4983155956,0.468877193232797,3729.8056472087574,3868.0648567037824,0.5001797060980544,nan,0.0,0.0,nan,nan,6583.45,1.0,13.810026928666252,0.0,0.0,nan,nan,6548.05,1.0,13.88468655302385,0.0,0.0,nan,nan,6716.44,1.0,13.536579167464883,0.0,0.0,nan,nan,6730.82,1.0,13.507659064352907,0.0,0.0,nan,nan,3425.676899672603,4.806333217702129,176.69894604649687,0.0,0.0,nan,nan,3756.417795217412,4.383491033384989,146.51631031949873,927.6679545459572,331.05677836189193,0.8913534743560816,0.9733522325382025,4684.661421165328,7.867304950068215,212.90722885932738,0.0,0.0,nan,nan,5875.62,1.0,15.473706908126772,nan,1.551440405164975,nan,1.5090889061349642,1.5702963327702129,3.5307034143940372,0.42757106845795784,0.8553293887565362,88.89847231664656,1.5296575083081256,9.060541783373282,0.3634988777969681,1.031492,1.031492,1.0
69d17m05pt57736722s0d44m07pt40274998s,69.28488260200629,0.7353896527733936,0.2847550713737754,,,,,,,,,,,,,0.2842,rxj0437p00,17611.539366998724,158.06104108124023,7.699482724336723,0.18874523590593315,5006.838360481312,2.914175937540558,71.92998573652002,5729.456497345481,147.34381818520788,2.434264577516911,0.17369020845520242,4958.968327790333,2.687249107063626,66.60801270148582,45320.4184576521,450.1906591660456,15.258037563089973,0.7634958145114795,3726.020897100923,2.8993341373927644,96.13318295565381,63477.205633080215,660.2195622126275,21.41210197542176,1.1196919841511472,3728.781236742585,2.8993341373927644,96.0612536105939,48845.380032374655,2086.312968390572,25.692116467835003,2.101740739393214,6563.38816532185,1.9629462544241445,35.57520773448358,25580.62130855381,204.98494817715027,11.566289583958403,0.2658388943304518,4861.291529221461,2.6121560655187586,65.905997804388,610.7170621111578,440.8925683142062,0.20814673412932408,0.5319699068192794,4341.357705007689,0.4999617834394905,nan,1061.9205001836187,249.24375519510977,0.30772611310163434,0.2885961773975674,4101.663405832922,0.4999617834394905,nan,0.0,0.0,nan,nan,3970.2851417749307,0.4999617834394905,nan,0.0,0.0,nan,nan,3888.698033911435,9.423801425375798,307.6401611668616,0.0,0.0,nan,nan,3835.545118445724,0.4999617834394905,nan,4538.017478423087,1322.227725984114,1.558534627738496,1.5888155594445652,4366.635055802931,9.99923566878981,291.0428046557292,8607.238886866835,889.737524606621,2.2071364769270727,1.0461700815992006,3867.2701987355204,9.99923566878981,328.2406140748108,14826.93696426858,5537.778204871372,6.12714916326162,4.3690233606430695,6583.423053843266,2.4939695954218655,46.28948673772998,1412.441713736117,8508.709041497728,0.5448935161480893,6.302315811434998,6547.949667368552,0.4999617834394905,nan,15355.787416260651,1238.1341034203906,10.327880203734418,1.557573085479194,6716.433706355937,3.2058342822246084,59.300303928591276,10180.592636687581,1611.5111318921327,6.554857604196716,1.9365508840189014,6730.836310336601,2.9836131609896874,54.85841796075009,0.0,0.0,nan,nan,3426.0,1.0,26.53754284399528,2511.005986748935,333.4015966890261,0.7441813331184206,0.4848237831915244,3764.1624076033672,2.6668726123479822,87.13178134620294,1421.5465926587096,110.41759034696693,0.5199253669639238,0.1235719475908675,4684.71186213791,2.471860001619526,64.4112993817197,3779.0422908351047,280.13628707788394,2.420360652307612,0.3900825455855061,5875.541702736576,3.715832026357735,79.07134484593327,nan,nan,42.71949668546753,4.133558877869768,4.793508156533164,28.05517549449584,1.094885315705857,1.813003781869086,159.4222403354719,2.373651093985199,8.88187446679238,0.03551960847890623,1.031492,1.031492,1.0
69d45m31pt06867267s5d20m40pt04426147s,69.75863018685399,5.344456739297194,0.20769624341089954,,,,,,,,,,,,,0.208,rxj0439p05,1415.6517224717306,111.75455574973367,1.1779234728390997,0.25400203293120593,5006.66468366024,3.57385797859106,89.1131837500652,687.7735087557488,114.31193346783232,0.5449845787995622,0.25123240429602833,4959.967625712035,3.481218942695033,87.54791278320864,0.0,0.0,nan,nan,3726.03,1.0,24.400668213494743,0.0,0.0,nan,nan,3728.82,1.0,24.382410999599827,7178.034485100579,1355.7167751768188,4.246694560613322,1.5362283038185003,6563.128009891284,3.1768216550342636,60.11171087622599,3872.1313135995765,210.93177175256025,3.34486180954821,0.5225464585659596,4861.679356426753,3.3701792837708497,86.33459511022234,3517.960586614524,284.16966702367984,3.45110505935678,0.9873260179917199,4340.420312277001,7.155456994631356,208.87018165413926,347.9275473250166,1.1510665317830426e+24,0.3383411979585412,4.4731138844080855e+21,4101.453715423859,0.4999617834394905,nan,0.0,0.0,nan,nan,3975.302134577202,5.626092580838277,179.01226073110453,0.0,0.0,nan,nan,3889.06,1.0,23.37778840736009,0.0,0.0,nan,nan,3835.4,1.0,23.704860453545347,907.8999568135188,5261190.543381531,0.8957719220298066,18192.902214579946,4362.941353543663,0.663486772642498,nan,0.0,0.0,nan,nan,3868.75,1.0,23.500516131444996,13923.488501134747,1096.2547049616699,9.424668915299513,1.4165495552388034,6583.998788044354,4.008663433285199,76.32811861243955,2185.425161039884,855.1860347485188,1.5196229774055898,1.1417166891293942,6547.914460042155,2.2960126988879037,42.514882989158494,3052.9780724982147,244.78295688629566,2.7210983770687776,0.4080552035988175,6716.808987883584,4.479643156366501,83.8685547990363,1608.396473546328,363.63532018103103,1.4438117892897575,0.609197584905094,6731.310868154272,3.8520304503389844,71.64613777096535,0.0,0.0,nan,nan,3426.0,1.0,26.53754284399528,0.0,0.0,nan,nan,3760.0,1.0,24.18021855944889,577.1548892296053,21502021.49313705,0.44797126643700186,51046.96044787536,4685.7240097414615,0.6125735753427993,nan,1521.621880886934,244.13916859357263,1.3707191540637145,0.4782242049675725,5874.854338803367,7.015044666375504,151.24001583859436,nan,15.152514404990729,41.31352407691107,9.367456694521026,8.101051411859165,12.606316278005389,0.8876149791870392,1.7028820247654082,163.56340319693123,3.278308979895031,9.264575048626183,0.18008052460079835,1.031492,1.031492,1.0
69d45m31pt269462s5d20m46pt44426403s,69.75868596166585,5.3462345177849375,0.20780195603706564,,,,,,,,,,,,,0.208,rxj0439p05,1190.8853766358288,116.02129488688193,0.6398574574892126,0.17028309010299675,5006.59884867243,3.294620582415077,81.86041893164979,1119.264031142321,169.8724286690178,0.5759175534206049,0.24229041493660397,4961.774627490594,4.080737324843686,103.21193209282313,0.0,0.0,nan,nan,3726.03,1.0,24.400668213494743,0.0,0.0,nan,nan,3728.82,1.0,24.382410999599827,8842.034663486256,1797.33665083108,3.6682434755656614,1.4283531254518433,6562.2772837861785,3.468988790116606,65.90976633218806,6118.48048012404,408.2242876285283,3.4317248243282936,0.6567603994276783,4861.12219720546,4.33680384486877,112.08444184305128,0.0,72.78397555795878,nan,nan,4340.46,1.0,20.94654063936261,2162.2845046143825,231.01308647409516,1.4239907870025474,0.6074954296646228,4102.857444581765,5.742012773283456,176.89219514291656,0.0,0.0,nan,nan,3971.8079608396433,6.1470115166991155,195.83639080189488,0.0,0.0,nan,nan,3889.06,1.0,23.37778840736009,0.0,0.0,nan,nan,3835.4,1.0,23.704860453545347,0.0,0.0,nan,nan,4364.464682118154,9.99923566878981,291.0428046557292,0.0,0.0,nan,nan,3868.75,1.0,23.500516131444996,19714.486416785647,1478.4603565790358,9.503256088202201,1.360674389387517,6583.193527358694,4.556947462447868,87.07592914828619,2765.8848810822997,1122.1939998748878,1.3509250253000735,1.0524923219378752,6547.110493143392,2.797826250712793,52.666549504249254,3908.2103709397506,371.3236322901205,2.273923308005183,0.4041351586426039,6715.904261441818,4.0778318453136215,76.14796169760999,2870.329530249863,501.8290621031241,1.695539212466724,0.5533371615223815,6730.025797291401,3.919279267203491,72.93927433948015,0.0,0.0,nan,nan,3426.0,1.0,26.53754284399528,0.0,0.0,nan,nan,3760.0,1.0,24.18021855944889,1101.7954498252084,344.6474815738336,0.568398771823468,0.544057694583479,4684.616171823281,9.99923566878981,271.0131455203778,2228.590798025965,483.63554477545324,1.346386483285528,0.6357896932291794,5871.57385680408,9.99923566878981,216.12712798001303,nan,27.891051237634024,73.04870843968413,14.028600295949833,16.205399592910243,20.482657208930267,1.4021163561762269,2.6651286376866166,263.2470647435106,4.897805924150246,9.213983621639375,0.3201035116756323,1.031492,1.031492,1.0
69d45m32pt27386659s5d20m43pt64427689s,69.75896496294158,5.3454567435794,0.20728086165625426,,,,,,,,,,,,,0.208,rxj0439p05,22270.643593410892,1260.3887204377318,4.134501826675098,0.6383102675407445,5010.762045651681,9.99923566878981,253.6292103805842,9752.163855878516,1302.0833721779911,1.77713841991326,0.6578445138857718,4961.2274414883805,9.99923566878981,256.08064588829484,0.0,0.0,nan,nan,3726.03,1.0,24.400668213494743,0.0,0.0,nan,nan,3728.82,1.0,24.382410999599827,37782.32488654248,9287.651286586408,4.799171886355886,2.2573224468131676,6569.364154962151,9.99923566878981,193.49681168128302,20779.766806662097,627.7542586415034,3.92802905412896,0.3399095503673313,4865.082095703712,8.293422499552154,216.41589568452684,8454.573346214842,536.8842380271136,1.6493178246348519,0.37036701725099214,4343.745121765708,9.510027640688694,278.18218565534147,0.0,0.0,nan,nan,4102.877668188712,6.121588156309788,188.75650165085014,0.0,0.0,nan,nan,3970.7621463750443,6.151994475704695,195.99722673205918,0.0,0.0,nan,nan,3889.06,1.0,23.37778840736009,0.0,0.0,nan,nan,3835.4,1.0,23.704860453545347,4543.550134479405,802.6945668147824,0.891061054329619,0.5516288945643103,4363.3093709402765,9.98759498381185,290.7023153732985,0.0,0.0,nan,nan,3868.75,1.0,23.500516131444996,52460.67891847688,4703.499288632154,6.309724283221507,1.0793184804342149,6587.64525644604,8.135917417996517,156.748192093564,435.53760814571353,4744.531185483065,0.06361182231370266,1.329705365431585,6551.475787732913,0.4999617834394905,nan,29195.29990795309,9227.094805721652,5.868350860530118,3.4640875066023824,6725.976340549539,9.99923566878981,189.07053077254085,21977.802468277732,7637.583298428477,4.1581713051821945,2.697465540047954,6729.657496936302,9.99923566878981,188.66659273341497,0.0,0.0,nan,nan,3426.0,1.0,26.53754284399528,0.0,0.0,nan,nan,3760.0,1.0,24.18021855944889,1897.6013844598485,261.3375005674081,0.34815685845072547,0.14644034454071805,4689.587079863013,6.092207024692215,164.42925505268354,6051.207965344702,1696.559691740731,1.3406389079172956,0.817392445123377,5874.428439578492,9.99923566878981,216.12712798001303,nan,74.37322625670427,186.49110955686706,27.707195205616024,30.42566748924123,53.04556635066182,3.36188222515744,6.295001956048991,606.1988504922642,12.35666090353065,9.685158275351986,0.20588094247963593,1.031492,1.031492,1.0
69d45m32pt27392228s5d20m39pt24427693s,69.75896497841198,5.344234521368426,0.20782970678658885,,,,,,,,,,,,,0.208,rxj0439p05,2678.548034063203,142.4354165093113,2.958667284886304,0.4296824681170274,5007.223049222113,5.349015947468058,134.8410570612994,1345.566316251028,146.52861250105983,1.377722507680424,0.4161781077336353,4959.58638342652,4.49077021653776,113.88234060722682,0.0,0.0,nan,nan,3726.03,1.0,24.400668213494743,0.0,0.0,nan,nan,3728.82,1.0,24.382410999599827,9561.04126870334,1910.6103597226052,5.610038890235231,2.1474006280807663,6562.565345003946,3.051418954748826,57.615137285945565,6733.312721948618,261.5809086401569,8.009457817471263,0.8924580097800515,4861.33218839737,3.6635908319750787,94.17573261774636,2002.030698321964,108.64951676118575,2.4189369575752884,0.4649981432548869,4340.155511961922,2.1497619438764324,59.61833727057494,156.98449078199673,3.4122111161111092e+97,0.20601948300815592,1.7898237671831718e+95,4101.117676304057,0.4999617834394905,nan,1199.350324212678,179.87963304820963,2.7543592936623456,1.780083338943407,3968.661842779862,2.106777903628213,63.720696504989014,0.0,0.0,nan,nan,3889.06,1.0,23.37778840736009,0.0,0.0,nan,nan,3835.4,1.0,23.704860453545347,704.654539469691,31681308.241861865,0.8203999344775984,129302.2401137654,4362.4683852504295,0.6191066488698898,nan,0.0,0.0,nan,nan,3868.75,1.0,23.500516131444996,22206.439683859022,1609.8942186145282,16.944961340231902,2.345291804837797,6583.479834272946,4.413327675380637,84.26415824027654,3441.011956392172,1253.2058169957518,2.7192923661273203,1.901646359485072,6547.343213027379,2.7990581182996315,52.691286417441084,5079.008696313751,392.3331337479964,5.271300251023376,0.7616118211742965,6716.460645517881,4.566396259123204,85.53301623528054,2670.198343025842,560.9287842627205,2.69806516105418,1.057858796862866,6730.7489691590945,4.049954462229819,75.44998836773776,0.0,0.0,nan,nan,3426.0,1.0,26.53754284399528,0.0,0.0,nan,nan,3760.0,1.0,24.18021855944889,0.0,0.0,nan,nan,4687.235515565528,6.120082244052461,165.1916523215308,1548.2526224136088,119.742931450157,1.8148250560509926,0.30516084722955233,5875.572369286039,4.172798473168601,89.13295290690412,nan,13.61116669948911,39.0269072986541,7.618166232319105,7.045744664511875,9.741728737406085,0.710884971754,1.3657027722430137,125.98179109339233,2.728132988824717,8.992514926962976,0.29206055280451604,1.031492,1.031492,1.0
69d45m33pt88085519s5d20m43pt64429647s,69.75941134866486,5.345456749020105,0.21110282526343283,,,,,,,,,,,,,0.208,rxj0439p05,0.0,0.0,nan,nan,5007.597387591714,7.570273114555092,191.66649129086707,0.0,0.0,nan,nan,4959.332386880754,6.396865770627105,163.24054706536913,0.0,0.0,nan,nan,3726.03,1.0,24.400668213494743,0.0,0.0,nan,nan,3728.82,1.0,24.382410999599827,314818.4677825315,27236.859694364066,12.4849576921106,2.0683657100732833,6564.542190409579,7.846416475908174,151.60376849557335,0.0,0.0,nan,nan,4861.803009072779,7.535813908657929,196.49714920484598,0.0,0.0,nan,nan,4340.919992018915,6.0722688472445245,176.918474093765,0.0,0.0,nan,nan,4101.984605719783,5.153355181923573,158.46816017739135,0.0,0.0,nan,nan,3969.334461640201,5.845412886896155,186.09828001547422,0.0,0.0,nan,nan,3889.06,1.0,23.37778840736009,0.0,0.0,nan,nan,3835.4,1.0,23.704860453545347,0.0,0.0,nan,nan,4366.261549936588,9.5729069538299,278.5713852891146,0.0,0.0,nan,nan,3868.75,1.0,23.500516131444996,0.0,0.0,nan,nan,6583.671311642854,7.531860864136382,145.02001795442175,77353.89898535376,23498.41242043397,2.4644061742863026,1.4383284527807605,6543.731245473999,4.260365247215974,81.70621577817491,131313.65684947738,33749.22240745534,11.99956057831186,5.776224127722718,6707.503139609429,9.99923566878981,189.07053077254085,0.0,0.0,nan,nan,6731.040918049405,7.74967572384008,145.98209559143118,0.0,0.0,nan,nan,3426.0,1.0,26.53754284399528,0.0,0.0,nan,nan,3760.0,1.0,24.18021855944889,0.0,0.0,nan,nan,4686.28323652354,6.188839046969734,167.07198011908977,0.0,0.0,nan,nan,5875.5994104328365,0.4999617834394905,nan,nan,94.17580619527413,241.03985848070272,35.61109915536729,36.26644537088607,63.685463663439634,4.037142180985027,7.553240174357977,718.7968711449635,15.322636703366785,9.4067933032404,0.37208673601877756,1.031492,1.031492,1.0
69d45m35pt48783484s5d20m44pt44431489s,69.75985773190015,5.345678976358801,0.20724919769297312,,,,,,,,,,,,,0.208,rxj0439p05,54442.16922843474,421.59114274224044,11.021862583105738,0.23313129930831,5006.819791344155,6.8541385857232155,173.37056946151148,17997.88752404962,244.89451290889448,3.5129722246420165,0.1326327069539622,4958.764479485487,6.6139903750593065,168.84735102316375,0.0,0.0,nan,nan,3726.03,1.0,24.400668213494743,0.0,0.0,nan,nan,3728.82,1.0,24.382410999599827,54907.818224297145,13267.191766373424,4.619376525949529,2.137484242690687,6564.0896450945875,4.152102935906305,79.3927199584525,46485.29985259592,603.3389096697834,9.70146699225268,0.36104511944504114,4862.183860167506,5.778533435674509,150.21572079920915,21381.913240130285,350.81482099395674,4.620750443844204,0.268420248088934,4341.128600101719,5.3348066560371095,155.12247021276258,7916.570290981246,223.01608639821401,1.8430665723422823,0.2073885308897322,4102.295986415672,4.093227639464384,125.17466424534875,0.0,0.0,nan,nan,3969.4298506984887,5.779192558055774,183.95919614398534,0.0,0.0,nan,nan,3889.06,1.0,23.37778840736009,0.0,0.0,nan,nan,3835.4,1.0,23.704860453545347,161.5763103450327,769.274714049877,0.032448645152565465,0.5410716010975625,4364.455079386066,2.4543855266187613,68.63991966657679,0.0,0.0,nan,nan,3868.75,1.0,23.500516131444996,162781.17616596608,11896.192523855885,18.279663288832722,2.549931777831894,6584.6643093205585,6.3554122222514575,122.1526145306471,26264.547078047708,9290.359008355075,3.1576506403866125,2.144084305148338,6549.101091114335,4.051991132883203,77.59616061246459,46409.635293467785,4078.6143834644654,8.139389774659946,1.3376717660504416,6717.790523857843,6.406179831315563,120.70205481809124,23342.953041215074,4949.966944207666,3.848719524766403,1.5229615197495534,6732.058936232567,4.980433042851275,93.26733744075136,0.0,0.0,nan,nan,3426.0,1.0,26.53754284399528,0.0,0.0,nan,nan,3760.0,1.0,24.18021855944889,5143.993728910387,323.95605252906813,1.0314086315988766,0.19864619234359346,4686.137663289873,8.208616907026746,222.21607289622273,11383.341135367904,1334.4949066536922,2.632246443532562,0.6709286323013244,5875.392491738092,9.99923566878981,216.12712798001303,nan,70.6006818996434,181.28731471805335,27.309772295341542,25.968291377109324,50.70002949492087,3.3319961748376246,6.27131946445018,601.1217458741362,12.653352114103264,9.71441595096603,0.24183206759136178,1.031492,1.031492,1.0
6d22m50pt385s-12d23m03pt222s,6.3806625,-12.384228333333333,0.4844832786734554,28.621476802728512,1,0,0,7.737189193287729,0.010203753510706516,8.022353955875898,0.00011886667967089202,7.202974752457906,0.3134487879593805,86.41820137868561,20.978349490641683,0.5847,macs0025m12,4612.621862855645,150.205671462855,8.740283191062014,0.7774137021220825,5006.82924351054,3.1921398733178656,79.19170478547706,2085.977493944209,185.15407185611318,3.9668980046867603,0.9769404690028736,4958.938070732821,3.2707921960505932,82.0254872554423,9296.265021337,353.7745987348156,12.888024697865148,2.4705486621516837,3726.0753117538607,2.4199351259535358,79.14900261112422,13296.963470866549,469.16055984411463,18.471693063370168,3.2763346989930304,3728.966631387343,2.4199351259535358,79.08978127105283,0.0,0.0,nan,nan,6562.8,1.0,13.853480493619768,4066.6292546712048,153.5138546532068,8.48242938316197,0.918425005867252,4861.312154127738,2.9088964120175134,73.94056399028358,0.0,70.7420672437597,nan,nan,4340.46,1.0,20.94654063936261,738.0633875861906,585829.6314691819,1.0549115569472196,3346.3791248472257,4101.293000874198,0.5847652698006188,nan,1226.5104787641662,24231399.832854636,1.7446460936962196,148419.11537861067,3969.8612489011684,0.5212548625729865,nan,0.0,0.0,nan,nan,3888.6823542604993,5.00046511569353,162.08065988888325,0.0,0.0,nan,nan,3836.356332404395,7.752836162636082,256.29222906473905,511.04339174876,165.54658701853327,0.7381309534828518,0.8383993118856196,4361.9637907072765,1.8035111219457385,48.49757047671421,6824.359319113605,448.4813768027155,10.666391571105319,3.217287344025122,3865.764671267043,9.99923566878981,328.2406140748108,0.0,0.0,nan,nan,6583.45,1.0,13.810026928666252,0.0,0.0,nan,nan,6548.05,1.0,13.88468655302385,0.0,0.0,nan,nan,6716.44,1.0,13.536579167464883,0.0,0.0,nan,nan,6730.82,1.0,13.507659064352907,6092.144957354421,375.7237358732831,7.545189010136434,2.9689686458607523,3423.3231022011473,5.168731321431154,190.30046780935618,3230.556344201583,316.59186624786923,5.037122953373429,2.4264513997344928,3761.5201673294205,5.1746614728484674,173.59877212065274,96.03865243632416,5.826437449802167e+76,0.15271737288307652,2.833480591524432e+74,4686.072003727586,0.4999617834394905,nan,0.0,0.0,nan,nan,5872.268562363366,0.4999617834394905,nan,4.258596821546398,-999.0,,3.806479778121962,2.6855939906532202,,,,,,9.45001740255868,0.10288100045086536,1.031492,1.031492,1.0
6d22m50pt715s-12d23m04pt187s,6.380754166666666,-12.384496388888888,0.7468641854813565,27.881226764854965,1,0,0,nan,nan,8.073732687600861,0.0027106468184537338,7.622024916496,0.6948259999694336,55.80385000350512,11.266817857951256,0.5847,macs0025m12,8019.965181121901,225.18054700526042,19.200232688377895,1.4725301206475805,5006.750147500423,3.1587159760333297,78.3203922519748,0.0,144.26164550948735,nan,nan,4958.91,1.0,18.334194769319836,4546.929064878137,400.7285350343963,9.498651042530874,4.215745325691879,3726.4331502196924,2.795584015408319,92.4760013288667,7662.0719750315275,667.921634198164,16.036762810727858,7.026670828564028,3729.1612246582977,2.795584015408319,92.40680838211478,0.0,0.0,nan,nan,6562.8,1.0,13.853480493619768,2654.014706413638,216.47412426656254,7.1149096577098865,1.664753084254057,4860.8680025428075,3.3653048678484447,86.20409205933781,507.394102225241,228.77673564928622,1.2431427965634851,1.9848531068925936,4340.7872399560965,3.086951811868854,88.18484091860965,127.2639553800867,227.11017434995563,0.3242174091161519,2.3091659768531985,4103.80892356873,0.4999617834394905,nan,330.65242198312376,585961.2675918092,0.8553017276812334,6524.567694868772,3970.406022515086,0.5010844681372475,nan,262.3891852907534,114106.22898391413,0.4710802170640257,926.7037178626709,3888.8265595210178,0.534274987578958,nan,0.0,0.0,nan,nan,3835.624441329951,4.734526772258585,155.42807997225805,0.0,0.0,nan,nan,4363.141793674785,5.333017314691536,154.26098866928928,1244.0230211207875,121.14369791444591,2.5143121865271443,1.1225448532908342,3867.4988914995442,2.963824176186353,94.77220198946003,0.0,0.0,nan,nan,6583.45,1.0,13.810026928666252,0.0,0.0,nan,nan,6548.05,1.0,13.88468655302385,0.0,0.0,nan,nan,6716.44,1.0,13.536579167464883,0.0,0.0,nan,nan,6730.82,1.0,13.507659064352907,422.24891698997084,232.29168660557488,0.5273293249330052,1.8497805134807288,3424.020561412718,0.4999617834394905,nan,696.3194975557484,132.1453088745658,1.3674297043525874,1.2771892040319623,3759.6955917335627,2.588334551204862,84.37282715231908,230.92148237465642,66.08596511282944,0.6508702742304054,0.5702093148258844,4683.554493655804,1.3526169157467653,31.446583457792936,0.0,0.0,nan,nan,5875.62,1.0,15.473706908126772,3.797844056076225,-999.0,,1.780822892078061,1.8337813634435052,,,,,,9.352810405302945,0.34130068050487816,1.031492,1.031492,1.0
6d23m02pt565s-12d23m18pt413s,6.3840458333333325,-12.388448055555555,0.8036834995719337,13.102172963331746,0,0,0,9.082816644345122,0.007900104807781888,8.11113602443509,4.030876262927008e-05,15.150142374412246,0.6312959158922437,46.71496906464373,10.99951569070241,0.5847,macs0025m12,19841.984501418294,217.67603447589684,120.25437864726786,3.6034008050610637,5006.843831900037,2.481385920350019,60.53219895108545,5217.007131401099,215.65192713286308,72.89292516748854,8.359503244841214,4959.148230506516,2.8132946279626094,69.95424326915908,12162.982772065552,176.25563927231028,55.446635308428746,4.047011324991198,3726.182790194244,2.0263632306947725,64.97401832315782,17341.332798731208,222.6807196422899,79.2060943160254,5.11297906818868,3728.957598179553,2.0263632306947725,64.92540307460155,0.0,0.0,nan,nan,6562.8,1.0,13.853480493619768,3601.504583598539,147.5168601282208,41.37465631733511,4.859695476174459,4861.929079784786,2.2714431959485966,56.59016177039667,2535.098910790089,166.10012234456508,12.73638913101588,2.9554686725663633,4340.472616406107,1.802576409839877,48.72201509503243,388.9922858494145,219.21747522797585,1.0878004766598024,2.4501493518824904,4101.17568343046,0.4999617834394905,nan,581.5298801258477,73.82749814240024,1.7663520752342055,0.9657312789305517,3969.637069366343,0.7746301224624074,10.63805786643182,684.6360796295406,141.77124906676033,1.4341043225802417,1.3432316792235997,3888.9769848295746,2.118310169081701,65.4482950726227,0.0,0.0,nan,nan,3833.1421550492682,1.2825997811712455,35.67426224508192,659.3000716826153,135.57814387627062,2.9550821696778002,2.130776122879629,4361.930681975368,0.9843320212707705,20.192198259259634,3329.648711159997,120.52097671858681,8.062114373913284,1.3365164879183917,3869.137858238953,2.5456380362552076,80.54074094344192,0.0,0.0,nan,nan,6583.45,1.0,13.810026928666252,0.0,0.0,nan,nan,6548.05,1.0,13.88468655302385,0.0,0.0,nan,nan,6716.44,1.0,13.536579167464883,0.0,0.0,nan,nan,6730.82,1.0,13.507659064352907,0.0,0.0,nan,nan,3425.2290983730627,2.307487915272575,81.70552484600518,1762.0403581921119,196.79592085306757,6.181459233476141,3.4025457517032094,3757.6534069835116,7.036016210730454,237.05109152598774,644.0873476090093,101395.32477922148,2.9284010368488436,1409.893971764673,4686.024208463332,0.4999617834394905,nan,0.0,0.0,nan,nan,5875.62,1.0,15.473706908126772,1.6113429084835138,-999.0,,0.536147761488746,0.5508969955844376,,,,,,8.92688449383521,0.06000864913304714,1.031492,1.031492,1.0
6d23m40pt83s-12d22m45pt62s,6.394674999999999,-12.37933888888889,0.4838123508301484,40.1436163309741,1,0,0,7.706698772734089,0.058042448393562096,7.905944033191144,0.004699264898830866,5.879695488643209,0.27021894143294395,49.20349653927704,10.611759850591477,0.5847,macs0025m12,4618.964484481418,174.87832343524911,3.8588844784624614,0.3990567707305428,5006.876708629371,3.4171361196576835,85.04574236478003,0.0,82.31346591969255,nan,nan,4958.91,1.0,18.334194769319836,8620.548842693051,332.0066673730356,5.9385502880276135,1.1517908956085776,3726.429952361323,2.2266902827942716,72.2238250049122,11619.777406184092,431.43247443515224,8.018687816612122,1.4967169185369404,3728.9375658409276,2.2266902827942716,72.16978526264421,0.0,0.0,nan,nan,6562.8,1.0,13.853480493619768,4227.98949050592,167.63975131203128,3.444742441137846,0.39176798549696024,4861.189244723107,2.749723920546413,69.63823103420752,725.2081149469512,211.1815420256179,0.4436660499603015,0.4576952582273122,4339.874254575875,0.4999617834394905,nan,0.0,0.0,nan,nan,4100.48234224013,0.4999617834394905,nan,441.7927032576812,358.95801209824623,0.2739263888537079,0.9580281698083127,3970.467862446169,0.4999617834394905,nan,0.0,0.0,nan,nan,3889.1739335405614,4.845250413643154,156.94746397112283,0.0,0.0,nan,nan,3834.07188698537,0.4999617834394905,nan,909.295220852277,154.04406645507123,0.5704276618636807,0.3386719302546178,4363.040592361903,1.9551111787900197,53.26467940791499,4072.0408481069076,290.3110085273114,2.506280353366617,0.819322585073509,3867.274406641414,4.326353286849919,140.49273712930628,0.0,0.0,nan,nan,6583.45,1.0,13.810026928666252,0.0,0.0,nan,nan,6548.05,1.0,13.88468655302385,0.0,0.0,nan,nan,6716.44,1.0,13.536579167464883,0.0,0.0,nan,nan,6730.82,1.0,13.507659064352907,0.0,0.0,nan,nan,3424.8452780585276,0.4999617834394905,nan,0.0,126.79323914764564,nan,nan,3760.0,1.0,24.18021855944889,704.678559442304,129.83532566390272,0.5157475111425756,0.29059524581564583,4686.2231934111,1.7524243492192142,43.64993551536159,770.8125590663251,166.78069366532912,0.9136614051870559,0.4296007524195299,5877.772319324293,3.808897910716223,81.12369248084077,3.878955732884937,-999.0,,8.92553483735997,7.423556146058701,,,,,,9.969715666654873,0.15947260978209687,1.031492,1.031492,1.0
6d51m17pt91s26d07m08pt163s,6.854975,26.118934166666666,0.40107118327258173,38.1252075806048,0,1,0,nan,nan,8.061399710568983,5.603228380468955e-05,9.915689385066203,0.25842656841020134,84.15119907368121,16.895254341120626,0.365,macs0027p26a,13144.404012224108,158.52258948353003,30.067138507708677,0.9904423075606168,5006.839093959103,2.656862259900552,65.1697650403051,4607.560706236592,140.9760690989713,11.050627050554212,0.9381945729523283,4958.672286551276,2.8688741025075104,71.42652770854855,16811.324674318123,421.4832906567602,36.837200045001694,4.651412483745768,3726.3030322143454,2.5371449633235366,83.3238673581989,20942.98309994412,523.3029960254439,45.97955918266916,5.775076123899176,3729.079935762026,2.5371449633235366,83.26152227585933,14968.624723572684,253.23948053990216,51.31262552652621,1.6627717454863795,6562.874130419759,3.3842416193858385,64.23035549406698,5597.8228378472295,127.41622466477104,12.101990096819073,0.7900583664512778,4861.402227492345,2.5690552567927525,64.7336472726005,2065.6400644907435,150.62643277245493,3.863827468602561,0.9978978772542756,4340.3899860463525,2.0334606227254417,55.99815642023867,838.8026288954318,128.16727658532682,1.3519709270155482,0.825149041140935,4102.282942609165,1.5632300058991189,43.38339349167568,0.0,0.0,nan,nan,3970.2023626463624,6.255499105228349,199.3376854350749,123.95351531270333,0.0,0.15566825223587624,0.0,3889.105887276511,0.4999617834394905,nan,0.0,0.0,nan,nan,3830.5666821584928,3.3091853312309887,107.35761267671117,0.0,0.0,nan,nan,4363.458353054895,3.952064557308412,113.49044751326316,5577.100877711798,433.4215296388842,7.81915390039564,2.7778415160090306,3872.1060535226106,8.995411977076646,295.1171350280709,0.0,0.0,nan,nan,6583.227688328464,0.4999617834394905,nan,0.0,0.0,nan,nan,6548.744587104755,9.99923566878981,193.93267853817915,0.0,0.0,nan,nan,6716.44,1.0,13.536579167464883,0.0,0.0,nan,nan,6730.82,1.0,13.507659064352907,0.0,0.0,nan,nan,3424.96480937471,2.9308539258996094,105.75857143245685,71.80970577428576,432.98414122257117,0.09949224796537391,2.9499960878658995,3760.9231975201437,0.4999617834394905,nan,486.93612228955703,499732.891307051,0.936015637115581,2931.54445221127,4691.640311219013,0.6207323632902901,nan,744.0941638823228,79.92534873645255,2.3015296732652923,0.5374254773769063,5876.015522127325,1.3616795771540011,25.307178482875266,-999.0,,-999.0,0.356380394166174,0.4140825597420322,,,,,,8.330407067252791,0.06983189764618584,1.031492,1.031492,1.0
6d51m29pt34954568s26d06m43pt24716465s,6.8581526515791404,26.11201310129174,0.05482707783246732,,,,,,,,,,,,,nan,macs0027p26a,11277.501348874686,320.9195563424161,71.28143323014879,5.540470967628069,5006.838108249404,3.9834062761771,99.71086745940784,1886.2061828758171,411.02407319001253,61.77610801057688,37.32522745417196,4960.95173376296,5.724523407704747,145.8628340404795,0.0,0.0,nan,nan,3726.03,1.0,24.400668213494743,0.0,0.0,nan,nan,3728.82,1.0,24.382410999599827,222.5531437987643,152.30619892576263,3.839331219500983,5.033937229386747,6561.293489283012,1.713645060134712,30.342647105010872,0.0,0.0,nan,nan,4855.6466071224895,7.761253919334575,202.42593516770302,0.0,0.0,nan,nan,4340.46,1.0,20.94654063936261,0.0,0.0,nan,nan,4101.73,1.0,22.16567686891332,0.0,0.0,nan,nan,3970.08,1.0,22.900702702093618,0.0,0.0,nan,nan,3889.06,1.0,23.37778840736009,0.0,0.0,nan,nan,3835.4,1.0,23.704860453545347,0.0,0.0,nan,nan,4363.21,1.0,20.83732430562082,0.0,0.0,nan,nan,3868.75,1.0,23.500516131444996,0.0,0.0,nan,nan,6583.188803464823,6.492507881987621,124.81964047655534,0.0,60.6147336081471,nan,nan,6548.05,1.0,13.88468655302385,1158.2701987899118,224.78910954293318,16.111026214846543,5.853040023046537,6711.050902863101,7.080725935548971,133.5577039251867,0.0,0.0,nan,nan,6731.723141814195,3.1348862270176765,57.79770324820237,0.0,0.0,nan,nan,3426.0,1.0,26.53754284399528,0.0,0.0,nan,nan,3760.0,1.0,24.18021855944889,1479.079620099249,266.17615403958587,16.502304914852658,9.088115404268986,4684.412852881056,1.5551045309630913,37.729695098198206,313.2336456301374,187.0171386576018,9.27415728857839,12.04203858933158,5874.20329316115,2.3068002143698845,47.62582427561029,nan,,nan,0.3390633513211569,0.11064770539714903,1.6608873275191587,0.06022245368325626,0.09662435766369278,7.207183037395852,0.12177708264315443,6.4653058715967076,0.1291188553983862,1.031492,1.031492,1.0
6d51m29pt46s26d06m44pt452s,6.858183333333333,26.112347777777778,0.7041231746722099,49.863585430650204,0,0,0,10.741264253617093,0.03764468184427521,8.134855888553629,2.4866877040412838e-05,9.820019274681545,0.14321249759080182,60.073059142008354,19.418668206086185,0.365,macs0027p26a,34539.96636790406,123.81273232649703,124.11445395928882,1.215215554878378,5006.833855601817,2.1353909198027345,51.29686630468687,12197.36417042927,134.26795258487147,60.02062443028452,1.8331452296956023,4958.961904808246,2.2996001622632907,56.23596559917892,17818.660727691207,230.06989112284123,36.61963583832882,2.381563513372567,3726.159304249496,1.931058133815962,61.492356257780095,23736.880682781037,273.40689449967897,48.87486453091542,2.83016556867616,3728.8744152160043,1.931058133815962,61.446346079235894,0.0,0.0,nan,nan,6562.8,1.0,13.853480493619768,8991.109841957907,124.5933285038712,40.153097510731165,1.5959540640451801,4861.2501443450265,2.085645956151086,51.45137369088957,4565.192947666746,113.38516808288469,12.332211486492342,1.084772899535345,4340.493452849256,1.9924427569274952,54.71496408422398,1645.7618518428244,93.26243764056153,3.1107383101923864,0.7043342868644157,4101.741161802348,1.380029041320858,36.914274647027106,1663.1903397611052,75.93004203019422,3.052191676071209,0.5999080578573994,3970.149238172278,1.2335621589767352,32.57131557518778,954.794726906148,144.35403431179887,1.4809571518753089,1.0130289770488434,3888.539736234904,1.2236720085388666,32.85591214019196,0.0,57.2975990009848,nan,nan,3835.4,1.0,23.704860453545347,273.2303111479826,269.39123376859703,0.6097319112345541,2.1058000619003936,4364.1103775577185,0.4999617834394905,nan,5349.86164196787,150.290694672574,9.27023963312982,1.1930828467840116,3868.6689748719027,2.789164571899456,88.84630398535113,0.0,0.0,nan,nan,6583.45,1.0,13.810026928666252,0.0,0.0,nan,nan,6548.05,1.0,13.88468655302385,0.0,0.0,nan,nan,6716.44,1.0,13.536579167464883,0.0,0.0,nan,nan,6730.82,1.0,13.507659064352907,0.0,0.0,nan,nan,3425.6602704293205,9.177901546600987,340.05733839255686,0.0,0.0,nan,nan,3759.5064740762145,9.99923566878981,337.7342754526394,796.0967414618793,96.60980925981326,2.512153298042266,0.9309183734972699,4690.061443263317,0.7625666049875363,8.21900934643451,0.0,0.0,nan,nan,5875.62,1.0,15.473706908126772,-999.0,,-999.0,0.7172059318282289,0.4104753272139806,,,,,,8.8895474938405,0.0216,1.031492,1.031492,1.0
6d51m50pt4s26d06m42pt363s,6.863999999999999,26.111767500000003,0.21938734946990346,48.03043628690804,1,0,0,7.70406075400154,0.11295290398565988,nan,nan,3.108316534607944,0.10434314767599123,66.2916934051502,18.730011425334745,0.365,macs0027p26a,20191.97610867721,151.92920079691356,11.109322596194925,0.22831610816599066,5006.841098123374,2.434410591003779,59.28613890351381,6106.114011314741,166.5424260884869,3.1240115672676803,0.23640804191997733,4958.964357358191,2.863341976104312,71.28006599431578,0.0,0.0,nan,nan,3726.03,1.0,24.400668213494743,0.0,0.0,nan,nan,3728.82,1.0,24.382410999599827,24844.020857700805,367.92120065963286,23.62417419811402,0.6701287307953494,6562.732786732023,2.7403653382299606,51.39608749697074,8460.557291121884,274.59664105732526,4.818011693339179,0.44851997384453496,4861.2643972461065,2.240964567051459,55.75054254779138,370.69848696571955,454.84226778418025,0.15182438221014743,0.6597661080019087,4340.45553536205,0.4999617834394905,nan,0.0,0.0,nan,nan,4101.835647710968,9.99923566878981,309.59640827210086,0.0,0.0,nan,nan,3969.844076335095,0.4999617834394905,nan,0.0,32.314820802865945,nan,nan,3889.06,1.0,23.37778840736009,0.0,0.0,nan,nan,3835.4,1.0,23.704860453545347,4968.285736830489,625.9800938258055,2.119026467203859,0.937017394929745,4359.964679251915,9.125917930007521,265.492368245368,0.0,0.0,nan,nan,3868.75,1.0,23.500516131444996,1437.508465928952,19907100.737738743,0.9296761103443983,24578.027714684118,6583.773128174139,0.6684448586901358,nan,0.0,0.0,nan,nan,6547.75947051098,9.99923566878981,193.93267853817915,4627.923230883307,420.7117049248953,4.150475996592779,0.7057220503582908,6716.49990996699,2.388578054992169,43.287619211818075,3677.550491805983,519.4419204070587,3.2095701767165603,0.8461321831947303,6730.719296350942,2.527683443479331,45.93999657552899,0.0,0.0,nan,nan,3426.0,1.0,26.53754284399528,0.0,0.0,nan,nan,3760.0,1.0,24.18021855944889,1391.4679497359393,141.70045634566767,0.6418925918139174,0.2006552928517267,4676.412831588404,1.3889113351964253,32.593576744147875,582.2710743286461,93.54270311542341,0.45674031976144186,0.15951944753728486,5875.8580120164415,1.437085500249381,27.194379964380527,-999.0,,-999.0,1.5461570590978722,1.4204713950980368,,,,,,8.225389048202885,0.08300597039383721,1.031492,1.031492,1.0
6d51m50pt85s26d06m52pt972s,6.864125,26.114714444444445,0.3397625082051834,37.44881163678763,0,1,0,nan,nan,8.106263524881236,9.97285601820961e-05,8.80376473400203,0.47633002556447396,76.33543489772299,14.54608149178633,0.365,macs0027p26a,9777.452310910076,99.36903200094523,61.352984156972155,1.7031308606022266,5006.838040148844,2.056635807207969,49.172308779586544,3741.9420889102907,106.35601180402026,23.75959304491403,1.8736459700448875,4959.0066184671905,2.3282836709062837,57.00855903765929,6253.33255325447,331.19390065008565,26.823791231267634,7.157475211782195,3725.811714157007,2.15116883254729,69.50036256801471,10650.719699692354,499.74545260862254,45.77241011841018,10.80006510453883,3728.5038207498847,2.15116883254729,69.44836059109849,6950.991915447068,209.28284380603816,119.95316771306697,6.917831071163397,6562.693599678716,2.454994042834345,45.64685961638487,3455.731448077583,173.3440646223241,22.424860203496817,3.2263074159117604,4861.334847634822,2.3475534275212415,58.68178195069974,2009.8642162743035,182.0772836105253,11.0163120057784,3.5345752378571436,4340.438459411082,2.1599092320383266,59.93303528548864,743.9749015352003,190.93536730577898,7.96592387405268,8.16456445415884,4102.617233362809,2.1768819298761697,63.97787592375399,2185.05514641737,324.53627229979986,11.136135356902038,7.127591980515465,3968.5698316837947,4.669301842854771,148.0402102322622,122.97099651871959,268.1232227640129,0.620609522466066,6.146625882998023,3882.1937417408662,0.4999617834394905,nan,0.0,0.0,nan,nan,3835.981209662424,4.569707724300583,149.89414229346005,0.0,0.0,nan,nan,4363.77466849153,9.99923566878981,291.0428046557292,1701.5017514405283,169.05826059962064,7.805578145657066,3.551897210279147,3869.173577392186,1.6006171507470182,47.367950653242794,0.0,0.0,nan,nan,6583.1411014714595,9.99923566878981,192.88987927331783,0.0,0.0,nan,nan,6544.248054414609,0.4999617834394905,nan,876.2420900913554,145.9340231063213,11.2163106418336,3.494201305103349,6716.068619541445,1.737778912929889,30.14903517169267,1247.4934598716961,257.05300157678346,20.532206787084213,7.895714321025901,6731.360960624445,4.360759750595338,81.41200986668996,0.0,0.0,nan,nan,3426.0,1.0,26.53754284399528,0.0,0.0,nan,nan,3758.0955238344263,2.4506448825891485,79.51954584151069,0.0,0.0,nan,nan,4687.623040969734,1.1249077214549263,23.925340042032026,416.1965075591521,196.56826213635475,4.781076071790006,4.909877108031459,5875.09614486364,2.8068803869153895,58.89652822556382,-999.0,,-999.0,0.013235296039434666,0.0757410401430355,,,,,,6.946873822127382,0.021600000000000005,1.031492,1.031492,1.0
6d51m52pt995s26d07m16pt522s,6.864720833333332,26.121256111111112,0.8129675247285384,14.440787059984471,0,0,0,9.84975733167959,0.00940659072126774,8.199674304004716,4.549236971626761e-05,10.834521160626394,0.39201054503741384,35.84901339756583,7.031199083834889,0.365,macs0027p26a,22553.869150154795,121.09826157168692,2272.278614074959,33.324533563116574,5006.847505079423,1.773330136060433,41.429240524760125,9030.68916358591,136.53801701613025,397.17013799213834,16.661163714853767,4958.919793769373,1.8259341867408956,43.295650680236626,5605.990761765494,139.03546810308777,1745.4689101407591,218.07369627624976,3725.9796046381834,1.6722277231271347,51.88942050246218,7423.937321720313,160.94018379066551,2315.9472339851986,252.430701586065,3728.7328952640514,1.6722277231271347,51.85059548993761,0.0,0.0,nan,nan,6562.8,1.0,13.853480493619768,4117.808783221495,146.7264525296053,80.82011058635766,8.2598413817308,4861.314962422772,1.7476190686933042,41.935467331270196,2257.812727980852,100.00855430602994,220.34674968866813,34.57090051821156,4340.2281053758115,1.692838459706737,45.2088236731814,1421.4383155786802,71.66155216925289,32.87017670513414,6.621221773132455,4101.731329217925,1.9577493869574925,56.74792423576115,927.032611622793,83.01016595492848,17.874300554682254,6.892004539460085,3969.8419098001,1.6385678158543484,47.5085235585194,1346.1566797482221,106.5692701850541,15.133903625422688,5.4197532029982,3888.7913738317884,1.3631883854505686,38.29183981537165,0.0,47.44590355172653,nan,nan,3835.4,1.0,23.704860453545347,442.43588796738874,104.79432105587779,24.866803762869814,20.640108620233423,4363.209520517378,1.1324555456734517,25.974328103863616,2834.2968227622378,88.75387641496896,42.59199065469029,6.109917385622014,3868.75877194909,1.498180086262108,43.58874763756428,0.0,0.0,nan,nan,6583.45,1.0,13.810026928666252,0.0,0.0,nan,nan,6548.05,1.0,13.88468655302385,0.0,0.0,nan,nan,6716.44,1.0,13.536579167464883,0.0,0.0,nan,nan,6730.82,1.0,13.507659064352907,1015.2022701892664,198460.27623482907,10.586263842277237,13152.052873582821,3427.8412657942076,0.4999617834394905,nan,190.06842039622893,0.0,22.256408394217775,0.0,3759.791574979611,0.4999617834394905,nan,0.0,0.0,nan,nan,4687.318862946658,5.833007133433033,157.33772022715434,0.0,0.0,nan,nan,5875.62,1.0,15.473706908126772,-999.0,,-999.0,0.06572612073650058,0.06850553796906184,,,,,,8.24010510022927,0.021600000000000005,1.031492,1.031492,1.0
6d55m57pt39s26d16m08pt949s,6.932608333333333,26.2691525,0.4649550783624443,38.695775662881864,0,0,0,nan,nan,8.03451916310732,7.386030546675557e-05,6.883420948305161,0.12402263320332581,73.66557191627152,16.434327525013316,0.36,macs0027p26b,7911.027608909808,172.25292686499392,17.46768198936549,1.0388636155375404,5006.819688319546,2.621159879456246,64.22822371497026,2567.6081984122366,151.29719647154326,5.640851943878679,0.9222560947997315,4958.8596163429975,2.415434499499458,59.35032958996613,11019.273098960226,241.48806966881446,14.957650136248331,1.6515144412499736,3725.787381339933,2.5963610560162156,85.42687759981166,19624.818310285067,401.6409126825719,26.691397123474978,2.746784834554281,3728.6083626313375,2.5963610560162156,85.36295899057242,0.0,0.0,nan,nan,6562.8,1.0,13.853480493619768,5974.170042105676,76.43079858763237,13.696153751454506,0.5026072722548823,4861.12162443818,2.3556805439273685,58.90472366255968,3845.0536856329586,134.021487607509,6.980940671726606,0.8615710925341266,4340.962841037521,2.5846102281741428,72.97597615423213,0.0,56.07366541443451,nan,nan,4101.73,1.0,22.16567686891332,390.3215918787722,237.54843781501683,0.6254528728339938,1.6391594060047778,3969.776707919054,0.4999617834394905,nan,647.9565849121315,116.90063551358591,0.8259132567078773,0.6742634039276989,3888.30497149303,1.7184895146756973,51.376997592040475,0.0,0.0,nan,nan,3835.800283828575,4.245485858658226,138.99355917185912,0.0,0.0,nan,nan,4360.210260994302,9.08888810615742,264.40870304921003,0.0,54.23876435758579,nan,nan,3868.75,1.0,23.500516131444996,0.0,0.0,nan,nan,6583.45,1.0,13.810026928666252,0.0,0.0,nan,nan,6548.05,1.0,13.88468655302385,0.0,0.0,nan,nan,6716.44,1.0,13.536579167464883,0.0,0.0,nan,nan,6730.82,1.0,13.507659064352907,0.0,0.0,nan,nan,3426.4776940293573,4.801060326451097,176.5008913519971,0.0,0.0,nan,nan,3760.006903690947,4.134300169972875,137.96250336713882,2788.7330282157272,1220.3812930618185,5.580503317281777,7.4630653721674225,4687.988508628635,9.99923566878981,271.0131455203778,464.6808850380929,147.70303582398375,1.4508507035005507,1.002610336374699,5875.692955520713,1.9691212629379318,39.87906718575164,-999.0,2.902258443403812,-999.0,1.1938327393176194,0.7686769698306312,,,,,,8.565568752155832,0.06781463766449056,1.031492,1.031492,1.0
6d56m10pt83s26d16m21pt408s,6.936341666666666,26.272613333333332,0.545818151869202,23.87228555862266,0,0,0,10.289959348715454,0.044606488087287184,8.054571264639813,7.299127792738683e-05,8.400770593287566,0.22839594739942864,44.48828534268245,8.41965438465745,0.36,macs0027p26b,10874.614899053302,211.64280243636833,43.75439563087541,2.3259397969528584,5006.8366961690435,3.331413452704056,82.81756960567408,3437.146722155188,132.8501241501826,10.379575123722004,1.1130998397527527,4958.957298516862,3.0071376515133745,75.08148645694024,14081.365064738788,377.52380253519004,38.35369962180387,5.179705576248063,3726.0445653638626,2.821271573126026,93.38229175487409,18906.18712312916,527.5159045515564,51.59505049146487,7.237628605180583,3728.82096893479,2.821271573126026,93.31242069807969,0.0,0.0,nan,nan,6562.8,1.0,13.853480493619768,5630.354178088117,128.78145340804494,22.436078985384764,1.4718704057485603,4861.348081472613,2.77549777840371,70.33597625852694,2030.8873091800792,78.89883657960694,5.317213037208407,0.7316021950608508,4340.466881660842,2.4652767473486272,69.33291576043104,1045.3407235921572,113.27274952899457,2.827151867582715,1.2239533840612802,4101.857268248421,1.5656834019690187,43.46854131127483,610.7360235249209,132.02538467385924,1.3705060846828179,1.2752714464492423,3970.473817938708,0.4999617834394905,nan,261.4818529570592,893.6452232774835,0.47646135024512015,7.366776163811063,3888.665920644387,0.4999617834394905,nan,134.95052519006282,3.2017509071656063e+33,0.2955146574117154,3.2817675459190604e+31,3835.1501016204065,0.4999617834394905,nan,77.45984539763079,110.31197122763095,0.18281642724985003,0.9120843601348827,4363.8607270206685,0.4999617834394905,nan,1583.4253229993196,135.26018556536673,2.774529439317097,1.0861524959324833,3868.1638454842687,3.5150328567061897,113.3533941690182,0.0,0.0,nan,nan,6583.45,1.0,13.810026928666252,0.0,0.0,nan,nan,6548.05,1.0,13.88468655302385,0.0,0.0,nan,nan,6716.44,1.0,13.536579167464883,0.0,0.0,nan,nan,6730.82,1.0,13.507659064352907,1020.9246565084081,105.07933632437776,2.5975633095654356,1.7027762409386944,3425.35700731238,1.05926796641018,29.542746343531988,0.0,0.0,nan,nan,3762.529134246836,1.5308175401390476,46.09565469467862,447.0894130060313,0.0,1.3128983963583325,0.0,4686.669349268922,0.4999617834394905,nan,0.0,54.876887157606234,nan,nan,5875.62,1.0,15.473706908126772,-999.0,3.9426985196347646,-999.0,1.4121983114018233,1.1885810769230758,,,,,,8.798637836652105,0.06701439996788508,1.031492,1.031492,1.0
6d56m17pt01762799s26d16m09pt99921007s,6.938060452220176,26.26944422501862,0.7732660170265346,,,,,,,,,,,,,nan,macs0027p26b,8478.71764839217,328.15169077410826,49.727222187252224,5.25615895871771,5007.2453996909035,4.124666121500113,103.35750491013891,0.0,0.0,nan,nan,4958.413039172178,5.025518144401664,127.76244646806265,0.0,0.0,nan,nan,3729.144655446339,2.6731911221823523,88.14987125870543,0.0,0.0,nan,nan,3728.6698739432254,4.824914107434432,162.9903077589642,0.0,0.0,nan,nan,6562.8,1.0,13.853480493619768,805.7155434011236,107.45057868676147,9.761588748731384,3.735374601453818,4860.149984533885,1.0015752519344385,18.759933979200426,0.0,0.0,nan,nan,4342.944788057176,2.248907294256466,62.68599056405592,0.0,70.23007785088551,nan,nan,4101.73,1.0,22.16567686891332,0.0,0.0,nan,nan,3971.0046992214734,6.159011858188559,196.2237252450907,0.0,0.0,nan,nan,3888.595481477668,1.7335375705315312,51.91591317824149,0.0,0.0,nan,nan,3835.489110487096,4.097643084118585,134.01553996408487,118.69097516251234,275.0560739892914,0.7059897465272283,5.734419423206382,4362.796999164172,0.4999617834394905,nan,371.49001669176505,197.63337379047783,1.0298702637173167,2.5012910936757144,3874.210499839679,0.4999617834394905,nan,0.0,0.0,nan,nan,6583.45,1.0,13.810026928666252,0.0,0.0,nan,nan,6548.05,1.0,13.88468655302385,0.0,0.0,nan,nan,6716.44,1.0,13.536579167464883,0.0,0.0,nan,nan,6730.82,1.0,13.507659064352907,0.0,0.0,nan,nan,3427.7673389884853,4.730172834912672,173.8378261053443,2086.8326842495644,82.27182993673583,5.354430756765446,1.0408623193683508,3756.967147434549,2.2636739483562787,72.88924396689961,0.0,0.0,nan,nan,4684.5489091010795,0.4999617834394905,nan,0.0,0.0,nan,nan,5875.62,1.0,15.473706908126772,nan,2.10710255008165,nan,0.5876018291771331,0.5002071076262474,2.2010912025005656,0.06909818247464973,0.1035086260456039,7.795531397383379,0.08239832526889428,8.671740254428258,0.28798160735722106,1.031492,1.031492,1.0
6d56m26pt34s26d16m22pt562s,6.94065,26.27293388888889,0.6019579253563774,27.575412905849944,0,0,0,8.200338467053601,0.0052827573110054964,8.146216698519947,9.935933608411693e-05,12.573121934524174,1.5168056056441435,56.30230172606424,15.888818035817687,0.36,macs0027p26b,5945.379452055589,129.44270990845425,10.497563416218075,0.6242722845243706,5006.834089102257,1.739583515883774,40.4936386515658,1963.8308352393492,184.52034835473296,3.5209025333138184,0.9179150234375322,4958.834752237932,1.808246801190336,42.80358348647597,2623.9238399052447,100.69936908853279,3.6105550387452054,0.6979820255823053,3726.0560546379074,1.617579691245039,49.82598194148861,3519.8479677861783,117.58029422807998,4.852753488381198,0.8149895344599964,3728.8324659920677,1.617579691245039,49.788700847304185,0.0,0.0,nan,nan,6562.8,1.0,13.853480493619768,1117.7002949759583,133.07255488982264,1.8386245685212501,0.6278809139112451,4861.241933688119,1.4004783058058003,31.766130866379722,770.0067119011939,1751476.1614814308,1.3327582381020748,10737.671825314981,4340.256476763497,0.5163473746753025,nan,662.1743448639254,5996566.7731463825,0.918294369482843,33231.65962202161,4101.469278921576,0.5008281725700917,nan,0.0,74.06942379814478,nan,nan,3970.08,1.0,22.900702702093618,1009.1611545613797,127.51697749174392,1.210043890091762,0.6911595174264296,3889.980146836383,2.81276922534426,89.18035078490225,0.0,56.81839213718944,nan,nan,3835.4,1.0,23.704860453545347,497.5385736470589,82.64345373635634,0.8683824769828702,0.5053580067550706,4363.6983173617755,1.2004806535872592,28.456549367916477,1092.570323140574,110.64043614988569,1.2953266777517012,0.6006152199696523,3869.532813975166,2.403814219866795,75.67480160284113,0.0,0.0,nan,nan,6583.45,1.0,13.810026928666252,0.0,0.0,nan,nan,6548.05,1.0,13.88468655302385,0.0,0.0,nan,nan,6716.44,1.0,13.536579167464883,0.0,0.0,nan,nan,6730.82,1.0,13.507659064352907,0.0,0.0,nan,nan,3426.4475833673478,6.836585380929502,252.71226638652274,0.0,0.0,nan,nan,3759.950990422792,3.6114528210924717,119.96148452068097,2584.3531373693886,518.4756554185542,4.9592249452086135,3.044450003205884,4684.611168075435,9.99923566878981,271.0131455203778,0.0,0.0,nan,nan,5875.62,1.0,15.473706908126772,-999.0,6.191194870104903,-999.0,5.754949148790692,2.5441764315118593,,,,,,9.651609763461348,0.08890617101400286,1.031492,1.031492,1.0
72d20m10pt1706933s-28d49m08pt25149738s,72.33615852591643,-28.81895874927227,0.32658745796468347,,,,,,,,,,,,,nan,macs0449m28,15700.495418065508,349.38338998440764,4.543778345334222,0.2761519487301286,5007.158020364927,9.99923566878981,253.6292103805842,6290.215530156808,618.1669714304536,1.7177662146933697,0.4687394107104839,4956.620176098603,9.99923566878981,256.08064588829484,293535.1242161333,604.9376541914739,119.7086614884967,1.2412264164367188,3727.77043056594,6.7800779764666235,230.42217345337187,294378.63772382576,589.3688995657839,122.7725915962274,1.2366798737450517,3727.7702568136633,6.793397971565513,230.7069780900242,51874.055641788065,6010.64066423338,7.832360932479098,1.7382232681656369,6563.113596303707,6.028264531365851,116.14973613518602,42044.46101530765,345.50571566318604,11.518704627677645,0.27148466625767026,4861.412676648654,6.57708411689389,171.2645692625197,23239.00031432243,361.93233417760666,6.771752469030657,0.3734962012004963,4340.619027053692,6.229080801125072,181.54801375995032,9758.825635580582,257.75874806685744,2.9603607030587527,0.3124662498664808,4101.457239939254,4.927890452548171,151.4016437746529,2859.884382532769,284.392062611642,1.143402946177441,0.48949761597183417,3970.2228527995544,2.613013917725508,80.72990021837262,5908.624763858139,450.49809302325957,2.2842764325656173,0.7876525918941643,3889.206586103928,4.859930249594689,157.43309431668098,985.9485885142252,179.77773550246565,0.5372981012664557,0.4586588924776117,3834.8763204892557,1.6601335187702804,49.96736147090238,0.0,0.0,nan,nan,4361.421306821791,9.99923566878981,291.0428046557292,9226.176389133985,500.13566571961786,4.146959320775398,1.0298855328619965,3868.658033312418,4.504665583853955,146.4357016453937,55736.42779747358,7823.350682981249,9.540385492574178,2.556498714916271,6583.65324177037,6.592501503912253,126.76447206876149,2855.171770209663,5036.514504639176,0.5035218745855287,1.7050318823569428,6549.085072621802,3.0919170807547127,58.55358198466028,23607.641726790636,2226.0470943702185,6.889974006370549,1.215149110655064,6716.608591688897,6.9541203367204245,131.14586413748657,13353.467511637675,2827.71937178453,3.725772333950138,1.4726116865503462,6730.4618627400805,6.455253040611748,121.37792598372272,0.0,0.0,nan,nan,3426.0,1.0,26.53754284399528,0.0,0.0,nan,nan,3761.600846688623,5.679878120488883,190.84934859377563,2295.8368544168857,284.4219771045663,0.6205785655932482,0.2350572082259337,4686.792146179435,5.7620383722695445,155.3952844432642,5292.940439059988,1083.9335775406823,1.8407963538273895,0.8194418995291054,5876.429750205697,9.99923566878981,216.12712798001303,nan,36.59316217141402,nan,16.710932436127464,16.315052536246565,19.60848931454635,1.619939234516363,3.1210343318868063,334.74360340395066,5.81018719887398,9.875938498812003,0.3291894979831837,1.031492,1.031492,1.0
72d20m18pt38846883s-28d49m09pt05173514s,72.33844124134221,-28.819181037538637,0.7355640823374792,,,,,,,,,,,,,nan,macs0449m28,2584.3437253678103,137.24529307004386,3.302343013954185,0.47901863801877836,5006.866028260212,2.07531893383175,49.67723621623264,0.0,0.0,nan,nan,4958.924213463727,4.003066306146622,101.18728641508498,0.0,0.0,nan,nan,3726.3313935594,3.0498129680873536,101.42338081491496,0.0,0.0,nan,nan,3730.4690248532133,9.235745128156495,314.4216918514869,0.0,0.0,nan,nan,6562.8,1.0,13.853480493619768,1258.072112188475,349.893851936072,1.624646460838762,1.2957345056913836,4861.866964177345,6.734570218798029,175.41187151523798,567.8960114138298,164.11443452791264,0.5350162479460068,0.5470625630146084,4342.500873462566,2.6543758660294716,75.09951434663955,218.64830828182184,420737.65125819645,0.1681681028524602,1292.3490571350674,4102.608016753079,0.5000660166817306,nan,0.0,0.0,nan,nan,3970.1172700715515,5.9270014013425865,188.7333115514674,84.05762294224404,126.50374533394901,0.057414433494735705,0.3907548989498791,3889.2892719244705,0.4999617834394905,nan,126.49208163415675,235.51218896448148,0.08404460924000126,0.731760546119248,3836.596262789675,0.4999617834394905,nan,0.0,0.0,nan,nan,4363.008291880883,1.6011449736372623,42.01711075449215,0.0,0.0,nan,nan,3869.050562920347,2.3809468823652007,74.88785873131913,0.0,0.0,nan,nan,6583.45,1.0,13.810026928666252,0.0,0.0,nan,nan,6548.05,1.0,13.88468655302385,0.0,0.0,nan,nan,6716.44,1.0,13.536579167464883,0.0,0.0,nan,nan,6730.82,1.0,13.507659064352907,4374.77966038,671.71233523063,2.18202226075375,2.1142096879111096,3436.0,9.99923566878981,370.65991701749095,0.0,0.0,nan,nan,3760.6780415819317,4.577463399977089,153.1657291027764,74.45668575802138,87.54945168984678,0.0825345680736053,0.2966564590053367,4687.310901170715,0.4999617834394905,nan,0.0,0.0,nan,nan,5875.62,1.0,15.473706908126772,nan,14.184070948146235,nan,5.79876373636922,5.374488644221499,6.882509754359406,0.5590090975489962,1.1026537011938529,115.40146871555112,1.9552767396108846,9.885738531603671,0.2790504387550466,1.031492,1.031492,1.0
72d20m20pt67173166s-28d48m43pt05177671s,72.33907548101662,-28.811958826863776,0.5565841194717231,,,,,,,,,,,,,nan,macs0449m28,52513.07243912386,239.0185309732836,199.72403135568683,2.4830293754283317,5006.835078794147,2.3832429151276333,57.92639940587231,18365.05223929169,273.6345744689122,66.82999370752113,2.7628370751375635,4958.857211051854,2.4047088444315783,59.06256437861003,26845.049141063693,220.60414309692393,47.79445437100548,1.9785587819585249,3725.9662679169605,2.1393545844427626,69.07332226819126,36192.90641966788,270.5169646666306,64.5619357504304,2.4262178787583664,3728.736554378085,2.1393545844427626,69.02163981392202,0.0,0.0,nan,nan,6562.8,1.0,13.853480493619768,14387.345934110266,95.75227834713384,47.00897967676603,0.8973793915784948,4861.204040502411,2.2522827915633394,56.06247604301144,7828.630474807022,98.87838103531489,16.71797592396757,0.7478926278671346,4340.300783201353,2.2142447562012753,61.61525804668516,4559.596931476091,143.61286608776794,9.043532156957818,1.1380891075753965,4101.759365578116,2.264791681373063,66.8530561857033,3135.385368490293,150.27821335954232,5.647878938145368,1.165639903657972,3969.8663979384737,3.0194277085313908,94.18726851471315,3050.6803567774477,182.77097891095542,3.7706311818776834,1.0219295481840018,3888.7758826876443,1.4872785750972006,42.95706503668272,982.1552090565042,121.91982277503423,1.7346317109991458,1.0076699634885682,3835.50193421134,1.7340586902232509,52.66116132370713,182.99506737622252,1083.7983117204876,0.3011719001495353,6.249279255491113,4363.698325824904,0.4999617834394905,nan,5702.013093232134,191.2331573892847,7.5247339777169175,1.1561805512701104,3868.634717591697,2.4082640029231563,75.8278525072869,0.0,0.0,nan,nan,6583.45,1.0,13.810026928666252,0.0,0.0,nan,nan,6548.05,1.0,13.88468655302385,0.0,0.0,nan,nan,6716.44,1.0,13.536579167464883,0.0,0.0,nan,nan,6730.82,1.0,13.507659064352907,3616.539642505456,256.1798479826853,5.454462600565071,2.464146992045574,3423.7833339601652,4.9785324870753715,183.16441137270303,387.2062173531607,0.0,0.75676430655287,0.0,3760.4738863112034,0.4999617834394905,nan,351.15584540221437,66.61624299103622,0.8152345850220726,0.47293007650952346,4686.315803464288,1.2009913610668101,26.515238822621463,950.4546562181882,110.68664733594628,4.670699427538448,1.1825353699038692,5875.762751469142,2.3863446178680623,49.431598249289316,nan,2.235741973010189,nan,0.30468698604343375,0.06592281184380555,1.6372701764046698,0.06371375305252151,0.11837716691001877,13.684615344611121,0.17561737341844644,8.188186320831676,0.0216,1.031492,1.031492,1.0
72d20m32pt54167568s-28d49m36pt65181981s,72.3423726876891,-28.82684772772523,0.7503101750482222,,,,,,,,,,,,,nan,macs0449m28,0.0,0.0,nan,nan,5006.742232874592,3.708926402463747,92.6128977396148,1079.5064445088447,136.89729697995548,28.829478631736542,10.144505497570622,4958.7223451898335,3.927035866544884,99.20420514905274,955.6038418637785,121.23372320254433,5.924216345045886,3.788967772756882,3724.9039630922,1.4499289957637378,43.38491620930041,386.65769667979475,77.77437854072164,2.4011424239192705,2.430714870850425,3727.3371878015973,1.4499289957637378,43.35245448783787,0.0,0.0,nan,nan,6562.8,1.0,13.853480493619768,362.38237082928936,64.90449596607777,25.31050093989393,13.008932478008788,4859.842974167325,0.9697726046076517,17.576624065466287,486.3787849616516,89.9735645975373,10.861550508120578,7.131864481879158,4335.737668382994,2.107440355325315,58.30388434486166,0.0,0.0,nan,nan,4101.599443992403,4.770796923443559,146.47412947045657,0.0,0.0,nan,nan,3970.443298809493,4.220361473298268,133.4614549526199,1057.2488704422449,281.67475496770334,13.764933661802496,16.56314745094086,3891.3512915949445,8.993054553648697,293.4985264171919,206.92122817762964,58.27325703028361,5.943590476016484,7.829027326331231,3836.2917749883013,0.4999617834394905,nan,497.75436539931087,73.5237169610902,12.81599120251219,6.6324404531575905,4363.686451055759,1.4839551373241813,38.178980274443745,0.0,0.0,nan,nan,3868.4678875238715,4.883351870828687,159.03840430124205,0.0,0.0,nan,nan,6583.45,1.0,13.810026928666252,0.0,0.0,nan,nan,6548.05,1.0,13.88468655302385,0.0,0.0,nan,nan,6716.44,1.0,13.536579167464883,0.0,0.0,nan,nan,6730.82,1.0,13.507659064352907,2274.9155637467725,219.67147053841313,26.695514301056352,16.552493737826577,3416.0,7.086267951123268,262.0377496320423,0.0,0.0,nan,nan,3765.7783091889223,1.4013490195196976,41.104685239192676,0.0,0.0,nan,nan,4685.192425501581,4.584474354776268,123.0998091461736,0.0,0.0,nan,nan,5875.62,1.0,15.473706908126772,nan,nan,nan,0.13314190385244262,0.30183675186960485,nan,nan,nan,nan,nan,7.994254765748511,0.08957900968863332,1.031492,1.031492,1.0
73d49m33pt22917319s6d57m52pt30004305s,73.82589699255209,6.96452778973635,0.39130856755430177,,,,,,,,,,,,,0.425,macs0455p06,5081.168864991433,200.64860192539203,1.7600648476822867,0.189843307602224,5006.78716854639,3.3246498538735247,82.64165462214619,2225.903403819552,228.7411368442708,0.7493046996968169,0.21364178419626684,4958.96336131138,4.751071469720618,120.64314309623775,17243.740314703988,1149.8065514578666,5.673379721289262,1.9058264065370196,3725.8799418783733,3.40623065058044,113.89920849445957,19363.940051468955,1593.387248090492,6.38346982975437,2.6410699168480867,3728.6927337495285,3.40623065058044,113.8139861475242,47651.71605743224,2326.8216679284064,16.447319904736847,1.5382902448238807,6562.878369135963,3.9058414754861777,74.54170535521213,13576.905457930625,274.11489704381904,4.828166448455459,0.2795992588963853,4861.236361544029,3.2662119703809243,83.54916223141547,1962.1419404040882,304.6994468050007,0.5745503301095575,0.3159635214129688,4340.656094261341,0.4999617834394905,nan,0.0,0.0,nan,nan,4103.090764130748,9.814784282179586,303.85703152546,0.0,0.0,nan,nan,3969.1884920856096,0.4999617834394905,nan,0.0,0.0,nan,nan,3889.1161656166587,0.4999617834394905,nan,0.0,0.0,nan,nan,3835.2471657122014,0.4999617834394905,nan,4377.506972633601,546.8826439076644,1.280938152668939,0.560657150216021,4363.720658501184,8.46802107854001,246.23504440641534,11927.24886066248,1361.3728272625585,3.3949211726906543,1.7793703486017052,3865.00273804466,9.99923566878981,328.2406140748108,13307.081529309478,4280.1446528734205,3.9437075758912257,2.421674473991017,6583.515757758363,3.1863553147596293,60.112153310912426,1582.4740236062034,4505.742928838852,0.47471593260571887,2.595059399854956,6548.1177673957845,0.4999617834394905,nan,6886.25728673137,513.6176887956074,3.118115480656685,0.4349807518948599,6716.7486719862145,3.479561926880793,64.60667623371653,0.0,0.0,nan,nan,6730.82,1.0,13.507659064352907,2644.6582491252943,159.60006966130152,0.7578456320861561,0.2914522055115032,3424.681754394191,1.3369063308067388,42.32519153994536,5983.458972022286,601.5567885464144,1.8136697536594162,0.8971813133415802,3760.0645603545036,6.668924305621763,224.5562863405208,2623.0658680808688,897.9114936422498,0.8074039345820669,0.8453114727664308,4685.911331326576,9.99923566878981,271.0131455203778,4909.966244200782,558.2337938278532,2.0875083944234643,0.5160468139315102,5875.16915178958,9.99923566878981,216.12712798001303,nan,19.610345590541332,41.601291982203755,8.722084137250913,9.130873325746057,12.670430042604607,0.8458229072361659,1.5923140494913983,144.84562407086358,2.6105190430134937,9.474607812192149,0.0838851024413731,1.031492,1.031492,1.0
77d33m52pt28579072s-45d19m21pt29705831s,77.56452383075523,-45.32258251619784,0.5366391711089196,,,,,,,,,,,,,0.201,a3322,7153.263883989061,121.63889153220653,7.508611124930444,0.3487500241122174,5006.841945047856,3.2590748711541133,80.93523262547575,3490.6614285025908,190.38115537040994,3.587363622334594,0.5428102107631874,4959.195503185504,5.226223441730242,132.96390409778073,20204.710823716003,585.4962676797802,19.534565816955983,2.851738252129514,3725.925342885194,3.1961670177611525,106.55460774532852,27822.980046369492,884.398467473591,26.952626553211715,4.30758158342101,3728.7171682238936,3.1961670177611525,106.47488081948885,0.0,0.0,nan,nan,6562.8,1.0,13.853480493619768,13532.109399313587,128.4283395971402,14.832315747296914,0.4037383565428388,4861.409610627539,3.6154490484931703,92.89099191455563,5416.991428781284,118.66025010071593,4.769955667940847,0.37008466706416937,4340.302576593213,3.2087265403452405,91.84838547839547,1608.5153121671592,145.1428235538672,1.2655329346906952,0.4561120682082165,4102.3673774169965,2.3001953288225763,68.00755699839893,118.2703014146109,324.0881490344846,0.08975128771560001,1.0596709575896714,3968.820819012046,0.4999617834394905,nan,684.5944251167559,4951997.370999935,0.47203267580843306,15446.352668684483,3888.73731648043,0.5153155010501996,nan,0.0,0.0,nan,nan,3829.9396222376868,0.4999617834394905,nan,0.0,0.0,nan,nan,4363.220853493835,3.6238711609724152,103.74623649717938,1018.9328450673531,122.54348740754872,0.693680727500327,0.3823335994878388,3868.1308171171727,2.139867214414382,66.54302673047957,0.0,0.0,nan,nan,6583.45,1.0,13.810026928666252,0.0,0.0,nan,nan,6548.05,1.0,13.88468655302385,0.0,0.0,nan,nan,6716.44,1.0,13.536579167464883,0.0,0.0,nan,nan,6730.82,1.0,13.507659064352907,0.0,0.0,nan,nan,3428.8747306490804,0.4999617834394905,nan,1511.2744340924185,182.39737300650037,1.2023516838128263,0.7151570876962919,3757.7141753239966,2.9344241555244115,96.48854288309737,0.0,0.0,nan,nan,4687.478914462106,2.4459324565351954,63.676439154583846,1604.3229830300113,131.75559983260916,2.1418727252191188,0.38245790866467383,5875.283231143855,3.4589732642800923,73.39662475034214,nan,5.823955004469422,12.16023247239672,3.019466919059135,3.3801973890633152,4.817760919648671,0.2628199571831238,0.4810076883489559,45.83053922313219,0.8004574196466323,9.410943271586655,0.09761728810445353,1.031492,1.031492,1.0
77d34m16pt46489436s-45d18m50pt09813663s,77.57124024843284,-45.313916149064454,0.5750586376976505,,,,,,,,,,,,,0.201,a3322,17575.7975786034,560.7744433041228,79.941852772731,6.967282682548658,5006.630839558185,6.1507486562083065,155.38044504016614,382.6346301124486,263.0249643174031,2.218583133725273,4.232591191808004,4958.073007032777,6.068632451775395,154.7601188769085,2099.6413933143936,412.49328172516834,5.289677984530446,5.247211102581565,3722.6561532137393,4.087933258496824,137.61256780183936,761.5574396373781,265.1859420189006,1.92743792801115,3.37335583597997,3729.2262897244577,4.087933258496824,137.50960250338912,0.0,0.0,nan,nan,6562.8,1.0,13.853480493619768,0.0,0.0,nan,nan,4861.5900748237145,4.334025559216414,112.01071581839656,604.3384357407067,58.07827812373684,1.7296662814472057,0.5889957044579629,4339.435731196996,1.5785521722101707,41.49927290183551,0.0,0.0,nan,nan,4101.844964263902,2.390437010696514,70.94231465189768,547.2014742796721,90.09233555876374,1.4047884014161962,0.9962830580703003,3969.254766362292,1.6899064679878522,49.32320101034305,162.88348935699935,0.0,0.38992714777455956,0.0,3887.971346619873,0.4999617834394905,nan,0.0,58.159487381077355,nan,nan,3835.4,1.0,23.704860453545347,246.67498039971213,2839082.0400707144,0.7020532066017533,28328.861805245,4362.20637773147,0.5035852004678948,nan,0.0,0.0,nan,nan,3868.4341661392077,3.3918301290384716,109.21315046338707,0.0,0.0,nan,nan,6583.45,1.0,13.810026928666252,0.0,0.0,nan,nan,6548.05,1.0,13.88468655302385,0.0,0.0,nan,nan,6716.44,1.0,13.536579167464883,0.0,0.0,nan,nan,6730.82,1.0,13.507659064352907,5210.151665864219,643.6762076465274,12.33001944850303,9.66755114634489,3429.417420169918,9.99923566878981,370.65991701749095,161.01383600646267,375.26643582915716,0.4186406647200711,4.805666039835236,3758.587248108077,0.4999617834394905,nan,0.0,0.0,nan,nan,4683.081447157613,5.414710178775572,145.88337168158301,208.59428169276444,133.71026154833356,0.9458385141611394,1.3187861893360422,5873.311343299178,2.6274356424699716,54.872412356040314,nan,5.00756292847872,9.147816165462624,1.5245864394979638,1.604268871364142,3.8341504710013616,0.1327013336745454,0.22108869637450915,14.279227625999944,0.3409076487537346,8.853128012958035,0.33031608043237115,1.031492,1.031492,1.0
77d34m26pt41964476s-45d19m21pt89816852s,77.574005456878,-45.32274949125679,0.5342542479259165,,,,,,,,,,,,,0.201,a3322,249308.32288192012,215.24777575033266,60.01883084853585,0.14153873451491678,5006.845825257513,2.4300107539299285,59.16932050977938,80912.18471914898,187.1825512701041,19.306741181884618,0.12392661468456115,4958.86329400616,2.3482172933999914,57.544914244616244,152556.7908883294,381.42652541350174,20.09656282606138,0.25310903518662903,3726.017259518478,2.3017530870364165,74.92071259461422,216121.83700075248,501.71782839419507,28.52482209710671,0.3329325755284513,3728.76874001539,2.3017530870364165,74.86465497098555,0.0,0.0,nan,nan,6562.8,1.0,13.853480493619768,80469.58936257093,175.25019781491832,19.337985681159818,0.12079526972594534,4861.302183474398,2.535063185759595,63.80794689857295,38756.776411874416,251.51991188028055,6.69625487196706,0.15390989079591744,4340.448893000747,2.172255638767141,60.31570093304677,20814.337733270873,203.3329643934597,3.2327147020797806,0.126183171758965,4101.684901087284,2.139566931461451,62.753491698900675,12125.36008243875,268.90900009071356,1.6853512764137253,0.1609664669659093,3969.631718837856,2.4417976432498714,75.01561512191233,13202.617281841412,995.8118873865373,1.6011081549662085,0.5462741782432485,3888.8629907222194,1.7782804294336851,53.51301501966475,4611.007891199343,41389825.860060245,0.5935076660785563,24933.301447431477,3835.363713935077,0.5058343797689566,nan,0.0,0.0,nan,nan,4363.056251565034,0.4999617834394905,nan,29607.96352004574,645.5932691026426,3.649951448841458,0.3645913655804969,3868.74628104767,2.222241400252445,69.40521785855528,0.0,0.0,nan,nan,6583.45,1.0,13.810026928666252,0.0,0.0,nan,nan,6548.05,1.0,13.88468655302385,0.0,0.0,nan,nan,6716.44,1.0,13.536579167464883,0.0,0.0,nan,nan,6730.82,1.0,13.507659064352907,283.9054255321234,0.0,0.02964318468246698,0.0,3424.8116738643885,0.4999617834394905,nan,623.1243175528505,237.0701870596974,0.07988711793092369,0.14943162276705188,3761.192827651989,1.855609318669926,58.1872567999845,1660.4684896018443,204.5133877687701,0.33923085903028805,0.12776150820658128,4686.4389191719765,5.942144538746644,160.32417347047917,8192.306864480055,202.39399934740445,2.721917677691114,0.14620072022679748,5875.603513219343,2.767675780750271,58.01893351126716,nan,36.295224613660295,63.36271735286758,8.118480212270002,8.500942166859852,46.61776123785018,2.312389238421812,4.126258225089445,383.17645180667904,6.2519292967919275,9.8963156907656,0.04775161690079555,1.031492,1.031492,1.0
7d00m41pt115s-75d37m57pt766s,7.011420833333332,-75.63271277777777,0.798780922619357,31.974569532057863,0,0,0,9.839853055285515,0.05815849108205489,8.12451905910591,0.0008224324331882114,7.99696654406499,0.39063548958012323,59.44281594503663,12.172599832763469,0.388,macs0028m75,16104.333103243964,168.6995487590291,121.65463896956048,3.480835869553602,5006.8614064739295,3.2215508675529314,79.95802511431516,3573.477333460031,333.81678911631553,30.485513191271753,7.899941725530636,4959.495408089833,6.016468623299126,153.4118387498361,6875.408854597153,276.5751501509122,42.354319018283014,8.586635667641024,3725.344462685158,2.6678012983698562,87.95904046334596,11797.37409838417,445.40521158661505,72.82233455525108,13.828184760185376,3728.2465397233655,2.6678012983698562,87.89322722406578,0.0,0.0,nan,nan,6562.8,1.0,13.853480493619768,4795.642595022173,219.97900695706863,39.47928257184948,5.194623665593958,4861.048512801766,3.310341285094148,84.73194750544546,967.1018883460221,92.56389309900509,6.026266311004835,2.042415239394002,4340.858767258393,0.9976785831513793,20.85108940932061,18.01219894432359,499.70309341645896,0.049326056535160825,5.469615836153648,4101.065640693767,0.4999617834394905,nan,415.61171048215414,55.35489667019029,1.7057484044004838,0.9793514103356296,3967.995584363477,0.8919212884071606,17.724993769580124,0.0,0.0,nan,nan,3890.901006239525,2.379515401243168,74.44774043752071,398.614962743013,410366.2249196209,2.1746182942098,10462.01373384925,3837.6454408834984,0.4999617834394905,nan,63.247981662888485,380.85412456558157,0.23288472359459944,4.9132654897092864,4363.644357953153,0.4999617834394905,nan,1395.0645774931593,124.03831472583303,4.648342762186894,1.8931346790551957,3868.91721004432,2.1972690812391993,68.53882529390783,0.0,0.0,nan,nan,6583.45,1.0,13.810026928666252,0.0,0.0,nan,nan,6548.05,1.0,13.88468655302385,0.0,0.0,nan,nan,6716.44,1.0,13.536579167464883,0.0,0.0,nan,nan,6730.82,1.0,13.507659064352907,1353.7126623334455,215.1947519878935,28.699976349507413,29.003734755198675,3427.477122086266,3.2001499353045455,116.03774996545079,1845.7486652114685,161.54912309720729,22.63008754947432,9.752283798716073,3759.084946599203,5.74852895412409,193.19144316929115,0.0,0.0,nan,nan,4687.683503610247,4.473365727006995,120.0442586833986,0.0,0.0,nan,nan,5875.62,1.0,15.473706908126772,-999.0,1.9396131331269673,4.540440750913815,1.2387002882133364,0.9084931773884743,,,,,,8.960444609989919,0.06526345677028152,1.031492,1.031492,1.0
7d01m01pt38s-75d37m22pt757s,7.017049999999999,-75.62298805555555,0.400496466490438,39.10105683874975,0,1,0,nan,nan,8.101499121779751,9.0516366379021e-05,10.739010099790626,0.5051882785725634,85.71129841072573,20.71498363128808,0.388,macs0028m75,8945.637273620543,97.58879764885017,138.00971680236017,4.112305283565378,5006.837855302677,2.2959035489839246,55.598938453485445,3168.8490638326994,130.96790590206118,41.73225846952669,4.785719466658995,4958.808797392684,2.006286834118738,48.27062697857669,6409.314811187729,289.1698630110884,48.24905299946747,10.963891939560467,3726.254536387725,2.451967777353701,80.29168521498558,9607.332287416759,395.1933142478651,72.47488650817408,14.983777173502373,3729.2492021394255,2.451967777353701,80.2316088901027,7205.791264150166,126.97620268624176,105.12870695619458,3.548330664077674,6562.827653552377,2.5146929209881974,46.85383339811624,2619.52760772673,113.46682602664445,28.222606215524458,3.506161710976586,4861.454358843082,1.9312329915364677,47.13653460268604,0.0,56.248614189307396,nan,nan,4340.46,1.0,20.94654063936261,1928.9605540776645,219.25009726208793,64.00608413270514,29.062045470948835,4102.110111978229,2.4474335809053396,72.79047200149535,307.4058674179607,321.6017129967781,3.2496483507825156,14.652715971628902,3968.3053556256655,0.4999617834394905,nan,0.0,0.0,nan,nan,3888.9409634656854,2.801190983433067,88.78896640765133,683.0489779403814,185.51179103649278,9.121316171287686,11.602829726694573,3834.1876943362026,1.1513566641243773,30.34291436257063,799.8248856058495,39433674.27405872,4.987613639784328,861755.5351001209,4363.1381878743,0.5459162158361538,nan,0.0,0.0,nan,nan,3869.3352498031977,7.262421427182365,237.87398638901402,0.0,0.0,nan,nan,6585.935174324931,9.99923566878981,192.88987927331783,0.0,0.0,nan,nan,6549.932398123688,0.4999617834394905,nan,0.0,0.0,nan,nan,6716.44,1.0,13.536579167464883,0.0,0.0,nan,nan,6730.82,1.0,13.507659064352907,7722.413396114279,1045.5107668772498,30.493659194940342,26.453522269763365,3418.4146520003756,9.99923566878981,370.65991701749095,1741.0568883505925,194.68465150540476,16.39738977853848,9.009606764218267,3762.0413667432103,1.4304996324886274,42.24019035571897,1962.61237038794,272.9887485334413,23.58732556563424,10.043627054687667,4683.514437735874,7.761083888214184,210.00954741646404,594.5453681290799,114.03976035265039,13.27764404532383,5.537703293629599,5875.0164906513555,2.9572846962117505,62.256088581658396,-999.0,2.333944302788521,3.1332351909783465,0.12734987453897448,0.06221447244936178,,,,,,7.768078439252885,0.0216,1.031492,1.031492,1.0
7d01m18pt435s-75d37m47pt064s,7.021787499999999,-75.62974,0.4004065039291398,14.112450189234808,0,1,0,8.336385245949215,0.002717525825601489,8.17402855868437,0.00017077476607207836,25.95433771744051,2.6241343905497585,121.62170319047105,16.391074458454437,0.388,macs0028m75,27232.468452738245,431.95724518541925,18.960281228847926,0.8214514367093783,5006.863759982221,6.263278151598103,158.26013237954467,8585.815533863886,274.3865709415984,5.74276977048981,0.5092414823968809,4958.7459050219695,6.494369171139554,165.75864697248232,13107.943772787978,867.7215260592831,17.642209139963207,5.876081310892502,3727.723786143529,4.177483030453357,140.71714814133549,6939.120795845773,818.8384863185935,9.314430122738067,5.545052625290599,3723.8796952649686,4.177483030453357,140.6118599152172,7203.985050892236,655.1746355668506,4.877351235729097,0.8498008089265903,6561.575431443964,6.926354758076374,133.67470741719384,2152.4474699925054,211.79889813442526,1.5088723843648795,0.42589258298355864,4861.008782810831,4.49755763021316,116.34821348691261,861.3983698192748,216.25124654336392,0.5575802558286033,0.49604137285126815,4339.241240504754,3.2036070921314956,91.6945147122504,0.0,0.0,nan,nan,4101.519663621778,5.492196339837502,169.07740376342807,154.83955153658127,3.2449025289348112e+19,0.14007003869155094,1.2642687464639686e+17,3969.4757420017886,0.4999617834394905,nan,0.0,122.47125599405362,nan,nan,3889.06,1.0,23.37778840736009,0.0,0.0,nan,nan,3835.662389689849,3.3698482631547755,109.41697745513554,2951.705826472846,373.90297350912084,2.022654977419449,0.8981980130269281,4362.414383133729,7.709743439148535,224.0264503994267,4569.255347509253,454.67719623908977,3.8638302983088373,1.7587020257565311,3871.1198278544553,6.696442166204114,219.15458956702994,4509.873810256903,876.4287520491699,3.1536008498775097,1.1703195547904879,6581.9134173100665,6.271610280087873,120.52200659066985,0.0,0.0,nan,nan,6546.693237165566,0.4999617834394905,nan,0.0,0.0,nan,nan,6716.44,1.0,13.536579167464883,0.0,0.0,nan,nan,6730.82,1.0,13.507659064352907,0.0,0.0,nan,nan,3425.045075015982,4.297134463150614,157.54857312890962,0.0,0.0,nan,nan,3759.464372019347,5.564814781786394,186.9228554943348,2640.759961041199,1899.262665431139,1.780004127957434,3.920988089540609,4682.217269432715,9.99923566878981,271.0131455203778,802.7877734576365,172.42022263525143,0.636967087638341,0.2976366067610418,5872.372839424587,4.617183629802279,98.88651541646513,-999.0,14.956181705565005,36.54702491303931,7.475845186762545,8.617835046249645,,,,,,9.749875829679747,0.12772533839068667,1.031492,1.031492,1.0
7d01m34pt1974354s-75d38m08pt43216435s,7.026165954278846,-75.63567560120777,0.27319768917090204,,,,,,,,,,,,,nan,macs0028m75,63847.68519142041,443.8871667957493,7.420514727272858,0.14091306201509646,5006.81798949545,5.509028335135593,138.94398629438697,22005.61831860525,587.5330073539294,2.473849298764399,0.18325486202680244,4959.006493602632,5.588639394663899,142.3472561448606,1040.202744648809,9412649025945.826,0.08051694543933567,3657373982.3879304,3731.03,0.9419280000000001,21.534597245939114,1045.4505835749198,1.161898894966502e+87,0.08051694543933567,4.514668269157909e+83,3723.82,0.9419280000000001,21.51848450080361,43021.13914441475,7869.9136482842405,3.3881896836870125,1.1866179674017745,6565.818261407664,9.99923566878981,193.49681168128302,18132.490383013148,988.0912792147511,1.6668738259833782,0.2603147486283222,4863.649507083269,9.99923566878981,261.2208748844296,0.0,0.0,nan,nan,4338.980211739418,0.4999617834394905,nan,0.0,0.0,nan,nan,4100.753405967314,3.2742244912046936,99.27623910733277,0.0,0.0,nan,nan,3969.5505887453232,0.4999617834394905,nan,0.0,0.0,nan,nan,3889.3818289239584,9.99923566878981,326.52642944617054,0.0,0.0,nan,nan,3834.955264095662,2.126790290045641,66.6621295053071,17010.931906234535,1271.5942010224333,1.598233835038629,0.4191849119343954,4360.5231384421495,9.99923566878981,291.0428046557292,21687.199341421765,888.734917615883,1.9379294352187135,0.36389175823402253,3868.3949411400704,7.620580881241354,249.7125733265589,34625.44979628489,8198.653588455241,2.7993503728273206,1.2657350887466867,6582.016207172819,9.53011179903404,183.7945919848529,3689.692718698924,4204.095981000223,0.30938355007335977,0.6767604761970485,6548.524535528454,3.098226857698487,58.67952279157131,5798.126118732752,609.0627749835517,0.8738300291925245,0.17167512481929817,6716.980495022946,6.902516280659378,130.1626780186379,2995.2474334828376,860.9800924987603,0.45497101353325003,0.24406817291508312,6731.428519427073,5.529405759140516,103.7445187068688,0.0,0.0,nan,nan,3426.0,1.0,26.53754284399528,0.0,0.0,nan,nan,3759.5542752269976,1.915529255715316,60.3722877126417,7861.652125317381,846.9534427308957,0.8086472470182615,0.2663417256857203,4686.91386253442,9.99923566878981,271.0131455203778,8490.650603409891,2136.9744111965015,1.1776838073274318,0.6447548385748199,5873.1762588316315,9.99923566878981,216.12712798001303,nan,97.62864298165033,202.74341778949946,44.553448372085384,49.61962692497639,64.73461411008215,3.3530136834696833,6.0066033753981305,527.1180905154624,10.445649240427088,10.24415328975753,0.1609272530092368,1.031492,1.031492,1.0
7d03m32pt925s-75d37m59pt602s,7.059145833333333,-75.63322277777777,0.23106158930052478,139.92084975613827,0,0,0,nan,nan,nan,nan,6.804453366123761,0.38846703158507745,65.18628575981204,15.136279347084495,0.388,macs0028m75,17264.967022985373,170.143589825181,197.27912917579164,5.3102858118148815,5006.838457517061,2.291330428642881,55.476830845427365,5835.7960323181715,176.24249381838428,82.3210923398693,6.898122352436798,4958.828083583019,2.117854708351957,51.315895942818564,0.0,0.0,nan,nan,3726.03,1.0,24.400668213494743,0.0,0.0,nan,nan,3728.82,1.0,24.382410999599827,8991.287283797878,117.56867187580862,2030.528248569739,50.85684229170202,6562.704707425284,2.346261513957753,43.44170019370706,3394.947663292338,190.44500116883128,44.995717061872924,7.2392242792566766,4861.484313918959,2.2294403104980827,55.432755659308974,3295.5913594806575,272.56633336028324,22.583651592955796,6.615404184589362,4340.382468815433,2.363411349207305,66.21093323568716,5842.034499616334,625.5210600076218,50.361371290384945,21.559674087734287,4100.508228813978,7.6682180709011565,237.01360230875272,2034.6025046989455,232656.1279998508,62.734904088120075,30877.438746791307,3970.554170858521,0.7543626814252954,9.016760137713636,0.0,0.0,nan,nan,3889.0602957057204,4.3500546910678795,140.54521431655414,0.0,0.0,nan,nan,3835.4,1.0,23.704860453545347,0.0,0.0,nan,nan,4366.36162066795,0.4999617834394905,nan,1604.1751400933504,86997.18986450817,28.326524695155424,7036.110107492781,3869.047860969674,0.8016848888159656,12.859080849112045,0.0,0.0,nan,nan,6582.826142834103,9.99923566878981,192.88987927331783,0.0,0.0,nan,nan,6548.707348253653,9.99923566878981,193.93267853817915,1314.744592743833,187.0146393245342,52.40095869214932,13.943876454115092,6715.384091793224,3.041551635075633,56.1050017933438,428.29690020817327,10877385.112242773,25.491234200383808,1208364.713703864,6730.493920889327,0.636520711631312,nan,0.0,0.0,nan,nan,3426.0,1.0,26.53754284399528,0.0,0.0,nan,nan,3760.0,1.0,24.18021855944889,263.5050902725847,203.88647066556103,3.292509701954125,7.791062965059447,4686.099073732242,0.4999617834394905,nan,728.0547867010443,187.99169651749892,55.5523237387612,31.185320917976856,5875.708723645422,3.1380123274138025,66.27968103223454,-999.0,3.101949365675077,4.18482618305879,1.4777527378282016,0.2506534551528617,,,,,,7.607432706318719,0.047674478100858855,1.031492,1.031492,1.0
7d04m12pt555s-75d37m54pt293s,7.070154166666666,-75.63174805555555,0.4039211267452194,179.64355579577895,0,1,0,nan,nan,8.077909669732845,0.003291009501640124,7.753650698016723,0.4852054840395351,106.59062053174095,20.996683756205854,0.388,macs0028m75,5870.374122830106,109.22858632123128,305.0225529842513,15.502075741453135,5006.835221202156,2.198668786534061,52.99701312898833,2393.022504855065,135.10630259214648,81.38314686867201,12.747476768826742,4959.163901571516,2.957529347912966,73.77128779756701,2654.395097448244,288.1044339262247,52.35787400157318,28.632272564039848,3725.7439876061335,1.6148778195644329,49.723560345251364,4278.580264965211,393.08178149646733,84.56050530875257,39.06508676172352,3728.5523720251786,1.6148778195644329,49.68635588556619,4909.803961042687,135.69008266684895,118.9785643512833,6.298332591103634,6562.671588040465,2.7440189889368893,51.46939237400779,1959.8989665585077,102.9036589284853,172.7900484566193,26.02130146952216,4861.294313671018,1.710527804016587,40.87314745433976,1622.64120827166,204.16058241255777,20.96094490442409,9.337357294733907,4341.166234502123,3.0388181689147515,86.73464840813736,2033.6106624898566,399.79630605703005,925.0602981722765,726.0398031749046,4103.250219047029,6.016736403662611,185.48023042689357,393.89686395758696,1.9222401584819568e+149,4.465438933213425,9.377180404157328e+147,3970.9982028690556,0.4999617834394905,nan,0.0,0.0,nan,nan,3888.4232236788116,1.9036973548032046,57.95250851756984,0.0,0.0,nan,nan,3836.2289764550114,4.139808124219654,135.4358058180908,0.0,0.0,nan,nan,4361.474939819394,9.99923566878981,291.0428046557292,3052.906632251513,277.769310053448,24.324471806480236,10.1260144708813,3870.7269388077075,3.763502414426734,121.68563507859382,0.0,0.0,nan,nan,6581.782804483234,0.4999617834394905,nan,0.0,0.0,nan,nan,6551.066888086211,9.533524316282529,184.85474773741618,0.0,0.0,nan,nan,6716.44,1.0,13.536579167464883,0.0,0.0,nan,nan,6730.82,1.0,13.507659064352907,2716.8819517267107,276.59172259948593,11.91741752872105,7.711674888532879,3427.660147665095,1.6637503473571724,56.086546181718774,0.0,0.0,nan,nan,3761.978746318717,9.99923566878981,337.7342754526394,1645.5760897360951,492.08287384780755,340.51993359496703,311.40296093242205,4686.161044589223,9.99923566878981,271.0131455203778,1391.7513913723371,269.47945024619764,48.115288797105876,20.251222931980163,5876.457773515216,7.638810044481961,164.81768815185495,-999.0,1.1541367923204737,1.6300810937060168,0.11841445667826919,0.5635078517782577,,,,,,7.828645138092764,0.06593815474472191,1.031492,1.031492,1.0
82d13m07pt1333634s-39d27m50pt76770368s,82.21864815650078,-39.464102139910395,0.72549449344756,,,,,,,,,,,,,0.2839,rbs653,69370.6782695559,815.2470564077302,119.30406919445474,3.8296337988010003,5006.825798620284,6.446272432634384,162.94166735910463,3475.439156267204,738.0486339705296,6.759664646203489,3.9924227924573246,4951.705576527885,9.99923566878981,256.08064588829484,0.0,0.0,nan,nan,3726.222571073393,4.494292013906946,151.68589141047025,588.0157013493979,74.97133328547685,0.3773124443593472,0.24184969400383777,3728.882207634069,1.3740876504459294,40.37042279733051,0.0,0.0,nan,nan,6562.8,1.0,13.853480493619768,1016.0176433603697,252.19874947145146,1.6335053622172908,1.164250330550462,4858.189323219271,5.554547720785668,144.304614277366,483.3123944952858,771551.0744995665,0.5422914220824202,3063.8952162036153,4341.9487193772875,0.5003397449793953,nan,394.99659603080704,119868.95582181371,0.36377165513731735,440.9942660569401,4102.100600187945,0.5016268505762888,nan,497.45465554805105,107771.96442127765,0.3993664332822101,372.59592951219986,3969.709628855061,0.4999803184748387,nan,194.47317237256806,5.181684100153474e+16,0.15005888835284195,180894137643722.44,3888.572626710943,0.4999617834394905,nan,0.0,0.0,nan,nan,3835.24947934121,3.7203111360244008,121.2842974020451,0.0,0.0,nan,nan,4358.709224749384,7.233950761229387,210.08233803002835,0.0,0.0,nan,nan,3865.704205283555,0.4999617834394905,nan,0.0,0.0,nan,nan,6583.45,1.0,13.810026928666252,0.0,0.0,nan,nan,6548.05,1.0,13.88468655302385,0.0,0.0,nan,nan,6716.44,1.0,13.536579167464883,0.0,0.0,nan,nan,6730.82,1.0,13.507659064352907,5008.840140785482,330.6635376833345,2.2700224297537437,0.952660969969793,3427.4986252769963,6.724250829458592,248.51548878967066,0.0,0.0,nan,nan,3762.357096931333,2.912971610014691,95.7404202989478,121.27721623119596,4.500715342408897e+40,0.16487185437166763,1.8719839726938436e+38,4685.002085703007,0.4999617834394905,nan,0.0,0.0,nan,nan,5875.62,1.0,15.473706908126772,nan,12.011785649291232,,2.2949523039488926,2.7732451731303414,9.693799507361685,0.3179110166160281,0.4856942297396811,41.94261067000278,0.6330103772742964,9.155995085698017,0.41073597301111714,1.031492,1.031492,1.0
82d13m14pt38817517s-39d28m16pt76757612s,82.22066338199241,-39.47132432670034,0.283173852195455,,,,,,,,,,,,,0.2839,rbs653,4718.594459638665,284.41999005391364,0.8628758727454825,0.14206310921114365,5006.848358832272,5.550717595059268,140.01262575610684,3641.677654542487,972.5664242046573,0.6302675644801287,0.4675950946049641,4955.231904594046,9.99923566878981,256.08064588829484,44436.17748510617,14147.420646239512,8.335695777676293,13.366444122955569,3726.258063273478,5.4021660308873045,183.0238225138653,61326.1366892205,17463.288177806095,11.524222076825987,16.499266648564735,3728.7682576459833,5.4021660308873045,182.88687933483985,24367.950563900788,4573.784931853068,4.111330603503204,1.477966070791403,6563.358799037832,5.699485555831057,109.72586168138685,15595.285293447569,442.5057331872945,2.7371619422073357,0.22273517975105966,4861.626950730627,5.642049981995271,146.61428023447408,3407.206621901621,295.16346790076983,0.5310254363984589,0.16281960427188283,4341.836647681815,2.1615842974990316,59.984967364088334,0.0,0.0,nan,nan,4102.718976508115,0.4999617834394905,nan,0.0,0.0,nan,nan,3970.625640534999,0.4999617834394905,nan,0.0,0.0,nan,nan,3892.0553673120203,0.4999617834394905,nan,0.0,0.0,nan,nan,3837.046849517292,0.4999617834394905,nan,4238.6232835611045,767.5511569583832,0.6547344583909552,0.41594162371345744,4360.822330661136,9.99923566878981,291.0428046557292,13078.853821436172,1520.5023927463417,2.2767666952598047,1.214050687843486,3866.8133413786227,9.99923566878981,328.2406140748108,46063.34078210055,4762.390966650536,8.918062751318663,1.7601774075179957,6583.794248204875,7.16406346774986,137.87507073931837,3028.7134523125737,2608.875442534802,0.5873459728706792,0.9710333303078871,6550.109778227562,2.7860634368229693,52.43030575931232,15500.742587748799,1370.7932409934804,3.8650252722300915,0.6392299932650619,6717.297382230805,7.703432766882142,145.41449060003643,6896.050049029325,1763.615883318197,1.6676065770723225,0.7958999596283538,6731.516932564643,6.2195848428572,116.89292563078756,0.0,0.0,nan,nan,3426.0,1.0,26.53754284399528,1388.734053415429,369.1596107319717,0.2389438987168803,0.31308102635721935,3757.4748941449957,1.1803015951459381,32.17702631739483,3033.017019192842,317.13556460156946,0.49117380787976805,0.15702665881401215,4686.711688705884,7.0730112711257,191.23058120926197,9257.90745072768,2280.9165380520117,2.2833118317115964,1.225424615878065,5866.514510239911,9.99923566878981,216.12712798001303,nan,71.95730711095385,,14.631503802433166,17.167693765282777,52.198358462968365,3.0317340923338123,5.549283085187353,504.29629011121466,9.110118068444434,9.145479481971154,0.5417581769531719,1.031492,1.031492,1.0
82d26m12pt36229889s-31d45m28pt76413035s,82.43676730524597,-31.75799003620873,0.29797637711991953,,,,,,,,,,,,,nan,macs0529m31,1791.8894561937418,98.66735399246448,16.801244649358217,2.5271897979746805,5006.501978231573,2.7727332032143583,68.21920871520902,717.6099779298243,52.223869324067785,5.3611499998588865,1.0828506467018093,4957.9889211663,1.5713677150679122,36.11779339082641,2165.045984489263,194.424100045741,15.62595728292561,7.071615991155664,3725.415753574168,2.1749583200416436,70.35942507433788,3983.8243092245884,306.41944780915367,28.811825028698195,11.145123812420941,3728.3543262502276,2.1749583200416436,70.3067803245357,2754.3480888544846,104.88080161678835,29.596591526989478,2.158991192389332,6561.818472920418,2.6955269959613313,50.49591045011469,1134.9352589204952,88.92871813710401,9.149864585386394,2.056746734834304,4860.7529980089175,2.0066477028466108,49.24963273973764,415.7922517379126,4104656.598458489,2.8462682139572415,99534.91845821912,4340.010231856922,0.5852730448439101,nan,0.0,0.0,nan,nan,4099.56551344655,0.4999617834394905,nan,0.0,0.0,nan,nan,3970.030681336211,9.99923566878981,319.8627926142355,0.0,0.0,nan,nan,3889.255717175375,4.4658259114754735,144.38375698020994,815.3765025788442,122.2936363943066,4.3071087438117655,3.0241696374226583,3834.9410972154024,2.0779806863950387,64.94391885047982,0.0,36.86603341795843,nan,nan,4363.21,1.0,20.83732430562082,1401.6516528776206,111.81570158391837,11.24111968834037,4.106738567831437,3869.270064917724,2.6883987353878904,85.41640858886248,0.0,0.0,nan,nan,6580.568248439485,0.4999617834394905,nan,0.0,0.0,nan,nan,6547.122390919355,0.4999617834394905,nan,663.9281210242955,98.97339470949123,7.1941073125181285,2.0062265696805617,6715.451863346932,2.302006624238258,41.56825718218695,356.2249223143925,146.19292606545835,4.369293266209749,3.3471057601235525,6730.053073370985,2.5402795012904775,46.187891118775944,0.0,0.0,nan,nan,3426.0,1.0,26.53754284399528,0.0,59.129176723417345,nan,nan,3760.0,1.0,24.18021855944889,2008.1313688108198,473.3362891486094,17.271159207528818,12.436869924793399,4688.849072300653,9.99923566878981,271.0131455203778,0.0,48.484601457123645,nan,nan,5875.62,1.0,15.473706908126772,nan,nan,nan,0.6842795537642322,4.158236715086242,0.762047621766681,0.04170978109816317,0.07662333910780213,3.2029723129025105,0.13856892061192447,8.51765794050054,0.14482365130839597,1.031492,1.031492,1.0
82d26m13pt77483403s-31d44m43pt96416086s,82.43715967611888,-31.745545600239403,0.19629544789501274,,,,,,,,,,,,,nan,macs0529m31,5899.606270629451,110.84782393603243,4.891670647301163,0.25104473912384273,5006.8180969112655,2.5348045080721113,61.946701291843674,1735.9036990052098,101.78707314832747,1.3761495763538085,0.22387482258881367,4959.082639276306,2.1169757951506494,51.29198730698323,0.0,0.0,nan,nan,3726.03,1.0,24.400668213494743,0.0,0.0,nan,nan,3728.82,1.0,24.382410999599827,20990.352816904975,655.4771627631201,24.390936458882667,1.4589382690480541,6562.704747020671,2.4614359274991866,45.777221257312554,7480.918286820455,138.1211999531261,6.712144108532422,0.3554558305704416,4861.256149840498,2.2226131236718403,55.24440814816452,3013.7191670040957,126.65136591497993,2.0015547137070664,0.2979202833409385,4340.371934007498,1.7701259438432626,47.68746271410811,142.6965723199144,2483.779846091531,0.08202860445801093,5.706694374027686,4101.130796933154,0.4999617834394905,nan,0.0,0.0,nan,nan,3980.08,0.4999617834394905,nan,0.0,0.0,nan,nan,3889.06,1.0,23.37778840736009,0.0,0.0,nan,nan,3835.4,1.0,23.704860453545347,1385.1297632952296,403.96117609729777,0.8829126246465351,0.9024738724744208,4362.895382945517,5.75806090903996,166.76309961225056,0.0,0.0,nan,nan,3868.75,1.0,23.500516131444996,4181.16571803898,1855.1667276382402,3.6139968913582714,3.06142412991094,6583.301284376689,1.9612520727908684,35.42855098615439,1292.9066694279718,48367.656144775916,1.1403931976810842,81.90899553523293,6548.039662146374,0.4999617834394905,nan,4375.89459391828,328.55790464551035,5.586423646970118,0.7845625231024221,6716.326690435379,2.4155781736385094,43.82262838128653,2624.4624929230213,449.08631154314463,3.2279978715245874,1.0309624305681269,6730.608762889075,2.170109854628581,38.852516783083125,0.0,0.0,nan,nan,3426.0,1.0,26.53754284399528,0.0,0.0,nan,nan,3760.0,1.0,24.18021855944889,1768.9288669258956,763.9729299792658,1.2416945314729118,1.6425607998952811,4682.093582955641,9.99923566878981,271.0131455203778,737.5718896045656,79.28430656099367,0.857886146335245,0.2005058896129878,5875.262721554878,2.6863431001917,56.19554540654905,nan,nan,nan,3.8914134411731856,3.4441777684903983,19.115121979079028,0.727447966873956,1.2111050378330344,103.05010680122983,1.7053209508306224,8.536083969888448,0.49236633418989095,1.031492,1.031492,1.0
82d26m15pt89151056s-31d44m43pt56419814s,82.43774764182179,-31.745434499482755,0.1964270101740122,,,,,,,,,,,,,nan,macs0529m31,3441.06900872276,149.66593159983563,1.1956749103805466,0.14204582803951793,5006.846440927911,2.4374967238736627,59.368066277495316,1166.0782685406407,250.8895958698466,0.38218060352101263,0.22807082383519398,4959.961891929871,4.349811410326934,110.21724332567138,0.0,0.0,nan,nan,3726.03,1.0,24.400668213494743,0.0,0.0,nan,nan,3728.82,1.0,24.382410999599827,23379.587086520092,984.4724479529611,10.557731983964754,0.8515579590539305,6562.6147073416605,2.726182700383967,51.11146978920675,6207.531580204902,202.7908169300595,2.1986496906044133,0.20601208006994834,4861.33293698379,2.364251899576595,59.13977098725152,281.20623357483686,425.70689070247124,0.08121085879051017,0.43540241771070376,4340.541342827502,0.4999617834394905,nan,0.0,0.0,nan,nan,4102.611225025529,0.4999617834394905,nan,0.0,0.0,nan,nan,3974.118414968456,0.4999617834394905,nan,0.0,0.0,nan,nan,3889.06,1.0,23.37778840736009,0.0,0.0,nan,nan,3835.4,1.0,23.704860453545347,5965.272526275452,1099.8653304843292,1.8139667131165116,1.1714862213304587,4364.234745369582,9.99923566878981,291.0428046557292,0.0,0.0,nan,nan,3868.75,1.0,23.500516131444996,6764.906439643593,2200.897550940574,2.7304650380923103,1.6960197620420845,6583.212543713334,2.363164280401317,43.64777968021294,420.3976662228628,13634.320887770571,0.17046030498906878,10.614186666099874,6548.023440242215,0.4999617834394905,nan,4842.660963852316,382.02888874135,2.4348120261098725,0.35927225006749725,6716.36547031898,2.7617905029633074,50.640326603370134,2919.0120688051156,520.656996313428,1.4642425108034882,0.48745897449862513,6730.777077783895,2.4867423623585903,45.133544997477884,0.0,0.0,nan,nan,3426.0,1.0,26.53754284399528,0.0,0.0,nan,nan,3760.0,1.0,24.18021855944889,120.86948321116735,111.94807291272383,0.034350354253846097,0.09734067258925116,4684.94283727812,0.4999617834394905,nan,3305.243075600793,755.4755561225079,1.487976393046086,0.7395657622085754,5874.731167776238,9.99923566878981,216.12712798001303,nan,nan,nan,9.076902888140191,8.0620263526071,42.227431848546274,1.755599316633566,2.999557817288454,268.6411407888955,4.507392951024261,8.715953277244996,0.1803435483710116,1.031492,1.031492,1.0
82d26m16pt12654003s-31d44m51pt16420157s,82.4378129277858,-31.7475456115466,0.2590966504920136,,,,,,,,,,,,,nan,macs0529m31,15186.787570880577,177.2444531746966,26.631670097639383,0.8489683132303767,5006.842532291898,2.194766123455342,52.89232159385977,5598.71847572147,105.30012146661386,9.662384649732122,0.5042170508659141,4958.941222959062,2.3135617191564077,56.61214219248102,0.0,0.0,nan,nan,3726.03,1.0,24.400668213494743,0.0,0.0,nan,nan,3728.82,1.0,24.382410999599827,16560.716339386225,181.68505950161324,45.92742370709913,0.9651409692376557,6562.589871366698,2.4261973954778817,45.06374040726191,6937.028884211593,79.10732070353104,12.264395361410424,0.40116630640115924,4861.149288004814,2.1201366688819316,52.40925958234816,3819.5742508320473,121.62298230341736,5.139735722172561,0.5796657693632375,4340.31957860805,2.428389357930379,68.2037748947339,1338.538048733251,86.07071403408501,1.470360584909944,0.3777681958940552,4101.735768610064,1.303200302039265,34.11841704088317,486.59173994752234,156461289596718.56,0.5148863879162353,712534981406.1084,3970.727317391829,0.4999617834394905,nan,987.3221327745191,3172324.991047502,1.0000245053640928,14538.927965130719,3888.3832320834836,0.661555233465324,nan,0.0,0.0,nan,nan,3833.77959168941,0.4999617834394905,nan,0.0,0.0,nan,nan,4363.3949203522125,3.711008616885501,106.33636620224854,2143.898205827844,203.99154032608106,2.096152994595397,0.9137191923289726,3868.699245883871,2.628215704668851,83.36348331457839,73.75878605922121,2743.050960034655,0.11128248819539281,7.900981793411653,6583.534866923925,0.4999617834394905,nan,0.0,0.0,nan,nan,6547.057161206864,9.99923566878981,193.93267853817915,2808.9508048118655,239.04879939659196,7.956361349427851,1.2665305328268557,6716.171645322333,2.559169091160782,46.659140156829736,1660.7827502290925,316.8906364945,4.450822130136311,1.5850871147748273,6730.6679516460545,2.5530047178659614,46.43822500689533,0.0,0.0,nan,nan,3426.0,1.0,26.53754284399528,0.0,0.0,nan,nan,3760.0,1.0,24.18021855944889,0.0,0.0,nan,nan,4681.108462520544,0.4999617834394905,nan,1101.4333070459131,202.62062313241287,2.9332103895114368,1.172948348602854,5876.392146632236,6.303987071691344,135.7470838328743,nan,nan,nan,0.28538427797584365,1.1590959640001395,3.4677120451838963,0.1382606805621558,0.2294762928829742,17.510953598395997,0.29483879173724276,7.868486593755629,0.059863817789096184,1.031492,1.031492,1.0
82d26m16pt83227649s-31d44m42pt16421161s,82.43800896569063,-31.74504561433614,0.19666246154875466,,,,,,,,,,,,,nan,macs0529m31,3747.8269419409676,127.29153311640248,1.8592607295550967,0.17248593215288344,5006.792282576556,2.774650524737141,68.26959179021611,3132.6368481629506,740.6978803683503,1.5189846037820929,0.9970482440592281,4957.282428364122,9.99923566878981,256.08064588829484,0.0,0.0,nan,nan,3726.03,1.0,24.400668213494743,0.0,0.0,nan,nan,3728.82,1.0,24.382410999599827,21472.792843186548,875.5290283940948,13.742390356091972,1.0733640533551752,6562.240721856024,3.2293134873988025,61.1552124043088,7533.114853652728,160.25226200041996,3.876264384006478,0.23653533779072983,4861.031012671713,2.67248254638132,67.54439494146523,518.9945603066634,224.71096573831161,0.2103551656985208,0.3226155486236247,4340.150355745156,0.4999617834394905,nan,0.0,0.0,nan,nan,4100.2527224718415,0.4999617834394905,nan,839.8635681576548,8.661099217190718e+23,0.2920854467297093,1.2975472625215524e+21,3969.1857671714993,0.5431102835640271,nan,0.0,0.0,nan,nan,3889.06,1.0,23.37778840736009,0.0,0.0,nan,nan,3835.4,1.0,23.704860453545347,1273.796349041564,206.39513087001595,0.5232388074334843,0.2970769451819821,4363.3839746664535,2.684074191431945,75.60591171309856,0.0,0.0,nan,nan,3868.75,1.0,23.500516131444996,5025.5043576904445,1923.5721982606822,2.777405404067573,2.0297575864698447,6582.924239327924,2.4876359855266164,46.16186452762033,268.6534231633782,1763.3733346605904,0.1481208980860245,1.866722274875286,6547.7185619737875,0.4999617834394905,nan,4504.097277624624,406.3961467180791,3.3300318662658253,0.5620382884208821,6715.911481531289,3.0828473690020672,56.90905333096763,3197.8451174519387,485.7592033741492,2.328745343536409,0.6602529034099149,6730.538494684754,2.8924351092104525,53.0826801762996,0.0,0.0,nan,nan,3426.0,1.0,26.53754284399528,0.0,0.0,nan,nan,3760.0,1.0,24.18021855944889,0.0,0.0,nan,nan,4685.682038059613,3.191994100557915,84.61550379835055,3238.9085315001557,398.0495011269172,2.1688830944747726,0.5796390194787573,5874.5221534258,9.99923566878981,216.12712798001303,nan,nan,nan,6.310514699664994,5.888141922399851,34.05797876298847,1.4295451891041113,2.445142254620263,219.25556113793857,3.7103521277030858,8.573102863247376,0.058206624539835224,1.031492,1.031492,1.0
82d26m49pt05349642s-31d44m54pt96351295s,82.44695930456052,-31.748600975820526,0.29920539297176973,,,,,,,,,,,,,nan,macs0529m31,9920.715169841667,187.89443819960428,2.3613117894615048,0.12215637823816544,5006.803161888365,4.387049172896522,110.1213934969166,3099.459379510938,191.3597221743481,0.7057374945703296,0.12084815765185371,4960.058404912278,4.87649300682406,123.89769101857449,15275.056273491997,2051.132500249112,3.2081190570414684,2.169699912051181,3726.242109738447,3.806095022211335,127.82746409781542,21722.070797867287,3064.4239538898432,4.570110126604334,3.2415655168229316,3728.742150855461,3.806095022211335,127.73182026817683,59559.83432848485,3064.738745304195,14.089413560129135,1.388725709983519,6562.51751060121,5.4907161358360925,105.64391181383387,17659.939173355113,317.1792930595439,4.057741130047155,0.20903567368953369,4861.246190902355,4.348484991488854,112.39440499597399,438.7394753597832,466.8825998566879,0.086018039345907,0.32417869520657155,4340.526827576963,0.4999617834394905,nan,0.0,0.0,nan,nan,4101.776452678447,0.4999617834394905,nan,0.0,0.0,nan,nan,3969.7887303085554,0.4999617834394905,nan,0.0,0.0,nan,nan,3889.0247780758077,0.4999617834394905,nan,0.0,0.0,nan,nan,3835.266843918928,0.4999617834394905,nan,6659.408847619166,834.0430577636278,1.3401112902143766,0.5878587174512581,4364.331070398644,9.99923566878981,291.0428046557292,13876.586081522033,833.718730318429,2.6634718532414294,0.7336136698521266,3867.6068308179197,9.99923566878981,328.2406140748108,14514.266996842982,5548.044434730536,2.965752803599635,2.1643899014198724,6583.220249214088,4.247973765791995,81.02393504668451,0.0,0.0,nan,nan,6548.495180117457,0.4999617834394905,nan,6829.397107885843,597.3755762304419,2.286382237255888,0.3741041288262658,6715.867395203488,4.812170134645848,90.24448765504489,4050.909280347019,786.2015820677707,1.3313129035997395,0.48228756715569193,6730.232782468368,4.648009346901906,86.91208472434573,0.0,0.0,nan,nan,3426.0,1.0,26.53754284399528,883.3640169820837,376.562457171927,0.17372356354907795,0.3653073477565849,3756.34119555181,2.6177500656938846,85.40690230349641,3541.3809491766547,729.1911951107875,0.755872757213917,0.4759330659305798,4686.349912794779,9.99923566878981,271.0131455203778,6041.751498236554,1227.059191619991,1.8810752175549648,0.8308878371232907,5873.975890166942,9.99923566878981,216.12712798001303,nan,nan,nan,16.981075039746752,18.4302311540379,35.30675483745053,1.8096399074034164,3.222700841254648,297.43571179031,5.082276919744324,9.373155236239393,0.06786858609356776,1.031492,1.031492,1.0
82d26m49pt75914006s-31d44m55pt76347245s,82.44715531668409,-31.74882318679089,0.29914207295975515,,,,,,,,,,,,,nan,macs0529m31,8575.022421400676,185.7659649141509,2.263919416058457,0.13396290008877076,5006.797286009224,4.284641865284923,107.48283980617083,3744.8641068571696,266.1148122989978,0.9428322069804724,0.1858204213578873,4960.101621696978,6.128149420965269,156.29826522234137,16928.831667945415,699.74014758134,4.09528813872469,0.8528085702141935,3725.849941204326,3.196558798380332,106.56832705002282,19827.11349027073,931.9985332928117,4.806253868602781,1.1358735658750754,3728.784962717211,3.196558798380332,106.48858985904293,46462.77591854106,2335.020715676974,12.317189088965259,1.1858163944854205,6561.9879747379255,4.134527605978153,79.04680802735616,14175.099010332191,250.99312571373488,3.611979856723587,0.18346257457548937,4860.942769667774,3.4994647438463815,89.79297210580972,1373.6026812331913,182.60163610471926,0.30215462113542574,0.14229782996171736,4339.881186225077,1.6266437256329287,43.067390502307866,0.0,0.0,nan,nan,4101.439679924943,0.4999617834394905,nan,0.0,0.0,nan,nan,3969.582148625969,0.4999617834394905,nan,0.0,0.0,nan,nan,3888.9174218268827,0.4999617834394905,nan,0.0,0.0,nan,nan,3835.407184879593,0.4999617834394905,nan,4681.0859542565695,483.73246095715564,1.0347236492050795,0.3747320155578698,4363.044331673253,9.99923566878981,291.0428046557292,12219.00117534981,733.534513863058,2.621180327849317,0.7216020985918352,3867.12135562576,9.99923566878981,328.2406140748108,13283.464151529543,4429.121650462781,3.148689306884169,2.004619044251467,6582.6371527585125,3.4265048081630467,64.86400329376607,0.0,0.0,nan,nan,6547.165018447335,0.4999617834394905,nan,6222.355799839797,531.2870365505956,2.334226368967256,0.37283307663273424,6715.5834036649285,4.180022547895639,78.11344338637134,3807.146203492236,696.1466209278815,1.4091269584754864,0.4809690805289061,6729.903659236528,3.843018389657137,71.47278594077403,0.0,0.0,nan,nan,3426.0,1.0,26.53754284399528,267.34050944790187,785.9649519474647,0.05835438564764211,0.8437986292151209,3760.6410764812413,0.4999617834394905,nan,1845.6698320469543,376.88115724699423,0.42871254467828485,0.267614719593407,4687.1597297949465,9.99923566878981,271.0131455203778,4293.070172632623,735.1767074660307,1.5031623535979863,0.5595429107026536,5876.4622485910395,9.861292934121117,213.1307964073865,nan,nan,nan,16.13404735522861,18.026995606960295,33.292199974197075,1.728228620540867,3.080186048173644,286.64276170231074,4.8776032800303755,9.303191170568816,0.5110749667166565,1.031492,1.031492,1.0
83d13m31pt00166154s-37d01m45pt11213223s,83.22527823931703,-37.029197814509274,0.27305110544651545,,,,,,,,,,,,,nan,rxj0532m37,24408.017846764167,133.15302742684435,15.628961847140555,0.23288020415076294,5006.859883659825,2.6699033677517723,65.51344705546371,8305.545451981601,179.04895921526725,5.2844332580330855,0.31607688610212054,4958.9570976238965,2.7381318238791623,67.96012200520983,0.0,111.50863167865684,nan,nan,3726.03,1.0,24.400668213494743,0.0,109.99279262433421,nan,nan,3728.82,1.0,24.382410999599827,57744.0316253322,1452.3522872342312,46.1418502184285,2.222999648120965,6562.576174562485,3.031174700239408,57.21158925932863,21419.87957121891,135.67394344799322,14.371158824590783,0.2610971019985873,4861.17763155577,2.61676508336044,66.03127405126155,7913.5868135160445,151.40787487121392,3.6767237620388973,0.24915890081105185,4340.299273348082,2.1399995831586334,59.31541072196867,2875.069876735931,135.95947220355828,1.1596276417406368,0.21912864039034696,4101.555094471412,1.3496958255043425,35.817531888006556,257.919305390274,595.6902848514399,0.09662403033010952,0.9606593893696834,3970.3576844367635,0.4999617834394905,nan,754.8124673070079,1147422706.0779526,0.25750677066579597,1770690.5052763952,3888.8744128344374,0.4999617834394905,nan,0.0,0.0,nan,nan,3835.554881501961,0.4999617834394905,nan,646.7888021216056,45420923.435730346,0.276566498300216,68070.73124536808,4362.897205063672,0.6125600526678099,nan,8398.951036875247,378.0912273942604,2.9685299206854214,0.6123503110553079,3868.3168973386064,7.0067644456095355,229.42020337938567,5307.88687721539,4708.894547673554,2.412100464203127,4.085620014044218,6583.081255123476,2.141023473197672,39.12752485301228,0.0,0.0,nan,nan,6546.828832326248,0.4999617834394905,nan,11437.292759693455,864.8005012384134,11.06465455637515,1.5649323832177457,6716.07513810578,3.2559291275869686,60.27295641423355,7111.698673167563,1138.503344081912,6.43768812164515,1.9236020347740181,6730.544309189802,2.925965926331685,53.73609681969728,0.0,0.0,nan,nan,3426.0,1.0,26.53754284399528,1758.5113889265856,252.9927627964426,0.6780486997428409,0.47912061109026577,3762.6880536950903,2.8332603217041603,92.95759518059822,2267.014514016302,456.81007743072365,1.2322357051442985,0.7572899002915969,4693.20726130134,9.99923566878981,271.0131455203778,2839.9071765259696,104.45280724417354,2.6511117862571774,0.21200671713369298,5875.360029,3.1422024523275796,66.37281424822702,nan,23.498145238660516,33.2650397219419,1.283309856310586,2.68893995481012,18.930618041717537,0.6968979359950729,1.1421567553480312,94.9202727473852,1.5119897681099168,8.48827482190018,0.033332606986264154,1.031492,1.031492,1.0
83d14m11pt83589649s-37d01m13pt31319679s,83.23662108235935,-37.02036477688699,0.5534435736532162,,,,,,,,,,,,,nan,rxj0532m37,28606.568143724373,239.8250647145531,34.868233219968396,0.7984406885134828,5006.859893660865,3.187327303900728,79.06627683579967,9194.885213994332,122.89564627683436,10.62375305038897,0.3939676731600983,4958.944898006761,3.0967089368012424,77.44404925989556,32601.843683146904,480.3960365559151,24.178794278966503,1.7947110134768758,3726.0300574286666,2.7442077925097075,90.6616928187732,41127.04850418834,650.4689054544598,30.557920831817707,2.4300860534004203,3728.6815942594094,2.7442077925097075,90.59385738478485,0.0,0.0,nan,nan,6562.8,1.0,13.853480493619768,13796.741717904242,134.3340431659759,16.37790156722881,0.4573991497978229,4861.1993694780385,2.9981358103148232,76.34615134506895,5490.287062112693,96.60366011432443,4.637386377147756,0.28900592536537173,4340.325657646033,2.532999591935452,71.40214023192044,1809.8942744904377,89.4312755322357,1.2918679744450317,0.25504286485045413,4101.812116934221,1.2886491592673441,33.581744979658815,178.70017904031818,120.7122148956562,0.11851711157863526,0.3447258006565858,3969.895299968592,0.4999617834394905,nan,0.0,0.0,nan,nan,3888.691405361058,0.4999617834394905,nan,0.0,0.0,nan,nan,3834.4417991092073,0.4999617834394905,nan,125.85698723867542,284.24694563240877,0.09640608487771445,0.7627977858362578,4363.797354769485,0.4999617834394905,nan,3762.976776377776,161.66181079811219,2.2664306601770754,0.44612126235242583,3868.5072673004333,3.6252580554574076,117.05242522938029,0.0,0.0,nan,nan,6583.45,1.0,13.810026928666252,0.0,0.0,nan,nan,6548.05,1.0,13.88468655302385,0.0,0.0,nan,nan,6716.44,1.0,13.536579167464883,0.0,0.0,nan,nan,6730.82,1.0,13.507659064352907,3168.717622880415,464.8736013479592,1.9394505336764534,1.8132125665839263,3424.693415346885,9.99923566878981,370.65991701749095,582.6766054201844,9314120.250052111,0.40168571023566796,31619.931504455595,3758.8413670004174,0.5119424503568006,nan,259.06349551458726,68.88557622417174,0.25962211696644244,0.21092410241364912,4688.545711847361,1.0769366753327072,22.236197686152085,1420.172856521096,172.01562959700806,2.8878860593181863,0.7606478560271028,5874.588983428839,3.913288030697047,83.42368928243174,nan,9.996831905272268,14.942818442759313,1.8600958909211553,2.104007389052815,5.529330464693644,0.2659436161068119,0.4800854367531639,49.55415028829408,0.6594591313170624,8.955735079258023,0.15037513096437669,1.031492,1.031492,1.0
83d14m19pt60251085s-37d01m34pt11295918s,83.23877847523715,-37.026142488662046,0.3434483003154005,,,,,,,,,,,,,nan,rxj0532m37,17263.4068882666,50.693727740407695,63.68734839973003,0.5108197573468005,5006.83929978648,2.1725023915219315,52.294675156650484,5599.07208857554,56.555697486621646,19.316800875028704,0.5413701350883332,4958.900748923621,2.2316430071782296,54.401524597508455,10164.288259609544,230.7753205642649,32.22586095362416,3.6860561813902555,3725.8903273573255,2.3686221870255952,77.31563889081212,14723.533029819895,310.4646917599879,46.77245707660435,4.958893755914602,3728.6961788113013,2.3686221870255952,77.25778932110768,11693.673274595654,150.9139792774027,112.16826302493875,2.7727787560411046,6562.761165392957,2.433502754853864,45.21172923204749,5237.949657082916,82.37774750000666,23.45023976858379,1.0578312660370013,4861.245721681004,2.1900869496068465,54.346194128185836,2454.6413889532214,105.22734843845265,8.055466200517557,1.2231189659252546,4340.3133359983585,2.4833353807501877,69.88515482853488,266.3573529172389,460.8160164879131,0.6127388882198238,4.235290571690572,4101.871135525206,0.4999617834394905,nan,121.82426530475396,125.43202865060053,0.28186443329214345,1.2500657575905127,3969.306506608848,0.4999617834394905,nan,0.0,55.274012645701724,nan,nan,3889.06,1.0,23.37778840736009,0.0,0.0,nan,nan,3834.765558392329,2.3141372469376256,73.21567261053677,581.5295345074425,290902.773031166,1.6673170631535108,2922.9403056667506,4363.104744049346,0.6710482986301499,nan,2114.94847846894,103.61927890707197,4.268032365272159,0.9579199012181289,3868.7757888379274,2.214265285096312,69.12861202177973,0.0,0.0,nan,nan,6582.644677836341,0.4999617834394905,nan,0.0,0.0,nan,nan,6547.691365063045,9.99923566878981,193.93267853817915,1230.4429855101127,146.6536724937776,10.906671260212603,2.4315547005496394,6716.14647112869,2.306429623338041,41.6562539784633,929.687025816962,191.14160511759107,8.363147050180824,3.2093078406126407,6730.561978419295,3.2881128969841042,60.76735492549242,0.0,0.0,nan,nan,3426.0,1.0,26.53754284399528,840.4943171095501,9764238.682836372,2.399119893902508,137217.3615862459,3759.201469863203,0.5604602167297258,nan,518.5650336014236,102.26426705221375,2.1496439121412734,1.2974359384464509,4684.130846884029,2.327642530424673,60.31456033685145,516.0176844778681,134.39347195225372,4.850489022013517,2.7465603169281665,5875.528622344216,2.5112555413543083,52.25604961284954,nan,4.042670532763692,5.1515230972895685,0.2463098804875626,0.1509046096727594,3.6345526549290326,0.10557947556093308,0.17845193319529476,12.285941209272268,0.17597970337209834,7.9206428443666885,0.04552897553851985,1.031492,1.031492,1.0
83d14m26pt36626535s-37d01m32pt91263786s,83.24065729593194,-37.02580906607291,0.5530582613876898,,,,,,,,,,,,,nan,rxj0532m37,140808.81319118355,249.2936623299865,93.53312717100681,0.4523067962314816,5006.843138229107,2.1037822206861976,50.44536552775492,47588.06330421051,128.04883415319,32.031754605051006,0.2391395501587912,4958.940405234394,2.10498785015896,50.96576286065047,101109.12501015485,215.42602558407913,35.48252933378515,0.3808110868286245,3726.080934126994,2.0765144426277233,66.79700438370321,140128.34164173374,268.66021847430875,49.26981203819421,0.47491378772564735,3728.8214785654586,2.0765144426277233,66.74702512961466,0.0,0.0,nan,nan,6562.8,1.0,13.853480493619768,48304.691521538174,104.91369145631695,32.577791086260085,0.20294348401885087,4861.311019785985,2.0863732347005404,51.47159226548523,24327.52852272207,131.162470093997,11.223368554809436,0.21430851043185684,4340.474582103206,1.9454804164042376,53.24121376058726,12750.92153954937,161.6495117658322,4.981031540478675,0.2523037270055692,4101.758232635578,1.7665306040638336,50.34146211128312,6038.545287335714,171.5911355271608,2.0487458720128715,0.2506517807897367,3970.0754289186084,1.680677189861991,48.9978487869502,7603.508616577514,565.027232928509,2.2253920001298257,0.7480630302213336,3888.849720375747,1.59409446060125,46.88303148768568,580.535431218454,240.93698869368694,0.1824531718260145,0.35438422697443756,3835.3903783732417,0.4999617834394905,nan,0.0,0.0,nan,nan,4363.493602821208,0.4999617834394905,nan,16739.801174215307,377.95086393334526,4.9443150262362945,0.5113955068623461,3868.757579783552,1.9962659772790594,61.52062509151006,0.0,0.0,nan,nan,6583.45,1.0,13.810026928666252,0.0,0.0,nan,nan,6548.05,1.0,13.88468655302385,0.0,0.0,nan,nan,6716.44,1.0,13.536579167464883,0.0,0.0,nan,nan,6730.82,1.0,13.507659064352907,0.0,0.0,nan,nan,3426.069669349097,5.970710455257585,220.34147126286172,2998.183111713237,257.7532193289441,1.0289441410269964,0.4347231280721141,3761.8296888574982,4.217179389575642,140.80900189422906,0.0,0.0,nan,nan,4686.078728578263,2.459801330465108,64.06960738246964,5244.971884463539,171.08786053675016,6.634551335266617,0.4705158966105797,5875.564498145638,2.4848263512186404,51.6594932946113,nan,15.922518874127345,22.979378105591124,2.5626346883494517,1.9022550941905114,11.22869064504091,0.47672986532928663,0.8383307461483466,75.23339763145016,1.125657899863265,9.365016979681412,0.028297414725912767,1.031492,1.031492,1.0
86d45m26pt03284796s-39d04m22pt53238582s,86.75723134665522,-39.0729256627271,0.32514688423549853,,,,,,,,,,,,,0.3142,macs0547m39,1507.0624671234557,93.61595955249682,1.6983633074086222,0.28840708105093743,5004.205192678188,2.613348919607919,64.02210359392512,699.7600202313092,79.18647457478743,0.7788724374530575,0.2446916838042716,4957.148832743318,2.2587308319487356,55.13343410182217,22003.707906138316,307.3572918737127,22.18422358027137,1.5615044390958408,3725.5400363633335,4.961709048325867,167.8349114144733,21546.48171095166,323.6923969927344,20.756287686267424,1.571289795174368,3725.5428859904496,4.91010197349097,165.9293625706325,16488.713831228077,603.9961330967087,22.368707221643273,1.5704072355793834,6559.04796227683,4.118522003430097,78.73175321955178,4764.375995002307,125.45572884911893,5.539885057546381,0.4188060602759236,4858.560833722345,3.322548989198694,85.05901545419592,0.0,0.0,nan,nan,4339.364169058732,4.545501733079765,131.73380730211616,0.0,0.0,nan,nan,4100.911604347917,6.78351116190568,209.42367179585682,0.0,0.0,nan,nan,3970.1380354890484,0.4999617834394905,nan,186.67239468942637,234.8382220923043,0.1468915627263881,0.8334098241216975,3893.6599673166875,0.4999617834394905,nan,0.0,0.0,nan,nan,3843.145090182954,9.99923566878981,331.09476865566154,106.29926732451806,82117.67149722144,0.09688154400454496,262.2124361283282,4363.700901754663,0.4999617834394905,nan,3637.016286620127,233.97004146466452,2.9251770718605523,0.8628127504125667,3867.3634297581966,4.304860582188234,139.77597846626645,0.0,0.0,nan,nan,6583.207588579349,3.885444174063249,73.90692645325356,0.0,0.0,nan,nan,6549.072364105938,6.057936093962224,116.99217011868713,3370.7039119891924,289.9459750278153,5.2994133630532225,0.8531217752609577,6712.676454811393,4.161839478714331,77.76382433687685,1820.8202489242124,409.7878565630142,2.806693870508902,1.1796490272594002,6726.82307113759,4.00221027094669,74.5329631014528,0.0,0.0,nan,nan,3426.0,1.0,26.53754284399528,1056.4285855855442,191.8836893125341,0.8396820601754226,0.7508883654424579,3759.1708507925046,3.0685911930122187,101.1602056329179,0.0,0.0,nan,nan,4686.59600434972,3.0792954107535833,81.47417218086518,689.8235675816258,152.17614772434382,1.0406261421422316,0.4994069957505312,5872.703140523618,4.130980494394217,88.21370134687658,nan,847.1101219658053,1279.7834824934437,26.55964903200122,15.05045394734006,4.785000010815627,0.2556996139924527,0.4541237041111811,44.95113450373563,0.6644220628476418,9.90187198827438,0.16977644646524834,1.031492,1.031492,1.0
86d45m44pt32479652s-39d04m35pt33183885s,86.76231244347804,-39.07648106634725,0.31897381130750047,,,,,,,,,,,,,0.3142,macs0547m39,2864.650060351319,231.10104883971457,0.9828103270835544,0.2165374018031603,5007.223638950715,6.171552517807072,155.91287747231928,0.0,0.0,nan,nan,4954.919402367189,4.59550339014412,116.60365696809917,13935.965153832769,3279.626943070855,8.174463877987893,9.686126313177816,3726.6866536818807,4.454380255800403,150.30519370695006,27164.31569673141,4907.026992622254,15.962274188428642,14.49252738124165,3729.240283326556,4.454380255800403,150.19273145603898,15211.286409421074,829.0553663227377,5.903490834239476,0.6161314499159969,6564.492021813435,3.8475198623290914,73.39143028251392,6710.614318446792,219.50489103494164,2.1394733522506346,0.20063408227281218,4862.596262393869,2.9770417399946276,75.77791497153201,9264.052353861824,278.4786676043824,3.1680053080043957,0.3370304997132482,4342.007943435883,6.19348322163615,180.4972058436608,5133.826983179448,393.74457766668525,1.8114575486236553,0.5554363313478521,4100.6523684334425,9.99923566878981,309.59640827210086,10535.205252916176,1873.1334925971742,4.501184950709244,3.439619608232361,3973.043328749064,9.99923566878981,319.8627926142355,10534.631345153934,566.1867207655146,5.492702379928901,1.3320800801761747,3892.806778694533,9.568595240994064,312.3929831736559,1652.6282425619577,210.78019366522267,0.9645428049737981,0.5760372601491738,3834.586546713522,3.3274845868441867,107.97901142128121,0.0,0.0,nan,nan,4363.189342656365,5.864448124816952,169.8900456404716,3806.0730047757556,1040.1308249053445,1.902377809632234,2.3686428259301158,3877.412687116112,9.99923566878981,328.2406140748108,5897.209916984256,1452.4560888230892,2.181657345080362,1.0255691332991512,6585.168257103392,3.43393121233331,65.01070143173686,994.5342743338546,1271.270468161718,0.3778059803756122,0.9270019669024014,6549.410984769564,2.5681972875830117,48.04149272453314,3735.7544509027593,316.5696130252297,1.6570525659215334,0.2625791564988064,6718.1000133979605,3.9555962886485156,73.79497135528614,2047.459630498936,433.8970225046269,0.8973500703401792,0.354841066095692,6732.452727040813,4.03226871585069,75.11033674621075,0.0,0.0,nan,nan,3426.0,1.0,26.53754284399528,5816.98524152263,542.7277667955036,3.0134219874303025,1.381993460256817,3761.535898694182,9.99923566878981,337.7342754526394,639.1154453021645,4118319.79873262,0.19397060592397267,3822.9384140106195,4685.797090040987,0.6199497681912323,nan,3185.467501446161,1042.9744743742312,1.302497544978136,0.9252026049768036,5885.62,9.99923566878981,216.12712798001303,nan,nan,nan,0.05437909116365371,0.39106823016907816,11.46438457850306,1.1116974031896347,2.1718725954116627,211.25928844349286,3.892688465626528,7.4879046872341535,0.0216,1.031492,1.031492,1.0
86d46m00pt55633295s-39d04m40pt73068874s,86.76682120359628,-39.07798074687324,0.04832722115383703,,,,,,,,,,,,,0.3142,macs0547m39,315778.4053444027,388.62811289388713,31.955935663226064,0.10742126861931589,5006.838196478772,2.9139079792511824,71.92296677689095,107791.6899111505,384.1844096301177,10.404660871510286,0.10289251116787568,4958.882725711956,2.9399881343530816,73.30770026794204,0.0,0.0,nan,nan,3726.03,1.0,24.400668213494743,0.0,0.0,nan,nan,3728.82,1.0,24.382410999599827,307205.21294729906,3229.7129885960917,48.87867066047644,0.9842876882837884,6562.752359551468,3.0395798470134583,57.379155317383116,119994.62338013551,687.1835506614885,12.24470382806234,0.20113159842924522,4861.242205647129,2.8318335851984218,71.85957457209186,0.0,0.0,nan,nan,4340.46,1.0,20.94654063936261,0.0,0.0,nan,nan,4101.73,1.0,22.16567686891332,0.0,0.0,nan,nan,3970.08,1.0,22.900702702093618,0.0,0.0,nan,nan,3889.06,1.0,23.37778840736009,0.0,0.0,nan,nan,3835.4,1.0,23.704860453545347,0.0,0.0,nan,nan,4363.21,1.0,20.83732430562082,0.0,0.0,nan,nan,3868.75,1.0,23.500516131444996,5262.782800827925,112697.38787492232,0.4354055473122746,17.800366632236067,6583.498924266933,0.4999617834394905,nan,0.0,0.0,nan,nan,6547.7530568329175,9.99923566878981,193.93267853817915,42671.83101871579,3452.827495120336,7.0236726575901285,1.063017678938379,6716.418760650922,2.8937010104710725,53.221060967931145,27071.75093768556,4723.27535487742,4.2584382765735995,1.386714587864946,6730.768322082221,2.7317806570627674,49.9451330195927,0.0,0.0,nan,nan,3426.0,1.0,26.53754284399528,0.0,0.0,nan,nan,3760.0,1.0,24.18021855944889,443.25629780962225,56690644.21891392,0.03698639984948998,14470.925468410649,4685.334712074919,0.7134398134490192,3.7447741773788175,12847.573774021623,308.5079168974256,1.8595929743476451,0.09708209836806933,5875.679692172099,2.9956414909118587,63.111169539228726,nan,nan,0.1102923993696249,0.18226932472913399,0.12056866918239377,80.53632989868922,2.9009014438920935,4.598863465676482,377.6463556869559,5.541046355218053,6.233020221158477,0.0216,1.031492,1.031492,1.0
88d19m48pt8284935s-33d42m42pt89990813s,88.33023013708375,-33.71191664114773,0.7300043801847442,,,,,,,,,,,,,nan,macs0553m33b,25714.62837642129,98.80547963602594,1276.7754536260452,13.399904049087736,5006.842235734503,1.937547145553583,45.93886465926384,8617.419116779181,88.2042227351038,225.0460493325536,6.391200058385597,4958.900263101812,1.8804969964318694,44.808548387945386,10527.346981852741,103.497737573993,50.625352601799214,2.507121082370569,3726.054129625856,1.8866863145060069,59.8627248413286,13790.56934978309,120.29974181121123,66.44709291104661,2.914131515995686,3728.8407225836186,1.8866863145060069,59.81793399534856,0.0,0.0,nan,nan,6562.8,1.0,13.853480493619768,6435.645250029809,116.72755699085356,160.94142567936345,8.372510898521147,4861.337709139837,2.003128085637263,49.1512696432077,3007.243284701681,58.59756837759044,29.56644904197753,2.040330277463501,4340.544885624661,1.7489140964602696,47.009318711955565,1748.7833550384307,44.694168480202976,11.258993061517899,1.1497591418172783,4101.66964353798,1.4861596867765257,40.690425897671666,1510.1575417426811,93.13121721451883,7.9786382673818945,2.1196663377888223,3969.1208253179652,2.083804567214055,62.93909183100879,1592.8062690184988,115.6511104491631,6.08913350637359,1.999917736206661,3888.873845817915,1.6194832922962572,47.806382376318595,248.08403148181847,84.80984702969529,1.405500157127883,2.2511594612854426,3833.686489062504,3.269299543241404,106.00262545518095,16.209690337094017,295.45896056744334,0.09215003412807922,5.887472846534109,4362.680338865332,0.4999617834394905,nan,3092.8728188341447,82.61568299661509,14.011308546401068,1.7147516186970306,3868.5526890736037,1.7824637001538406,53.943663385643845,0.0,0.0,nan,nan,6583.45,1.0,13.810026928666252,0.0,0.0,nan,nan,6548.05,1.0,13.88468655302385,0.0,0.0,nan,nan,6716.44,1.0,13.536579167464883,0.0,0.0,nan,nan,6730.82,1.0,13.507659064352907,0.0,0.0,nan,nan,3426.7759720663657,3.8445673895275383,140.4760695267589,0.0,41.84946171360076,nan,nan,3760.0,1.0,24.18021855944889,318.3920852260169,44.060234155885055,3.4820521135334976,1.4754822356089103,4682.840924133129,0.9883319445340945,18.956827243244227,0.0,0.0,nan,nan,5875.62,1.0,15.473706908126772,0.849394771157883,1.2429292768372273,2.012629430952609,0.500739348837015,0.3317954379777776,0.4292147643075515,0.026086422338142536,0.045682062880187876,nan,0.03876664310991375,8.793817211792827,0.0216,1.031492,1.031492,1.0
88d19m51pt9540592s-33d42m44pt29998123s,88.33109834977691,-33.71230555034175,0.7303612048554116,,,,,,,,,,,,,nan,macs0553m33b,12898.037896835363,99.25003958550862,42.35538478058814,0.8902292975041807,5006.8434771898155,2.7988335988783573,68.904869392955,4492.5403271277655,89.87403070508944,13.455378940717289,0.746847958206427,4958.933814820627,2.7978137239981624,69.54382158908756,10550.415665392418,136.37614907806886,26.170186988996974,1.703837629179014,3726.1952046276465,2.2134527948391782,71.74721774225402,15842.59567878168,185.28630159005985,39.37306153336153,2.3149045852573047,3728.9521072189896,2.2134527948391782,71.69353460992237,0.0,0.0,nan,nan,6562.8,1.0,13.853480493619768,4629.483475248781,149.8674538706295,12.488542342922585,1.1595352039314626,4861.3982883276785,2.6146887457158208,65.97483988933794,2374.4687217500996,66.53519793170013,6.727209650183999,0.667568373068044,4340.615991616953,2.335670524596318,65.35855641783019,1192.7826630606373,65.59721370511664,2.846820222254582,0.6256136481348608,4101.544177375923,2.7636339886649544,82.98091937599726,75.93244644333161,142.80287885158327,0.14952995273576894,1.2116427226451416,3968.8444647348315,0.4999617834394905,nan,611.9055014578429,517674.85092857166,1.199806715835126,4591.576138955868,3888.844337811596,0.4999617834394905,nan,39.19243612601396,61.498760859883625,0.08511341543606665,0.6251840249996609,3835.0437767882995,0.4999617834394905,nan,0.0,0.0,nan,nan,4362.063911559437,9.99923566878981,291.0428046557292,1518.5352686504787,75.43926470323686,3.0584495788274335,0.6960370472441285,3868.783973502605,2.8445872434056962,90.72918439073031,0.0,0.0,nan,nan,6583.45,1.0,13.810026928666252,0.0,0.0,nan,nan,6548.05,1.0,13.88468655302385,0.0,0.0,nan,nan,6716.44,1.0,13.536579167464883,0.0,0.0,nan,nan,6730.82,1.0,13.507659064352907,0.0,0.0,nan,nan,3426.2489218347578,3.0749194472842687,111.26380465357049,1577.4352316853017,148.12113697872593,3.869874671025293,1.7859105476946942,3761.7543420322136,5.253521277800179,176.29328655449433,355.5338516856322,81455.75906619249,0.9996620854057137,699.3831269439553,4689.995310366603,0.5346543014638936,nan,0.0,0.0,nan,nan,5875.62,1.0,15.473706908126772,1.2326372887029975,2.5624087519463643,5.798598708657461,1.5327224423026886,1.0827078851474228,1.3278487638203587,0.06882681863995248,0.12433968378204369,7.140026807368861,0.2532567972698645,8.999480429852854,0.056789522017474336,1.031492,1.031492,1.0
88d20m26pt81459385s-33d42m18pt69931468s,88.34078183162464,-33.705194254078826,0.32209183262901964,,,,,,,,,,,,,nan,macs0553m33b,6012.608017616492,70.07192953145572,18.43665562441006,0.5868819497795292,5006.834836106922,2.075741206209363,49.68864168019345,2098.299042491073,73.1895137759801,6.257440515349214,0.605573863952314,4958.969368162544,2.3241934890379947,56.89844823395967,7939.316847332877,333.4258684030055,29.316189823387663,6.203013358289875,3725.7782759714933,2.664506196040574,87.84236083891939,13886.84255060271,540.479989975612,51.38377694438504,10.055022466507818,3728.7408349334614,2.664506196040574,87.7766349023656,9494.999142597146,186.20802816220777,43.96635825934811,1.6515423794359398,6562.774903776463,2.282444615050843,42.14288495833154,3459.0549681864914,85.53249369654066,10.981368313204516,0.7788483247025862,4861.230925507033,2.16668965530583,53.69913992194263,1685.246090603445,82.86944462614501,4.206545947215401,0.7325338240803231,4340.639776986993,1.9176475988484716,52.36530272782437,531.4003560986858,92.00815700094687,1.127798523731164,0.7799763289252092,4102.2925297616575,0.9930947576406283,21.86455121426151,963.4470567599254,10286614.680501958,1.714881468674277,78821.61829000128,3970.2837549845226,0.5962813120391108,nan,0.0,0.0,nan,nan,3888.658240543846,4.942357337654055,160.15933333720108,0.0,0.0,nan,nan,3837.082324879969,0.4999617834394905,nan,0.0,0.0,nan,nan,4367.360265942933,4.070805559894343,117.00908200533111,746.7162359705476,107.38157582769739,1.3153144795676708,0.8663879803697692,3868.9651391859406,1.4639410094848404,42.310185886338836,727.9770694917555,750.147822285466,1.862928883024064,3.66475898327138,6583.740603927044,1.6047445722128983,27.924398752638673,0.0,0.0,nan,nan,6548.526817940016,0.4999617834394905,nan,1568.695840707413,176.13666243073138,9.942316209997225,2.088037001588194,6716.4650960836825,2.1563614326307,38.66028083048997,1023.698842698722,189.31996531835972,6.167262662903883,2.128784308541733,6730.688071922406,1.8755178872020908,32.91106290133802,0.0,0.0,nan,nan,3426.0,1.0,26.53754284399528,1112.9147079048685,7892411.299008787,2.1974184558390517,76658.74865404783,3760.390494387873,0.6055109300547795,nan,0.0,0.0,nan,nan,4685.77497966165,3.1801470673949597,84.28555745447005,435.26313187276077,8159753.1713238545,1.8007280246501882,73395.59763282182,5875.455896884275,0.6069972103826007,nan,0.7425869404807024,3.1565053136860053,5.079517494481402,0.8760786125260859,1.0176974010706195,2.936915864579543,0.15038365779046395,0.2621656875680502,28.212322673184264,0.34816752891557873,8.319712213756608,0.4163296160361545,1.031492,1.031492,1.0
88d21m52pt47042617s-33d42m43pt39125989s,88.36457511838123,-33.71205312774827,0.6912436221517422,,,,,,,,,,,,,nan,macs0553m33a,0.0,144.2175577490421,nan,nan,5006.84,1.0,18.158683277981286,71.00176948879881,417.9802914826414,2.3422369884522083,38.27834500376095,4957.25511315959,0.4999617834394905,nan,1400.025304891525,300.6330726219172,4.488445133470201,4.854356924624338,3726.253259677222,0.9419280000000001,21.534597245939114,756.2339791543853,168.9917069624373,2.434266099167746,2.728728598429621,3732.0395045318487,0.9419280000000001,21.51848450080361,0.0,0.0,nan,nan,6562.8,1.0,13.853480493619768,681.8983378063775,50948.85824993039,3105.7737256290725,665370.0337228265,4862.18233511564,0.5347363344606213,nan,448.2607512332724,31102.532810365432,12.18177932597637,2993.461890601772,4340.507144358328,0.4999617834394905,nan,0.0,0.0,nan,nan,4103.692123808501,2.873808151429072,86.51115968081001,727.1311084049579,80.47678850428231,5.39157881955814,2.568748390257439,3970.3573732719055,0.9293099440011937,19.600945399301253,0.0,0.0,nan,nan,3888.8678695147732,5.060737493924653,164.07308736134343,0.0,0.0,nan,nan,3835.202481145122,4.697918407885079,154.19931203515907,0.0,0.0,nan,nan,4362.847985678399,2.929043733941704,82.98741917050256,0.0,0.0,nan,nan,3868.7908582604628,4.322137272277872,140.35214515498993,0.0,0.0,nan,nan,6583.45,1.0,13.810026928666252,0.0,0.0,nan,nan,6548.05,1.0,13.88468655302385,0.0,0.0,nan,nan,6716.44,1.0,13.536579167464883,0.0,0.0,nan,nan,6730.82,1.0,13.507659064352907,2499.823765282885,154.88568072521852,8.307018603297015,3.2743028840233026,3426.670127203249,1.3619773090044462,43.41493076062555,0.0,0.0,nan,nan,3759.420440690063,4.219743142523413,140.8970285814675,427.0560606513188,inf,13.023030172615842,inf,4684.311957642262,0.4999617834394905,nan,0.0,0.0,nan,nan,5875.62,1.0,15.473706908126772,0.06730089337208728,nan,1.1582737558391736,5.096096161895355,5.784207448670725,nan,nan,nan,nan,nan,9.514221026018973,0.3873552504353261,1.031492,1.031492,1.0
8d02m30pt165s18d08m22pt984s,8.0417125,18.139717777777776,0.25205434703389473,31.254074605794933,1,0,0,nan,nan,nan,nan,3.976731031665772,0.05706615600173731,80.87544997428438,19.681259526253026,0.377,macs0032p18,29056.72560909522,178.514152253172,45.95029668587402,0.7710828558611827,5006.839654424948,2.4240027290087327,59.00977279740868,10090.306689369401,144.00517347330577,18.2722417522382,0.7235134655455843,4959.023967867176,2.535517109547869,62.56447743839545,0.0,0.0,nan,nan,3726.03,1.0,24.400668213494743,0.0,0.0,nan,nan,3728.82,1.0,24.382410999599827,26864.867437725163,223.83852150257803,88.36620472817546,1.410269241851886,6562.775654575432,2.5502076500171653,47.570706313081466,9844.023140299414,128.95167745276825,17.4062187231146,0.6539857920380187,4861.318382765896,2.3635967899824015,59.12180919774556,4730.480829440371,162.90555888717788,5.604829933726203,0.6835495421464343,4340.61034943921,2.50699059253868,70.60801614162877,0.0,81.36265016316213,nan,nan,4101.73,1.0,22.16567686891332,3183.566043414961,529.3105455784382,2.3398894392573197,1.6786699629579291,3966.372996244016,9.99923566878981,319.8627926142355,36.40673169858125,196.91357297376462,0.02232629439179502,0.5469731169522868,3886.7174669489114,0.4999617834394905,nan,0.0,0.0,nan,nan,3837.7377920599733,3.419127110670525,111.08864434051985,0.0,0.0,nan,nan,4364.281711949692,9.99923566878981,291.0428046557292,4155.086652297281,166.9278686974627,2.749172098179853,0.5059220693311565,3868.8768047039725,2.143331553818299,66.66365449496523,0.0,0.0,nan,nan,6582.42378215181,0.4999617834394905,nan,0.0,0.0,nan,nan,6547.794892659028,9.99923566878981,193.93267853817915,3314.802094749068,366.1385020299121,11.944051894554706,2.467656055715416,6716.379978963977,2.557437894581314,46.625023363693174,0.0,190.4442192582903,nan,nan,6730.82,1.0,13.507659064352907,0.0,0.0,nan,nan,3426.0,1.0,26.53754284399528,0.0,0.0,nan,nan,3760.0,1.0,24.18021855944889,2116.4184735409804,435.33647587658544,3.1659945223959576,1.9898093059343436,4688.453638548316,7.615815063767433,206.04612426542604,735.4684958956673,112.24439625240116,2.405031429177302,0.7980804726315819,5875.146634236502,1.513427437646494,29.073768749159477,1.9413071137482572,3.5161033988906656,5.7384143339911,0.6449762484388873,0.05180880254319455,,,,,,7.453043670874506,0.025979943134173435,1.031492,1.031492,1.0
8d02m47pt09655564s18d08m51pt60579824s,8.046415709899861,18.147668277288183,0.3650996048110202,,,,,,,,,,,,,0.3892,macs0032p18,1915.8691733800551,123.8160329934986,166.0217533029337,29.30625356865893,5006.857302908024,1.090115952165264,21.248912185850486,309.55864549599823,27839.61065395445,6.07770222337537,1516.9710234900115,4958.074895521412,0.7277435567283529,5.109553202505672,796.2282153895561,1339552.49085417,4.381675535879161,37122.31533792045,3726.4584578075674,0.6259461414689759,nan,0.0,0.0,nan,nan,3729.4006281118877,2.876534931223913,95.25891177600649,193.20919770494675,6.498986631620924e+63,2.9681793448211455,1.912080695973318e+62,6563.750231504768,0.4999617834394905,nan,0.0,0.0,nan,nan,4860.585655335487,1.475665713834056,34.02054426243219,481.5437041877239,146.39374488432816,4.408675482917843,4.748849175784734,4339.547876741596,1.6611679971423663,44.186572568842195,3324.7461609078678,1270.2901517040873,13.943303918076763,21.23954096270044,4105.72958908048,9.99923566878981,309.59640827210086,739.5594693288207,176.2161957813924,41.134474355228576,42.19842960883318,3970.085402244732,3.9122326153152964,123.43059305606297,0.0,0.0,nan,nan,3888.8075837171627,4.79918050677731,155.42319934094118,0.0,0.0,nan,nan,3834.774306906185,4.057208000122768,132.6531324962185,179.5960806894964,0.0,2.7450823801074447,0.0,4360.583128607391,0.4999617834394905,nan,0.0,0.0,nan,nan,3869.229567985724,3.7698817773688713,121.89928446766876,0.0,0.0,nan,nan,6584.13741477732,2.4399533132489495,45.20014525321695,42.15001673878268,0.0,1.6540260223840395,0.0,6546.119330079096,0.4999617834394905,nan,0.0,0.0,nan,nan,6716.103922490004,3.944215339770075,73.57577587163856,367.1660028865596,826989.6881470233,13.863176943179598,58270.62513515484,6731.702235570416,0.631293971604864,nan,0.0,0.0,nan,nan,3426.0,1.0,26.53754284399528,1080.5944152167751,148.25562952038567,22.86855799428044,15.444968115764915,3759.3827608880124,2.773963191351468,90.88417355990356,64.0764805144026,212.05182972086527,2.1707713035122844,21.95815677994278,4687.489460890088,0.4999617834394905,nan,0.0,0.0,nan,nan,5875.678426621236,4.159012187052144,88.82992975963539,nan,nan,nan,0.11146303072194634,0.4514367830643072,nan,nan,nan,0.21339897173600458,nan,7.61340124425732,0.1279954502534428,1.031492,1.031492,1.0
8d03m05pt19704876s18d09m02pt80585028s,8.051443624655189,18.15077940285534,0.21917441201368448,,,,,,,,,,,,,0.3892,macs0032p18,3092.0015254650893,168.2990393268465,4.826444183962162,0.7175542002748119,5006.848650575518,3.383866695715441,84.18127807176089,1491.9806098074762,170.69048497690173,2.1977402287229375,0.6975242843895162,4959.331301601954,3.5909897021093045,90.42296864530881,0.0,0.0,nan,nan,3726.03,1.0,24.400668213494743,0.0,0.0,nan,nan,3728.82,1.0,24.382410999599827,9386.343224054513,326.44367899483035,17.172210458580892,1.1439915481209582,6562.500191604802,3.5128605455151862,66.77846806588886,2444.3866472482505,203.32297008251376,3.9093803337753097,0.9329190167275873,4860.592889070715,2.6507511929441985,66.95452090733463,601.517749370099,128.469044579033,0.8522344068327095,0.6447925331869916,4339.952896881228,1.0580346931022868,23.270381156307554,1288.9702275395546,281.84558998203454,1.6251088807926426,1.420555813952281,4100.759377241551,4.1325292771242745,126.41257611390131,205.58481471423195,135.48760006832305,0.3264930382157768,0.9258746914022493,3971.049664548094,0.4999617834394905,nan,0.0,0.0,nan,nan,3879.06,0.4999617834394905,nan,0.0,0.0,nan,nan,3835.4,1.0,23.704860453545347,950.6537785964135,10459334.809731225,1.2514878649418875,48206.34024855269,4365.2449246350625,0.6528982019219364,nan,0.0,0.0,nan,nan,3868.75,1.0,23.500516131444996,1729.8747437950065,451661054.7893156,2.3863040354114493,1189406.8763089783,6583.934372247718,0.6132861131770964,nan,0.0,0.0,nan,nan,6549.83133752017,0.8286746306449227,8.622932494836418,1902.6164803188847,202.23730171448528,3.4370238654312506,0.6833832892679109,6715.9712078021885,2.8436809639044895,52.243374729927474,1601.6366962951386,280.47528144295393,2.9141412735654555,0.9524955780371851,6730.583591337949,3.5782906882691474,66.37392089512376,0.0,0.0,nan,nan,3426.0,1.0,26.53754284399528,0.0,0.0,nan,nan,3760.0,1.0,24.18021855944889,0.0,0.0,nan,nan,4685.268730465372,1.7856628979946259,44.63329672484732,292.8217045241154,2598673.2421500185,0.5312165708688432,10247.534110277331,5876.509956296725,0.677969405843895,nan,2.601674887552641,6.937542218026473,13.712027070068517,1.8756326714565712,2.3685404728451136,5.462607440868661,0.26078457117302695,0.4685477246972391,42.98259733606609,0.8040150664483914,8.174358376156611,0.07829180754245944,1.031492,1.031492,1.0
8d03m20pt31s18d08m49pt991s,8.055641666666665,18.14721972222222,0.449151040226762,25.73868618022103,0,0,0,8.776863859743578,0.013648524676867673,8.095891464219946,4.192896043481787e-05,8.279127227024258,0.12863895517856597,57.220415301628044,9.101733850203573,0.377,macs0032p18,22074.510793988567,209.5925806640777,19.970173846263002,0.5179064692743771,5006.854440020528,2.9605254431596486,73.14349030652399,7173.631673090563,114.61310384784848,6.530232970720374,0.28948089615048517,4958.9198877318295,3.270899227899144,82.02830025927798,16872.644363830907,291.8342439008372,16.66446694144175,1.451797039760279,3726.1660165637622,2.9284692920958575,97.15869762010729,24428.091299985852,442.337673765073,24.17286147061838,2.2005112106199225,3728.9052402444363,2.9284692920958575,97.08600095833222,0.0,0.0,nan,nan,6562.8,1.0,13.853480493619768,8521.294116681072,112.25236563516286,7.933074635982236,0.2997416735575121,4861.277908891724,2.783285976851058,70.5467297874806,3631.8339472294388,225.18802716932817,3.0302714420482237,0.6654585871618569,4340.398047786392,2.7157571288126787,76.96438696813507,1746.7391166045138,109.06891084531031,1.4629961317129014,0.3650305404945448,4101.582306546425,1.9209689709263928,55.52379768123807,774.080041330148,4356520.945354712,0.6375636068424387,15440.809985709984,3970.9607291867237,0.558833210294583,nan,1353.483920944139,5195521.237514363,0.9760141090568629,16946.45376331729,3888.9588748789074,0.5557782820377709,nan,0.0,0.0,nan,nan,3836.17696274339,3.501162128226429,113.86917101718313,797.1420158322658,261.409573988079,0.6392853023220769,0.7342752726536267,4364.33559696342,2.4573684820036528,68.73072328625992,2661.197363628335,154.19437720551815,1.9424929967316866,0.5155289312910648,3868.9888119503757,2.7907473018775604,88.90010840478871,0.0,0.0,nan,nan,6583.45,1.0,13.810026928666252,0.0,0.0,nan,nan,6548.05,1.0,13.88468655302385,0.0,0.0,nan,nan,6716.44,1.0,13.536579167464883,0.0,0.0,nan,nan,6730.82,1.0,13.507659064352907,1489.5954282465311,11898562.347154604,1.4091470408813174,71654.74846267361,3425.9003644080512,0.503959769245029,nan,0.0,0.0,nan,nan,3759.945611014478,4.358308500766559,145.65250343917288,0.0,0.0,nan,nan,4685.060956671092,1.6565811204745786,40.79363940245739,1058.9518274374832,198.58392144761876,1.3530933956700153,0.5516310761634646,5875.928504867447,3.0992733763149234,65.418324694476,4.020418256633286,17.137118654877938,40.14351507725366,5.337781769570144,56.608261769176394,,,,,,9.61250034084026,0.28176554095199075,1.031492,1.031492,1.0
8d27m50pt12046461s-7d52m03pt00122377s,8.46392235128097,-7.867500339937108,0.7604079697024868,,,,,,,,,,,,,0.352,macs0033m07,1989.8580137627048,134.16176075728023,203.3195200534202,37.43974560240887,5007.121845676737,1.8539984054224898,43.65280756902757,1658.5674299868408,204.0925579157993,70.60151702974557,24.106066546244254,4958.765273007327,4.5508673414337,115.44405013078826,1789.4140553721531,178.02644303375604,38.10251978744106,19.085513657441567,3726.775585115182,1.9586074361345085,62.50127629541273,1679.3674985561543,164.93054327747925,35.82518460226236,17.68155383329615,3729.4154960138662,1.9586074361345085,62.4545112166843,0.0,0.0,nan,nan,6562.8,1.0,13.853480493619768,694.7192652635306,80.47314119992325,22.15431006771492,7.360033513405585,4861.513413648567,2.039375311406966,50.163148716775225,1420.7680351178408,136.4030393346567,38.62045347857881,13.13438177237356,4340.048549721534,2.335473556363116,65.35250075666887,48.122219633186646,136.10681358380347,2.9104350127257916,32.93084454200461,4099.476376113568,0.4999617834394905,nan,333.31195442246025,109084.8844982292,40.20563756180133,56615.68291756837,3971.1806651850725,0.500105809107412,nan,1866.8802919249777,159.60897189995407,18.333265495228225,7.067359701090333,3894.0169121591357,6.908306163851457,224.98257795368443,241.89219243400512,52.88113060814982,5.913291970294664,6.04813474764313,3835.8701544139403,0.8218058181884058,14.291109661417583,1880.865788525341,254.21328251608705,143.11976431136426,67.78603291690355,4363.231595126094,8.08208142100637,234.93353206509764,307.51479207358125,53.97967659212756,4.579775977492086,3.683882542413339,3868.2794198096954,1.0076144109716274,23.8501193568782,0.0,0.0,nan,nan,6583.45,1.0,13.810026928666252,0.0,0.0,nan,nan,6548.05,1.0,13.88468655302385,0.0,0.0,nan,nan,6716.44,1.0,13.536579167464883,0.0,0.0,nan,nan,6730.82,1.0,13.507659064352907,434.67144792143085,16407.08606628253,13.82833408279265,3319.636702524309,3426.991814867822,0.4999617834394905,nan,0.0,0.0,nan,nan,3759.882312073836,3.7962875293070066,126.33474662366608,286.635803809974,71.59951664950457,6.5132333844785295,4.97622283905692,4685.779693834553,1.247136784251732,28.043779287249816,0.0,0.0,nan,nan,5875.62,1.0,15.473706908126772,nan,nan,2.054680840948238,0.7790798723762811,0.2172857887159369,0.9654011788632667,0.07424015314981262,0.1424426369170112,28.234287322774215,0.3240884235200685,8.404859564812357,0.06884710157580635,1.031492,1.031492,1.0
8d28m02pt205s-7d52m20pt125s,8.467279166666666,-7.872256944444445,0.7349253846199395,12.72425612805456,0,0,0,7.626006641746414,0.04558303221749055,7.48131237367391,0.00574027959719767,4.945193219598154,0.8709329594387983,69.02895422217233,19.54987980380975,0.3524,macs0033m07,2038.6730495569186,97.81829482131096,59.494694490407994,7.797227975883154,5006.820130537185,1.9494685069485764,46.26380018903328,777.0417817871753,95.71210371329876,22.775187037775954,7.783583261233056,4958.9261470435185,1.4928730022821248,33.85207606634274,1008.1304600437985,109.22550635209251,13.168292167653027,7.188901915945996,3725.624267152003,1.7762310250120505,55.778260429499035,1052.6280650842532,106.11822702608777,13.780431607863862,6.984389920111545,3728.840879597792,1.7762310250120505,55.73652568590768,0.0,0.0,nan,nan,6562.8,1.0,13.853480493619768,986.1037051386251,168.6622955636175,41.20878126288295,20.218537233745398,4860.955257117899,2.8546175214627434,72.47519758629706,437.95526803560705,62.01961987986093,5.8497442506149895,2.9337154931732914,4340.586639217068,0.9538274082326049,19.00384899324408,0.0,43.796852344228014,nan,nan,4101.73,1.0,22.16567686891332,0.0,0.0,nan,nan,3966.426740556108,9.99923566878981,319.8627926142355,0.0,41.32443976945494,nan,nan,3889.06,1.0,23.37778840736009,0.0,0.0,nan,nan,3832.6249419561877,8.814955665082396,291.67471033950574,887.6235802250338,239.39366875471356,10.941208765882894,10.33811864190259,4363.768107391885,6.201822130556837,179.80096458048456,480.9785196240065,396778.2552368262,5.52559274628287,20881.429669423498,3868.7814003554386,0.5020400913381684,nan,0.0,0.0,nan,nan,6583.45,1.0,13.810026928666252,0.0,0.0,nan,nan,6548.05,1.0,13.88468655302385,0.0,0.0,nan,nan,6716.44,1.0,13.536579167464883,0.0,0.0,nan,nan,6730.82,1.0,13.507659064352907,0.0,0.0,nan,nan,3427.892492738464,2.293849413801494,81.17349398594179,2111.9405635550074,210.8193007105268,143.85543360742582,70.69330005884717,3759.3033298908636,6.359030706828126,214.0024250600705,0.0,36.92459256286558,nan,nan,4685.68,1.0,19.403292965701418,0.0,0.0,nan,nan,5875.62,1.0,15.473706908126772,-999.0,-999.0,1.0502240732272603,0.33220275620650186,0.14231026903395108,,,,,,8.204338373679477,0.05803229049653824,1.031492,1.031492,1.0
8d28m03pt495s-7d52m12pt65s,8.4676375,-7.870180555555556,0.552976663690459,6.3697720342456705,0,0,1,nan,nan,7.814571706893046,0.0045863125494053445,6.327247319146291,0.44224737524802255,50.98821185998897,11.911437936255707,0.3524,macs0033m07,3281.5540647554994,127.17775740502644,16.682384385807747,1.7659507745606693,5006.824523249166,1.7541027568267822,40.89659135279814,983.5179883888233,89.20727999590599,4.835890023964195,1.216986838451242,4958.9515637936665,1.1589863207473974,23.714540870433943,3160.6963535799537,220.1478365150231,16.302875342674188,5.720427247729796,3725.9312549667225,2.276558448974151,74.01655665087146,2956.703862177032,209.836733966903,15.280519166448196,5.452498600761797,3728.731423350868,2.276558448974151,73.9611755402102,0.0,0.0,nan,nan,6562.8,1.0,13.853480493619768,1640.9145628753727,101.19890790677847,10.609922567758773,1.8768445466643662,4861.208028042396,2.187937611696762,54.28678722064794,0.0,0.0,nan,nan,4347.124589363278,0.4999617834394905,nan,580.9299677243029,116.90291636949424,2.3089095596784692,1.8562894461435568,4101.903678212383,1.3483273552669912,35.76784422834376,289.7821382869293,3.399417859483004e+52,1.1107029520150773,5.609833241487044e+50,3970.0796915224487,0.4999617834394905,nan,0.0,70.84077183508646,nan,nan,3889.06,1.0,23.37778840736009,100.61345055189432,145.59156453114522,0.47576177507291795,3.2200080614853905,3836.3182429382973,0.4999617834394905,nan,0.0,0.0,nan,nan,4362.876605460609,5.566280589284893,161.12404458375556,825.9077404877057,91.94104967890902,3.114637009744081,1.5888186365162311,3868.3096159475253,0.9804745140685748,22.592015631883026,0.0,0.0,nan,nan,6583.45,1.0,13.810026928666252,0.0,0.0,nan,nan,6548.05,1.0,13.88468655302385,0.0,0.0,nan,nan,6716.44,1.0,13.536579167464883,0.0,0.0,nan,nan,6730.82,1.0,13.507659064352907,1062.4858608301968,547163.8470034077,6.8417600334436335,22421.1642512785,3426.3409534465095,0.4999617834394905,nan,837.819213030157,162.0438216129813,2.865318869977246,2.7217860566679586,3762.7630837643223,2.83912015240111,93.16233758676321,0.0,0.0,nan,nan,4685.622279874483,6.776328690774558,183.12817840452098,734.1343802987051,159.76682695187085,7.492373764036404,3.5443182299392797,5876.478794511116,5.314816952916484,114.15573265507452,-999.0,-999.0,9.745262221048904,1.9560039473232242,0.7386286219757633,,,,,,9.31593746714788,0.05603820522116134,1.031492,1.031492,1.0
8d28m23pt63602941s-7d52m12pt40126884s,8.47323223039076,-7.870111463567701,0.345569302265889,,,,,,,,,,,,,0.352,macs0033m07,16176.244983569355,91.47297717965036,61.49254964342425,0.9497836822458696,5006.837110928742,2.118362838843181,50.83834333236324,5529.824980970031,81.92754935683104,18.23817614314719,0.7496996025120529,4958.980607355644,1.9829277900879423,47.63019405865572,3153.7216171478563,345.981148172907,8.623116486127225,4.7662050260212165,3725.777115798887,1.8282836865566972,57.70835400924771,4898.256400739671,462.87117234423437,13.419020025733737,6.37647143400104,3728.5424451191025,1.8282836865566972,57.665175119495515,5568.649990846021,150.58294844957715,19.9625914038005,1.0339407914581147,6562.960903750963,1.7740503826684468,31.62207805613631,3887.8512999695076,126.13324803780147,12.192892948635327,1.1345264137071285,4861.46084239549,2.569748319069685,64.75251096406154,2138.637865318241,141.20087140629124,4.9819052574483225,1.164872442320708,4340.581670050066,2.0227431275504553,55.66321833776522,864.7445030023148,131.53284709134104,2.4233928189359855,1.472944405426444,4101.569456839128,0.9346838497929507,19.22447097758291,0.0,0.0,nan,nan,3970.9719597832113,0.4999617834394905,nan,1521.7752475425038,117.94582820877727,2.8770953524587592,1.0083379422149072,3889.426706945727,1.3261799269993837,36.87286731088335,0.0,0.0,nan,nan,3836.9685512379265,2.988795991705001,96.44909918196865,0.0,67.61526801202487,nan,nan,4363.21,1.0,20.83732430562082,0.0,79.38147323749124,nan,nan,3868.75,1.0,23.500516131444996,0.0,0.0,nan,nan,6584.094507619129,9.99923566878981,192.88987927331783,0.0,0.0,nan,nan,6547.598448104743,9.84639143755793,190.95358975927067,572.6925004099321,269.2340789754949,2.5976926503398023,2.2839285965140257,6717.284101390745,6.250596966471956,117.73476999907012,102.37252695060026,152.93132201989147,0.46237498025718027,1.2892783555792655,6730.312709068826,0.4999617834394905,nan,0.0,0.0,nan,nan,3426.0,1.0,26.53754284399528,0.0,0.0,nan,nan,3760.0901194756693,4.599375788677459,153.91644998897976,1566.032321094841,496.97696050442727,4.518380361314937,4.3950790098856904,4680.244389923272,9.99923566878981,271.0131455203778,1307.1380820830261,426.97327706944526,5.5625871657524115,3.954778730323795,5870.38315378893,9.234745445618366,199.51839229185362,nan,nan,8.475534896902497,1.8396010421870232,0.741371511272698,2.218348737984643,0.17102384544758706,0.3357892005047775,34.59397342114944,0.5901607467652664,8.917373431669706,0.07242158069671183,1.031492,1.031492,1.0
8d28m23pt955s-7d52m12pt971s,8.473320833333332,-7.870269722222223,0.3455727025752129,15.467068584456326,0,1,0,7.946656549092749,0.025527007597353855,7.919523459646127,0.002840632918568704,7.80419791951121,0.27582732623567485,90.23668458076877,16.999026658695925,0.3524,macs0033m07,16641.00345188673,109.91268183927856,67.91935736545001,1.225317403127864,5006.8397115668295,2.076262989243854,49.70273448917476,5867.2188896064235,80.82312344182533,21.723957947084102,0.8302983081530134,4958.948888998381,2.010944489416074,48.39820070397697,4141.689488159437,392.8460224661286,10.423341437585426,4.981984694958242,3725.5424730093555,1.9060747795170594,60.575524925377955,4956.66340327606,421.11778747883807,12.503059022619807,5.340520845352684,3728.8324297443605,1.9060747795170594,60.53020074385625,5509.618792226924,164.70432787968764,20.01947837403892,1.14629411340146,6562.860276730964,1.5548755760900363,26.933113139212665,4049.945370287101,121.39837582116829,13.117899422497935,1.1277722970530013,4861.424569972406,2.3071445469196488,57.572156515963236,1711.9763178809478,147.08676799682823,4.095236007635754,1.2458808648889947,4340.881418749308,1.9643844635713525,53.835065061969914,1419.5443320653603,109.04137958779233,4.413073288963758,1.3545110181126665,4101.641882437153,1.45875840564485,39.723699527835116,0.0,0.0,nan,nan,3970.69975319298,4.664430070007389,147.88219755091833,1977.7641370949698,145.05337524150843,4.46726373294608,1.4811713473978125,3889.8301200099704,1.927182109730186,58.77842329862226,0.0,0.0,nan,nan,3838.042430677962,4.190817478794306,137.15341124212185,3516.9860831074566,548.0436676132005,11.032063903295526,6.023821917457444,4363.377571338684,9.99923566878981,291.0428046557292,0.0,83.54754566261012,nan,nan,3868.75,1.0,23.500516131444996,0.0,0.0,nan,nan,6583.064150767442,9.99923566878981,192.88987927331783,0.0,0.0,nan,nan,6548.144100570141,9.99923566878981,193.93267853817915,232.83410819944146,14194281.725609956,1.0933314318890461,124588.32268994482,6720.778122079014,0.5872511126328955,nan,86.50624265649391,143.67023967857992,0.43872149110664416,1.3600261936879694,6730.318109890939,0.4999617834394905,nan,0.0,0.0,nan,nan,3426.0,1.0,26.53754284399528,0.0,0.0,nan,nan,3758.777250967053,4.502596607635451,150.6001272782339,966.5378124280667,121.12374795821661,2.780512291366452,1.0670341450842002,4682.668186597828,2.2958847840886154,59.40919580779897,1690.7627927553283,559.4499358941546,7.785924837327742,5.607181644044289,5870.493925363159,9.992135417018423,215.97290446841532,-999.0,-999.0,6.856339220943361,1.536228781278466,0.5401180620159977,,,,,,8.579946880387249,0.292193714094367,1.031492,1.031492,1.0
8d28m41pt604992s-7d51m59pt20098902s,8.478223608888783,-7.866444719172139,0.5529390342408789,,,,,,,,,,,,,0.352,macs0033m07,71282.23310896214,337.7411823661295,176.51470169838535,2.284368427237017,5006.869617776149,2.517043093287809,61.476667661796434,24254.959548794905,155.9260259745065,61.53706407087681,1.0976159244633852,4958.92309956032,2.578816156541831,63.720243819508795,31796.266853244553,210.2048401599054,44.21324514400871,1.4723011946458544,3726.1122541444706,2.2569600414270234,73.31251070901943,45263.25130329642,274.09295809784317,63.06175998204635,1.919781625125697,3728.8970341949343,2.2569600414270234,73.25765638382322,0.0,0.0,nan,nan,6562.8,1.0,13.853480493619768,17324.076418315693,120.1881145226831,44.63558811473696,0.888154808962036,4861.407645906519,2.454255055228373,61.60311144161985,9061.20696922027,98.77629722639917,16.342547117976423,0.6309638921832226,4340.408448153653,2.257985543409096,62.966123369995834,4767.9482300529835,117.48466469651171,7.815669082939018,0.7694445746158789,4101.800676973996,1.9003344244073024,54.83547921268526,3577.6060214864788,140.2916553183873,4.555546322562419,0.7692327001675129,3969.8507939220394,2.6656430163123095,82.4802691461904,2772.2708090936003,268.90514486415043,2.987228592104559,1.3106942311065655,3888.8750027168544,1.6812021888310056,50.037514179004255,263.3324192551861,152.65907022449602,0.3062901041389884,0.8310101246244235,3835.3660436132413,0.4999617834394905,nan,163.1875260211105,3.591949415773267e+35,0.21538995144796638,1.6605535445863048e+33,4364.3067288480215,0.4999617834394905,nan,7736.878462207185,193.07475182309645,9.094333920058684,1.0397072106060268,3868.7040587698048,2.111982428539801,65.57121936467712,0.0,0.0,nan,nan,6583.45,1.0,13.810026928666252,0.0,0.0,nan,nan,6548.05,1.0,13.88468655302385,0.0,0.0,nan,nan,6716.44,1.0,13.536579167464883,0.0,0.0,nan,nan,6730.82,1.0,13.507659064352907,1348.7495900690096,106.41130467796134,1.5029397966217315,0.7548470796154766,3425.904468499623,1.6661545322820495,56.1850110244765,0.0,85.62711034338011,nan,nan,3760.0,1.0,24.18021855944889,404.7951410976151,130015.53508707961,0.8971805793174861,881.3865141220261,4685.761390203956,0.4999617834394905,nan,1872.959034813075,123.43557191677783,7.988935720774256,1.1446884081126467,5875.56891286506,2.791590280103136,58.55435802442652,nan,nan,7.237572501200556,6.310413374556658,1.7248483319242696,3.1150656063132973,0.15289794112264776,0.272882649597839,25.166870090509093,0.4255247602022954,9.15880919817571,0.07038273613253797,1.031492,1.031492,1.0
8d28m41pt88s-7d51m59pt549s,8.478299999999999,-7.866541388888889,0.5528536269911948,34.37300277293504,0,0,1,11.281013997972535,0.04812081941008033,8.15110558322508,1.4225633871010651e-05,9.909411330286387,0.05520816725312493,48.88497122380245,6.966739022947753,0.3524,macs0033m07,92999.24404543037,365.7810820315104,201.4633288606963,2.1643220255395037,5006.858869101443,2.7872396155789945,68.60034740918775,31198.160089300596,143.41569333620788,67.22350763222465,0.857400187100717,4958.929087290919,2.8216998120967594,70.17701455361261,37372.14090883705,235.68870549629105,39.9773493578315,1.2698731765394051,3726.1852048842106,2.358828997205422,76.96531304529108,53716.42987421011,316.56860865529205,57.57183780547839,1.7056480658216422,3728.946524244166,2.358828997205422,76.90772559848584,0.0,0.0,nan,nan,6562.8,1.0,13.853480493619768,21725.405045988362,107.20101831891134,49.3461566557787,0.6983626287234029,4861.4033546960745,2.7111327605965876,68.59264614341583,10721.259250184099,103.03880969278791,16.009682427823602,0.5449329109051771,4340.471202536136,2.3404664165794573,65.50598750204351,6023.594020426353,120.61961449040375,8.542822548113985,0.6834727540472033,4101.817404263327,1.9339801768266134,55.95723573401166,5394.819733785325,176.43130256135385,5.890418796745483,0.829694108386775,3969.480688986288,3.8069092499174113,119.9961774069519,3406.937049962422,350.21303174556607,3.0315282908183123,1.4096479037956884,3888.833141021855,1.8437998315785118,55.83863801935286,426.64450979961305,9667.36173607035,0.43182958527584164,45.788840923652245,3835.5424015802882,0.4999617834394905,nan,387.28155045704307,628.7120403209266,0.4316952885583394,2.454650443334757,4364.290870937411,0.4999617834394905,nan,10050.361437262252,211.04437129611298,9.879928270452199,0.9504207195018776,3868.7420065727765,2.2025149734311533,68.72091783893868,0.0,0.0,nan,nan,6583.45,1.0,13.810026928666252,0.0,0.0,nan,nan,6548.05,1.0,13.88468655302385,0.0,0.0,nan,nan,6716.44,1.0,13.536579167464883,0.0,0.0,nan,nan,6730.82,1.0,13.507659064352907,0.0,68.3271527110872,nan,nan,3426.0,1.0,26.53754284399528,0.0,0.0,nan,nan,3764.4675947978453,2.436041834153858,79.00346709616254,0.0,0.0,nan,nan,4686.248345046828,2.27278003807379,58.749711087783666,2220.7470089216786,133.2036644533928,8.36451477030358,1.0907764176032526,5875.659825375645,3.145191133742363,66.43923921349055,-999.0,-999.0,11.810823616893371,2.9874931373282245,2.1303721488354173,,,,,,9.40796466109749,0.03779803353793353,1.031492,1.031492,1.0
8d36m38pt745s2d25m47pt843s,8.610762499999998,2.429956388888889,0.6517353209496279,27.903034686398506,0,0,0,7.743941391354057,0.005667944126390155,8.039980972130454,6.999174996034506e-05,8.394911806747915,0.26400146685609355,51.74568525415655,10.150606545332744,0.388,macs0034p02a,5715.603244430226,144.8018833748096,81.28879926538211,5.625122484132282,5006.822618232515,1.931048034179405,45.761595051239965,1142.1654250471595,57.51783617332462,7.622738400941649,1.065196321222797,4958.578838481604,1.3763420784380802,30.42351640563648,7410.9380392368075,141.01128632207906,71.2722209308963,6.831644034979053,3725.9588303621067,1.7389274300411737,54.388699832444786,11370.999257143507,184.51779486418545,109.56849423201133,8.939425527629039,3728.7296755041984,1.7389274300411737,54.34800479419341,0.0,0.0,nan,nan,6562.8,1.0,13.853480493619768,3054.1959887235794,90.08578231467321,44.9956901175279,3.806661698046778,4861.288647835739,1.5754175463397688,36.96119896954066,1375.404740712721,76.14189724747297,9.69622507744483,1.9010768548394348,4340.478447964074,1.3498112348078126,33.85148795787331,507.518404284607,53.03284329994199,2.5307348335636037,1.056921303496805,4101.202091730777,1.2921575008157804,33.711366927909026,0.0,46.768681009394875,nan,nan,3970.08,1.0,22.900702702093618,634.4804187452017,116.69572810648158,3.442713520943732,2.8633608381147306,3889.357861554918,2.3841861762440852,74.6077044613548,0.0,0.0,nan,nan,3835.484032953679,4.406865420559634,144.42185906104424,752.7072109572035,127.27564464324617,4.390075807648594,2.6012445581346126,4363.28254389264,2.35657616834669,65.65687056808544,883.4107523665878,142.92405210344236,3.7087958951663254,2.749184041926404,3868.530326017323,2.6074654313199193,82.65484341053266,0.0,0.0,nan,nan,6583.45,1.0,13.810026928666252,0.0,0.0,nan,nan,6548.05,1.0,13.88468655302385,0.0,0.0,nan,nan,6716.44,1.0,13.536579167464883,0.0,0.0,nan,nan,6730.82,1.0,13.507659064352907,0.0,0.0,nan,nan,3427.19517772942,4.967923646702137,182.76622283094127,0.0,0.0,nan,nan,3761.293385222844,4.364716760543179,145.87233090311514,0.0,0.0,nan,nan,4685.327490482387,3.665475296319314,97.75821785434132,0.0,0.0,nan,nan,5875.62,1.0,15.473706908126772,-999.0,,3.8619217772525634,0.5643535543779741,0.5817404679608953,,,,,,8.544363360340176,0.06438360695345544,1.031492,1.031492,1.0
8d36m42pt195s2d25m48pt406s,8.611720833333333,2.4301127777777776,0.31082717877603816,28.679750520336185,1,0,0,7.828239217787482,0.0034999222693569898,8.086091348940682,7.525416052350834e-05,10.023596692259941,0.3269188464778409,85.93608129639456,19.161225089284002,0.388,macs0034p02a,14230.316395076836,124.69496348185122,28.04499333612824,0.671238248655807,5006.837869046469,2.2815993657951466,55.21691649836031,4246.449663084448,101.30302710200301,7.70649112306548,0.5100743276394225,4959.028951149994,1.881936471416435,44.848363017788536,14374.358932686102,517.0684305341362,15.913519628172475,2.883077688504562,3726.2676023869035,2.4571165929253955,80.4752309992682,14889.079637948058,559.4540035970716,16.514610725662976,3.119411784333995,3728.982165673444,2.4571165929253955,80.41501734066094,12467.850471545145,175.04537460775194,38.25260113343763,1.0287100526729436,6562.67091774061,2.497450515924747,46.50548704222019,4762.781873063554,134.52409344856557,9.262011630697563,0.7503704215751243,4861.176552540747,2.1593266320199795,53.49534769128875,1026.042635226547,144.97153493037615,1.4780483470448527,0.7394684007052171,4340.921080876211,0.9878431497170528,20.444251386314974,446.98148157937703,521.6063759781674,0.5575331006295949,2.5989133577957544,4102.197747714434,0.4999617834394905,nan,0.0,0.0,nan,nan,3969.3595616487646,6.0534325403865035,192.81560124464784,55.66621459538281,0.0,0.06010387153285896,0.0,3889.4314311164053,0.4999617834394905,nan,0.0,0.0,nan,nan,3836.264729377216,9.99923566878981,331.09476865566154,1954.361267710558,226.72522688261532,2.9046280547311008,1.179822932869473,4365.068186627863,4.646853945889494,134.03911486516594,4736.317849949817,294.63671094740994,6.081052217861123,1.7327703809549846,3868.9374107366198,3.2082242361169744,103.03036285359352,546.5520654291719,3983.227363365228,0.9847598230350745,13.702379851566004,6583.127107198435,0.4999617834394905,nan,0.0,0.0,nan,nan,6547.3033902041625,9.99923566878981,193.93267853817915,2387.197418191034,238.31543798373698,7.119449355700169,1.3293951245968814,6716.400130808619,2.5682990040587774,46.8390331111395,794.3310318626454,231.38517282064527,2.2806997407400527,1.2400754385382662,6730.210156623145,1.3963977663515303,22.85391097372828,0.0,0.0,nan,nan,3426.0,1.0,26.53754284399528,0.0,0.0,nan,nan,3759.7797269718094,5.379229812390068,180.58704946125908,400.74817163022936,40712595.168763645,0.6874788883298742,213556.9957810871,4686.537109290486,0.5792544493466681,nan,386.1344160829217,91.56005633008351,1.109763206437135,0.5720311581231116,5876.266682070461,1.1457975237809648,19.654868108225,-999.0,,8.302935825816078,10.007705046465725,0.5227684579440601,,,,,,8.104302316038444,0.07821326618782297,1.031492,1.031492,1.0
8d36m43pt32s2d25m48pt406s,8.612033333333331,2.4301127777777776,0.31090616232411894,28.83847195862945,1,0,0,8.018965434138781,0.014829877822540681,8.069424450518007,7.864715667077529e-05,11.41331693833568,0.4161789042811417,76.12030022429146,13.117533032137658,0.388,macs0034p02a,11195.311538853244,118.35511124677166,16.949075786641576,0.48942287918921545,5006.834924896489,2.4265419392169973,59.07720784632225,3076.173110172559,94.48580455271134,4.35856714669343,0.3714530371793219,4958.86189138357,1.8852040489096815,44.93872325105531,13142.768137668709,522.679133618985,12.184887084139824,2.440920349435469,3726.092184771794,2.4192104194821584,79.12313480366478,14463.53982807492,593.6795279549849,13.434184421522668,2.7724933857507454,3728.738119978751,2.4192104194821584,79.06393281855897,10428.615899404698,150.07020326619397,27.619062545059364,0.7612876625913904,6562.683885069702,2.714756371720649,50.882089844191896,3669.204390014614,113.67546882966509,5.571303896406706,0.49506488037462504,4861.312351815767,2.137815794416192,52.899504189690084,378.76822393433935,133.79906421536256,0.42827462187895377,0.53578711068856,4340.544356683396,0.4999617834394905,nan,0.0,0.0,nan,nan,4099.683049791844,4.885587059620574,150.0750553582386,0.0,0.0,nan,nan,3970.411192961423,0.4999617834394905,nan,0.0,0.0,nan,nan,3888.793553346518,3.817396430902064,122.84527435599746,0.0,0.0,nan,nan,3835.1488187094615,5.763451652831556,189.89253887777795,1963.642652956594,285.352592939251,2.183032211736475,1.1113195554276123,4363.9320439669755,6.439648306823055,186.78324392538485,1899.0557631780105,191.04521541870176,1.5837175080734782,0.7299091872239537,3868.6596530765582,1.6420106651623045,48.8781383875791,0.0,0.0,nan,nan,6587.244967240086,7.860367761012882,151.39910680806324,0.0,0.0,nan,nan,6548.207346511171,0.4999617834394905,nan,2050.404223081199,271.25852263596994,5.2473760205691224,1.2984648109827794,6716.396178379915,2.5574294317880475,46.624856582336385,1285.4284841396843,256.0267816599099,3.2345983259136,1.2024942191663157,6730.531491268024,2.280339018367706,41.04903652705,0.0,0.0,nan,nan,3426.0,1.0,26.53754284399528,244.78403958560855,397.4803103050554,0.24467359738776637,1.9491086861602984,3764.395248744629,0.4999617834394905,nan,839.3435066594128,154.34691234371056,1.1384221576149518,0.6404343774517219,4685.242926051875,3.768526508151647,100.60914585698818,351.89098577154573,102.8506497350151,0.7793525615554496,0.4952284523862633,5875.715849495849,1.0044081484791116,15.607171984643303,-999.0,,8.052403796814284,7.939763464153357,0.39931676097314817,,,,,,7.976059479094045,0.086091465048346,1.031492,1.031492,1.0
8d36m43pt41s2d25m28pt151s,8.612058333333332,2.4244863888888886,0.8127770613104932,9.465970353045604,0,0,0,nan,nan,nan,nan,nan,nan,87.42817458399718,20.20353938171814,0.388,macs0034p02a,1839.2748651705033,102.0897259588104,7.170272732396232,1.0870809379323023,5006.810753505391,1.9807279607372668,47.11444541199812,25.21004435187915,190.21085661904917,0.10302088895637833,2.1581951961443013,4956.782648364953,0.4999617834394905,nan,820.2559555123034,62.963066321467636,3.0227221633456733,1.1691888001370985,3725.54465398221,1.7680701568467092,55.47473959050084,0.0,0.0,nan,nan,3729.2112589416834,3.789924160760404,127.17008816953602,0.0,0.0,nan,nan,6562.8,1.0,13.853480493619768,0.0,0.0,nan,nan,4857.586941086834,7.289524032315204,190.01826685387533,130.13988459093065,115.17489341236109,0.7102995948067193,2.22884984132843,4338.084500025788,0.4999617834394905,nan,98.52413581952484,224.03401761768149,0.46867270795019755,4.254723497126501,4103.203914985335,0.4999617834394905,nan,2207.2967037569397,471.23162215254473,21.258961643561527,19.450917678986603,3977.857706166337,9.99923566878981,319.8627926142355,864.4119478063626,156.67097013418714,4.921482457707577,4.045795680161773,3884.566899302275,6.273985792987276,204.09943070766406,430.22487696146874,147388.52598259706,2.481013783804528,3973.656941977725,3837.009100571579,0.5003891337923909,nan,944.4434098532079,244.8189796996096,4.95028704973864,4.501266819734895,4361.068032386242,6.140768274221223,178.0079576117365,825.4951794857096,133.77352989694788,3.8893891608364997,2.892344722953619,3866.043311306364,5.235449277636359,170.73763786932597,0.0,0.0,nan,nan,6583.45,1.0,13.810026928666252,0.0,0.0,nan,nan,6548.05,1.0,13.88468655302385,0.0,0.0,nan,nan,6716.44,1.0,13.536579167464883,0.0,0.0,nan,nan,6730.82,1.0,13.507659064352907,540.9060824998131,139.85284582982413,2.4157258967257844,3.975416513595861,3426.1041088723487,3.596751447380825,131.09959576042812,0.0,0.0,nan,nan,3758.5643348487083,2.5197110876371704,81.95676473975051,949.4776190803093,150.01604491002513,5.32147349452291,2.5703957453298227,4687.029455760926,2.724060396620109,71.52745865164077,0.0,0.0,nan,nan,5875.62,1.0,15.473706908126772,-999.0,,6.061460232495404,2.2596328454467187,2.248861314462911,,,,,,9.672015697180806,0.16530225338794421,1.031492,1.031492,1.0
8d36m53pt7396396s2d25m16pt72513846s,8.614927677665994,2.4213125384601866,0.3531498011062424,,,,,,,,,,,,,0.382,macs0034p02a,2123.8898027513433,145.61244117251692,1.994779674404669,0.37354772249365,5006.854565012886,4.262320442163321,106.90749659308659,186.14788124421275,96.81587866590093,0.16451482770556974,0.23736581865390738,4959.416124743772,2.61695350564216,64.73695000733755,3045.079238201844,474.7367347566827,2.660467666954687,2.0891185163432007,3726.2007229453975,2.5080187629265835,82.28800777891851,6088.626822697438,931.7656147322044,5.327984305321067,4.100312143796139,3728.4577246867984,2.5080187629265835,82.22643775362816,9146.469997109585,458.0605671528783,9.169990499167236,0.8797456822477361,6562.008058187619,3.226366823660021,61.09665730746863,2659.088593301443,141.58764276952132,2.495369685646924,0.38119677690167114,4860.577711352954,2.3696496955936306,59.28774955146873,0.0,0.0,nan,nan,4342.241054457171,5.245391514045783,152.4765646119083,0.0,0.0,nan,nan,4097.718773260873,3.12336987280771,94.47761444626772,0.0,0.0,nan,nan,3970.465485505578,2.3521894229875064,72.01108938736837,0.0,0.0,nan,nan,3889.084776010257,4.1507242211319735,133.92965612334783,0.0,0.0,nan,nan,3835.017069779248,2.2706615192715254,71.70017277513293,1487.2653192506054,262.5618754452267,1.2796962738951885,0.7910285067125273,4365.014849187957,3.700270292190268,106.01729790409817,2534.2133173062593,274.0785900079406,2.0588837189779268,1.0199836875040862,3868.889419704287,3.846515857154307,124.46482418912852,3195.830317164826,1053.2605681082546,3.0092819696738426,1.8937129310463643,6582.58814842744,3.937989601971356,74.93971680828912,2.512470632362424,1087.6934546051789,0.002326868314694148,1.9341344060113088,6547.749552394157,0.4999617834394905,nan,1606.8725835433968,219.18980055502405,2.0967981679946046,0.53503714757798,6715.716494504124,3.781368257160163,70.437017503721,1380.9625525890986,288.7582562812405,1.8033635528980037,0.7037711364899968,6730.986671530814,4.282567829323739,79.91325545632284,0.0,0.0,nan,nan,3426.0,1.0,26.53754284399528,3893.8474782800768,729.7843953266226,4.1236713216883105,3.7954365509277936,3762.887542583639,9.99923566878981,337.7342754526394,574.2449913323209,99.97084779312308,0.4584045694411985,0.24423747273584562,4684.199825901498,1.1741549612201942,25.612575462704847,1038.7696552120958,242.25594675009575,1.2238045447706243,0.6200576723478486,5879.049906575523,5.0325768087903375,107.98348884611852,nan,,18.869992070477736,2.246312960538733,1.7464830441164125,6.007388775592027,0.3823368197812896,0.7137928910092244,67.30973538258583,1.2013604193873935,8.981610530746092,0.32414388724960796,1.031492,1.031492,1.0
8d37m10pt15434495s2d25m24pt52506028s,8.619487318043038,2.423479183410281,0.3877289964241779,,,,,,,,,,,,,0.382,macs0034p02a,1692.3697172808402,173.10049377639217,1.334101595677033,0.37274702980178537,5006.586835901064,3.8665293884974954,96.69057785609947,518.1410534645274,149.16714882180233,0.3983110113690816,0.317833631890596,4962.0058335432295,3.359236963284283,84.34852146892788,7991.469617527527,419.74274034389447,6.652730349995653,1.759928325923893,3726.2413764581693,2.426999577366225,79.40112550164329,6685.7662645611435,410.1657481386313,5.575778699321284,1.7197732065157865,3728.818317358499,2.426999577366225,79.34171551667498,19127.5375387848,804.9755336574322,16.936447209840267,1.365335845628632,6562.373394367823,4.156291663453877,79.47515479114773,4050.2675082624005,147.83743683674294,3.31766599786528,0.34736857757362993,4861.00402933938,2.9364228316428322,74.6830459521814,109.04452412563595,6.783788742210461e+139,0.069428931322059,1.5301407133044876e+137,4339.896225475954,0.4999617834394905,nan,0.0,0.0,nan,nan,4101.795645527379,3.0058232194444416,90.73007354425135,0.0,0.0,nan,nan,3970.821550756858,0.4999617834394905,nan,0.0,0.0,nan,nan,3888.89185765855,3.078637200898,98.14090010249936,0.0,0.0,nan,nan,3835.674785169959,4.637438181506687,152.1688008402421,4791.840049411266,799.7187478497594,3.2584253402857453,1.9027926698643507,4366.476505600719,9.99923566878981,291.0428046557292,3939.8900986308504,385.76834380023445,2.5625328123003377,1.148066243783612,3870.6153798129426,6.746982455082176,220.8268269497417,4004.7431055769916,1536.2536348927313,2.8819053697097443,2.1107452501085073,6583.043846795352,2.9394575958119935,55.20764108206373,0.0,0.0,nan,nan,6547.438320145949,0.4999617834394905,nan,2686.432956099558,409.20578054694124,2.8989646506024753,0.8261071201902043,6715.114081718014,3.917151591101327,73.05444889581182,1382.8181329649958,289.0773370214511,1.3661243815477657,0.5330198686485242,6730.855212880262,1.6807907450100712,28.90305802252907,1043.78593763723,269.00484006819414,0.7845575778767253,1.2853496751750597,3427.528493714149,0.9216014973519262,22.275837131970263,2411.329420542258,294.3272435553752,1.6537736529340494,0.9955021546927681,3756.7120194521217,3.3231095493448928,109.99280502249442,191.03215596034946,230.46433315091642,0.13476144999636736,0.4976205458744879,4683.911281525901,0.4999617834394905,nan,3129.8173330105687,490.3145705557005,3.082752247748771,1.0509613326845897,5871.180255525878,9.99923566878981,216.12712798001303,nan,,19.00000191861214,3.074909437277824,2.7188573307798345,5.173864887882384,0.39322544833534456,0.7431594561927668,71.21954394264097,1.2110836942573415,8.87405093372072,0.3516870338558644,1.031492,1.031492,1.0
8d37m13pt41s2d25m30pt884s,8.620391666666665,2.425245555555555,0.39561214458853233,36.39443914911723,0,1,0,7.915398718590004,0.15379801427576106,7.988008625778515,0.0003800408461311143,8.562105512978645,0.8031212230605177,60.07810661546875,10.95038192271233,0.388,macs0034p02a,1415.5210437569717,82.13013990324559,41.01176822019062,6.499429771102785,5006.883974494021,1.54868094351428,35.12654301527366,0.0,48.17456133589411,nan,nan,4958.91,1.0,18.334194769319836,3652.8544259527935,376.19975256662883,18.46110042225839,9.579532216199832,3725.707291768331,2.5449813247864985,83.60239513121562,3788.4352100143437,378.2476497291512,19.19041097366979,9.631679770019321,3729.003462568279,2.5449813247864985,83.53984164716003,2988.9352724417886,128.19188372691573,176.05186509816835,14.462102903665128,6563.048706288826,2.068829431578433,37.765616449241875,1034.4197074304611,73.54348678651517,131.91529033359632,26.89469853852839,4861.881926076143,1.6468443174822915,39.03815685275677,0.0,48.70603564508346,nan,nan,4340.46,1.0,20.94654063936261,2321.50418197747,194.86159005039983,74.56512857936718,25.00540491569733,4101.88614257081,3.565357341058034,108.50831407516573,169.52493380659632,0.0,2.7966581185162904,0.0,3969.6469869284715,0.4999617834394905,nan,1711.2886890396753,186.32133111590295,14.7361436564952,7.2829878959786685,3883.295320880861,2.1962499850497563,68.14569690322566,0.0,0.0,nan,nan,3835.449398399341,2.974107093371454,95.94750301648367,413.70316103046997,186.0864345230569,9.401818553309973,14.8236520347966,4362.647996157546,4.161305930402553,119.68875035045289,471.0506436661085,4628.054746464043,2.723685038623867,122.62197261396756,3868.3402807311254,0.4999617834394905,nan,607.7614159253379,261.36509688996466,13.375887155627879,10.981384673881337,6583.739812621279,1.420678114931544,23.906581642724888,55.84812275763284,18618.39717951809,1.2997517586351168,831.9364867468837,6547.940149150904,0.4999617834394905,nan,0.0,0.0,nan,nan,6726.44,9.99923566878981,189.07053077254085,0.0,0.0,nan,nan,6730.82,1.0,13.507659064352907,1651.4578848569483,210.6294168948242,7.969264405535188,6.4654762142395645,3426.7788094620473,1.5745601514913035,52.41060537347307,0.0,0.0,nan,nan,3760.028540168152,0.4999617834394905,nan,0.0,0.0,nan,nan,4684.248800378315,4.076698681996302,109.11901333507791,300.47516776593693,95.72462480852607,106.26984793213806,73.66264470261076,5871.937869922969,2.0968053785863194,42.826082656078086,-999.0,,0.452857742564781,0.0020549919459947395,0.1330284556782313,,,,,,6.096193156290509,0.0216,1.031492,1.031492,1.0
8d37m19pt76273492s2d25m00pt32498946s,8.622156315256571,2.416756941516139,0.596648870256991,,,,,,,,,,,,,0.382,macs0034p02a,3016.9497543210837,121.72379940308281,74.13067806665292,8.169433792660234,5006.840974703435,1.6065718215811724,36.76917323971078,0.0,0.0,nan,nan,4961.600759986509,7.504540090709797,191.82414094600193,636.635115521294,213193.98755607795,7.780328507210895,13137.231073221476,3724.6500947631107,0.5737297647132726,nan,0.0,0.0,nan,nan,3729.0945254023877,6.169065114584817,209.26515683790288,0.0,0.0,nan,nan,6562.8,1.0,13.853480493619768,910.4632754274678,294484.80974138004,22.1984526038434,20599.058897868148,4860.561672431657,0.5469993137916341,nan,417.6997998577408,1109155.1330555582,24.939675111157356,234424.94822542687,4341.552838899355,0.5335088932343549,nan,145.86765312988663,169.4234150501169,5.372281562168434,24.882762705623524,4105.345815562557,0.4999617834394905,nan,3381.6448544277496,321.75388723256157,57.337594215332736,23.54508114565295,3966.017574766149,9.608583328775557,307.30352145959085,907.2370979573958,114.59639362479659,10.027210427759274,5.727329637517566,3889.4189078939557,2.078042130538898,64.04997978631486,0.0,0.0,nan,nan,3834.5026813670274,3.7237646482946736,121.40101408261896,0.0,0.0,nan,nan,4362.408759719391,3.099565788032093,88.10289472295297,0.0,0.0,nan,nan,3869.06317137984,3.651257074408508,117.92427212791844,0.0,0.0,nan,nan,6583.45,1.0,13.810026928666252,0.0,0.0,nan,nan,6548.05,1.0,13.88468655302385,0.0,0.0,nan,nan,6716.44,1.0,13.536579167464883,0.0,0.0,nan,nan,6730.82,1.0,13.507659064352907,948.5168031174533,178.69173611068734,10.486918233914205,12.587503006000363,3424.921936748358,2.8010668684638844,100.78496755298373,1447.0617498208455,233.90846855460288,33.01827805047319,26.196821768630706,3763.654523566949,5.768916109156798,193.88689039694606,310.6582110841357,544.7206901255371,7.062938209889793,37.85288711799622,4687.584665341617,0.7714295741560616,8.808442502440458,0.0,0.0,nan,nan,5885.62,0.4999617834394905,nan,nan,,1.2818102299428664,6.521746274510589,1.1084141102698115,nan,0.017151214637026495,0.05522855415272612,4.796844295773588,0.10861577203510586,9.329978760847757,0.17368092458535295,1.031492,1.031492,1.0
8d37m21pt135s2d25m43pt101s,8.622537499999998,2.4286391666666667,0.65112542998946,48.344193776340745,0,0,0,9.464462823873715,0.022348097769335266,8.185532380163787,0.0006078000208253642,nan,nan,56.224815490537296,13.028673185105092,0.388,macs0034p02a,4447.016963296021,110.941463383716,239.4356916678104,16.315552568647707,5006.832202698838,1.7089029726178135,39.639997673095365,1430.843006713133,92.12557555025566,111.38464317885011,19.898724524025596,4958.811062720436,1.9759597423499904,47.438945476762285,910.0162883239361,202.5623782523701,6.752623086294354,7.565667839596845,3727.142794392498,1.6997384873546624,52.92267599882473,2022.171150918718,401.37806544415577,15.025203771306145,14.991397452231066,3729.0542019215195,1.6997384873546624,52.88307787769345,0.0,0.0,nan,nan,6562.8,1.0,13.853480493619768,0.0,82.98822865852668,nan,nan,4861.33,1.0,18.702211490174054,882.296859530816,131.88754768022312,425.2974017431796,225.30542303638617,4339.074884372994,4.712280708779452,136.68253726668146,481.3551509742089,373311.04439289286,5.565993876781938,17237.023681578095,4102.847909369239,0.4999617834394905,nan,296.2907381428645,162.9856504746514,6.923918887351384,16.39952846528825,3969.9668716956794,0.4999617834394905,nan,0.0,0.0,nan,nan,3889.202195620113,3.7463177068495033,120.47756425721678,0.0,0.0,nan,nan,3834.026835388957,6.6579039334603705,219.77390240337417,366.55742282710247,72.86722995322314,11.123941210478362,7.750918155299751,4362.713893588344,2.0110771857441354,55.01003664311837,2236.2652140445875,120.7260382345052,133.83466317040694,33.06189380396158,3870.519132306241,3.568960584115003,115.16371758134333,0.0,0.0,nan,nan,6583.45,1.0,13.810026928666252,0.0,0.0,nan,nan,6548.05,1.0,13.88468655302385,0.0,0.0,nan,nan,6716.44,1.0,13.536579167464883,0.0,0.0,nan,nan,6730.82,1.0,13.507659064352907,0.0,0.0,nan,nan,3424.893764661441,1.2100197923211657,36.67651557314097,0.0,0.0,nan,nan,3760.189924448576,4.341008007398862,145.05898845406668,162.04729766965937,97.44711613465475,47.00823150000482,86.55075674557939,4683.106793292393,0.4999617834394905,nan,0.0,0.0,nan,nan,5875.62,1.0,15.473706908126772,-999.0,,0.8576071665883748,0.06200743273877839,0.07782121419923434,,,,,,7.906456610578027,0.033396107850352734,1.031492,1.031492,1.0
8d43m55pt93713655s2d33m29pt99165659s,8.732204760152287,2.5583310157194243,0.3909780116823054,,,,,,,,,,,,,0.38429,macs0034p02b,15967.498049557325,144.3394845965014,67.15473040088763,1.658105085653663,5006.836695407092,2.207115604854901,53.22353304633202,5315.313109796867,159.86484651612224,23.70650193335751,1.9782670305445573,4958.938777844413,2.240357302651596,54.63708771638537,14445.334904350617,323.3369243745473,24.420485717122727,2.7534612202630804,3726.048692410994,2.102592699433947,67.74268590491637,20832.596329620428,414.7591881235034,35.2876541942216,3.531991721808327,3728.8618336563277,2.102592699433947,67.6919990673445,13191.17051494465,204.28646588582282,187.65123794043976,5.5663731716164,6562.791269125763,2.618158630472998,48.940076264190374,5773.542499209345,116.76076380227742,18.9209318404847,1.0975232077403563,4861.271376212865,2.148360887403702,53.19168850751438,2702.5463437728567,158.95124648685996,6.7278712963014815,1.4015401152730345,4340.315184074658,1.5615613997326165,40.94251612248253,0.0,81.17602204686499,nan,nan,4101.73,1.0,22.16567686891332,105.69325044099331,395.2403960157812,0.1947584166031429,3.131546563543784,3972.30023001777,0.4999617834394905,nan,530.7511625704554,362.7255206835989,0.9224809881246387,2.8523194298717613,3888.5650973483657,0.4999617834394905,nan,2101.275228252818,185.09304340159304,2.851816970275297,1.175432615264959,3835.672209599459,2.192209768894743,68.95760172231053,31.923831549222665,330.83130090013293,0.07360809615708652,2.673347272504967,4363.04232572072,0.4999617834394905,nan,2925.3290936233943,230.35027815132028,4.9457957553434,1.7838472105525909,3868.969405804511,2.058252105303821,63.694141028781566,219.86367598938338,120721.67510814751,0.6466783836167278,677.8046640126713,6584.258307562534,0.4999617834394905,nan,0.0,0.0,nan,nan,6548.305867793314,0.4999617834394905,nan,2549.070600382089,331.84647763382463,274.995363144599,66.96738900304527,6715.804826204386,2.6257905078756387,47.970672303986056,0.0,0.0,nan,nan,6730.82,1.0,13.507659064352907,0.0,0.0,nan,nan,3427.6102196358243,5.987563311884591,220.97205971740678,3094.08101644021,203.42650296203507,7.2639052904553045,2.355126880860363,3756.79260689578,2.079334572895208,66.29493662969226,0.0,0.0,nan,nan,4686.319864758176,3.5551980255395055,94.70400775597264,682.9871006259917,95.58462830198768,5.266278938474771,1.6023872952285252,5875.549686452058,1.4321059376678642,27.070771486524784,nan,8.552034658925919,,0.6375998349133798,10.126377161790723,5.336148495381107,0.26148957134026035,0.43650583117054137,36.47712883514095,0.4077234612267057,8.320698970204274,0.0794382641578669,1.031492,1.031492,1.0
8d43m56pt64s2d33m30pt474s,8.732399999999998,2.558465,0.39107707377800605,37.352151203994595,0,1,0,8.662506361000961,0.0,8.0595930178357,2.7209203154463483e-05,9.35973682822452,0.11192725780811309,70.46981692727272,11.939177218524469,0.39,macs0034p02b,29789.939079416767,210.0585938642323,29.950911846606648,0.5768594725867944,5006.822601329174,2.6474894213346873,64.92267803309763,10644.010969904866,124.60483008154372,10.52895357753802,0.341984615221683,4958.94934900557,2.6536656504687928,65.7145826933136,34569.14210719853,391.02807342776515,17.54235723269105,0.9995249669997465,3726.0836911111455,2.459778190998629,80.57009873099251,53281.077203411754,574.2963751003629,27.08870896603007,1.467985560060572,3728.775557527248,2.459778190998629,80.50981408988368,32143.273024611044,460.7550445218898,62.47467825027269,1.715332974128742,6562.794401037857,3.3884196055175755,64.31319236449227,13705.959015117585,143.77911250208422,13.423358871633077,0.4038747298809719,4861.386987206154,2.9112256242842562,74.0034073852282,6250.816944504029,195.41912383908587,4.474028885304381,0.49546373487561174,4340.090704100749,2.421779223133348,68.00127332838485,748.3307038142864,423.7169647582427,0.44057026459210696,0.9968137737638838,4101.567625282418,0.4999617834394905,nan,0.0,0.0,nan,nan,3967.900897084337,0.4999617834394905,nan,353.7900520152175,278.5725441719716,0.16244522000170364,0.5787856615576321,3888.327271597613,0.4999617834394905,nan,344.3958414090241,669.2050791494979,0.15199583650218262,1.3817087385278428,3835.976009126739,0.4999617834394905,nan,1060.0060549198738,8141729.5050859675,0.6885601570676334,18541.663977608867,4362.244994312161,0.5970295384868471,nan,5104.227041290465,271.0183651480533,2.4168046279283746,0.5878909616635359,3868.682052800311,2.5088482342102174,79.28078948894904,303.88701983380327,3304.5233705576047,0.2731229379180675,5.670246023209105,6583.346576749624,0.4999617834394905,nan,0.0,0.0,nan,nan,6547.617364604474,9.99923566878981,193.93267853817915,5998.694021573128,423.8744552041375,15.959785759838006,2.1094177165856296,6716.22891568597,3.207069051627812,59.324287480546374,0.0,0.0,nan,nan,6720.82,0.4999617834394905,nan,2231.115864991813,16416406.87080745,0.9023215228618797,42262.07136498364,3425.9771939290345,0.5595578868149209,nan,393.81705197503015,548.087137267133,0.21734035612386682,1.4891568669141189,3759.230226957321,0.4999617834394905,nan,0.0,0.0,nan,nan,4684.3060861951,4.133272753816168,110.67898266927665,1118.6305285161025,115.02645610336579,2.017942101044288,0.4511443360087374,5875.466852971589,2.2058834837897483,45.325652179474126,-999.0,10.775216799931167,,0.9624046543321616,3.4428528195038743,,,,,,8.725978460701004,0.06214275062942358,1.031492,1.031492,1.0
8d43m58pt33951374s2d33m32pt39167439s,8.73287208715128,2.5589976873294926,0.39170222134730537,,,,,,,,,,,,,0.38429,macs0034p02b,8290.556388997124,122.92268938317449,27.692614061098546,1.121500339152733,5006.837285818244,2.4803056307978797,60.503566749189055,3089.81597454836,154.20116227320335,9.512029777416505,1.317131393524169,4958.886296515702,2.6420247205106233,65.40470008614352,12986.897492384283,785.4927347134882,20.859902743634866,6.355553672525634,3726.024393069919,3.049192453172996,101.40159754520378,18850.472132077157,1241.945382469257,30.332423016969607,10.048788725598891,3728.5908209953122,3.049192453172996,101.32572623547279,10875.663317628587,219.16911618457078,82.82083975820986,3.196952534519276,6562.670926917934,3.109943625858637,58.78093989679055,4284.758520849791,141.7960189928362,14.150594769138099,1.3432238960192262,4861.143393898299,2.426902554250443,60.85537813460842,539.4113566973624,230.05607297695698,1.3149315259160304,1.9864053808964808,4340.246180204964,0.4999617834394905,nan,201.3887262111617,822.5558885557734,0.35554507435771476,5.801698793463233,4101.933148021954,0.4999617834394905,nan,302.83904295937384,300.4343115534091,0.5042362808650147,2.153577386246223,3970.1977768673923,0.4999617834394905,nan,0.0,0.0,nan,nan,3892.257595925937,8.440808236838452,275.3618614915675,0.0,0.0,nan,nan,3837.0592393632064,2.548444835535279,81.3379664110914,134.26821522542286,5.092781651860904e+59,0.3064337955807101,4.080898078890625e+57,4359.071270681296,0.4999617834394905,nan,1716.6581719942333,197.20165733653891,3.6603904231547455,1.9272379878135841,3867.9744235983203,1.710243495007847,51.349450867267585,0.0,0.0,nan,nan,6581.158714142906,9.99923566878981,192.88987927331783,0.0,0.0,nan,nan,6550.497682094019,9.99923566878981,193.93267853817915,1796.645938984019,276.4014182069297,57.58919649917378,16.5721165254902,6716.164575773877,1.8490147453392731,32.439400111521294,0.0,0.0,nan,nan,6740.82,9.99923566878981,188.66659273341497,0.0,0.0,nan,nan,3427.397741502043,0.4999617834394905,nan,5816.854974677188,369.8383597707757,11.244414077922324,3.509510820762678,3763.482882958148,5.59210164988145,187.8541246780246,603.5429212740933,4376313.646151891,1.5827435331044617,35133.02177338899,4683.496374847679,0.5383592533268144,nan,330.83715241765685,70.92241301778448,1.8380377657583642,0.8566051328323869,5875.885855963579,1.1618973158959804,20.093697535179793,nan,7.8900997797384695,,0.7473104902080953,0.2748605589753753,5.656946252099408,0.27834430911529834,0.47862156849295057,35.86574554996101,0.48231207311707164,8.076270755468368,0.03865301037648252,1.031492,1.031492,1.0
8d44m08pt54961201s2d33m49pt19173596s,8.735708225557154,2.563664371100013,0.7442381833141027,,,,,,,,,,,,,0.38429,macs0034p02b,3149.4007070286953,112.8717632295066,17.507335227449612,1.7138108485301373,5006.848894317158,1.5545441465069736,35.29359432002688,1538.2973100448278,310.0668641722007,27.196215047727826,15.218932348306659,4957.08182056693,4.4079720081064195,111.7298537827696,324.0016245664924,119.1194133341694,1.6809926113689722,3.114778261439432,3725.2941694440824,0.9419280000000001,21.534597245939114,998.1355074267847,292.83376899215216,5.190792415290696,7.657125168282646,3728.67638073628,0.9419280000000001,21.51848450080361,0.0,0.0,nan,nan,6562.8,1.0,13.853480493619768,692.7520993143582,120.34416988997769,3.3268442697443095,1.6579529588354085,4860.770668514942,1.2700776442649337,27.753422833813875,0.0,0.0,nan,nan,4343.192834173228,6.585684850698518,192.07060899974127,342.6861154848451,102.69769820463715,1.8040938785832392,2.15976328266336,4102.134055392965,2.427927685741921,72.15842468185014,2330.5390756234624,268.83011083401544,12.55293541080195,6.235228853986856,3969.821092946877,7.644063934559208,244.0952833618666,215.94884679632176,108.2036343189687,0.8892183493047413,2.0183626252081996,3886.5539291742716,0.4999617834394905,nan,148.62677724984184,inf,0.7294117656921537,inf,3835.524428290288,0.4999617834394905,nan,0.0,0.0,nan,nan,4360.797421925986,2.920581780388422,82.73312519236545,0.0,60.522335705695745,nan,nan,3868.75,1.0,23.500516131444996,0.0,0.0,nan,nan,6583.45,1.0,13.810026928666252,0.0,0.0,nan,nan,6548.05,1.0,13.88468655302385,0.0,0.0,nan,nan,6716.44,1.0,13.536579167464883,0.0,0.0,nan,nan,6730.82,1.0,13.507659064352907,909.5897676310472,227.7739162814445,3.862755083081845,6.1653003413574305,3424.4819269305167,3.373620186871253,122.63536928155771,0.0,0.0,nan,nan,3758.4740237546926,9.99923566878981,337.7342754526394,636.008735288853,103.42911818322119,3.6954890916924557,1.8409011410100562,4681.856011451405,2.211031228410422,56.98368166348524,0.0,0.0,nan,nan,5875.62,1.0,15.473706908126772,nan,2.0475039980792875,,1.3830537724325662,1.1096034137567574,0.6211918120596457,0.07534397530468376,0.1502317497458384,13.652580836266598,0.2818188034885442,9.34955963931692,0.21280998509042953,1.031492,1.031492,1.0
8d44m15pt375s2d33m55pt31s,8.737604166666666,2.5653638888888888,0.6041580378527738,41.54101242666326,0,0,0,8.460542370167689,0.007730041806312246,8.071977857737462,0.0026289953623465307,7.400889331005735,0.4267618077226267,52.66283879817293,12.03993137786913,0.39,macs0034p02b,7511.623444523434,158.5935289158508,12.475959460695302,0.7194690422968796,5006.841401497033,1.9746773203761443,46.94994552166296,3153.8154560393737,182.3842440492802,5.705203503385711,0.9153968995626717,4958.980884781187,2.101827403525981,50.87972023912121,5273.101928243604,242.8232287907278,8.949875057634758,2.0762370425599492,3725.920422924573,2.083574136983588,67.05315938131083,6886.22541467312,287.9142062964409,11.710423640474607,2.461783179347724,3728.6932181911984,2.083574136983588,67.00298846539806,0.0,0.0,nan,nan,6562.8,1.0,13.853480493619768,3084.0572291570516,167.24192750564433,5.1611297482315,0.8027410906030622,4861.328449251941,2.071152807265518,51.04827151420078,1040.8220971136238,101.10003316582306,1.523288758059378,0.5240918642637488,4340.249821555976,1.2927898685903645,31.879269425389573,339.78353144146297,8043599273947423.0,0.40521215933218474,38356850475320.625,4100.315511654732,0.4999617834394905,nan,1522.0562147826267,294.9397550998182,1.924482507671329,1.6032954884710986,3972.501173925261,5.537674726225864,176.1543672491296,0.0,0.0,nan,nan,3889.102089885659,5.421197670315194,175.97972296554897,875.9435443682979,819684.0527528472,1.0583147638948252,4633.507216772497,3835.8297473611283,0.5313026876378262,nan,373.9534424009445,75.27643909633981,0.5184057104931543,0.3657902263058837,4362.631491387149,0.9185872559501707,17.355508409583276,2765.500558539972,118.84285086734664,3.052087406366963,0.6010399774752587,3868.243770304359,1.9020422214728665,58.19817195813881,0.0,0.0,nan,nan,6583.45,1.0,13.810026928666252,0.0,0.0,nan,nan,6548.05,1.0,13.88468655302385,0.0,0.0,nan,nan,6716.44,1.0,13.536579167464883,0.0,0.0,nan,nan,6730.82,1.0,13.507659064352907,1575.8808481817002,179.66193876246365,2.287141684744245,1.6610609378499295,3425.1136531922775,2.049509507358122,71.57991979255979,1193.3436106283978,243.25146026424892,1.5225786939169017,1.5275238270196208,3759.657578337885,4.634206847917843,155.10959192616014,539.2199924717479,3210956.5138726914,0.7962356301217378,14501.635350455444,4685.879154916622,0.5030952903829221,nan,0.0,0.0,nan,nan,5875.62,1.0,15.473706908126772,-999.0,7.646729870496147,,3.2422429318771453,2.4959213131347395,,,,,,9.755805475624646,0.0917136790766527,1.031492,1.031492,1.0
8d44m21pt975s2d33m47pt915s,8.7394375,2.563309722222222,0.3104460781302154,32.32554445796824,0,0,0,nan,nan,8.093521381066365,0.00033608201652898264,12.953119446993204,1.2830081452108433,56.92142869588683,8.070654235756157,0.39,macs0034p02b,7757.862391960819,153.68349301258155,39.680897456002576,2.1470980524954704,5006.8503919648265,2.332012578080294,56.562229006268566,2871.36651876639,169.59383687550522,12.861790755019767,2.1077595946965277,4958.904821887502,2.833657685375805,70.49387154375746,12323.177765996094,1290.3802320549075,52.41619729001031,27.614019012010093,3727.7894772589516,3.2901316388365,109.84269048484191,3303.9803829925822,1414.0637854569857,14.079185201997904,30.26083574887144,3730.422750172707,3.2901316388365,109.76050333007105,6543.124582911191,185.36244552388334,47.92312480842456,2.6005373747326734,6562.548854424169,2.5466466364286684,47.498863730173134,2027.031956831893,134.75129838226732,8.579127906879501,1.6358226180050746,4861.244507867272,1.7992623800178773,43.40747107201619,1870.5309102850135,98.26798424190963,7.967489820994752,1.4823195995749372,4340.628830633846,1.1224466135841111,25.73597017966266,561.6697269402185,173.07364443974677,1.6931204088132032,2.0823846059226483,4103.658253297838,1.766046841389837,50.32510786263826,0.0,0.0,nan,nan,3968.925492719945,4.758528024585594,150.93354324853277,2070.5844804076737,258.51524440147324,5.87138697847256,3.305352818865048,3893.9896380799905,2.5346562683326512,79.74615609989469,0.0,0.0,nan,nan,3835.1426617450406,3.0040473643758636,96.96975136215687,0.0,0.0,nan,nan,4360.425524584065,0.9657865493808274,19.41480522327511,0.0,104.34669326986025,nan,nan,3868.75,1.0,23.500516131444996,166.5676366861877,inf,0.6448885189159863,inf,6579.90162945623,0.4999617834394905,nan,0.0,0.0,nan,nan,6547.766251044358,0.4999617834394905,nan,1354.6650767290032,239.33832023515717,12.051040767056207,3.9824654757219116,6716.349140349255,2.6242113137825176,47.93961402001593,865.6362934141223,274.04864918773194,7.98954488857342,4.721280639264281,6730.216786547907,2.608508949961996,47.52895434383869,0.0,0.0,nan,nan,3426.0,1.0,26.53754284399528,0.0,0.0,nan,nan,3760.405257753924,2.029811221051272,64.5113956979694,0.0,0.0,nan,nan,4686.637537042806,2.9513292274415073,77.89962275363786,771.3953446252543,152.08839369889324,7.353525606034702,3.152656038656368,5874.7508643565225,2.267940476110423,46.741393679432576,-999.0,1.7336815301066104,,0.08201765419650066,0.13328521047043565,,,,,,7.514475177172574,0.03021929720154049,1.031492,1.031492,1.0
8d44m29pt97104791s2d34m00pt39179231s,8.741658624419124,2.5667754978644983,0.46388261699781297,,,,,,,,,,,,,0.38429,macs0034p02b,0.0,162.8110103638572,nan,nan,5006.84,1.0,18.158683277981286,1918.2746011071995,504.70398242955315,3.9746922826668003,2.8983199991385673,4962.25286698834,9.99923566878981,256.08064588829484,0.0,0.0,nan,nan,3730.520533736933,0.4999617834394905,nan,0.0,0.0,nan,nan,3729.2025946285503,5.198107141896692,175.85826584482894,0.0,0.0,nan,nan,6562.8,1.0,13.853480493619768,0.0,0.0,nan,nan,4861.657885774967,4.544380475653746,117.58939425978096,0.0,0.0,nan,nan,4340.269081558027,2.0966827035211986,57.969251968815755,908.8229523583927,16940194.19200252,1.707218772576848,127208.04816283967,4100.848966419192,0.5302591139502058,nan,246.17398109806507,104935.04454252355,0.47338238445127373,869.2714976785087,3969.1237757100675,0.4999617834394905,nan,0.0,0.0,nan,nan,3888.9118570590776,6.676429227552341,217.3513369584987,192.8121424295582,0.0,0.34586165826704957,0.0,3835.9591639453215,0.4999617834394905,nan,0.0,0.0,nan,nan,4363.01192690744,2.1160550086708434,58.26630692455839,0.0,0.0,nan,nan,3870.7148969843724,0.4999617834394905,nan,0.0,0.0,nan,nan,6583.45,1.0,13.810026928666252,0.0,0.0,nan,nan,6548.05,1.0,13.88468655302385,0.0,0.0,nan,nan,6716.44,1.0,13.536579167464883,0.0,0.0,nan,nan,6730.82,1.0,13.507659064352907,0.0,0.0,nan,nan,3425.7357468660416,2.2288989952939837,78.63523978604975,251.2227019485017,153.70611858260395,0.49897772558196857,1.5051044019962212,3757.1802015798003,0.4999617834394905,nan,0.0,0.0,nan,nan,4685.115707558433,0.4999617834394905,nan,48.08857778191351,2.3512300173352766e+40,0.10566163314427864,1.1235622031730107e+38,5874.051229780201,0.4999617834394905,nan,nan,5.157573913885725,,1.4286782368638637,1.3426282521881199,0.3511154998155762,0.12433822383241865,0.2682735724627612,25.478815661156517,0.5502919105321459,8.887137536768783,0.3060450227523012,1.031492,1.031492,1.0
8d44m37pt425s2d34m05pt035s,8.743729166666665,2.5680652777777775,0.7142771362339659,48.3810283581482,0,0,0,7.620093029240324,0.0066554506657707,7.685288113425431,0.010316776145112285,5.632706386155335,1.3589772999294054,124.06727219464234,25.709844423353008,0.39,macs0034p02b,20868.770465070553,405.77357040110064,8.093333421069367,0.4298509601897257,5006.719743572543,7.598170089913903,192.37887524746085,9815.968884530957,1017.7142201680774,3.803142967618671,1.0942809143133838,4958.242624483783,9.99923566878981,256.08064588829484,15958.130117375264,11465.392037271562,6.0550160183602975,21.912040646775615,3726.168525600346,5.478232551570284,185.6446331382006,28967.869451538852,14012.418430350901,11.00937234609863,26.77978050880009,3728.519625638099,5.478232551570284,185.50572900057648,0.0,0.0,nan,nan,6562.8,1.0,13.853480493619768,13423.518595671832,345.00510283331806,5.382794276793477,0.39683722621332357,4861.081077579257,5.636649745094513,146.47175476749229,2619.1545716832425,177.54747994245423,0.8970651865626282,0.2152890609831805,4341.26027221758,3.458021050000646,99.32746476763282,314.82049149424677,129.10936694097194,0.09995136347705755,0.16387992277175545,4100.612149351803,1.9293111088665253,55.80174768059435,0.0,0.0,nan,nan,3969.124241282087,9.99923566878981,319.8627926142355,0.0,0.0,nan,nan,3890.2363249081995,3.7906380987556565,121.95410988205575,0.0,0.0,nan,nan,3835.2743635886836,0.4999617834394905,nan,3370.490330690467,585.5358932547164,1.138062439549822,0.6910673624605503,4368.746025388461,9.99923566878981,291.0428046557292,11805.199398761642,401.67079471971255,3.809698473747052,0.5941773461791395,3867.8023625490646,9.99923566878981,328.2406140748108,0.0,0.0,nan,nan,6583.45,1.0,13.810026928666252,0.0,0.0,nan,nan,6548.05,1.0,13.88468655302385,0.0,0.0,nan,nan,6716.44,1.0,13.536579167464883,0.0,0.0,nan,nan,6730.82,1.0,13.507659064352907,4314.5238909957025,1833.662879953655,1.3911318525243497,3.7699898300712604,3423.9885386300502,9.99923566878981,370.65991701749095,915.4355266075285,157.19162579676194,0.32387340488704824,0.27355997870655757,3760.4765741364354,1.2851628902358216,36.493170499248514,523.6819706163603,149.12825943994682,0.18516220467181874,0.16130276157780318,4685.338523870787,2.1749623801991746,55.94958993305464,0.0,0.0,nan,nan,5875.62,1.0,15.473706908126772,-999.0,20.866105071726675,,15.015065855521259,10.805859810855816,,,,,,10.020141867820909,0.2203130361607344,1.031492,1.031492,1.0
8d44m37pt995s2d33m12pt952s,8.7438875,2.5535977777777776,0.26745285165432997,7.676516291455468,0,0,0,nan,nan,nan,nan,2.9511353196256964,0.24743305447030378,63.45756076235151,13.244242593141045,0.39,macs0034p02b,4855.515374706188,163.40972340738952,31.698743183235848,2.913858417925721,5006.860366762681,2.219431746309998,53.55364395747803,1030.0376942707926,158.14496604294857,5.139683053585714,2.1893999642351263,4958.986046625684,1.9785782787310362,47.51082644973262,0.0,0.0,nan,nan,3726.03,1.0,24.400668213494743,0.0,0.0,nan,nan,3728.82,1.0,24.382410999599827,5851.132003729392,242.51891007143615,126.5533285251736,10.04758060823333,6562.537233424702,2.995339691847463,56.496881480811695,1994.335207144438,148.3983461303916,12.35959220386453,2.638003819212504,4861.114725100455,1.772022699835672,42.63203794257015,2353.2446413515704,190.73739949830255,14.289820313495163,4.102373346171605,4340.302593073859,1.9556041887850257,53.55934670920197,1008.1219855668926,193.65625960888184,4.477912623645555,3.4366235054758327,4101.900800609481,1.335794077392108,35.31189887039881,0.0,0.0,nan,nan,3971.273126074802,0.4999617834394905,nan,0.0,0.0,nan,nan,3889.6355227695663,2.009362518634961,61.65692295903915,95.69837653087787,413.27765654812004,0.3205814486181818,6.483085668326746,3834.4743831569235,0.4999617834394905,nan,0.0,0.0,nan,nan,4363.079698645014,5.604238638635982,162.24039032509236,865.9445657242901,311.56102959210034,2.383996979480384,3.928677454184672,3869.0415139088027,0.4999617834394905,nan,0.0,0.0,nan,nan,6581.624073803244,9.99923566878981,192.88987927331783,0.0,0.0,nan,nan,6549.588285680238,9.427484560124126,182.78743198683802,1061.4771762786374,212.71095671008766,15.373917224310887,5.76246757471167,6716.386023290226,3.4104514864529274,63.26877445957447,337.1617942758565,137.23252878747414,3.555713487407469,2.7019858730887263,6728.797685307508,1.7060061542786649,29.426844078082564,0.0,0.0,nan,nan,3426.0,1.0,26.53754284399528,0.0,0.0,nan,nan,3758.83000728792,0.4999617834394905,nan,0.0,0.0,nan,nan,4685.579569767661,4.965459908399002,133.56444702732466,0.0,43.96487648677738,nan,nan,5875.62,1.0,15.473706908126772,-999.0,3.0446293919901164,,0.46615165658901303,0.44148414724221013,,,,,,7.794250011067107,0.20948443990570678,1.031492,1.031492,1.0
8d51m02pt73s-20d16m09pt18s,8.850758333333333,-20.269216666666665,0.43481407625896185,38.58280006381564,0,0,0,nan,nan,8.025219335435859,0.0002441989864039692,13.298998233663724,1.263615013941616,75.13619985040248,19.548147030284834,0.3524,macs0035m20,3611.308166876189,99.70277434554777,10.210321482829563,0.7699606487339876,5006.841990096691,2.796657086147805,68.84770860788213,1009.5448309994083,110.38607173923661,2.523837242677481,0.7656207361622777,4959.144791860013,2.066953551039766,49.92919519250872,9135.955088747305,838.1534492826836,16.044322398052124,7.409012780357561,3727.128797669415,3.049688062932267,101.41899602041364,5991.559355474019,1055.7563867529027,10.539067532605326,9.332554282382029,3729.42262881401,3.049688062932267,101.34311169269148,0.0,0.0,nan,nan,6562.8,1.0,13.853480493619768,1484.9515050019274,97.51007686367832,3.66786782560133,0.6907972002091994,4861.383331961058,1.6462820023531008,39.02188731862867,648.1319659510825,118.38550201339973,1.0985152126496343,0.7107614565332974,4340.091160333599,1.3971063056270956,35.46393720012861,0.0,150.74455180639615,nan,nan,4101.73,1.0,22.16567686891332,78.68290740652694,4.6927870991190034e+125,0.1143772354687206,2.9370572320927147e+123,3970.0669540844488,0.4999617834394905,nan,0.0,0.0,nan,nan,3889.2973584740034,4.53429138888844,146.65262481860543,0.0,99.72050009032733,nan,nan,3835.4,1.0,23.704860453545347,999.7477972841236,18100368.185697068,1.7603478217912685,111583.41773281894,4365.203140559257,0.5440448882043711,nan,5396.488828999938,597.2168770032087,14.963871165742718,7.595023776182377,3866.94579638812,9.99923566878981,328.2406140748108,0.0,0.0,nan,nan,6583.45,1.0,13.810026928666252,0.0,0.0,nan,nan,6548.05,1.0,13.88468655302385,0.0,0.0,nan,nan,6716.44,1.0,13.536579167464883,0.0,0.0,nan,nan,6730.82,1.0,13.507659064352907,0.0,0.0,nan,nan,3426.7163345712543,2.8907285383777976,104.22242882973974,0.0,0.0,nan,nan,3764.847925603686,6.000079673711948,201.769871144952,2037.7243845757903,371.6008586481658,4.547982735851919,2.5392253518548813,4683.2180479404715,9.99923566878981,271.0131455203778,0.0,110.52666469609828,nan,nan,5875.62,1.0,15.473706908126772,1.8565332591435237,4.255573457595946,6.597354890032862,0.4612876027125658,0.6860065945237614,,,,,,8.047345418686353,0.24474362907811115,1.031492,1.031492,1.0
8d51m41pt55s-20d15m44pt023s,8.861541666666666,-20.262228611111112,0.3255930938784817,9.262275527975818,0,1,0,nan,nan,8.033900952381359,0.003952407022044303,7.40235257336617,0.5417932597365852,76.06657975643456,14.689484628874181,0.3524,macs0035m20,4985.181173438838,104.83196842095127,2374.6920087104045,136.39738149927635,5006.845354786945,2.1313063705392103,51.186920328837644,1640.3842276472622,134.39358606888496,48.33791099681986,10.98844473963463,4958.785349115855,1.9340050310478503,46.28534634826118,3810.5252139098466,318.30755171493723,156.73003947149937,65.89751047123983,3727.1773523423994,3.2270386042864994,107.63540645517301,2954.7035948081398,262.9039557518726,121.90858091059096,54.427600236781934,3731.646951515719,3.2270386042864994,107.55487084765912,3672.7108026157775,139.54412653026415,176.39605509910618,12.837545735963964,6562.738084111787,2.474170740187336,46.03484208728188,1808.99167894062,117.85625929906449,217.60599605217556,40.66711785904478,4861.008643274652,2.0497872676914017,50.453359285807714,1679.710812177911,144.9881873795447,55.59913357028162,16.999903365049484,4340.102881050066,2.2352840300428523,62.265381404692356,0.0,0.0,nan,nan,4102.295941243126,2.4724341813099437,73.59990917649725,247.04708939561374,275.6306716172111,5.474158470596671,26.26928268394835,3971.776525295905,0.4999617834394905,nan,0.0,0.0,nan,nan,3890.026746689355,7.5396831592689155,245.74890052837705,0.0,100.3191678016638,nan,nan,3835.4,1.0,23.704860453545347,0.0,0.0,nan,nan,4366.716000181708,8.099485522696195,235.44326186565,2064.3931736340237,162.2760473561902,87.7730452784134,31.580963128268948,3870.079787905584,1.2974440095293183,35.948289060719674,0.0,0.0,nan,nan,6582.953667580825,7.590129874675801,146.1516789005529,0.0,0.0,nan,nan,6549.247005273916,0.4999617834394905,nan,1294.6440794097557,203.37647640874647,48.29594502932334,14.189690599762192,6716.889650192597,1.9135271566013219,33.756864293672876,120.74110479802458,15900744275647.16,2.1056884289340614,517613654511.99304,6730.159106990046,0.4999617834394905,nan,0.0,0.0,nan,nan,3426.0,1.0,26.53754284399528,2977.7282923265097,178.105935777828,24.848615690142108,7.313864659364591,3759.8833389934316,1.84430001056069,57.773575335576695,0.0,0.0,nan,nan,4683.876035174764,4.140290561530961,110.87244668984597,490.2628691429751,175.51549433792633,19.44975158873519,15.14249430026378,5874.372568143165,2.873149812397534,60.378139222545656,-0.07476662671886741,0.707921551958099,0.39539214938932354,0.21704821853449285,0.5266662733277443,,,,,,7.680878855820486,0.0669373396885563,1.031492,1.031492,1.0
8d52m04pt08s-20d15m21pt437s,8.8678,-20.25595472222222,0.7060587401982059,39.206214364311045,0,0,0,nan,nan,7.947885536255371,0.00012693758534237695,32.540034089338576,2.375694882886972,53.62354766367955,17.476428651706225,0.3524,macs0035m20,5180.146610694476,130.74903556133003,48.6077606466844,3.351117609156632,5006.83348387847,1.9350132302705645,45.86976031714155,1790.5470090498443,110.91580070712874,11.070795530944334,1.9027195272855495,4958.973951735035,1.8504291041526855,43.97575562337526,13788.952926831238,866.8926573139788,3.0674535518088315,0.971466553359007,3725.986589132001,2.2429372605158675,72.80836305128035,43193.040094890384,2143.1096443450087,9.636430837750797,2.401634530061812,3730.1310792301497,2.2429372605158675,72.75388594245959,0.0,0.0,nan,nan,6562.8,1.0,13.853480493619768,1965.354014869315,124.55310164357371,14.088494994578197,2.561021922070004,4861.15059124832,1.7973216504907459,43.35229476806483,3411.695203491645,303.2706689161173,3.053314056022919,0.9621443811086079,4338.492649372735,1.2502314700246566,30.383864712101,316.483616530448,180.73410371866782,0.25669459096243674,0.5860051591300052,4100.808623458859,0.4999617834394905,nan,446.2265506905286,125.37161067093959,0.25348681521536354,0.3064430949667971,3971.124012583158,2.95450739620559,92.04579975123038,1464.7608035646724,220.63067655409674,0.4327416362879846,0.2947806703640515,3889.237431349168,1.8145205661405523,54.801188195172124,493.56793699012854,567.2007740586865,0.12027580953179491,0.6465294355132123,3836.201257430332,0.4999617834394905,nan,0.0,0.0,nan,nan,4365.129789147641,0.4999617834394905,nan,3408.32257924454,201.83516786044305,0.9289573898614022,0.25164624895206505,3871.039564073848,1.2471535174264776,33.96620348350088,0.0,0.0,nan,nan,6583.45,1.0,13.810026928666252,0.0,0.0,nan,nan,6548.05,1.0,13.88468655302385,0.0,0.0,nan,nan,6716.44,1.0,13.536579167464883,0.0,0.0,nan,nan,6730.82,1.0,13.507659064352907,0.0,0.0,nan,nan,3423.932896810675,9.972994681842621,369.68239758479535,0.0,0.0,nan,nan,3758.484177014998,3.210702179907101,106.09626749518581,9932.260507508481,580.7780271643692,8.602042286955273,1.5386961050650951,4685.38602941116,1.0890922333561242,22.66903323402952,0.0,0.0,nan,nan,5875.62,1.0,15.473706908126772,0.8249923348914106,1.6929455677010004,3.3068171258910826,0.16763499247276972,0.22712015131061705,,,,,,8.339806911671408,0.05008647050033103,1.031492,1.031492,1.0
90d01m35pt85316203s-20d07m59pt41999829s,90.02662587834072,-20.133172221746328,0.3283239518834278,,,,,,,,,,,,,0.46,macs0600m20,3698.5191907196017,218.48585803207288,1.5930518159496199,0.2570415472847109,5006.902210572902,3.742461268643785,93.48105819500724,54.501974179977765,269.0156934187435,0.022241711726585137,0.3042121069137506,4962.767857985832,0.4999617834394905,nan,10989.525741134465,1695441.1281799374,5.55639453102105,4312.65267118762,3727.860350356084,5.54760003946355,188.03410672781916,17054.126230995345,1725974.8591446567,8.618097170391678,4390.320585583258,3727.094257387845,5.54760003946355,187.89341472397595,37324.70033047045,1570.903481808464,16.726547922286873,1.348653361610194,6561.69073654408,4.264700373738316,81.6078332208753,8565.350589578438,250.2390525447703,3.5642380497706077,0.29872354131178297,4860.7688441428645,3.6581223260441917,94.02982945859539,1713.2600117086513,281.7996315901153,0.6249409553620974,0.3640981239630986,4340.19129413407,2.9108809297363107,82.87365274408756,0.0,0.0,nan,nan,4101.670830718668,5.485538002505152,168.86903987675103,0.0,0.0,nan,nan,3969.638801350278,0.4999617834394905,nan,0.0,0.0,nan,nan,3883.1210123194887,0.4999617834394905,nan,0.0,0.0,nan,nan,3835.543137404269,2.4880556347746747,79.25118681062334,3025.652418602778,737.1755190213548,1.078547600320154,0.9209644162904068,4362.975383255428,9.99923566878981,291.0428046557292,11931.944524984834,1157.5748730745684,4.359095641186841,1.9374982398005542,3868.6073452305995,9.99923566878981,328.2406140748108,6654.165346147541,3093.655488077648,2.4123203938352793,2.1416175448269272,6582.1599889767585,3.0038357242611844,56.488630988897725,0.0,0.0,nan,nan,6551.156140969681,9.99923566878981,193.93267853817915,1586.543146243008,377.8169580938453,0.9005176239904981,0.4010611923256293,6717.243552716787,1.9868381834749547,35.24573444397365,5523.3396169561665,555.0036688988722,3.2717454145051046,0.6136680685569957,6729.995463331008,5.96209777540518,111.99018453287654,0.0,0.0,nan,nan,3426.0,1.0,26.53754284399528,0.0,0.0,nan,nan,3760.096485741453,1.563657461824141,47.34250717366435,1877.1367462655328,419.88338032408717,0.6790512469858404,0.46375400322574156,4690.408413644043,9.04629506050933,245.05129251361691,2363.9914270306385,428.28493628865675,1.220846867635022,0.48091077333566423,5875.243174097975,4.909031333101532,105.2796156737396,6.561112149541924,22.536761281755474,46.35981851979618,7.247720745483593,7.908802919972344,16.07254151273366,0.8386933962914256,1.5180974459945782,137.1287638579513,2.4418135035764355,9.084478610268166,0.11528188013399497,1.031492,1.031492,1.0
91d28m28pt76168372s-35d18m07pt54941805s,91.47465602325526,-35.302097060569714,0.14308666406270198,,,,,,,,,,,,,0.1356,a3378,0.0,0.0,nan,nan,5007.876906802419,0.4999617834394905,nan,0.0,0.0,nan,nan,4959.026705932289,4.3467451919917774,110.13748398825352,0.0,0.0,nan,nan,3726.03,1.0,24.400668213494743,0.0,0.0,nan,nan,3728.82,1.0,24.382410999599827,0.0,0.0,nan,nan,6562.933689155253,6.428757949656111,123.96839554143082,0.0,0.0,nan,nan,4861.462691752124,4.454677518252406,115.21126554551485,91.76389264281873,9.128829905576943e+27,0.00510757148274918,1.798131854442978e+24,4342.148361773116,0.4999617834394905,nan,0.0,0.0,nan,nan,4101.73,1.0,22.16567686891332,0.0,0.0,nan,nan,3970.08,1.0,22.900702702093618,0.0,0.0,nan,nan,3889.06,1.0,23.37778840736009,0.0,0.0,nan,nan,3835.4,1.0,23.704860453545347,29028.856853690177,3683.7085473757743,1.729132427358943,0.771874064566423,4354.9780047449385,9.99923566878981,291.0428046557292,0.0,0.0,nan,nan,3868.75,1.0,23.500516131444996,0.0,0.0,nan,nan,6585.522751222319,9.99923566878981,192.88987927331783,0.0,0.0,nan,nan,6546.919776079043,3.0846609450941886,58.40873503742336,9362.31887032941,4871.453783346302,0.6554556960284205,0.6376385174925283,6719.282524143889,9.99923566878981,189.07053077254085,0.0,0.0,nan,nan,6732.739103230849,7.120338946114698,134.02529404708403,0.0,0.0,nan,nan,3426.0,1.0,26.53754284399528,0.0,0.0,nan,nan,3760.0,1.0,24.18021855944889,0.0,0.0,nan,nan,4690.441054525099,0.4999617834394905,nan,0.0,0.0,nan,nan,5872.279596820627,1.902817579637244,38.338138991581836,nan,nan,nan,77.90257793995787,62.833777552848744,238.34915690245398,13.214044347636905,24.013276077892634,2483.7220509280132,40.208132427901745,9.5849863984895,0.3876003261006809,1.031492,1.031492,1.0
91d28m32pt43779589s-35d18m06pt14972423s,91.47567716552496,-35.301708256729235,0.14119220064357707,,,,,,,,,,,,,0.1356,a3378,12816.96444550263,258.2269342957454,1.765851498338818,0.09717525755880492,5006.850951769893,3.037163570910928,75.14755817752925,4443.624867686077,511.980060298904,0.5510132993131642,0.17616476422573313,4958.605276153996,3.733069454284798,94.13913383358938,0.0,0.0,nan,nan,3726.03,1.0,24.400668213494743,0.0,0.0,nan,nan,3728.82,1.0,24.382410999599827,3441.729833540685,1953.5362000371053,0.49628351207820576,0.5395312065050077,6563.117489566418,2.0743827669276813,37.88007664629192,1110.0755020558565,225.5070760968356,0.1387021119090104,0.08080711556763281,4861.652494196606,1.2439103608778972,26.928344760456614,2900.40901892612,454.73075688847734,0.3941355835375472,0.2191171738346927,4337.869586696012,4.58083550113638,132.78259672238795,0.0,0.0,nan,nan,4101.73,1.0,22.16567686891332,0.0,0.0,nan,nan,3970.08,1.0,22.900702702093618,0.0,0.0,nan,nan,3889.06,1.0,23.37778840736009,0.0,0.0,nan,nan,3835.4,1.0,23.704860453545347,9388.166284043691,1062.0770227346934,1.3180865735640572,0.5227186757608833,4362.491953980427,9.99923566878981,291.0428046557292,0.0,0.0,nan,nan,3868.75,1.0,23.500516131444996,25156.288789188584,879.8209041243623,3.9555370827723157,0.2641055060732628,6583.6779654479315,3.4626174006070745,65.5772282643179,7208.517751458754,855.0049790799594,1.1277880162609666,0.2568228266148595,6548.120648762768,3.5493181672421095,67.65207015396095,4016.5208691766693,570.192496802163,0.6497657759232175,0.1725197932597923,6716.909630765573,3.3965761423288003,63.000021710549454,3899.2366693636573,587.5625557762686,0.6442818556788324,0.18119566079293759,6730.960099627289,3.2728763001970664,60.47236827264506,0.0,0.0,nan,nan,3426.0,1.0,26.53754284399528,0.0,0.0,nan,nan,3760.0,1.0,24.18021855944889,1053.9519064275817,248.55603900562065,0.1336597791675946,0.09648687334984953,4683.740109314888,4.209859791071941,112.78978846342773,12558.014747181,4697.270589759886,2.0082481986215703,1.6356227041582954,5868.494585862627,9.99923566878981,216.12712798001303,nan,nan,nan,37.431594941157975,31.19695937084429,141.13686793434877,7.777602042104354,14.099418921968063,1445.2656285251135,23.463346309278947,9.606537729988236,0.2297052221597879,1.031492,1.031492,1.0
91d28m43pt71105887s-35d18m00pt9504705s,91.47880862746408,-35.30026401958398,0.4678023019805535,,,,,,,,,,,,,0.1356,a3378,26976.48630678857,738.910400021205,56.93296429630217,4.2593673797472045,5006.924038886117,6.099600700037378,154.07131637977392,0.0,0.0,nan,nan,4961.003578367936,2.1211316948675507,51.405027453690934,0.0,0.0,nan,nan,3725.9808448031686,2.1499471016725025,69.45621458634676,2382.3008807895485,658.9473970445515,2.134373458747226,2.960068287813068,3732.7211383745725,9.99923566878981,340.5583738828702,0.0,0.0,nan,nan,6562.8,1.0,13.853480493619768,18.778164529926656,136.41028802003527,0.03164690811154755,0.659408387917046,4861.188476800337,0.4999617834394905,nan,41.50218653358205,143.0060985459681,0.052847409861206354,0.6447123554136199,4341.190887318269,0.4999617834394905,nan,0.0,0.0,nan,nan,4102.309446158964,1.6251781932926603,45.52361316398395,119.46608796451152,5.87766014158282e+16,0.1196588285293325,253578301892192.28,3969.3470160722363,0.4999617834394905,nan,985.1325024125241,232.69386388839555,0.9630640043257612,1.0280593630233548,3890.337632614702,8.54159102590234,278.67230016421905,838.0721704740632,103.98774350690313,0.7230632243505182,0.41973242470096706,3835.9332378714253,1.8995926970327845,58.61676894265558,1207.0798508517776,192.55405707940065,1.5590515217597922,0.8697390537982004,4367.658091343128,8.833778731515977,256.9422802511986,466.56175737785384,104.12650132268767,0.4276304477415391,0.43718068162436524,3868.850368781696,2.1678344336013424,67.51618364010086,0.0,0.0,nan,nan,6583.45,1.0,13.810026928666252,0.0,0.0,nan,nan,6548.05,1.0,13.88468655302385,0.0,0.0,nan,nan,6716.44,1.0,13.536579167464883,0.0,0.0,nan,nan,6730.82,1.0,13.507659064352907,396.55177132799486,120.99374124815567,0.2945578006376416,0.5716620795418241,3426.8448068559,0.4999617834394905,nan,1515.3494013808322,7663567.231242441,1.370548627064786,34161.15568226145,3757.6291740812712,0.5322817251457294,nan,660.1481261250542,40433502.965862,1.14079165003169,213704.01648846993,4685.882495796039,0.5086901216447677,nan,0.0,0.0,nan,nan,5876.634188318278,9.99923566878981,216.12712798001303,nan,nan,nan,5.588106137959816,4.227027903852041,7.722809452216499,0.36580311639524815,0.6328880916318305,56.37221156312609,1.0790307178881462,9.69874936757434,0.129071901736746,1.031492,1.031492,1.0
91d28m43pt71113891s-35d17m59pt95047053s,91.47880864969667,-35.29998624181484,0.46749031830625953,,,,,,,,,,,,,0.1356,a3378,25511.612331070195,422.7272467081797,35.01359862741302,1.584613584943982,5006.999690730899,5.866787642245054,148.11057157467977,1769.9222506826736,535.4434918657685,2.504171119789051,2.1084562821835635,4949.594732942332,9.99923566878981,256.08064588829484,442.2344716992286,96.58342335430073,0.27408043547337946,0.30182255568645544,3724.6431384810317,1.1957612168130605,33.12414852632551,26.15082898886845,59.24309999196799,0.016256954528470667,0.18513429349848975,3729.0233393247277,1.1957612168130605,33.09936417782158,0.0,0.0,nan,nan,6562.8,1.0,13.853480493619768,0.0,0.0,nan,nan,4861.032371960203,7.058861395528575,183.9486275933365,121.76853241141585,90.98884924743267,0.10684568638194289,0.2824153630298078,4343.060459771634,1.2327736736953652,29.763849485026345,0.0,0.0,nan,nan,4101.591234415145,4.438985074212547,136.0540435611056,3213.915049169919,636.742345393859,2.713037800578527,2.3208121312866328,3965.281209080541,9.99923566878981,319.8627926142355,0.0,0.0,nan,nan,3890.0512130519937,9.99923566878981,326.52642944617054,0.0,0.0,nan,nan,3836.2004044797673,2.6462317112345026,84.7086172495229,892.2333186918815,191.0077579872506,0.8033929272012443,0.6008797711439893,4369.779066158434,5.775226885539179,167.26770148002743,304.8836585897969,121.97035217023573,0.20809709449113922,0.3821131828457081,3865.7063506152776,2.341619943700533,73.53279872690035,0.0,0.0,nan,nan,6583.45,1.0,13.810026928666252,0.0,0.0,nan,nan,6548.05,1.0,13.88468655302385,0.0,0.0,nan,nan,6716.44,1.0,13.536579167464883,0.0,0.0,nan,nan,6730.82,1.0,13.507659064352907,0.0,0.0,nan,nan,3424.982698551646,7.268460740216249,268.8404682417345,689.6076237137288,160.53962299716665,0.46290515634850166,0.5302064542922992,3760.148555993496,2.668351272390694,87.18366557671563,71.70451471790761,2.9201300058330355e+21,0.08417419245723241,1.051124636728447e+19,4679.221565851033,0.4999617834394905,nan,0.0,0.0,nan,nan,5875.094958137525,6.030994011097587,129.7935101932533,nan,nan,nan,6.3638627021971494,5.0671514621963425,13.990825779192514,0.6735848703712971,1.1824536271231059,110.64291085041037,1.9403669089136006,9.565319681454971,0.29023373428196253,1.031492,1.031492,1.0
91d28m44pt69130426s-35d18m00pt75052166s,91.47908091784922,-35.30020847823766,0.46776876642385634,,,,,,,,,,,,,0.1356,a3378,39692.38644437258,984.8577818079372,58.41754067178572,3.958959014400065,5006.948843830253,6.320610490548234,159.7270423269533,0.0,0.0,nan,nan,4957.9373459377975,0.4999617834394905,nan,2762.2170444876747,730.8553782014558,1.755735443841997,2.330257498164774,3732.078873362887,9.99923566878981,340.8133793077146,149.13470064329735,2.044101868145128e+18,0.09242909066639686,6370794839392836.0,3728.4760435829635,0.4999617834394905,nan,0.0,0.0,nan,nan,6562.8,1.0,13.853480493619768,193.64927729099887,88.00748212817236,0.23374592233326238,0.30476391805411573,4860.617229342724,1.7805860736086567,42.87604414759373,0.0,119.21049051359066,nan,nan,4340.46,1.0,20.94654063936261,937.3109709146287,132.97056213671883,0.7711923272834771,0.4375833078763381,4099.833774879995,3.952604429469323,120.74234304043624,1196.9795240887952,123.38366921183123,0.9250513757252091,0.4101372325324498,3971.740172238735,3.06285955400499,95.61844558623717,748.6190664440029,102.75562267967804,0.5355478506637629,0.33293374561474454,3886.866691251883,1.956660083762811,59.81295254038937,750.3125534056948,325420.9345779401,0.4749390152576932,963.6805290949328,3835.9458613712563,0.5830791184644153,nan,2064.224799903518,155.92908569041123,1.892880276208485,0.5001483516795825,4367.190524333502,7.9022380794666685,229.6658002116226,921.4737520915712,149.581644626288,0.6199709186157674,0.4608362078394355,3869.4331625077634,3.006374992628156,96.21260006797031,0.0,0.0,nan,nan,6583.45,1.0,13.810026928666252,0.0,0.0,nan,nan,6548.05,1.0,13.88468655302385,0.0,0.0,nan,nan,6716.44,1.0,13.536579167464883,0.0,0.0,nan,nan,6730.82,1.0,13.507659064352907,423.3839454860097,4180.031684609071,0.23318508660966564,14.645060997874959,3426.7404924597377,0.4999617834394905,nan,161.72018142833096,0.0,0.10439193236199111,0.0,3758.9281286512,0.4999617834394905,nan,756.5370138695338,2557500.476709606,0.9542478546819777,9875.856805864621,4683.3564586312505,0.5624642044363359,nan,0.0,0.0,nan,nan,5873.55769666162,9.99923566878981,216.12712798001303,nan,nan,nan,5.769966595723507,4.637609347674549,8.874871971607657,0.4089728147955289,0.7090516611594812,64.44903768054417,1.2023842932066768,9.7790289200298,0.05414886024317686,1.031492,1.031492,1.0
99d19m52pt384047s-48d28m52pt49613389s,99.33121779083456,-48.48124892608089,0.44378838225385087,,,,,,,,,,,,,0.2026,a3399,5776.485972292028,97.19913695415173,133.52871451274612,6.13705012240239,5006.84272813074,2.060396721571576,49.273998451057906,1813.923828537137,67.56287465544801,31.160693001997817,3.220273002341312,4958.916577821518,1.6253534018910833,37.65954323455836,2668.4367242132007,179.16404021544759,32.4867544302761,10.987025793363697,3726.1050475783804,2.106232343560108,67.87455352190814,4333.922435838017,258.2275725925771,52.861964064815254,15.835504698490944,3728.786328379881,2.106232343560108,67.82376801755929,0.0,0.0,nan,nan,6562.8,1.0,13.853480493619768,1485.149105115385,81.3675570673816,29.012063949179492,4.558743606768067,4861.477969103574,1.875338847456418,45.56240190439763,502.5351347097662,122.50633455434526,5.506876166812297,4.7535479538635546,4340.88767534656,2.003499480065576,55.06121582392588,549.3963883723579,97875505.92819992,5.3724496461076825,3827921.938323943,4099.934208731406,0.5022004463926433,nan,0.0,0.0,nan,nan,3969.687193871607,3.3494338356450806,105.0358159588318,0.0,0.0,nan,nan,3887.902226869273,0.4999617834394905,nan,1262.1336824381967,171.49487256208067,19.59662940484405,12.4848098857186,3832.5264841063567,3.8559237171474767,125.86465376996678,0.0,0.0,nan,nan,4357.950875789293,6.4570471475440145,187.29392678069797,0.0,0.0,nan,nan,3868.953023685533,4.525855757884524,147.14154702440965,0.0,0.0,nan,nan,6583.45,1.0,13.810026928666252,0.0,0.0,nan,nan,6548.05,1.0,13.88468655302385,0.0,0.0,nan,nan,6716.44,1.0,13.536579167464883,0.0,0.0,nan,nan,6730.82,1.0,13.507659064352907,0.0,0.0,nan,nan,3426.8497483555716,4.753040881691511,174.69701696749405,0.0,0.0,nan,nan,3759.6705363228352,2.7669222453021143,90.63777889433197,428.172291777156,59.09677093401409,6.472115821192624,2.730551188875649,4687.366974228147,1.5805397900124136,38.50203397287001,0.0,0.0,nan,nan,5875.418979406242,4.6370378938063705,99.32171708506804,nan,nan,nan,0.09123947674358487,0.09782245056070628,0.21278372382081567,0.018302713089804478,0.03526481447903862,2.8788545078205043,0.040069425374243135,7.799506911660173,0.056962486099538266,1.031492,1.031492,1.0
