log10R23,log10R23_e,log10O32,log10O32_e,oiiiEW,hbetaEW,z,Mstellar
nan,nan,nan,nan,nan,nan,4.793310165405273,0.0
nan,nan,nan,nan,nan,nan,4.1996169090271,0.0
nan,nan,nan,nan,nan,nan,4.439391136169434,0.0
nan,nan,nan,nan,nan,nan,4.814822196960449,0.0
nan,nan,nan,nan,nan,nan,4.9472455978393555,0.0
nan,nan,nan,nan,nan,nan,3.1427299976348877,0.0
nan,nan,nan,nan,nan,nan,3.0648000240325928,0.0
nan,nan,nan,nan,nan,nan,3.065150022506714,0.0
nan,nan,nan,nan,nan,nan,5.319019794464111,0.0
nan,nan,nan,nan,nan,nan,5.316891670227051,0.0
nan,nan,nan,nan,nan,nan,5.789340019226074,0.0
nan,nan,nan,nan,nan,nan,2.9610331058502197,0.0
nan,nan,nan,nan,nan,nan,2.9641966819763184,0.0
nan,nan,nan,nan,nan,nan,2.968754768371582,0.0
nan,nan,nan,nan,nan,nan,3.0447957515716553,0.0
nan,nan,nan,nan,nan,nan,3.496229410171509,0.0
nan,nan,nan,nan,nan,nan,3.656590461730957,0.0
nan,nan,nan,nan,nan,nan,4.271299839019775,0.0
nan,nan,nan,nan,nan,nan,3.768305778503418,0.0
nan,nan,nan,nan,nan,nan,3.7715437412261963,0.0
nan,nan,nan,nan,nan,nan,3.9222488403320312,0.0
nan,nan,nan,nan,nan,nan,3.9464306831359863,0.0
nan,nan,nan,nan,nan,nan,4.225133895874023,0.0
nan,nan,nan,nan,nan,nan,5.076079845428467,0.0
nan,nan,nan,nan,nan,nan,0.21450094115348567,0.0
nan,nan,nan,nan,nan,nan,4.193633556365967,0.0
nan,nan,nan,nan,nan,nan,4.051641941070557,0.0
nan,nan,nan,nan,nan,nan,0.2317968454217187,0.0
nan,nan,nan,nan,nan,nan,3.5751779079437256,0.0
nan,nan,nan,nan,nan,nan,3.6550099849700928,0.0
nan,nan,nan,nan,nan,nan,3.9606099128723145,0.0
nan,nan,nan,nan,nan,nan,4.720393180847168,0.0
nan,nan,nan,nan,nan,nan,3.569960117340088,0.0
nan,nan,nan,nan,nan,nan,3.336519956588745,0.0
nan,nan,nan,nan,nan,nan,4.781816482543945,0.0
nan,nan,nan,nan,nan,nan,4.782708644866943,0.0
nan,nan,nan,nan,nan,nan,4.553890228271484,0.0
nan,nan,nan,nan,nan,nan,3.077622890472412,0.0
nan,nan,nan,nan,nan,nan,3.414015769958496,0.0
nan,nan,nan,nan,nan,nan,4.531680583953857,0.0
nan,nan,nan,nan,nan,nan,4.140992164611816,0.0
nan,nan,nan,nan,nan,nan,5.8017401695251465,0.0
nan,nan,nan,nan,nan,nan,4.36110782623291,0.0
nan,nan,nan,nan,nan,nan,4.441503047943115,0.0
nan,nan,nan,nan,nan,nan,1.096443019513262,0.0
nan,nan,nan,nan,nan,nan,3.2649500370025635,0.0
nan,nan,nan,nan,nan,nan,0.6706535220146179,0.0
nan,nan,nan,nan,nan,nan,3.093008518218994,0.0
nan,nan,nan,nan,nan,nan,4.90871000289917,0.0
nan,nan,nan,nan,nan,nan,0.915519751444974,0.0
nan,nan,nan,nan,nan,nan,4.661230087280273,0.0
nan,nan,nan,nan,nan,nan,4.142509937286377,0.0
nan,nan,nan,nan,nan,nan,0.6848065257072449,0.0
nan,nan,nan,nan,nan,nan,4.269390106201172,0.0
nan,nan,nan,nan,nan,nan,4.848820209503174,0.0
nan,nan,nan,nan,nan,nan,0.882231379088211,0.0
nan,nan,nan,nan,nan,nan,4.846749782562256,0.0
nan,nan,nan,nan,nan,nan,4.778319835662842,0.0
nan,nan,nan,nan,nan,nan,4.3107099533081055,0.0
nan,nan,nan,nan,nan,nan,3.592439889907837,0.0
nan,nan,nan,nan,nan,nan,0.5341100670306111,0.0
nan,nan,nan,nan,nan,nan,0.9675087225405421,0.0
nan,nan,nan,nan,nan,nan,0.3100537217087802,0.0
nan,nan,nan,nan,nan,nan,0.5778310762092458,0.0
nan,nan,nan,nan,nan,nan,5.12608003616333,0.0
nan,nan,nan,nan,nan,nan,4.285639762878418,0.0
nan,nan,nan,nan,nan,nan,3.0578699111938477,0.0
nan,nan,nan,nan,nan,nan,4.285220146179199,0.0
nan,nan,nan,nan,nan,nan,3.488179922103882,0.0
nan,nan,nan,nan,nan,nan,3.091639995574951,0.0
nan,nan,nan,nan,nan,nan,3.4165000915527344,0.0
nan,nan,nan,nan,nan,nan,4.772719860076904,0.0
nan,nan,nan,nan,nan,nan,4.063600063323975,0.0
nan,nan,nan,nan,nan,nan,3.583970069885254,0.0
nan,nan,nan,nan,nan,nan,3.2012500762939453,0.0
nan,nan,nan,nan,nan,nan,3.386929988861084,0.0
nan,nan,nan,nan,nan,nan,4.2815399169921875,0.0
nan,nan,nan,nan,nan,nan,0.26059880311559946,0.0
nan,nan,nan,nan,nan,nan,3.2539100646972656,0.0
nan,nan,nan,nan,nan,nan,3.274440050125122,0.0
nan,nan,nan,nan,nan,nan,3.487989902496338,0.0
nan,nan,nan,nan,nan,nan,3.605070114135742,0.0
nan,nan,nan,nan,nan,nan,3.945159912109375,0.0
nan,nan,nan,nan,nan,nan,4.820167541503906,0.0
nan,nan,nan,nan,nan,nan,3.3663198947906494,0.0
nan,nan,nan,nan,nan,nan,3.303879976272583,0.0
nan,nan,nan,nan,nan,nan,5.690192222595215,0.0
nan,nan,nan,nan,nan,nan,5.613729953765869,0.0
nan,nan,nan,nan,nan,nan,6.069432735443115,0.0
nan,nan,nan,nan,nan,nan,5.07705020904541,0.0
nan,nan,nan,nan,nan,nan,1.3376644849777222,0.0
nan,nan,nan,nan,nan,nan,4.836440086364746,0.0
nan,nan,nan,nan,nan,nan,4.49960994720459,0.0
nan,nan,nan,nan,nan,nan,4.43612003326416,0.0
nan,nan,nan,nan,nan,nan,4.812270164489746,0.0
nan,nan,nan,nan,nan,nan,4.038579940795898,0.0
nan,nan,nan,nan,nan,nan,3.3917601108551025,0.0
nan,nan,nan,nan,nan,nan,3.060800075531006,0.0
nan,nan,nan,nan,nan,nan,4.4151201248168945,0.0
nan,nan,nan,nan,nan,nan,5.317470073699951,0.0
nan,nan,nan,nan,nan,nan,6.247053623199463,0.0
nan,nan,nan,nan,nan,nan,4.43133020401001,0.0
nan,nan,nan,nan,nan,nan,3.955199956893921,0.0
nan,nan,nan,nan,nan,nan,3.570780038833618,0.0
nan,nan,nan,nan,nan,nan,3.0277299880981445,0.0
nan,nan,nan,nan,nan,nan,4.7700300216674805,0.0
nan,nan,nan,nan,nan,nan,3.9645400047302246,0.0
nan,nan,nan,nan,nan,nan,4.0329999923706055,0.0
nan,nan,nan,nan,nan,nan,3.057539939880371,0.0
nan,nan,nan,nan,nan,nan,5.7845988273620605,0.0
nan,nan,nan,nan,nan,nan,4.651861190795898,0.0
nan,nan,nan,nan,nan,nan,3.6306023597717285,0.0
nan,nan,nan,nan,nan,nan,0.6827070713043213,0.0
nan,nan,nan,nan,nan,nan,0.7276890277862549,0.0
nan,nan,nan,nan,nan,nan,4.943093299865723,0.0
nan,nan,nan,nan,nan,nan,5.080935001373291,0.0
nan,nan,nan,nan,nan,nan,2.927278757095337,0.0
nan,nan,nan,nan,nan,nan,0.2868778705596924,0.0
0.9966023435524761,0.08805780308552998,-0.14474601621491306,0.052425630804604315,nan,nan,0.3459875285625458,0.0
nan,nan,nan,nan,nan,nan,4.437527179718018,0.0
nan,nan,nan,nan,nan,nan,0.36438244581222534,0.0
nan,nan,nan,nan,nan,nan,3.196399688720703,0.0
nan,nan,nan,nan,nan,nan,4.060420989990234,0.0
nan,nan,nan,nan,nan,nan,3.2725000381469727,0.0
nan,nan,nan,nan,nan,nan,3.5318801403045654,0.0
nan,nan,nan,nan,nan,nan,3.6023781299591064,0.0
nan,nan,nan,nan,nan,nan,5.453219413757324,0.0
nan,nan,nan,nan,nan,nan,4.585824012756348,0.0
nan,nan,nan,nan,nan,nan,4.120666980743408,0.0
nan,nan,nan,nan,nan,nan,0.7931787967681885,0.0
nan,nan,nan,nan,nan,nan,4.1205573081970215,0.0
nan,nan,nan,nan,nan,nan,4.723980903625488,0.0
nan,nan,nan,nan,nan,nan,4.800931453704834,0.0
nan,nan,nan,nan,nan,nan,1.0566664934158325,0.0
nan,nan,nan,nan,nan,nan,6.063714027404785,0.0
nan,nan,nan,nan,nan,nan,0.621604323387146,0.0
nan,nan,nan,nan,nan,nan,4.438627243041992,0.0
nan,nan,nan,nan,nan,nan,4.533308506011963,0.0
nan,nan,nan,nan,nan,nan,0.642247200012207,0.0
nan,nan,nan,nan,nan,nan,3.5540857315063477,0.0
nan,nan,nan,nan,nan,nan,3.96506404876709,0.0
nan,nan,nan,nan,nan,nan,4.529952049255371,0.0
nan,nan,nan,nan,nan,nan,4.053464889526367,0.0
nan,nan,nan,nan,nan,nan,3.565392017364502,0.0
nan,nan,nan,nan,nan,nan,3.5409107208251953,0.0
nan,nan,nan,nan,nan,nan,5.129565715789795,0.0
nan,nan,nan,nan,nan,nan,3.771145820617676,0.0
nan,nan,nan,nan,nan,nan,4.066368103027344,0.0
nan,nan,nan,nan,nan,nan,0.3104937672615051,0.0
nan,nan,nan,nan,nan,nan,5.210728168487549,0.0
nan,nan,nan,nan,nan,nan,4.45028018951416,0.0
nan,nan,nan,nan,nan,nan,3.4782967567443848,0.0
nan,nan,nan,nan,nan,nan,3.2570533752441406,0.0
nan,nan,nan,nan,nan,nan,3.2351388931274414,0.0
nan,nan,nan,nan,nan,nan,0.3149123191833496,0.0
nan,nan,nan,nan,nan,nan,0.5457188487052917,0.0
nan,nan,nan,nan,nan,nan,5.036514759063721,0.0
nan,nan,nan,nan,nan,nan,4.894326210021973,0.0
nan,nan,nan,nan,nan,nan,4.825577259063721,0.0
nan,nan,nan,nan,nan,nan,3.0156025886535645,0.0
nan,nan,nan,nan,nan,nan,4.781720161437988,0.0
nan,nan,nan,nan,nan,nan,3.2567341327667236,0.0
nan,nan,nan,nan,nan,nan,5.249636650085449,0.0
nan,nan,nan,nan,nan,nan,4.503689765930176,0.0
nan,nan,nan,nan,nan,nan,4.472154140472412,0.0
nan,nan,nan,nan,nan,nan,4.13795280456543,0.0
nan,nan,nan,nan,nan,nan,0.44445323944091797,0.0
nan,nan,nan,nan,nan,nan,3.410693407058716,0.0
nan,nan,nan,nan,nan,nan,0.43594974279403687,0.0
nan,nan,nan,nan,nan,nan,4.49517297744751,0.0
nan,nan,nan,nan,nan,nan,3.5312466621398926,0.0
nan,nan,nan,nan,nan,nan,3.887239694595337,0.0
nan,nan,nan,nan,nan,nan,3.9179601669311523,0.0
nan,nan,nan,nan,nan,nan,4.057300090789795,0.0
nan,nan,nan,nan,nan,nan,4.123337268829346,0.0
nan,nan,nan,nan,nan,nan,4.440100193023682,0.0
nan,nan,nan,nan,nan,nan,4.500831127166748,0.0
nan,nan,nan,nan,nan,nan,4.6362833976745605,0.0
nan,nan,nan,nan,nan,nan,0.5607076287269592,0.0
nan,nan,nan,nan,nan,nan,5.172399997711182,0.0
nan,nan,nan,nan,nan,nan,3.3070068359375,0.0
nan,nan,nan,nan,nan,nan,3.3764750957489014,0.0
nan,nan,nan,nan,nan,nan,3.4154815673828125,0.0
nan,nan,nan,nan,nan,nan,3.6723756790161133,0.0
nan,nan,nan,nan,nan,nan,5.0473198890686035,0.0
nan,nan,nan,nan,nan,nan,3.793931245803833,0.0
nan,nan,nan,nan,nan,nan,0.8454376697364757,0.0
nan,nan,nan,nan,nan,nan,4.063980579376221,0.0
nan,nan,nan,nan,nan,nan,4.494657516479492,0.0
nan,nan,nan,nan,nan,nan,3.480034589767456,0.0
nan,nan,nan,nan,nan,nan,0.5141990780830383,0.0
nan,nan,nan,nan,nan,nan,6.075817584991455,0.0
nan,nan,nan,nan,nan,nan,3.694780111312866,0.0
nan,nan,nan,nan,nan,nan,3.5670249462127686,0.0
nan,nan,nan,nan,nan,nan,3.179208755493164,0.0
nan,nan,nan,nan,nan,nan,0.3674156665802002,0.0
nan,nan,nan,nan,nan,nan,3.2482686042785645,0.0
nan,nan,nan,nan,nan,nan,3.2466893196105957,0.0
nan,nan,nan,nan,nan,nan,3.6565306186676025,0.0
nan,nan,nan,nan,nan,nan,3.634652853012085,0.0
nan,nan,nan,nan,nan,nan,0.22053278982639313,0.0
nan,nan,nan,nan,nan,nan,1.3400191068649292,0.0
nan,nan,nan,nan,nan,nan,6.159316539764404,0.0
nan,nan,nan,nan,nan,nan,4.138198375701904,0.0
nan,nan,nan,nan,nan,nan,5.644477367401123,0.0
nan,nan,nan,nan,nan,nan,5.886902332305908,0.0
nan,nan,nan,nan,nan,nan,5.612277984619141,0.0
nan,nan,nan,nan,nan,nan,5.44178581237793,0.0
nan,nan,nan,nan,nan,nan,4.862724304199219,0.0
nan,nan,nan,nan,nan,nan,5.097282886505127,0.0
nan,nan,nan,nan,nan,nan,4.936644554138184,0.0
nan,nan,nan,nan,nan,nan,4.47187614440918,0.0
nan,nan,nan,nan,nan,nan,0.4740560054779053,0.0
nan,nan,nan,nan,nan,nan,0.6693905591964722,0.0
nan,nan,nan,nan,nan,nan,5.799709320068359,0.0
nan,nan,nan,nan,nan,nan,0.6493982076644897,0.0
nan,nan,nan,nan,nan,nan,4.02701473236084,0.0
nan,nan,nan,nan,nan,nan,4.585538864135742,0.0
nan,nan,nan,nan,nan,nan,4.361579895019531,0.0
nan,nan,nan,nan,nan,nan,5.949772357940674,0.0
nan,nan,nan,nan,nan,nan,3.225260019302368,0.0
nan,nan,nan,nan,nan,nan,4.2884697914123535,0.0
nan,nan,nan,nan,nan,nan,4.275529861450195,0.0
nan,nan,nan,nan,nan,nan,0.5313653415109241,0.0
nan,nan,nan,nan,nan,nan,4.5092902183532715,0.0
nan,nan,nan,nan,nan,nan,4.506040096282959,0.0
nan,nan,nan,nan,nan,nan,4.124279975891113,0.0
nan,nan,nan,nan,nan,nan,4.506100177764893,0.0
nan,nan,nan,nan,nan,nan,4.283949851989746,0.0
nan,nan,nan,nan,nan,nan,0.6786307964156404,0.0
nan,nan,nan,nan,nan,nan,3.794409990310669,0.0
nan,nan,nan,nan,nan,nan,3.9196300506591797,0.0
nan,nan,nan,nan,nan,nan,3.5709400177001953,0.0
nan,nan,nan,nan,nan,nan,0.24829832272081268,0.0
nan,nan,nan,nan,nan,nan,5.103030204772949,0.0
nan,nan,nan,nan,nan,nan,3.429569959640503,0.0
nan,nan,nan,nan,nan,nan,3.2549099922180176,0.0
nan,nan,nan,nan,nan,nan,4.2813801765441895,0.0
nan,nan,nan,nan,nan,nan,4.81535005569458,0.0
nan,nan,nan,nan,nan,nan,0.6814162538431472,0.0
nan,nan,nan,nan,nan,nan,3.419189929962158,0.0
nan,nan,nan,nan,nan,nan,5.390210151672363,0.0
nan,nan,nan,nan,nan,nan,5.779369831085205,0.0
nan,nan,nan,nan,nan,nan,4.748340129852295,0.0
nan,nan,nan,nan,nan,nan,4.548329830169678,0.0
nan,nan,nan,nan,nan,nan,3.255270004272461,0.0
nan,nan,nan,nan,nan,nan,3.958820104598999,0.0
nan,nan,nan,nan,nan,nan,3.5559799671173096,8.020000457763672
nan,nan,nan,nan,nan,nan,3.5559799671173096,8.020000457763672
nan,nan,nan,nan,nan,nan,3.5559799671173096,8.020000457763672
nan,nan,nan,nan,nan,nan,3.5559799671173096,8.020000457763672
nan,nan,nan,nan,nan,nan,3.5559799671173096,8.020000457763672
0.5414720162800447,0.02251408296078389,-0.5117855430653787,0.03016867911209452,0.6239296203125999,1.0373368710846866,0.34278434768559024,9.829999923706055
0.5414720162800447,0.02251408296078389,-0.5117855430653787,0.03016867911209452,23.661445190915455,37.06324705610222,0.34278434768559024,9.829999923706055
0.5414720162800447,0.02251408296078389,-0.5117855430653787,0.03016867911209452,914.005164070949,1494.119146394814,0.34278434768559024,9.829999923706055
0.5414720162800447,0.02251408296078389,-0.5117855430653787,0.03016867911209452,19.860936569529105,32.57700082645344,0.34278434768559024,9.829999923706055
0.5414720162800447,0.02251408296078389,-0.5117855430653787,0.03016867911209452,81.40847630295907,129.5285901426803,0.34278434768559024,9.829999923706055
nan,nan,nan,nan,182.11657951780134,nan,0.8639921071856544,8.34000015258789
nan,nan,nan,nan,76.16152807939558,nan,0.8639921071856544,8.34000015258789
nan,nan,nan,nan,228.32180874197118,nan,0.8639921071856544,8.34000015258789
nan,nan,nan,nan,41.70962026903299,nan,0.8639921071856544,8.34000015258789
nan,nan,nan,nan,34.93599845235959,nan,0.8639921071856544,8.34000015258789
nan,nan,nan,nan,nan,nan,3.205090045928955,9.239999771118164
nan,nan,nan,nan,nan,nan,3.205090045928955,9.239999771118164
nan,nan,nan,nan,nan,nan,3.205090045928955,9.239999771118164
nan,nan,nan,nan,nan,nan,3.205090045928955,9.239999771118164
nan,nan,nan,nan,nan,nan,3.205090045928955,9.239999771118164
nan,nan,nan,nan,159.58599820779764,nan,0.8420393632800149,9.460000038146973
nan,nan,nan,nan,192.5746238020681,nan,0.8420393632800149,9.460000038146973
nan,nan,nan,nan,3.478828076607849,nan,0.8420393632800149,9.460000038146973
nan,nan,nan,nan,96.96970620705837,nan,0.8420393632800149,9.460000038146973
nan,nan,nan,nan,728.9681461073318,nan,0.8420393632800149,9.460000038146973
nan,nan,nan,nan,159.58599820779764,nan,0.8420393632800149,9.460000038146973
nan,nan,nan,nan,192.5746238020681,nan,0.8420393632800149,9.460000038146973
nan,nan,nan,nan,3.478828076607849,nan,0.8420393632800149,9.460000038146973
nan,nan,nan,nan,96.96970620705837,nan,0.8420393632800149,9.460000038146973
nan,nan,nan,nan,728.9681461073318,nan,0.8420393632800149,9.460000038146973
0.6597468276868749,0.07909300279574412,-0.28735893813676777,0.06296114478945469,12.964197502820358,10.542215243051606,0.34329367670280553,8.229999542236328
0.6597468276868749,0.07909300279574412,-0.28735893813676777,0.06296114478945469,54.491324654964146,42.46635822558436,0.34329367670280553,8.229999542236328
0.6597468276868749,0.07909300279574412,-0.28735893813676777,0.06296114478945469,18.487034180762308,15.400197510138488,0.34329367670280553,8.229999542236328
0.6597468276868749,0.07909300279574412,-0.28735893813676777,0.06296114478945469,88.62501034950975,70.77728513864237,0.34329367670280553,8.229999542236328
0.6597468276868749,0.07909300279574412,-0.28735893813676777,0.06296114478945469,1.9028012533548953,1.5705460092151409,0.34329367670280553,8.229999542236328
0.818163153157236,0.037145604691638245,0.004362090639507214,0.02211214700117147,624.4464627330087,231.4189846692884,0.663697357747453,9.270000457763672
0.818163153157236,0.037145604691638245,0.004362090639507214,0.02211214700117147,149.47802750014057,58.83180923612291,0.663697357747453,9.270000457763672
0.818163153157236,0.037145604691638245,0.004362090639507214,0.02211214700117147,168.69661857459732,64.57659757317985,0.663697357747453,9.270000457763672
0.818163153157236,0.037145604691638245,0.004362090639507214,0.02211214700117147,69.46790197837419,26.998349078037112,0.663697357747453,9.270000457763672
0.818163153157236,0.037145604691638245,0.004362090639507214,0.02211214700117147,5.375935301642019,2.0354669347543375,0.663697357747453,9.270000457763672
nan,nan,nan,nan,144.03488216423554,nan,0.7351189258858968,8.479999542236328
nan,nan,nan,nan,48.10016666142149,nan,0.7351189258858968,8.479999542236328
nan,nan,nan,nan,7.262848168402533,nan,0.7351189258858968,8.479999542236328
nan,nan,nan,nan,4.325865294060082,nan,0.7351189258858968,8.479999542236328
nan,nan,nan,nan,38.84852157463415,nan,0.7351189258858968,8.479999542236328
nan,nan,nan,nan,238.43674772921497,nan,0.7323391070649317,7.590000152587891
nan,nan,nan,nan,nan,nan,0.7323391070649317,7.590000152587891
nan,nan,nan,nan,53.36042426249818,nan,0.7323391070649317,7.590000152587891
nan,nan,nan,nan,34.44111563071216,nan,0.7323391070649317,7.590000152587891
nan,nan,nan,nan,35.923922329644654,nan,0.7323391070649317,7.590000152587891
nan,nan,nan,nan,nan,nan,1.1878654124501038,9.779999732971191
nan,nan,nan,nan,nan,nan,1.1878654124501038,9.779999732971191
nan,nan,nan,nan,nan,nan,1.1878654124501038,9.779999732971191
nan,nan,nan,nan,nan,nan,1.1878654124501038,9.779999732971191
nan,nan,nan,nan,nan,nan,1.1878654124501038,9.779999732971191
nan,nan,nan,nan,11.911831987651079,nan,0.41538756551426714,7.289999961853027
nan,nan,nan,nan,22.339173895453303,nan,0.41538756551426714,7.289999961853027
nan,nan,nan,nan,32.08918806700112,nan,0.41538756551426714,7.289999961853027
nan,nan,nan,nan,219.72977065660578,nan,0.41538756551426714,7.289999961853027
nan,nan,nan,nan,nan,nan,0.41538756551426714,7.289999961853027
nan,nan,nan,nan,nan,nan,1.1580798919921604,8.829999923706055
nan,nan,nan,nan,nan,nan,1.1580798919921604,8.829999923706055
nan,nan,nan,nan,nan,nan,1.1580798919921604,8.829999923706055
nan,nan,nan,nan,nan,nan,1.1580798919921604,8.829999923706055
nan,nan,nan,nan,nan,nan,1.1580798919921604,8.829999923706055
nan,nan,nan,nan,nan,nan,1.1580768470604528,8.569999694824219
nan,nan,nan,nan,nan,nan,1.1580768470604528,8.569999694824219
nan,nan,nan,nan,nan,nan,1.1580768470604528,8.569999694824219
nan,nan,nan,nan,nan,nan,1.1580768470604528,8.569999694824219
nan,nan,nan,nan,nan,nan,1.1580768470604528,8.569999694824219
nan,nan,nan,nan,nan,nan,4.145060062408447,8.420000076293945
nan,nan,nan,nan,nan,nan,4.145060062408447,8.420000076293945
nan,nan,nan,nan,nan,nan,4.145060062408447,8.420000076293945
nan,nan,nan,nan,nan,nan,4.145060062408447,8.420000076293945
nan,nan,nan,nan,nan,nan,4.145060062408447,8.420000076293945
nan,nan,nan,nan,28.25528018368796,nan,0.34320450166887917,8.5600004196167
nan,nan,nan,nan,4.616134015077291,nan,0.34320450166887917,8.5600004196167
nan,nan,nan,nan,62.51004932838842,nan,0.34320450166887917,8.5600004196167
nan,nan,nan,nan,32.190777903430515,nan,0.34320450166887917,8.5600004196167
nan,nan,nan,nan,1.8662194847314413,nan,0.34320450166887917,8.5600004196167
nan,nan,nan,nan,nan,nan,1.100590601974858,10.260000228881836
nan,nan,nan,nan,nan,nan,1.100590601974858,10.260000228881836
nan,nan,nan,nan,nan,nan,1.100590601974858,10.260000228881836
nan,nan,nan,nan,nan,nan,1.100590601974858,10.260000228881836
nan,nan,nan,nan,nan,nan,1.100590601974858,10.260000228881836
nan,nan,nan,nan,21.817946377451825,nan,0.7579645668578581,8.119999885559082
nan,nan,nan,nan,23.98345736815394,nan,0.7579645668578581,8.119999885559082
nan,nan,nan,nan,131.8967814243986,nan,0.7579645668578581,8.119999885559082
nan,nan,nan,nan,138.24939901565395,nan,0.7579645668578581,8.119999885559082
nan,nan,nan,nan,6.163393498855473,nan,0.7579645668578581,8.119999885559082
nan,nan,nan,nan,nan,nan,0.7390659207010022,8.699999809265137
nan,nan,nan,nan,nan,nan,0.7390659207010022,8.699999809265137
nan,nan,nan,nan,nan,nan,0.7390659207010022,8.699999809265137
nan,nan,nan,nan,nan,nan,0.7390659207010022,8.699999809265137
nan,nan,nan,nan,nan,nan,0.7390659207010022,8.699999809265137
nan,nan,nan,nan,nan,nan,0.7615763769561619,8.800000190734863
nan,nan,nan,nan,nan,nan,0.7615763769561619,8.800000190734863
nan,nan,nan,nan,nan,nan,0.7615763769561619,8.800000190734863
nan,nan,nan,nan,nan,nan,0.7615763769561619,8.800000190734863
nan,nan,nan,nan,nan,nan,0.7615763769561619,8.800000190734863
nan,nan,nan,nan,36.90175453040374,22.679759319969804,0.6716475820876928,9.729999542236328
nan,nan,nan,nan,1.669997759421249,1.0342225103430458,0.6716475820876928,9.729999542236328
nan,nan,nan,nan,nan,nan,0.6716475820876928,9.729999542236328
nan,nan,nan,nan,65.41620112210789,40.57456275782197,0.6716475820876928,9.729999542236328
nan,nan,nan,nan,115.23621169299979,68.27225645008522,0.6716475820876928,9.729999542236328
nan,nan,nan,nan,nan,nan,3.4170000553131104,8.180000305175781
nan,nan,nan,nan,nan,nan,3.4170000553131104,8.180000305175781
nan,nan,nan,nan,nan,nan,3.4170000553131104,8.180000305175781
nan,nan,nan,nan,nan,nan,3.4170000553131104,8.180000305175781
nan,nan,nan,nan,nan,nan,3.4170000553131104,8.180000305175781
nan,nan,nan,nan,nan,nan,3.026700019836426,8.859999656677246
nan,nan,nan,nan,nan,nan,3.026700019836426,8.859999656677246
nan,nan,nan,nan,nan,nan,3.026700019836426,8.859999656677246
nan,nan,nan,nan,nan,nan,3.026700019836426,8.859999656677246
nan,nan,nan,nan,nan,nan,3.026700019836426,8.859999656677246
nan,nan,nan,nan,nan,nan,1.241201991049333,9.1899995803833
nan,nan,nan,nan,nan,nan,1.241201991049333,9.1899995803833
nan,nan,nan,nan,nan,nan,1.241201991049333,9.1899995803833
nan,nan,nan,nan,nan,nan,1.241201991049333,9.1899995803833
nan,nan,nan,nan,nan,nan,1.241201991049333,9.1899995803833
0.6275578711196965,0.03694750326715765,-0.1506068127528366,0.04816230435800985,168.79580560000892,110.68896987218213,0.6722085789289158,10.140000343322754
0.6275578711196965,0.03694750326715765,-0.1506068127528366,0.04816230435800985,1.3937668606308042,0.9407620926552281,0.6722085789289158,10.140000343322754
0.6275578711196965,0.03694750326715765,-0.1506068127528366,0.04816230435800985,0.6400251743544146,0.4334610232912897,0.6722085789289158,10.140000343322754
0.6275578711196965,0.03694750326715765,-0.1506068127528366,0.04816230435800985,19.544898292944065,13.00213472665941,0.6722085789289158,10.140000343322754
0.6275578711196965,0.03694750326715765,-0.1506068127528366,0.04816230435800985,77.53519580222219,50.433081367477584,0.6722085789289158,10.140000343322754
nan,nan,nan,nan,nan,nan,0.9655747530671772,8.949999809265137
nan,nan,nan,nan,nan,nan,0.9655747530671772,8.949999809265137
nan,nan,nan,nan,nan,nan,0.9655747530671772,8.949999809265137
nan,nan,nan,nan,nan,nan,0.9655747530671772,8.949999809265137
nan,nan,nan,nan,nan,nan,0.9655747530671772,8.949999809265137
nan,nan,nan,nan,nan,nan,3.704430103302002,8.4399995803833
nan,nan,nan,nan,nan,nan,3.704430103302002,8.4399995803833
nan,nan,nan,nan,nan,nan,3.704430103302002,8.4399995803833
nan,nan,nan,nan,nan,nan,3.704430103302002,8.4399995803833
nan,nan,nan,nan,nan,nan,3.704430103302002,8.4399995803833
0.9105102684973373,0.04478497064000147,0.33331429276189034,0.03627382262997485,19.84225240547488,4.402934220830523,0.7618851039785398,8.529999732971191
0.9105102684973373,0.04478497064000147,0.33331429276189034,0.03627382262997485,202.95282509457917,47.245882133364994,0.7618851039785398,8.529999732971191
0.9105102684973373,0.04478497064000147,0.33331429276189034,0.03627382262997485,374.11690244273206,85.22652790480456,0.7618851039785398,8.529999732971191
0.9105102684973373,0.04478497064000147,0.33331429276189034,0.03627382262997485,1902.6804141546627,457.35657419043946,0.7618851039785398,8.529999732971191
0.9105102684973373,0.04478497064000147,0.33331429276189034,0.03627382262997485,435.89715168643573,100.4250863493989,0.7618851039785398,8.529999732971191
nan,nan,nan,nan,23.04666858957653,nan,0.6296672717599436,8.09000015258789
nan,nan,nan,nan,15.653593421481018,nan,0.6296672717599436,8.09000015258789
nan,nan,nan,nan,93.73074065084755,nan,0.6296672717599436,8.09000015258789
nan,nan,nan,nan,7.89387952611321,nan,0.6296672717599436,8.09000015258789
nan,nan,nan,nan,49.56844761036044,nan,0.6296672717599436,8.09000015258789
nan,nan,nan,nan,11.176042078028251,nan,0.5349108789237144,9.039999961853027
nan,nan,nan,nan,1.1832177482479322,nan,0.5349108789237144,9.039999961853027
nan,nan,nan,nan,112.14764584255136,nan,0.5349108789237144,9.039999961853027
nan,nan,nan,nan,20.60904949115884,nan,0.5349108789237144,9.039999961853027
nan,nan,nan,nan,10.087538016903673,nan,0.5349108789237144,9.039999961853027
nan,nan,nan,nan,nan,nan,4.6448798179626465,8.579999923706055
nan,nan,nan,nan,nan,nan,4.6448798179626465,8.579999923706055
nan,nan,nan,nan,nan,nan,4.6448798179626465,8.579999923706055
nan,nan,nan,nan,nan,nan,4.6448798179626465,8.579999923706055
nan,nan,nan,nan,nan,nan,4.6448798179626465,8.579999923706055
0.5243198801839464,0.06875286863241466,0.08148048905290435,0.034686245250246,246.6320514688594,177.42657328006996,0.8319554685211026,9.5
0.5243198801839464,0.06875286863241466,0.08148048905290435,0.034686245250246,99.99988278454558,72.99508775717439,0.8319554685211026,9.5
0.5243198801839464,0.06875286863241466,0.08148048905290435,0.034686245250246,610.2399907081568,451.60544227685426,0.8319554685211026,9.5
0.5243198801839464,0.06875286863241466,0.08148048905290435,0.034686245250246,145.46405118227375,105.47773764271851,0.8319554685211026,9.5
0.5243198801839464,0.06875286863241466,0.08148048905290435,0.034686245250246,3.503961714966753,2.524286233855251,0.8319554685211026,9.5
1.005513489617467,0.11234516691819005,0.06914048255617604,0.08891546888929631,5.144803187921922,1.2082322415809161,0.6802076689769851,8.640000343322754
1.005513489617467,0.11234516691819005,0.06914048255617604,0.08891546888929631,14.586449811386695,3.532232316098191,0.6802076689769851,8.640000343322754
1.005513489617467,0.11234516691819005,0.06914048255617604,0.08891546888929631,100.48005114598878,24.57186072412881,0.6802076689769851,8.640000343322754
1.005513489617467,0.11234516691819005,0.06914048255617604,0.08891546888929631,23.816039113594087,5.633537223864483,0.6802076689769851,8.640000343322754
1.005513489617467,0.11234516691819005,0.06914048255617604,0.08891546888929631,7.756383029230213,1.8117007595694232,0.6802076689769851,8.640000343322754
nan,nan,nan,nan,540.7694021856184,nan,0.5631787721845622,8.050000190734863
nan,nan,nan,nan,5.389363983993139,nan,0.5631787721845622,8.050000190734863
nan,nan,nan,nan,14.20933415592451,nan,0.5631787721845622,8.050000190734863
nan,nan,nan,nan,37.361738441743086,nan,0.5631787721845622,8.050000190734863
nan,nan,nan,nan,3.9448928199625857,nan,0.5631787721845622,8.050000190734863
nan,nan,nan,nan,4.956464175358441,nan,0.6288533848175262,8.319999694824219
nan,nan,nan,nan,nan,nan,0.6288533848175262,8.319999694824219
nan,nan,nan,nan,13.067665228408956,nan,0.6288533848175262,8.319999694824219
nan,nan,nan,nan,17.047039248379395,nan,0.6288533848175262,8.319999694824219
nan,nan,nan,nan,1.5103903866395376,nan,0.6288533848175262,8.319999694824219
nan,nan,nan,nan,20.08219678098575,nan,0.5339807234406784,7.989999771118164
nan,nan,nan,nan,15.979655267344272,nan,0.5339807234406784,7.989999771118164
nan,nan,nan,nan,7.140254253972563,nan,0.5339807234406784,7.989999771118164
nan,nan,nan,nan,nan,nan,0.5339807234406784,7.989999771118164
nan,nan,nan,nan,8.753451371793584,nan,0.5339807234406784,7.989999771118164
nan,nan,nan,nan,nan,nan,1.241761887825382,9.829999923706055
nan,nan,nan,nan,nan,nan,1.241761887825382,9.829999923706055
nan,nan,nan,nan,nan,nan,1.241761887825382,9.829999923706055
nan,nan,nan,nan,nan,nan,1.241761887825382,9.829999923706055
nan,nan,nan,nan,nan,nan,1.241761887825382,9.829999923706055
nan,nan,nan,nan,nan,nan,1.3156195882021273,9.739999771118164
nan,nan,nan,nan,nan,nan,1.3156195882021273,9.739999771118164
nan,nan,nan,nan,nan,nan,1.3156195882021273,9.739999771118164
nan,nan,nan,nan,nan,nan,1.3156195882021273,9.739999771118164
nan,nan,nan,nan,nan,nan,1.3156195882021273,9.739999771118164
nan,nan,nan,nan,38.07462316837823,39.41269066056538,0.45669469350224295,9.3100004196167
nan,nan,nan,nan,3.105479240971921,3.4416520937042567,0.45669469350224295,9.3100004196167
nan,nan,nan,nan,19.648972306542507,22.586783844445822,0.45669469350224295,9.3100004196167
nan,nan,nan,nan,0.9539751612198748,1.0528797552041058,0.45669469350224295,9.3100004196167
nan,nan,nan,nan,nan,nan,0.45669469350224295,9.3100004196167
nan,nan,nan,nan,nan,nan,0.5220337177710852,10.510000228881836
nan,nan,nan,nan,nan,nan,0.5220337177710852,10.510000228881836
nan,nan,nan,nan,nan,nan,0.5220337177710852,10.510000228881836
nan,nan,nan,nan,nan,nan,0.5220337177710852,10.510000228881836
nan,nan,nan,nan,nan,nan,0.5220337177710852,10.510000228881836
0.6291616830800183,0.02540007975078973,-0.07429430629838674,0.03271799708504592,15.624480141599115,39.591013167152745,0.6788183394459234,10.109999656677246
0.6291616830800183,0.02540007975078973,-0.07429430629838674,0.03271799708504592,43.610744188939705,109.75796447774245,0.6788183394459234,10.109999656677246
0.6291616830800183,0.02540007975078973,-0.07429430629838674,0.03271799708504592,114.71358779756599,283.61557779561883,0.6788183394459234,10.109999656677246
0.6291616830800183,0.02540007975078973,-0.07429430629838674,0.03271799708504592,0.8767593095576464,2.247265420097497,0.6788183394459234,10.109999656677246
0.6291616830800183,0.02540007975078973,-0.07429430629838674,0.03271799708504592,49.8585776611501,126.34459098802552,0.6788183394459234,10.109999656677246
nan,nan,nan,nan,3.3414083225965827,nan,0.3339344839810696,7.309999942779541
nan,nan,nan,nan,16.721998558256686,nan,0.3339344839810696,7.309999942779541
nan,nan,nan,nan,nan,nan,0.3339344839810696,7.309999942779541
nan,nan,nan,nan,5.729118661955312,nan,0.3339344839810696,7.309999942779541
nan,nan,nan,nan,4.673545540820181,nan,0.3339344839810696,7.309999942779541
nan,nan,nan,nan,49.47005175514365,nan,0.6290201535075814,7.150000095367432
nan,nan,nan,nan,25.26568645330825,nan,0.6290201535075814,7.150000095367432
nan,nan,nan,nan,8.45798201575858,nan,0.6290201535075814,7.150000095367432
nan,nan,nan,nan,34.505903371133755,nan,0.6290201535075814,7.150000095367432
nan,nan,nan,nan,16.324694577636752,nan,0.6290201535075814,7.150000095367432
nan,nan,nan,nan,nan,nan,0.9627325783012952,9.619999885559082
nan,nan,nan,nan,nan,nan,0.9627325783012952,9.619999885559082
nan,nan,nan,nan,nan,nan,0.9627325783012952,9.619999885559082
nan,nan,nan,nan,nan,nan,0.9627325783012952,9.619999885559082
nan,nan,nan,nan,nan,nan,0.9627325783012952,9.619999885559082
nan,nan,nan,nan,nan,nan,0.9627325783012952,9.619999885559082
nan,nan,nan,nan,nan,nan,0.9627325783012952,9.619999885559082
nan,nan,nan,nan,nan,nan,0.9627325783012952,9.619999885559082
nan,nan,nan,nan,nan,nan,0.9627325783012952,9.619999885559082
nan,nan,nan,nan,nan,nan,0.9627325783012952,9.619999885559082
nan,nan,nan,nan,2.2327988689679574,nan,0.36516215977066785,8.75
nan,nan,nan,nan,7.49076381178656,nan,0.36516215977066785,8.75
nan,nan,nan,nan,1.4277102074428167,nan,0.36516215977066785,8.75
nan,nan,nan,nan,50.47339412449943,nan,0.36516215977066785,8.75
nan,nan,nan,nan,17.969481167116285,nan,0.36516215977066785,8.75
nan,nan,nan,nan,nan,1.0205960474265905,0.9047711500366705,9.25
nan,nan,nan,nan,nan,nan,0.9047711500366705,9.25
nan,nan,nan,nan,nan,1.0735223536122067,0.9047711500366705,9.25
nan,nan,nan,nan,nan,67.38403985023665,0.9047711500366705,9.25
nan,nan,nan,nan,nan,5.575657070055926,0.9047711500366705,9.25
nan,nan,nan,nan,0.7540653897421608,0.7499334308144693,0.2800571761203011,9.239999771118164
nan,nan,nan,nan,12.641259979058384,12.298599865051996,0.2800571761203011,9.239999771118164
nan,nan,nan,nan,100.33732396946223,97.61099029469719,0.2800571761203011,9.239999771118164
nan,nan,nan,nan,29.286457604756237,28.64453395016849,0.2800571761203011,9.239999771118164
nan,nan,nan,nan,23.64375693523916,23.35239524493925,0.2800571761203011,9.239999771118164
nan,nan,nan,nan,nan,nan,3.8333399295806885,8.369999885559082
nan,nan,nan,nan,nan,nan,3.8333399295806885,8.369999885559082
nan,nan,nan,nan,nan,nan,3.8333399295806885,8.369999885559082
nan,nan,nan,nan,nan,nan,3.8333399295806885,8.369999885559082
nan,nan,nan,nan,nan,nan,3.8333399295806885,8.369999885559082
0.8334912697865842,0.09736160933836774,-0.41538123338276733,0.07315946924336637,49.648330869356265,44.05593639400851,0.60304488637714,9.399999618530273
0.8334912697865842,0.09736160933836774,-0.41538123338276733,0.07315946924336637,103.81477966451527,82.75839445342139,0.60304488637714,9.399999618530273
0.8334912697865842,0.09736160933836774,-0.41538123338276733,0.07315946924336637,1.1512848967897102,0.9768539088929228,0.60304488637714,9.399999618530273
0.8334912697865842,0.09736160933836774,-0.41538123338276733,0.07315946924336637,26.66881128396276,20.88864449849831,0.60304488637714,9.399999618530273
0.8334912697865842,0.09736160933836774,-0.41538123338276733,0.07315946924336637,86.81174552159416,66.31585528575033,0.60304488637714,9.399999618530273
nan,nan,nan,nan,11.14961123662803,5.219649012929833,0.31056157349041924,8.109999656677246
nan,nan,nan,nan,132.34029574735436,66.3328230671969,0.31056157349041924,8.109999656677246
nan,nan,nan,nan,4.071614816970821,1.880949279781062,0.31056157349041924,8.109999656677246
nan,nan,nan,nan,4.513286250867971,2.0704524815022767,0.31056157349041924,8.109999656677246
nan,nan,nan,nan,159.02413447662224,73.00710497313202,0.31056157349041924,8.109999656677246
nan,nan,nan,nan,78.29271881854474,nan,0.6449560975981277,8.800000190734863
nan,nan,nan,nan,23.15530432443926,nan,0.6449560975981277,8.800000190734863
nan,nan,nan,nan,79.45691760649228,nan,0.6449560975981277,8.800000190734863
nan,nan,nan,nan,15.112172035483015,nan,0.6449560975981277,8.800000190734863
nan,nan,nan,nan,2.377908695611989,nan,0.6449560975981277,8.800000190734863
nan,nan,nan,nan,nan,nan,1.2523830473779634,9.109999656677246
nan,nan,nan,nan,nan,nan,1.2523830473779634,9.109999656677246
nan,nan,nan,nan,nan,nan,1.2523830473779634,9.109999656677246
nan,nan,nan,nan,nan,nan,1.2523830473779634,9.109999656677246
nan,nan,nan,nan,nan,nan,1.2523830473779634,9.109999656677246
nan,nan,nan,nan,131.97779579748135,107.75861410251488,0.7608942053519261,9.65999984741211
nan,nan,nan,nan,110.53681988869859,96.88114368668384,0.7608942053519261,9.65999984741211
nan,nan,nan,nan,27.12416154084106,22.704906683356967,0.7608942053519261,9.65999984741211
nan,nan,nan,nan,43.059491494165236,34.92190055955071,0.7608942053519261,9.65999984741211
nan,nan,nan,nan,1.1414818853593456,0.9934319339243405,0.7608942053519261,9.65999984741211
nan,nan,nan,nan,0.01104458051176449,nan,0.5764456825120254,8.279999732971191
nan,nan,nan,nan,12.975769383956827,nan,0.5764456825120254,8.279999732971191
nan,nan,nan,nan,36.577978432734106,nan,0.5764456825120254,8.279999732971191
nan,nan,nan,nan,23.82725317394018,nan,0.5764456825120254,8.279999732971191
nan,nan,nan,nan,4.875635911626666,nan,0.5764456825120254,8.279999732971191
nan,nan,nan,nan,nan,nan,3.66090989112854,11.069999694824219
nan,nan,nan,nan,nan,nan,3.66090989112854,11.069999694824219
nan,nan,nan,nan,nan,nan,3.66090989112854,11.069999694824219
nan,nan,nan,nan,nan,nan,3.66090989112854,11.069999694824219
nan,nan,nan,nan,nan,nan,3.66090989112854,11.069999694824219
nan,nan,nan,nan,nan,nan,1.3811314737691296,9.930000305175781
nan,nan,nan,nan,nan,nan,1.3811314737691296,9.930000305175781
nan,nan,nan,nan,nan,nan,1.3811314737691296,9.930000305175781
nan,nan,nan,nan,nan,nan,1.3811314737691296,9.930000305175781
nan,nan,nan,nan,nan,nan,1.3811314737691296,9.930000305175781
nan,nan,nan,nan,nan,nan,0.6576070408341161,9.149999618530273
nan,nan,nan,nan,nan,nan,0.6576070408341161,9.149999618530273
nan,nan,nan,nan,nan,nan,0.6576070408341161,9.149999618530273
nan,nan,nan,nan,nan,nan,0.6576070408341161,9.149999618530273
nan,nan,nan,nan,nan,nan,0.6576070408341161,9.149999618530273
nan,nan,nan,nan,nan,nan,4.031980037689209,9.720000267028809
nan,nan,nan,nan,nan,nan,4.031980037689209,9.720000267028809
nan,nan,nan,nan,nan,nan,4.031980037689209,9.720000267028809
nan,nan,nan,nan,nan,nan,4.031980037689209,9.720000267028809
nan,nan,nan,nan,nan,nan,4.031980037689209,9.720000267028809
0.9530938123076913,0.10402290147908287,-0.16862710254384655,0.06281694941913546,23.068474920818726,8.24767355575985,0.6649787633595396,8.850000381469727
0.9530938123076913,0.10402290147908287,-0.16862710254384655,0.06281694941913546,61.843419681715574,20.312597167890075,0.6649787633595396,8.850000381469727
0.9530938123076913,0.10402290147908287,-0.16862710254384655,0.06281694941913546,4.119818924465048,1.3886749584739724,0.6649787633595396,8.850000381469727
0.9530938123076913,0.10402290147908287,-0.16862710254384655,0.06281694941913546,15.678776767420777,5.465234920534671,0.6649787633595396,8.850000381469727
0.9530938123076913,0.10402290147908287,-0.16862710254384655,0.06281694941913546,24.416770658864678,8.132762269618997,0.6649787633595396,8.850000381469727
nan,nan,nan,nan,nan,nan,1.2205465850027157,8.390000343322754
nan,nan,nan,nan,nan,nan,1.2205465850027157,8.390000343322754
nan,nan,nan,nan,nan,nan,1.2205465850027157,8.390000343322754
nan,nan,nan,nan,nan,nan,1.2205465850027157,8.390000343322754
nan,nan,nan,nan,nan,nan,1.2205465850027157,8.390000343322754
nan,nan,nan,nan,nan,nan,3.6570699214935303,8.5600004196167
nan,nan,nan,nan,nan,nan,3.6570699214935303,8.5600004196167
nan,nan,nan,nan,nan,nan,3.6570699214935303,8.5600004196167
nan,nan,nan,nan,nan,nan,3.6570699214935303,8.5600004196167
nan,nan,nan,nan,nan,nan,3.6570699214935303,8.5600004196167
nan,nan,nan,nan,2.2703128945693973,4.928818995566329,0.3104383773151836,8.270000457763672
nan,nan,nan,nan,4.136449427139555,8.571899515216776,0.3104383773151836,8.270000457763672
nan,nan,nan,nan,16.49163709037635,37.07027214021683,0.3104383773151836,8.270000457763672
nan,nan,nan,nan,0.5977970909725325,1.2567131228507378,0.3104383773151836,8.270000457763672
nan,nan,nan,nan,7.977316296485266,17.149302516464374,0.3104383773151836,8.270000457763672
nan,nan,nan,nan,41.535882098156854,nan,0.6243378730078615,8.0
nan,nan,nan,nan,9.14713504756113,nan,0.6243378730078615,8.0
nan,nan,nan,nan,2.758011820292418,nan,0.6243378730078615,8.0
nan,nan,nan,nan,10.476371378392695,nan,0.6243378730078615,8.0
nan,nan,nan,nan,5.251399324177566,nan,0.6243378730078615,8.0
nan,nan,nan,nan,nan,nan,3.704699993133545,8.430000305175781
nan,nan,nan,nan,nan,nan,3.704699993133545,8.430000305175781
nan,nan,nan,nan,nan,nan,3.704699993133545,8.430000305175781
nan,nan,nan,nan,nan,nan,3.704699993133545,8.430000305175781
nan,nan,nan,nan,nan,nan,3.704699993133545,8.430000305175781
nan,nan,nan,nan,nan,nan,0.366399548358197,6.989999771118164
nan,nan,nan,nan,nan,nan,0.366399548358197,6.989999771118164
nan,nan,nan,nan,nan,nan,0.366399548358197,6.989999771118164
nan,nan,nan,nan,nan,nan,0.366399548358197,6.989999771118164
nan,nan,nan,nan,nan,nan,0.366399548358197,6.989999771118164
nan,nan,nan,nan,nan,nan,3.1117300987243652,9.210000038146973
nan,nan,nan,nan,nan,nan,3.1117300987243652,9.210000038146973
nan,nan,nan,nan,nan,nan,3.1117300987243652,9.210000038146973
nan,nan,nan,nan,nan,nan,3.1117300987243652,9.210000038146973
nan,nan,nan,nan,nan,nan,3.1117300987243652,9.210000038146973
nan,nan,nan,nan,56.20915659166595,28.939843423530732,0.7359806350333497,9.430000305175781
nan,nan,nan,nan,577.7271300522475,148.48456902039905,0.7359806350333497,9.430000305175781
nan,nan,nan,nan,172.48632632140942,76.81235241585753,0.7359806350333497,9.430000305175781
nan,nan,nan,nan,11.603257217124778,6.246551144213502,0.7359806350333497,9.430000305175781
nan,nan,nan,nan,4.82142646097609,1.7670682243940712,0.7359806350333497,9.430000305175781
nan,nan,nan,nan,9.325931995761428,nan,0.5345462499946361,8.65999984741211
nan,nan,nan,nan,3.526188830708747,nan,0.5345462499946361,8.65999984741211
nan,nan,nan,nan,32.02977732723054,nan,0.5345462499946361,8.65999984741211
nan,nan,nan,nan,4.04719062225584,nan,0.5345462499946361,8.65999984741211
nan,nan,nan,nan,54.45984971365249,nan,0.5345462499946361,8.65999984741211
nan,nan,nan,nan,nan,nan,0.5228602410345142,8.819999694824219
nan,nan,nan,nan,nan,nan,0.5228602410345142,8.819999694824219
nan,nan,nan,nan,nan,nan,0.5228602410345142,8.819999694824219
nan,nan,nan,nan,nan,nan,0.5228602410345142,8.819999694824219
nan,nan,nan,nan,nan,nan,0.5228602410345142,8.819999694824219
nan,nan,nan,nan,16.56437078979221,nan,0.4455168454055964,8.510000228881836
nan,nan,nan,nan,14.261353190865309,nan,0.4455168454055964,8.510000228881836
nan,nan,nan,nan,nan,nan,0.4455168454055964,8.510000228881836
nan,nan,nan,nan,76.56771551038011,nan,0.4455168454055964,8.510000228881836
nan,nan,nan,nan,4.499081384221678,nan,0.4455168454055964,8.510000228881836
nan,nan,nan,nan,nan,nan,3.3562800884246826,9.5600004196167
nan,nan,nan,nan,nan,nan,3.3562800884246826,9.5600004196167
nan,nan,nan,nan,nan,nan,3.3562800884246826,9.5600004196167
nan,nan,nan,nan,nan,nan,3.3562800884246826,9.5600004196167
nan,nan,nan,nan,nan,nan,3.3562800884246826,9.5600004196167
nan,nan,nan,nan,nan,18.704418872201433,0.5311461644896582,9.40999984741211
nan,nan,nan,nan,nan,25.035260904779058,0.5311461644896582,9.40999984741211
nan,nan,nan,nan,nan,5.44738825853229,0.5311461644896582,9.40999984741211
nan,nan,nan,nan,nan,0.6570017943415105,0.5311461644896582,9.40999984741211
nan,nan,nan,nan,nan,38.02858179169079,0.5311461644896582,9.40999984741211
nan,nan,nan,nan,21.09935241578335,nan,0.4233347315716491,7.949999809265137
nan,nan,nan,nan,32.80941431819237,nan,0.4233347315716491,7.949999809265137
nan,nan,nan,nan,31.207407008024642,nan,0.4233347315716491,7.949999809265137
nan,nan,nan,nan,125.59472799026199,nan,0.4233347315716491,7.949999809265137
nan,nan,nan,nan,3.6541932657013185,nan,0.4233347315716491,7.949999809265137
nan,nan,nan,nan,nan,nan,1.0357727185194965,8.09000015258789
nan,nan,nan,nan,nan,nan,1.0357727185194965,8.09000015258789
nan,nan,nan,nan,nan,nan,1.0357727185194965,8.09000015258789
nan,nan,nan,nan,nan,nan,1.0357727185194965,8.09000015258789
nan,nan,nan,nan,nan,nan,1.0357727185194965,8.09000015258789
nan,nan,nan,nan,nan,nan,3.112149953842163,8.020000457763672
nan,nan,nan,nan,nan,nan,3.112149953842163,8.020000457763672
nan,nan,nan,nan,nan,nan,3.112149953842163,8.020000457763672
nan,nan,nan,nan,nan,nan,3.112149953842163,8.020000457763672
nan,nan,nan,nan,nan,nan,3.112149953842163,8.020000457763672
nan,nan,nan,nan,73.52078470472634,nan,0.44534851091997574,7.599999904632568
nan,nan,nan,nan,0.7805265151662136,nan,0.44534851091997574,7.599999904632568
nan,nan,nan,nan,14.743057904694787,nan,0.44534851091997574,7.599999904632568
nan,nan,nan,nan,58.85515231956651,nan,0.44534851091997574,7.599999904632568
nan,nan,nan,nan,41.798399546080454,nan,0.44534851091997574,7.599999904632568
nan,nan,nan,nan,nan,nan,3.7027299404144287,8.529999732971191
nan,nan,nan,nan,nan,nan,3.7027299404144287,8.529999732971191
nan,nan,nan,nan,nan,nan,3.7027299404144287,8.529999732971191
nan,nan,nan,nan,nan,nan,3.7027299404144287,8.529999732971191
nan,nan,nan,nan,nan,nan,3.7027299404144287,8.529999732971191
nan,nan,nan,nan,81.48179348243119,nan,0.6288413600159463,8.319999694824219
nan,nan,nan,nan,4.621045422588859,nan,0.6288413600159463,8.319999694824219
nan,nan,nan,nan,86.0760286781626,nan,0.6288413600159463,8.319999694824219
nan,nan,nan,nan,11.10095909722771,nan,0.6288413600159463,8.319999694824219
nan,nan,nan,nan,25.615656736947614,nan,0.6288413600159463,8.319999694824219
nan,nan,nan,nan,nan,nan,3.7060298919677734,9.270000457763672
nan,nan,nan,nan,nan,nan,3.7060298919677734,9.270000457763672
nan,nan,nan,nan,nan,nan,3.7060298919677734,9.270000457763672
nan,nan,nan,nan,nan,nan,3.7060298919677734,9.270000457763672
nan,nan,nan,nan,nan,nan,3.7060298919677734,9.270000457763672
nan,nan,nan,nan,nan,nan,0.644728417859628,10.550000190734863
nan,nan,nan,nan,nan,nan,0.644728417859628,10.550000190734863
nan,nan,nan,nan,nan,nan,0.644728417859628,10.550000190734863
nan,nan,nan,nan,nan,nan,0.644728417859628,10.550000190734863
nan,nan,nan,nan,nan,nan,0.644728417859628,10.550000190734863
nan,nan,nan,nan,29.63485165071087,nan,0.3362272081002807,8.420000076293945
nan,nan,nan,nan,2.295513786403233,nan,0.3362272081002807,8.420000076293945
nan,nan,nan,nan,1.3563545975285192,nan,0.3362272081002807,8.420000076293945
nan,nan,nan,nan,7.196385238577037,nan,0.3362272081002807,8.420000076293945
nan,nan,nan,nan,126.38926544212019,nan,0.3362272081002807,8.420000076293945
nan,nan,nan,nan,nan,nan,0.310191242515685,7.670000076293945
nan,nan,nan,nan,nan,nan,0.310191242515685,7.670000076293945
nan,nan,nan,nan,nan,nan,0.310191242515685,7.670000076293945
nan,nan,nan,nan,nan,nan,0.310191242515685,7.670000076293945
nan,nan,nan,nan,nan,nan,0.310191242515685,7.670000076293945
0.9129599077702067,0.06304821079415286,0.1890308399858025,0.048068257070159805,212.09501876017586,61.11108695978912,0.39949115258845436,8.550000190734863
0.9129599077702067,0.06304821079415286,0.1890308399858025,0.048068257070159805,4.76668430314583,1.3140641954384034,0.39949115258845436,8.550000190734863
0.9129599077702067,0.06304821079415286,0.1890308399858025,0.048068257070159805,227.74533972377387,58.78442839677493,0.39949115258845436,8.550000190734863
0.9129599077702067,0.06304821079415286,0.1890308399858025,0.048068257070159805,83.30490244205329,22.729459583472707,0.39949115258845436,8.550000190734863
0.9129599077702067,0.06304821079415286,0.1890308399858025,0.048068257070159805,135.304855906735,36.642030612225916,0.39949115258845436,8.550000190734863
nan,nan,nan,nan,nan,nan,4.063509941101074,8.050000190734863
nan,nan,nan,nan,nan,nan,4.063509941101074,8.050000190734863
nan,nan,nan,nan,nan,nan,4.063509941101074,8.050000190734863
nan,nan,nan,nan,nan,nan,4.063509941101074,8.050000190734863
nan,nan,nan,nan,nan,nan,4.063509941101074,8.050000190734863
nan,nan,nan,nan,nan,nan,0.12247235472361964,9.920000076293945
nan,nan,nan,nan,nan,nan,0.12247235472361964,9.920000076293945
nan,nan,nan,nan,nan,nan,0.12247235472361964,9.920000076293945
nan,nan,nan,nan,nan,nan,0.12247235472361964,9.920000076293945
nan,nan,nan,nan,nan,nan,0.12247235472361964,9.920000076293945
nan,nan,nan,nan,57.409465561651814,nan,0.737717342325483,8.220000267028809
nan,nan,nan,nan,18.014503560800833,nan,0.737717342325483,8.220000267028809
nan,nan,nan,nan,60.07531598138546,nan,0.737717342325483,8.220000267028809
nan,nan,nan,nan,60.29218621453008,nan,0.737717342325483,8.220000267028809
nan,nan,nan,nan,16.214879318968485,nan,0.737717342325483,8.220000267028809
nan,nan,nan,nan,25.742074291143503,nan,0.6448832140451479,7.079999923706055
nan,nan,nan,nan,18.2008636770284,nan,0.6448832140451479,7.079999923706055
nan,nan,nan,nan,5.036565196277403,nan,0.6448832140451479,7.079999923706055
nan,nan,nan,nan,12.713881860280509,nan,0.6448832140451479,7.079999923706055
nan,nan,nan,nan,9.743420067474192,nan,0.6448832140451479,7.079999923706055
nan,nan,nan,nan,nan,48.77106680984557,0.9043650585396326,10.020000457763672
nan,nan,nan,nan,nan,14.223301234051373,0.9043650585396326,10.020000457763672
nan,nan,nan,nan,nan,1.6679233609174895,0.9043650585396326,10.020000457763672
nan,nan,nan,nan,nan,61.799708050799744,0.9043650585396326,10.020000457763672
nan,nan,nan,nan,nan,59.55315410199623,0.9043650585396326,10.020000457763672
nan,nan,nan,nan,nan,0.19916368952988187,0.531703451759481,10.09000015258789
nan,nan,nan,nan,nan,nan,0.531703451759481,10.09000015258789
nan,nan,nan,nan,nan,38.79505288974011,0.531703451759481,10.09000015258789
nan,nan,nan,nan,nan,8.114179037413155,0.531703451759481,10.09000015258789
nan,nan,nan,nan,nan,8.773731743069764,0.531703451759481,10.09000015258789
nan,nan,nan,nan,nan,nan,1.2491436839542005,8.9399995803833
nan,nan,nan,nan,nan,nan,1.2491436839542005,8.9399995803833
nan,nan,nan,nan,nan,nan,1.2491436839542005,8.9399995803833
nan,nan,nan,nan,nan,nan,1.2491436839542005,8.9399995803833
nan,nan,nan,nan,nan,nan,1.2491436839542005,8.9399995803833
1.0547385485822962,0.061237093346979,0.3687708608706354,0.039614709632577357,164.32462915340074,28.812092154881896,0.6688270204968347,8.739999771118164
1.0547385485822962,0.061237093346979,0.3687708608706354,0.039614709632577357,11.912047612937881,2.0148140155601877,0.6688270204968347,8.739999771118164
1.0547385485822962,0.061237093346979,0.3687708608706354,0.039614709632577357,276.05515563489604,46.91240795667227,0.6688270204968347,8.739999771118164
1.0547385485822962,0.061237093346979,0.3687708608706354,0.039614709632577357,490.2229799924015,86.2516288986551,0.6688270204968347,8.739999771118164
1.0547385485822962,0.061237093346979,0.3687708608706354,0.039614709632577357,99.61473978310828,16.994462825347167,0.6688270204968347,8.739999771118164
nan,nan,nan,nan,nan,nan,3.604059934616089,10.020000457763672
nan,nan,nan,nan,nan,nan,3.604059934616089,10.020000457763672
nan,nan,nan,nan,nan,nan,3.604059934616089,10.020000457763672
nan,nan,nan,nan,nan,nan,3.604059934616089,10.020000457763672
nan,nan,nan,nan,nan,nan,3.604059934616089,10.020000457763672
0.7909824984263032,0.026663025677206582,-0.24088324731799737,0.02026078894114123,96.35380305530164,57.92321451325133,0.35828873188046567,9.65999984741211
0.7909824984263032,0.026663025677206582,-0.24088324731799737,0.02026078894114123,599.8311983731317,325.7969549130708,0.35828873188046567,9.65999984741211
0.7909824984263032,0.026663025677206582,-0.24088324731799737,0.02026078894114123,233.7023161903522,123.4392945786337,0.35828873188046567,9.65999984741211
0.7909824984263032,0.026663025677206582,-0.24088324731799737,0.02026078894114123,2259.328521813916,1161.9831741842913,0.35828873188046567,9.65999984741211
0.7909824984263032,0.026663025677206582,-0.24088324731799737,0.02026078894114123,1.0554605686874456,0.5895702970384422,0.35828873188046567,9.65999984741211
1.0836385530855097,0.1415648472123199,0.530934590651288,0.05361023161959065,91.79463460844296,12.37249611517583,0.7366709324237258,8.140000343322754
1.0836385530855097,0.1415648472123199,0.530934590651288,0.05361023161959065,27.424263524799688,3.606652720751165,0.7366709324237258,8.140000343322754
1.0836385530855097,0.1415648472123199,0.530934590651288,0.05361023161959065,301.14831066704284,41.53641148127007,0.7366709324237258,8.140000343322754
1.0836385530855097,0.1415648472123199,0.530934590651288,0.05361023161959065,199.1615734611142,24.23461167168822,0.7366709324237258,8.140000343322754
1.0836385530855097,0.1415648472123199,0.530934590651288,0.05361023161959065,nan,nan,0.7366709324237258,8.140000343322754
0.7051083888044339,0.11872190350993611,-0.12729823508493343,0.11194990988130296,3.0516192001479165,1.6901861071470934,0.7319269185916721,9.09000015258789
0.7051083888044339,0.11872190350993611,-0.12729823508493343,0.11194990988130296,13.949836065010997,7.929635016097241,0.7319269185916721,9.09000015258789
0.7051083888044339,0.11872190350993611,-0.12729823508493343,0.11194990988130296,77.72060906685036,42.73551279151043,0.7319269185916721,9.09000015258789
0.7051083888044339,0.11872190350993611,-0.12729823508493343,0.11194990988130296,33.95272044591986,19.18220628175634,0.7319269185916721,9.09000015258789
0.7051083888044339,0.11872190350993611,-0.12729823508493343,0.11194990988130296,223.62510442133012,131.33446531278565,0.7319269185916721,9.09000015258789
nan,nan,nan,nan,nan,nan,1.3807738796256004,9.449999809265137
nan,nan,nan,nan,nan,nan,1.3807738796256004,9.449999809265137
nan,nan,nan,nan,nan,nan,1.3807738796256004,9.449999809265137
nan,nan,nan,nan,nan,nan,1.3807738796256004,9.449999809265137
nan,nan,nan,nan,nan,nan,1.3807738796256004,9.449999809265137
1.2937813546543884,0.11716815680819195,0.50116276571371,0.0873973128426052,179.9644968834678,14.100830419122392,0.3360424711718424,7.880000114440918
1.2937813546543884,0.11716815680819195,0.50116276571371,0.0873973128426052,nan,nan,0.3360424711718424,7.880000114440918
1.2937813546543884,0.11716815680819195,0.50116276571371,0.0873973128426052,nan,nan,0.3360424711718424,7.880000114440918
1.2937813546543884,0.11716815680819195,0.50116276571371,0.0873973128426052,78.80547300488251,6.1599717716609454,0.3360424711718424,7.880000114440918
1.2937813546543884,0.11716815680819195,0.50116276571371,0.0873973128426052,14.951490059299806,1.1687877047547388,0.3360424711718424,7.880000114440918
nan,nan,nan,nan,nan,nan,4.741759777069092,8.489999771118164
nan,nan,nan,nan,nan,nan,4.741759777069092,8.489999771118164
nan,nan,nan,nan,nan,nan,4.741759777069092,8.489999771118164
nan,nan,nan,nan,nan,nan,4.741759777069092,8.489999771118164
nan,nan,nan,nan,nan,nan,4.741759777069092,8.489999771118164
nan,nan,nan,nan,nan,nan,1.2208466152591395,9.069999694824219
nan,nan,nan,nan,nan,nan,1.2208466152591395,9.069999694824219
nan,nan,nan,nan,nan,nan,1.2208466152591395,9.069999694824219
nan,nan,nan,nan,nan,nan,1.2208466152591395,9.069999694824219
nan,nan,nan,nan,nan,nan,1.2208466152591395,9.069999694824219
nan,nan,nan,nan,nan,13.399058185776306,0.33593264429928543,7.480000019073486
nan,nan,nan,nan,nan,9.337051981991312,0.33593264429928543,7.480000019073486
nan,nan,nan,nan,nan,28.97204458352985,0.33593264429928543,7.480000019073486
nan,nan,nan,nan,nan,0.8096238194180227,0.33593264429928543,7.480000019073486
nan,nan,nan,nan,nan,1.725566309094074,0.33593264429928543,7.480000019073486
nan,nan,nan,nan,nan,nan,0.8947823300262636,8.640000343322754
nan,nan,nan,nan,nan,nan,0.8947823300262636,8.640000343322754
nan,nan,nan,nan,nan,nan,0.8947823300262636,8.640000343322754
nan,nan,nan,nan,nan,nan,0.8947823300262636,8.640000343322754
nan,nan,nan,nan,nan,nan,0.8947823300262636,8.640000343322754
nan,nan,nan,nan,36.03712673297584,nan,0.572953046657636,8.710000038146973
nan,nan,nan,nan,22.697432528856194,nan,0.572953046657636,8.710000038146973
nan,nan,nan,nan,22.28402705340818,nan,0.572953046657636,8.710000038146973
nan,nan,nan,nan,3.688347935535451,nan,0.572953046657636,8.710000038146973
nan,nan,nan,nan,236.6017432955655,nan,0.572953046657636,8.710000038146973
nan,nan,nan,nan,248.68156873069452,77.556725758211,0.26041087244532435,6.880000114440918
nan,nan,nan,nan,82.32652683963782,26.50316739596886,0.26041087244532435,6.880000114440918
nan,nan,nan,nan,90.79271873068787,28.63646734175954,0.26041087244532435,6.880000114440918
nan,nan,nan,nan,468.9656562464553,171.18519356170592,0.26041087244532435,6.880000114440918
nan,nan,nan,nan,21.794776840610847,6.814910837401461,0.26041087244532435,6.880000114440918
nan,nan,nan,nan,nan,nan,1.3285322274631417,8.579999923706055
nan,nan,nan,nan,nan,nan,1.3285322274631417,8.579999923706055
nan,nan,nan,nan,nan,nan,1.3285322274631417,8.579999923706055
nan,nan,nan,nan,nan,nan,1.3285322274631417,8.579999923706055
nan,nan,nan,nan,nan,nan,1.3285322274631417,8.579999923706055
nan,nan,nan,nan,nan,nan,3.5499000549316406,8.699999809265137
nan,nan,nan,nan,nan,nan,3.5499000549316406,8.699999809265137
nan,nan,nan,nan,nan,nan,3.5499000549316406,8.699999809265137
nan,nan,nan,nan,nan,nan,3.5499000549316406,8.699999809265137
nan,nan,nan,nan,nan,nan,3.5499000549316406,8.699999809265137
nan,nan,nan,nan,nan,nan,1.0984665112717074,9.520000457763672
nan,nan,nan,nan,nan,nan,1.0984665112717074,9.520000457763672
nan,nan,nan,nan,nan,nan,1.0984665112717074,9.520000457763672
nan,nan,nan,nan,nan,nan,1.0984665112717074,9.520000457763672
nan,nan,nan,nan,nan,nan,1.0984665112717074,9.520000457763672
0.8639061434033275,0.19047198552554162,0.9384233585104746,0.20022477483171874,51.965854150934675,22.74837424039746,0.3583023868851493,8.170000076293945
0.8639061434033275,0.19047198552554162,0.9384233585104746,0.20022477483171874,19.96887379289463,8.027245328413267,0.3583023868851493,8.170000076293945
0.8639061434033275,0.19047198552554162,0.9384233585104746,0.20022477483171874,3.393857114805968,0.7344285880662793,0.3583023868851493,8.170000076293945
0.8639061434033275,0.19047198552554162,0.9384233585104746,0.20022477483171874,nan,nan,0.3583023868851493,8.170000076293945
0.8639061434033275,0.19047198552554162,0.9384233585104746,0.20022477483171874,17.595439697420076,5.173709568197316,0.3583023868851493,8.170000076293945
nan,nan,nan,nan,nan,nan,0.6790269106347104,7.789999961853027
nan,nan,nan,nan,114.18147237358137,nan,0.6790269106347104,7.789999961853027
nan,nan,nan,nan,12.794333735908173,nan,0.6790269106347104,7.789999961853027
nan,nan,nan,nan,10.055066441977244,nan,0.6790269106347104,7.789999961853027
nan,nan,nan,nan,28.829272486264756,nan,0.6790269106347104,7.789999961853027
nan,nan,nan,nan,nan,nan,0.2048810002693635,7.460000038146973
nan,nan,nan,nan,nan,nan,0.2048810002693635,7.460000038146973
nan,nan,nan,nan,nan,nan,0.2048810002693635,7.460000038146973
nan,nan,nan,nan,nan,nan,0.2048810002693635,7.460000038146973
nan,nan,nan,nan,nan,nan,0.2048810002693635,7.460000038146973
nan,nan,nan,nan,nan,nan,3.6901800632476807,8.630000114440918
nan,nan,nan,nan,nan,nan,3.6901800632476807,8.630000114440918
nan,nan,nan,nan,nan,nan,3.6901800632476807,8.630000114440918
nan,nan,nan,nan,nan,nan,3.6901800632476807,8.630000114440918
nan,nan,nan,nan,nan,nan,3.6901800632476807,8.630000114440918
nan,nan,nan,nan,6.579511283282059,nan,0.7054081190908974,8.4399995803833
nan,nan,nan,nan,17.511108502264587,nan,0.7054081190908974,8.4399995803833
nan,nan,nan,nan,2.011493870913084,nan,0.7054081190908974,8.4399995803833
nan,nan,nan,nan,906.807839410354,nan,0.7054081190908974,8.4399995803833
nan,nan,nan,nan,6.617454873512411,nan,0.7054081190908974,8.4399995803833
nan,nan,nan,nan,nan,nan,3.3670101165771484,9.289999961853027
nan,nan,nan,nan,nan,nan,3.3670101165771484,9.289999961853027
nan,nan,nan,nan,nan,nan,3.3670101165771484,9.289999961853027
nan,nan,nan,nan,nan,nan,3.3670101165771484,9.289999961853027
nan,nan,nan,nan,nan,nan,3.3670101165771484,9.289999961853027
0.5368789735605977,0.12413908360790818,0.5674504697570035,0.10065644301422091,248.5633634599659,113.1240373789145,0.832164965331115,8.84000015258789
0.5368789735605977,0.12413908360790818,0.5674504697570035,0.10065644301422091,16.64452488801735,7.593454332747105,0.832164965331115,8.84000015258789
0.5368789735605977,0.12413908360790818,0.5674504697570035,0.10065644301422091,17.007271698042825,7.8970310599536475,0.832164965331115,8.84000015258789
0.5368789735605977,0.12413908360790818,0.5674504697570035,0.10065644301422091,87.18293483573511,38.719428678355946,0.832164965331115,8.84000015258789
0.5368789735605977,0.12413908360790818,0.5674504697570035,0.10065644301422091,318.02892910879683,142.26241296993322,0.832164965331115,8.84000015258789
0.5379553492030567,0.12412343083642371,0.5624213528739592,0.09979704543376935,248.5633634599659,113.1240373789145,0.832164965331115,8.84000015258789
0.5379553492030567,0.12412343083642371,0.5624213528739592,0.09979704543376935,16.64452488801735,7.593454332747105,0.832164965331115,8.84000015258789
0.5379553492030567,0.12412343083642371,0.5624213528739592,0.09979704543376935,17.007271698042825,7.8970310599536475,0.832164965331115,8.84000015258789
0.5379553492030567,0.12412343083642371,0.5624213528739592,0.09979704543376935,87.18293483573511,38.719428678355946,0.832164965331115,8.84000015258789
0.5379553492030567,0.12412343083642371,0.5624213528739592,0.09979704543376935,318.02892910879683,142.26241296993322,0.832164965331115,8.84000015258789
nan,nan,nan,nan,nan,nan,3.583470106124878,10.270000457763672
nan,nan,nan,nan,nan,nan,3.583470106124878,10.270000457763672
nan,nan,nan,nan,nan,nan,3.583470106124878,10.270000457763672
nan,nan,nan,nan,nan,nan,3.583470106124878,10.270000457763672
nan,nan,nan,nan,nan,nan,3.583470106124878,10.270000457763672
0.7197621142802351,0.06415397078077212,-0.37624697838523063,0.0452109206465053,1.3228325269305827,1.0728519655159907,0.41589749742682525,8.829999923706055
0.7197621142802351,0.06415397078077212,-0.37624697838523063,0.0452109206465053,68.77033169448546,52.85097375160154,0.41589749742682525,8.829999923706055
0.7197621142802351,0.06415397078077212,-0.37624697838523063,0.0452109206465053,nan,nan,0.41589749742682525,8.829999923706055
0.7197621142802351,0.06415397078077212,-0.37624697838523063,0.0452109206465053,13.270311061914754,10.637185939757856,0.41589749742682525,8.829999923706055
0.7197621142802351,0.06415397078077212,-0.37624697838523063,0.0452109206465053,24.564332283335116,25.49797470513594,0.41589749742682525,8.829999923706055
nan,nan,nan,nan,33.50787977017551,25.45606533601286,0.670103618778364,10.319999694824219
nan,nan,nan,nan,81.80117816706175,63.48448520805326,0.670103618778364,10.319999694824219
nan,nan,nan,nan,99.18454539179695,78.20532712841616,0.670103618778364,10.319999694824219
nan,nan,nan,nan,1.4779283158251388,1.2082993773935098,0.670103618778364,10.319999694824219
nan,nan,nan,nan,101.49673809169371,76.62871136365331,0.670103618778364,10.319999694824219
nan,nan,nan,nan,nan,nan,3.709820032119751,10.75
nan,nan,nan,nan,nan,nan,3.709820032119751,10.75
nan,nan,nan,nan,nan,nan,3.709820032119751,10.75
nan,nan,nan,nan,nan,nan,3.709820032119751,10.75
nan,nan,nan,nan,nan,nan,3.709820032119751,10.75
nan,nan,nan,nan,nan,nan,3.314729928970337,9.260000228881836
nan,nan,nan,nan,nan,nan,3.314729928970337,9.260000228881836
nan,nan,nan,nan,nan,nan,3.314729928970337,9.260000228881836
nan,nan,nan,nan,nan,nan,3.314729928970337,9.260000228881836
nan,nan,nan,nan,nan,nan,3.314729928970337,9.260000228881836
nan,nan,nan,nan,nan,nan,3.60548996925354,7.670000076293945
nan,nan,nan,nan,nan,nan,3.60548996925354,7.670000076293945
nan,nan,nan,nan,nan,nan,3.60548996925354,7.670000076293945
nan,nan,nan,nan,nan,nan,3.60548996925354,7.670000076293945
nan,nan,nan,nan,nan,nan,3.60548996925354,7.670000076293945
nan,nan,nan,nan,nan,15.871254617671767,0.7625321568079193,9.199999809265137
nan,nan,nan,nan,nan,24.006284368629757,0.7625321568079193,9.199999809265137
nan,nan,nan,nan,nan,32.78067988017852,0.7625321568079193,9.199999809265137
nan,nan,nan,nan,nan,1.3415912152630303,0.7625321568079193,9.199999809265137
nan,nan,nan,nan,nan,204.81189058502278,0.7625321568079193,9.199999809265137
nan,nan,nan,nan,0.5662620068701212,nan,0.5312361755231988,8.539999961853027
nan,nan,nan,nan,7.990022529784567,nan,0.5312361755231988,8.539999961853027
nan,nan,nan,nan,2.374245860405535,nan,0.5312361755231988,8.539999961853027
nan,nan,nan,nan,58.32092927068143,nan,0.5312361755231988,8.539999961853027
nan,nan,nan,nan,3.19884044429515,nan,0.5312361755231988,8.539999961853027
nan,nan,nan,nan,450.1370175290207,nan,0.1291932486185023,8.760000228881836
nan,nan,nan,nan,44.01253403904224,nan,0.1291932486185023,8.760000228881836
nan,nan,nan,nan,nan,nan,0.1291932486185023,8.760000228881836
nan,nan,nan,nan,1.588230116780432,nan,0.1291932486185023,8.760000228881836
nan,nan,nan,nan,63.674199532438145,nan,0.1291932486185023,8.760000228881836
nan,nan,nan,nan,nan,nan,0.9800019956774961,7.739999771118164
nan,nan,nan,nan,nan,nan,0.9800019956774961,7.739999771118164
nan,nan,nan,nan,nan,nan,0.9800019956774961,7.739999771118164
nan,nan,nan,nan,nan,nan,0.9800019956774961,7.739999771118164
nan,nan,nan,nan,nan,nan,0.9800019956774961,7.739999771118164
nan,nan,nan,nan,nan,12.93578662531399,0.7613473552282475,7.710000038146973
nan,nan,nan,nan,nan,134.68401259337332,0.7613473552282475,7.710000038146973
nan,nan,nan,nan,nan,44.74068665663542,0.7613473552282475,7.710000038146973
nan,nan,nan,nan,nan,9.049240806512225,0.7613473552282475,7.710000038146973
nan,nan,nan,nan,nan,1.0891036749820857,0.7613473552282475,7.710000038146973
nan,nan,nan,nan,nan,nan,0.9799970417483159,8.649999618530273
nan,nan,nan,nan,nan,nan,0.9799970417483159,8.649999618530273
nan,nan,nan,nan,nan,nan,0.9799970417483159,8.649999618530273
nan,nan,nan,nan,nan,nan,0.9799970417483159,8.649999618530273
nan,nan,nan,nan,nan,nan,0.9799970417483159,8.649999618530273
nan,nan,nan,nan,nan,nan,1.036833652568812,8.850000381469727
nan,nan,nan,nan,nan,nan,1.036833652568812,8.850000381469727
nan,nan,nan,nan,nan,nan,1.036833652568812,8.850000381469727
nan,nan,nan,nan,nan,nan,1.036833652568812,8.850000381469727
nan,nan,nan,nan,nan,nan,1.036833652568812,8.850000381469727
nan,nan,nan,nan,nan,38.09987660638888,0.9037167371102031,9.510000228881836
nan,nan,nan,nan,nan,9.168326006915677,0.9037167371102031,9.510000228881836
nan,nan,nan,nan,nan,0.8603778037665979,0.9037167371102031,9.510000228881836
nan,nan,nan,nan,nan,17.38629708940712,0.9037167371102031,9.510000228881836
nan,nan,nan,nan,nan,2.8718558441650335,0.9037167371102031,9.510000228881836
nan,nan,nan,nan,nan,nan,3.42792010307312,8.510000228881836
nan,nan,nan,nan,nan,nan,3.42792010307312,8.510000228881836
nan,nan,nan,nan,nan,nan,3.42792010307312,8.510000228881836
nan,nan,nan,nan,nan,nan,3.42792010307312,8.510000228881836
nan,nan,nan,nan,nan,nan,3.42792010307312,8.510000228881836
nan,nan,nan,nan,6.739256804972376,nan,0.4248285590648193,8.0600004196167
nan,nan,nan,nan,57.5560075779545,nan,0.4248285590648193,8.0600004196167
nan,nan,nan,nan,44.589263681259396,nan,0.4248285590648193,8.0600004196167
nan,nan,nan,nan,11.596096871988491,nan,0.4248285590648193,8.0600004196167
nan,nan,nan,nan,4.87355797914278,nan,0.4248285590648193,8.0600004196167
nan,nan,nan,nan,nan,62.9620134001783,0.6825562241588017,9.850000381469727
nan,nan,nan,nan,nan,32.91059164153886,0.6825562241588017,9.850000381469727
nan,nan,nan,nan,nan,5.910186274838703,0.6825562241588017,9.850000381469727
nan,nan,nan,nan,nan,30.006415788844027,0.6825562241588017,9.850000381469727
nan,nan,nan,nan,nan,0.9519630367367111,0.6825562241588017,9.850000381469727
nan,nan,nan,nan,3.038795808673686,nan,0.7401015111530815,8.640000343322754
nan,nan,nan,nan,15.377639643079197,nan,0.7401015111530815,8.640000343322754
nan,nan,nan,nan,41.64855278846593,nan,0.7401015111530815,8.640000343322754
nan,nan,nan,nan,2.39322199376595,nan,0.7401015111530815,8.640000343322754
nan,nan,nan,nan,13.580315872254088,nan,0.7401015111530815,8.640000343322754
nan,nan,nan,nan,2.066991900705223,nan,0.5776134381915788,8.930000305175781
nan,nan,nan,nan,6.399893864014985,nan,0.5776134381915788,8.930000305175781
nan,nan,nan,nan,68.30705948208391,nan,0.5776134381915788,8.930000305175781
nan,nan,nan,nan,11.813265651559258,nan,0.5776134381915788,8.930000305175781
nan,nan,nan,nan,100.39337086365538,nan,0.5776134381915788,8.930000305175781
0.8407528244616574,0.12686562647847838,-0.27000874109007095,0.07935489063659591,nan,nan,0.29229221336623407,8.140000343322754
0.8407528244616574,0.12686562647847838,-0.27000874109007095,0.07935489063659591,3.2465011397803583,1.942383216698898,0.29229221336623407,8.140000343322754
0.8407528244616574,0.12686562647847838,-0.27000874109007095,0.07935489063659591,1.882143997239138,1.1020805782677383,0.29229221336623407,8.140000343322754
0.8407528244616574,0.12686562647847838,-0.27000874109007095,0.07935489063659591,22.85714014125885,13.246534143519845,0.29229221336623407,8.140000343322754
0.8407528244616574,0.12686562647847838,-0.27000874109007095,0.07935489063659591,33.9417254421562,20.90208545649922,0.29229221336623407,8.140000343322754
nan,nan,nan,nan,nan,nan,4.123479843139648,7.659999847412109
nan,nan,nan,nan,nan,nan,4.123479843139648,7.659999847412109
nan,nan,nan,nan,nan,nan,4.123479843139648,7.659999847412109
nan,nan,nan,nan,nan,nan,4.123479843139648,7.659999847412109
nan,nan,nan,nan,nan,nan,4.123479843139648,7.659999847412109
nan,nan,nan,nan,nan,nan,0.4164280425608947,8.390000343322754
nan,nan,nan,nan,35.3532699714558,nan,0.4164280425608947,8.390000343322754
nan,nan,nan,nan,20.09196864813278,nan,0.4164280425608947,8.390000343322754
nan,nan,nan,nan,7.431058090605459,nan,0.4164280425608947,8.390000343322754
nan,nan,nan,nan,1.954460079629165,nan,0.4164280425608947,8.390000343322754
nan,nan,nan,nan,8.431541774759191,2.328630554466928,0.7610744736232387,9.710000038146973
nan,nan,nan,nan,75.1470850227504,20.851553084085182,0.7610744736232387,9.710000038146973
nan,nan,nan,nan,183.37344503221632,52.87911229872606,0.7610744736232387,9.710000038146973
nan,nan,nan,nan,86.040493606404,23.40393081498811,0.7610744736232387,9.710000038146973
nan,nan,nan,nan,4.218080538356423,1.1998001686647988,0.7610744736232387,9.710000038146973
nan,nan,nan,nan,122.06734632747087,nan,0.8109752995772391,8.369999885559082
nan,nan,nan,nan,72.72966320161548,nan,0.8109752995772391,8.369999885559082
nan,nan,nan,nan,16.422108013463347,nan,0.8109752995772391,8.369999885559082
nan,nan,nan,nan,38.15978368574026,nan,0.8109752995772391,8.369999885559082
nan,nan,nan,nan,59.3928720036066,nan,0.8109752995772391,8.369999885559082
nan,nan,nan,nan,nan,nan,0.890159948862838,8.050000190734863
nan,nan,nan,nan,nan,nan,0.890159948862838,8.050000190734863
nan,nan,nan,nan,nan,nan,0.890159948862838,8.050000190734863
nan,nan,nan,nan,nan,nan,0.890159948862838,8.050000190734863
nan,nan,nan,nan,nan,nan,0.890159948862838,8.050000190734863
nan,nan,nan,nan,nan,nan,0.9908077097999357,8.829999923706055
nan,nan,nan,nan,nan,nan,0.9908077097999357,8.829999923706055
nan,nan,nan,nan,nan,nan,0.9908077097999357,8.829999923706055
nan,nan,nan,nan,nan,nan,0.9908077097999357,8.829999923706055
nan,nan,nan,nan,nan,nan,0.9908077097999357,8.829999923706055
0.5631884901043829,0.048641486784013574,0.21394675058604556,0.02423559402714366,16.9561411523787,9.86237406618265,0.8406476633203834,9.380000114440918
0.5631884901043829,0.048641486784013574,0.21394675058604556,0.02423559402714366,303.8590804163709,172.6769540246657,0.8406476633203834,9.380000114440918
0.5631884901043829,0.048641486784013574,0.21394675058604556,0.02423559402714366,1258.9511938236426,743.8204984263122,0.8406476633203834,9.380000114440918
0.5631884901043829,0.048641486784013574,0.21394675058604556,0.02423559402714366,8.501230725585874,4.7613966282931965,0.8406476633203834,9.380000114440918
0.5631884901043829,0.048641486784013574,0.21394675058604556,0.02423559402714366,nan,nan,0.8406476633203834,9.380000114440918
nan,nan,nan,nan,nan,nan,3.063380002975464,8.449999809265137
nan,nan,nan,nan,nan,nan,3.063380002975464,8.449999809265137
nan,nan,nan,nan,nan,nan,3.063380002975464,8.449999809265137
nan,nan,nan,nan,nan,nan,3.063380002975464,8.449999809265137
nan,nan,nan,nan,nan,nan,3.063380002975464,8.449999809265137
nan,nan,nan,nan,12.09389783887166,nan,0.5509824987101182,7.550000190734863
nan,nan,nan,nan,58.575495044914945,nan,0.5509824987101182,7.550000190734863
nan,nan,nan,nan,6.201935184212351,nan,0.5509824987101182,7.550000190734863
nan,nan,nan,nan,21.323357822315458,nan,0.5509824987101182,7.550000190734863
nan,nan,nan,nan,15.019622209546904,nan,0.5509824987101182,7.550000190734863
nan,nan,nan,nan,nan,nan,0.9908080018272221,9.140000343322754
nan,nan,nan,nan,nan,nan,0.9908080018272221,9.140000343322754
nan,nan,nan,nan,nan,nan,0.9908080018272221,9.140000343322754
nan,nan,nan,nan,nan,nan,0.9908080018272221,9.140000343322754
nan,nan,nan,nan,nan,nan,0.9908080018272221,9.140000343322754
nan,nan,nan,nan,nan,nan,0.6662927548780917,9.4399995803833
nan,nan,nan,nan,nan,nan,0.6662927548780917,9.4399995803833
nan,nan,nan,nan,nan,nan,0.6662927548780917,9.4399995803833
nan,nan,nan,nan,nan,nan,0.6662927548780917,9.4399995803833
nan,nan,nan,nan,nan,nan,0.6662927548780917,9.4399995803833
nan,nan,nan,nan,nan,nan,3.024019956588745,8.920000076293945
nan,nan,nan,nan,nan,nan,3.024019956588745,8.920000076293945
nan,nan,nan,nan,nan,nan,3.024019956588745,8.920000076293945
nan,nan,nan,nan,nan,nan,3.024019956588745,8.920000076293945
nan,nan,nan,nan,nan,nan,3.024019956588745,8.920000076293945
nan,nan,nan,nan,nan,nan,4.029520034790039,8.350000381469727
nan,nan,nan,nan,nan,nan,4.029520034790039,8.350000381469727
nan,nan,nan,nan,nan,nan,4.029520034790039,8.350000381469727
nan,nan,nan,nan,nan,nan,4.029520034790039,8.350000381469727
nan,nan,nan,nan,nan,nan,4.029520034790039,8.350000381469727
nan,nan,nan,nan,nan,nan,1.4656038911153275,8.649999618530273
nan,nan,nan,nan,nan,nan,1.4656038911153275,8.649999618530273
nan,nan,nan,nan,nan,nan,1.4656038911153275,8.649999618530273
nan,nan,nan,nan,nan,nan,1.4656038911153275,8.649999618530273
nan,nan,nan,nan,nan,nan,1.4656038911153275,8.649999618530273
nan,nan,nan,nan,42.8333493879509,nan,0.7600572984344003,nan
nan,nan,nan,nan,6.71054067534475,nan,0.7600572984344003,nan
nan,nan,nan,nan,106.96743788104702,nan,0.7600572984344003,nan
nan,nan,nan,nan,89.6660196454809,nan,0.7600572984344003,nan
nan,nan,nan,nan,8.051679620114497,nan,0.7600572984344003,nan
nan,nan,nan,nan,13.53094547030765,nan,0.7183506538780624,8.399999618530273
nan,nan,nan,nan,3.9423266470503027,nan,0.7183506538780624,8.399999618530273
nan,nan,nan,nan,28.57776602973981,nan,0.7183506538780624,8.399999618530273
nan,nan,nan,nan,10.771392585836422,nan,0.7183506538780624,8.399999618530273
nan,nan,nan,nan,42.846018134125664,nan,0.7183506538780624,8.399999618530273
nan,nan,nan,nan,nan,nan,1.1773198106438003,8.6899995803833
nan,nan,nan,nan,nan,nan,1.1773198106438003,8.6899995803833
nan,nan,nan,nan,nan,nan,1.1773198106438003,8.6899995803833
nan,nan,nan,nan,nan,nan,1.1773198106438003,8.6899995803833
nan,nan,nan,nan,nan,nan,1.1773198106438003,8.6899995803833
nan,nan,nan,nan,2.98954274160882,nan,0.5129332375540652,8.699999809265137
nan,nan,nan,nan,2.921411065307435,nan,0.5129332375540652,8.699999809265137
nan,nan,nan,nan,20.03494700541519,nan,0.5129332375540652,8.699999809265137
nan,nan,nan,nan,1.2491249804737685,nan,0.5129332375540652,8.699999809265137
nan,nan,nan,nan,25.09736128988863,nan,0.5129332375540652,8.699999809265137
nan,nan,nan,nan,nan,nan,5.325109958648682,7.960000038146973
nan,nan,nan,nan,nan,nan,5.325109958648682,7.960000038146973
nan,nan,nan,nan,nan,nan,5.325109958648682,7.960000038146973
nan,nan,nan,nan,nan,nan,5.325109958648682,7.960000038146973
nan,nan,nan,nan,nan,nan,5.325109958648682,7.960000038146973
nan,nan,nan,nan,nan,nan,0.6697439953877093,9.65999984741211
nan,nan,nan,nan,nan,3.743920536295278,0.6697439953877093,9.65999984741211
nan,nan,nan,nan,nan,0.7546955237248499,0.6697439953877093,9.65999984741211
nan,nan,nan,nan,nan,0.45468921233404613,0.6697439953877093,9.65999984741211
nan,nan,nan,nan,nan,35.43492461357935,0.6697439953877093,9.65999984741211
nan,nan,nan,nan,15.914556043081117,12.322004868475645,0.43520836557495973,6.769999980926514
nan,nan,nan,nan,21.085376699297107,16.116914879218392,0.43520836557495973,6.769999980926514
nan,nan,nan,nan,32.86094337839822,25.845203391150683,0.43520836557495973,6.769999980926514
nan,nan,nan,nan,23.059832275183492,17.661857814915386,0.43520836557495973,6.769999980926514
nan,nan,nan,nan,9.989413046092867,7.637800117956173,0.43520836557495973,6.769999980926514
nan,nan,nan,nan,nan,nan,3.376300096511841,8.430000305175781
nan,nan,nan,nan,nan,nan,3.376300096511841,8.430000305175781
nan,nan,nan,nan,nan,nan,3.376300096511841,8.430000305175781
nan,nan,nan,nan,nan,nan,3.376300096511841,8.430000305175781
nan,nan,nan,nan,nan,nan,3.376300096511841,8.430000305175781
nan,nan,nan,nan,nan,nan,1.2926962406221398,9.989999771118164
nan,nan,nan,nan,nan,nan,1.2926962406221398,9.989999771118164
nan,nan,nan,nan,nan,nan,1.2926962406221398,9.989999771118164
nan,nan,nan,nan,nan,nan,1.2926962406221398,9.989999771118164
nan,nan,nan,nan,nan,nan,1.2926962406221398,9.989999771118164
nan,nan,nan,nan,nan,nan,3.488100051879883,8.529999732971191
nan,nan,nan,nan,nan,nan,3.488100051879883,8.529999732971191
nan,nan,nan,nan,nan,nan,3.488100051879883,8.529999732971191
nan,nan,nan,nan,nan,nan,3.488100051879883,8.529999732971191
nan,nan,nan,nan,nan,nan,3.488100051879883,8.529999732971191
0.9554861457506074,0.07773776049545936,0.4521998190874885,0.06439303121214443,60.14924787743202,10.745428719378408,0.4248700678545386,8.300000190734863
0.9554861457506074,0.07773776049545936,0.4521998190874885,0.06439303121214443,41.647384204876644,7.651907959379605,0.4248700678545386,8.300000190734863
0.9554861457506074,0.07773776049545936,0.4521998190874885,0.06439303121214443,9.973302114977713,1.7790169647044185,0.4248700678545386,8.300000190734863
0.9554861457506074,0.07773776049545936,0.4521998190874885,0.06439303121214443,0.7782149474321265,0.14190585044023812,0.4248700678545386,8.300000190734863
0.9554861457506074,0.07773776049545936,0.4521998190874885,0.06439303121214443,21.01239769589524,3.7786326387574007,0.4248700678545386,8.300000190734863
nan,nan,nan,nan,nan,nan,1.01565847496857,10.630000114440918
nan,nan,nan,nan,nan,nan,1.01565847496857,10.630000114440918
nan,nan,nan,nan,nan,nan,1.01565847496857,10.630000114440918
nan,nan,nan,nan,nan,nan,1.01565847496857,10.630000114440918
nan,nan,nan,nan,nan,nan,1.01565847496857,10.630000114440918
nan,nan,nan,nan,nan,nan,1.3372401048274423,9.119999885559082
nan,nan,nan,nan,nan,nan,1.3372401048274423,9.119999885559082
nan,nan,nan,nan,nan,nan,1.3372401048274423,9.119999885559082
nan,nan,nan,nan,nan,nan,1.3372401048274423,9.119999885559082
nan,nan,nan,nan,nan,nan,1.3372401048274423,9.119999885559082
nan,nan,nan,nan,nan,nan,1.3294968618827747,10.010000228881836
nan,nan,nan,nan,nan,nan,1.3294968618827747,10.010000228881836
nan,nan,nan,nan,nan,nan,1.3294968618827747,10.010000228881836
nan,nan,nan,nan,nan,nan,1.3294968618827747,10.010000228881836
nan,nan,nan,nan,nan,nan,1.3294968618827747,10.010000228881836
nan,nan,nan,nan,nan,nan,1.4259802090773523,8.680000305175781
nan,nan,nan,nan,nan,nan,1.4259802090773523,8.680000305175781
nan,nan,nan,nan,nan,nan,1.4259802090773523,8.680000305175781
nan,nan,nan,nan,nan,nan,1.4259802090773523,8.680000305175781
nan,nan,nan,nan,nan,nan,1.4259802090773523,8.680000305175781
nan,nan,nan,nan,6.258027637075193,nan,0.7601989272861442,8.020000457763672
nan,nan,nan,nan,1.5585689695772733,nan,0.7601989272861442,8.020000457763672
nan,nan,nan,nan,35.9157108728318,nan,0.7601989272861442,8.020000457763672
nan,nan,nan,nan,15.848883266339673,nan,0.7601989272861442,8.020000457763672
nan,nan,nan,nan,7.736602986964643,nan,0.7601989272861442,8.020000457763672
nan,nan,nan,nan,nan,nan,1.034361002605713,9.579999923706055
nan,nan,nan,nan,nan,nan,1.034361002605713,9.579999923706055
nan,nan,nan,nan,nan,nan,1.034361002605713,9.579999923706055
nan,nan,nan,nan,nan,nan,1.034361002605713,9.579999923706055
nan,nan,nan,nan,nan,nan,1.034361002605713,9.579999923706055
nan,nan,nan,nan,37.61104704458173,14.596540893595902,0.6714132539498103,8.710000038146973
nan,nan,nan,nan,5.244044623894652,2.0311154727594665,0.6714132539498103,8.710000038146973
nan,nan,nan,nan,52.81099957287697,20.385118048117857,0.6714132539498103,8.710000038146973
nan,nan,nan,nan,42.974503756972446,17.325224056928104,0.6714132539498103,8.710000038146973
nan,nan,nan,nan,40.217375509619266,15.614078125021313,0.6714132539498103,8.710000038146973
nan,nan,-0.10067028569720471,0.18584153253487873,14.09980666482037,nan,0.3650315066358799,7.739999771118164
nan,nan,-0.10067028569720471,0.18584153253487873,5.423032609399143,nan,0.3650315066358799,7.739999771118164
nan,nan,-0.10067028569720471,0.18584153253487873,9.94064821095788,nan,0.3650315066358799,7.739999771118164
nan,nan,-0.10067028569720471,0.18584153253487873,10.060286901127162,nan,0.3650315066358799,7.739999771118164
nan,nan,-0.10067028569720471,0.18584153253487873,2.5032134496505445,nan,0.3650315066358799,7.739999771118164
nan,nan,nan,nan,nan,nan,0.7673797509108724,8.399999618530273
nan,nan,nan,nan,nan,nan,0.7673797509108724,8.399999618530273
nan,nan,nan,nan,nan,nan,0.7673797509108724,8.399999618530273
nan,nan,nan,nan,nan,nan,0.7673797509108724,8.399999618530273
nan,nan,nan,nan,nan,nan,0.7673797509108724,8.399999618530273
0.7961965300473994,0.03083678232281227,0.3210249168384427,0.024542549314969797,1232.6143231895483,368.5583058184799,0.6102231475326614,8.350000381469727
0.7961965300473994,0.03083678232281227,0.3210249168384427,0.024542549314969797,1119.7383076217318,317.1602903297569,0.6102231475326614,8.350000381469727
0.7961965300473994,0.03083678232281227,0.3210249168384427,0.024542549314969797,nan,nan,0.6102231475326614,8.350000381469727
0.7961965300473994,0.03083678232281227,0.3210249168384427,0.024542549314969797,22.092447122421365,6.578521930037614,0.6102231475326614,8.350000381469727
0.7961965300473994,0.03083678232281227,0.3210249168384427,0.024542549314969797,300.0049068248873,88.46244144766746,0.6102231475326614,8.350000381469727
nan,nan,nan,nan,33.31461697402919,nan,0.41470860913038726,9.430000305175781
nan,nan,nan,nan,307.51309687287153,nan,0.41470860913038726,9.430000305175781
nan,nan,nan,nan,1.72064710467272,nan,0.41470860913038726,9.430000305175781
nan,nan,nan,nan,1307.7577093743323,nan,0.41470860913038726,9.430000305175781
nan,nan,nan,nan,123.6476973527149,nan,0.41470860913038726,9.430000305175781
nan,nan,nan,nan,nan,nan,3.218139886856079,7.769999980926514
nan,nan,nan,nan,nan,nan,3.218139886856079,7.769999980926514
nan,nan,nan,nan,nan,nan,3.218139886856079,7.769999980926514
nan,nan,nan,nan,nan,nan,3.218139886856079,7.769999980926514
nan,nan,nan,nan,nan,nan,3.218139886856079,7.769999980926514
nan,nan,nan,nan,18.37424858191242,6.815660037602604,0.5341425533197959,8.079999923706055
nan,nan,nan,nan,nan,nan,0.5341425533197959,8.079999923706055
nan,nan,nan,nan,45.37296748213155,16.46553417292077,0.5341425533197959,8.079999923706055
nan,nan,nan,nan,15.360688936241786,5.64395901298193,0.5341425533197959,8.079999923706055
nan,nan,nan,nan,5.658121178945703,2.13834530677739,0.5341425533197959,8.079999923706055
nan,nan,nan,nan,nan,nan,1.3638375107287684,8.779999732971191
nan,nan,nan,nan,nan,nan,1.3638375107287684,8.779999732971191
nan,nan,nan,nan,nan,nan,1.3638375107287684,8.779999732971191
nan,nan,nan,nan,nan,nan,1.3638375107287684,8.779999732971191
nan,nan,nan,nan,nan,nan,1.3638375107287684,8.779999732971191
nan,nan,nan,nan,nan,nan,4.741809844970703,9.59000015258789
nan,nan,nan,nan,nan,nan,4.741809844970703,9.59000015258789
nan,nan,nan,nan,nan,nan,4.741809844970703,9.59000015258789
nan,nan,nan,nan,nan,nan,4.741809844970703,9.59000015258789
nan,nan,nan,nan,nan,nan,4.741809844970703,9.59000015258789
nan,nan,nan,nan,6.8696317949483126,nan,0.7346625318318509,8.3100004196167
nan,nan,nan,nan,5.812209704357078,nan,0.7346625318318509,8.3100004196167
nan,nan,nan,nan,36.14104582279175,nan,0.7346625318318509,8.3100004196167
nan,nan,nan,nan,14.354455424857504,nan,0.7346625318318509,8.3100004196167
nan,nan,nan,nan,29.321465763512556,nan,0.7346625318318509,8.3100004196167
nan,nan,nan,nan,nan,nan,0.24485157895155885,8.350000381469727
nan,nan,nan,nan,nan,nan,0.24485157895155885,8.350000381469727
nan,nan,nan,nan,nan,nan,0.24485157895155885,8.350000381469727
nan,nan,nan,nan,nan,nan,0.24485157895155885,8.350000381469727
nan,nan,nan,nan,nan,nan,0.24485157895155885,8.350000381469727
nan,nan,nan,nan,nan,nan,0.0771445381587354,7.369999885559082
nan,nan,nan,nan,nan,nan,0.0771445381587354,7.369999885559082
nan,nan,nan,nan,nan,nan,0.0771445381587354,7.369999885559082
nan,nan,nan,nan,nan,nan,0.0771445381587354,7.369999885559082
nan,nan,nan,nan,nan,nan,0.0771445381587354,7.369999885559082
nan,nan,nan,nan,108.83116666153174,nan,0.21361145530011158,8.65999984741211
nan,nan,nan,nan,1.896541506018007,nan,0.21361145530011158,8.65999984741211
nan,nan,nan,nan,241.4743408664163,nan,0.21361145530011158,8.65999984741211
nan,nan,nan,nan,nan,nan,0.21361145530011158,8.65999984741211
nan,nan,nan,nan,7.103315718645385,nan,0.21361145530011158,8.65999984741211
nan,nan,nan,nan,nan,nan,1.0981624663584473,10.680000305175781
nan,nan,nan,nan,nan,nan,1.0981624663584473,10.680000305175781
nan,nan,nan,nan,nan,nan,1.0981624663584473,10.680000305175781
nan,nan,nan,nan,nan,nan,1.0981624663584473,10.680000305175781
nan,nan,nan,nan,nan,nan,1.0981624663584473,10.680000305175781
0.8582640843461706,0.06133097224186343,-0.058056633424582296,0.042059245601570816,208.87531960314308,74.94095369644371,0.3340143873850093,8.760000228881836
0.8582640843461706,0.06133097224186343,-0.058056633424582296,0.042059245601570816,2.557204367213027,0.9278590352818694,0.3340143873850093,8.760000228881836
0.8582640843461706,0.06133097224186343,-0.058056633424582296,0.042059245601570816,46.20920342382507,16.372118985894446,0.3340143873850093,8.760000228881836
0.8582640843461706,0.06133097224186343,-0.058056633424582296,0.042059245601570816,0.3991100045467553,0.14079218584467215,0.3340143873850093,8.760000228881836
0.8582640843461706,0.06133097224186343,-0.058056633424582296,0.042059245601570816,116.2498869735977,41.935243476683105,0.3340143873850093,8.760000228881836
nan,nan,nan,nan,nan,nan,1.1458292722570285,8.680000305175781
nan,nan,nan,nan,nan,nan,1.1458292722570285,8.680000305175781
nan,nan,nan,nan,nan,nan,1.1458292722570285,8.680000305175781
nan,nan,nan,nan,nan,nan,1.1458292722570285,8.680000305175781
nan,nan,nan,nan,nan,nan,1.1458292722570285,8.680000305175781
nan,nan,nan,nan,nan,nan,1.044200832882518,10.0
nan,nan,nan,nan,nan,nan,1.044200832882518,10.0
nan,nan,nan,nan,nan,nan,1.044200832882518,10.0
nan,nan,nan,nan,nan,nan,1.044200832882518,10.0
nan,nan,nan,nan,nan,nan,1.044200832882518,10.0
nan,nan,nan,nan,nan,nan,4.757299900054932,8.489999771118164
nan,nan,nan,nan,nan,nan,4.757299900054932,8.489999771118164
nan,nan,nan,nan,nan,nan,4.757299900054932,8.489999771118164
nan,nan,nan,nan,nan,nan,4.757299900054932,8.489999771118164
nan,nan,nan,nan,nan,nan,4.757299900054932,8.489999771118164
nan,nan,nan,nan,8.064279355821085,nan,0.6157167422090031,6.789999961853027
nan,nan,nan,nan,5.530399134703475,nan,0.6157167422090031,6.789999961853027
nan,nan,nan,nan,4.728403298703844,nan,0.6157167422090031,6.789999961853027
nan,nan,nan,nan,15.259076792671637,nan,0.6157167422090031,6.789999961853027
nan,nan,nan,nan,24.865511300131637,nan,0.6157167422090031,6.789999961853027
nan,nan,nan,nan,nan,nan,3.080699920654297,8.170000076293945
nan,nan,nan,nan,nan,nan,3.080699920654297,8.170000076293945
nan,nan,nan,nan,nan,nan,3.080699920654297,8.170000076293945
nan,nan,nan,nan,nan,nan,3.080699920654297,8.170000076293945
nan,nan,nan,nan,nan,nan,3.080699920654297,8.170000076293945
nan,nan,nan,nan,nan,nan,3.7018799781799316,8.260000228881836
nan,nan,nan,nan,nan,nan,3.7018799781799316,8.260000228881836
nan,nan,nan,nan,nan,nan,3.7018799781799316,8.260000228881836
nan,nan,nan,nan,nan,nan,3.7018799781799316,8.260000228881836
nan,nan,nan,nan,nan,nan,3.7018799781799316,8.260000228881836
0.8860189545899183,0.03072811126116185,0.6817995531822358,0.022681993764506102,340.47112568055127,64.77403225011012,0.5228607933221363,7.940000057220459
0.8860189545899183,0.03072811126116185,0.6817995531822358,0.022681993764506102,628.7899132621094,118.35886737816722,0.5228607933221363,7.940000057220459
0.8860189545899183,0.03072811126116185,0.6817995531822358,0.022681993764506102,36.339960340769714,7.1589691030884826,0.5228607933221363,7.940000057220459
0.8860189545899183,0.03072811126116185,0.6817995531822358,0.022681993764506102,190.50260633002267,38.94508725413978,0.5228607933221363,7.940000057220459
0.8860189545899183,0.03072811126116185,0.6817995531822358,0.022681993764506102,532.545957629163,112.58004543306991,0.5228607933221363,7.940000057220459
nan,nan,0.49642369529102554,0.12574673562260863,135.92814830562207,nan,0.8397581684098253,8.640000343322754
nan,nan,0.49642369529102554,0.12574673562260863,196.38776789784393,nan,0.8397581684098253,8.640000343322754
nan,nan,0.49642369529102554,0.12574673562260863,nan,nan,0.8397581684098253,8.640000343322754
nan,nan,0.49642369529102554,0.12574673562260863,16.07913499505437,nan,0.8397581684098253,8.640000343322754
nan,nan,0.49642369529102554,0.12574673562260863,17.687513980701613,nan,0.8397581684098253,8.640000343322754
nan,nan,nan,nan,nan,nan,0.7391589304019832,8.850000381469727
nan,nan,nan,nan,31.953223143742097,nan,0.7391589304019832,8.850000381469727
nan,nan,nan,nan,17.297548518238834,nan,0.7391589304019832,8.850000381469727
nan,nan,nan,nan,23.78543625516432,nan,0.7391589304019832,8.850000381469727
nan,nan,nan,nan,4.838916379947669,nan,0.7391589304019832,8.850000381469727
nan,nan,nan,nan,6.528368738505495,nan,0.7670683570877034,8.479999542236328
nan,nan,nan,nan,51.06836923751389,nan,0.7670683570877034,8.479999542236328
nan,nan,nan,nan,0.7505698625803465,nan,0.7670683570877034,8.479999542236328
nan,nan,nan,nan,190.29561999066132,nan,0.7670683570877034,8.479999542236328
nan,nan,nan,nan,11.405735207696047,nan,0.7670683570877034,8.479999542236328
nan,nan,nan,nan,53.427297871975185,20.499304028373267,0.6702051205967652,8.989999771118164
nan,nan,nan,nan,nan,nan,0.6702051205967652,8.989999771118164
nan,nan,nan,nan,9.881008872132483,3.8751314923169535,0.6702051205967652,8.989999771118164
nan,nan,nan,nan,16.703359681175524,6.410575782536027,0.6702051205967652,8.989999771118164
nan,nan,nan,nan,2.529640540607349,0.9665342542720767,0.6702051205967652,8.989999771118164
nan,nan,nan,nan,7.888855924260693,nan,0.7834859063353625,8.039999961853027
nan,nan,nan,nan,27.15122493222229,nan,0.7834859063353625,8.039999961853027
nan,nan,nan,nan,21.549817960059645,nan,0.7834859063353625,8.039999961853027
nan,nan,nan,nan,90.97482800283126,nan,0.7834859063353625,8.039999961853027
nan,nan,nan,nan,73.36846953789056,nan,0.7834859063353625,8.039999961853027
nan,nan,nan,nan,nan,nan,1.087306960841079,8.949999809265137
nan,nan,nan,nan,nan,nan,1.087306960841079,8.949999809265137
nan,nan,nan,nan,nan,nan,1.087306960841079,8.949999809265137
nan,nan,nan,nan,nan,nan,1.087306960841079,8.949999809265137
nan,nan,nan,nan,nan,nan,1.087306960841079,8.949999809265137
nan,nan,nan,nan,9.360383195820335,nan,0.4159693456171458,8.619999885559082
nan,nan,nan,nan,4.201944503699494,nan,0.4159693456171458,8.619999885559082
nan,nan,nan,nan,10.317321514677356,nan,0.4159693456171458,8.619999885559082
nan,nan,nan,nan,12.921492874567754,nan,0.4159693456171458,8.619999885559082
nan,nan,nan,nan,0.746231186177228,nan,0.4159693456171458,8.619999885559082
nan,nan,-0.08633619027738378,0.029429324461297174,26.973945695418337,nan,0.7338041510054033,9.15999984741211
nan,nan,-0.08633619027738378,0.029429324461297174,205.7870803362639,nan,0.7338041510054033,9.15999984741211
nan,nan,-0.08633619027738378,0.029429324461297174,147.85447740019032,nan,0.7338041510054033,9.15999984741211
nan,nan,-0.08633619027738378,0.029429324461297174,424.4378908149782,nan,0.7338041510054033,9.15999984741211
nan,nan,-0.08633619027738378,0.029429324461297174,5.432712321964604,nan,0.7338041510054033,9.15999984741211
nan,nan,nan,nan,nan,nan,3.798569917678833,8.970000267028809
nan,nan,nan,nan,nan,nan,3.798569917678833,8.970000267028809
nan,nan,nan,nan,nan,nan,3.798569917678833,8.970000267028809
nan,nan,nan,nan,nan,nan,3.798569917678833,8.970000267028809
nan,nan,nan,nan,nan,nan,3.798569917678833,8.970000267028809
nan,nan,nan,nan,nan,nan,4.0949602127075195,8.539999961853027
nan,nan,nan,nan,nan,nan,4.0949602127075195,8.539999961853027
nan,nan,nan,nan,nan,nan,4.0949602127075195,8.539999961853027
nan,nan,nan,nan,nan,nan,4.0949602127075195,8.539999961853027
nan,nan,nan,nan,nan,nan,4.0949602127075195,8.539999961853027
nan,nan,nan,nan,nan,nan,0.9538999851419763,8.359999656677246
nan,nan,nan,nan,nan,nan,0.9538999851419763,8.359999656677246
nan,nan,nan,nan,nan,nan,0.9538999851419763,8.359999656677246
nan,nan,nan,nan,nan,nan,0.9538999851419763,8.359999656677246
nan,nan,nan,nan,nan,nan,0.9538999851419763,8.359999656677246
nan,nan,nan,nan,nan,nan,3.305150032043457,7.429999828338623
nan,nan,nan,nan,nan,nan,3.305150032043457,7.429999828338623
nan,nan,nan,nan,nan,nan,3.305150032043457,7.429999828338623
nan,nan,nan,nan,nan,nan,3.305150032043457,7.429999828338623
nan,nan,nan,nan,nan,nan,3.305150032043457,7.429999828338623
0.5231224354669641,0.03631868257648021,-0.6868849507837159,0.044133873602926296,37.16156064190642,193.83075597385593,0.5768212145924718,10.279999732971191
0.5231224354669641,0.03631868257648021,-0.6868849507837159,0.044133873602926296,78.48229987074568,397.4451260314386,0.5768212145924718,10.279999732971191
0.5231224354669641,0.03631868257648021,-0.6868849507837159,0.044133873602926296,0.3373275270557704,1.710825486680326,0.5768212145924718,10.279999732971191
0.5231224354669641,0.03631868257648021,-0.6868849507837159,0.044133873602926296,1.766877087365438,8.82895139064221,0.5768212145924718,10.279999732971191
0.5231224354669641,0.03631868257648021,-0.6868849507837159,0.044133873602926296,2.3551439710309316,12.044247671659345,0.5768212145924718,10.279999732971191
nan,nan,nan,nan,nan,nan,0.6276217268925539,9.59000015258789
nan,nan,nan,nan,nan,nan,0.6276217268925539,9.59000015258789
nan,nan,nan,nan,nan,nan,0.6276217268925539,9.59000015258789
nan,nan,nan,nan,nan,nan,0.6276217268925539,9.59000015258789
nan,nan,nan,nan,nan,nan,0.6276217268925539,9.59000015258789
nan,nan,nan,nan,52.209058648844206,nan,0.6817584421828469,8.300000190734863
nan,nan,nan,nan,95.34810292019438,nan,0.6817584421828469,8.300000190734863
nan,nan,nan,nan,84.54418475105935,nan,0.6817584421828469,8.300000190734863
nan,nan,nan,nan,148.8444102456596,nan,0.6817584421828469,8.300000190734863
nan,nan,nan,nan,10.780234540632957,nan,0.6817584421828469,8.300000190734863
nan,nan,nan,nan,nan,nan,3.6547300815582275,9.420000076293945
nan,nan,nan,nan,nan,nan,3.6547300815582275,9.420000076293945
nan,nan,nan,nan,nan,nan,3.6547300815582275,9.420000076293945
nan,nan,nan,nan,nan,nan,3.6547300815582275,9.420000076293945
nan,nan,nan,nan,nan,nan,3.6547300815582275,9.420000076293945
nan,nan,nan,nan,1.3435825752869746,0.6240666734027194,0.6696380179593564,10.529999732971191
nan,nan,nan,nan,253.73078684629348,110.92177793478261,0.6696380179593564,10.529999732971191
nan,nan,nan,nan,248.06694338113041,113.30923666765985,0.6696380179593564,10.529999732971191
nan,nan,nan,nan,44.69570770541334,20.15490227077165,0.6696380179593564,10.529999732971191
nan,nan,nan,nan,95.49490595126426,42.05766910694753,0.6696380179593564,10.529999732971191
nan,nan,nan,nan,nan,nan,1.4466260995432605,9.020000457763672
nan,nan,nan,nan,nan,nan,1.4466260995432605,9.020000457763672
nan,nan,nan,nan,nan,nan,1.4466260995432605,9.020000457763672
nan,nan,nan,nan,nan,nan,1.4466260995432605,9.020000457763672
nan,nan,nan,nan,nan,nan,1.4466260995432605,9.020000457763672
nan,nan,nan,nan,nan,nan,1.2834152618085395,9.729999542236328
nan,nan,nan,nan,nan,nan,1.2834152618085395,9.729999542236328
nan,nan,nan,nan,nan,nan,1.2834152618085395,9.729999542236328
nan,nan,nan,nan,nan,nan,1.2834152618085395,9.729999542236328
nan,nan,nan,nan,nan,nan,1.2834152618085395,9.729999542236328
nan,nan,nan,nan,nan,nan,5.404739856719971,7.820000171661377
nan,nan,nan,nan,nan,nan,5.404739856719971,7.820000171661377
nan,nan,nan,nan,nan,nan,5.404739856719971,7.820000171661377
nan,nan,nan,nan,nan,nan,5.404739856719971,7.820000171661377
nan,nan,nan,nan,nan,nan,5.404739856719971,7.820000171661377
nan,nan,nan,nan,nan,nan,1.1186701305943179,9.050000190734863
nan,nan,nan,nan,nan,nan,1.1186701305943179,9.050000190734863
nan,nan,nan,nan,nan,nan,1.1186701305943179,9.050000190734863
nan,nan,nan,nan,nan,nan,1.1186701305943179,9.050000190734863
nan,nan,nan,nan,nan,nan,1.1186701305943179,9.050000190734863
1.0748872046924425,0.041984994167922736,-0.20503991883059075,0.029452972196859842,111.3027346522592,84.66355343652438,0.6280782223741941,9.529999732971191
1.0748872046924425,0.041984994167922736,-0.20503991883059075,0.029452972196859842,4.095718647095679,2.8628424338323835,0.6280782223741941,9.529999732971191
1.0748872046924425,0.041984994167922736,-0.20503991883059075,0.029452972196859842,1.219341453037724,0.8792781959832964,0.6280782223741941,9.529999732971191
1.0748872046924425,0.041984994167922736,-0.20503991883059075,0.029452972196859842,289.9394105751886,215.90330164049104,0.6280782223741941,9.529999732971191
1.0748872046924425,0.041984994167922736,-0.20503991883059075,0.029452972196859842,13.602567102384567,9.298623728638317,0.6280782223741941,9.529999732971191
nan,nan,nan,nan,nan,nan,0.5613357994272639,8.739999771118164
nan,nan,nan,nan,nan,nan,0.5613357994272639,8.739999771118164
nan,nan,nan,nan,nan,nan,0.5613357994272639,8.739999771118164
nan,nan,nan,nan,nan,nan,0.5613357994272639,8.739999771118164
nan,nan,nan,nan,nan,nan,0.5613357994272639,8.739999771118164
nan,nan,nan,nan,nan,nan,0.8528609759703534,8.800000190734863
nan,nan,nan,nan,nan,nan,0.8528609759703534,8.800000190734863
nan,nan,nan,nan,nan,nan,0.8528609759703534,8.800000190734863
nan,nan,nan,nan,nan,nan,0.8528609759703534,8.800000190734863
nan,nan,nan,nan,nan,nan,0.8528609759703534,8.800000190734863
nan,nan,nan,nan,nan,nan,0.5320587756263375,7.059999942779541
nan,nan,nan,nan,6.051451023742102,nan,0.5320587756263375,7.059999942779541
nan,nan,nan,nan,9.381597903807313,nan,0.5320587756263375,7.059999942779541
nan,nan,nan,nan,4.116863576967459,nan,0.5320587756263375,7.059999942779541
nan,nan,nan,nan,0.9945329754014439,nan,0.5320587756263375,7.059999942779541
nan,nan,nan,nan,nan,nan,0.965192643040943,8.850000381469727
nan,nan,nan,nan,nan,nan,0.965192643040943,8.850000381469727
nan,nan,nan,nan,nan,nan,0.965192643040943,8.850000381469727
nan,nan,nan,nan,nan,nan,0.965192643040943,8.850000381469727
nan,nan,nan,nan,nan,nan,0.965192643040943,8.850000381469727
nan,nan,nan,nan,5.738080712623407,nan,0.6279151702711332,8.359999656677246
nan,nan,nan,nan,4.135150983176927,nan,0.6279151702711332,8.359999656677246
nan,nan,nan,nan,23.241849588706444,nan,0.6279151702711332,8.359999656677246
nan,nan,nan,nan,13.320451972270185,nan,0.6279151702711332,8.359999656677246
nan,nan,nan,nan,nan,nan,0.6279151702711332,8.359999656677246
nan,nan,nan,nan,nan,nan,1.3887225947510058,9.529999732971191
nan,nan,nan,nan,nan,nan,1.3887225947510058,9.529999732971191
nan,nan,nan,nan,nan,nan,1.3887225947510058,9.529999732971191
nan,nan,nan,nan,nan,nan,1.3887225947510058,9.529999732971191
nan,nan,nan,nan,nan,nan,1.3887225947510058,9.529999732971191
nan,nan,nan,nan,nan,nan,0.8580342981840305,8.65999984741211
nan,nan,nan,nan,nan,nan,0.8580342981840305,8.65999984741211
nan,nan,nan,nan,nan,nan,0.8580342981840305,8.65999984741211
nan,nan,nan,nan,nan,nan,0.8580342981840305,8.65999984741211
nan,nan,nan,nan,nan,nan,0.8580342981840305,8.65999984741211
nan,nan,nan,nan,nan,nan,1.412694836499678,9.770000457763672
nan,nan,nan,nan,nan,nan,1.412694836499678,9.770000457763672
nan,nan,nan,nan,nan,nan,1.412694836499678,9.770000457763672
nan,nan,nan,nan,nan,nan,1.412694836499678,9.770000457763672
nan,nan,nan,nan,nan,nan,1.412694836499678,9.770000457763672
0.7543264265845911,0.0704070328013447,0.4923688431119252,0.0812669949248986,506.00174215000766,136.0520214869912,0.5435232780022561,7.690000057220459
0.7543264265845911,0.0704070328013447,0.4923688431119252,0.0812669949248986,7.367977138847261,2.004338098597392,0.5435232780022561,7.690000057220459
0.7543264265845911,0.0704070328013447,0.4923688431119252,0.0812669949248986,129.85226893858535,44.57297759016995,0.5435232780022561,7.690000057220459
0.7543264265845911,0.0704070328013447,0.4923688431119252,0.0812669949248986,21.349219152259725,5.971162964266823,0.5435232780022561,7.690000057220459
0.7543264265845911,0.0704070328013447,0.4923688431119252,0.0812669949248986,27.641088131701917,7.814082522512154,0.5435232780022561,7.690000057220459
nan,nan,nan,nan,5.289516155491046,3.7454416195853075,0.6816325526574867,8.149999618530273
nan,nan,nan,nan,45.83022990255111,34.76137279843071,0.6816325526574867,8.149999618530273
nan,nan,nan,nan,29.918438299983475,21.711426519995065,0.6816325526574867,8.149999618530273
nan,nan,nan,nan,21.714920881318854,15.708113134973306,0.6816325526574867,8.149999618530273
nan,nan,nan,nan,50.05614199459756,37.58101364845783,0.6816325526574867,8.149999618530273
nan,nan,nan,nan,nan,nan,0.6666740318699718,8.010000228881836
nan,nan,nan,nan,nan,nan,0.6666740318699718,8.010000228881836
nan,nan,nan,nan,nan,nan,0.6666740318699718,8.010000228881836
nan,nan,nan,nan,nan,nan,0.6666740318699718,8.010000228881836
nan,nan,nan,nan,nan,nan,0.6666740318699718,8.010000228881836
0.9268008554856301,0.1442469085585609,0.2979516135095916,0.08396516829308133,182.43798640509394,46.606812541321624,0.5611733993002577,8.350000381469727
0.9268008554856301,0.1442469085585609,0.2979516135095916,0.08396516829308133,198.34317775727283,49.35901111341777,0.5611733993002577,8.350000381469727
0.9268008554856301,0.1442469085585609,0.2979516135095916,0.08396516829308133,9.043793399467111,2.13665529750014,0.5611733993002577,8.350000381469727
0.9268008554856301,0.1442469085585609,0.2979516135095916,0.08396516829308133,0.8445404302781316,0.19641869675327087,0.5611733993002577,8.350000381469727
0.9268008554856301,0.1442469085585609,0.2979516135095916,0.08396516829308133,84.48783230597915,19.64431459171934,0.5611733993002577,8.350000381469727
nan,nan,nan,nan,22.323738915213628,nan,0.7330463779485769,9.0
nan,nan,nan,nan,nan,nan,0.7330463779485769,9.0
nan,nan,nan,nan,3.6145023010307025,nan,0.7330463779485769,9.0
nan,nan,nan,nan,130.12891513374976,nan,0.7330463779485769,9.0
nan,nan,nan,nan,90.9614924450747,nan,0.7330463779485769,9.0
nan,nan,nan,nan,nan,nan,5.296319961547852,9.40999984741211
nan,nan,nan,nan,nan,nan,5.296319961547852,9.40999984741211
nan,nan,nan,nan,nan,nan,5.296319961547852,9.40999984741211
nan,nan,nan,nan,nan,nan,5.296319961547852,9.40999984741211
nan,nan,nan,nan,nan,nan,5.296319961547852,9.40999984741211
nan,nan,nan,nan,nan,nan,3.3924200534820557,9.039999961853027
nan,nan,nan,nan,nan,nan,3.3924200534820557,9.039999961853027
nan,nan,nan,nan,nan,nan,3.3924200534820557,9.039999961853027
nan,nan,nan,nan,nan,nan,3.3924200534820557,9.039999961853027
nan,nan,nan,nan,nan,nan,3.3924200534820557,9.039999961853027
nan,nan,nan,nan,nan,nan,1.1282200989967026,9.8100004196167
nan,nan,nan,nan,nan,nan,1.1282200989967026,9.8100004196167
nan,nan,nan,nan,nan,nan,1.1282200989967026,9.8100004196167
nan,nan,nan,nan,nan,nan,1.1282200989967026,9.8100004196167
nan,nan,nan,nan,nan,nan,1.1282200989967026,9.8100004196167
0.7612836852257342,0.14013183259546047,0.03285935981137879,0.0901734009250177,1.3314483706583466,0.7401468184244854,0.5619094897066511,8.979999542236328
0.7612836852257342,0.14013183259546047,0.03285935981137879,0.0901734009250177,nan,nan,0.5619094897066511,8.979999542236328
0.7612836852257342,0.14013183259546047,0.03285935981137879,0.0901734009250177,89.052110600347,47.95046762806557,0.5619094897066511,8.979999542236328
0.7612836852257342,0.14013183259546047,0.03285935981137879,0.0901734009250177,4.591445400363264,2.6245911807120064,0.5619094897066511,8.979999542236328
0.7612836852257342,0.14013183259546047,0.03285935981137879,0.0901734009250177,4.493364363849903,2.39073718797128,0.5619094897066511,8.979999542236328
nan,nan,nan,nan,2.0313437993569154,1.4926425997998432,0.7547951536502011,9.319999694824219
nan,nan,nan,nan,29.52039670041722,21.831126796969286,0.7547951536502011,9.319999694824219
nan,nan,nan,nan,33.00419409539322,23.273897108967503,0.7547951536502011,9.319999694824219
nan,nan,nan,nan,32.97931436790283,23.688805828906396,0.7547951536502011,9.319999694824219
nan,nan,nan,nan,95.35101193100711,71.50554706455408,0.7547951536502011,9.319999694824219
nan,nan,nan,nan,nan,nan,4.034120082855225,7.920000076293945
nan,nan,nan,nan,nan,nan,4.034120082855225,7.920000076293945
nan,nan,nan,nan,nan,nan,4.034120082855225,7.920000076293945
nan,nan,nan,nan,nan,nan,4.034120082855225,7.920000076293945
nan,nan,nan,nan,nan,nan,4.034120082855225,7.920000076293945
nan,nan,nan,nan,nan,nan,0.22801558658799403,6.28000020980835
nan,nan,nan,nan,nan,nan,0.22801558658799403,6.28000020980835
nan,nan,nan,nan,nan,nan,0.22801558658799403,6.28000020980835
nan,nan,nan,nan,nan,nan,0.22801558658799403,6.28000020980835
nan,nan,nan,nan,nan,nan,0.22801558658799403,6.28000020980835
nan,nan,nan,nan,nan,nan,1.1279395459531902,8.390000343322754
nan,nan,nan,nan,nan,nan,1.1279395459531902,8.390000343322754
nan,nan,nan,nan,nan,nan,1.1279395459531902,8.390000343322754
nan,nan,nan,nan,nan,nan,1.1279395459531902,8.390000343322754
nan,nan,nan,nan,nan,nan,1.1279395459531902,8.390000343322754
nan,nan,nan,nan,nan,nan,3.592590093612671,8.3100004196167
nan,nan,nan,nan,nan,nan,3.592590093612671,8.3100004196167
nan,nan,nan,nan,nan,nan,3.592590093612671,8.3100004196167
nan,nan,nan,nan,nan,nan,3.592590093612671,8.3100004196167
nan,nan,nan,nan,nan,nan,3.592590093612671,8.3100004196167
nan,nan,nan,nan,9.04812579786062,2.3711960105312655,0.5798979346380069,8.390000343322754
nan,nan,nan,nan,93.65500460792137,23.84502105317868,0.5798979346380069,8.390000343322754
nan,nan,nan,nan,102.53506879059093,26.234553369867413,0.5798979346380069,8.390000343322754
nan,nan,nan,nan,176.43639159094354,46.0582172196668,0.5798979346380069,8.390000343322754
nan,nan,nan,nan,9.828640197041555,2.6070112486240893,0.5798979346380069,8.390000343322754
nan,nan,nan,nan,nan,16.29599152079986,0.8644240467937799,9.029999732971191
nan,nan,nan,nan,nan,56.832458344584765,0.8644240467937799,9.029999732971191
nan,nan,nan,nan,nan,18.409961065454798,0.8644240467937799,9.029999732971191
nan,nan,nan,nan,nan,2.9837462871533034,0.8644240467937799,9.029999732971191
nan,nan,nan,nan,nan,16.92652351900501,0.8644240467937799,9.029999732971191
nan,nan,nan,nan,nan,16.29599152079986,0.8644240467937799,9.029999732971191
nan,nan,nan,nan,nan,56.832458344584765,0.8644240467937799,9.029999732971191
nan,nan,nan,nan,nan,18.409961065454798,0.8644240467937799,9.029999732971191
nan,nan,nan,nan,nan,2.9837462871533034,0.8644240467937799,9.029999732971191
nan,nan,nan,nan,nan,16.92652351900501,0.8644240467937799,9.029999732971191
nan,nan,nan,nan,nan,nan,1.3815928298837106,10.609999656677246
nan,nan,nan,nan,nan,nan,1.3815928298837106,10.609999656677246
nan,nan,nan,nan,nan,nan,1.3815928298837106,10.609999656677246
nan,nan,nan,nan,nan,nan,1.3815928298837106,10.609999656677246
nan,nan,nan,nan,nan,nan,1.3815928298837106,10.609999656677246
0.527674665233351,0.04159020781477175,-0.11682458095746703,0.030397484441071695,133.26248147174235,117.20414242287036,0.7824922187148224,9.529999732971191
0.527674665233351,0.04159020781477175,-0.11682458095746703,0.030397484441071695,519.4483506665061,494.7670587226147,0.7824922187148224,9.529999732971191
0.527674665233351,0.04159020781477175,-0.11682458095746703,0.030397484441071695,106.36904977820741,96.12855723102815,0.7824922187148224,9.529999732971191
0.527674665233351,0.04159020781477175,-0.11682458095746703,0.030397484441071695,576.8501099781554,516.8317676977483,0.7824922187148224,9.529999732971191
0.527674665233351,0.04159020781477175,-0.11682458095746703,0.030397484441071695,4.294401999336312,3.8701533729207163,0.7824922187148224,9.529999732971191
nan,nan,nan,nan,1.3701983284636023,nan,0.6479118678408147,7.849999904632568
nan,nan,nan,nan,15.218541933544047,nan,0.6479118678408147,7.849999904632568
nan,nan,nan,nan,58.365194301666314,nan,0.6479118678408147,7.849999904632568
nan,nan,nan,nan,18.951069241009623,nan,0.6479118678408147,7.849999904632568
nan,nan,nan,nan,25.432693289488174,nan,0.6479118678408147,7.849999904632568
nan,nan,nan,nan,nan,nan,1.1269799926621729,8.970000267028809
nan,nan,nan,nan,nan,nan,1.1269799926621729,8.970000267028809
nan,nan,nan,nan,nan,nan,1.1269799926621729,8.970000267028809
nan,nan,nan,nan,nan,nan,1.1269799926621729,8.970000267028809
nan,nan,nan,nan,nan,nan,1.1269799926621729,8.970000267028809
nan,nan,nan,nan,nan,4.523559611494666,0.5232998795949179,8.420000076293945
nan,nan,nan,nan,nan,10.014545205816237,0.5232998795949179,8.420000076293945
nan,nan,nan,nan,nan,28.824865410207963,0.5232998795949179,8.420000076293945
nan,nan,nan,nan,nan,5.5668298257878295,0.5232998795949179,8.420000076293945
nan,nan,nan,nan,nan,0.9811059387911776,0.5232998795949179,8.420000076293945
nan,nan,nan,nan,nan,nan,4.720069885253906,9.899999618530273
nan,nan,nan,nan,nan,nan,4.720069885253906,9.899999618530273
nan,nan,nan,nan,nan,nan,4.720069885253906,9.899999618530273
nan,nan,nan,nan,nan,nan,4.720069885253906,9.899999618530273
nan,nan,nan,nan,nan,nan,4.720069885253906,9.899999618530273
nan,nan,nan,nan,nan,nan,4.412779808044434,8.770000457763672
nan,nan,nan,nan,nan,nan,4.412779808044434,8.770000457763672
nan,nan,nan,nan,nan,nan,4.412779808044434,8.770000457763672
nan,nan,nan,nan,nan,nan,4.412779808044434,8.770000457763672
nan,nan,nan,nan,nan,nan,4.412779808044434,8.770000457763672
nan,nan,nan,nan,51.44202784636703,nan,0.2797068140008476,8.460000038146973
nan,nan,nan,nan,1.8574777758090462,nan,0.2797068140008476,8.460000038146973
nan,nan,nan,nan,31.965183861530743,nan,0.2797068140008476,8.460000038146973
nan,nan,nan,nan,73.9117243735305,nan,0.2797068140008476,8.460000038146973
nan,nan,nan,nan,15.199103684165589,nan,0.2797068140008476,8.460000038146973
1.0700315927559858,0.049705256485799446,0.05917682202431587,0.01723634946319562,5.751177367483542,1.180485168415848,0.3363335166930077,8.510000228881836
1.0700315927559858,0.049705256485799446,0.05917682202431587,0.01723634946319562,239.2695242958031,49.609845603242285,0.3363335166930077,8.510000228881836
1.0700315927559858,0.049705256485799446,0.05917682202431587,0.01723634946319562,250.67445045997525,51.69282089650323,0.3363335166930077,8.510000228881836
1.0700315927559858,0.049705256485799446,0.05917682202431587,0.01723634946319562,nan,nan,0.3363335166930077,8.510000228881836
1.0700315927559858,0.049705256485799446,0.05917682202431587,0.01723634946319562,2472.295227685204,499.52306200804446,0.3363335166930077,8.510000228881836
0.5923967390238017,0.027708978974045614,-0.3309774025653289,0.04090549615635111,6.018607578296959,6.785211766633903,0.5607400616601252,9.930000305175781
0.5923967390238017,0.027708978974045614,-0.3309774025653289,0.04090549615635111,1.3160142915080748,1.5326317703463879,0.5607400616601252,9.930000305175781
0.5923967390238017,0.027708978974045614,-0.3309774025653289,0.04090549615635111,22.238411546536096,25.94935555132111,0.5607400616601252,9.930000305175781
0.5923967390238017,0.027708978974045614,-0.3309774025653289,0.04090549615635111,46.83956449511221,52.76966747972157,0.5607400616601252,9.930000305175781
0.5923967390238017,0.027708978974045614,-0.3309774025653289,0.04090549615635111,0.2436976254094203,0.2805674963288876,0.5607400616601252,9.930000305175781
nan,nan,nan,nan,4.248032950162699,nan,0.4351225755055417,7.840000152587891
nan,nan,nan,nan,16.60817643565805,nan,0.4351225755055417,7.840000152587891
nan,nan,nan,nan,11.136728927871053,nan,0.4351225755055417,7.840000152587891
nan,nan,nan,nan,2.6574006148448035,nan,0.4351225755055417,7.840000152587891
nan,nan,nan,nan,15.398333444289644,nan,0.4351225755055417,7.840000152587891
nan,nan,nan,nan,nan,nan,0.7656286018761076,8.420000076293945
nan,nan,nan,nan,nan,nan,0.7656286018761076,8.420000076293945
nan,nan,nan,nan,nan,nan,0.7656286018761076,8.420000076293945
nan,nan,nan,nan,nan,nan,0.7656286018761076,8.420000076293945
nan,nan,nan,nan,nan,nan,0.7656286018761076,8.420000076293945
nan,nan,nan,nan,28.075136495773712,6.829104079783579,0.5348421994347339,8.479999542236328
nan,nan,nan,nan,162.2006558481485,39.168904738289484,0.5348421994347339,8.479999542236328
nan,nan,nan,nan,5.549757673546615,1.3436500403550444,0.5348421994347339,8.479999542236328
nan,nan,nan,nan,nan,nan,0.5348421994347339,8.479999542236328
nan,nan,nan,nan,12.638099809726395,3.1009866226317953,0.5348421994347339,8.479999542236328
nan,nan,nan,nan,nan,nan,0.9796169412127413,9.270000457763672
nan,nan,nan,nan,nan,nan,0.9796169412127413,9.270000457763672
nan,nan,nan,nan,nan,nan,0.9796169412127413,9.270000457763672
nan,nan,nan,nan,nan,nan,0.9796169412127413,9.270000457763672
nan,nan,nan,nan,nan,nan,0.9796169412127413,9.270000457763672
nan,nan,nan,nan,nan,nan,5.520269870758057,9.229999542236328
nan,nan,nan,nan,nan,nan,5.520269870758057,9.229999542236328
nan,nan,nan,nan,nan,nan,5.520269870758057,9.229999542236328
nan,nan,nan,nan,nan,nan,5.520269870758057,9.229999542236328
nan,nan,nan,nan,nan,nan,5.520269870758057,9.229999542236328
nan,nan,nan,nan,nan,nan,1.3173456758315019,8.960000038146973
nan,nan,nan,nan,nan,nan,1.3173456758315019,8.960000038146973
nan,nan,nan,nan,nan,nan,1.3173456758315019,8.960000038146973
nan,nan,nan,nan,nan,nan,1.3173456758315019,8.960000038146973
nan,nan,nan,nan,nan,nan,1.3173456758315019,8.960000038146973
0.8896965496331096,0.060635205803192836,-0.008820316501293043,0.037085518557279394,2.116558318059936,0.6841402390141706,0.5452249550928085,8.710000038146973
0.8896965496331096,0.060635205803192836,-0.008820316501293043,0.037085518557279394,65.85265462028248,20.372553940026418,0.5452249550928085,8.710000038146973
0.8896965496331096,0.060635205803192836,-0.008820316501293043,0.037085518557279394,177.22368881579584,57.133269384985134,0.5452249550928085,8.710000038146973
0.8896965496331096,0.060635205803192836,-0.008820316501293043,0.037085518557279394,5.411514759140954,1.7573828716576003,0.5452249550928085,8.710000038146973
0.8896965496331096,0.060635205803192836,-0.008820316501293043,0.037085518557279394,149.4886551432355,50.36587177443686,0.5452249550928085,8.710000038146973
nan,nan,nan,nan,nan,nan,1.3067496826764682,9.369999885559082
nan,nan,nan,nan,nan,nan,1.3067496826764682,9.369999885559082
nan,nan,nan,nan,nan,nan,1.3067496826764682,9.369999885559082
nan,nan,nan,nan,nan,nan,1.3067496826764682,9.369999885559082
nan,nan,nan,nan,nan,nan,1.3067496826764682,9.369999885559082
nan,nan,nan,nan,nan,nan,3.2705399990081787,8.489999771118164
nan,nan,nan,nan,nan,nan,3.2705399990081787,8.489999771118164
nan,nan,nan,nan,nan,nan,3.2705399990081787,8.489999771118164
nan,nan,nan,nan,nan,nan,3.2705399990081787,8.489999771118164
nan,nan,nan,nan,nan,nan,3.2705399990081787,8.489999771118164
nan,nan,nan,nan,26.29415733425084,nan,0.2967672634681544,8.170000076293945
nan,nan,nan,nan,34.25399599278142,nan,0.2967672634681544,8.170000076293945
nan,nan,nan,nan,57.47088265228635,nan,0.2967672634681544,8.170000076293945
nan,nan,nan,nan,1.2794585052572918,nan,0.2967672634681544,8.170000076293945
nan,nan,nan,nan,20.255739073157343,nan,0.2967672634681544,8.170000076293945
nan,nan,nan,nan,1.6294748654881213,nan,0.8330365120004257,9.510000228881836
nan,nan,nan,nan,129.5802938585609,nan,0.8330365120004257,9.510000228881836
nan,nan,nan,nan,23.619859794451806,nan,0.8330365120004257,9.510000228881836
nan,nan,nan,nan,81.12251377057059,nan,0.8330365120004257,9.510000228881836
nan,nan,nan,nan,10.342904608207986,nan,0.8330365120004257,9.510000228881836
nan,nan,nan,nan,11.378822005648185,nan,0.7359747106106955,8.029999732971191
nan,nan,nan,nan,68.78595768403136,nan,0.7359747106106955,8.029999732971191
nan,nan,nan,nan,5.949312734913699,nan,0.7359747106106955,8.029999732971191
nan,nan,nan,nan,66.07538134808036,nan,0.7359747106106955,8.029999732971191
nan,nan,nan,nan,0.6969276477643502,nan,0.7359747106106955,8.029999732971191
nan,nan,nan,nan,nan,nan,2.974669933319092,8.630000114440918
nan,nan,nan,nan,nan,nan,2.974669933319092,8.630000114440918
nan,nan,nan,nan,nan,nan,2.974669933319092,8.630000114440918
nan,nan,nan,nan,nan,nan,2.974669933319092,8.630000114440918
nan,nan,nan,nan,nan,nan,2.974669933319092,8.630000114440918
nan,nan,nan,nan,467.0477879845632,221.62518601293067,0.766664142592606,9.729999542236328
nan,nan,nan,nan,nan,nan,0.766664142592606,9.729999542236328
nan,nan,nan,nan,3.6620157790418078,1.8189815367586413,0.766664142592606,9.729999542236328
nan,nan,nan,nan,72.6624140404761,36.29993462606951,0.766664142592606,9.729999542236328
nan,nan,nan,nan,74.22934284427795,35.982724537639136,0.766664142592606,9.729999542236328
nan,nan,nan,nan,nan,nan,0.933693248327174,8.5
nan,nan,nan,nan,nan,nan,0.933693248327174,8.5
nan,nan,nan,nan,nan,nan,0.933693248327174,8.5
nan,nan,nan,nan,nan,nan,0.933693248327174,8.5
nan,nan,nan,nan,nan,nan,0.933693248327174,8.5
nan,nan,nan,nan,nan,nan,1.0057319918044132,9.0
nan,nan,nan,nan,nan,nan,1.0057319918044132,9.0
nan,nan,nan,nan,nan,nan,1.0057319918044132,9.0
nan,nan,nan,nan,nan,nan,1.0057319918044132,9.0
nan,nan,nan,nan,nan,nan,1.0057319918044132,9.0
nan,nan,nan,nan,nan,nan,3.3708300590515137,8.800000190734863
nan,nan,nan,nan,nan,nan,3.3708300590515137,8.800000190734863
nan,nan,nan,nan,nan,nan,3.3708300590515137,8.800000190734863
nan,nan,nan,nan,nan,nan,3.3708300590515137,8.800000190734863
nan,nan,nan,nan,nan,nan,3.3708300590515137,8.800000190734863
nan,nan,nan,nan,nan,nan,1.095418625926007,10.25
nan,nan,nan,nan,nan,nan,1.095418625926007,10.25
nan,nan,nan,nan,nan,nan,1.095418625926007,10.25
nan,nan,nan,nan,nan,nan,1.095418625926007,10.25
nan,nan,nan,nan,nan,nan,1.095418625926007,10.25
0.7551729347460138,0.09970332356018785,0.12307469045928496,0.0892352413803057,95.7591321109804,34.142139713654494,0.73550029396198,8.949999809265137
0.7551729347460138,0.09970332356018785,0.12307469045928496,0.0892352413803057,4.08050981601191,1.3752976948931963,0.73550029396198,8.949999809265137
0.7551729347460138,0.09970332356018785,0.12307469045928496,0.0892352413803057,49.6022844971206,16.47049458237715,0.73550029396198,8.949999809265137
0.7551729347460138,0.09970332356018785,0.12307469045928496,0.0892352413803057,99.06716981372935,32.35945934437235,0.73550029396198,8.949999809265137
0.7551729347460138,0.09970332356018785,0.12307469045928496,0.0892352413803057,343.16426457950985,133.07467374904073,0.73550029396198,8.949999809265137
nan,nan,nan,nan,nan,nan,1.1005990659962221,9.4399995803833
nan,nan,nan,nan,nan,nan,1.1005990659962221,9.4399995803833
nan,nan,nan,nan,nan,nan,1.1005990659962221,9.4399995803833
nan,nan,nan,nan,nan,nan,1.1005990659962221,9.4399995803833
nan,nan,nan,nan,nan,nan,1.1005990659962221,9.4399995803833
nan,nan,nan,nan,11.284969234761608,9.02386576408297,0.5432391626814765,9.329999923706055
nan,nan,nan,nan,0.7279116834446574,0.5756990430116645,0.5432391626814765,9.329999923706055
nan,nan,nan,nan,nan,nan,0.5432391626814765,9.329999923706055
nan,nan,nan,nan,0.7971006860201957,0.6482055528329359,0.5432391626814765,9.329999923706055
nan,nan,nan,nan,1.9305436369862856,1.5115435857883082,0.5432391626814765,9.329999923706055
nan,nan,nan,nan,nan,nan,4.151549816131592,8.779999732971191
nan,nan,nan,nan,nan,nan,4.151549816131592,8.779999732971191
nan,nan,nan,nan,nan,nan,4.151549816131592,8.779999732971191
nan,nan,nan,nan,nan,nan,4.151549816131592,8.779999732971191
nan,nan,nan,nan,nan,nan,4.151549816131592,8.779999732971191
0.9328857650804164,0.12211107540687399,-0.20220620685316054,0.0799925256598661,3.252687119576604,1.1685041328942698,0.5604944684202942,8.770000457763672
0.9328857650804164,0.12211107540687399,-0.20220620685316054,0.0799925256598661,41.56185470627781,14.615315612901433,0.5604944684202942,8.770000457763672
0.9328857650804164,0.12211107540687399,-0.20220620685316054,0.0799925256598661,85.34339712174847,29.856468472583725,0.5604944684202942,8.770000457763672
0.9328857650804164,0.12211107540687399,-0.20220620685316054,0.0799925256598661,12.572042208545831,4.320223290244413,0.5604944684202942,8.770000457763672
0.9328857650804164,0.12211107540687399,-0.20220620685316054,0.0799925256598661,52.86660914372062,17.54136511215747,0.5604944684202942,8.770000457763672
0.8916132050792626,0.022885155316905992,0.17651139591562906,0.014851054985279607,6.820286336188224,2.015606678829726,0.4569079196719402,9.050000190734863
0.8916132050792626,0.022885155316905992,0.17651139591562906,0.014851054985279607,138.7380531670395,38.01443911854028,0.4569079196719402,9.050000190734863
0.8916132050792626,0.022885155316905992,0.17651139591562906,0.014851054985279607,933.6915991042114,258.28252502170193,0.4569079196719402,9.050000190734863
0.8916132050792626,0.022885155316905992,0.17651139591562906,0.014851054985279607,394.88551090158126,108.43229364755103,0.4569079196719402,9.050000190734863
0.8916132050792626,0.022885155316905992,0.17651139591562906,0.014851054985279607,6.730381237842293,1.8723604419468138,0.4569079196719402,9.050000190734863
nan,nan,nan,nan,nan,nan,1.0031599021678925,9.670000076293945
nan,nan,nan,nan,nan,nan,1.0031599021678925,9.670000076293945
nan,nan,nan,nan,nan,nan,1.0031599021678925,9.670000076293945
nan,nan,nan,nan,nan,nan,1.0031599021678925,9.670000076293945
nan,nan,nan,nan,nan,nan,1.0031599021678925,9.670000076293945
nan,nan,nan,nan,nan,nan,1.2922167026957334,9.449999809265137
nan,nan,nan,nan,nan,nan,1.2922167026957334,9.449999809265137
nan,nan,nan,nan,nan,nan,1.2922167026957334,9.449999809265137
nan,nan,nan,nan,nan,nan,1.2922167026957334,9.449999809265137
nan,nan,nan,nan,nan,nan,1.2922167026957334,9.449999809265137
nan,nan,nan,nan,0.8545845387602286,1.2654517389732023,0.7688161927114375,9.819999694824219
nan,nan,nan,nan,4.429941448717805,6.326982623135734,0.7688161927114375,9.819999694824219
nan,nan,nan,nan,112.0273564047878,160.86444225211932,0.7688161927114375,9.819999694824219
nan,nan,nan,nan,110.85989888868619,159.73609217086235,0.7688161927114375,9.819999694824219
nan,nan,nan,nan,35.8474989757536,51.42173860770431,0.7688161927114375,9.819999694824219
nan,nan,nan,nan,nan,nan,1.0446345753325326,9.149999618530273
nan,nan,nan,nan,nan,nan,1.0446345753325326,9.149999618530273
nan,nan,nan,nan,nan,nan,1.0446345753325326,9.149999618530273
nan,nan,nan,nan,nan,nan,1.0446345753325326,9.149999618530273
nan,nan,nan,nan,nan,nan,1.0446345753325326,9.149999618530273
nan,nan,nan,nan,19.035235981453514,nan,0.3472816820193818,7.929999828338623
nan,nan,nan,nan,31.261258930789843,nan,0.3472816820193818,7.929999828338623
nan,nan,nan,nan,12.270431256652442,nan,0.3472816820193818,7.929999828338623
nan,nan,nan,nan,5.381898595290501,nan,0.3472816820193818,7.929999828338623
nan,nan,nan,nan,16.29662665989237,nan,0.3472816820193818,7.929999828338623
nan,nan,nan,nan,nan,nan,1.2239313414818875,9.579999923706055
nan,nan,nan,nan,nan,nan,1.2239313414818875,9.579999923706055
nan,nan,nan,nan,nan,nan,1.2239313414818875,9.579999923706055
nan,nan,nan,nan,nan,nan,1.2239313414818875,9.579999923706055
nan,nan,nan,nan,nan,nan,1.2239313414818875,9.579999923706055
nan,nan,nan,nan,nan,nan,4.349870204925537,8.779999732971191
nan,nan,nan,nan,nan,nan,4.349870204925537,8.779999732971191
nan,nan,nan,nan,nan,nan,4.349870204925537,8.779999732971191
nan,nan,nan,nan,nan,nan,4.349870204925537,8.779999732971191
nan,nan,nan,nan,nan,nan,4.349870204925537,8.779999732971191
nan,nan,nan,nan,nan,nan,1.0413550679092882,9.670000076293945
nan,nan,nan,nan,nan,nan,1.0413550679092882,9.670000076293945
nan,nan,nan,nan,nan,nan,1.0413550679092882,9.670000076293945
nan,nan,nan,nan,nan,nan,1.0413550679092882,9.670000076293945
nan,nan,nan,nan,nan,nan,1.0413550679092882,9.670000076293945
nan,nan,nan,nan,nan,0.5211525160130983,0.531729178575507,9.680000305175781
nan,nan,nan,nan,nan,95.8538064142617,0.531729178575507,9.680000305175781
nan,nan,nan,nan,nan,19.96473374849692,0.531729178575507,9.680000305175781
nan,nan,nan,nan,nan,43.995056433208184,0.531729178575507,9.680000305175781
nan,nan,nan,nan,nan,22.982562883414143,0.531729178575507,9.680000305175781
nan,nan,nan,nan,nan,nan,0.9347320214361092,8.579999923706055
nan,nan,nan,nan,nan,nan,0.9347320214361092,8.579999923706055
nan,nan,nan,nan,nan,nan,0.9347320214361092,8.579999923706055
nan,nan,nan,nan,nan,nan,0.9347320214361092,8.579999923706055
nan,nan,nan,nan,nan,nan,0.9347320214361092,8.579999923706055
nan,nan,nan,nan,nan,nan,0.6705228442389732,10.789999961853027
nan,nan,nan,nan,nan,nan,0.6705228442389732,10.789999961853027
nan,nan,nan,nan,nan,nan,0.6705228442389732,10.789999961853027
nan,nan,nan,nan,nan,nan,0.6705228442389732,10.789999961853027
nan,nan,nan,nan,nan,nan,0.6705228442389732,10.789999961853027
nan,nan,nan,nan,0.33693719635115627,0.05128470093450988,0.5338829627383215,8.40999984741211
nan,nan,nan,nan,19.739629277422026,3.083243093636169,0.5338829627383215,8.40999984741211
nan,nan,nan,nan,26.277781338523624,3.9708375791406487,0.5338829627383215,8.40999984741211
nan,nan,nan,nan,10.25817782189637,1.5550979023970586,0.5338829627383215,8.40999984741211
nan,nan,nan,nan,244.2386570619358,37.71304413819144,0.5338829627383215,8.40999984741211
nan,nan,nan,nan,nan,0.7468774045179497,0.6705011599747379,8.859999656677246
nan,nan,nan,nan,nan,0.10676945259944333,0.6705011599747379,8.859999656677246
nan,nan,nan,nan,nan,48.38138699375086,0.6705011599747379,8.859999656677246
nan,nan,nan,nan,nan,1.4030716569696478,0.6705011599747379,8.859999656677246
nan,nan,nan,nan,nan,4.76294166473389,0.6705011599747379,8.859999656677246
nan,nan,nan,nan,nan,nan,1.1393783900292918,8.5
nan,nan,nan,nan,nan,nan,1.1393783900292918,8.5
nan,nan,nan,nan,nan,nan,1.1393783900292918,8.5
nan,nan,nan,nan,nan,nan,1.1393783900292918,8.5
nan,nan,nan,nan,nan,nan,1.1393783900292918,8.5
nan,nan,nan,nan,7.508456542733118,nan,0.4571356593584575,8.34000015258789
nan,nan,nan,nan,12.676012424417642,nan,0.4571356593584575,8.34000015258789
nan,nan,nan,nan,2.2096635837997582,nan,0.4571356593584575,8.34000015258789
nan,nan,nan,nan,32.78821598029202,nan,0.4571356593584575,8.34000015258789
nan,nan,nan,nan,80.22161921660538,nan,0.4571356593584575,8.34000015258789
0.8893924998473126,0.049682009837251226,1.037806642441929,0.07788827313547578,994.6707353078772,182.23849701304954,0.6485172906906453,8.40999984741211
0.8893924998473126,0.049682009837251226,1.037806642441929,0.07788827313547578,29.17882992434405,5.19660403593497,0.6485172906906453,8.40999984741211
0.8893924998473126,0.049682009837251226,1.037806642441929,0.07788827313547578,1082.2233537923146,215.44276660850082,0.6485172906906453,8.40999984741211
0.8893924998473126,0.049682009837251226,1.037806642441929,0.07788827313547578,705.4129343285002,126.97885958999186,0.6485172906906453,8.40999984741211
0.8893924998473126,0.049682009837251226,1.037806642441929,0.07788827313547578,363.8831515861856,71.26280223797518,0.6485172906906453,8.40999984741211
nan,nan,nan,nan,nan,nan,1.382126924366918,8.65999984741211
nan,nan,nan,nan,nan,nan,1.382126924366918,8.65999984741211
nan,nan,nan,nan,nan,nan,1.382126924366918,8.65999984741211
nan,nan,nan,nan,nan,nan,1.382126924366918,8.65999984741211
nan,nan,nan,nan,nan,nan,1.382126924366918,8.65999984741211
nan,nan,nan,nan,nan,nan,0.8956922655786685,7.989999771118164
nan,nan,nan,nan,nan,nan,0.8956922655786685,7.989999771118164
nan,nan,nan,nan,nan,nan,0.8956922655786685,7.989999771118164
nan,nan,nan,nan,nan,nan,0.8956922655786685,7.989999771118164
nan,nan,nan,nan,nan,nan,0.8956922655786685,7.989999771118164
0.9331100000235751,0.07099839425742245,0.19121198800279596,0.05741531435056309,25.02954568433999,6.215843011376602,0.5238626961869169,8.579999923706055
0.9331100000235751,0.07099839425742245,0.19121198800279596,0.05741531435056309,25.574557132611115,6.3792138546947,0.5238626961869169,8.579999923706055
0.9331100000235751,0.07099839425742245,0.19121198800279596,0.05741531435056309,103.45656910948729,27.3164138573592,0.5238626961869169,8.579999923706055
0.9331100000235751,0.07099839425742245,0.19121198800279596,0.05741531435056309,5.498310656812066,1.4074874046377532,0.5238626961869169,8.579999923706055
0.9331100000235751,0.07099839425742245,0.19121198800279596,0.05741531435056309,5.005708956036286,1.2711109247134624,0.5238626961869169,8.579999923706055
nan,nan,nan,nan,nan,nan,1.0349820900426039,8.770000457763672
nan,nan,nan,nan,nan,nan,1.0349820900426039,8.770000457763672
nan,nan,nan,nan,nan,nan,1.0349820900426039,8.770000457763672
nan,nan,nan,nan,nan,nan,1.0349820900426039,8.770000457763672
nan,nan,nan,nan,nan,nan,1.0349820900426039,8.770000457763672
nan,nan,nan,nan,nan,nan,1.044751593029182,9.720000267028809
nan,nan,nan,nan,nan,nan,1.044751593029182,9.720000267028809
nan,nan,nan,nan,nan,nan,1.044751593029182,9.720000267028809
nan,nan,nan,nan,nan,nan,1.044751593029182,9.720000267028809
nan,nan,nan,nan,nan,nan,1.044751593029182,9.720000267028809
nan,nan,nan,nan,nan,2.787730501882082,0.7627266069946125,8.59000015258789
nan,nan,nan,nan,nan,48.375488761694385,0.7627266069946125,8.59000015258789
nan,nan,nan,nan,nan,nan,0.7627266069946125,8.59000015258789
nan,nan,nan,nan,nan,85.66845504051265,0.7627266069946125,8.59000015258789
nan,nan,nan,nan,nan,30.648545233548646,0.7627266069946125,8.59000015258789
nan,nan,nan,nan,nan,nan,3.138669967651367,10.359999656677246
nan,nan,nan,nan,nan,nan,3.138669967651367,10.359999656677246
nan,nan,nan,nan,nan,nan,3.138669967651367,10.359999656677246
nan,nan,nan,nan,nan,nan,3.138669967651367,10.359999656677246
nan,nan,nan,nan,nan,nan,3.138669967651367,10.359999656677246
nan,nan,nan,nan,nan,nan,0.7368492486399922,8.510000228881836
nan,nan,nan,nan,nan,nan,0.7368492486399922,8.510000228881836
nan,nan,nan,nan,nan,nan,0.7368492486399922,8.510000228881836
nan,nan,nan,nan,nan,nan,0.7368492486399922,8.510000228881836
nan,nan,nan,nan,nan,nan,0.7368492486399922,8.510000228881836
nan,nan,nan,nan,nan,nan,1.1863589467761257,9.020000457763672
nan,nan,nan,nan,nan,nan,1.1863589467761257,9.020000457763672
nan,nan,nan,nan,nan,nan,1.1863589467761257,9.020000457763672
nan,nan,nan,nan,nan,nan,1.1863589467761257,9.020000457763672
nan,nan,nan,nan,nan,nan,1.1863589467761257,9.020000457763672
nan,nan,nan,nan,nan,nan,3.3188400268554688,8.279999732971191
nan,nan,nan,nan,nan,nan,3.3188400268554688,8.279999732971191
nan,nan,nan,nan,nan,nan,3.3188400268554688,8.279999732971191
nan,nan,nan,nan,nan,nan,3.3188400268554688,8.279999732971191
nan,nan,nan,nan,nan,nan,3.3188400268554688,8.279999732971191
nan,nan,nan,nan,nan,nan,0.6702556284472105,9.270000457763672
nan,nan,nan,nan,nan,nan,0.6702556284472105,9.270000457763672
nan,nan,nan,nan,nan,nan,0.6702556284472105,9.270000457763672
nan,nan,nan,nan,nan,nan,0.6702556284472105,9.270000457763672
nan,nan,nan,nan,nan,nan,0.6702556284472105,9.270000457763672
nan,nan,0.2455249131873645,0.10308546352887524,79.37913984004815,nan,0.6884913027845532,8.550000190734863
nan,nan,0.2455249131873645,0.10308546352887524,121.60225351687261,nan,0.6884913027845532,8.550000190734863
nan,nan,0.2455249131873645,0.10308546352887524,9.542905692375308,nan,0.6884913027845532,8.550000190734863
nan,nan,0.2455249131873645,0.10308546352887524,18.625566435420897,nan,0.6884913027845532,8.550000190734863
nan,nan,0.2455249131873645,0.10308546352887524,79.81289350943862,nan,0.6884913027845532,8.550000190734863
nan,nan,nan,nan,nan,nan,1.3888659445044853,9.710000038146973
nan,nan,nan,nan,nan,nan,1.3888659445044853,9.710000038146973
nan,nan,nan,nan,nan,nan,1.3888659445044853,9.710000038146973
nan,nan,nan,nan,nan,nan,1.3888659445044853,9.710000038146973
nan,nan,nan,nan,nan,nan,1.3888659445044853,9.710000038146973
nan,nan,nan,nan,nan,nan,5.767789840698242,7.820000171661377
nan,nan,nan,nan,nan,nan,5.767789840698242,7.820000171661377
nan,nan,nan,nan,nan,nan,5.767789840698242,7.820000171661377
nan,nan,nan,nan,nan,nan,5.767789840698242,7.820000171661377
nan,nan,nan,nan,nan,nan,5.767789840698242,7.820000171661377
nan,nan,nan,nan,nan,nan,4.773220062255859,9.550000190734863
nan,nan,nan,nan,nan,nan,4.773220062255859,9.550000190734863
nan,nan,nan,nan,nan,nan,4.773220062255859,9.550000190734863
nan,nan,nan,nan,nan,nan,4.773220062255859,9.550000190734863
nan,nan,nan,nan,nan,nan,4.773220062255859,9.550000190734863
nan,nan,nan,nan,nan,nan,3.4352900981903076,nan
nan,nan,nan,nan,nan,nan,3.4352900981903076,nan
nan,nan,nan,nan,nan,nan,3.4352900981903076,nan
nan,nan,nan,nan,nan,nan,3.4352900981903076,nan
nan,nan,nan,nan,nan,nan,3.4352900981903076,nan
1.0672384867418379,0.08775293043770681,-0.3477161597352402,0.03970948127063021,484.23586715169944,158.76375274335038,0.687875918631573,9.720000267028809
1.0672384867418379,0.08775293043770681,-0.3477161597352402,0.03970948127063021,46.01850488572693,15.28948609223167,0.687875918631573,9.720000267028809
1.0672384867418379,0.08775293043770681,-0.3477161597352402,0.03970948127063021,170.62970916872615,56.032333476803096,0.687875918631573,9.720000267028809
1.0672384867418379,0.08775293043770681,-0.3477161597352402,0.03970948127063021,16.242672309961225,5.373747994018451,0.687875918631573,9.720000267028809
1.0672384867418379,0.08775293043770681,-0.3477161597352402,0.03970948127063021,2.290518089394473,0.7613488428669459,0.687875918631573,9.720000267028809
0.6433177224388549,0.04617244197284837,-0.0818100682941581,0.023802883604334895,322.185840544873,213.60163295778358,0.7026376008159462,9.279999732971191
0.6433177224388549,0.04617244197284837,-0.0818100682941581,0.023802883604334895,5.1602731439739795,3.423433323120796,0.7026376008159462,9.279999732971191
0.6433177224388549,0.04617244197284837,-0.0818100682941581,0.023802883604334895,nan,nan,0.7026376008159462,9.279999732971191
0.6433177224388549,0.04617244197284837,-0.0818100682941581,0.023802883604334895,228.11190766563047,154.70714891397864,0.7026376008159462,9.279999732971191
0.6433177224388549,0.04617244197284837,-0.0818100682941581,0.023802883604334895,577.7887371548238,375.9003923337655,0.7026376008159462,9.279999732971191
nan,nan,nan,nan,44.967287182940616,nan,0.2147251700834908,8.630000114440918
nan,nan,nan,nan,150.60647562697284,nan,0.2147251700834908,8.630000114440918
nan,nan,nan,nan,2.2129003494416835,nan,0.2147251700834908,8.630000114440918
nan,nan,nan,nan,44.3628809177166,nan,0.2147251700834908,8.630000114440918
nan,nan,nan,nan,24.33735251161787,nan,0.2147251700834908,8.630000114440918
nan,nan,nan,nan,nan,nan,0.6050860709703365,6.96999979019165
nan,nan,nan,nan,nan,nan,0.6050860709703365,6.96999979019165
nan,nan,nan,nan,nan,nan,0.6050860709703365,6.96999979019165
nan,nan,nan,nan,nan,nan,0.6050860709703365,6.96999979019165
nan,nan,nan,nan,nan,nan,0.6050860709703365,6.96999979019165
nan,nan,nan,nan,nan,nan,1.2957965288937192,9.539999961853027
nan,nan,nan,nan,nan,nan,1.2957965288937192,9.539999961853027
nan,nan,nan,nan,nan,nan,1.2957965288937192,9.539999961853027
nan,nan,nan,nan,nan,nan,1.2957965288937192,9.539999961853027
nan,nan,nan,nan,nan,nan,1.2957965288937192,9.539999961853027
nan,nan,nan,nan,2.6061227064696766,0.9362114093662562,0.5337516795634133,8.869999885559082
nan,nan,nan,nan,181.3225447361933,60.35887014423979,0.5337516795634133,8.869999885559082
nan,nan,nan,nan,105.15147703442575,36.26295429010497,0.5337516795634133,8.869999885559082
nan,nan,nan,nan,3.450564362117971,1.3228816059212285,0.5337516795634133,8.869999885559082
nan,nan,nan,nan,61.6838104105373,21.918331579445013,0.5337516795634133,8.869999885559082
nan,nan,nan,nan,nan,nan,3.4897100925445557,8.8100004196167
nan,nan,nan,nan,nan,nan,3.4897100925445557,8.8100004196167
nan,nan,nan,nan,nan,nan,3.4897100925445557,8.8100004196167
nan,nan,nan,nan,nan,nan,3.4897100925445557,8.8100004196167
nan,nan,nan,nan,nan,nan,3.4897100925445557,8.8100004196167
nan,nan,nan,nan,7.600143990923954,nan,0.6781932878039449,8.130000114440918
nan,nan,nan,nan,14.07585244113452,nan,0.6781932878039449,8.130000114440918
nan,nan,nan,nan,3.782992133086131,nan,0.6781932878039449,8.130000114440918
nan,nan,nan,nan,11.857928912590875,nan,0.6781932878039449,8.130000114440918
nan,nan,nan,nan,10.77398204778843,nan,0.6781932878039449,8.130000114440918
nan,nan,nan,nan,0.44103823409399817,nan,0.6292698250506286,4.960000038146973
nan,nan,nan,nan,28.28593166750916,nan,0.6292698250506286,4.960000038146973
nan,nan,nan,nan,15.383350519000704,nan,0.6292698250506286,4.960000038146973
nan,nan,nan,nan,2.336181037008958,nan,0.6292698250506286,4.960000038146973
nan,nan,nan,nan,25.517977116409103,nan,0.6292698250506286,4.960000038146973
nan,nan,nan,nan,nan,nan,0.9793886989949208,8.550000190734863
nan,nan,nan,nan,nan,nan,0.9793886989949208,8.550000190734863
nan,nan,nan,nan,nan,nan,0.9793886989949208,8.550000190734863
nan,nan,nan,nan,nan,nan,0.9793886989949208,8.550000190734863
nan,nan,nan,nan,nan,nan,0.9793886989949208,8.550000190734863
nan,nan,nan,nan,nan,nan,5.566619873046875,8.420000076293945
nan,nan,nan,nan,nan,nan,5.566619873046875,8.420000076293945
nan,nan,nan,nan,nan,nan,5.566619873046875,8.420000076293945
nan,nan,nan,nan,nan,nan,5.566619873046875,8.420000076293945
nan,nan,nan,nan,nan,nan,5.566619873046875,8.420000076293945
nan,nan,nan,nan,nan,nan,4.706820011138916,9.020000457763672
nan,nan,nan,nan,nan,nan,4.706820011138916,9.020000457763672
nan,nan,nan,nan,nan,nan,4.706820011138916,9.020000457763672
nan,nan,nan,nan,nan,nan,4.706820011138916,9.020000457763672
nan,nan,nan,nan,nan,nan,4.706820011138916,9.020000457763672
nan,nan,nan,nan,nan,nan,1.2955595338363528,8.890000343322754
nan,nan,nan,nan,nan,nan,1.2955595338363528,8.890000343322754
nan,nan,nan,nan,nan,nan,1.2955595338363528,8.890000343322754
nan,nan,nan,nan,nan,nan,1.2955595338363528,8.890000343322754
nan,nan,nan,nan,nan,nan,1.2955595338363528,8.890000343322754
0.8300957011580754,0.05276662398500148,-0.18848905747298086,0.029535947338591297,1.474008165584104,0.7264061083614887,0.5356121119979964,9.5
0.8300957011580754,0.05276662398500148,-0.18848905747298086,0.029535947338591297,84.01144460181105,39.39261949685269,0.5356121119979964,9.5
0.8300957011580754,0.05276662398500148,-0.18848905747298086,0.029535947338591297,116.73975707637048,55.07776825637908,0.5356121119979964,9.5
0.8300957011580754,0.05276662398500148,-0.18848905747298086,0.029535947338591297,318.44683617002863,140.95772475448595,0.5356121119979964,9.5
0.8300957011580754,0.05276662398500148,-0.18848905747298086,0.029535947338591297,2.078679882623583,1.0195902357987527,0.5356121119979964,9.5
nan,nan,nan,nan,nan,nan,3.798959970474243,8.800000190734863
nan,nan,nan,nan,nan,nan,3.798959970474243,8.800000190734863
nan,nan,nan,nan,nan,nan,3.798959970474243,8.800000190734863
nan,nan,nan,nan,nan,nan,3.798959970474243,8.800000190734863
nan,nan,nan,nan,nan,nan,3.798959970474243,8.800000190734863
nan,nan,nan,nan,0.4199375981533415,nan,0.5336726951372238,8.640000343322754
nan,nan,nan,nan,9.054827810176805,nan,0.5336726951372238,8.640000343322754
nan,nan,nan,nan,4.678827478325387,nan,0.5336726951372238,8.640000343322754
nan,nan,nan,nan,26.762175956959215,nan,0.5336726951372238,8.640000343322754
nan,nan,nan,nan,2.2042135255802773,nan,0.5336726951372238,8.640000343322754
nan,nan,nan,nan,nan,nan,1.2944502739892756,9.430000305175781
nan,nan,nan,nan,nan,nan,1.2944502739892756,9.430000305175781
nan,nan,nan,nan,nan,nan,1.2944502739892756,9.430000305175781
nan,nan,nan,nan,nan,nan,1.2944502739892756,9.430000305175781
nan,nan,nan,nan,nan,nan,1.2944502739892756,9.430000305175781
nan,nan,nan,nan,nan,nan,1.1393812887022783,10.279999732971191
nan,nan,nan,nan,nan,nan,1.1393812887022783,10.279999732971191
nan,nan,nan,nan,nan,nan,1.1393812887022783,10.279999732971191
nan,nan,nan,nan,nan,nan,1.1393812887022783,10.279999732971191
nan,nan,nan,nan,nan,nan,1.1393812887022783,10.279999732971191
nan,nan,nan,nan,48.54378751046745,24.277486866176734,0.7677572947568619,9.579999923706055
nan,nan,nan,nan,1.7421218369885296,0.9069437684295383,0.7677572947568619,9.579999923706055
nan,nan,nan,nan,119.25758423543842,61.0852810251726,0.7677572947568619,9.579999923706055
nan,nan,nan,nan,39.300262295257056,20.50839049851978,0.7677572947568619,9.579999923706055
nan,nan,nan,nan,101.37371153316933,52.68813439389046,0.7677572947568619,9.579999923706055
nan,nan,nan,nan,nan,nan,3.2018799781799316,8.34000015258789
nan,nan,nan,nan,nan,nan,3.2018799781799316,8.34000015258789
nan,nan,nan,nan,nan,nan,3.2018799781799316,8.34000015258789
nan,nan,nan,nan,nan,nan,3.2018799781799316,8.34000015258789
nan,nan,nan,nan,nan,nan,3.2018799781799316,8.34000015258789
nan,nan,nan,nan,30.086232431737994,27.756857880840506,0.24164588397409342,9.979999542236328
nan,nan,nan,nan,0.6042324803838056,0.5778368791240652,0.24164588397409342,9.979999542236328
nan,nan,nan,nan,59.724590451912526,51.81356771617778,0.24164588397409342,9.979999542236328
nan,nan,nan,nan,nan,nan,0.24164588397409342,9.979999542236328
nan,nan,nan,nan,3.2640047229497244,2.972082775770117,0.24164588397409342,9.979999542236328
nan,nan,nan,nan,13.579809879590126,nan,0.6652343098298438,9.1899995803833
nan,nan,nan,nan,2.1307665351751166,nan,0.6652343098298438,9.1899995803833
nan,nan,nan,nan,84.76961402563364,nan,0.6652343098298438,9.1899995803833
nan,nan,nan,nan,14.549098680506225,nan,0.6652343098298438,9.1899995803833
nan,nan,nan,nan,39.81516128208955,nan,0.6652343098298438,9.1899995803833
nan,nan,nan,nan,nan,nan,1.0354369651864883,9.800000190734863
nan,nan,nan,nan,nan,nan,1.0354369651864883,9.800000190734863
nan,nan,nan,nan,nan,nan,1.0354369651864883,9.800000190734863
nan,nan,nan,nan,nan,nan,1.0354369651864883,9.800000190734863
nan,nan,nan,nan,nan,nan,1.0354369651864883,9.800000190734863
nan,nan,nan,nan,nan,nan,5.1628899574279785,9.640000343322754
nan,nan,nan,nan,nan,nan,5.1628899574279785,9.640000343322754
nan,nan,nan,nan,nan,nan,5.1628899574279785,9.640000343322754
nan,nan,nan,nan,nan,nan,5.1628899574279785,9.640000343322754
nan,nan,nan,nan,nan,nan,5.1628899574279785,9.640000343322754
nan,nan,nan,nan,nan,nan,3.045219898223877,8.039999961853027
nan,nan,nan,nan,nan,nan,3.045219898223877,8.039999961853027
nan,nan,nan,nan,nan,nan,3.045219898223877,8.039999961853027
nan,nan,nan,nan,nan,nan,3.045219898223877,8.039999961853027
nan,nan,nan,nan,nan,nan,3.045219898223877,8.039999961853027
nan,nan,nan,nan,nan,nan,0.037749321261827395,6.039999961853027
nan,nan,nan,nan,nan,nan,0.037749321261827395,6.039999961853027
nan,nan,nan,nan,nan,nan,0.037749321261827395,6.039999961853027
nan,nan,nan,nan,nan,nan,0.037749321261827395,6.039999961853027
nan,nan,nan,nan,nan,nan,0.037749321261827395,6.039999961853027
nan,nan,nan,nan,nan,nan,0.9792672549173485,8.020000457763672
nan,nan,nan,nan,nan,nan,0.9792672549173485,8.020000457763672
nan,nan,nan,nan,nan,nan,0.9792672549173485,8.020000457763672
nan,nan,nan,nan,nan,nan,0.9792672549173485,8.020000457763672
nan,nan,nan,nan,nan,nan,0.9792672549173485,8.020000457763672
nan,nan,nan,nan,84.02965441940594,nan,0.5670436682503679,8.729999542236328
nan,nan,nan,nan,3.4647176693928983,nan,0.5670436682503679,8.729999542236328
nan,nan,nan,nan,19.490085822528425,nan,0.5670436682503679,8.729999542236328
nan,nan,nan,nan,nan,nan,0.5670436682503679,8.729999542236328
nan,nan,nan,nan,23.48159935645139,nan,0.5670436682503679,8.729999542236328
nan,nan,nan,nan,nan,nan,2.9994399547576904,9.279999732971191
nan,nan,nan,nan,nan,nan,2.9994399547576904,9.279999732971191
nan,nan,nan,nan,nan,nan,2.9994399547576904,9.279999732971191
nan,nan,nan,nan,nan,nan,2.9994399547576904,9.279999732971191
nan,nan,nan,nan,nan,nan,2.9994399547576904,9.279999732971191
nan,nan,nan,nan,nan,nan,1.382276846593205,9.079999923706055
nan,nan,nan,nan,nan,nan,1.382276846593205,9.079999923706055
nan,nan,nan,nan,nan,nan,1.382276846593205,9.079999923706055
nan,nan,nan,nan,nan,nan,1.382276846593205,9.079999923706055
nan,nan,nan,nan,nan,nan,1.382276846593205,9.079999923706055
nan,nan,nan,nan,nan,nan,1.0491731752113278,9.420000076293945
nan,nan,nan,nan,nan,nan,1.0491731752113278,9.420000076293945
nan,nan,nan,nan,nan,nan,1.0491731752113278,9.420000076293945
nan,nan,nan,nan,nan,nan,1.0491731752113278,9.420000076293945
nan,nan,nan,nan,nan,nan,1.0491731752113278,9.420000076293945
nan,nan,nan,nan,nan,nan,1.296049324145352,9.449999809265137
nan,nan,nan,nan,nan,nan,1.296049324145352,9.449999809265137
nan,nan,nan,nan,nan,nan,1.296049324145352,9.449999809265137
nan,nan,nan,nan,nan,nan,1.296049324145352,9.449999809265137
nan,nan,nan,nan,nan,nan,1.296049324145352,9.449999809265137
nan,nan,nan,nan,nan,nan,0.7317105414104939,9.600000381469727
nan,nan,nan,nan,nan,nan,0.7317105414104939,9.600000381469727
nan,nan,nan,nan,nan,nan,0.7317105414104939,9.600000381469727
nan,nan,nan,nan,nan,nan,0.7317105414104939,9.600000381469727
nan,nan,nan,nan,nan,nan,0.7317105414104939,9.600000381469727
nan,nan,nan,nan,nan,nan,1.307126848757591,9.510000228881836
nan,nan,nan,nan,nan,nan,1.307126848757591,9.510000228881836
nan,nan,nan,nan,nan,nan,1.307126848757591,9.510000228881836
nan,nan,nan,nan,nan,nan,1.307126848757591,9.510000228881836
nan,nan,nan,nan,nan,nan,1.307126848757591,9.510000228881836
nan,nan,nan,nan,nan,nan,3.0848801136016846,9.1899995803833
nan,nan,nan,nan,nan,nan,3.0848801136016846,9.1899995803833
nan,nan,nan,nan,nan,nan,3.0848801136016846,9.1899995803833
nan,nan,nan,nan,nan,nan,3.0848801136016846,9.1899995803833
nan,nan,nan,nan,nan,nan,3.0848801136016846,9.1899995803833
nan,nan,nan,nan,nan,nan,1.0944810628701416,10.289999961853027
nan,nan,nan,nan,nan,nan,1.0944810628701416,10.289999961853027
nan,nan,nan,nan,nan,nan,1.0944810628701416,10.289999961853027
nan,nan,nan,nan,nan,nan,1.0944810628701416,10.289999961853027
nan,nan,nan,nan,nan,nan,1.0944810628701416,10.289999961853027
nan,nan,0.07645765624503674,0.042669429339847346,39.733415017015545,nan,0.5101285005634688,8.300000190734863
nan,nan,0.07645765624503674,0.042669429339847346,143.66338006940478,nan,0.5101285005634688,8.300000190734863
nan,nan,0.07645765624503674,0.042669429339847346,76.14377288755176,nan,0.5101285005634688,8.300000190734863
nan,nan,0.07645765624503674,0.042669429339847346,154.7931377067305,nan,0.5101285005634688,8.300000190734863
nan,nan,0.07645765624503674,0.042669429339847346,7.222621446142242,nan,0.5101285005634688,8.300000190734863
nan,nan,nan,nan,31.91212941761247,nan,0.6694091175506522,8.539999961853027
nan,nan,nan,nan,3.2164722854855796,nan,0.6694091175506522,8.539999961853027
nan,nan,nan,nan,88.77367881142649,nan,0.6694091175506522,8.539999961853027
nan,nan,nan,nan,7.883026786483104,nan,0.6694091175506522,8.539999961853027
nan,nan,nan,nan,135.12626147711325,nan,0.6694091175506522,8.539999961853027
0.2435138070206932,0.05380005197301931,0.672843424619401,0.08344622067526515,12.586996154486789,49.532547533665245,0.5431014789785844,7.239999771118164
0.2435138070206932,0.05380005197301931,0.672843424619401,0.08344622067526515,28.973720886600514,111.71804788415812,0.5431014789785844,7.239999771118164
0.2435138070206932,0.05380005197301931,0.672843424619401,0.08344622067526515,28.49955241744675,113.67781356822294,0.5431014789785844,7.239999771118164
0.2435138070206932,0.05380005197301931,0.672843424619401,0.08344622067526515,13.279550929938715,51.56131273735402,0.5431014789785844,7.239999771118164
0.2435138070206932,0.05380005197301931,0.672843424619401,0.08344622067526515,1.9997160092421018,7.619279538133359,0.5431014789785844,7.239999771118164
nan,nan,0.4138904320795154,0.1147395211073207,197.17098757085168,nan,0.6040199277695975,8.460000038146973
nan,nan,0.4138904320795154,0.1147395211073207,9.149759008075753,nan,0.6040199277695975,8.460000038146973
nan,nan,0.4138904320795154,0.1147395211073207,49.702937698661266,nan,0.6040199277695975,8.460000038146973
nan,nan,0.4138904320795154,0.1147395211073207,43.277630331373196,nan,0.6040199277695975,8.460000038146973
nan,nan,0.4138904320795154,0.1147395211073207,190.63194483929718,nan,0.6040199277695975,8.460000038146973
0.7575764259298847,0.057915364621167156,-0.37463098614173646,0.08876398756345841,2.1466073923320357,1.6057351203330121,0.6687851332791332,9.039999961853027
0.7575764259298847,0.057915364621167156,-0.37463098614173646,0.08876398756345841,10.64624495074805,8.077472009096086,0.6687851332791332,9.039999961853027
0.7575764259298847,0.057915364621167156,-0.37463098614173646,0.08876398756345841,36.05147921694398,27.081288802661778,0.6687851332791332,9.039999961853027
0.7575764259298847,0.057915364621167156,-0.37463098614173646,0.08876398756345841,85.40426145702453,63.29050786592933,0.6687851332791332,9.039999961853027
0.7575764259298847,0.057915364621167156,-0.37463098614173646,0.08876398756345841,nan,nan,0.6687851332791332,9.039999961853027
nan,nan,nan,nan,56.40431761322712,71.12953427006371,0.7331321586723201,9.739999771118164
nan,nan,nan,nan,0.7761150694061094,0.9847066576792521,0.7331321586723201,9.739999771118164
nan,nan,nan,nan,1.2040429024309305,1.4837750603907562,0.7331321586723201,9.739999771118164
nan,nan,nan,nan,15.719221042603785,20.322581566914298,0.7331321586723201,9.739999771118164
nan,nan,nan,nan,85.97302777171777,115.67518535890366,0.7331321586723201,9.739999771118164
nan,nan,nan,nan,1.4238808071520939,nan,0.7133656622845487,9.210000038146973
nan,nan,nan,nan,16.81425709633703,nan,0.7133656622845487,9.210000038146973
nan,nan,nan,nan,7.9493133605913915,nan,0.7133656622845487,9.210000038146973
nan,nan,nan,nan,1.648236016257508,nan,0.7133656622845487,9.210000038146973
nan,nan,nan,nan,11.312368607833596,nan,0.7133656622845487,9.210000038146973
nan,nan,nan,nan,nan,nan,1.3744522165097286,8.8100004196167
nan,nan,nan,nan,nan,nan,1.3744522165097286,8.8100004196167
nan,nan,nan,nan,nan,nan,1.3744522165097286,8.8100004196167
nan,nan,nan,nan,nan,nan,1.3744522165097286,8.8100004196167
nan,nan,nan,nan,nan,nan,1.3744522165097286,8.8100004196167
nan,nan,nan,nan,nan,nan,0.8591729867613633,8.180000305175781
nan,nan,nan,nan,nan,nan,0.8591729867613633,8.180000305175781
nan,nan,nan,nan,nan,nan,0.8591729867613633,8.180000305175781
nan,nan,nan,nan,nan,nan,0.8591729867613633,8.180000305175781
nan,nan,nan,nan,nan,nan,0.8591729867613633,8.180000305175781
nan,nan,nan,nan,nan,6.711649766957885,0.6703011477880259,11.050000190734863
nan,nan,nan,nan,nan,nan,0.6703011477880259,11.050000190734863
nan,nan,nan,nan,nan,48.9800028322893,0.6703011477880259,11.050000190734863
nan,nan,nan,nan,nan,78.25578249056638,0.6703011477880259,11.050000190734863
nan,nan,nan,nan,nan,0.06671753840539031,0.6703011477880259,11.050000190734863
nan,nan,nan,nan,nan,nan,4.025199890136719,8.350000381469727
nan,nan,nan,nan,nan,nan,4.025199890136719,8.350000381469727
nan,nan,nan,nan,nan,nan,4.025199890136719,8.350000381469727
nan,nan,nan,nan,nan,nan,4.025199890136719,8.350000381469727
nan,nan,nan,nan,nan,nan,4.025199890136719,8.350000381469727
0.9666872985086892,0.04650891554384326,0.5612977970024088,0.053255263483291286,342.1325522090787,62.72798361617632,0.6899598062879349,8.140000343322754
0.9666872985086892,0.04650891554384326,0.5612977970024088,0.053255263483291286,335.7728794440322,62.07919503802214,0.6899598062879349,8.140000343322754
0.9666872985086892,0.04650891554384326,0.5612977970024088,0.053255263483291286,35.40098536747053,6.180190120658049,0.6899598062879349,8.140000343322754
0.9666872985086892,0.04650891554384326,0.5612977970024088,0.053255263483291286,623.0959265691984,113.62950567455201,0.6899598062879349,8.140000343322754
0.9666872985086892,0.04650891554384326,0.5612977970024088,0.053255263483291286,93.02292582913863,17.07011437646073,0.6899598062879349,8.140000343322754
0.9659744264434563,0.046483968934325014,0.5646166318462666,0.052871144295344265,342.1325522090787,62.72798361617632,0.6899598062879349,8.140000343322754
0.9659744264434563,0.046483968934325014,0.5646166318462666,0.052871144295344265,335.7728794440322,62.07919503802214,0.6899598062879349,8.140000343322754
0.9659744264434563,0.046483968934325014,0.5646166318462666,0.052871144295344265,35.40098536747053,6.180190120658049,0.6899598062879349,8.140000343322754
0.9659744264434563,0.046483968934325014,0.5646166318462666,0.052871144295344265,623.0959265691984,113.62950567455201,0.6899598062879349,8.140000343322754
0.9659744264434563,0.046483968934325014,0.5646166318462666,0.052871144295344265,93.02292582913863,17.07011437646073,0.6899598062879349,8.140000343322754
nan,nan,nan,nan,11.538736542883981,4.174415406975206,0.2507306990909306,8.350000381469727
nan,nan,nan,nan,nan,nan,0.2507306990909306,8.350000381469727
nan,nan,nan,nan,2.5836526493019893,0.9377707601824221,0.2507306990909306,8.350000381469727
nan,nan,nan,nan,15.533658464404054,5.489151892690896,0.2507306990909306,8.350000381469727
nan,nan,nan,nan,77.05033609528464,28.143327651772594,0.2507306990909306,8.350000381469727
nan,nan,nan,nan,nan,nan,5.33351993560791,8.489999771118164
nan,nan,nan,nan,nan,nan,5.33351993560791,8.489999771118164
nan,nan,nan,nan,nan,nan,5.33351993560791,8.489999771118164
nan,nan,nan,nan,nan,nan,5.33351993560791,8.489999771118164
nan,nan,nan,nan,nan,nan,5.33351993560791,8.489999771118164
nan,nan,nan,nan,nan,nan,0.9800591886666914,8.609999656677246
nan,nan,nan,nan,nan,nan,0.9800591886666914,8.609999656677246
nan,nan,nan,nan,nan,nan,0.9800591886666914,8.609999656677246
nan,nan,nan,nan,nan,nan,0.9800591886666914,8.609999656677246
nan,nan,nan,nan,nan,nan,0.9800591886666914,8.609999656677246
0.8740286555243291,0.15873453534852974,0.13968961222749224,0.07498105796045271,47.51328947588382,14.069504324821864,0.5620431669573158,8.25
0.8740286555243291,0.15873453534852974,0.13968961222749224,0.07498105796045271,27.9698115450159,8.480177972035971,0.5620431669573158,8.25
0.8740286555243291,0.15873453534852974,0.13968961222749224,0.07498105796045271,5.580781609751922,1.6176230657231698,0.5620431669573158,8.25
0.8740286555243291,0.15873453534852974,0.13968961222749224,0.07498105796045271,88.77120225490204,24.008647148843256,0.5620431669573158,8.25
0.8740286555243291,0.15873453534852974,0.13968961222749224,0.07498105796045271,251.0411476008862,74.88355031130504,0.5620431669573158,8.25
nan,nan,nan,nan,nan,nan,0.6679279816334822,7.909999847412109
nan,nan,nan,nan,nan,nan,0.6679279816334822,7.909999847412109
nan,nan,nan,nan,nan,nan,0.6679279816334822,7.909999847412109
nan,nan,nan,nan,nan,nan,0.6679279816334822,7.909999847412109
nan,nan,nan,nan,nan,nan,0.6679279816334822,7.909999847412109
nan,nan,nan,nan,nan,nan,0.8643406953126047,8.550000190734863
nan,nan,nan,nan,nan,nan,0.8643406953126047,8.550000190734863
nan,nan,nan,nan,nan,nan,0.8643406953126047,8.550000190734863
nan,nan,nan,nan,nan,nan,0.8643406953126047,8.550000190734863
nan,nan,nan,nan,nan,nan,0.8643406953126047,8.550000190734863
nan,nan,nan,nan,nan,nan,1.0030307010543513,9.670000076293945
nan,nan,nan,nan,nan,nan,1.0030307010543513,9.670000076293945
nan,nan,nan,nan,nan,nan,1.0030307010543513,9.670000076293945
nan,nan,nan,nan,nan,nan,1.0030307010543513,9.670000076293945
nan,nan,nan,nan,nan,nan,1.0030307010543513,9.670000076293945
nan,nan,nan,nan,1.9680180084923657,0.36423747185344296,0.5105257418403429,9.380000114440918
nan,nan,nan,nan,67.40757098868116,11.875184596258661,0.5105257418403429,9.380000114440918
nan,nan,nan,nan,89.89959436687019,16.004381592614926,0.5105257418403429,9.380000114440918
nan,nan,nan,nan,9.56299511293085,1.6879463376052353,0.5105257418403429,9.380000114440918
nan,nan,nan,nan,159.7614992416897,28.48559821681982,0.5105257418403429,9.380000114440918
0.924131507853386,0.08583298623932828,-0.0074314720084080335,0.058902077182204936,2013.0432199550778,456.57517489742,0.5454440276628072,8.800000190734863
0.924131507853386,0.08583298623932828,-0.0074314720084080335,0.058902077182204936,131.44929418508806,43.43089027015605,0.5454440276628072,8.800000190734863
0.924131507853386,0.08583298623932828,-0.0074314720084080335,0.058902077182204936,11.350868876851186,3.5566177177836673,0.5454440276628072,8.800000190734863
0.924131507853386,0.08583298623932828,-0.0074314720084080335,0.058902077182204936,13.096693643086759,4.060444731769663,0.5454440276628072,8.800000190734863
0.924131507853386,0.08583298623932828,-0.0074314720084080335,0.058902077182204936,4.136115791103113,1.340573060659524,0.5454440276628072,8.800000190734863
nan,nan,nan,nan,nan,nan,4.432519912719727,8.1899995803833
nan,nan,nan,nan,nan,nan,4.432519912719727,8.1899995803833
nan,nan,nan,nan,nan,nan,4.432519912719727,8.1899995803833
nan,nan,nan,nan,nan,nan,4.432519912719727,8.1899995803833
nan,nan,nan,nan,nan,nan,4.432519912719727,8.1899995803833
0.8724315074434188,0.055871549038302055,0.44450722383474756,0.04411751273166511,214.36982058367965,52.83139001469537,0.6815580622277907,7.570000171661377
0.8724315074434188,0.055871549038302055,0.44450722383474756,0.04411751273166511,698.6014055864076,176.84135797366554,0.6815580622277907,7.570000171661377
0.8724315074434188,0.055871549038302055,0.44450722383474756,0.04411751273166511,57.8370946063369,13.346891024195342,0.6815580622277907,7.570000171661377
0.8724315074434188,0.055871549038302055,0.44450722383474756,0.04411751273166511,48.527260505310146,11.736243740863237,0.6815580622277907,7.570000171661377
0.8724315074434188,0.055871549038302055,0.44450722383474756,0.04411751273166511,571.7492773640299,130.97830574868007,0.6815580622277907,7.570000171661377
nan,nan,nan,nan,13.200503290937363,nan,0.5103226010939159,8.470000267028809
nan,nan,nan,nan,14.02741482504232,nan,0.5103226010939159,8.470000267028809
nan,nan,nan,nan,7.558045013828474,nan,0.5103226010939159,8.470000267028809
nan,nan,nan,nan,4.829504072118641,nan,0.5103226010939159,8.470000267028809
nan,nan,nan,nan,4.149182650591631,nan,0.5103226010939159,8.470000267028809
nan,nan,nan,nan,nan,nan,0.21412718656124413,9.979999542236328
nan,nan,nan,nan,391.19854824637105,1955.2991417766004,0.21412718656124413,9.979999542236328
nan,nan,nan,nan,0.7670981019132844,3.8700522950429828,0.21412718656124413,9.979999542236328
nan,nan,nan,nan,1682.0729329307221,8236.717052714457,0.21412718656124413,9.979999542236328
nan,nan,nan,nan,878.1523893074014,4424.291596888377,0.21412718656124413,9.979999542236328
nan,nan,nan,nan,9.965719350350431,nan,0.5346506206372191,8.430000305175781
nan,nan,nan,nan,23.98330346457228,nan,0.5346506206372191,8.430000305175781
nan,nan,nan,nan,3.8172069004253535,nan,0.5346506206372191,8.430000305175781
nan,nan,nan,nan,1.9365030458210293,nan,0.5346506206372191,8.430000305175781
nan,nan,nan,nan,1.7497523071764653,nan,0.5346506206372191,8.430000305175781
nan,nan,nan,nan,1.5955922955472586,nan,0.5352694873750488,8.550000190734863
nan,nan,nan,nan,56.371739503870096,nan,0.5352694873750488,8.550000190734863
nan,nan,nan,nan,5.034389598600765,nan,0.5352694873750488,8.550000190734863
nan,nan,nan,nan,19.788254610036038,nan,0.5352694873750488,8.550000190734863
nan,nan,nan,nan,97.5826830100316,nan,0.5352694873750488,8.550000190734863
nan,nan,nan,nan,3.751891394145834,nan,0.7381287049510591,8.699999809265137
nan,nan,nan,nan,4.468243281033974,nan,0.7381287049510591,8.699999809265137
nan,nan,nan,nan,10.04708563018337,nan,0.7381287049510591,8.699999809265137
nan,nan,nan,nan,3.7133159442382926,nan,0.7381287049510591,8.699999809265137
nan,nan,nan,nan,5.072117734295193,nan,0.7381287049510591,8.699999809265137
nan,nan,nan,nan,nan,nan,0.979104760448591,10.0
nan,nan,nan,nan,nan,nan,0.979104760448591,10.0
nan,nan,nan,nan,nan,nan,0.979104760448591,10.0
nan,nan,nan,nan,nan,nan,0.979104760448591,10.0
nan,nan,nan,nan,nan,nan,0.979104760448591,10.0
nan,nan,nan,nan,6.115285941671775,nan,0.6217475382636934,9.270000457763672
nan,nan,nan,nan,35.7969887107804,nan,0.6217475382636934,9.270000457763672
nan,nan,nan,nan,10.248323199613843,nan,0.6217475382636934,9.270000457763672
nan,nan,nan,nan,0.6533317669575528,nan,0.6217475382636934,9.270000457763672
nan,nan,nan,nan,6.1920314750736685,nan,0.6217475382636934,9.270000457763672
nan,nan,nan,nan,nan,nan,1.0486480287837239,9.670000076293945
nan,nan,nan,nan,nan,nan,1.0486480287837239,9.670000076293945
nan,nan,nan,nan,nan,nan,1.0486480287837239,9.670000076293945
nan,nan,nan,nan,nan,nan,1.0486480287837239,9.670000076293945
nan,nan,nan,nan,nan,nan,1.0486480287837239,9.670000076293945
nan,nan,nan,nan,nan,nan,1.292950755989645,9.640000343322754
nan,nan,nan,nan,nan,nan,1.292950755989645,9.640000343322754
nan,nan,nan,nan,nan,nan,1.292950755989645,9.640000343322754
nan,nan,nan,nan,nan,nan,1.292950755989645,9.640000343322754
nan,nan,nan,nan,nan,nan,1.292950755989645,9.640000343322754
nan,nan,nan,nan,nan,nan,1.1859852265466202,8.819999694824219
nan,nan,nan,nan,nan,nan,1.1859852265466202,8.819999694824219
nan,nan,nan,nan,nan,nan,1.1859852265466202,8.819999694824219
nan,nan,nan,nan,nan,nan,1.1859852265466202,8.819999694824219
nan,nan,nan,nan,nan,nan,1.1859852265466202,8.819999694824219
nan,nan,nan,nan,25.107553443856332,31.212638241137405,0.45718703721259507,9.979999542236328
nan,nan,nan,nan,69.42556741820621,85.28593477590317,0.45718703721259507,9.979999542236328
nan,nan,nan,nan,266.4302851152957,351.76916382612995,0.45718703721259507,9.979999542236328
nan,nan,nan,nan,0.2427714154351084,0.3092423990011347,0.45718703721259507,9.979999542236328
nan,nan,nan,nan,80.27901452485145,93.68898745647783,0.45718703721259507,9.979999542236328
nan,nan,nan,nan,nan,nan,3.3031599521636963,7.579999923706055
nan,nan,nan,nan,nan,nan,3.3031599521636963,7.579999923706055
nan,nan,nan,nan,nan,nan,3.3031599521636963,7.579999923706055
nan,nan,nan,nan,nan,nan,3.3031599521636963,7.579999923706055
nan,nan,nan,nan,nan,nan,3.3031599521636963,7.579999923706055
nan,nan,nan,nan,nan,nan,1.2261224306460035,9.5600004196167
nan,nan,nan,nan,nan,nan,1.2261224306460035,9.5600004196167
nan,nan,nan,nan,nan,nan,1.2261224306460035,9.5600004196167
nan,nan,nan,nan,nan,nan,1.2261224306460035,9.5600004196167
nan,nan,nan,nan,nan,nan,1.2261224306460035,9.5600004196167
nan,nan,nan,nan,6.856356085335238,nan,0.7382589978572455,8.739999771118164
nan,nan,nan,nan,95.78778940810864,nan,0.7382589978572455,8.739999771118164
nan,nan,nan,nan,417.0002532833739,nan,0.7382589978572455,8.739999771118164
nan,nan,nan,nan,842.6635050130542,nan,0.7382589978572455,8.739999771118164
nan,nan,nan,nan,189.8951189825993,nan,0.7382589978572455,8.739999771118164
nan,nan,nan,nan,0.18518302605832773,0.14873332462567238,0.5763998571537593,10.979999542236328
nan,nan,nan,nan,217.1719031163692,160.65023771252865,0.5763998571537593,10.979999542236328
nan,nan,nan,nan,26.59083098915993,19.219473827299915,0.5763998571537593,10.979999542236328
nan,nan,nan,nan,5.558430191428142,4.130659013401041,0.5763998571537593,10.979999542236328
nan,nan,nan,nan,121.64744201414042,83.06816152000171,0.5763998571537593,10.979999542236328
nan,nan,nan,nan,22.56608397697265,nan,0.7341298916463268,7.53000020980835
nan,nan,nan,nan,9.268350960235322,nan,0.7341298916463268,7.53000020980835
nan,nan,nan,nan,12.00635664073806,nan,0.7341298916463268,7.53000020980835
nan,nan,nan,nan,29.36417075513321,nan,0.7341298916463268,7.53000020980835
nan,nan,nan,nan,14.801877959724642,nan,0.7341298916463268,7.53000020980835
nan,nan,0.24300943912679074,0.08178450564510702,236.9589666478774,nan,0.6653741885082451,10.949999809265137
nan,nan,0.24300943912679074,0.08178450564510702,120.45679134038934,nan,0.6653741885082451,10.949999809265137
nan,nan,0.24300943912679074,0.08178450564510702,77.0245442471922,nan,0.6653741885082451,10.949999809265137
nan,nan,0.24300943912679074,0.08178450564510702,70.3180424063843,nan,0.6653741885082451,10.949999809265137
nan,nan,0.24300943912679074,0.08178450564510702,0.40637642999542073,nan,0.6653741885082451,10.949999809265137
nan,nan,nan,nan,nan,nan,0.6674369433924625,8.65999984741211
nan,nan,nan,nan,nan,nan,0.6674369433924625,8.65999984741211
nan,nan,nan,nan,nan,nan,0.6674369433924625,8.65999984741211
nan,nan,nan,nan,nan,nan,0.6674369433924625,8.65999984741211
nan,nan,nan,nan,nan,nan,0.6674369433924625,8.65999984741211
nan,nan,nan,nan,14.885606049666823,nan,0.24626462628342405,8.300000190734863
nan,nan,nan,nan,1.463878754804832,nan,0.24626462628342405,8.300000190734863
nan,nan,nan,nan,9.494021695525266,nan,0.24626462628342405,8.300000190734863
nan,nan,nan,nan,2.6439751706203536,nan,0.24626462628342405,8.300000190734863
nan,nan,nan,nan,5.5701965917881635,nan,0.24626462628342405,8.300000190734863
0.5612318225033028,0.03426326372858336,-0.1403762340848753,0.018340690363148816,184.70996839950305,153.76575050831187,0.7356668944523898,10.0
0.5612318225033028,0.03426326372858336,-0.1403762340848753,0.018340690363148816,63.06423536301092,51.877026134578884,0.7356668944523898,10.0
0.5612318225033028,0.03426326372858336,-0.1403762340848753,0.018340690363148816,2.652362039716301,2.17633490759641,0.7356668944523898,10.0
0.5612318225033028,0.03426326372858336,-0.1403762340848753,0.018340690363148816,13.474840664317808,12.137180341618594,0.7356668944523898,10.0
0.5612318225033028,0.03426326372858336,-0.1403762340848753,0.018340690363148816,281.4424552375694,241.23992585200895,0.7356668944523898,10.0
nan,nan,nan,nan,nan,nan,1.377028976068973,9.489999771118164
nan,nan,nan,nan,nan,nan,1.377028976068973,9.489999771118164
nan,nan,nan,nan,nan,nan,1.377028976068973,9.489999771118164
nan,nan,nan,nan,nan,nan,1.377028976068973,9.489999771118164
nan,nan,nan,nan,nan,nan,1.377028976068973,9.489999771118164
nan,nan,nan,nan,nan,nan,1.3073735175958223,8.649999618530273
nan,nan,nan,nan,nan,nan,1.3073735175958223,8.649999618530273
nan,nan,nan,nan,nan,nan,1.3073735175958223,8.649999618530273
nan,nan,nan,nan,nan,nan,1.3073735175958223,8.649999618530273
nan,nan,nan,nan,nan,nan,1.3073735175958223,8.649999618530273
nan,nan,nan,nan,11.250796929630278,nan,0.5662567737627453,5.78000020980835
nan,nan,nan,nan,33.39809029157302,nan,0.5662567737627453,5.78000020980835
nan,nan,nan,nan,15.341798486276735,nan,0.5662567737627453,5.78000020980835
nan,nan,nan,nan,34.27528454845076,nan,0.5662567737627453,5.78000020980835
nan,nan,nan,nan,125.08609472702567,nan,0.5662567737627453,5.78000020980835
nan,nan,0.2932366578199569,0.0931647302920609,5.994631069229485,nan,0.8568280881170729,9.010000228881836
nan,nan,0.2932366578199569,0.0931647302920609,97.17887295646672,nan,0.8568280881170729,9.010000228881836
nan,nan,0.2932366578199569,0.0931647302920609,114.06875100412964,nan,0.8568280881170729,9.010000228881836
nan,nan,0.2932366578199569,0.0931647302920609,25.207752818946435,nan,0.8568280881170729,9.010000228881836
nan,nan,0.2932366578199569,0.0931647302920609,36.73211432115165,nan,0.8568280881170729,9.010000228881836
nan,nan,nan,nan,nan,nan,0.8978505086313806,9.5600004196167
nan,nan,nan,nan,nan,nan,0.8978505086313806,9.5600004196167
nan,nan,nan,nan,nan,nan,0.8978505086313806,9.5600004196167
nan,nan,nan,nan,nan,nan,0.8978505086313806,9.5600004196167
nan,nan,nan,nan,nan,nan,0.8978505086313806,9.5600004196167
nan,nan,nan,nan,nan,nan,0.9641302455433878,10.010000228881836
nan,nan,nan,nan,nan,nan,0.9641302455433878,10.010000228881836
nan,nan,nan,nan,nan,nan,0.9641302455433878,10.010000228881836
nan,nan,nan,nan,nan,nan,0.9641302455433878,10.010000228881836
nan,nan,nan,nan,nan,nan,0.9641302455433878,10.010000228881836
nan,nan,nan,nan,nan,nan,1.0029911450414604,9.069999694824219
nan,nan,nan,nan,nan,nan,1.0029911450414604,9.069999694824219
nan,nan,nan,nan,nan,nan,1.0029911450414604,9.069999694824219
nan,nan,nan,nan,nan,nan,1.0029911450414604,9.069999694824219
nan,nan,nan,nan,nan,nan,1.0029911450414604,9.069999694824219
nan,nan,0.25158445519822337,0.07271776048881394,87.85356863124919,nan,0.783360283823788,9.670000076293945
nan,nan,0.25158445519822337,0.07271776048881394,4.151033033339579,nan,0.783360283823788,9.670000076293945
nan,nan,0.25158445519822337,0.07271776048881394,3.1417869825699936,nan,0.783360283823788,9.670000076293945
nan,nan,0.25158445519822337,0.07271776048881394,84.38932169049167,nan,0.783360283823788,9.670000076293945
nan,nan,0.25158445519822337,0.07271776048881394,0.509373628494723,nan,0.783360283823788,9.670000076293945
nan,nan,nan,nan,nan,nan,0.10665830256117137,7.579999923706055
nan,nan,nan,nan,nan,nan,0.10665830256117137,7.579999923706055
nan,nan,nan,nan,nan,nan,0.10665830256117137,7.579999923706055
nan,nan,nan,nan,nan,nan,0.10665830256117137,7.579999923706055
nan,nan,nan,nan,nan,nan,0.10665830256117137,7.579999923706055
nan,nan,nan,nan,nan,nan,0.7300020352966272,8.670000076293945
nan,nan,nan,nan,nan,nan,0.7300020352966272,8.670000076293945
nan,nan,nan,nan,nan,nan,0.7300020352966272,8.670000076293945
nan,nan,nan,nan,nan,nan,0.7300020352966272,8.670000076293945
nan,nan,nan,nan,nan,nan,0.7300020352966272,8.670000076293945
nan,nan,nan,nan,nan,nan,3.0027499198913574,8.430000305175781
nan,nan,nan,nan,nan,nan,3.0027499198913574,8.430000305175781
nan,nan,nan,nan,nan,nan,3.0027499198913574,8.430000305175781
nan,nan,nan,nan,nan,nan,3.0027499198913574,8.430000305175781
nan,nan,nan,nan,nan,nan,3.0027499198913574,8.430000305175781
0.8388402914930456,0.01218729419340384,-0.08969223752365824,0.008943234764784277,861.8870545914804,316.72503316575524,0.545124717396409,9.539999961853027
0.8388402914930456,0.01218729419340384,-0.08969223752365824,0.008943234764784277,1313.0943416939535,533.1555621571375,0.545124717396409,9.539999961853027
0.8388402914930456,0.01218729419340384,-0.08969223752365824,0.008943234764784277,42.4204671293103,18.55912554264391,0.545124717396409,9.539999961853027
0.8388402914930456,0.01218729419340384,-0.08969223752365824,0.008943234764784277,4.739640465790198,2.092944029891551,0.545124717396409,9.539999961853027
0.8388402914930456,0.01218729419340384,-0.08969223752365824,0.008943234764784277,4.00376600448141,1.6286828043062298,0.545124717396409,9.539999961853027
nan,nan,nan,nan,nan,nan,4.152510166168213,8.359999656677246
nan,nan,nan,nan,nan,nan,4.152510166168213,8.359999656677246
nan,nan,nan,nan,nan,nan,4.152510166168213,8.359999656677246
nan,nan,nan,nan,nan,nan,4.152510166168213,8.359999656677246
nan,nan,nan,nan,nan,nan,4.152510166168213,8.359999656677246
nan,nan,nan,nan,nan,nan,1.2951725924622135,8.989999771118164
nan,nan,nan,nan,nan,nan,1.2951725924622135,8.989999771118164
nan,nan,nan,nan,nan,nan,1.2951725924622135,8.989999771118164
nan,nan,nan,nan,nan,nan,1.2951725924622135,8.989999771118164
nan,nan,nan,nan,nan,nan,1.2951725924622135,8.989999771118164
0.9091518064064616,0.1567307572083222,0.2790040559126209,0.08772951240688803,26.381980507606045,6.345901259726273,0.8584678437045259,8.539999961853027
0.9091518064064616,0.1567307572083222,0.2790040559126209,0.08772951240688803,11.006305347591555,2.6256804448083755,0.8584678437045259,8.539999961853027
0.9091518064064616,0.1567307572083222,0.2790040559126209,0.08772951240688803,16.885786722923378,3.8956767721865653,0.8584678437045259,8.539999961853027
0.9091518064064616,0.1567307572083222,0.2790040559126209,0.08772951240688803,55.112502510774384,13.356246312473766,0.8584678437045259,8.539999961853027
0.9091518064064616,0.1567307572083222,0.2790040559126209,0.08772951240688803,5.871035662682863,1.36869488167812,0.8584678437045259,8.539999961853027
nan,nan,nan,nan,51.045264130882956,18.43364536251423,0.5344788665829083,9.0
nan,nan,nan,nan,2.6260391331025756,0.9282837163687467,0.5344788665829083,9.0
nan,nan,nan,nan,79.74754678856628,26.388503169002654,0.5344788665829083,9.0
nan,nan,nan,nan,400.4769748140935,144.8077970058375,0.5344788665829083,9.0
nan,nan,nan,nan,1394.5390628278387,365.1926571234362,0.5344788665829083,9.0
0.5129972533238865,0.14643117883867587,0.12932492858504524,0.13132886530141283,15.76946259401597,12.744821006645914,0.41870204561797997,6.820000171661377
0.5129972533238865,0.14643117883867587,0.12932492858504524,0.13132886530141283,60.54827992625968,51.30118572880313,0.41870204561797997,6.820000171661377
0.5129972533238865,0.14643117883867587,0.12932492858504524,0.13132886530141283,6.2714230331625895,5.149037602376591,0.41870204561797997,6.820000171661377
0.5129972533238865,0.14643117883867587,0.12932492858504524,0.13132886530141283,32.7219452872797,29.333698190711864,0.41870204561797997,6.820000171661377
0.5129972533238865,0.14643117883867587,0.12932492858504524,0.13132886530141283,4.598205535615465,4.07169222145802,0.41870204561797997,6.820000171661377
nan,nan,nan,nan,nan,3.5047791454107227,0.6658958447966379,9.489999771118164
nan,nan,nan,nan,nan,58.93625543346308,0.6658958447966379,9.489999771118164
nan,nan,nan,nan,nan,35.18985242159605,0.6658958447966379,9.489999771118164
nan,nan,nan,nan,nan,0.6229245122968544,0.6658958447966379,9.489999771118164
nan,nan,nan,nan,nan,8.551442408235744,0.6658958447966379,9.489999771118164
nan,nan,nan,nan,nan,nan,0.12953919172286987,8.699999809265137
nan,nan,nan,nan,nan,nan,0.12953919172286987,8.699999809265137
nan,nan,nan,nan,nan,nan,0.12953919172286987,8.699999809265137
nan,nan,nan,nan,nan,nan,0.12953919172286987,8.699999809265137
nan,nan,nan,nan,nan,nan,0.12953919172286987,8.699999809265137
nan,nan,nan,nan,nan,nan,0.1294981926482301,8.699999809265137
nan,nan,nan,nan,nan,nan,0.1294981926482301,8.699999809265137
nan,nan,nan,nan,nan,nan,0.1294981926482301,8.699999809265137
nan,nan,nan,nan,nan,nan,0.1294981926482301,8.699999809265137
nan,nan,nan,nan,nan,nan,0.1294981926482301,8.699999809265137
nan,nan,nan,nan,nan,nan,4.158599853515625,8.359999656677246
nan,nan,nan,nan,nan,nan,4.158599853515625,8.359999656677246
nan,nan,nan,nan,nan,nan,4.158599853515625,8.359999656677246
nan,nan,nan,nan,nan,nan,4.158599853515625,8.359999656677246
nan,nan,nan,nan,nan,nan,4.158599853515625,8.359999656677246
nan,nan,nan,nan,nan,nan,3.654370069503784,7.900000095367432
nan,nan,nan,nan,nan,nan,3.654370069503784,7.900000095367432
nan,nan,nan,nan,nan,nan,3.654370069503784,7.900000095367432
nan,nan,nan,nan,nan,nan,3.654370069503784,7.900000095367432
nan,nan,nan,nan,nan,nan,3.654370069503784,7.900000095367432
nan,nan,nan,nan,nan,nan,4.847479820251465,7.849999904632568
nan,nan,nan,nan,nan,nan,4.847479820251465,7.849999904632568
nan,nan,nan,nan,nan,nan,4.847479820251465,7.849999904632568
nan,nan,nan,nan,nan,nan,4.847479820251465,7.849999904632568
nan,nan,nan,nan,nan,nan,4.847479820251465,7.849999904632568
nan,nan,nan,nan,nan,nan,1.095651320480859,9.350000381469727
nan,nan,nan,nan,nan,nan,1.095651320480859,9.350000381469727
nan,nan,nan,nan,nan,nan,1.095651320480859,9.350000381469727
nan,nan,nan,nan,nan,nan,1.095651320480859,9.350000381469727
nan,nan,nan,nan,nan,nan,1.095651320480859,9.350000381469727
nan,nan,nan,nan,nan,nan,1.2282809661579983,9.539999961853027
nan,nan,nan,nan,nan,nan,1.2282809661579983,9.539999961853027
nan,nan,nan,nan,nan,nan,1.2282809661579983,9.539999961853027
nan,nan,nan,nan,nan,nan,1.2282809661579983,9.539999961853027
nan,nan,nan,nan,nan,nan,1.2282809661579983,9.539999961853027
nan,nan,nan,nan,20.72231307694354,nan,0.5355730910102172,7.739999771118164
nan,nan,nan,nan,82.97804928972367,nan,0.5355730910102172,7.739999771118164
nan,nan,nan,nan,9.022503879953847,nan,0.5355730910102172,7.739999771118164
nan,nan,nan,nan,8.56477838613412,nan,0.5355730910102172,7.739999771118164
nan,nan,nan,nan,22.20958221103681,nan,0.5355730910102172,7.739999771118164
nan,nan,nan,nan,nan,nan,0.8927147878230439,7.28000020980835
nan,nan,nan,nan,nan,nan,0.8927147878230439,7.28000020980835
nan,nan,nan,nan,nan,nan,0.8927147878230439,7.28000020980835
nan,nan,nan,nan,nan,nan,0.8927147878230439,7.28000020980835
nan,nan,nan,nan,nan,nan,0.8927147878230439,7.28000020980835
nan,nan,nan,nan,nan,nan,0.8927147878230439,7.28000020980835
nan,nan,nan,nan,nan,nan,0.8927147878230439,7.28000020980835
nan,nan,nan,nan,nan,nan,0.8927147878230439,7.28000020980835
nan,nan,nan,nan,nan,nan,0.8927147878230439,7.28000020980835
nan,nan,nan,nan,nan,nan,0.8927147878230439,7.28000020980835
nan,nan,nan,nan,nan,nan,3.740799903869629,8.279999732971191
nan,nan,nan,nan,nan,nan,3.740799903869629,8.279999732971191
nan,nan,nan,nan,nan,nan,3.740799903869629,8.279999732971191
nan,nan,nan,nan,nan,nan,3.740799903869629,8.279999732971191
nan,nan,nan,nan,nan,nan,3.740799903869629,8.279999732971191
nan,nan,nan,nan,nan,nan,3.2672200202941895,8.170000076293945
nan,nan,nan,nan,nan,nan,3.2672200202941895,8.170000076293945
nan,nan,nan,nan,nan,nan,3.2672200202941895,8.170000076293945
nan,nan,nan,nan,nan,nan,3.2672200202941895,8.170000076293945
nan,nan,nan,nan,nan,nan,3.2672200202941895,8.170000076293945
nan,nan,nan,nan,nan,nan,1.0875145582887442,8.600000381469727
nan,nan,nan,nan,nan,nan,1.0875145582887442,8.600000381469727
nan,nan,nan,nan,nan,nan,1.0875145582887442,8.600000381469727
nan,nan,nan,nan,nan,nan,1.0875145582887442,8.600000381469727
nan,nan,nan,nan,nan,nan,1.0875145582887442,8.600000381469727
nan,nan,nan,nan,nan,nan,0.677631276281571,8.4399995803833
nan,nan,nan,nan,nan,nan,0.677631276281571,8.4399995803833
nan,nan,nan,nan,nan,nan,0.677631276281571,8.4399995803833
nan,nan,nan,nan,nan,nan,0.677631276281571,8.4399995803833
nan,nan,nan,nan,nan,nan,0.677631276281571,8.4399995803833
nan,nan,nan,nan,nan,nan,3.6061201095581055,9.6899995803833
nan,nan,nan,nan,nan,nan,3.6061201095581055,9.6899995803833
nan,nan,nan,nan,nan,nan,3.6061201095581055,9.6899995803833
nan,nan,nan,nan,nan,nan,3.6061201095581055,9.6899995803833
nan,nan,nan,nan,nan,nan,3.6061201095581055,9.6899995803833
nan,nan,nan,nan,nan,nan,1.0811707738108205,9.0
nan,nan,nan,nan,nan,nan,1.0811707738108205,9.0
nan,nan,nan,nan,nan,nan,1.0811707738108205,9.0
nan,nan,nan,nan,nan,nan,1.0811707738108205,9.0
nan,nan,nan,nan,nan,nan,1.0811707738108205,9.0
nan,nan,nan,nan,22.778811447447257,nan,0.53154149400262,8.739999771118164
nan,nan,nan,nan,1.502318093761218,nan,0.53154149400262,8.739999771118164
nan,nan,nan,nan,17.19140285107111,nan,0.53154149400262,8.739999771118164
nan,nan,nan,nan,35.74746504485576,nan,0.53154149400262,8.739999771118164
nan,nan,nan,nan,1.5832282827127266,nan,0.53154149400262,8.739999771118164
nan,nan,nan,nan,nan,nan,1.294312527201583,9.289999961853027
nan,nan,nan,nan,nan,nan,1.294312527201583,9.289999961853027
nan,nan,nan,nan,nan,nan,1.294312527201583,9.289999961853027
nan,nan,nan,nan,nan,nan,1.294312527201583,9.289999961853027
nan,nan,nan,nan,nan,nan,1.294312527201583,9.289999961853027
nan,nan,nan,nan,nan,nan,1.1867801755906333,8.739999771118164
nan,nan,nan,nan,nan,nan,1.1867801755906333,8.739999771118164
nan,nan,nan,nan,nan,nan,1.1867801755906333,8.739999771118164
nan,nan,nan,nan,nan,nan,1.1867801755906333,8.739999771118164
nan,nan,nan,nan,nan,nan,1.1867801755906333,8.739999771118164
nan,nan,nan,nan,440.02446043018443,nan,0.8318667470093282,7.53000020980835
nan,nan,nan,nan,40.498301611099706,nan,0.8318667470093282,7.53000020980835
nan,nan,nan,nan,39.26898025333233,nan,0.8318667470093282,7.53000020980835
nan,nan,nan,nan,33.01527740978432,nan,0.8318667470093282,7.53000020980835
nan,nan,nan,nan,94.32927300380906,nan,0.8318667470093282,7.53000020980835
nan,nan,nan,nan,38.889330147294935,nan,0.7352042740401534,7.96999979019165
nan,nan,nan,nan,5.470185610044195,nan,0.7352042740401534,7.96999979019165
nan,nan,nan,nan,0.9996246723030229,nan,0.7352042740401534,7.96999979019165
nan,nan,nan,nan,0.15975868824110767,nan,0.7352042740401534,7.96999979019165
nan,nan,nan,nan,19.33675456735388,nan,0.7352042740401534,7.96999979019165
nan,nan,nan,nan,nan,nan,0.7304564787949486,8.949999809265137
nan,nan,nan,nan,nan,nan,0.7304564787949486,8.949999809265137
nan,nan,nan,nan,nan,nan,0.7304564787949486,8.949999809265137
nan,nan,nan,nan,nan,nan,0.7304564787949486,8.949999809265137
nan,nan,nan,nan,nan,nan,0.7304564787949486,8.949999809265137
nan,nan,nan,nan,nan,nan,3.2913999557495117,9.600000381469727
nan,nan,nan,nan,nan,nan,3.2913999557495117,9.600000381469727
nan,nan,nan,nan,nan,nan,3.2913999557495117,9.600000381469727
nan,nan,nan,nan,nan,nan,3.2913999557495117,9.600000381469727
nan,nan,nan,nan,nan,nan,3.2913999557495117,9.600000381469727
nan,nan,nan,nan,nan,nan,1.1576777544613206,9.390000343322754
nan,nan,nan,nan,nan,nan,1.1576777544613206,9.390000343322754
nan,nan,nan,nan,nan,nan,1.1576777544613206,9.390000343322754
nan,nan,nan,nan,nan,nan,1.1576777544613206,9.390000343322754
nan,nan,nan,nan,nan,nan,1.1576777544613206,9.390000343322754
nan,nan,nan,nan,nan,nan,3.3141698837280273,9.65999984741211
nan,nan,nan,nan,nan,nan,3.3141698837280273,9.65999984741211
nan,nan,nan,nan,nan,nan,3.3141698837280273,9.65999984741211
nan,nan,nan,nan,nan,nan,3.3141698837280273,9.65999984741211
nan,nan,nan,nan,nan,nan,3.3141698837280273,9.65999984741211
nan,nan,nan,nan,28.217151645027165,nan,0.532791898815,8.869999885559082
nan,nan,nan,nan,3.3414207787007113,nan,0.532791898815,8.869999885559082
nan,nan,nan,nan,10.334365615860754,nan,0.532791898815,8.869999885559082
nan,nan,nan,nan,1.1473136073989691,nan,0.532791898815,8.869999885559082
nan,nan,nan,nan,24.431256260819623,nan,0.532791898815,8.869999885559082
nan,nan,nan,nan,nan,nan,3.2375600337982178,8.8100004196167
nan,nan,nan,nan,nan,nan,3.2375600337982178,8.8100004196167
nan,nan,nan,nan,nan,nan,3.2375600337982178,8.8100004196167
nan,nan,nan,nan,nan,nan,3.2375600337982178,8.8100004196167
nan,nan,nan,nan,nan,nan,3.2375600337982178,8.8100004196167
0.9888060298563365,0.08384925856608859,-0.40384697566455213,0.05849020187518545,48.441981528227195,20.96132026164892,0.33053300573231437,8.850000381469727
0.9888060298563365,0.08384925856608859,-0.40384697566455213,0.05849020187518545,38.226787918299244,17.30766260697834,0.33053300573231437,8.850000381469727
0.9888060298563365,0.08384925856608859,-0.40384697566455213,0.05849020187518545,1.0334078835918379,0.4746561526229414,0.33053300573231437,8.850000381469727
0.9888060298563365,0.08384925856608859,-0.40384697566455213,0.05849020187518545,10.145831998803772,4.580682940075179,0.33053300573231437,8.850000381469727
0.9888060298563365,0.08384925856608859,-0.40384697566455213,0.05849020187518545,39.420446631909584,18.93830140331094,0.33053300573231437,8.850000381469727
nan,nan,nan,nan,nan,nan,1.1867698090418575,9.220000267028809
nan,nan,nan,nan,nan,nan,1.1867698090418575,9.220000267028809
nan,nan,nan,nan,nan,nan,1.1867698090418575,9.220000267028809
nan,nan,nan,nan,nan,nan,1.1867698090418575,9.220000267028809
nan,nan,nan,nan,nan,nan,1.1867698090418575,9.220000267028809
nan,nan,nan,nan,1.9686226598948156,1.4763536335714365,0.5776863194555801,9.869999885559082
nan,nan,nan,nan,16.461481242207658,12.033219637595991,0.5776863194555801,9.869999885559082
nan,nan,nan,nan,217.8070089161778,162.991183067763,0.5776863194555801,9.869999885559082
nan,nan,nan,nan,380.2419151491567,292.7839781818839,0.5776863194555801,9.869999885559082
nan,nan,nan,nan,54.753907315287606,39.265090105639345,0.5776863194555801,9.869999885559082
nan,nan,nan,nan,nan,nan,1.0797470733546333,8.619999885559082
nan,nan,nan,nan,nan,nan,1.0797470733546333,8.619999885559082
nan,nan,nan,nan,nan,nan,1.0797470733546333,8.619999885559082
nan,nan,nan,nan,nan,nan,1.0797470733546333,8.619999885559082
nan,nan,nan,nan,nan,nan,1.0797470733546333,8.619999885559082
nan,nan,nan,nan,62.001799353329886,nan,0.6824802101813863,8.1899995803833
nan,nan,nan,nan,46.05912863919378,nan,0.6824802101813863,8.1899995803833
nan,nan,nan,nan,21.862021068265562,nan,0.6824802101813863,8.1899995803833
nan,nan,nan,nan,6.623929376927501,nan,0.6824802101813863,8.1899995803833
nan,nan,nan,nan,7.2691518612898856,nan,0.6824802101813863,8.1899995803833
nan,nan,nan,nan,nan,nan,0.7826907409932939,8.8100004196167
nan,nan,nan,nan,nan,nan,0.7826907409932939,8.8100004196167
nan,nan,nan,nan,nan,nan,0.7826907409932939,8.8100004196167
nan,nan,nan,nan,nan,nan,0.7826907409932939,8.8100004196167
nan,nan,nan,nan,nan,nan,0.7826907409932939,8.8100004196167
0.7554900881541489,0.07936971187453297,-0.06647595833608438,0.04859005004291992,347.42304356605473,148.22835188685684,0.7320111857764027,9.600000381469727
0.7554900881541489,0.07936971187453297,-0.06647595833608438,0.04859005004291992,70.60421972735507,30.86091419860576,0.7320111857764027,9.600000381469727
0.7554900881541489,0.07936971187453297,-0.06647595833608438,0.04859005004291992,171.47632559834935,77.97552369568665,0.7320111857764027,9.600000381469727
0.7554900881541489,0.07936971187453297,-0.06647595833608438,0.04859005004291992,452.82880792474157,203.53240609004158,0.7320111857764027,9.600000381469727
0.7554900881541489,0.07936971187453297,-0.06647595833608438,0.04859005004291992,3.3978232438095435,1.5083844388638679,0.7320111857764027,9.600000381469727
nan,nan,nan,nan,60.83102046359283,27.631612433076707,0.22755495241739943,6.789999961853027
nan,nan,nan,nan,7.007822520318227,3.078843705243933,0.22755495241739943,6.789999961853027
nan,nan,nan,nan,41.35734795313386,20.233243774065663,0.22755495241739943,6.789999961853027
nan,nan,nan,nan,9.436472033300154,4.139080484399116,0.22755495241739943,6.789999961853027
nan,nan,nan,nan,51.26101819985782,21.47803242547265,0.22755495241739943,6.789999961853027
nan,nan,nan,nan,1.9717681876914495,nan,0.2140729197724331,7.849999904632568
nan,nan,nan,nan,116.48715660721835,nan,0.2140729197724331,7.849999904632568
nan,nan,nan,nan,23.693130055123717,nan,0.2140729197724331,7.849999904632568
nan,nan,nan,nan,62.04034449216326,nan,0.2140729197724331,7.849999904632568
nan,nan,nan,nan,1.6662030355358957,nan,0.2140729197724331,7.849999904632568
nan,nan,nan,nan,nan,nan,1.3815382400099576,9.449999809265137
nan,nan,nan,nan,nan,nan,1.3815382400099576,9.449999809265137
nan,nan,nan,nan,nan,nan,1.3815382400099576,9.449999809265137
nan,nan,nan,nan,nan,nan,1.3815382400099576,9.449999809265137
nan,nan,nan,nan,nan,nan,1.3815382400099576,9.449999809265137
nan,nan,nan,nan,nan,nan,1.2205754339592483,10.210000038146973
nan,nan,nan,nan,nan,nan,1.2205754339592483,10.210000038146973
nan,nan,nan,nan,nan,nan,1.2205754339592483,10.210000038146973
nan,nan,nan,nan,nan,nan,1.2205754339592483,10.210000038146973
nan,nan,nan,nan,nan,nan,1.2205754339592483,10.210000038146973
nan,nan,nan,nan,nan,nan,1.2946730946604288,8.630000114440918
nan,nan,nan,nan,nan,nan,1.2946730946604288,8.630000114440918
nan,nan,nan,nan,nan,nan,1.2946730946604288,8.630000114440918
nan,nan,nan,nan,nan,nan,1.2946730946604288,8.630000114440918
nan,nan,nan,nan,nan,nan,1.2946730946604288,8.630000114440918
nan,nan,nan,nan,nan,nan,4.048910140991211,7.670000076293945
nan,nan,nan,nan,nan,nan,4.048910140991211,7.670000076293945
nan,nan,nan,nan,nan,nan,4.048910140991211,7.670000076293945
nan,nan,nan,nan,nan,nan,4.048910140991211,7.670000076293945
nan,nan,nan,nan,nan,nan,4.048910140991211,7.670000076293945
nan,nan,nan,nan,nan,nan,3.332940101623535,9.550000190734863
nan,nan,nan,nan,nan,nan,3.332940101623535,9.550000190734863
nan,nan,nan,nan,nan,nan,3.332940101623535,9.550000190734863
nan,nan,nan,nan,nan,nan,3.332940101623535,9.550000190734863
nan,nan,nan,nan,nan,nan,3.332940101623535,9.550000190734863
nan,nan,nan,nan,nan,nan,3.678070068359375,7.559999942779541
nan,nan,nan,nan,nan,nan,3.678070068359375,7.559999942779541
nan,nan,nan,nan,nan,nan,3.678070068359375,7.559999942779541
nan,nan,nan,nan,nan,nan,3.678070068359375,7.559999942779541
nan,nan,nan,nan,nan,nan,3.678070068359375,7.559999942779541
nan,nan,nan,nan,nan,nan,1.3806125460486478,10.1899995803833
nan,nan,nan,nan,nan,nan,1.3806125460486478,10.1899995803833
nan,nan,nan,nan,nan,nan,1.3806125460486478,10.1899995803833
nan,nan,nan,nan,nan,nan,1.3806125460486478,10.1899995803833
nan,nan,nan,nan,nan,nan,1.3806125460486478,10.1899995803833
nan,nan,nan,nan,64.52709310536011,nan,0.7363254412164341,8.720000267028809
nan,nan,nan,nan,10.291505265093477,nan,0.7363254412164341,8.720000267028809
nan,nan,nan,nan,156.19536640121711,nan,0.7363254412164341,8.720000267028809
nan,nan,nan,nan,175.64207176433337,nan,0.7363254412164341,8.720000267028809
nan,nan,nan,nan,132.72143969177696,nan,0.7363254412164341,8.720000267028809
nan,nan,nan,nan,1.3633423916916114,0.3610848749174795,0.260774523664141,9.149999618530273
nan,nan,nan,nan,160.17564830128433,40.40245302510372,0.260774523664141,9.149999618530273
nan,nan,nan,nan,328.65615998381105,84.36794970970801,0.260774523664141,9.149999618530273
nan,nan,nan,nan,30.793002431713756,8.410635135467013,0.260774523664141,9.149999618530273
nan,nan,nan,nan,9.4111498962904,2.5067683695765193,0.260774523664141,9.149999618530273
nan,nan,nan,nan,nan,nan,0.6650979164557811,9.4399995803833
nan,nan,nan,nan,nan,nan,0.6650979164557811,9.4399995803833
nan,nan,nan,nan,nan,nan,0.6650979164557811,9.4399995803833
nan,nan,nan,nan,nan,nan,0.6650979164557811,9.4399995803833
nan,nan,nan,nan,nan,nan,0.6650979164557811,9.4399995803833
nan,nan,nan,nan,nan,nan,1.2932167405831456,9.510000228881836
nan,nan,nan,nan,nan,nan,1.2932167405831456,9.510000228881836
nan,nan,nan,nan,nan,nan,1.2932167405831456,9.510000228881836
nan,nan,nan,nan,nan,nan,1.2932167405831456,9.510000228881836
nan,nan,nan,nan,nan,nan,1.2932167405831456,9.510000228881836
nan,nan,nan,nan,nan,nan,3.36296010017395,7.650000095367432
nan,nan,nan,nan,nan,nan,3.36296010017395,7.650000095367432
nan,nan,nan,nan,nan,nan,3.36296010017395,7.650000095367432
nan,nan,nan,nan,nan,nan,3.36296010017395,7.650000095367432
nan,nan,nan,nan,nan,nan,3.36296010017395,7.650000095367432
nan,nan,nan,nan,nan,nan,1.4648610053771627,9.729999542236328
nan,nan,nan,nan,nan,nan,1.4648610053771627,9.729999542236328
nan,nan,nan,nan,nan,nan,1.4648610053771627,9.729999542236328
nan,nan,nan,nan,nan,nan,1.4648610053771627,9.729999542236328
nan,nan,nan,nan,nan,nan,1.4648610053771627,9.729999542236328
nan,nan,nan,nan,2.465224133085625,nan,0.5765916947785956,7.650000095367432
nan,nan,nan,nan,107.51442020919085,nan,0.5765916947785956,7.650000095367432
nan,nan,nan,nan,9.75142483886868,nan,0.5765916947785956,7.650000095367432
nan,nan,nan,nan,12.00088512258393,nan,0.5765916947785956,7.650000095367432
nan,nan,nan,nan,3.7646904121759355,nan,0.5765916947785956,7.650000095367432
nan,nan,nan,nan,45.79169704807469,nan,0.7323455086524919,8.220000267028809
nan,nan,nan,nan,282.74162064786964,nan,0.7323455086524919,8.220000267028809
nan,nan,nan,nan,8.023999559007997,nan,0.7323455086524919,8.220000267028809
nan,nan,nan,nan,nan,nan,0.7323455086524919,8.220000267028809
nan,nan,nan,nan,11.293056941339122,nan,0.7323455086524919,8.220000267028809
nan,nan,nan,nan,17.575057407687208,nan,0.28792516533575796,8.829999923706055
nan,nan,nan,nan,1.3646051066682412,nan,0.28792516533575796,8.829999923706055
nan,nan,nan,nan,8.19892064588488,nan,0.28792516533575796,8.829999923706055
nan,nan,nan,nan,63.492746124775195,nan,0.28792516533575796,8.829999923706055
nan,nan,nan,nan,8.378325338590116,nan,0.28792516533575796,8.829999923706055
nan,nan,nan,nan,nan,nan,0.9812404571891176,8.630000114440918
nan,nan,nan,nan,nan,nan,0.9812404571891176,8.630000114440918
nan,nan,nan,nan,nan,nan,0.9812404571891176,8.630000114440918
nan,nan,nan,nan,nan,nan,0.9812404571891176,8.630000114440918
nan,nan,nan,nan,nan,nan,0.9812404571891176,8.630000114440918
0.390183354804683,0.022207721113050766,-0.30052141048098396,0.037027975059171485,0.5678788476714929,0.889939929672865,0.5449689039633506,10.300000190734863
0.390183354804683,0.022207721113050766,-0.30052141048098396,0.037027975059171485,31.581460571111716,52.96165266062398,0.5449689039633506,10.300000190734863
0.390183354804683,0.022207721113050766,-0.30052141048098396,0.037027975059171485,21.220237441798616,31.971513289430725,0.5449689039633506,10.300000190734863
0.390183354804683,0.022207721113050766,-0.30052141048098396,0.037027975059171485,94.4929760590138,148.87510108934464,0.5449689039633506,10.300000190734863
0.390183354804683,0.022207721113050766,-0.30052141048098396,0.037027975059171485,48.814330798369376,73.29409227843409,0.5449689039633506,10.300000190734863
0.9865393699068115,0.00802327491952465,0.5018595745803847,0.006189569109594849,34.11890689527333,5.689459447433218,0.33752260597332334,8.119999885559082
0.9865393699068115,0.00802327491952465,0.5018595745803847,0.006189569109594849,1034.0791974063202,180.66721456129721,0.33752260597332334,8.119999885559082
0.9865393699068115,0.00802327491952465,0.5018595745803847,0.006189569109594849,4145.078831272558,707.3728696549957,0.33752260597332334,8.119999885559082
0.9865393699068115,0.00802327491952465,0.5018595745803847,0.006189569109594849,3381.38137181433,606.8284126523868,0.33752260597332334,8.119999885559082
0.9865393699068115,0.00802327491952465,0.5018595745803847,0.006189569109594849,161.808348024827,29.10170762551233,0.33752260597332334,8.119999885559082
nan,nan,nan,nan,1.9366979204636927,nan,0.7823773763845099,9.789999961853027
nan,nan,nan,nan,8.812754942900439,nan,0.7823773763845099,9.789999961853027
nan,nan,nan,nan,2.171897908806043,nan,0.7823773763845099,9.789999961853027
nan,nan,nan,nan,23.284204561995317,nan,0.7823773763845099,9.789999961853027
nan,nan,nan,nan,9.996138305304497,nan,0.7823773763845099,9.789999961853027
nan,nan,nan,nan,nan,nan,0.3375839195388568,10.40999984741211
nan,nan,nan,nan,nan,nan,0.3375839195388568,10.40999984741211
nan,nan,nan,nan,nan,nan,0.3375839195388568,10.40999984741211
nan,nan,nan,nan,nan,nan,0.3375839195388568,10.40999984741211
nan,nan,nan,nan,nan,nan,0.3375839195388568,10.40999984741211
nan,nan,nan,nan,nan,nan,1.0148768162028654,10.380000114440918
nan,nan,nan,nan,nan,nan,1.0148768162028654,10.380000114440918
nan,nan,nan,nan,nan,nan,1.0148768162028654,10.380000114440918
nan,nan,nan,nan,nan,nan,1.0148768162028654,10.380000114440918
nan,nan,nan,nan,nan,nan,1.0148768162028654,10.380000114440918
nan,nan,nan,nan,nan,nan,5.649106025695801,7.860000133514404
nan,nan,nan,nan,nan,nan,5.649106025695801,7.860000133514404
nan,nan,nan,nan,nan,nan,5.649106025695801,7.860000133514404
nan,nan,nan,nan,nan,nan,5.649106025695801,7.860000133514404
nan,nan,nan,nan,nan,nan,5.649106025695801,7.860000133514404
nan,nan,nan,nan,nan,nan,1.109756410757174,9.949999809265137
nan,nan,nan,nan,nan,nan,1.109756410757174,9.949999809265137
nan,nan,nan,nan,nan,nan,1.109756410757174,9.949999809265137
nan,nan,nan,nan,nan,nan,1.109756410757174,9.949999809265137
nan,nan,nan,nan,nan,nan,1.109756410757174,9.949999809265137
nan,nan,nan,nan,nan,nan,1.4642460538222766,9.630000114440918
nan,nan,nan,nan,nan,nan,1.4642460538222766,9.630000114440918
nan,nan,nan,nan,nan,nan,1.4642460538222766,9.630000114440918
nan,nan,nan,nan,nan,nan,1.4642460538222766,9.630000114440918
nan,nan,nan,nan,nan,nan,1.4642460538222766,9.630000114440918
nan,nan,nan,nan,nan,nan,0.731125646581096,10.550000190734863
nan,nan,nan,nan,nan,nan,0.731125646581096,10.550000190734863
nan,nan,nan,nan,nan,nan,0.731125646581096,10.550000190734863
nan,nan,nan,nan,nan,nan,0.731125646581096,10.550000190734863
nan,nan,nan,nan,nan,nan,0.731125646581096,10.550000190734863
nan,nan,nan,nan,5.153518647178234,nan,0.6272515093246263,8.300000190734863
nan,nan,nan,nan,39.835391666480724,nan,0.6272515093246263,8.300000190734863
nan,nan,nan,nan,11.019022568320377,nan,0.6272515093246263,8.300000190734863
nan,nan,nan,nan,155.78584132773275,nan,0.6272515093246263,8.300000190734863
nan,nan,nan,nan,23.99366672971418,nan,0.6272515093246263,8.300000190734863
nan,nan,nan,nan,nan,nan,4.504189968109131,9.300000190734863
nan,nan,nan,nan,nan,nan,4.504189968109131,9.300000190734863
nan,nan,nan,nan,nan,nan,4.504189968109131,9.300000190734863
nan,nan,nan,nan,nan,nan,4.504189968109131,9.300000190734863
nan,nan,nan,nan,nan,nan,4.504189968109131,9.300000190734863
0.8969262663476738,0.07410415204227438,0.24588445717271504,0.06001365523017262,154.3054076316162,41.49087287666138,0.6809801256119772,10.15999984741211
0.8969262663476738,0.07410415204227438,0.24588445717271504,0.06001365523017262,79.47737025351447,20.72771878305186,0.6809801256119772,10.15999984741211
0.8969262663476738,0.07410415204227438,0.24588445717271504,0.06001365523017262,1.4502293180022308,0.39060614402074345,0.6809801256119772,10.15999984741211
0.8969262663476738,0.07410415204227438,0.24588445717271504,0.06001365523017262,29.32189608418507,7.580054736084957,0.6809801256119772,10.15999984741211
0.8969262663476738,0.07410415204227438,0.24588445717271504,0.06001365523017262,nan,nan,0.6809801256119772,10.15999984741211
nan,nan,nan,nan,nan,nan,1.3051660011151482,8.899999618530273
nan,nan,nan,nan,nan,nan,1.3051660011151482,8.899999618530273
nan,nan,nan,nan,nan,nan,1.3051660011151482,8.899999618530273
nan,nan,nan,nan,nan,nan,1.3051660011151482,8.899999618530273
nan,nan,nan,nan,nan,nan,1.3051660011151482,8.899999618530273
nan,nan,nan,nan,nan,nan,3.477139949798584,8.539999961853027
nan,nan,nan,nan,nan,nan,3.477139949798584,8.539999961853027
nan,nan,nan,nan,nan,nan,3.477139949798584,8.539999961853027
nan,nan,nan,nan,nan,nan,3.477139949798584,8.539999961853027
nan,nan,nan,nan,nan,nan,3.477139949798584,8.539999961853027
nan,nan,nan,nan,nan,nan,0.33801474210893384,10.510000228881836
nan,nan,nan,nan,nan,nan,0.33801474210893384,10.510000228881836
nan,nan,nan,nan,nan,nan,0.33801474210893384,10.510000228881836
nan,nan,nan,nan,nan,nan,0.33801474210893384,10.510000228881836
nan,nan,nan,nan,nan,nan,0.33801474210893384,10.510000228881836
nan,nan,nan,nan,nan,nan,1.3585689389201518,9.0
nan,nan,nan,nan,nan,nan,1.3585689389201518,9.0
nan,nan,nan,nan,nan,nan,1.3585689389201518,9.0
nan,nan,nan,nan,nan,nan,1.3585689389201518,9.0
nan,nan,nan,nan,nan,nan,1.3585689389201518,9.0
nan,nan,nan,nan,20.869691131006267,nan,0.673541152137551,8.100000381469727
nan,nan,nan,nan,109.41784788064962,nan,0.673541152137551,8.100000381469727
nan,nan,nan,nan,48.364802810549875,nan,0.673541152137551,8.100000381469727
nan,nan,nan,nan,14.377105700175438,nan,0.673541152137551,8.100000381469727
nan,nan,nan,nan,10.04021623868137,nan,0.673541152137551,8.100000381469727
nan,nan,-0.14219288768462784,0.09573309343188464,2.64304882054651,nan,0.7310606621013788,8.949999809265137
nan,nan,-0.14219288768462784,0.09573309343188464,80.77556044519268,nan,0.7310606621013788,8.949999809265137
nan,nan,-0.14219288768462784,0.09573309343188464,21.708920401355556,nan,0.7310606621013788,8.949999809265137
nan,nan,-0.14219288768462784,0.09573309343188464,nan,nan,0.7310606621013788,8.949999809265137
nan,nan,-0.14219288768462784,0.09573309343188464,43.20950389046599,nan,0.7310606621013788,8.949999809265137
nan,nan,nan,nan,26.974770119945823,nan,0.5437691647079239,8.460000038146973
nan,nan,nan,nan,3.6953113914046263,nan,0.5437691647079239,8.460000038146973
nan,nan,nan,nan,5.662466106314548,nan,0.5437691647079239,8.460000038146973
nan,nan,nan,nan,23.87013515238199,nan,0.5437691647079239,8.460000038146973
nan,nan,nan,nan,6.555793582357322,nan,0.5437691647079239,8.460000038146973
nan,nan,nan,nan,nan,nan,1.223258513807632,9.569999694824219
nan,nan,nan,nan,nan,nan,1.223258513807632,9.569999694824219
nan,nan,nan,nan,nan,nan,1.223258513807632,9.569999694824219
nan,nan,nan,nan,nan,nan,1.223258513807632,9.569999694824219
nan,nan,nan,nan,nan,nan,1.223258513807632,9.569999694824219
nan,nan,nan,nan,13.012342425042892,nan,0.734890790243474,8.4399995803833
nan,nan,nan,nan,nan,nan,0.734890790243474,8.4399995803833
nan,nan,nan,nan,30.058065082128717,nan,0.734890790243474,8.4399995803833
nan,nan,nan,nan,6.45796200062951,nan,0.734890790243474,8.4399995803833
nan,nan,nan,nan,13.875491525990585,nan,0.734890790243474,8.4399995803833
nan,nan,nan,nan,nan,nan,1.0105582205528578,9.1899995803833
nan,nan,nan,nan,nan,nan,1.0105582205528578,9.1899995803833
nan,nan,nan,nan,nan,nan,1.0105582205528578,9.1899995803833
nan,nan,nan,nan,nan,nan,1.0105582205528578,9.1899995803833
nan,nan,nan,nan,nan,nan,1.0105582205528578,9.1899995803833
nan,nan,nan,nan,nan,nan,4.8406267166137695,8.65999984741211
nan,nan,nan,nan,nan,nan,4.8406267166137695,8.65999984741211
nan,nan,nan,nan,nan,nan,4.8406267166137695,8.65999984741211
nan,nan,nan,nan,nan,nan,4.8406267166137695,8.65999984741211
nan,nan,nan,nan,nan,nan,4.8406267166137695,8.65999984741211
nan,nan,nan,nan,nan,2.0839272227939625,0.6675624107216913,9.520000457763672
nan,nan,nan,nan,nan,1.6475689072711501,0.6675624107216913,9.520000457763672
nan,nan,nan,nan,nan,26.75020375926528,0.6675624107216913,9.520000457763672
nan,nan,nan,nan,nan,22.237197242723926,0.6675624107216913,9.520000457763672
nan,nan,nan,nan,nan,0.9551871059189796,0.6675624107216913,9.520000457763672
nan,nan,0.11009985177565249,0.06485727376435027,82.04198182346168,nan,0.510326480295982,8.84000015258789
nan,nan,0.11009985177565249,0.06485727376435027,170.80085880581288,nan,0.510326480295982,8.84000015258789
nan,nan,0.11009985177565249,0.06485727376435027,16.4887314299944,nan,0.510326480295982,8.84000015258789
nan,nan,0.11009985177565249,0.06485727376435027,42.16786854542082,nan,0.510326480295982,8.84000015258789
nan,nan,0.11009985177565249,0.06485727376435027,4.867338424901506,nan,0.510326480295982,8.84000015258789
nan,nan,nan,nan,18.355451244962957,5.816953488878195,0.23158096766325928,7.619999885559082
nan,nan,nan,nan,258.1025159846855,84.05691568514165,0.23158096766325928,7.619999885559082
nan,nan,nan,nan,393.2338333592573,126.07514224830378,0.23158096766325928,7.619999885559082
nan,nan,nan,nan,958.5725912369385,310.32885622262665,0.23158096766325928,7.619999885559082
nan,nan,nan,nan,816.4372465676371,261.80483484357,0.23158096766325928,7.619999885559082
nan,nan,nan,nan,nan,nan,1.11897052365907,10.619999885559082
nan,nan,nan,nan,nan,nan,1.11897052365907,10.619999885559082
nan,nan,nan,nan,nan,nan,1.11897052365907,10.619999885559082
nan,nan,nan,nan,nan,nan,1.11897052365907,10.619999885559082
nan,nan,nan,nan,nan,nan,1.11897052365907,10.619999885559082
nan,nan,nan,nan,10.523102447224145,nan,0.7343268689075324,8.109999656677246
nan,nan,nan,nan,14.48692821816099,nan,0.7343268689075324,8.109999656677246
nan,nan,nan,nan,7.761336930021427,nan,0.7343268689075324,8.109999656677246
nan,nan,nan,nan,26.58854447386452,nan,0.7343268689075324,8.109999656677246
nan,nan,nan,nan,38.73929255816086,nan,0.7343268689075324,8.109999656677246
nan,nan,nan,nan,7.6635816408655435,nan,0.6810341467537218,7.710000038146973
nan,nan,nan,nan,298.0112082115551,nan,0.6810341467537218,7.710000038146973
nan,nan,nan,nan,179.5508618388931,nan,0.6810341467537218,7.710000038146973
nan,nan,nan,nan,107.38755732407404,nan,0.6810341467537218,7.710000038146973
nan,nan,nan,nan,111.22459319434054,nan,0.6810341467537218,7.710000038146973
0.7106177712214982,0.0868355679755759,0.14443285443028558,0.05461711694213877,297.7726878407356,123.15314636769396,0.7358445167232578,9.15999984741211
0.7106177712214982,0.0868355679755759,0.14443285443028558,0.05461711694213877,65.20082952926684,26.657959332766264,0.7358445167232578,9.15999984741211
0.7106177712214982,0.0868355679755759,0.14443285443028558,0.05461711694213877,45.45770217194821,18.816264504470155,0.7358445167232578,9.15999984741211
0.7106177712214982,0.0868355679755759,0.14443285443028558,0.05461711694213877,4.1763502858186135,1.7264929192383915,0.7358445167232578,9.15999984741211
0.7106177712214982,0.0868355679755759,0.14443285443028558,0.05461711694213877,82.5798572965634,33.5746738041246,0.7358445167232578,9.15999984741211
nan,nan,nan,nan,0.8538442365590136,nan,0.3670665919780731,8.609999656677246
nan,nan,nan,nan,4.95248061814416,nan,0.3670665919780731,8.609999656677246
nan,nan,nan,nan,15.125351567290673,nan,0.3670665919780731,8.609999656677246
nan,nan,nan,nan,69.63782362771346,nan,0.3670665919780731,8.609999656677246
nan,nan,nan,nan,20.868061820950093,nan,0.3670665919780731,8.609999656677246
nan,nan,nan,nan,nan,nan,4.027890205383301,8.550000190734863
nan,nan,nan,nan,nan,nan,4.027890205383301,8.550000190734863
nan,nan,nan,nan,nan,nan,4.027890205383301,8.550000190734863
nan,nan,nan,nan,nan,nan,4.027890205383301,8.550000190734863
nan,nan,nan,nan,nan,nan,4.027890205383301,8.550000190734863
nan,nan,nan,nan,nan,nan,0.7238361510752431,7.550000190734863
nan,nan,nan,nan,nan,nan,0.7238361510752431,7.550000190734863
nan,nan,nan,nan,nan,nan,0.7238361510752431,7.550000190734863
nan,nan,nan,nan,nan,nan,0.7238361510752431,7.550000190734863
nan,nan,nan,nan,nan,nan,0.7238361510752431,7.550000190734863
nan,nan,nan,nan,nan,nan,0.13091306779597092,7.769999980926514
nan,nan,nan,nan,nan,nan,0.13091306779597092,7.769999980926514
nan,nan,nan,nan,nan,nan,0.13091306779597092,7.769999980926514
nan,nan,nan,nan,nan,nan,0.13091306779597092,7.769999980926514
nan,nan,nan,nan,nan,nan,0.13091306779597092,7.769999980926514
0.9577385886020996,0.03735278959311249,0.11541106053464054,0.018415736060387836,12.26909467916721,2.948726278815843,0.3375352047463488,8.770000457763672
0.9577385886020996,0.03735278959311249,0.11541106053464054,0.018415736060387836,nan,nan,0.3375352047463488,8.770000457763672
0.9577385886020996,0.03735278959311249,0.11541106053464054,0.018415736060387836,5.946396522004188,1.478289987949546,0.3375352047463488,8.770000457763672
0.9577385886020996,0.03735278959311249,0.11541106053464054,0.018415736060387836,917.0401665135471,225.9344189846645,0.3375352047463488,8.770000457763672
0.9577385886020996,0.03735278959311249,0.11541106053464054,0.018415736060387836,859.7962105983407,204.27123742743635,0.3375352047463488,8.770000457763672
nan,nan,nan,nan,nan,nan,4.507450103759766,9.6899995803833
nan,nan,nan,nan,nan,nan,4.507450103759766,9.6899995803833
nan,nan,nan,nan,nan,nan,4.507450103759766,9.6899995803833
nan,nan,nan,nan,nan,nan,4.507450103759766,9.6899995803833
nan,nan,nan,nan,nan,nan,4.507450103759766,9.6899995803833
nan,nan,nan,nan,nan,nan,3.0678799152374268,10.15999984741211
nan,nan,nan,nan,nan,nan,3.0678799152374268,10.15999984741211
nan,nan,nan,nan,nan,nan,3.0678799152374268,10.15999984741211
nan,nan,nan,nan,nan,nan,3.0678799152374268,10.15999984741211
nan,nan,nan,nan,nan,nan,3.0678799152374268,10.15999984741211
nan,nan,nan,nan,7.669261520802897,nan,0.845444771243924,8.4399995803833
nan,nan,nan,nan,16.320244982563057,nan,0.845444771243924,8.4399995803833
nan,nan,nan,nan,24.189617102807524,nan,0.845444771243924,8.4399995803833
nan,nan,nan,nan,nan,nan,0.845444771243924,8.4399995803833
nan,nan,nan,nan,8.753941885584565,nan,0.845444771243924,8.4399995803833
nan,nan,nan,nan,nan,nan,4.495510101318359,9.020000457763672
nan,nan,nan,nan,nan,nan,4.495510101318359,9.020000457763672
nan,nan,nan,nan,nan,nan,4.495510101318359,9.020000457763672
nan,nan,nan,nan,nan,nan,4.495510101318359,9.020000457763672
nan,nan,nan,nan,nan,nan,4.495510101318359,9.020000457763672
nan,nan,nan,nan,nan,nan,5.402860164642334,8.479999542236328
nan,nan,nan,nan,nan,nan,5.402860164642334,8.479999542236328
nan,nan,nan,nan,nan,nan,5.402860164642334,8.479999542236328
nan,nan,nan,nan,nan,nan,5.402860164642334,8.479999542236328
nan,nan,nan,nan,nan,nan,5.402860164642334,8.479999542236328
nan,nan,nan,nan,nan,nan,3.570509910583496,9.630000114440918
nan,nan,nan,nan,nan,nan,3.570509910583496,9.630000114440918
nan,nan,nan,nan,nan,nan,3.570509910583496,9.630000114440918
nan,nan,nan,nan,nan,nan,3.570509910583496,9.630000114440918
nan,nan,nan,nan,nan,nan,3.570509910583496,9.630000114440918
nan,nan,0.22648989634948263,0.11474685755411773,31.684318004561643,nan,0.619120180606842,8.6899995803833
nan,nan,0.22648989634948263,0.11474685755411773,0.3074521057235004,nan,0.619120180606842,8.6899995803833
nan,nan,0.22648989634948263,0.11474685755411773,6.102156744384492,nan,0.619120180606842,8.6899995803833
nan,nan,0.22648989634948263,0.11474685755411773,61.23778607337235,nan,0.619120180606842,8.6899995803833
nan,nan,0.22648989634948263,0.11474685755411773,95.42595472713158,nan,0.619120180606842,8.6899995803833
nan,nan,nan,nan,nan,nan,3.3724300861358643,9.34000015258789
nan,nan,nan,nan,nan,nan,3.3724300861358643,9.34000015258789
nan,nan,nan,nan,nan,nan,3.3724300861358643,9.34000015258789
nan,nan,nan,nan,nan,nan,3.3724300861358643,9.34000015258789
nan,nan,nan,nan,nan,nan,3.3724300861358643,9.34000015258789
0.8260119210254273,0.15020307929085452,0.3764793324070341,0.14546849673372167,14.913391392726384,3.41357410628226,0.3377580050083808,6.800000190734863
0.8260119210254273,0.15020307929085452,0.3764793324070341,0.14546849673372167,83.12595984618477,19.908666101049004,0.3377580050083808,6.800000190734863
0.8260119210254273,0.15020307929085452,0.3764793324070341,0.14546849673372167,0.5384890286918455,0.1431088095426241,0.3377580050083808,6.800000190734863
0.8260119210254273,0.15020307929085452,0.3764793324070341,0.14546849673372167,13.17876070111454,3.0096757305663915,0.3377580050083808,6.800000190734863
0.8260119210254273,0.15020307929085452,0.3764793324070341,0.14546849673372167,47711.69082052354,15185.492279524115,0.3377580050083808,6.800000190734863
nan,nan,nan,nan,nan,nan,0.9640644485635697,8.850000381469727
nan,nan,nan,nan,nan,nan,0.9640644485635697,8.850000381469727
nan,nan,nan,nan,nan,nan,0.9640644485635697,8.850000381469727
nan,nan,nan,nan,nan,nan,0.9640644485635697,8.850000381469727
nan,nan,nan,nan,nan,nan,0.9640644485635697,8.850000381469727
0.8930077094532554,0.08322457486539057,0.4210171933836343,0.04330885068997077,28.137113474319776,6.336416858889404,0.730466219327615,8.720000267028809
0.8930077094532554,0.08322457486539057,0.4210171933836343,0.04330885068997077,78.72748016815811,17.296306146214896,0.730466219327615,8.720000267028809
0.8930077094532554,0.08322457486539057,0.4210171933836343,0.04330885068997077,156.9869890256362,35.106971948462366,0.730466219327615,8.720000267028809
0.8930077094532554,0.08322457486539057,0.4210171933836343,0.04330885068997077,17.184242214326893,3.8708430782776353,0.730466219327615,8.720000267028809
0.8930077094532554,0.08322457486539057,0.4210171933836343,0.04330885068997077,151.85444248367978,34.11039529329983,0.730466219327615,8.720000267028809
nan,nan,nan,nan,nan,nan,1.491903147800754,10.119999885559082
nan,nan,nan,nan,nan,nan,1.491903147800754,10.119999885559082
nan,nan,nan,nan,nan,nan,1.491903147800754,10.119999885559082
nan,nan,nan,nan,nan,nan,1.491903147800754,10.119999885559082
nan,nan,nan,nan,nan,nan,1.491903147800754,10.119999885559082
nan,nan,nan,nan,860.4364957848661,398.2476722316725,0.24661916444005622,9.149999618530273
nan,nan,nan,nan,24.681197461817835,11.257202250547747,0.24661916444005622,9.149999618530273
nan,nan,nan,nan,1.0097761693829046,0.4589772925494491,0.24661916444005622,9.149999618530273
nan,nan,nan,nan,17.391072212722175,7.900203542388873,0.24661916444005622,9.149999618530273
nan,nan,nan,nan,18.603425143781795,8.506945637287336,0.24661916444005622,9.149999618530273
nan,nan,nan,nan,nan,nan,0.9977584481239319,8.90999984741211
nan,nan,nan,nan,nan,nan,0.9977584481239319,8.90999984741211
nan,nan,nan,nan,nan,nan,0.9977584481239319,8.90999984741211
nan,nan,nan,nan,nan,nan,0.9977584481239319,8.90999984741211
nan,nan,nan,nan,nan,nan,0.9977584481239319,8.90999984741211
nan,nan,nan,nan,7.648329189783758,nan,0.8322884471705123,9.489999771118164
nan,nan,nan,nan,16.39611870475451,nan,0.8322884471705123,9.489999771118164
nan,nan,nan,nan,nan,nan,0.8322884471705123,9.489999771118164
nan,nan,nan,nan,57.52474090181327,nan,0.8322884471705123,9.489999771118164
nan,nan,nan,nan,2.3357583630079715,nan,0.8322884471705123,9.489999771118164
1.0771810180682517,0.18731988388329196,1.2482893829605595,0.16701287223199998,162.0413925136391,16.79391225447027,0.8329157167465804,8.420000076293945
1.0771810180682517,0.18731988388329196,1.2482893829605595,0.16701287223199998,316.04278593977955,33.8910836416442,0.8329157167465804,8.420000076293945
1.0771810180682517,0.18731988388329196,1.2482893829605595,0.16701287223199998,870.456184675234,96.25350538884557,0.8329157167465804,8.420000076293945
1.0771810180682517,0.18731988388329196,1.2482893829605595,0.16701287223199998,388.03387410706586,40.47267034862081,0.8329157167465804,8.420000076293945
1.0771810180682517,0.18731988388329196,1.2482893829605595,0.16701287223199998,31.995555992839922,3.4151080625742565,0.8329157167465804,8.420000076293945
nan,nan,nan,nan,72.28738578419744,nan,0.6050687709308608,8.079999923706055
nan,nan,nan,nan,13.93311807313065,nan,0.6050687709308608,8.079999923706055
nan,nan,nan,nan,70.46915028075452,nan,0.6050687709308608,8.079999923706055
nan,nan,nan,nan,7.5143458070200175,nan,0.6050687709308608,8.079999923706055
nan,nan,nan,nan,17.054757619138872,nan,0.6050687709308608,8.079999923706055
nan,nan,nan,nan,nan,nan,4.770400047302246,nan
nan,nan,nan,nan,nan,nan,4.770400047302246,nan
nan,nan,nan,nan,nan,nan,4.770400047302246,nan
nan,nan,nan,nan,nan,nan,4.770400047302246,nan
nan,nan,nan,nan,nan,nan,4.770400047302246,nan
nan,nan,nan,nan,nan,nan,0.735006879598961,9.279999732971191
nan,nan,nan,nan,nan,nan,0.735006879598961,9.279999732971191
nan,nan,nan,nan,nan,nan,0.735006879598961,9.279999732971191
nan,nan,nan,nan,nan,nan,0.735006879598961,9.279999732971191
nan,nan,nan,nan,nan,nan,0.735006879598961,9.279999732971191
nan,nan,nan,nan,nan,nan,0.12387861914879017,5.760000228881836
nan,nan,nan,nan,nan,nan,0.12387861914879017,5.760000228881836
nan,nan,nan,nan,nan,nan,0.12387861914879017,5.760000228881836
nan,nan,nan,nan,nan,nan,0.12387861914879017,5.760000228881836
nan,nan,nan,nan,nan,nan,0.12387861914879017,5.760000228881836
nan,nan,nan,nan,nan,nan,0.998347028526835,8.609999656677246
nan,nan,nan,nan,nan,nan,0.998347028526835,8.609999656677246
nan,nan,nan,nan,nan,nan,0.998347028526835,8.609999656677246
nan,nan,nan,nan,nan,nan,0.998347028526835,8.609999656677246
nan,nan,nan,nan,nan,nan,0.998347028526835,8.609999656677246
nan,nan,nan,nan,57.73113098565167,29.35535449341819,0.3380253796077622,8.720000267028809
nan,nan,nan,nan,77.44136045478704,36.53101689800293,0.3380253796077622,8.720000267028809
nan,nan,nan,nan,194.82068680499208,77.54034081991774,0.3380253796077622,8.720000267028809
nan,nan,nan,nan,1.1605218584299541,0.6009323573198465,0.3380253796077622,8.720000267028809
nan,nan,nan,nan,35.075211574631766,17.481999210330823,0.3380253796077622,8.720000267028809
nan,nan,nan,nan,nan,nan,4.37893009185791,8.460000038146973
nan,nan,nan,nan,nan,nan,4.37893009185791,8.460000038146973
nan,nan,nan,nan,nan,nan,4.37893009185791,8.460000038146973
nan,nan,nan,nan,nan,nan,4.37893009185791,8.460000038146973
nan,nan,nan,nan,nan,nan,4.37893009185791,8.460000038146973
nan,nan,nan,nan,nan,nan,1.1196572848570834,9.289999961853027
nan,nan,nan,nan,nan,nan,1.1196572848570834,9.289999961853027
nan,nan,nan,nan,nan,nan,1.1196572848570834,9.289999961853027
nan,nan,nan,nan,nan,nan,1.1196572848570834,9.289999961853027
nan,nan,nan,nan,nan,nan,1.1196572848570834,9.289999961853027
0.770460149670452,0.07763396277065925,-0.06667169989983217,0.044905762958056684,34.372779094504274,16.934761549017775,0.3303412943726583,8.300000190734863
0.770460149670452,0.07763396277065925,-0.06667169989983217,0.044905762958056684,3.1856334329200986,1.4638336722896081,0.3303412943726583,8.300000190734863
0.770460149670452,0.07763396277065925,-0.06667169989983217,0.044905762958056684,118.26646546037517,56.998983325854084,0.3303412943726583,8.300000190734863
0.770460149670452,0.07763396277065925,-0.06667169989983217,0.044905762958056684,16.763503181981747,8.008320460544535,0.3303412943726583,8.300000190734863
0.770460149670452,0.07763396277065925,-0.06667169989983217,0.044905762958056684,69.26737456689307,31.465483056080767,0.3303412943726583,8.300000190734863
0.5939861259702339,0.07055289076479819,-0.4576232754535953,0.11284347047048748,72.47838245470284,91.94609274577365,0.522111177444458,9.510000228881836
0.5939861259702339,0.07055289076479819,-0.4576232754535953,0.11284347047048748,12.016299855129713,15.332511216305807,0.522111177444458,9.510000228881836
0.5939861259702339,0.07055289076479819,-0.4576232754535953,0.11284347047048748,14.089202202166387,18.559880926182025,0.522111177444458,9.510000228881836
0.5939861259702339,0.07055289076479819,-0.4576232754535953,0.11284347047048748,2.0864954524862926,2.7849047923685917,0.522111177444458,9.510000228881836
0.5939861259702339,0.07055289076479819,-0.4576232754535953,0.11284347047048748,0.5637010516476665,0.7350319363136388,0.522111177444458,9.510000228881836
nan,nan,nan,nan,130.07407813192285,nan,0.7348923386527668,8.40999984741211
nan,nan,nan,nan,64.42090874595984,nan,0.7348923386527668,8.40999984741211
nan,nan,nan,nan,52.784437232739265,nan,0.7348923386527668,8.40999984741211
nan,nan,nan,nan,9.774266663755574,nan,0.7348923386527668,8.40999984741211
nan,nan,nan,nan,116.45536358202962,nan,0.7348923386527668,8.40999984741211
nan,nan,nan,nan,nan,nan,1.022217534924894,8.699999809265137
nan,nan,nan,nan,nan,nan,1.022217534924894,8.699999809265137
nan,nan,nan,nan,nan,nan,1.022217534924894,8.699999809265137
nan,nan,nan,nan,nan,nan,1.022217534924894,8.699999809265137
nan,nan,nan,nan,nan,nan,1.022217534924894,8.699999809265137
nan,nan,nan,nan,nan,nan,1.047543052246597,9.529999732971191
nan,nan,nan,nan,nan,nan,1.047543052246597,9.529999732971191
nan,nan,nan,nan,nan,nan,1.047543052246597,9.529999732971191
nan,nan,nan,nan,nan,nan,1.047543052246597,9.529999732971191
nan,nan,nan,nan,nan,nan,1.047543052246597,9.529999732971191
nan,nan,nan,nan,nan,nan,3.167289972305298,9.729999542236328
nan,nan,nan,nan,nan,nan,3.167289972305298,9.729999542236328
nan,nan,nan,nan,nan,nan,3.167289972305298,9.729999542236328
nan,nan,nan,nan,nan,nan,3.167289972305298,9.729999542236328
nan,nan,nan,nan,nan,nan,3.167289972305298,9.729999542236328
nan,nan,nan,nan,nan,nan,5.7871198654174805,9.579999923706055
nan,nan,nan,nan,nan,nan,5.7871198654174805,9.579999923706055
nan,nan,nan,nan,nan,nan,5.7871198654174805,9.579999923706055
nan,nan,nan,nan,nan,nan,5.7871198654174805,9.579999923706055
nan,nan,nan,nan,nan,nan,5.7871198654174805,9.579999923706055
nan,nan,0.07770158036535207,0.04951103760025471,6.929964852243172,nan,0.734666356557411,8.829999923706055
nan,nan,0.07770158036535207,0.04951103760025471,45.03398059749243,nan,0.734666356557411,8.829999923706055
nan,nan,0.07770158036535207,0.04951103760025471,nan,nan,0.734666356557411,8.829999923706055
nan,nan,0.07770158036535207,0.04951103760025471,10.877510418355053,nan,0.734666356557411,8.829999923706055
nan,nan,0.07770158036535207,0.04951103760025471,14.24509412785935,nan,0.734666356557411,8.829999923706055
nan,nan,nan,nan,681.8670777301529,324.12378537347496,0.5470590591430664,9.09000015258789
nan,nan,nan,nan,32.7434400145053,12.619145942708212,0.5470590591430664,9.09000015258789
nan,nan,nan,nan,nan,nan,0.5470590591430664,9.09000015258789
nan,nan,nan,nan,1.7672465116197746,0.737503960205192,0.5470590591430664,9.09000015258789
nan,nan,nan,nan,38.67311698591113,16.420391579710106,0.5470590591430664,9.09000015258789
nan,nan,nan,nan,nan,2.4877328226160307,0.7355939402433842,8.850000381469727
nan,nan,nan,nan,nan,8.85911492996333,0.7355939402433842,8.850000381469727
nan,nan,nan,nan,nan,2.713255867411677,0.7355939402433842,8.850000381469727
nan,nan,nan,nan,nan,55.450122941751964,0.7355939402433842,8.850000381469727
nan,nan,nan,nan,nan,173.59679122134088,0.7355939402433842,8.850000381469727
nan,nan,nan,nan,nan,nan,3.2390072345733643,9.359999656677246
nan,nan,nan,nan,nan,nan,3.2390072345733643,9.359999656677246
nan,nan,nan,nan,nan,nan,3.2390072345733643,9.359999656677246
nan,nan,nan,nan,nan,nan,3.2390072345733643,9.359999656677246
nan,nan,nan,nan,nan,nan,3.2390072345733643,9.359999656677246
nan,nan,nan,nan,nan,nan,3.7393300533294678,8.149999618530273
nan,nan,nan,nan,nan,nan,3.7393300533294678,8.149999618530273
nan,nan,nan,nan,nan,nan,3.7393300533294678,8.149999618530273
nan,nan,nan,nan,nan,nan,3.7393300533294678,8.149999618530273
nan,nan,nan,nan,nan,nan,3.7393300533294678,8.149999618530273
nan,nan,nan,nan,nan,nan,3.8154757022857666,9.619999885559082
nan,nan,nan,nan,nan,nan,3.8154757022857666,9.619999885559082
nan,nan,nan,nan,nan,nan,3.8154757022857666,9.619999885559082
nan,nan,nan,nan,nan,nan,3.8154757022857666,9.619999885559082
nan,nan,nan,nan,nan,nan,3.8154757022857666,9.619999885559082
nan,nan,nan,nan,154.37821584764725,54.871539907021756,0.2322273028500691,8.5600004196167
nan,nan,nan,nan,1.9146719099582992,0.7104986812303564,0.2322273028500691,8.5600004196167
nan,nan,nan,nan,188.71033825792455,70.93171840417473,0.2322273028500691,8.5600004196167
nan,nan,nan,nan,20.270938399528077,7.320264592523163,0.2322273028500691,8.5600004196167
nan,nan,nan,nan,82.08021997103438,31.087302027900133,0.2322273028500691,8.5600004196167
nan,nan,nan,nan,nan,nan,0.6675114631652832,8.859999656677246
nan,nan,nan,nan,nan,nan,0.6675114631652832,8.859999656677246
nan,nan,nan,nan,nan,nan,0.6675114631652832,8.859999656677246
nan,nan,nan,nan,nan,nan,0.6675114631652832,8.859999656677246
nan,nan,nan,nan,nan,nan,0.6675114631652832,8.859999656677246
0.7755916936320043,0.09575501682860686,0.3506399508333215,0.08161590122855833,37.89241549503279,12.72513736417821,0.6050458433444426,8.069999694824219
0.7755916936320043,0.09575501682860686,0.3506399508333215,0.08161590122855833,68.91950731052589,22.723715262216597,0.6050458433444426,8.069999694824219
0.7755916936320043,0.09575501682860686,0.3506399508333215,0.08161590122855833,9.71601534964773,3.359086922467619,0.6050458433444426,8.069999694824219
0.7755916936320043,0.09575501682860686,0.3506399508333215,0.08161590122855833,6.9539081828947795,2.3465883340005083,0.6050458433444426,8.069999694824219
0.7755916936320043,0.09575501682860686,0.3506399508333215,0.08161590122855833,10.071266973088132,3.609760626834047,0.6050458433444426,8.069999694824219
nan,nan,nan,nan,nan,nan,3.0271236896514893,9.180000305175781
nan,nan,nan,nan,nan,nan,3.0271236896514893,9.180000305175781
nan,nan,nan,nan,nan,nan,3.0271236896514893,9.180000305175781
nan,nan,nan,nan,nan,nan,3.0271236896514893,9.180000305175781
nan,nan,nan,nan,nan,nan,3.0271236896514893,9.180000305175781
nan,nan,nan,nan,nan,nan,0.9608743224391971,8.880000114440918
nan,nan,nan,nan,nan,nan,0.9608743224391971,8.880000114440918
nan,nan,nan,nan,nan,nan,0.9608743224391971,8.880000114440918
nan,nan,nan,nan,nan,nan,0.9608743224391971,8.880000114440918
nan,nan,nan,nan,nan,nan,0.9608743224391971,8.880000114440918
nan,nan,nan,nan,7.611001960350653,nan,0.5766171225130339,6.840000152587891
nan,nan,nan,nan,19.528079828546677,nan,0.5766171225130339,6.840000152587891
nan,nan,nan,nan,nan,nan,0.5766171225130339,6.840000152587891
nan,nan,nan,nan,74.87164000689727,nan,0.5766171225130339,6.840000152587891
nan,nan,nan,nan,23.21489338542127,nan,0.5766171225130339,6.840000152587891
nan,nan,nan,nan,nan,4.673289255007684,0.6777326655383951,9.15999984741211
nan,nan,nan,nan,nan,0.8520416415532197,0.6777326655383951,9.15999984741211
nan,nan,nan,nan,nan,10.27305553418591,0.6777326655383951,9.15999984741211
nan,nan,nan,nan,nan,0.7536128159628971,0.6777326655383951,9.15999984741211
nan,nan,nan,nan,nan,0.017515530764094935,0.6777326655383951,9.15999984741211
nan,nan,nan,nan,nan,nan,0.9540271162986755,8.399999618530273
nan,nan,nan,nan,nan,nan,0.9540271162986755,8.399999618530273
nan,nan,nan,nan,nan,nan,0.9540271162986755,8.399999618530273
nan,nan,nan,nan,nan,nan,0.9540271162986755,8.399999618530273
nan,nan,nan,nan,nan,nan,0.9540271162986755,8.399999618530273
nan,nan,nan,nan,nan,nan,3.1881799697875977,7.710000038146973
nan,nan,nan,nan,nan,nan,3.1881799697875977,7.710000038146973
nan,nan,nan,nan,nan,nan,3.1881799697875977,7.710000038146973
nan,nan,nan,nan,nan,nan,3.1881799697875977,7.710000038146973
nan,nan,nan,nan,nan,nan,3.1881799697875977,7.710000038146973
nan,nan,nan,nan,nan,nan,1.2948832125310958,9.180000305175781
nan,nan,nan,nan,nan,nan,1.2948832125310958,9.180000305175781
nan,nan,nan,nan,nan,nan,1.2948832125310958,9.180000305175781
nan,nan,nan,nan,nan,nan,1.2948832125310958,9.180000305175781
nan,nan,nan,nan,nan,nan,1.2948832125310958,9.180000305175781
nan,nan,nan,nan,nan,nan,3.4728946685791016,9.020000457763672
nan,nan,nan,nan,nan,nan,3.4728946685791016,9.020000457763672
nan,nan,nan,nan,nan,nan,3.4728946685791016,9.020000457763672
nan,nan,nan,nan,nan,nan,3.4728946685791016,9.020000457763672
nan,nan,nan,nan,nan,nan,3.4728946685791016,9.020000457763672
nan,nan,nan,nan,nan,nan,2.99780011177063,8.119999885559082
nan,nan,nan,nan,nan,nan,2.99780011177063,8.119999885559082
nan,nan,nan,nan,nan,nan,2.99780011177063,8.119999885559082
nan,nan,nan,nan,nan,nan,2.99780011177063,8.119999885559082
nan,nan,nan,nan,nan,nan,2.99780011177063,8.119999885559082
nan,nan,nan,nan,nan,nan,1.467469316111658,9.59000015258789
nan,nan,nan,nan,nan,nan,1.467469316111658,9.59000015258789
nan,nan,nan,nan,nan,nan,1.467469316111658,9.59000015258789
nan,nan,nan,nan,nan,nan,1.467469316111658,9.59000015258789
nan,nan,nan,nan,nan,nan,1.467469316111658,9.59000015258789
nan,nan,nan,nan,nan,nan,0.8401277685883264,9.260000228881836
nan,nan,nan,nan,nan,nan,0.8401277685883264,9.260000228881836
nan,nan,nan,nan,nan,nan,0.8401277685883264,9.260000228881836
nan,nan,nan,nan,nan,nan,0.8401277685883264,9.260000228881836
nan,nan,nan,nan,nan,nan,0.8401277685883264,9.260000228881836
nan,nan,nan,nan,nan,nan,1.2761927843093872,8.770000457763672
nan,nan,nan,nan,nan,nan,1.2761927843093872,8.770000457763672
nan,nan,nan,nan,nan,nan,1.2761927843093872,8.770000457763672
nan,nan,nan,nan,nan,nan,1.2761927843093872,8.770000457763672
nan,nan,nan,nan,nan,nan,1.2761927843093872,8.770000457763672
nan,nan,nan,nan,5.965174360267707,3.1921340697213525,0.5606892015001023,9.0
nan,nan,nan,nan,121.59579149661258,63.53108593027096,0.5606892015001023,9.0
nan,nan,nan,nan,221.88765309131708,118.53490106002938,0.5606892015001023,9.0
nan,nan,nan,nan,490.65012216288676,271.94498042555796,0.5606892015001023,9.0
nan,nan,nan,nan,177.55107498087534,91.61590526806087,0.5606892015001023,9.0
nan,nan,nan,nan,nan,nan,0.6041158691608555,8.350000381469727
nan,nan,nan,nan,nan,nan,0.6041158691608555,8.350000381469727
nan,nan,nan,nan,nan,nan,0.6041158691608555,8.350000381469727
nan,nan,nan,nan,nan,nan,0.6041158691608555,8.350000381469727
nan,nan,nan,nan,nan,nan,0.6041158691608555,8.350000381469727
nan,nan,nan,nan,124.19309556849666,nan,0.604339393979421,7.46999979019165
nan,nan,nan,nan,34.209758051148874,nan,0.604339393979421,7.46999979019165
nan,nan,nan,nan,127.45552883820133,nan,0.604339393979421,7.46999979019165
nan,nan,nan,nan,124.8716045147531,nan,0.604339393979421,7.46999979019165
nan,nan,nan,nan,254.95214163873703,nan,0.604339393979421,7.46999979019165
nan,nan,nan,nan,nan,nan,4.150163650512695,nan
nan,nan,nan,nan,nan,nan,4.150163650512695,nan
nan,nan,nan,nan,nan,nan,4.150163650512695,nan
nan,nan,nan,nan,nan,nan,4.150163650512695,nan
nan,nan,nan,nan,nan,nan,4.150163650512695,nan
nan,nan,nan,nan,nan,nan,4.433883190155029,8.289999961853027
nan,nan,nan,nan,nan,nan,4.433883190155029,8.289999961853027
nan,nan,nan,nan,nan,nan,4.433883190155029,8.289999961853027
nan,nan,nan,nan,nan,nan,4.433883190155029,8.289999961853027
nan,nan,nan,nan,nan,nan,4.433883190155029,8.289999961853027
nan,nan,nan,nan,nan,nan,0.8643843090302707,8.600000381469727
nan,nan,nan,nan,nan,nan,0.8643843090302707,8.600000381469727
nan,nan,nan,nan,nan,nan,0.8643843090302707,8.600000381469727
nan,nan,nan,nan,nan,nan,0.8643843090302707,8.600000381469727
nan,nan,nan,nan,nan,nan,0.8643843090302707,8.600000381469727
nan,nan,nan,nan,nan,nan,3.6579699516296387,9.140000343322754
nan,nan,nan,nan,nan,nan,3.6579699516296387,9.140000343322754
nan,nan,nan,nan,nan,nan,3.6579699516296387,9.140000343322754
nan,nan,nan,nan,nan,nan,3.6579699516296387,9.140000343322754
nan,nan,nan,nan,nan,nan,3.6579699516296387,9.140000343322754
nan,nan,nan,nan,nan,nan,0.6677538877318425,8.979999542236328
nan,nan,nan,nan,nan,nan,0.6677538877318425,8.979999542236328
nan,nan,nan,nan,nan,nan,0.6677538877318425,8.979999542236328
nan,nan,nan,nan,nan,nan,0.6677538877318425,8.979999542236328
nan,nan,nan,nan,nan,nan,0.6677538877318425,8.979999542236328
nan,nan,nan,nan,nan,nan,3.7887299060821533,7.679999828338623
nan,nan,nan,nan,nan,nan,3.7887299060821533,7.679999828338623
nan,nan,nan,nan,nan,nan,3.7887299060821533,7.679999828338623
nan,nan,nan,nan,nan,nan,3.7887299060821533,7.679999828338623
nan,nan,nan,nan,nan,nan,3.7887299060821533,7.679999828338623
nan,nan,nan,nan,3.901180192743954,2.04593762613802,0.5330007672309875,8.470000267028809
nan,nan,nan,nan,93.8428753919458,48.765978828594136,0.5330007672309875,8.470000267028809
nan,nan,nan,nan,51.44463060042491,27.298732879035516,0.5330007672309875,8.470000267028809
nan,nan,nan,nan,45.78001447836942,24.891736788469203,0.5330007672309875,8.470000267028809
nan,nan,nan,nan,38.488066674715114,19.029278620366124,0.5330007672309875,8.470000267028809
1.065412939815165,0.06047577564754099,-0.05225110482448902,0.04860285707899962,983.9493405745088,337.8887594777086,0.5606275882097476,8.729999542236328
1.065412939815165,0.06047577564754099,-0.05225110482448902,0.04860285707899962,10.04738333944864,2.6646543241059426,0.5606275882097476,8.729999542236328
1.065412939815165,0.06047577564754099,-0.05225110482448902,0.04860285707899962,118.58455022037401,31.286854442091144,0.5606275882097476,8.729999542236328
1.065412939815165,0.06047577564754099,-0.05225110482448902,0.04860285707899962,193.19213637892497,52.535858281371,0.5606275882097476,8.729999542236328
1.065412939815165,0.06047577564754099,-0.05225110482448902,0.04860285707899962,1445.6133355713407,375.6030780288183,0.5606275882097476,8.729999542236328
nan,nan,nan,nan,nan,nan,0.8300184591667548,8.609999656677246
nan,nan,nan,nan,nan,nan,0.8300184591667548,8.609999656677246
nan,nan,nan,nan,nan,nan,0.8300184591667548,8.609999656677246
nan,nan,nan,nan,nan,nan,0.8300184591667548,8.609999656677246
nan,nan,nan,nan,nan,nan,0.8300184591667548,8.609999656677246
0.8684228744339719,0.07605010761656658,0.07941398546184542,0.037839129716864435,399.2814088459402,119.07460697379807,0.6654207000911212,9.0600004196167
0.8684228744339719,0.07605010761656658,0.07941398546184542,0.037839129716864435,579.8725436511636,178.5387307911797,0.6654207000911212,9.0600004196167
0.8684228744339719,0.07605010761656658,0.07941398546184542,0.037839129716864435,600.060234873906,175.7823829737786,0.6654207000911212,9.0600004196167
0.8684228744339719,0.07605010761656658,0.07941398546184542,0.037839129716864435,92.74347221649356,26.583460622224706,0.6654207000911212,9.0600004196167
0.8684228744339719,0.07605010761656658,0.07941398546184542,0.037839129716864435,8.755898359718561,2.583946356887074,0.6654207000911212,9.0600004196167
nan,nan,nan,nan,nan,nan,1.1094290072882846,9.789999961853027
nan,nan,nan,nan,nan,nan,1.1094290072882846,9.789999961853027
nan,nan,nan,nan,nan,nan,1.1094290072882846,9.789999961853027
nan,nan,nan,nan,nan,nan,1.1094290072882846,9.789999961853027
nan,nan,nan,nan,nan,nan,1.1094290072882846,9.789999961853027
nan,nan,nan,nan,nan,nan,0.6248685062249638,8.289999961853027
nan,nan,nan,nan,4.029616150119054,nan,0.6248685062249638,8.289999961853027
nan,nan,nan,nan,20.009111646034984,nan,0.6248685062249638,8.289999961853027
nan,nan,nan,nan,2.013179902516491,nan,0.6248685062249638,8.289999961853027
nan,nan,nan,nan,16.42595664489347,nan,0.6248685062249638,8.289999961853027
nan,nan,nan,nan,nan,nan,5.790780067443848,7.739999771118164
nan,nan,nan,nan,nan,nan,5.790780067443848,7.739999771118164
nan,nan,nan,nan,nan,nan,5.790780067443848,7.739999771118164
nan,nan,nan,nan,nan,nan,5.790780067443848,7.739999771118164
nan,nan,nan,nan,nan,nan,5.790780067443848,7.739999771118164
nan,nan,nan,nan,nan,nan,3.1665399074554443,8.760000228881836
nan,nan,nan,nan,nan,nan,3.1665399074554443,8.760000228881836
nan,nan,nan,nan,nan,nan,3.1665399074554443,8.760000228881836
nan,nan,nan,nan,nan,nan,3.1665399074554443,8.760000228881836
nan,nan,nan,nan,nan,nan,3.1665399074554443,8.760000228881836
nan,nan,nan,nan,nan,nan,1.3885198831558228,8.819999694824219
nan,nan,nan,nan,nan,nan,1.3885198831558228,8.819999694824219
nan,nan,nan,nan,nan,nan,1.3885198831558228,8.819999694824219
nan,nan,nan,nan,nan,nan,1.3885198831558228,8.819999694824219
nan,nan,nan,nan,nan,nan,1.3885198831558228,8.819999694824219
0.762941433449818,0.09363044531538042,-0.29313828458692565,0.05808097554148326,nan,nan,0.3376978749810248,8.949999809265137
0.762941433449818,0.09363044531538042,-0.29313828458692565,0.05808097554148326,36.62668262531858,20.694938733468682,0.3376978749810248,8.949999809265137
0.762941433449818,0.09363044531538042,-0.29313828458692565,0.05808097554148326,44.354824214305296,26.010504388290897,0.3376978749810248,8.949999809265137
0.762941433449818,0.09363044531538042,-0.29313828458692565,0.05808097554148326,59.629410363804865,36.21768300439103,0.3376978749810248,8.949999809265137
0.762941433449818,0.09363044531538042,-0.29313828458692565,0.05808097554148326,1.3256893437637176,0.8083165428237516,0.3376978749810248,8.949999809265137
nan,nan,nan,nan,29.54996933546932,24.383399048975967,0.5449538669440609,8.850000381469727
nan,nan,nan,nan,18.416930889276312,15.860538561616089,0.5449538669440609,8.850000381469727
nan,nan,nan,nan,22.52256119187798,18.93804203091182,0.5449538669440609,8.850000381469727
nan,nan,nan,nan,2.834514099709984,2.488345670065478,0.5449538669440609,8.850000381469727
nan,nan,nan,nan,19.764603684992494,17.459177914955045,0.5449538669440609,8.850000381469727
nan,nan,nan,nan,9.738873696103665,nan,0.6691079659540728,7.900000095367432
nan,nan,nan,nan,3.4660888979412054,nan,0.6691079659540728,7.900000095367432
nan,nan,nan,nan,0.6871585880242086,nan,0.6691079659540728,7.900000095367432
nan,nan,nan,nan,34.7292342253156,nan,0.6691079659540728,7.900000095367432
nan,nan,nan,nan,0.3173804476609304,nan,0.6691079659540728,7.900000095367432
nan,nan,nan,nan,53.01436500250032,17.2255927033601,0.6696599142342905,8.569999694824219
nan,nan,nan,nan,124.1435541318333,41.68581336196134,0.6696599142342905,8.569999694824219
nan,nan,nan,nan,4.494557971606375,1.4639628621724194,0.6696599142342905,8.569999694824219
nan,nan,nan,nan,274.6790969327582,87.692610228222,0.6696599142342905,8.569999694824219
nan,nan,nan,nan,3.7710440246742527,1.2000657808598179,0.6696599142342905,8.569999694824219
nan,nan,nan,nan,nan,nan,1.0366647825609991,10.550000190734863
nan,nan,nan,nan,nan,nan,1.0366647825609991,10.550000190734863
nan,nan,nan,nan,nan,nan,1.0366647825609991,10.550000190734863
nan,nan,nan,nan,nan,nan,1.0366647825609991,10.550000190734863
nan,nan,nan,nan,nan,nan,1.0366647825609991,10.550000190734863
nan,nan,nan,nan,0.7894802129780647,nan,0.21466496586799622,10.149999618530273
nan,nan,nan,nan,0.2342082067357658,nan,0.21466496586799622,10.149999618530273
nan,nan,nan,nan,479.42330361996534,nan,0.21466496586799622,10.149999618530273
nan,nan,nan,nan,224.18456024525355,nan,0.21466496586799622,10.149999618530273
nan,nan,nan,nan,nan,nan,0.21466496586799622,10.149999618530273
1.3705240677310604,0.4006965605739867,0.6755616048106374,0.1374343295589309,105.33977350378825,9.165857110431583,0.6681976251484777,8.0
1.3705240677310604,0.4006965605739867,0.6755616048106374,0.1374343295589309,10.319956803614964,0.8880316974306164,0.6681976251484777,8.0
1.3705240677310604,0.4006965605739867,0.6755616048106374,0.1374343295589309,21.113891626046023,1.7850134687282235,0.6681976251484777,8.0
1.3705240677310604,0.4006965605739867,0.6755616048106374,0.1374343295589309,75.43273814113493,6.898066359101286,0.6681976251484777,8.0
1.3705240677310604,0.4006965605739867,0.6755616048106374,0.1374343295589309,35.84074694891358,3.08510640243656,0.6681976251484777,8.0
nan,nan,nan,nan,nan,nan,1.1717429216362953,8.720000267028809
nan,nan,nan,nan,nan,nan,1.1717429216362953,8.720000267028809
nan,nan,nan,nan,nan,nan,1.1717429216362953,8.720000267028809
nan,nan,nan,nan,nan,nan,1.1717429216362953,8.720000267028809
nan,nan,nan,nan,nan,nan,1.1717429216362953,8.720000267028809
nan,nan,0.42580121676575483,0.09704523627383678,97.05685617832573,nan,0.8410560999070333,8.539999961853027
nan,nan,0.42580121676575483,0.09704523627383678,14.398410180282106,nan,0.8410560999070333,8.539999961853027
nan,nan,0.42580121676575483,0.09704523627383678,137.33228532850063,nan,0.8410560999070333,8.539999961853027
nan,nan,0.42580121676575483,0.09704523627383678,17.495005189217796,nan,0.8410560999070333,8.539999961853027
nan,nan,0.42580121676575483,0.09704523627383678,18.49299877676245,nan,0.8410560999070333,8.539999961853027
nan,nan,nan,nan,nan,nan,1.379238483731097,9.520000457763672
nan,nan,nan,nan,nan,nan,1.379238483731097,9.520000457763672
nan,nan,nan,nan,nan,nan,1.379238483731097,9.520000457763672
nan,nan,nan,nan,nan,nan,1.379238483731097,9.520000457763672
nan,nan,nan,nan,nan,nan,1.379238483731097,9.520000457763672
nan,nan,nan,nan,nan,nan,1.0949506759643555,11.199999809265137
nan,nan,nan,nan,nan,nan,1.0949506759643555,11.199999809265137
nan,nan,nan,nan,nan,nan,1.0949506759643555,11.199999809265137
nan,nan,nan,nan,nan,nan,1.0949506759643555,11.199999809265137
nan,nan,nan,nan,nan,nan,1.0949506759643555,11.199999809265137
nan,nan,nan,nan,nan,nan,0.5455945349705782,8.75
nan,nan,nan,nan,nan,nan,0.5455945349705782,8.75
nan,nan,nan,nan,nan,nan,0.5455945349705782,8.75
nan,nan,nan,nan,nan,nan,0.5455945349705782,8.75
nan,nan,nan,nan,nan,nan,0.5455945349705782,8.75
nan,nan,nan,nan,nan,nan,4.171199798583984,8.119999885559082
nan,nan,nan,nan,nan,nan,4.171199798583984,8.119999885559082
nan,nan,nan,nan,nan,nan,4.171199798583984,8.119999885559082
nan,nan,nan,nan,nan,nan,4.171199798583984,8.119999885559082
nan,nan,nan,nan,nan,nan,4.171199798583984,8.119999885559082
0.9878810143303174,0.15133334294448297,0.13589073016518674,0.06854380892022183,321.6973018707584,79.36621857894458,0.6652350156217101,8.470000267028809
0.9878810143303174,0.15133334294448297,0.13589073016518674,0.06854380892022183,6.266971367935194,1.5106666572094603,0.6652350156217101,8.470000267028809
0.9878810143303174,0.15133334294448297,0.13589073016518674,0.06854380892022183,29.249376639404307,7.039603244498917,0.6652350156217101,8.470000267028809
0.9878810143303174,0.15133334294448297,0.13589073016518674,0.06854380892022183,20.87251483357614,5.067657518770408,0.6652350156217101,8.470000267028809
0.9878810143303174,0.15133334294448297,0.13589073016518674,0.06854380892022183,107.74814305545492,25.648921962597935,0.6652350156217101,8.470000267028809
nan,nan,nan,nan,nan,nan,1.3794171222550382,9.9399995803833
nan,nan,nan,nan,nan,nan,1.3794171222550382,9.9399995803833
nan,nan,nan,nan,nan,nan,1.3794171222550382,9.9399995803833
nan,nan,nan,nan,nan,nan,1.3794171222550382,9.9399995803833
nan,nan,nan,nan,nan,nan,1.3794171222550382,9.9399995803833
0.8300741331738148,0.03843278955917893,-0.14910175484926058,0.024523703044211725,344.87009804750875,158.08206050680835,0.33861558153779553,9.09000015258789
0.8300741331738148,0.03843278955917893,-0.14910175484926058,0.024523703044211725,2.1258753934096504,0.9791977136630793,0.33861558153779553,9.09000015258789
0.8300741331738148,0.03843278955917893,-0.14910175484926058,0.024523703044211725,222.43096479127644,100.3378700903079,0.33861558153779553,9.09000015258789
0.8300741331738148,0.03843278955917893,-0.14910175484926058,0.024523703044211725,1607.1628431097472,875.0838337291558,0.33861558153779553,9.09000015258789
0.8300741331738148,0.03843278955917893,-0.14910175484926058,0.024523703044211725,12.037998815007848,5.404304876661454,0.33861558153779553,9.09000015258789
nan,nan,nan,nan,nan,nan,4.967855930328369,8.020000457763672
nan,nan,nan,nan,nan,nan,4.967855930328369,8.020000457763672
nan,nan,nan,nan,nan,nan,4.967855930328369,8.020000457763672
nan,nan,nan,nan,nan,nan,4.967855930328369,8.020000457763672
nan,nan,nan,nan,nan,nan,4.967855930328369,8.020000457763672
nan,nan,nan,nan,nan,nan,0.4007269959523181,8.319999694824219
nan,nan,nan,nan,3.237744893725929,nan,0.4007269959523181,8.319999694824219
nan,nan,nan,nan,1.6217420886789038,nan,0.4007269959523181,8.319999694824219
nan,nan,nan,nan,36.35816727593584,nan,0.4007269959523181,8.319999694824219
nan,nan,nan,nan,4.5664771740827845,nan,0.4007269959523181,8.319999694824219
nan,nan,nan,nan,nan,nan,4.761650085449219,9.430000305175781
nan,nan,nan,nan,nan,nan,4.761650085449219,9.430000305175781
nan,nan,nan,nan,nan,nan,4.761650085449219,9.430000305175781
nan,nan,nan,nan,nan,nan,4.761650085449219,9.430000305175781
nan,nan,nan,nan,nan,nan,4.761650085449219,9.430000305175781
nan,nan,nan,nan,nan,nan,1.244762706450691,10.25
nan,nan,nan,nan,nan,nan,1.244762706450691,10.25
nan,nan,nan,nan,nan,nan,1.244762706450691,10.25
nan,nan,nan,nan,nan,nan,1.244762706450691,10.25
nan,nan,nan,nan,nan,nan,1.244762706450691,10.25
1.0503528356048009,0.1009543729645941,0.1193159184935604,0.05810795064327147,0.44423082452044826,0.1131859317653254,0.6687388079413651,8.550000190734863
1.0503528356048009,0.1009543729645941,0.1193159184935604,0.05810795064327147,146.33309579788676,35.905810167136465,0.6687388079413651,8.550000190734863
1.0503528356048009,0.1009543729645941,0.1193159184935604,0.05810795064327147,12.336070698440967,2.998998849657931,0.6687388079413651,8.550000190734863
1.0503528356048009,0.1009543729645941,0.1193159184935604,0.05810795064327147,6.9532483311577,1.6747669301515622,0.6687388079413651,8.550000190734863
1.0503528356048009,0.1009543729645941,0.1193159184935604,0.05810795064327147,nan,nan,0.6687388079413651,8.550000190734863
nan,nan,nan,nan,nan,nan,1.2971491871989262,9.010000228881836
nan,nan,nan,nan,nan,nan,1.2971491871989262,9.010000228881836
nan,nan,nan,nan,nan,nan,1.2971491871989262,9.010000228881836
nan,nan,nan,nan,nan,nan,1.2971491871989262,9.010000228881836
nan,nan,nan,nan,nan,nan,1.2971491871989262,9.010000228881836
nan,nan,nan,nan,nan,nan,0.9762710332870483,8.949999809265137
nan,nan,nan,nan,nan,nan,0.9762710332870483,8.949999809265137
nan,nan,nan,nan,nan,nan,0.9762710332870483,8.949999809265137
nan,nan,nan,nan,nan,nan,0.9762710332870483,8.949999809265137
nan,nan,nan,nan,nan,nan,0.9762710332870483,8.949999809265137
nan,nan,nan,nan,nan,nan,0.9337741136550903,9.170000076293945
nan,nan,nan,nan,nan,nan,0.9337741136550903,9.170000076293945
nan,nan,nan,nan,nan,nan,0.9337741136550903,9.170000076293945
nan,nan,nan,nan,nan,nan,0.9337741136550903,9.170000076293945
nan,nan,nan,nan,nan,nan,0.9337741136550903,9.170000076293945
nan,nan,nan,nan,0.8705592727833312,nan,0.7346782088279724,8.609999656677246
nan,nan,nan,nan,2.484013066037089,nan,0.7346782088279724,8.609999656677246
nan,nan,nan,nan,42.70085431047716,nan,0.7346782088279724,8.609999656677246
nan,nan,nan,nan,nan,nan,0.7346782088279724,8.609999656677246
nan,nan,nan,nan,0.3944646264077279,nan,0.7346782088279724,8.609999656677246
nan,nan,0.1444139885021187,0.1407790953870188,8.02061124191653,nan,0.6194656250814616,8.079999923706055
nan,nan,0.1444139885021187,0.1407790953870188,3.6455867220108837,nan,0.6194656250814616,8.079999923706055
nan,nan,0.1444139885021187,0.1407790953870188,6.457629589760674,nan,0.6194656250814616,8.079999923706055
nan,nan,0.1444139885021187,0.1407790953870188,17.998621718789657,nan,0.6194656250814616,8.079999923706055
nan,nan,0.1444139885021187,0.1407790953870188,3.10633294756141,nan,0.6194656250814616,8.079999923706055
nan,nan,nan,nan,12.753431203288784,nan,0.5338212251663208,7.730000019073486
nan,nan,nan,nan,153.52482441915433,nan,0.5338212251663208,7.730000019073486
nan,nan,nan,nan,5.017847768980267,nan,0.5338212251663208,7.730000019073486
nan,nan,nan,nan,5.52373344883,nan,0.5338212251663208,7.730000019073486
nan,nan,nan,nan,15.559369643651792,nan,0.5338212251663208,7.730000019073486
0.9643717417824189,0.10695231337318682,0.3487009223853951,0.06980507914214262,42.87962218264162,8.724252975794915,0.665519393018334,8.609999656677246
0.9643717417824189,0.10695231337318682,0.3487009223853951,0.06980507914214262,3.30906492924335,0.6761108874717797,0.665519393018334,8.609999656677246
0.9643717417824189,0.10695231337318682,0.3487009223853951,0.06980507914214262,6.294303509242388,1.2990322961916247,0.665519393018334,8.609999656677246
0.9643717417824189,0.10695231337318682,0.3487009223853951,0.06980507914214262,6.951964163540368,1.4367601030427484,0.665519393018334,8.609999656677246
0.9643717417824189,0.10695231337318682,0.3487009223853951,0.06980507914214262,12.597945550581484,2.534011701798219,0.665519393018334,8.609999656677246
nan,nan,nan,nan,nan,nan,4.1693902015686035,7.550000190734863
nan,nan,nan,nan,nan,nan,4.1693902015686035,7.550000190734863
nan,nan,nan,nan,nan,nan,4.1693902015686035,7.550000190734863
nan,nan,nan,nan,nan,nan,4.1693902015686035,7.550000190734863
nan,nan,nan,nan,nan,nan,4.1693902015686035,7.550000190734863
nan,nan,nan,nan,8.626306091349443,nan,0.7021030638675223,7.880000114440918
nan,nan,nan,nan,16.201037977557878,nan,0.7021030638675223,7.880000114440918
nan,nan,nan,nan,24.179185888293446,nan,0.7021030638675223,7.880000114440918
nan,nan,nan,nan,32.28899798037453,nan,0.7021030638675223,7.880000114440918
nan,nan,nan,nan,2.0327343509107667,nan,0.7021030638675223,7.880000114440918
nan,nan,nan,nan,nan,nan,1.1449036772692445,8.699999809265137
nan,nan,nan,nan,nan,nan,1.1449036772692445,8.699999809265137
nan,nan,nan,nan,nan,nan,1.1449036772692445,8.699999809265137
nan,nan,nan,nan,nan,nan,1.1449036772692445,8.699999809265137
nan,nan,nan,nan,nan,nan,1.1449036772692445,8.699999809265137
nan,nan,nan,nan,nan,nan,0.6695210826120448,8.699999809265137
nan,nan,nan,nan,nan,nan,0.6695210826120448,8.699999809265137
nan,nan,nan,nan,nan,nan,0.6695210826120448,8.699999809265137
nan,nan,nan,nan,nan,nan,0.6695210826120448,8.699999809265137
nan,nan,nan,nan,nan,nan,0.6695210826120448,8.699999809265137
nan,nan,nan,nan,nan,nan,1.2194708829433356,9.869999885559082
nan,nan,nan,nan,nan,nan,1.2194708829433356,9.869999885559082
nan,nan,nan,nan,nan,nan,1.2194708829433356,9.869999885559082
nan,nan,nan,nan,nan,nan,1.2194708829433356,9.869999885559082
nan,nan,nan,nan,nan,nan,1.2194708829433356,9.869999885559082
nan,nan,nan,nan,nan,nan,0.6656894323493026,8.020000457763672
nan,nan,nan,nan,nan,nan,0.6656894323493026,8.020000457763672
nan,nan,nan,nan,nan,nan,0.6656894323493026,8.020000457763672
nan,nan,nan,nan,nan,nan,0.6656894323493026,8.020000457763672
nan,nan,nan,nan,nan,nan,0.6656894323493026,8.020000457763672
1.3158830898296519,0.4564633524569812,0.05307897731114901,0.08757601164536512,15.167935363501217,1.7453559201810882,0.7199342846870422,9.020000457763672
1.3158830898296519,0.4564633524569812,0.05307897731114901,0.08757601164536512,15.912252562365746,1.855129506486371,0.7199342846870422,9.020000457763672
1.3158830898296519,0.4564633524569812,0.05307897731114901,0.08757601164536512,149.35498360868237,16.88102147089336,0.7199342846870422,9.020000457763672
1.3158830898296519,0.4564633524569812,0.05307897731114901,0.08757601164536512,15.278803562057485,1.7453548847863987,0.7199342846870422,9.020000457763672
1.3158830898296519,0.4564633524569812,0.05307897731114901,0.08757601164536512,4.326355003302396,0.4995393111254711,0.7199342846870422,9.020000457763672
nan,nan,nan,nan,nan,nan,4.808949947357178,8.289999961853027
nan,nan,nan,nan,nan,nan,4.808949947357178,8.289999961853027
nan,nan,nan,nan,nan,nan,4.808949947357178,8.289999961853027
nan,nan,nan,nan,nan,nan,4.808949947357178,8.289999961853027
nan,nan,nan,nan,nan,nan,4.808949947357178,8.289999961853027
nan,nan,nan,nan,nan,nan,1.1277360950460475,8.859999656677246
nan,nan,nan,nan,nan,nan,1.1277360950460475,8.859999656677246
nan,nan,nan,nan,nan,nan,1.1277360950460475,8.859999656677246
nan,nan,nan,nan,nan,nan,1.1277360950460475,8.859999656677246
nan,nan,nan,nan,nan,nan,1.1277360950460475,8.859999656677246
nan,nan,nan,nan,nan,nan,4.031760215759277,7.679999828338623
nan,nan,nan,nan,nan,nan,4.031760215759277,7.679999828338623
nan,nan,nan,nan,nan,nan,4.031760215759277,7.679999828338623
nan,nan,nan,nan,nan,nan,4.031760215759277,7.679999828338623
nan,nan,nan,nan,nan,nan,4.031760215759277,7.679999828338623
nan,nan,nan,nan,nan,nan,0.963077839246532,9.229999542236328
nan,nan,nan,nan,nan,nan,0.963077839246532,9.229999542236328
nan,nan,nan,nan,nan,nan,0.963077839246532,9.229999542236328
nan,nan,nan,nan,nan,nan,0.963077839246532,9.229999542236328
nan,nan,nan,nan,nan,nan,0.963077839246532,9.229999542236328
nan,nan,nan,nan,nan,nan,0.7290542565043698,9.0
nan,nan,nan,nan,nan,nan,0.7290542565043698,9.0
nan,nan,nan,nan,nan,nan,0.7290542565043698,9.0
nan,nan,nan,nan,nan,nan,0.7290542565043698,9.0
nan,nan,nan,nan,nan,nan,0.7290542565043698,9.0
nan,nan,nan,nan,nan,nan,0.11653826866965128,7.949999809265137
nan,nan,nan,nan,nan,nan,0.11653826866965128,7.949999809265137
nan,nan,nan,nan,nan,nan,0.11653826866965128,7.949999809265137
nan,nan,nan,nan,nan,nan,0.11653826866965128,7.949999809265137
nan,nan,nan,nan,nan,nan,0.11653826866965128,7.949999809265137
0.8443024519433038,0.0421011247204326,0.19812928641740196,0.026677747682784313,9.175356688099203,2.6474951787529366,0.46883263627443095,8.5
0.8443024519433038,0.0421011247204326,0.19812928641740196,0.026677747682784313,455.59246910567293,129.19664407303327,0.46883263627443095,8.5
0.8443024519433038,0.0421011247204326,0.19812928641740196,0.026677747682784313,219.61503906135505,64.75460119271752,0.46883263627443095,8.5
0.8443024519433038,0.0421011247204326,0.19812928641740196,0.026677747682784313,141.96623697336855,40.96440566414692,0.46883263627443095,8.5
0.8443024519433038,0.0421011247204326,0.19812928641740196,0.026677747682784313,137.72238317873743,40.36551746066738,0.46883263627443095,8.5
nan,nan,0.04748685595436732,0.1274642522476126,10.71502039890873,nan,0.337066113948822,7.96999979019165
nan,nan,0.04748685595436732,0.1274642522476126,90.02741402851603,nan,0.337066113948822,7.96999979019165
nan,nan,0.04748685595436732,0.1274642522476126,3.162071765372813,nan,0.337066113948822,7.96999979019165
nan,nan,0.04748685595436732,0.1274642522476126,11.232097450651072,nan,0.337066113948822,7.96999979019165
nan,nan,0.04748685595436732,0.1274642522476126,0.35442756848837426,nan,0.337066113948822,7.96999979019165
nan,nan,nan,nan,nan,nan,1.0108084839837037,8.479999542236328
nan,nan,nan,nan,nan,nan,1.0108084839837037,8.479999542236328
nan,nan,nan,nan,nan,nan,1.0108084839837037,8.479999542236328
nan,nan,nan,nan,nan,nan,1.0108084839837037,8.479999542236328
nan,nan,nan,nan,nan,nan,1.0108084839837037,8.479999542236328
nan,nan,nan,nan,nan,nan,1.3161635425930376,9.1899995803833
nan,nan,nan,nan,nan,nan,1.3161635425930376,9.1899995803833
nan,nan,nan,nan,nan,nan,1.3161635425930376,9.1899995803833
nan,nan,nan,nan,nan,nan,1.3161635425930376,9.1899995803833
nan,nan,nan,nan,nan,nan,1.3161635425930376,9.1899995803833
nan,nan,nan,nan,nan,nan,0.6770461571514408,8.960000038146973
nan,nan,nan,nan,nan,nan,0.6770461571514408,8.960000038146973
nan,nan,nan,nan,nan,nan,0.6770461571514408,8.960000038146973
nan,nan,nan,nan,nan,nan,0.6770461571514408,8.960000038146973
nan,nan,nan,nan,nan,nan,0.6770461571514408,8.960000038146973
nan,nan,nan,nan,nan,nan,4.264579772949219,8.5
nan,nan,nan,nan,nan,nan,4.264579772949219,8.5
nan,nan,nan,nan,nan,nan,4.264579772949219,8.5
nan,nan,nan,nan,nan,nan,4.264579772949219,8.5
nan,nan,nan,nan,nan,nan,4.264579772949219,8.5
nan,nan,nan,nan,10.46205083587676,nan,0.7386560599537995,7.300000190734863
nan,nan,nan,nan,20.690932222625076,nan,0.7386560599537995,7.300000190734863
nan,nan,nan,nan,38.51585630596029,nan,0.7386560599537995,7.300000190734863
nan,nan,nan,nan,127.22198675788128,nan,0.7386560599537995,7.300000190734863
nan,nan,nan,nan,5.707424533008147,nan,0.7386560599537995,7.300000190734863
nan,nan,nan,nan,nan,nan,0.7334401450942825,8.819999694824219
nan,nan,nan,nan,2.4623936182262787,nan,0.7334401450942825,8.819999694824219
nan,nan,nan,nan,10.894255433710892,nan,0.7334401450942825,8.819999694824219
nan,nan,nan,nan,18.236108885537092,nan,0.7334401450942825,8.819999694824219
nan,nan,nan,nan,16.415159528500077,nan,0.7334401450942825,8.819999694824219
nan,nan,nan,nan,nan,nan,0.5447247634152386,7.670000076293945
nan,nan,nan,nan,nan,nan,0.5447247634152386,7.670000076293945
nan,nan,nan,nan,nan,nan,0.5447247634152386,7.670000076293945
nan,nan,nan,nan,nan,nan,0.5447247634152386,7.670000076293945
nan,nan,nan,nan,nan,nan,0.5447247634152386,7.670000076293945
nan,nan,nan,nan,nan,nan,0.5447247634152386,7.670000076293945
nan,nan,nan,nan,nan,nan,0.5447247634152386,7.670000076293945
nan,nan,nan,nan,nan,nan,0.5447247634152386,7.670000076293945
nan,nan,nan,nan,nan,nan,0.5447247634152386,7.670000076293945
nan,nan,nan,nan,nan,nan,0.5447247634152386,7.670000076293945
nan,nan,nan,nan,11.367409917705414,nan,0.8328555340930368,9.470000267028809
nan,nan,nan,nan,51.65753225277037,nan,0.8328555340930368,9.470000267028809
nan,nan,nan,nan,71.36721012101597,nan,0.8328555340930368,9.470000267028809
nan,nan,nan,nan,132.55144347931804,nan,0.8328555340930368,9.470000267028809
nan,nan,nan,nan,2.865724195040299,nan,0.8328555340930368,9.470000267028809
nan,nan,nan,nan,nan,nan,1.0798985553851228,9.449999809265137
nan,nan,nan,nan,nan,nan,1.0798985553851228,9.449999809265137
nan,nan,nan,nan,nan,nan,1.0798985553851228,9.449999809265137
nan,nan,nan,nan,nan,nan,1.0798985553851228,9.449999809265137
nan,nan,nan,nan,nan,nan,1.0798985553851228,9.449999809265137
nan,nan,nan,nan,nan,nan,4.80640983581543,8.279999732971191
nan,nan,nan,nan,nan,nan,4.80640983581543,8.279999732971191
nan,nan,nan,nan,nan,nan,4.80640983581543,8.279999732971191
nan,nan,nan,nan,nan,nan,4.80640983581543,8.279999732971191
nan,nan,nan,nan,nan,nan,4.80640983581543,8.279999732971191
nan,nan,nan,nan,2.0812265909829466,0.8540004580017727,0.7358561379069536,9.460000038146973
nan,nan,nan,nan,149.0191498730617,62.50012893806056,0.7358561379069536,9.460000038146973
nan,nan,nan,nan,191.06888709121156,84.94761602596651,0.7358561379069536,9.460000038146973
nan,nan,nan,nan,475.45136344765314,204.88808653000194,0.7358561379069536,9.460000038146973
nan,nan,nan,nan,42.580468172995104,16.930410246407266,0.7358561379069536,9.460000038146973
nan,nan,nan,nan,27.094904542697915,10.02674680660249,0.6714553295594408,8.600000381469727
nan,nan,nan,nan,10.947927958142506,3.9276965139801328,0.6714553295594408,8.600000381469727
nan,nan,nan,nan,59.91119731317372,21.508556195025708,0.6714553295594408,8.600000381469727
nan,nan,nan,nan,58.02424469086565,20.910274956031277,0.6714553295594408,8.600000381469727
nan,nan,nan,nan,102.38430809308493,34.80385352685241,0.6714553295594408,8.600000381469727
nan,nan,nan,nan,nan,nan,1.0041417786818791,9.109999656677246
nan,nan,nan,nan,nan,nan,1.0041417786818791,9.109999656677246
nan,nan,nan,nan,nan,nan,1.0041417786818791,9.109999656677246
nan,nan,nan,nan,nan,nan,1.0041417786818791,9.109999656677246
nan,nan,nan,nan,nan,nan,1.0041417786818791,9.109999656677246
0.9096612168965204,0.05218769059303402,0.09900754234815409,0.0343934655295717,4.579728949657782,1.2961531505641377,0.6806272824283444,9.100000381469727
0.9096612168965204,0.05218769059303402,0.09900754234815409,0.0343934655295717,54.213215852803955,16.03033114576674,0.6806272824283444,9.100000381469727
0.9096612168965204,0.05218769059303402,0.09900754234815409,0.0343934655295717,305.6327994930773,88.6441987208469,0.6806272824283444,9.100000381469727
0.9096612168965204,0.05218769059303402,0.09900754234815409,0.0343934655295717,453.09695828044937,137.3810836099914,0.6806272824283444,9.100000381469727
0.9096612168965204,0.05218769059303402,0.09900754234815409,0.0343934655295717,187.58414333834347,52.81998931849265,0.6806272824283444,9.100000381469727
nan,nan,nan,nan,335.6886246165635,138.07106041467878,0.6697025735245454,9.350000381469727
nan,nan,nan,nan,208.98555488542743,88.20045248374349,0.6697025735245454,9.350000381469727
nan,nan,nan,nan,4.938185509895355,2.0955282957353005,0.6697025735245454,9.350000381469727
nan,nan,nan,nan,238.34582040551462,100.62935094255512,0.6697025735245454,9.350000381469727
nan,nan,nan,nan,60.24523453401604,24.24848079414012,0.6697025735245454,9.350000381469727
nan,nan,nan,nan,nan,nan,3.4191598892211914,9.630000114440918
nan,nan,nan,nan,nan,nan,3.4191598892211914,9.630000114440918
nan,nan,nan,nan,nan,nan,3.4191598892211914,9.630000114440918
nan,nan,nan,nan,nan,nan,3.4191598892211914,9.630000114440918
nan,nan,nan,nan,nan,nan,3.4191598892211914,9.630000114440918
nan,nan,nan,nan,nan,nan,3.6568214893341064,8.15999984741211
nan,nan,nan,nan,nan,nan,3.6568214893341064,8.15999984741211
nan,nan,nan,nan,nan,nan,3.6568214893341064,8.15999984741211
nan,nan,nan,nan,nan,nan,3.6568214893341064,8.15999984741211
nan,nan,nan,nan,nan,nan,3.6568214893341064,8.15999984741211
nan,nan,nan,nan,221.2240597001188,141.93407024648403,0.2333868443965912,9.289999961853027
nan,nan,nan,nan,0.8832249356416868,0.5461134721164088,0.2333868443965912,9.289999961853027
nan,nan,nan,nan,37.40090193329312,22.75321073966089,0.2333868443965912,9.289999961853027
nan,nan,nan,nan,194.05751021272457,116.47869389790522,0.2333868443965912,9.289999961853027
nan,nan,nan,nan,10.11024850274891,6.44052921688726,0.2333868443965912,9.289999961853027
nan,nan,nan,nan,nan,nan,1.0252456665039062,9.020000457763672
nan,nan,nan,nan,nan,nan,1.0252456665039062,9.020000457763672
nan,nan,nan,nan,nan,nan,1.0252456665039062,9.020000457763672
nan,nan,nan,nan,nan,nan,1.0252456665039062,9.020000457763672
nan,nan,nan,nan,nan,nan,1.0252456665039062,9.020000457763672
nan,nan,nan,nan,nan,nan,1.0374741554260254,8.899999618530273
nan,nan,nan,nan,nan,nan,1.0374741554260254,8.899999618530273
nan,nan,nan,nan,nan,nan,1.0374741554260254,8.899999618530273
nan,nan,nan,nan,nan,nan,1.0374741554260254,8.899999618530273
nan,nan,nan,nan,nan,nan,1.0374741554260254,8.899999618530273
nan,nan,nan,nan,nan,nan,0.9872140617809781,10.720000267028809
nan,nan,nan,nan,nan,nan,0.9872140617809781,10.720000267028809
nan,nan,nan,nan,nan,nan,0.9872140617809781,10.720000267028809
nan,nan,nan,nan,nan,nan,0.9872140617809781,10.720000267028809
nan,nan,nan,nan,nan,nan,0.9872140617809781,10.720000267028809
nan,nan,nan,nan,4.829025066189745,2.4562430831228936,0.3100748438939085,7.75
nan,nan,nan,nan,9.65416855912254,4.8847848313828255,0.3100748438939085,7.75
nan,nan,nan,nan,42.05836715386627,21.012085901886625,0.3100748438939085,7.75
nan,nan,nan,nan,5.60995018375049,2.778832805369108,0.3100748438939085,7.75
nan,nan,nan,nan,65.41596305532124,32.41760797527682,0.3100748438939085,7.75
nan,nan,nan,nan,nan,nan,3.5015015602111816,8.460000038146973
nan,nan,nan,nan,nan,nan,3.5015015602111816,8.460000038146973
nan,nan,nan,nan,nan,nan,3.5015015602111816,8.460000038146973
nan,nan,nan,nan,nan,nan,3.5015015602111816,8.460000038146973
nan,nan,nan,nan,nan,nan,3.5015015602111816,8.460000038146973
nan,nan,nan,nan,4.490032870351561,1.0463502375220186,0.31007815165627783,7.96999979019165
nan,nan,nan,nan,2.7042023269694977,0.6322425875995902,0.31007815165627783,7.96999979019165
nan,nan,nan,nan,5.414194866839188,1.3202517502625308,0.31007815165627783,7.96999979019165
nan,nan,nan,nan,28.125132749032353,6.6132019720303035,0.31007815165627783,7.96999979019165
nan,nan,nan,nan,66.50506313803494,16.065096966711156,0.31007815165627783,7.96999979019165
nan,nan,nan,nan,nan,nan,5.581242084503174,9.109999656677246
nan,nan,nan,nan,nan,nan,5.581242084503174,9.109999656677246
nan,nan,nan,nan,nan,nan,5.581242084503174,9.109999656677246
nan,nan,nan,nan,nan,nan,5.581242084503174,9.109999656677246
nan,nan,nan,nan,nan,nan,5.581242084503174,9.109999656677246
nan,nan,nan,nan,nan,5.04112607064919,0.8911959528923035,9.380000114440918
nan,nan,nan,nan,nan,30.008210144912624,0.8911959528923035,9.380000114440918
nan,nan,nan,nan,nan,0.6795486412436912,0.8911959528923035,9.380000114440918
nan,nan,nan,nan,nan,5.371290240155252,0.8911959528923035,9.380000114440918
nan,nan,nan,nan,nan,1.2364150422843874,0.8911959528923035,9.380000114440918
nan,nan,nan,nan,0.3167355983183336,nan,0.3373986780643463,7.630000114440918
nan,nan,nan,nan,38.1652047280686,nan,0.3373986780643463,7.630000114440918
nan,nan,nan,nan,23.69715747118205,nan,0.3373986780643463,7.630000114440918
nan,nan,nan,nan,3.3470954265430435,nan,0.3373986780643463,7.630000114440918
nan,nan,nan,nan,4.439234126876056,nan,0.3373986780643463,7.630000114440918
nan,nan,nan,nan,1.3511662066118868,nan,0.7371832621213137,7.929999828338623
nan,nan,nan,nan,8.121737955452238,nan,0.7371832621213137,7.929999828338623
nan,nan,nan,nan,16.432550488222272,nan,0.7371832621213137,7.929999828338623
nan,nan,nan,nan,6.251339411234144,nan,0.7371832621213137,7.929999828338623
nan,nan,nan,nan,7.30565658069743,nan,0.7371832621213137,7.929999828338623
nan,nan,nan,nan,nan,nan,1.1769196820938679,8.65999984741211
nan,nan,nan,nan,nan,nan,1.1769196820938679,8.65999984741211
nan,nan,nan,nan,nan,nan,1.1769196820938679,8.65999984741211
nan,nan,nan,nan,nan,nan,1.1769196820938679,8.65999984741211
nan,nan,nan,nan,nan,nan,1.1769196820938679,8.65999984741211
nan,nan,nan,nan,nan,nan,1.1259001116624128,8.989999771118164
nan,nan,nan,nan,nan,nan,1.1259001116624128,8.989999771118164
nan,nan,nan,nan,nan,nan,1.1259001116624128,8.989999771118164
nan,nan,nan,nan,nan,nan,1.1259001116624128,8.989999771118164
nan,nan,nan,nan,nan,nan,1.1259001116624128,8.989999771118164
nan,nan,nan,nan,nan,nan,1.2213662313475258,9.5
nan,nan,nan,nan,nan,nan,1.2213662313475258,9.5
nan,nan,nan,nan,nan,nan,1.2213662313475258,9.5
nan,nan,nan,nan,nan,nan,1.2213662313475258,9.5
nan,nan,nan,nan,nan,nan,1.2213662313475258,9.5
0.849815640674631,0.04786334450233653,-0.32652350154647036,0.02609367733242019,370.81328553806725,192.29018583198203,0.7358573427811221,9.680000305175781
0.849815640674631,0.04786334450233653,-0.32652350154647036,0.02609367733242019,128.37296897964055,68.77806666273514,0.7358573427811221,9.680000305175781
0.849815640674631,0.04786334450233653,-0.32652350154647036,0.02609367733242019,3.2647369818682965,1.741707321430077,0.7358573427811221,9.680000305175781
0.849815640674631,0.04786334450233653,-0.32652350154647036,0.02609367733242019,790.4891058055192,437.48273305242134,0.7358573427811221,9.680000305175781
0.849815640674631,0.04786334450233653,-0.32652350154647036,0.02609367733242019,428.22757599618063,231.32229736845434,0.7358573427811221,9.680000305175781
nan,nan,nan,nan,nan,nan,4.499569892883301,9.25
nan,nan,nan,nan,nan,nan,4.499569892883301,9.25
nan,nan,nan,nan,nan,nan,4.499569892883301,9.25
nan,nan,nan,nan,nan,nan,4.499569892883301,9.25
nan,nan,nan,nan,nan,nan,4.499569892883301,9.25
nan,nan,nan,nan,nan,nan,1.0964821783488579,8.75
nan,nan,nan,nan,nan,nan,1.0964821783488579,8.75
nan,nan,nan,nan,nan,nan,1.0964821783488579,8.75
nan,nan,nan,nan,nan,nan,1.0964821783488579,8.75
nan,nan,nan,nan,nan,nan,1.0964821783488579,8.75
nan,nan,nan,nan,nan,nan,0.5783440422528996,7.75
nan,nan,nan,nan,71.20620045662154,nan,0.5783440422528996,7.75
nan,nan,nan,nan,17.58826002755029,nan,0.5783440422528996,7.75
nan,nan,nan,nan,8.309589891531736,nan,0.5783440422528996,7.75
nan,nan,nan,nan,28.319719982259247,nan,0.5783440422528996,7.75
nan,nan,nan,nan,nan,nan,4.772850036621094,7.699999809265137
nan,nan,nan,nan,nan,nan,4.772850036621094,7.699999809265137
nan,nan,nan,nan,nan,nan,4.772850036621094,7.699999809265137
nan,nan,nan,nan,nan,nan,4.772850036621094,7.699999809265137
nan,nan,nan,nan,nan,nan,4.772850036621094,7.699999809265137
nan,nan,nan,nan,nan,nan,1.094488620283236,8.970000267028809
nan,nan,nan,nan,nan,nan,1.094488620283236,8.970000267028809
nan,nan,nan,nan,nan,nan,1.094488620283236,8.970000267028809
nan,nan,nan,nan,nan,nan,1.094488620283236,8.970000267028809
nan,nan,nan,nan,nan,nan,1.094488620283236,8.970000267028809
nan,nan,nan,nan,nan,nan,1.094488620283236,8.970000267028809
nan,nan,nan,nan,nan,nan,1.094488620283236,8.970000267028809
nan,nan,nan,nan,nan,nan,1.094488620283236,8.970000267028809
nan,nan,nan,nan,nan,nan,1.094488620283236,8.970000267028809
nan,nan,nan,nan,nan,nan,1.094488620283236,8.970000267028809
nan,nan,nan,nan,974.4381580832461,317.4405716322395,0.26084959247349554,8.619999885559082
nan,nan,nan,nan,nan,nan,0.26084959247349554,8.619999885559082
nan,nan,nan,nan,403.01800138797876,135.7336395411545,0.26084959247349554,8.619999885559082
nan,nan,nan,nan,3.6356432748070113,1.1524290232464816,0.26084959247349554,8.619999885559082
nan,nan,nan,nan,66.28337908838435,20.398519604400693,0.26084959247349554,8.619999885559082
nan,nan,nan,nan,nan,nan,0.3881181478500366,5.96999979019165
nan,nan,nan,nan,nan,nan,0.3881181478500366,5.96999979019165
nan,nan,nan,nan,nan,nan,0.3881181478500366,5.96999979019165
nan,nan,nan,nan,nan,nan,0.3881181478500366,5.96999979019165
nan,nan,nan,nan,nan,nan,0.3881181478500366,5.96999979019165
nan,nan,nan,nan,nan,nan,1.317326307296753,8.460000038146973
nan,nan,nan,nan,nan,nan,1.317326307296753,8.460000038146973
nan,nan,nan,nan,nan,nan,1.317326307296753,8.460000038146973
nan,nan,nan,nan,nan,nan,1.317326307296753,8.460000038146973
nan,nan,nan,nan,nan,nan,1.317326307296753,8.460000038146973
nan,nan,nan,nan,nan,nan,1.3061658749662275,8.75
nan,nan,nan,nan,nan,nan,1.3061658749662275,8.75
nan,nan,nan,nan,nan,nan,1.3061658749662275,8.75
nan,nan,nan,nan,nan,nan,1.3061658749662275,8.75
nan,nan,nan,nan,nan,nan,1.3061658749662275,8.75
nan,nan,nan,nan,nan,nan,0.9980432391166687,8.630000114440918
nan,nan,nan,nan,nan,nan,0.9980432391166687,8.630000114440918
nan,nan,nan,nan,nan,nan,0.9980432391166687,8.630000114440918
nan,nan,nan,nan,nan,nan,0.9980432391166687,8.630000114440918
nan,nan,nan,nan,nan,nan,0.9980432391166687,8.630000114440918
0.9671322036694171,0.16902738126011543,0.2807228434604541,0.12031681127249798,10.257150771238088,1.9861461934522047,0.6880447864532471,8.600000381469727
0.9671322036694171,0.16902738126011543,0.2807228434604541,0.12031681127249798,0.8573612235169084,0.1710780933671258,0.6880447864532471,8.600000381469727
0.9671322036694171,0.16902738126011543,0.2807228434604541,0.12031681127249798,121.82175995150824,22.96414328650708,0.6880447864532471,8.600000381469727
0.9671322036694171,0.16902738126011543,0.2807228434604541,0.12031681127249798,112.12897339380243,22.055469011083197,0.6880447864532471,8.600000381469727
0.9671322036694171,0.16902738126011543,0.2807228434604541,0.12031681127249798,205.97996214719345,38.99628750380889,0.6880447864532471,8.600000381469727
nan,nan,nan,nan,28.844812665786723,nan,0.7338292821337591,7.610000133514404
nan,nan,nan,nan,8.794720566598306,nan,0.7338292821337591,7.610000133514404
nan,nan,nan,nan,19.66826746998596,nan,0.7338292821337591,7.610000133514404
nan,nan,nan,nan,1.4175704269005578,nan,0.7338292821337591,7.610000133514404
nan,nan,nan,nan,nan,nan,0.7338292821337591,7.610000133514404
nan,nan,nan,nan,245.43472721344608,137.4648915842866,0.735700044748125,9.470000267028809
nan,nan,nan,nan,5.176176775977497,2.7402039314222075,0.735700044748125,9.470000267028809
nan,nan,nan,nan,112.72052327452933,61.64691973776811,0.735700044748125,9.470000267028809
nan,nan,nan,nan,nan,nan,0.735700044748125,9.470000267028809
nan,nan,nan,nan,2.557646089138234,1.373168078127761,0.735700044748125,9.470000267028809
nan,nan,nan,nan,nan,nan,0.24745836878284866,9.359999656677246
nan,nan,nan,nan,nan,nan,0.24745836878284866,9.359999656677246
nan,nan,nan,nan,nan,nan,0.24745836878284866,9.359999656677246
nan,nan,nan,nan,nan,nan,0.24745836878284866,9.359999656677246
nan,nan,nan,nan,nan,nan,0.24745836878284866,9.359999656677246
nan,nan,nan,nan,nan,nan,0.9777152423630333,8.770000457763672
nan,nan,nan,nan,nan,nan,0.9777152423630333,8.770000457763672
nan,nan,nan,nan,nan,nan,0.9777152423630333,8.770000457763672
nan,nan,nan,nan,nan,nan,0.9777152423630333,8.770000457763672
nan,nan,nan,nan,nan,nan,0.9777152423630333,8.770000457763672
nan,nan,nan,nan,5.266036088274033,nan,0.7830682992935181,8.760000228881836
nan,nan,nan,nan,16.57669999123613,nan,0.7830682992935181,8.760000228881836
nan,nan,nan,nan,6.289922969969275,nan,0.7830682992935181,8.760000228881836
nan,nan,nan,nan,45.47201935936253,nan,0.7830682992935181,8.760000228881836
nan,nan,nan,nan,54.52715197719678,nan,0.7830682992935181,8.760000228881836
nan,nan,nan,nan,nan,nan,3.561769962310791,7.829999923706055
nan,nan,nan,nan,nan,nan,3.561769962310791,7.829999923706055
nan,nan,nan,nan,nan,nan,3.561769962310791,7.829999923706055
nan,nan,nan,nan,nan,nan,3.561769962310791,7.829999923706055
nan,nan,nan,nan,nan,nan,3.561769962310791,7.829999923706055
nan,nan,nan,nan,nan,26.960140769236432,0.6772814947762982,9.229999542236328
nan,nan,nan,nan,nan,21.53433105489037,0.6772814947762982,9.229999542236328
nan,nan,nan,nan,nan,0.9799709635087172,0.6772814947762982,9.229999542236328
nan,nan,nan,nan,nan,64.22182375541517,0.6772814947762982,9.229999542236328
nan,nan,nan,nan,nan,8.405922739479353,0.6772814947762982,9.229999542236328
nan,nan,nan,nan,nan,nan,1.1080811880745758,9.579999923706055
nan,nan,nan,nan,nan,nan,1.1080811880745758,9.579999923706055
nan,nan,nan,nan,nan,nan,1.1080811880745758,9.579999923706055
nan,nan,nan,nan,nan,nan,1.1080811880745758,9.579999923706055
nan,nan,nan,nan,nan,nan,1.1080811880745758,9.579999923706055
nan,nan,nan,nan,nan,193.36622056822986,0.8370926976203918,10.039999961853027
nan,nan,nan,nan,nan,1.428428380988086,0.8370926976203918,10.039999961853027
nan,nan,nan,nan,nan,189.47778515339564,0.8370926976203918,10.039999961853027
nan,nan,nan,nan,nan,nan,0.8370926976203918,10.039999961853027
nan,nan,nan,nan,nan,10.630620025431227,0.8370926976203918,10.039999961853027
nan,nan,nan,nan,nan,nan,0.6681374907493591,8.630000114440918
nan,nan,nan,nan,nan,nan,0.6681374907493591,8.630000114440918
nan,nan,nan,nan,nan,nan,0.6681374907493591,8.630000114440918
nan,nan,nan,nan,nan,nan,0.6681374907493591,8.630000114440918
nan,nan,nan,nan,nan,nan,0.6681374907493591,8.630000114440918
nan,nan,nan,nan,0.9487508566809284,1.1386389205141263,0.67023766040802,9.579999923706055
nan,nan,nan,nan,207.61661299920175,250.16623781087048,0.67023766040802,9.579999923706055
nan,nan,nan,nan,105.905114875069,123.13289851325445,0.67023766040802,9.579999923706055
nan,nan,nan,nan,18.069980445982807,21.079347393107277,0.67023766040802,9.579999923706055
nan,nan,nan,nan,112.21728085288605,133.7858702326001,0.67023766040802,9.579999923706055
nan,nan,nan,nan,nan,nan,4.432539939880371,8.180000305175781
nan,nan,nan,nan,nan,nan,4.432539939880371,8.180000305175781
nan,nan,nan,nan,nan,nan,4.432539939880371,8.180000305175781
nan,nan,nan,nan,nan,nan,4.432539939880371,8.180000305175781
nan,nan,nan,nan,nan,nan,4.432539939880371,8.180000305175781
nan,nan,nan,nan,nan,nan,1.1578147411346436,9.350000381469727
nan,nan,nan,nan,nan,nan,1.1578147411346436,9.350000381469727
nan,nan,nan,nan,nan,nan,1.1578147411346436,9.350000381469727
nan,nan,nan,nan,nan,nan,1.1578147411346436,9.350000381469727
nan,nan,nan,nan,nan,nan,1.1578147411346436,9.350000381469727
nan,nan,nan,nan,nan,nan,0.9806502950329841,8.960000038146973
nan,nan,nan,nan,nan,nan,0.9806502950329841,8.960000038146973
nan,nan,nan,nan,nan,nan,0.9806502950329841,8.960000038146973
nan,nan,nan,nan,nan,nan,0.9806502950329841,8.960000038146973
nan,nan,nan,nan,nan,nan,0.9806502950329841,8.960000038146973
nan,nan,nan,nan,nan,nan,1.4128762735638776,10.699999809265137
nan,nan,nan,nan,nan,nan,1.4128762735638776,10.699999809265137
nan,nan,nan,nan,nan,nan,1.4128762735638776,10.699999809265137
nan,nan,nan,nan,nan,nan,1.4128762735638776,10.699999809265137
nan,nan,nan,nan,nan,nan,1.4128762735638776,10.699999809265137
nan,nan,nan,nan,nan,nan,1.1118544505767156,9.59000015258789
nan,nan,nan,nan,nan,nan,1.1118544505767156,9.59000015258789
nan,nan,nan,nan,nan,nan,1.1118544505767156,9.59000015258789
nan,nan,nan,nan,nan,nan,1.1118544505767156,9.59000015258789
nan,nan,nan,nan,nan,nan,1.1118544505767156,9.59000015258789
nan,nan,nan,nan,nan,nan,1.0801942875635513,9.1899995803833
nan,nan,nan,nan,nan,nan,1.0801942875635513,9.1899995803833
nan,nan,nan,nan,nan,nan,1.0801942875635513,9.1899995803833
nan,nan,nan,nan,nan,nan,1.0801942875635513,9.1899995803833
nan,nan,nan,nan,nan,nan,1.0801942875635513,9.1899995803833
0.797762293375155,0.022320249346122426,0.02865173864549686,0.020574734597066133,5.407868975022044,2.1038003023488336,0.5775319652279224,9.960000038146973
0.797762293375155,0.022320249346122426,0.02865173864549686,0.020574734597066133,48.55579085095728,17.566934090171678,0.5775319652279224,9.960000038146973
0.797762293375155,0.022320249346122426,0.02865173864549686,0.020574734597066133,5.369810062120208,2.0223289656018437,0.5775319652279224,9.960000038146973
0.797762293375155,0.022320249346122426,0.02865173864549686,0.020574734597066133,360.0552620367814,125.77632490612326,0.5775319652279224,9.960000038146973
0.797762293375155,0.022320249346122426,0.02865173864549686,0.020574734597066133,159.53729672139852,57.04502965590646,0.5775319652279224,9.960000038146973
nan,nan,nan,nan,nan,nan,1.2633375956411577,10.0
nan,nan,nan,nan,nan,nan,1.2633375956411577,10.0
nan,nan,nan,nan,nan,nan,1.2633375956411577,10.0
nan,nan,nan,nan,nan,nan,1.2633375956411577,10.0
nan,nan,nan,nan,nan,nan,1.2633375956411577,10.0
nan,nan,nan,nan,nan,19.500479657924775,0.6769930653024138,9.75
nan,nan,nan,nan,nan,2.4533213785989503,0.6769930653024138,9.75
nan,nan,nan,nan,nan,30.64804980421177,0.6769930653024138,9.75
nan,nan,nan,nan,nan,0.7062528352550085,0.6769930653024138,9.75
nan,nan,nan,nan,nan,28.998900163089075,0.6769930653024138,9.75
nan,nan,nan,nan,nan,nan,0.9782887697219849,8.460000038146973
nan,nan,nan,nan,nan,nan,0.9782887697219849,8.460000038146973
nan,nan,nan,nan,nan,nan,0.9782887697219849,8.460000038146973
nan,nan,nan,nan,nan,nan,0.9782887697219849,8.460000038146973
nan,nan,nan,nan,nan,nan,0.9782887697219849,8.460000038146973
nan,nan,nan,nan,36.929927508557626,nan,0.79912930727005,6.519999980926514
nan,nan,nan,nan,9.620745027868592,nan,0.79912930727005,6.519999980926514
nan,nan,nan,nan,20.95580128582012,nan,0.79912930727005,6.519999980926514
nan,nan,nan,nan,17.209139105329125,nan,0.79912930727005,6.519999980926514
nan,nan,nan,nan,12.801722772961952,nan,0.79912930727005,6.519999980926514
nan,nan,nan,nan,nan,nan,1.0160812243045223,9.550000190734863
nan,nan,nan,nan,nan,nan,1.0160812243045223,9.550000190734863
nan,nan,nan,nan,nan,nan,1.0160812243045223,9.550000190734863
nan,nan,nan,nan,nan,nan,1.0160812243045223,9.550000190734863
nan,nan,nan,nan,nan,nan,1.0160812243045223,9.550000190734863
nan,nan,nan,nan,nan,nan,0.9971224665641785,8.510000228881836
nan,nan,nan,nan,nan,nan,0.9971224665641785,8.510000228881836
nan,nan,nan,nan,nan,nan,0.9971224665641785,8.510000228881836
nan,nan,nan,nan,nan,nan,0.9971224665641785,8.510000228881836
nan,nan,nan,nan,nan,nan,0.9971224665641785,8.510000228881836
nan,nan,nan,nan,nan,nan,0.7349399264236132,10.850000381469727
nan,nan,nan,nan,nan,nan,0.7349399264236132,10.850000381469727
nan,nan,nan,nan,nan,nan,0.7349399264236132,10.850000381469727
nan,nan,nan,nan,nan,nan,0.7349399264236132,10.850000381469727
nan,nan,nan,nan,nan,nan,0.7349399264236132,10.850000381469727
nan,nan,nan,nan,nan,nan,4.620659828186035,7.78000020980835
nan,nan,nan,nan,nan,nan,4.620659828186035,7.78000020980835
nan,nan,nan,nan,nan,nan,4.620659828186035,7.78000020980835
nan,nan,nan,nan,nan,nan,4.620659828186035,7.78000020980835
nan,nan,nan,nan,nan,nan,4.620659828186035,7.78000020980835
1.0332352402886307,0.10280144342761413,-0.447458797020129,0.06719586848776771,nan,nan,0.33811041712760925,9.850000381469727
1.0332352402886307,0.10280144342761413,-0.447458797020129,0.06719586848776771,nan,nan,0.33811041712760925,9.850000381469727
1.0332352402886307,0.10280144342761413,-0.447458797020129,0.06719586848776771,2.834955077353712,1.2606575839022451,0.33811041712760925,9.850000381469727
1.0332352402886307,0.10280144342761413,-0.447458797020129,0.06719586848776771,0.86417110769306,0.3976744532927615,0.33811041712760925,9.850000381469727
1.0332352402886307,0.10280144342761413,-0.447458797020129,0.06719586848776771,30.55561425791376,14.967201746258523,0.33811041712760925,9.850000381469727
nan,nan,nan,nan,nan,nan,5.143292427062988,8.65999984741211
nan,nan,nan,nan,nan,nan,5.143292427062988,8.65999984741211
nan,nan,nan,nan,nan,nan,5.143292427062988,8.65999984741211
nan,nan,nan,nan,nan,nan,5.143292427062988,8.65999984741211
nan,nan,nan,nan,nan,nan,5.143292427062988,8.65999984741211
nan,nan,nan,nan,nan,nan,1.1636469841647372,8.630000114440918
nan,nan,nan,nan,nan,nan,1.1636469841647372,8.630000114440918
nan,nan,nan,nan,nan,nan,1.1636469841647372,8.630000114440918
nan,nan,nan,nan,nan,nan,1.1636469841647372,8.630000114440918
nan,nan,nan,nan,nan,nan,1.1636469841647372,8.630000114440918
nan,nan,nan,nan,4.166082024632217,nan,0.6649364233016968,8.960000038146973
nan,nan,nan,nan,46.092787304173385,nan,0.6649364233016968,8.960000038146973
nan,nan,nan,nan,1.825378336415325,nan,0.6649364233016968,8.960000038146973
nan,nan,nan,nan,27.132327725728533,nan,0.6649364233016968,8.960000038146973
nan,nan,nan,nan,5.632930289008228,nan,0.6649364233016968,8.960000038146973
nan,nan,nan,nan,nan,nan,1.3830989181474416,9.34000015258789
nan,nan,nan,nan,nan,nan,1.3830989181474416,9.34000015258789
nan,nan,nan,nan,nan,nan,1.3830989181474416,9.34000015258789
nan,nan,nan,nan,nan,nan,1.3830989181474416,9.34000015258789
nan,nan,nan,nan,nan,nan,1.3830989181474416,9.34000015258789
nan,nan,nan,nan,nan,nan,4.936190128326416,8.949999809265137
nan,nan,nan,nan,nan,nan,4.936190128326416,8.949999809265137
nan,nan,nan,nan,nan,nan,4.936190128326416,8.949999809265137
nan,nan,nan,nan,nan,nan,4.936190128326416,8.949999809265137
nan,nan,nan,nan,nan,nan,4.936190128326416,8.949999809265137
nan,nan,nan,nan,nan,nan,3.331170082092285,8.920000076293945
nan,nan,nan,nan,nan,nan,3.331170082092285,8.920000076293945
nan,nan,nan,nan,nan,nan,3.331170082092285,8.920000076293945
nan,nan,nan,nan,nan,nan,3.331170082092285,8.920000076293945
nan,nan,nan,nan,nan,nan,3.331170082092285,8.920000076293945
0.8777094707836655,0.06265468588032581,-0.36837639805396677,0.05718739728825087,1.5281982798311553,0.9160631257414246,0.6681680679321289,9.34000015258789
0.8777094707836655,0.06265468588032581,-0.36837639805396677,0.05718739728825087,139.3600360015927,89.17575360432612,0.6681680679321289,9.34000015258789
0.8777094707836655,0.06265468588032581,-0.36837639805396677,0.05718739728825087,103.4896433210652,62.98713266098074,0.6681680679321289,9.34000015258789
0.8777094707836655,0.06265468588032581,-0.36837639805396677,0.05718739728825087,472.81341611757256,292.00054061870924,0.6681680679321289,9.34000015258789
0.8777094707836655,0.06265468588032581,-0.36837639805396677,0.05718739728825087,8.661571886974619,5.234955542951459,0.6681680679321289,9.34000015258789
nan,nan,nan,nan,nan,nan,1.4640188217163086,9.770000457763672
nan,nan,nan,nan,nan,nan,1.4640188217163086,9.770000457763672
nan,nan,nan,nan,nan,nan,1.4640188217163086,9.770000457763672
nan,nan,nan,nan,nan,nan,1.4640188217163086,9.770000457763672
nan,nan,nan,nan,nan,nan,1.4640188217163086,9.770000457763672
nan,nan,nan,nan,nan,nan,1.3005155324935913,8.609999656677246
nan,nan,nan,nan,nan,nan,1.3005155324935913,8.609999656677246
nan,nan,nan,nan,nan,nan,1.3005155324935913,8.609999656677246
nan,nan,nan,nan,nan,nan,1.3005155324935913,8.609999656677246
nan,nan,nan,nan,nan,nan,1.3005155324935913,8.609999656677246
nan,nan,nan,nan,nan,nan,0.6711371627860554,9.989999771118164
nan,nan,nan,nan,nan,nan,0.6711371627860554,9.989999771118164
nan,nan,nan,nan,nan,nan,0.6711371627860554,9.989999771118164
nan,nan,nan,nan,nan,nan,0.6711371627860554,9.989999771118164
nan,nan,nan,nan,nan,nan,0.6711371627860554,9.989999771118164
nan,nan,nan,nan,0.2878997162549552,nan,0.7343217730522156,8.220000267028809
nan,nan,nan,nan,12.057771566679962,nan,0.7343217730522156,8.220000267028809
nan,nan,nan,nan,114.67286935930919,nan,0.7343217730522156,8.220000267028809
nan,nan,nan,nan,0.12076151216027443,nan,0.7343217730522156,8.220000267028809
nan,nan,nan,nan,58.76471689261496,nan,0.7343217730522156,8.220000267028809
nan,nan,nan,nan,nan,nan,3.90714430809021,9.180000305175781
nan,nan,nan,nan,nan,nan,3.90714430809021,9.180000305175781
nan,nan,nan,nan,nan,nan,3.90714430809021,9.180000305175781
nan,nan,nan,nan,nan,nan,3.90714430809021,9.180000305175781
nan,nan,nan,nan,nan,nan,3.90714430809021,9.180000305175781
nan,nan,nan,nan,nan,nan,3.7088825702667236,9.399999618530273
nan,nan,nan,nan,nan,nan,3.7088825702667236,9.399999618530273
nan,nan,nan,nan,nan,nan,3.7088825702667236,9.399999618530273
nan,nan,nan,nan,nan,nan,3.7088825702667236,9.399999618530273
nan,nan,nan,nan,nan,nan,3.7088825702667236,9.399999618530273
nan,nan,nan,nan,nan,nan,0.11681,7.730000019073486
nan,nan,nan,nan,nan,nan,0.11681,7.730000019073486
nan,nan,nan,nan,nan,nan,0.11681,7.730000019073486
nan,nan,nan,nan,nan,nan,0.11681,7.730000019073486
nan,nan,nan,nan,nan,nan,0.11681,7.730000019073486
nan,nan,nan,nan,8.020565260502106,nan,0.704908549785614,8.239999771118164
nan,nan,nan,nan,170.3261570403781,nan,0.704908549785614,8.239999771118164
nan,nan,nan,nan,7.663658792363711,nan,0.704908549785614,8.239999771118164
nan,nan,nan,nan,9.612581214517304,nan,0.704908549785614,8.239999771118164
nan,nan,nan,nan,430.5570052901329,nan,0.704908549785614,8.239999771118164
nan,nan,nan,nan,nan,nan,0.5495932698249817,6.840000152587891
nan,nan,nan,nan,2.4784708568839666,nan,0.5495932698249817,6.840000152587891
nan,nan,nan,nan,25.531146457633536,nan,0.5495932698249817,6.840000152587891
nan,nan,nan,nan,2.8942689732111484,nan,0.5495932698249817,6.840000152587891
nan,nan,nan,nan,21.843585790762884,nan,0.5495932698249817,6.840000152587891
nan,nan,nan,nan,nan,nan,0.41360241174697876,7.409999847412109
nan,nan,nan,nan,nan,nan,0.41360241174697876,7.409999847412109
nan,nan,nan,nan,nan,nan,0.41360241174697876,7.409999847412109
nan,nan,nan,nan,nan,nan,0.41360241174697876,7.409999847412109
nan,nan,nan,nan,nan,nan,0.41360241174697876,7.409999847412109
nan,nan,nan,nan,nan,nan,1.34122633934021,9.520000457763672
nan,nan,nan,nan,nan,nan,1.34122633934021,9.520000457763672
nan,nan,nan,nan,nan,nan,1.34122633934021,9.520000457763672
nan,nan,nan,nan,nan,nan,1.34122633934021,9.520000457763672
nan,nan,nan,nan,nan,nan,1.34122633934021,9.520000457763672
nan,nan,nan,nan,nan,nan,4.148196220397949,10.079999923706055
nan,nan,nan,nan,nan,nan,4.148196220397949,10.079999923706055
nan,nan,nan,nan,nan,nan,4.148196220397949,10.079999923706055
nan,nan,nan,nan,nan,nan,4.148196220397949,10.079999923706055
nan,nan,nan,nan,nan,nan,4.148196220397949,10.079999923706055
nan,nan,nan,nan,1.6692072192492386,0.7301315496800835,0.6703532338142395,9.220000267028809
nan,nan,nan,nan,26.77466601108498,11.41170068979093,0.6703532338142395,9.220000267028809
nan,nan,nan,nan,88.83786765682993,38.17652236418255,0.6703532338142395,9.220000267028809
nan,nan,nan,nan,39.367572346788705,16.684779656661323,0.6703532338142395,9.220000267028809
nan,nan,nan,nan,17.3165234614653,8.647571817550864,0.6703532338142395,9.220000267028809
nan,nan,nan,nan,nan,nan,3.015872001647949,6.309999942779541
nan,nan,nan,nan,nan,nan,3.015872001647949,6.309999942779541
nan,nan,nan,nan,nan,nan,3.015872001647949,6.309999942779541
nan,nan,nan,nan,nan,nan,3.015872001647949,6.309999942779541
nan,nan,nan,nan,nan,nan,3.015872001647949,6.309999942779541
nan,nan,nan,nan,nan,nan,0.1473074122979836,7.760000228881836
nan,nan,nan,nan,nan,nan,0.1473074122979836,7.760000228881836
nan,nan,nan,nan,nan,nan,0.1473074122979836,7.760000228881836
nan,nan,nan,nan,nan,nan,0.1473074122979836,7.760000228881836
nan,nan,nan,nan,nan,nan,0.1473074122979836,7.760000228881836
nan,nan,nan,nan,nan,nan,3.2574799060821533,7.75
nan,nan,nan,nan,nan,nan,3.2574799060821533,7.75
nan,nan,nan,nan,nan,nan,3.2574799060821533,7.75
nan,nan,nan,nan,nan,nan,3.2574799060821533,7.75
nan,nan,nan,nan,nan,nan,3.2574799060821533,7.75
nan,nan,nan,nan,nan,nan,0.15058725500130227,6.46999979019165
nan,nan,nan,nan,nan,nan,0.15058725500130227,6.46999979019165
nan,nan,nan,nan,nan,nan,0.15058725500130227,6.46999979019165
nan,nan,nan,nan,nan,nan,0.15058725500130227,6.46999979019165
nan,nan,nan,nan,nan,nan,0.15058725500130227,6.46999979019165
nan,nan,nan,nan,nan,nan,0.14723884677992882,8.079999923706055
nan,nan,nan,nan,nan,nan,0.14723884677992882,8.079999923706055
nan,nan,nan,nan,nan,nan,0.14723884677992882,8.079999923706055
nan,nan,nan,nan,nan,nan,0.14723884677992882,8.079999923706055
nan,nan,nan,nan,nan,nan,0.14723884677992882,8.079999923706055
nan,nan,nan,nan,nan,nan,0.7329512114492978,8.800000190734863
nan,nan,nan,nan,nan,nan,0.7329512114492978,8.800000190734863
nan,nan,nan,nan,nan,nan,0.7329512114492978,8.800000190734863
nan,nan,nan,nan,nan,nan,0.7329512114492978,8.800000190734863
nan,nan,nan,nan,nan,nan,0.7329512114492978,8.800000190734863
0.6977712569313939,0.04102654541499099,-0.3709166487115126,0.049927050957767144,1.7730286256142602,1.4049548293487797,0.3105643554818122,8.75
0.6977712569313939,0.04102654541499099,-0.3709166487115126,0.049927050957767144,173.60100184761282,141.52750353494005,0.3105643554818122,8.75
0.6977712569313939,0.04102654541499099,-0.3709166487115126,0.049927050957767144,11.078736243007556,9.744832417649558,0.3105643554818122,8.75
0.6977712569313939,0.04102654541499099,-0.3709166487115126,0.049927050957767144,275.1790077412786,184.40967867833763,0.3105643554818122,8.75
0.6977712569313939,0.04102654541499099,-0.3709166487115126,0.049927050957767144,240.03890604535073,199.76803900343785,0.3105643554818122,8.75
nan,nan,nan,nan,nan,nan,3.6066410541534424,9.279999732971191
nan,nan,nan,nan,nan,nan,3.6066410541534424,9.279999732971191
nan,nan,nan,nan,nan,nan,3.6066410541534424,9.279999732971191
nan,nan,nan,nan,nan,nan,3.6066410541534424,9.279999732971191
nan,nan,nan,nan,nan,nan,3.6066410541534424,9.279999732971191
nan,nan,nan,nan,nan,nan,3.491450071334839,9.920000076293945
nan,nan,nan,nan,nan,nan,3.491450071334839,9.920000076293945
nan,nan,nan,nan,nan,nan,3.491450071334839,9.920000076293945
nan,nan,nan,nan,nan,nan,3.491450071334839,9.920000076293945
nan,nan,nan,nan,nan,nan,3.491450071334839,9.920000076293945
nan,nan,nan,nan,nan,nan,3.2448344230651855,8.869999885559082
nan,nan,nan,nan,nan,nan,3.2448344230651855,8.869999885559082
nan,nan,nan,nan,nan,nan,3.2448344230651855,8.869999885559082
nan,nan,nan,nan,nan,nan,3.2448344230651855,8.869999885559082
nan,nan,nan,nan,nan,nan,3.2448344230651855,8.869999885559082
nan,nan,nan,nan,nan,nan,3.7033400535583496,9.359999656677246
nan,nan,nan,nan,nan,nan,3.7033400535583496,9.359999656677246
nan,nan,nan,nan,nan,nan,3.7033400535583496,9.359999656677246
nan,nan,nan,nan,nan,nan,3.7033400535583496,9.359999656677246
nan,nan,nan,nan,nan,nan,3.7033400535583496,9.359999656677246
nan,nan,nan,nan,nan,nan,4.587407112121582,7.519999980926514
nan,nan,nan,nan,nan,nan,4.587407112121582,7.519999980926514
nan,nan,nan,nan,nan,nan,4.587407112121582,7.519999980926514
nan,nan,nan,nan,nan,nan,4.587407112121582,7.519999980926514
nan,nan,nan,nan,nan,nan,4.587407112121582,7.519999980926514
nan,nan,nan,nan,nan,nan,0.7628429748295986,8.949999809265137
nan,nan,nan,nan,nan,nan,0.7628429748295986,8.949999809265137
nan,nan,nan,nan,nan,nan,0.7628429748295986,8.949999809265137
nan,nan,nan,nan,nan,nan,0.7628429748295986,8.949999809265137
nan,nan,nan,nan,nan,nan,0.7628429748295986,8.949999809265137
0.9631353520914451,0.08667248368449101,0.13619917834077197,0.04501077534107805,98.24088615316329,24.127418860549852,0.29639444040821566,8.239999771118164
0.9631353520914451,0.08667248368449101,0.13619917834077197,0.04501077534107805,62.53229920822131,13.955431733749007,0.29639444040821566,8.239999771118164
0.9631353520914451,0.08667248368449101,0.13619917834077197,0.04501077534107805,281.04476886339603,75.7386583160234,0.29639444040821566,8.239999771118164
0.9631353520914451,0.08667248368449101,0.13619917834077197,0.04501077534107805,38.12394356500397,8.878014025074537,0.29639444040821566,8.239999771118164
0.9631353520914451,0.08667248368449101,0.13619917834077197,0.04501077534107805,6.378231371486881,1.474964490680795,0.29639444040821566,8.239999771118164
nan,nan,nan,nan,nan,nan,1.015289306640625,8.760000228881836
nan,nan,nan,nan,nan,nan,1.015289306640625,8.760000228881836
nan,nan,nan,nan,nan,nan,1.015289306640625,8.760000228881836
nan,nan,nan,nan,nan,nan,1.015289306640625,8.760000228881836
nan,nan,nan,nan,nan,nan,1.015289306640625,8.760000228881836
nan,nan,nan,nan,119.66105369286572,135.51966381033566,0.5350524187088013,9.699999809265137
nan,nan,nan,nan,0.9447821097504308,1.1094945886347714,0.5350524187088013,9.699999809265137
nan,nan,nan,nan,172.0893059904212,184.20560836508128,0.5350524187088013,9.699999809265137
nan,nan,nan,nan,237.99165234001552,249.2549101463049,0.5350524187088013,9.699999809265137
nan,nan,nan,nan,62.71452392635599,70.25705945431605,0.5350524187088013,9.699999809265137
nan,nan,nan,nan,nan,nan,1.3409775495529175,9.800000190734863
nan,nan,nan,nan,nan,nan,1.3409775495529175,9.800000190734863
nan,nan,nan,nan,nan,nan,1.3409775495529175,9.800000190734863
nan,nan,nan,nan,nan,nan,1.3409775495529175,9.800000190734863
nan,nan,nan,nan,nan,nan,1.3409775495529175,9.800000190734863
nan,nan,nan,nan,7.597047361879133,nan,0.6158140301704407,7.590000152587891
nan,nan,nan,nan,2.347060418066278,nan,0.6158140301704407,7.590000152587891
nan,nan,nan,nan,14.625479894493667,nan,0.6158140301704407,7.590000152587891
nan,nan,nan,nan,7.4023317676495175,nan,0.6158140301704407,7.590000152587891
nan,nan,nan,nan,44.24023891355263,nan,0.6158140301704407,7.590000152587891
nan,nan,nan,nan,22.33458152730316,nan,0.36531370878219604,8.5600004196167
nan,nan,nan,nan,1.1440718350832815,nan,0.36531370878219604,8.5600004196167
nan,nan,nan,nan,16.807267396940393,nan,0.36531370878219604,8.5600004196167
nan,nan,nan,nan,7.841991931524428,nan,0.36531370878219604,8.5600004196167
nan,nan,nan,nan,7.067776073328565,nan,0.36531370878219604,8.5600004196167
nan,nan,nan,nan,nan,nan,5.315549850463867,8.109999656677246
nan,nan,nan,nan,nan,nan,5.315549850463867,8.109999656677246
nan,nan,nan,nan,nan,nan,5.315549850463867,8.109999656677246
nan,nan,nan,nan,nan,nan,5.315549850463867,8.109999656677246
nan,nan,nan,nan,nan,nan,5.315549850463867,8.109999656677246
nan,nan,nan,nan,nan,nan,3.163969039916992,9.170000076293945
nan,nan,nan,nan,nan,nan,3.163969039916992,9.170000076293945
nan,nan,nan,nan,nan,nan,3.163969039916992,9.170000076293945
nan,nan,nan,nan,nan,nan,3.163969039916992,9.170000076293945
nan,nan,nan,nan,nan,nan,3.163969039916992,9.170000076293945
nan,nan,nan,nan,nan,nan,0.8690122365951538,8.609999656677246
nan,nan,nan,nan,nan,nan,0.8690122365951538,8.609999656677246
nan,nan,nan,nan,nan,nan,0.8690122365951538,8.609999656677246
nan,nan,nan,nan,nan,nan,0.8690122365951538,8.609999656677246
nan,nan,nan,nan,nan,nan,0.8690122365951538,8.609999656677246
nan,nan,nan,nan,5.617242086279794,nan,0.8263624906539917,8.270000457763672
nan,nan,nan,nan,25.453824815584497,nan,0.8263624906539917,8.270000457763672
nan,nan,nan,nan,3.9993572324689466,nan,0.8263624906539917,8.270000457763672
nan,nan,nan,nan,16.6198442289455,nan,0.8263624906539917,8.270000457763672
nan,nan,nan,nan,3.1855167946150975,nan,0.8263624906539917,8.270000457763672
nan,nan,nan,nan,nan,nan,4.544310092926025,8.529999732971191
nan,nan,nan,nan,nan,nan,4.544310092926025,8.529999732971191
nan,nan,nan,nan,nan,nan,4.544310092926025,8.529999732971191
nan,nan,nan,nan,nan,nan,4.544310092926025,8.529999732971191
nan,nan,nan,nan,nan,nan,4.544310092926025,8.529999732971191
nan,nan,nan,nan,nan,nan,1.1769834756851196,9.149999618530273
nan,nan,nan,nan,nan,nan,1.1769834756851196,9.149999618530273
nan,nan,nan,nan,nan,nan,1.1769834756851196,9.149999618530273
nan,nan,nan,nan,nan,nan,1.1769834756851196,9.149999618530273
nan,nan,nan,nan,nan,nan,1.1769834756851196,9.149999618530273
nan,nan,nan,nan,12.466707667951184,nan,0.47415655851364136,8.270000457763672
nan,nan,nan,nan,14.492807517955223,nan,0.47415655851364136,8.270000457763672
nan,nan,nan,nan,16.393365270468237,nan,0.47415655851364136,8.270000457763672
nan,nan,nan,nan,2.700316347188273,nan,0.47415655851364136,8.270000457763672
nan,nan,nan,nan,47.08349216458523,nan,0.47415655851364136,8.270000457763672
nan,nan,nan,nan,nan,nan,4.43189001083374,9.880000114440918
nan,nan,nan,nan,nan,nan,4.43189001083374,9.880000114440918
nan,nan,nan,nan,nan,nan,4.43189001083374,9.880000114440918
nan,nan,nan,nan,nan,nan,4.43189001083374,9.880000114440918
nan,nan,nan,nan,nan,nan,4.43189001083374,9.880000114440918
0.8360390291545065,0.09207877716298941,0.490739938576042,0.09163611512604546,16.971206071419576,4.215536837980885,0.8329631686210632,8.819999694824219
0.8360390291545065,0.09207877716298941,0.490739938576042,0.09163611512604546,557.3598707078944,140.5873111797237,0.8329631686210632,8.819999694824219
0.8360390291545065,0.09207877716298941,0.490739938576042,0.09163611512604546,479.383321092268,121.80088397303507,0.8329631686210632,8.819999694824219
0.8360390291545065,0.09207877716298941,0.490739938576042,0.09163611512604546,138.1171844465766,35.35616864849585,0.8329631686210632,8.819999694824219
0.8360390291545065,0.09207877716298941,0.490739938576042,0.09163611512604546,103.09925313307205,25.085922550319207,0.8329631686210632,8.819999694824219
nan,nan,nan,nan,nan,nan,4.0411763191223145,7.800000190734863
nan,nan,nan,nan,nan,nan,4.0411763191223145,7.800000190734863
nan,nan,nan,nan,nan,nan,4.0411763191223145,7.800000190734863
nan,nan,nan,nan,nan,nan,4.0411763191223145,7.800000190734863
nan,nan,nan,nan,nan,nan,4.0411763191223145,7.800000190734863
0.9824609022963455,0.19243998690612474,0.4626643093932006,0.13573392783495294,17.2189994155048,3.241032984720299,0.6548907146335274,8.729999542236328
0.9824609022963455,0.19243998690612474,0.4626643093932006,0.13573392783495294,7.7696430107019765,1.4133148462198257,0.6548907146335274,8.729999542236328
0.9824609022963455,0.19243998690612474,0.4626643093932006,0.13573392783495294,52.101557724456256,9.327820722209246,0.6548907146335274,8.729999542236328
0.9824609022963455,0.19243998690612474,0.4626643093932006,0.13573392783495294,13.127919525853455,2.394464091688696,0.6548907146335274,8.729999542236328
0.9824609022963455,0.19243998690612474,0.4626643093932006,0.13573392783495294,96.50615918598848,17.31343834035133,0.6548907146335274,8.729999542236328
nan,nan,nan,nan,nan,nan,3.713409900665283,8.880000114440918
nan,nan,nan,nan,nan,nan,3.713409900665283,8.880000114440918
nan,nan,nan,nan,nan,nan,3.713409900665283,8.880000114440918
nan,nan,nan,nan,nan,nan,3.713409900665283,8.880000114440918
nan,nan,nan,nan,nan,nan,3.713409900665283,8.880000114440918
nan,nan,nan,nan,nan,nan,0.978295359185769,8.539999961853027
nan,nan,nan,nan,nan,nan,0.978295359185769,8.539999961853027
nan,nan,nan,nan,nan,nan,0.978295359185769,8.539999961853027
nan,nan,nan,nan,nan,nan,0.978295359185769,8.539999961853027
nan,nan,nan,nan,nan,nan,0.978295359185769,8.539999961853027
0.8771177524372453,0.07363009914772023,0.1637145953408688,0.051862383093470625,240.9048867416533,66.53327053121858,0.6696735620498657,8.869999885559082
0.8771177524372453,0.07363009914772023,0.1637145953408688,0.051862383093470625,206.38489925537343,56.8759227496406,0.6696735620498657,8.869999885559082
0.8771177524372453,0.07363009914772023,0.1637145953408688,0.051862383093470625,7.194012644243083,1.9870594819437957,0.6696735620498657,8.869999885559082
0.8771177524372453,0.07363009914772023,0.1637145953408688,0.051862383093470625,39.0465891372785,10.797230345917981,0.6696735620498657,8.869999885559082
0.8771177524372453,0.07363009914772023,0.1637145953408688,0.051862383093470625,153.36060085501595,43.21488007010501,0.6696735620498657,8.869999885559082
nan,nan,nan,nan,3.705027966253352,nan,0.6702289391547505,8.760000228881836
nan,nan,nan,nan,nan,nan,0.6702289391547505,8.760000228881836
nan,nan,nan,nan,39.220093371456265,nan,0.6702289391547505,8.760000228881836
nan,nan,nan,nan,11.983324857474347,nan,0.6702289391547505,8.760000228881836
nan,nan,nan,nan,68.11312718543316,nan,0.6702289391547505,8.760000228881836
nan,nan,nan,nan,nan,nan,4.295849800109863,9.569999694824219
nan,nan,nan,nan,nan,nan,4.295849800109863,9.569999694824219
nan,nan,nan,nan,nan,nan,4.295849800109863,9.569999694824219
nan,nan,nan,nan,nan,nan,4.295849800109863,9.569999694824219
nan,nan,nan,nan,nan,nan,4.295849800109863,9.569999694824219
nan,nan,nan,nan,90.35679468512431,nan,0.7524954676628113,8.84000015258789
nan,nan,nan,nan,82.88745071224064,nan,0.7524954676628113,8.84000015258789
nan,nan,nan,nan,29.79896303277831,nan,0.7524954676628113,8.84000015258789
nan,nan,nan,nan,nan,nan,0.7524954676628113,8.84000015258789
nan,nan,nan,nan,7.7141299551976905,nan,0.7524954676628113,8.84000015258789
0.9847853931229498,0.05064351808940196,-0.2684274825317506,0.02549675015993996,1.7231473769910548,0.6518161067173215,0.2879859269956272,9.180000305175781
0.9847853931229498,0.05064351808940196,-0.2684274825317506,0.02549675015993996,38.4394989091765,14.956544544138898,0.2879859269956272,9.180000305175781
0.9847853931229498,0.05064351808940196,-0.2684274825317506,0.02549675015993996,765.5450618221715,284.47575045803285,0.2879859269956272,9.180000305175781
0.9847853931229498,0.05064351808940196,-0.2684274825317506,0.02549675015993996,157.9551850793458,58.400636842655125,0.2879859269956272,9.180000305175781
0.9847853931229498,0.05064351808940196,-0.2684274825317506,0.02549675015993996,201.94333291777446,76.07971302798913,0.2879859269956272,9.180000305175781
0.9777357906517604,0.11207891525818624,-0.08053953550784254,0.04292090762548372,7.258830907384242,2.502380698073993,0.7374938793976185,9.390000343322754
0.9777357906517604,0.11207891525818624,-0.08053953550784254,0.04292090762548372,4.465030106095393,1.5409764962687384,0.7374938793976185,9.390000343322754
0.9777357906517604,0.11207891525818624,-0.08053953550784254,0.04292090762548372,432.3966789166218,157.16653713566583,0.7374938793976185,9.390000343322754
0.9777357906517604,0.11207891525818624,-0.08053953550784254,0.04292090762548372,18.497298498846686,6.7861917582012214,0.7374938793976185,9.390000343322754
0.9777357906517604,0.11207891525818624,-0.08053953550784254,0.04292090762548372,930.9786870443023,357.8525971817882,0.7374938793976185,9.390000343322754
nan,nan,nan,nan,3.763694255587346,1.6043174994926086,0.5441696643829346,8.960000038146973
nan,nan,nan,nan,51.057429311629036,22.51696260160758,0.5441696643829346,8.960000038146973
nan,nan,nan,nan,14.830107775369255,6.576900736084858,0.5441696643829346,8.960000038146973
nan,nan,nan,nan,24.76494891405389,10.79532223816297,0.5441696643829346,8.960000038146973
nan,nan,nan,nan,2.0030123975390626,0.8942209721166067,0.5441696643829346,8.960000038146973
0.9890452337171395,0.2366498070524142,0.051164454208596895,0.10785962316181852,100.60194158434297,22.792435950668715,0.3474831283092499,8.140000343322754
0.9890452337171395,0.2366498070524142,0.051164454208596895,0.10785962316181852,7.0039007896506345,1.5771177153842058,0.3474831283092499,8.140000343322754
0.9890452337171395,0.2366498070524142,0.051164454208596895,0.10785962316181852,43.69404813037214,9.291261045562544,0.3474831283092499,8.140000343322754
0.9890452337171395,0.2366498070524142,0.051164454208596895,0.10785962316181852,39.46760885905467,8.988382920728428,0.3474831283092499,8.140000343322754
0.9890452337171395,0.2366498070524142,0.051164454208596895,0.10785962316181852,16.524518741349016,3.594308579730193,0.3474831283092499,8.140000343322754
nan,nan,nan,nan,nan,nan,4.365055084228516,8.220000267028809
nan,nan,nan,nan,nan,nan,4.365055084228516,8.220000267028809
nan,nan,nan,nan,nan,nan,4.365055084228516,8.220000267028809
nan,nan,nan,nan,nan,nan,4.365055084228516,8.220000267028809
nan,nan,nan,nan,nan,nan,4.365055084228516,8.220000267028809
nan,nan,nan,nan,nan,nan,1.0164144039154053,8.210000038146973
nan,nan,nan,nan,nan,nan,1.0164144039154053,8.210000038146973
nan,nan,nan,nan,nan,nan,1.0164144039154053,8.210000038146973
nan,nan,nan,nan,nan,nan,1.0164144039154053,8.210000038146973
nan,nan,nan,nan,nan,nan,1.0164144039154053,8.210000038146973
nan,nan,nan,nan,31.471418249210817,nan,0.7420971817351181,8.039999961853027
nan,nan,nan,nan,32.070661312148374,nan,0.7420971817351181,8.039999961853027
nan,nan,nan,nan,436.44982104496466,nan,0.7420971817351181,8.039999961853027
nan,nan,nan,nan,58.071844228909434,nan,0.7420971817351181,8.039999961853027
nan,nan,nan,nan,12.816835288460846,nan,0.7420971817351181,8.039999961853027
0.782426542898633,0.05781868815862242,-0.013152343575468874,0.048543019018576335,2.3014367215754343,0.987540153590036,0.6689991449944559,8.850000381469727
0.782426542898633,0.05781868815862242,-0.013152343575468874,0.048543019018576335,174.20049395535835,69.4627534686329,0.6689991449944559,8.850000381469727
0.782426542898633,0.05781868815862242,-0.013152343575468874,0.048543019018576335,6.973860370940349,2.904779634858766,0.6689991449944559,8.850000381469727
0.782426542898633,0.05781868815862242,-0.013152343575468874,0.048543019018576335,298.86821520411394,126.04496082454646,0.6689991449944559,8.850000381469727
0.782426542898633,0.05781868815862242,-0.013152343575468874,0.048543019018576335,71.55028781017698,29.209860837479848,0.6689991449944559,8.850000381469727
nan,nan,nan,nan,nan,nan,3.1682934761047363,8.920000076293945
nan,nan,nan,nan,nan,nan,3.1682934761047363,8.920000076293945
nan,nan,nan,nan,nan,nan,3.1682934761047363,8.920000076293945
nan,nan,nan,nan,nan,nan,3.1682934761047363,8.920000076293945
nan,nan,nan,nan,nan,nan,3.1682934761047363,8.920000076293945
nan,nan,nan,nan,nan,nan,0.9982814192771912,9.640000343322754
nan,nan,nan,nan,nan,nan,0.9982814192771912,9.640000343322754
nan,nan,nan,nan,nan,nan,0.9982814192771912,9.640000343322754
nan,nan,nan,nan,nan,nan,0.9982814192771912,9.640000343322754
nan,nan,nan,nan,nan,nan,0.9982814192771912,9.640000343322754
nan,nan,nan,nan,nan,nan,1.3562091051902683,9.779999732971191
nan,nan,nan,nan,nan,nan,1.3562091051902683,9.779999732971191
nan,nan,nan,nan,nan,nan,1.3562091051902683,9.779999732971191
nan,nan,nan,nan,nan,nan,1.3562091051902683,9.779999732971191
nan,nan,nan,nan,nan,nan,1.3562091051902683,9.779999732971191
nan,nan,nan,nan,nan,nan,1.4130682486624164,10.029999732971191
nan,nan,nan,nan,nan,nan,1.4130682486624164,10.029999732971191
nan,nan,nan,nan,nan,nan,1.4130682486624164,10.029999732971191
nan,nan,nan,nan,nan,nan,1.4130682486624164,10.029999732971191
nan,nan,nan,nan,nan,nan,1.4130682486624164,10.029999732971191
nan,nan,nan,nan,nan,nan,0.4167516422786218,8.510000228881836
nan,nan,nan,nan,72.94547456767823,nan,0.4167516422786218,8.510000228881836
nan,nan,nan,nan,1.9243250488248749,nan,0.4167516422786218,8.510000228881836
nan,nan,nan,nan,57.80307355093566,nan,0.4167516422786218,8.510000228881836
nan,nan,nan,nan,3.838921686145065,nan,0.4167516422786218,8.510000228881836
nan,nan,nan,nan,nan,nan,4.949482440948486,8.079999923706055
nan,nan,nan,nan,nan,nan,4.949482440948486,8.079999923706055
nan,nan,nan,nan,nan,nan,4.949482440948486,8.079999923706055
nan,nan,nan,nan,nan,nan,4.949482440948486,8.079999923706055
nan,nan,nan,nan,nan,nan,4.949482440948486,8.079999923706055
nan,nan,nan,nan,nan,nan,4.4332427978515625,9.350000381469727
nan,nan,nan,nan,nan,nan,4.4332427978515625,9.350000381469727
nan,nan,nan,nan,nan,nan,4.4332427978515625,9.350000381469727
nan,nan,nan,nan,nan,nan,4.4332427978515625,9.350000381469727
nan,nan,nan,nan,nan,nan,4.4332427978515625,9.350000381469727
0.9360842601838137,0.04279179497730139,0.04832295764501996,0.021730010227810587,319.4380210004159,96.66579152967984,0.28790774089319476,8.829999923706055
0.9360842601838137,0.04279179497730139,0.04832295764501996,0.021730010227810587,661.2455130819498,187.67968669694258,0.28790774089319476,8.829999923706055
0.9360842601838137,0.04279179497730139,0.04832295764501996,0.021730010227810587,227.48403249608327,62.57669644582304,0.28790774089319476,8.829999923706055
0.9360842601838137,0.04279179497730139,0.04832295764501996,0.021730010227810587,nan,nan,0.28790774089319476,8.829999923706055
0.9360842601838137,0.04279179497730139,0.04832295764501996,0.021730010227810587,3.9124767263821876,1.0914810253527112,0.28790774089319476,8.829999923706055
nan,nan,nan,nan,nan,nan,0.6821609735488892,8.90999984741211
nan,nan,nan,nan,nan,nan,0.6821609735488892,8.90999984741211
nan,nan,nan,nan,nan,nan,0.6821609735488892,8.90999984741211
nan,nan,nan,nan,nan,nan,0.6821609735488892,8.90999984741211
nan,nan,nan,nan,nan,nan,0.6821609735488892,8.90999984741211
nan,nan,nan,nan,13.673438390706353,nan,0.41512033343315125,7.800000190734863
nan,nan,nan,nan,5.313091951103126,nan,0.41512033343315125,7.800000190734863
nan,nan,nan,nan,55.86669556213667,nan,0.41512033343315125,7.800000190734863
nan,nan,nan,nan,7.527906025714821,nan,0.41512033343315125,7.800000190734863
nan,nan,nan,nan,8.39141241836807,nan,0.41512033343315125,7.800000190734863
nan,nan,nan,nan,nan,nan,0.5476580262184143,9.329999923706055
nan,nan,nan,nan,nan,nan,0.5476580262184143,9.329999923706055
nan,nan,nan,nan,nan,nan,0.5476580262184143,9.329999923706055
nan,nan,nan,nan,nan,nan,0.5476580262184143,9.329999923706055
nan,nan,nan,nan,nan,nan,0.5476580262184143,9.329999923706055
nan,nan,nan,nan,nan,nan,3.4454522132873535,8.109999656677246
nan,nan,nan,nan,nan,nan,3.4454522132873535,8.109999656677246
nan,nan,nan,nan,nan,nan,3.4454522132873535,8.109999656677246
nan,nan,nan,nan,nan,nan,3.4454522132873535,8.109999656677246
nan,nan,nan,nan,nan,nan,3.4454522132873535,8.109999656677246
nan,nan,nan,nan,nan,6.374862564055458,0.904374361038208,8.989999771118164
nan,nan,nan,nan,nan,3.445811323865448,0.904374361038208,8.989999771118164
nan,nan,nan,nan,nan,3.9827045743380842,0.904374361038208,8.989999771118164
nan,nan,nan,nan,nan,53.796968428961726,0.904374361038208,8.989999771118164
nan,nan,nan,nan,nan,29.824506034727694,0.904374361038208,8.989999771118164
nan,nan,nan,nan,nan,nan,1.2443959712982178,9.970000267028809
nan,nan,nan,nan,nan,nan,1.2443959712982178,9.970000267028809
nan,nan,nan,nan,nan,nan,1.2443959712982178,9.970000267028809
nan,nan,nan,nan,nan,nan,1.2443959712982178,9.970000267028809
nan,nan,nan,nan,nan,nan,1.2443959712982178,9.970000267028809
nan,nan,nan,nan,164.2212942495824,nan,0.6248557783217322,8.979999542236328
nan,nan,nan,nan,1.7600771139555673,nan,0.6248557783217322,8.979999542236328
nan,nan,nan,nan,2.2536270344120903,nan,0.6248557783217322,8.979999542236328
nan,nan,nan,nan,29.73310815421291,nan,0.6248557783217322,8.979999542236328
nan,nan,nan,nan,5.267696909400926,nan,0.6248557783217322,8.979999542236328
0.7980572066387475,0.08705143482338615,-0.4104651188672299,0.08622393736884859,45.623976418623855,35.23717753710663,0.4317547082901001,9.529999732971191
0.7980572066387475,0.08705143482338615,-0.4104651188672299,0.08622393736884859,9.091055759892779,6.934046133367283,0.4317547082901001,9.529999732971191
0.7980572066387475,0.08705143482338615,-0.4104651188672299,0.08622393736884859,4.874315783791703,3.8627181284630674,0.4317547082901001,9.529999732971191
0.7980572066387475,0.08705143482338615,-0.4104651188672299,0.08622393736884859,0.673920039110199,0.5573259820329397,0.4317547082901001,9.529999732971191
0.7980572066387475,0.08705143482338615,-0.4104651188672299,0.08622393736884859,nan,nan,0.4317547082901001,9.529999732971191
nan,nan,nan,nan,nan,nan,0.6654980182647705,8.8100004196167
nan,nan,nan,nan,nan,nan,0.6654980182647705,8.8100004196167
nan,nan,nan,nan,nan,nan,0.6654980182647705,8.8100004196167
nan,nan,nan,nan,nan,nan,0.6654980182647705,8.8100004196167
nan,nan,nan,nan,nan,nan,0.6654980182647705,8.8100004196167
nan,nan,nan,nan,nan,nan,0.9046602367461765,8.600000381469727
nan,nan,nan,nan,nan,nan,0.9046602367461765,8.600000381469727
nan,nan,nan,nan,nan,nan,0.9046602367461765,8.600000381469727
nan,nan,nan,nan,nan,nan,0.9046602367461765,8.600000381469727
nan,nan,nan,nan,nan,nan,0.9046602367461765,8.600000381469727
nan,nan,nan,nan,28.7038446419658,nan,0.47376550051956,7.639999866485596
nan,nan,nan,nan,0.7815966118218447,nan,0.47376550051956,7.639999866485596
nan,nan,nan,nan,7.015212972325984,nan,0.47376550051956,7.639999866485596
nan,nan,nan,nan,12.201537952845856,nan,0.47376550051956,7.639999866485596
nan,nan,nan,nan,35.116522452025585,nan,0.47376550051956,7.639999866485596
nan,nan,nan,nan,nan,nan,1.1089516032973776,10.34000015258789
nan,nan,nan,nan,nan,nan,1.1089516032973776,10.34000015258789
nan,nan,nan,nan,nan,nan,1.1089516032973776,10.34000015258789
nan,nan,nan,nan,nan,nan,1.1089516032973776,10.34000015258789
nan,nan,nan,nan,nan,nan,1.1089516032973776,10.34000015258789
nan,nan,nan,nan,nan,nan,1.245835304260254,9.010000228881836
nan,nan,nan,nan,nan,nan,1.245835304260254,9.010000228881836
nan,nan,nan,nan,nan,nan,1.245835304260254,9.010000228881836
nan,nan,nan,nan,nan,nan,1.245835304260254,9.010000228881836
nan,nan,nan,nan,nan,nan,1.245835304260254,9.010000228881836
nan,nan,nan,nan,nan,nan,4.275257110595703,7.869999885559082
nan,nan,nan,nan,nan,nan,4.275257110595703,7.869999885559082
nan,nan,nan,nan,nan,nan,4.275257110595703,7.869999885559082
nan,nan,nan,nan,nan,nan,4.275257110595703,7.869999885559082
nan,nan,nan,nan,nan,nan,4.275257110595703,7.869999885559082
nan,nan,nan,nan,335.8662514785457,114.50331606390326,0.4743373692035675,9.079999923706055
nan,nan,nan,nan,4.507907006777637,1.6506697823275445,0.4743373692035675,9.079999923706055
nan,nan,nan,nan,453.9560453922913,156.9300690394164,0.4743373692035675,9.079999923706055
nan,nan,nan,nan,510.4220674224495,183.79999042224733,0.4743373692035675,9.079999923706055
nan,nan,nan,nan,77.6329531167953,28.70696328689685,0.4743373692035675,9.079999923706055
nan,nan,nan,nan,nan,nan,3.4634900093078613,9.260000228881836
nan,nan,nan,nan,nan,nan,3.4634900093078613,9.260000228881836
nan,nan,nan,nan,nan,nan,3.4634900093078613,9.260000228881836
nan,nan,nan,nan,nan,nan,3.4634900093078613,9.260000228881836
nan,nan,nan,nan,nan,nan,3.4634900093078613,9.260000228881836
0.7676178574241118,0.020867839053038705,-0.05758753792495905,0.02079547052920424,562.0126960051119,253.85066282138789,0.670926034487614,9.380000114440918
0.7676178574241118,0.020867839053038705,-0.05758753792495905,0.02079547052920424,271.7022530292619,122.8030829511477,0.670926034487614,9.380000114440918
0.7676178574241118,0.020867839053038705,-0.05758753792495905,0.02079547052920424,130.05279674156134,57.08829189660089,0.670926034487614,9.380000114440918
0.7676178574241118,0.020867839053038705,-0.05758753792495905,0.02079547052920424,478.6482535669437,211.55148906865273,0.670926034487614,9.380000114440918
0.7676178574241118,0.020867839053038705,-0.05758753792495905,0.02079547052920424,5.287775078825098,2.3292574597462496,0.670926034487614,9.380000114440918
nan,nan,nan,nan,nan,nan,1.4150846004486084,9.40999984741211
nan,nan,nan,nan,nan,nan,1.4150846004486084,9.40999984741211
nan,nan,nan,nan,nan,nan,1.4150846004486084,9.40999984741211
nan,nan,nan,nan,nan,nan,1.4150846004486084,9.40999984741211
nan,nan,nan,nan,nan,nan,1.4150846004486084,9.40999984741211
nan,nan,nan,nan,nan,nan,1.0174645839670755,9.0600004196167
nan,nan,nan,nan,nan,nan,1.0174645839670755,9.0600004196167
nan,nan,nan,nan,nan,nan,1.0174645839670755,9.0600004196167
nan,nan,nan,nan,nan,nan,1.0174645839670755,9.0600004196167
nan,nan,nan,nan,nan,nan,1.0174645839670755,9.0600004196167
0.7727842456618773,0.036277622796468775,0.23178074133583004,0.03837816428516955,0.032171654624623375,0.019834154767251446,0.3877858807414188,8.319999694824219
0.7727842456618773,0.036277622796468775,0.23178074133583004,0.03837816428516955,73.671592505527,44.4954475941455,0.3877858807414188,8.319999694824219
0.7727842456618773,0.036277622796468775,0.23178074133583004,0.03837816428516955,266.14863195808846,164.51650441073673,0.3877858807414188,8.319999694824219
0.7727842456618773,0.036277622796468775,0.23178074133583004,0.03837816428516955,50.18904141384793,29.612496997319177,0.3877858807414188,8.319999694824219
0.7727842456618773,0.036277622796468775,0.23178074133583004,0.03837816428516955,4.775736346300735,2.86995735542728,0.3877858807414188,8.319999694824219
nan,nan,nan,nan,nan,nan,1.0365831846337454,9.109999656677246
nan,nan,nan,nan,nan,nan,1.0365831846337454,9.109999656677246
nan,nan,nan,nan,nan,nan,1.0365831846337454,9.109999656677246
nan,nan,nan,nan,nan,nan,1.0365831846337454,9.109999656677246
nan,nan,nan,nan,nan,nan,1.0365831846337454,9.109999656677246
nan,nan,nan,nan,54.44390369746526,nan,0.26381418108940125,8.619999885559082
nan,nan,nan,nan,1.9381934954342832,nan,0.26381418108940125,8.619999885559082
nan,nan,nan,nan,0.19896004389980598,nan,0.26381418108940125,8.619999885559082
nan,nan,nan,nan,2.285265572059392,nan,0.26381418108940125,8.619999885559082
nan,nan,nan,nan,29.858245096194015,nan,0.26381418108940125,8.619999885559082
nan,nan,nan,nan,14.649845120619547,nan,0.740590209240781,8.600000381469727
nan,nan,nan,nan,17.238798223705615,nan,0.740590209240781,8.600000381469727
nan,nan,nan,nan,87.13111492814282,nan,0.740590209240781,8.600000381469727
nan,nan,nan,nan,nan,nan,0.740590209240781,8.600000381469727
nan,nan,nan,nan,270.11134382547874,nan,0.740590209240781,8.600000381469727
nan,nan,nan,nan,nan,nan,3.4793601036071777,9.449999809265137
nan,nan,nan,nan,nan,nan,3.4793601036071777,9.449999809265137
nan,nan,nan,nan,nan,nan,3.4793601036071777,9.449999809265137
nan,nan,nan,nan,nan,nan,3.4793601036071777,9.449999809265137
nan,nan,nan,nan,nan,nan,3.4793601036071777,9.449999809265137
nan,nan,nan,nan,nan,nan,3.085437059402466,8.829999923706055
nan,nan,nan,nan,nan,nan,3.085437059402466,8.829999923706055
nan,nan,nan,nan,nan,nan,3.085437059402466,8.829999923706055
nan,nan,nan,nan,nan,nan,3.085437059402466,8.829999923706055
nan,nan,nan,nan,nan,nan,3.085437059402466,8.829999923706055
nan,nan,nan,nan,4.271193128645911,nan,0.670835982850758,8.609999656677246
nan,nan,nan,nan,12.49538808165424,nan,0.670835982850758,8.609999656677246
nan,nan,nan,nan,19.403370569657355,nan,0.670835982850758,8.609999656677246
nan,nan,nan,nan,24.916499797843596,nan,0.670835982850758,8.609999656677246
nan,nan,nan,nan,70.96720258859803,nan,0.670835982850758,8.609999656677246
nan,nan,nan,nan,74.1841127637763,nan,0.833313524723053,8.579999923706055
nan,nan,nan,nan,51.02489422487087,nan,0.833313524723053,8.579999923706055
nan,nan,nan,nan,0.00702167077939257,nan,0.833313524723053,8.579999923706055
nan,nan,nan,nan,5.897072001057116,nan,0.833313524723053,8.579999923706055
nan,nan,nan,nan,120.83913017885985,nan,0.833313524723053,8.579999923706055
0.9839249782350169,0.12838284102037542,-0.09690545362453133,0.06811335515492374,605.0866808270625,158.24854106085417,0.6645523309707642,9.010000228881836
0.9839249782350169,0.12838284102037542,-0.09690545362453133,0.06811335515492374,140.65314480299352,36.322174154331,0.6645523309707642,9.010000228881836
0.9839249782350169,0.12838284102037542,-0.09690545362453133,0.06811335515492374,26.52182954439837,6.94172926354119,0.6645523309707642,9.010000228881836
0.9839249782350169,0.12838284102037542,-0.09690545362453133,0.06811335515492374,1.3380217103493748,0.3511940678084045,0.6645523309707642,9.010000228881836
0.9839249782350169,0.12838284102037542,-0.09690545362453133,0.06811335515492374,4.03867580675143,1.0144671675639614,0.6645523309707642,9.010000228881836
nan,nan,nan,nan,nan,nan,0.07636133094851266,7.789999961853027
nan,nan,nan,nan,nan,nan,0.07636133094851266,7.789999961853027
nan,nan,nan,nan,nan,nan,0.07636133094851266,7.789999961853027
nan,nan,nan,nan,nan,nan,0.07636133094851266,7.789999961853027
nan,nan,nan,nan,nan,nan,0.07636133094851266,7.789999961853027
nan,nan,nan,nan,nan,nan,5.125502586364746,8.619999885559082
nan,nan,nan,nan,nan,nan,5.125502586364746,8.619999885559082
nan,nan,nan,nan,nan,nan,5.125502586364746,8.619999885559082
nan,nan,nan,nan,nan,nan,5.125502586364746,8.619999885559082
nan,nan,nan,nan,nan,nan,5.125502586364746,8.619999885559082
nan,nan,nan,nan,nan,nan,0.6678919510329935,8.739999771118164
nan,nan,nan,nan,nan,nan,0.6678919510329935,8.739999771118164
nan,nan,nan,nan,nan,nan,0.6678919510329935,8.739999771118164
nan,nan,nan,nan,nan,nan,0.6678919510329935,8.739999771118164
nan,nan,nan,nan,nan,nan,0.6678919510329935,8.739999771118164
nan,nan,nan,nan,nan,nan,0.9933250546455383,8.699999809265137
nan,nan,nan,nan,nan,nan,0.9933250546455383,8.699999809265137
nan,nan,nan,nan,nan,nan,0.9933250546455383,8.699999809265137
nan,nan,nan,nan,nan,nan,0.9933250546455383,8.699999809265137
nan,nan,nan,nan,nan,nan,0.9933250546455383,8.699999809265137
nan,nan,nan,nan,698.4342680443601,107.45209522262219,0.7396879005127144,8.0600004196167
nan,nan,nan,nan,166.2783363447285,22.881787956412385,0.7396879005127144,8.0600004196167
nan,nan,nan,nan,50.11909254871592,7.040083595661192,0.7396879005127144,8.0600004196167
nan,nan,nan,nan,nan,nan,0.7396879005127144,8.0600004196167
nan,nan,nan,nan,34.612216780136805,4.638174521332192,0.7396879005127144,8.0600004196167
nan,nan,nan,nan,42.63518127162256,120.23660391444727,0.6697362065315247,9.850000381469727
nan,nan,nan,nan,11.86822161807743,33.755555188043665,0.6697362065315247,9.850000381469727
nan,nan,nan,nan,0.9637915706928616,2.834419340598192,0.6697362065315247,9.850000381469727
nan,nan,nan,nan,47.45338424264403,133.2966406552885,0.6697362065315247,9.850000381469727
nan,nan,nan,nan,0.28900874471489346,0.8512683104280149,0.6697362065315247,9.850000381469727
nan,nan,nan,nan,8.581769011766266,5.090050293898997,0.4548559784889221,8.010000228881836
nan,nan,nan,nan,3.3486193122429326,2.0206473738143464,0.4548559784889221,8.010000228881836
nan,nan,nan,nan,37.2735143574989,20.734028014605894,0.4548559784889221,8.010000228881836
nan,nan,nan,nan,29.99835763099146,17.463321071978122,0.4548559784889221,8.010000228881836
nan,nan,nan,nan,1.5310814588903618,0.9097724631113008,0.4548559784889221,8.010000228881836
nan,nan,nan,nan,2.303899977847596,nan,0.4303141236305237,8.510000228881836
nan,nan,nan,nan,50.05000532690281,nan,0.4303141236305237,8.510000228881836
nan,nan,nan,nan,9.229632148520823,nan,0.4303141236305237,8.510000228881836
nan,nan,nan,nan,nan,nan,0.4303141236305237,8.510000228881836
nan,nan,nan,nan,17.757744703901285,nan,0.4303141236305237,8.510000228881836
nan,nan,nan,nan,11.429172858752878,3.975655501239321,0.7719765901565552,8.630000114440918
nan,nan,nan,nan,9.487940653458413,3.2557480553181337,0.7719765901565552,8.630000114440918
nan,nan,nan,nan,349.5297944573995,125.9127002168527,0.7719765901565552,8.630000114440918
nan,nan,nan,nan,60.40843989470999,20.558480848095172,0.7719765901565552,8.630000114440918
nan,nan,nan,nan,150.33963171258105,52.319779311369786,0.7719765901565552,8.630000114440918
nan,nan,nan,nan,nan,nan,4.5514936447143555,8.270000457763672
nan,nan,nan,nan,nan,nan,4.5514936447143555,8.270000457763672
nan,nan,nan,nan,nan,nan,4.5514936447143555,8.270000457763672
nan,nan,nan,nan,nan,nan,4.5514936447143555,8.270000457763672
nan,nan,nan,nan,nan,nan,4.5514936447143555,8.270000457763672
nan,nan,nan,nan,41.33700739899131,18.634921912073033,0.5773703685747509,9.140000343322754
nan,nan,nan,nan,1.391961136189903,0.6534778545287514,0.5773703685747509,9.140000343322754
nan,nan,nan,nan,nan,nan,0.5773703685747509,9.140000343322754
nan,nan,nan,nan,16.825572931765155,8.274526790999612,0.5773703685747509,9.140000343322754
nan,nan,nan,nan,55.36823384256322,24.952829555733036,0.5773703685747509,9.140000343322754
nan,nan,nan,nan,nan,nan,0.7751155124837481,8.300000190734863
nan,nan,nan,nan,nan,nan,0.7751155124837481,8.300000190734863
nan,nan,nan,nan,nan,nan,0.7751155124837481,8.300000190734863
nan,nan,nan,nan,nan,nan,0.7751155124837481,8.300000190734863
nan,nan,nan,nan,nan,nan,0.7751155124837481,8.300000190734863
nan,nan,nan,nan,nan,nan,0.11661606416017953,7.769999980926514
nan,nan,nan,nan,nan,nan,0.11661606416017953,7.769999980926514
nan,nan,nan,nan,nan,nan,0.11661606416017953,7.769999980926514
nan,nan,nan,nan,nan,nan,0.11661606416017953,7.769999980926514
nan,nan,nan,nan,nan,nan,0.11661606416017953,7.769999980926514
nan,nan,nan,nan,nan,nan,0.9537813911331612,9.029999732971191
nan,nan,nan,nan,nan,nan,0.9537813911331612,9.029999732971191
nan,nan,nan,nan,nan,nan,0.9537813911331612,9.029999732971191
nan,nan,nan,nan,nan,nan,0.9537813911331612,9.029999732971191
nan,nan,nan,nan,nan,nan,0.9537813911331612,9.029999732971191
nan,nan,nan,nan,4.402365273013733,nan,0.5465113766797105,8.359999656677246
nan,nan,nan,nan,11.658327553483893,nan,0.5465113766797105,8.359999656677246
nan,nan,nan,nan,nan,nan,0.5465113766797105,8.359999656677246
nan,nan,nan,nan,5.90024803981614,nan,0.5465113766797105,8.359999656677246
nan,nan,nan,nan,3.5723458902221443,nan,0.5465113766797105,8.359999656677246
0.6614606705823236,0.10293989540476214,-0.37810500283398696,0.11378779396735364,66.53524198080848,70.76129604256846,0.6659675986346487,8.899999618530273
0.6614606705823236,0.10293989540476214,-0.37810500283398696,0.11378779396735364,1.7447006781993188,1.9465929064938037,0.6659675986346487,8.899999618530273
0.6614606705823236,0.10293989540476214,-0.37810500283398696,0.11378779396735364,1.4332388991210945,1.5680626676317904,0.6659675986346487,8.899999618530273
0.6614606705823236,0.10293989540476214,-0.37810500283398696,0.11378779396735364,187.4626046272427,200.4026435694963,0.6659675986346487,8.899999618530273
0.6614606705823236,0.10293989540476214,-0.37810500283398696,0.11378779396735364,73.04185385368278,79.90285308997898,0.6659675986346487,8.899999618530273
nan,nan,nan,nan,nan,nan,3.329740524291992,8.25
nan,nan,nan,nan,nan,nan,3.329740524291992,8.25
nan,nan,nan,nan,nan,nan,3.329740524291992,8.25
nan,nan,nan,nan,nan,nan,3.329740524291992,8.25
nan,nan,nan,nan,nan,nan,3.329740524291992,8.25
nan,nan,nan,nan,3.8089559933310038,nan,0.3380979597568512,8.319999694824219
nan,nan,nan,nan,69.53681516778576,nan,0.3380979597568512,8.319999694824219
nan,nan,nan,nan,4.158176609002245,nan,0.3380979597568512,8.319999694824219
nan,nan,nan,nan,136.8857721167005,nan,0.3380979597568512,8.319999694824219
nan,nan,nan,nan,60.841670429429335,nan,0.3380979597568512,8.319999694824219
nan,nan,nan,nan,nan,nan,1.1086535606802403,9.0
nan,nan,nan,nan,nan,nan,1.1086535606802403,9.0
nan,nan,nan,nan,nan,nan,1.1086535606802403,9.0
nan,nan,nan,nan,nan,nan,1.1086535606802403,9.0
nan,nan,nan,nan,nan,nan,1.1086535606802403,9.0
nan,nan,nan,nan,nan,nan,3.394710063934326,9.350000381469727
nan,nan,nan,nan,nan,nan,3.394710063934326,9.350000381469727
nan,nan,nan,nan,nan,nan,3.394710063934326,9.350000381469727
nan,nan,nan,nan,nan,nan,3.394710063934326,9.350000381469727
nan,nan,nan,nan,nan,nan,3.394710063934326,9.350000381469727
nan,nan,nan,nan,nan,nan,0.6775659620997299,8.34000015258789
nan,nan,nan,nan,nan,nan,0.6775659620997299,8.34000015258789
nan,nan,nan,nan,nan,nan,0.6775659620997299,8.34000015258789
nan,nan,nan,nan,nan,nan,0.6775659620997299,8.34000015258789
nan,nan,nan,nan,nan,nan,0.6775659620997299,8.34000015258789
nan,nan,nan,nan,nan,nan,1.2943140519813876,9.949999809265137
nan,nan,nan,nan,nan,nan,1.2943140519813876,9.949999809265137
nan,nan,nan,nan,nan,nan,1.2943140519813876,9.949999809265137
nan,nan,nan,nan,nan,nan,1.2943140519813876,9.949999809265137
nan,nan,nan,nan,nan,nan,1.2943140519813876,9.949999809265137
nan,nan,nan,nan,nan,nan,1.3175066339490114,10.020000457763672
nan,nan,nan,nan,nan,nan,1.3175066339490114,10.020000457763672
nan,nan,nan,nan,nan,nan,1.3175066339490114,10.020000457763672
nan,nan,nan,nan,nan,nan,1.3175066339490114,10.020000457763672
nan,nan,nan,nan,nan,nan,1.3175066339490114,10.020000457763672
nan,nan,nan,nan,nan,nan,0.9983357047951684,9.149999618530273
nan,nan,nan,nan,nan,nan,0.9983357047951684,9.149999618530273
nan,nan,nan,nan,nan,nan,0.9983357047951684,9.149999618530273
nan,nan,nan,nan,nan,nan,0.9983357047951684,9.149999618530273
nan,nan,nan,nan,nan,nan,0.9983357047951684,9.149999618530273
nan,nan,nan,nan,nan,nan,4.522000312805176,7.510000228881836
nan,nan,nan,nan,nan,nan,4.522000312805176,7.510000228881836
nan,nan,nan,nan,nan,nan,4.522000312805176,7.510000228881836
nan,nan,nan,nan,nan,nan,4.522000312805176,7.510000228881836
nan,nan,nan,nan,nan,nan,4.522000312805176,7.510000228881836
nan,nan,nan,nan,nan,nan,4.8160200119018555,7.659999847412109
nan,nan,nan,nan,nan,nan,4.8160200119018555,7.659999847412109
nan,nan,nan,nan,nan,nan,4.8160200119018555,7.659999847412109
nan,nan,nan,nan,nan,nan,4.8160200119018555,7.659999847412109
nan,nan,nan,nan,nan,nan,4.8160200119018555,7.659999847412109
nan,nan,nan,nan,nan,nan,0.7315897113586951,8.180000305175781
nan,nan,nan,nan,nan,nan,0.7315897113586951,8.180000305175781
nan,nan,nan,nan,nan,nan,0.7315897113586951,8.180000305175781
nan,nan,nan,nan,nan,nan,0.7315897113586951,8.180000305175781
nan,nan,nan,nan,nan,nan,0.7315897113586951,8.180000305175781
0.8438510374832694,0.11691134014241543,0.01713244108159882,0.07768483646225471,0.6470277670929947,0.23618383567381587,0.2843418831291845,8.369999885559082
0.8438510374832694,0.11691134014241543,0.01713244108159882,0.07768483646225471,63.43867503182854,22.088609452985377,0.2843418831291845,8.369999885559082
0.8438510374832694,0.11691134014241543,0.01713244108159882,0.07768483646225471,141.0450838908605,54.076005478191135,0.2843418831291845,8.369999885559082
0.8438510374832694,0.11691134014241543,0.01713244108159882,0.07768483646225471,2.017619142917363,0.7245449299821879,0.2843418831291845,8.369999885559082
0.8438510374832694,0.11691134014241543,0.01713244108159882,0.07768483646225471,25.925320705673307,9.380214559872167,0.2843418831291845,8.369999885559082
nan,nan,nan,nan,nan,nan,1.171981692314148,9.84000015258789
nan,nan,nan,nan,nan,nan,1.171981692314148,9.84000015258789
nan,nan,nan,nan,nan,nan,1.171981692314148,9.84000015258789
nan,nan,nan,nan,nan,nan,1.171981692314148,9.84000015258789
nan,nan,nan,nan,nan,nan,1.171981692314148,9.84000015258789
nan,nan,nan,nan,nan,nan,0.9934809803962708,10.09000015258789
nan,nan,nan,nan,nan,nan,0.9934809803962708,10.09000015258789
nan,nan,nan,nan,nan,nan,0.9934809803962708,10.09000015258789
nan,nan,nan,nan,nan,nan,0.9934809803962708,10.09000015258789
nan,nan,nan,nan,nan,nan,0.9934809803962708,10.09000015258789
nan,nan,nan,nan,nan,nan,0.9928187131881714,9.029999732971191
nan,nan,nan,nan,nan,nan,0.9928187131881714,9.029999732971191
nan,nan,nan,nan,nan,nan,0.9928187131881714,9.029999732971191
nan,nan,nan,nan,nan,nan,0.9928187131881714,9.029999732971191
nan,nan,nan,nan,nan,nan,0.9928187131881714,9.029999732971191
nan,nan,nan,nan,4.868827202620862,nan,0.7359069047881159,8.550000190734863
nan,nan,nan,nan,16.547657801614186,nan,0.7359069047881159,8.550000190734863
nan,nan,nan,nan,66.83091703094266,nan,0.7359069047881159,8.550000190734863
nan,nan,nan,nan,31.87888901027928,nan,0.7359069047881159,8.550000190734863
nan,nan,nan,nan,nan,nan,0.7359069047881159,8.550000190734863
nan,nan,nan,nan,6.425305794938612,nan,0.3326102371432068,7.670000076293945
nan,nan,nan,nan,0.9770218416146057,nan,0.3326102371432068,7.670000076293945
nan,nan,nan,nan,2.359561780465022,nan,0.3326102371432068,7.670000076293945
nan,nan,nan,nan,35.15073047684169,nan,0.3326102371432068,7.670000076293945
nan,nan,nan,nan,0.703940290247004,nan,0.3326102371432068,7.670000076293945
nan,nan,nan,nan,36.47659442308877,5.992676620039626,0.5444687008857727,7.150000095367432
nan,nan,nan,nan,321.23099233231477,47.11127256357642,0.5444687008857727,7.150000095367432
nan,nan,nan,nan,15.668752819723684,2.5342865444071805,0.5444687008857727,7.150000095367432
nan,nan,nan,nan,31.303408171344074,5.111183371264411,0.5444687008857727,7.150000095367432
nan,nan,nan,nan,107.51428063891323,17.67465184003319,0.5444687008857727,7.150000095367432
nan,nan,nan,nan,nan,nan,4.090459823608398,7.940000057220459
nan,nan,nan,nan,nan,nan,4.090459823608398,7.940000057220459
nan,nan,nan,nan,nan,nan,4.090459823608398,7.940000057220459
nan,nan,nan,nan,nan,nan,4.090459823608398,7.940000057220459
nan,nan,nan,nan,nan,nan,4.090459823608398,7.940000057220459
nan,nan,nan,nan,nan,nan,2.977560043334961,9.40999984741211
nan,nan,nan,nan,nan,nan,2.977560043334961,9.40999984741211
nan,nan,nan,nan,nan,nan,2.977560043334961,9.40999984741211
nan,nan,nan,nan,nan,nan,2.977560043334961,9.40999984741211
nan,nan,nan,nan,nan,nan,2.977560043334961,9.40999984741211
nan,nan,nan,nan,nan,nan,4.81175422668457,7.909999847412109
nan,nan,nan,nan,nan,nan,4.81175422668457,7.909999847412109
nan,nan,nan,nan,nan,nan,4.81175422668457,7.909999847412109
nan,nan,nan,nan,nan,nan,4.81175422668457,7.909999847412109
nan,nan,nan,nan,nan,nan,4.81175422668457,7.909999847412109
nan,nan,nan,nan,nan,nan,0.9602183146596215,9.359999656677246
nan,nan,nan,nan,nan,nan,0.9602183146596215,9.359999656677246
nan,nan,nan,nan,nan,nan,0.9602183146596215,9.359999656677246
nan,nan,nan,nan,nan,nan,0.9602183146596215,9.359999656677246
nan,nan,nan,nan,nan,nan,0.9602183146596215,9.359999656677246
nan,nan,nan,nan,nan,nan,0.6667214632034302,8.729999542236328
nan,nan,nan,nan,nan,nan,0.6667214632034302,8.729999542236328
nan,nan,nan,nan,nan,nan,0.6667214632034302,8.729999542236328
nan,nan,nan,nan,nan,nan,0.6667214632034302,8.729999542236328
nan,nan,nan,nan,nan,nan,0.6667214632034302,8.729999542236328
nan,nan,nan,nan,nan,nan,3.826889991760254,8.779999732971191
nan,nan,nan,nan,nan,nan,3.826889991760254,8.779999732971191
nan,nan,nan,nan,nan,nan,3.826889991760254,8.779999732971191
nan,nan,nan,nan,nan,nan,3.826889991760254,8.779999732971191
nan,nan,nan,nan,nan,nan,3.826889991760254,8.779999732971191
nan,nan,nan,nan,nan,nan,1.381632924079895,9.550000190734863
nan,nan,nan,nan,nan,nan,1.381632924079895,9.550000190734863
nan,nan,nan,nan,nan,nan,1.381632924079895,9.550000190734863
nan,nan,nan,nan,nan,nan,1.381632924079895,9.550000190734863
nan,nan,nan,nan,nan,nan,1.381632924079895,9.550000190734863
nan,nan,nan,nan,nan,nan,0.9934081920874303,8.670000076293945
nan,nan,nan,nan,nan,nan,0.9934081920874303,8.670000076293945
nan,nan,nan,nan,nan,nan,0.9934081920874303,8.670000076293945
nan,nan,nan,nan,nan,nan,0.9934081920874303,8.670000076293945
nan,nan,nan,nan,nan,nan,0.9934081920874303,8.670000076293945
nan,nan,nan,nan,nan,nan,0.6669941591682873,9.020000457763672
nan,nan,nan,nan,nan,nan,0.6669941591682873,9.020000457763672
nan,nan,nan,nan,nan,nan,0.6669941591682873,9.020000457763672
nan,nan,nan,nan,nan,nan,0.6669941591682873,9.020000457763672
nan,nan,nan,nan,nan,nan,0.6669941591682873,9.020000457763672
nan,nan,nan,nan,nan,nan,0.7302179892272471,8.15999984741211
nan,nan,nan,nan,nan,nan,0.7302179892272471,8.15999984741211
nan,nan,nan,nan,nan,nan,0.7302179892272471,8.15999984741211
nan,nan,nan,nan,nan,nan,0.7302179892272471,8.15999984741211
nan,nan,nan,nan,nan,nan,0.7302179892272471,8.15999984741211
nan,nan,nan,nan,4.618323454955775,nan,0.6646237373352051,8.600000381469727
nan,nan,nan,nan,9.900000663684846,nan,0.6646237373352051,8.600000381469727
nan,nan,nan,nan,31.093529121306624,nan,0.6646237373352051,8.600000381469727
nan,nan,nan,nan,6.7937306611959745,nan,0.6646237373352051,8.600000381469727
nan,nan,nan,nan,4.203566252281016,nan,0.6646237373352051,8.600000381469727
nan,nan,nan,nan,nan,nan,0.8962060809135437,8.520000457763672
nan,nan,nan,nan,nan,nan,0.8962060809135437,8.520000457763672
nan,nan,nan,nan,nan,nan,0.8962060809135437,8.520000457763672
nan,nan,nan,nan,nan,nan,0.8962060809135437,8.520000457763672
nan,nan,nan,nan,nan,nan,0.8962060809135437,8.520000457763672
nan,nan,nan,nan,44.569215496402535,nan,0.6537679433822632,6.809999942779541
nan,nan,nan,nan,19.414179052091903,nan,0.6537679433822632,6.809999942779541
nan,nan,nan,nan,43.59759529745175,nan,0.6537679433822632,6.809999942779541
nan,nan,nan,nan,7.591166621521009,nan,0.6537679433822632,6.809999942779541
nan,nan,nan,nan,85.90084673782738,nan,0.6537679433822632,6.809999942779541
nan,nan,nan,nan,nan,nan,0.7366977686358782,9.3100004196167
nan,nan,nan,nan,nan,nan,0.7366977686358782,9.3100004196167
nan,nan,nan,nan,nan,nan,0.7366977686358782,9.3100004196167
nan,nan,nan,nan,nan,nan,0.7366977686358782,9.3100004196167
nan,nan,nan,nan,nan,nan,0.7366977686358782,9.3100004196167
nan,nan,nan,nan,24.277812238355484,nan,0.8375772780564492,7.989999771118164
nan,nan,nan,nan,24.081297216868453,nan,0.8375772780564492,7.989999771118164
nan,nan,nan,nan,21.16359610377443,nan,0.8375772780564492,7.989999771118164
nan,nan,nan,nan,2230.3539323755467,nan,0.8375772780564492,7.989999771118164
nan,nan,nan,nan,233.14406851707162,nan,0.8375772780564492,7.989999771118164
nan,nan,nan,nan,nan,nan,0.5432953343083438,8.680000305175781
nan,nan,nan,nan,nan,nan,0.5432953343083438,8.680000305175781
nan,nan,nan,nan,nan,nan,0.5432953343083438,8.680000305175781
nan,nan,nan,nan,nan,nan,0.5432953343083438,8.680000305175781
nan,nan,nan,nan,nan,nan,0.5432953343083438,8.680000305175781
nan,nan,nan,nan,nan,nan,0.9887118050556916,9.15999984741211
nan,nan,nan,nan,nan,nan,0.9887118050556916,9.15999984741211
nan,nan,nan,nan,nan,nan,0.9887118050556916,9.15999984741211
nan,nan,nan,nan,nan,nan,0.9887118050556916,9.15999984741211
nan,nan,nan,nan,nan,nan,0.9887118050556916,9.15999984741211
nan,nan,nan,nan,nan,nan,0.751069968604368,9.170000076293945
nan,nan,nan,nan,nan,nan,0.751069968604368,9.170000076293945
nan,nan,nan,nan,nan,nan,0.751069968604368,9.170000076293945
nan,nan,nan,nan,nan,nan,0.751069968604368,9.170000076293945
nan,nan,nan,nan,nan,nan,0.751069968604368,9.170000076293945
nan,nan,nan,nan,nan,nan,3.6556100845336914,8.09000015258789
nan,nan,nan,nan,nan,nan,3.6556100845336914,8.09000015258789
nan,nan,nan,nan,nan,nan,3.6556100845336914,8.09000015258789
nan,nan,nan,nan,nan,nan,3.6556100845336914,8.09000015258789
nan,nan,nan,nan,nan,nan,3.6556100845336914,8.09000015258789
nan,nan,nan,nan,nan,nan,4.206500053405762,8.880000114440918
nan,nan,nan,nan,nan,nan,4.206500053405762,8.880000114440918
nan,nan,nan,nan,nan,nan,4.206500053405762,8.880000114440918
nan,nan,nan,nan,nan,nan,4.206500053405762,8.880000114440918
nan,nan,nan,nan,nan,nan,4.206500053405762,8.880000114440918
nan,nan,nan,nan,nan,nan,0.9667755365371704,9.039999961853027
nan,nan,nan,nan,nan,nan,0.9667755365371704,9.039999961853027
nan,nan,nan,nan,nan,nan,0.9667755365371704,9.039999961853027
nan,nan,nan,nan,nan,nan,0.9667755365371704,9.039999961853027
nan,nan,nan,nan,nan,nan,0.9667755365371704,9.039999961853027
nan,nan,nan,nan,nan,nan,0.24189628660678864,7.789999961853027
nan,nan,nan,nan,nan,nan,0.24189628660678864,7.789999961853027
nan,nan,nan,nan,nan,nan,0.24189628660678864,7.789999961853027
nan,nan,nan,nan,nan,nan,0.24189628660678864,7.789999961853027
nan,nan,nan,nan,nan,nan,0.24189628660678864,7.789999961853027
nan,nan,nan,nan,51.083743618887596,17.369645212348566,0.34887809791868934,8.020000457763672
nan,nan,nan,nan,2.8948161028750348,0.9433528616610075,0.34887809791868934,8.020000457763672
nan,nan,nan,nan,5.234249388796104,1.718771139841668,0.34887809791868934,8.020000457763672
nan,nan,nan,nan,34.082341258162366,10.247796238488302,0.34887809791868934,8.020000457763672
nan,nan,nan,nan,32.00625465257771,10.423248650067546,0.34887809791868934,8.020000457763672
nan,nan,nan,nan,nan,nan,0.7511038015901013,9.0600004196167
nan,nan,nan,nan,nan,nan,0.7511038015901013,9.0600004196167
nan,nan,nan,nan,nan,nan,0.7511038015901013,9.0600004196167
nan,nan,nan,nan,nan,nan,0.7511038015901013,9.0600004196167
nan,nan,nan,nan,nan,nan,0.7511038015901013,9.0600004196167
nan,nan,nan,nan,nan,nan,4.48907995223999,9.09000015258789
nan,nan,nan,nan,nan,nan,4.48907995223999,9.09000015258789
nan,nan,nan,nan,nan,nan,4.48907995223999,9.09000015258789
nan,nan,nan,nan,nan,nan,4.48907995223999,9.09000015258789
nan,nan,nan,nan,nan,nan,4.48907995223999,9.09000015258789
nan,nan,nan,nan,nan,nan,1.298432866514629,8.869999885559082
nan,nan,nan,nan,nan,nan,1.298432866514629,8.869999885559082
nan,nan,nan,nan,nan,nan,1.298432866514629,8.869999885559082
nan,nan,nan,nan,nan,nan,1.298432866514629,8.869999885559082
nan,nan,nan,nan,nan,nan,1.298432866514629,8.869999885559082
nan,nan,nan,nan,nan,nan,1.2098604440689087,8.720000267028809
nan,nan,nan,nan,nan,nan,1.2098604440689087,8.720000267028809
nan,nan,nan,nan,nan,nan,1.2098604440689087,8.720000267028809
nan,nan,nan,nan,nan,nan,1.2098604440689087,8.720000267028809
nan,nan,nan,nan,nan,nan,1.2098604440689087,8.720000267028809
nan,nan,nan,nan,nan,nan,0.22758211229618464,6.800000190734863
nan,nan,nan,nan,42.06029360311483,12.243231186862037,0.22758211229618464,6.800000190734863
nan,nan,nan,nan,422.5259536903204,109.64042424917417,0.22758211229618464,6.800000190734863
nan,nan,nan,nan,234.2807692797103,70.94876263660714,0.22758211229618464,6.800000190734863
nan,nan,nan,nan,781.8205933139205,235.47390329482883,0.22758211229618464,6.800000190734863
nan,nan,nan,nan,nan,nan,1.172783613204956,8.529999732971191
nan,nan,nan,nan,nan,nan,1.172783613204956,8.529999732971191
nan,nan,nan,nan,nan,nan,1.172783613204956,8.529999732971191
nan,nan,nan,nan,nan,nan,1.172783613204956,8.529999732971191
nan,nan,nan,nan,nan,nan,1.172783613204956,8.529999732971191
nan,nan,nan,nan,nan,nan,0.730988940497217,9.449999809265137
nan,nan,nan,nan,nan,nan,0.730988940497217,9.449999809265137
nan,nan,nan,nan,nan,nan,0.730988940497217,9.449999809265137
nan,nan,nan,nan,nan,nan,0.730988940497217,9.449999809265137
nan,nan,nan,nan,nan,nan,0.730988940497217,9.449999809265137
nan,nan,nan,nan,nan,nan,1.382004737854004,8.9399995803833
nan,nan,nan,nan,nan,nan,1.382004737854004,8.9399995803833
nan,nan,nan,nan,nan,nan,1.382004737854004,8.9399995803833
nan,nan,nan,nan,nan,nan,1.382004737854004,8.9399995803833
nan,nan,nan,nan,nan,nan,1.382004737854004,8.9399995803833
nan,nan,nan,nan,nan,nan,0.33734074234962463,7.130000114440918
nan,nan,nan,nan,nan,nan,0.33734074234962463,7.130000114440918
nan,nan,nan,nan,nan,nan,0.33734074234962463,7.130000114440918
nan,nan,nan,nan,nan,nan,0.33734074234962463,7.130000114440918
nan,nan,nan,nan,nan,nan,0.33734074234962463,7.130000114440918
nan,nan,nan,nan,nan,nan,1.4124542631484038,9.359999656677246
nan,nan,nan,nan,nan,nan,1.4124542631484038,9.359999656677246
nan,nan,nan,nan,nan,nan,1.4124542631484038,9.359999656677246
nan,nan,nan,nan,nan,nan,1.4124542631484038,9.359999656677246
nan,nan,nan,nan,nan,nan,1.4124542631484038,9.359999656677246
nan,nan,nan,nan,nan,17.168598237643653,0.3638922635058396,8.510000228881836
nan,nan,nan,nan,nan,1.2472830723083477,0.3638922635058396,8.510000228881836
nan,nan,nan,nan,nan,22.96023893424431,0.3638922635058396,8.510000228881836
nan,nan,nan,nan,nan,27.54014614997455,0.3638922635058396,8.510000228881836
nan,nan,nan,nan,nan,0.7442759558481341,0.3638922635058396,8.510000228881836
nan,nan,nan,nan,nan,nan,5.997089862823486,7.53000020980835
nan,nan,nan,nan,nan,nan,5.997089862823486,7.53000020980835
nan,nan,nan,nan,nan,nan,5.997089862823486,7.53000020980835
nan,nan,nan,nan,nan,nan,5.997089862823486,7.53000020980835
nan,nan,nan,nan,nan,nan,5.997089862823486,7.53000020980835
nan,nan,nan,nan,nan,nan,5.938412189483643,8.149999618530273
nan,nan,nan,nan,nan,nan,5.938412189483643,8.149999618530273
nan,nan,nan,nan,nan,nan,5.938412189483643,8.149999618530273
nan,nan,nan,nan,nan,nan,5.938412189483643,8.149999618530273
nan,nan,nan,nan,nan,nan,5.938412189483643,8.149999618530273
nan,nan,nan,nan,1.5790367066314328,nan,0.424105167388916,8.609999656677246
nan,nan,nan,nan,nan,nan,0.424105167388916,8.609999656677246
nan,nan,nan,nan,10.61899967812625,nan,0.424105167388916,8.609999656677246
nan,nan,nan,nan,11.315127318136442,nan,0.424105167388916,8.609999656677246
nan,nan,nan,nan,51.922901582802176,nan,0.424105167388916,8.609999656677246
nan,nan,nan,nan,nan,nan,3.2395129203796387,8.300000190734863
nan,nan,nan,nan,nan,nan,3.2395129203796387,8.300000190734863
nan,nan,nan,nan,nan,nan,3.2395129203796387,8.300000190734863
nan,nan,nan,nan,nan,nan,3.2395129203796387,8.300000190734863
nan,nan,nan,nan,nan,nan,3.2395129203796387,8.300000190734863
nan,nan,nan,nan,nan,nan,5.129591941833496,7.510000228881836
nan,nan,nan,nan,nan,nan,5.129591941833496,7.510000228881836
nan,nan,nan,nan,nan,nan,5.129591941833496,7.510000228881836
nan,nan,nan,nan,nan,nan,5.129591941833496,7.510000228881836
nan,nan,nan,nan,nan,nan,5.129591941833496,7.510000228881836
nan,nan,nan,nan,nan,nan,1.080988999491134,9.369999885559082
nan,nan,nan,nan,nan,nan,1.080988999491134,9.369999885559082
nan,nan,nan,nan,nan,nan,1.080988999491134,9.369999885559082
nan,nan,nan,nan,nan,nan,1.080988999491134,9.369999885559082
nan,nan,nan,nan,nan,nan,1.080988999491134,9.369999885559082
nan,nan,nan,nan,nan,nan,0.6657566285861416,8.699999809265137
nan,nan,nan,nan,nan,nan,0.6657566285861416,8.699999809265137
nan,nan,nan,nan,nan,nan,0.6657566285861416,8.699999809265137
nan,nan,nan,nan,nan,nan,0.6657566285861416,8.699999809265137
nan,nan,nan,nan,nan,nan,0.6657566285861416,8.699999809265137
nan,nan,nan,nan,nan,nan,1.107051134109497,9.15999984741211
nan,nan,nan,nan,nan,nan,1.107051134109497,9.15999984741211
nan,nan,nan,nan,nan,nan,1.107051134109497,9.15999984741211
nan,nan,nan,nan,nan,nan,1.107051134109497,9.15999984741211
nan,nan,nan,nan,nan,nan,1.107051134109497,9.15999984741211
nan,nan,nan,nan,nan,nan,3.656949996948242,9.420000076293945
nan,nan,nan,nan,nan,nan,3.656949996948242,9.420000076293945
nan,nan,nan,nan,nan,nan,3.656949996948242,9.420000076293945
nan,nan,nan,nan,nan,nan,3.656949996948242,9.420000076293945
nan,nan,nan,nan,nan,nan,3.656949996948242,9.420000076293945
nan,nan,nan,nan,224.6953386176712,129.46412303494495,0.5333198942472954,8.739999771118164
nan,nan,nan,nan,27.775888268046888,16.604253697877443,0.5333198942472954,8.739999771118164
nan,nan,nan,nan,1.391239677259569,0.7975413995385806,0.5333198942472954,8.739999771118164
nan,nan,nan,nan,25.97405701984598,15.344579077783164,0.5333198942472954,8.739999771118164
nan,nan,nan,nan,92.73301065644567,57.848283520742854,0.5333198942472954,8.739999771118164
0.9842657933157445,0.10632956307731556,-0.2849817524353531,0.05403776609238395,72.11267934040586,28.70169266150063,0.6285171508789062,9.550000190734863
0.9842657933157445,0.10632956307731556,-0.2849817524353531,0.05403776609238395,157.33002207456263,63.461916807947595,0.6285171508789062,9.550000190734863
0.9842657933157445,0.10632956307731556,-0.2849817524353531,0.05403776609238395,2.4236935285279673,1.016424051929567,0.6285171508789062,9.550000190734863
0.9842657933157445,0.10632956307731556,-0.2849817524353531,0.05403776609238395,274.60757652356943,106.81828900084305,0.6285171508789062,9.550000190734863
0.9842657933157445,0.10632956307731556,-0.2849817524353531,0.05403776609238395,215.4857488283642,86.96163317764133,0.6285171508789062,9.550000190734863
nan,nan,nan,nan,nan,nan,5.78178596496582,8.329999923706055
nan,nan,nan,nan,nan,nan,5.78178596496582,8.329999923706055
nan,nan,nan,nan,nan,nan,5.78178596496582,8.329999923706055
nan,nan,nan,nan,nan,nan,5.78178596496582,8.329999923706055
nan,nan,nan,nan,nan,nan,5.78178596496582,8.329999923706055
nan,nan,nan,nan,nan,nan,4.7215800285339355,8.75
nan,nan,nan,nan,nan,nan,4.7215800285339355,8.75
nan,nan,nan,nan,nan,nan,4.7215800285339355,8.75
nan,nan,nan,nan,nan,nan,4.7215800285339355,8.75
nan,nan,nan,nan,nan,nan,4.7215800285339355,8.75
nan,nan,nan,nan,nan,nan,0.8941619992256165,8.970000267028809
nan,nan,nan,nan,nan,nan,0.8941619992256165,8.970000267028809
nan,nan,nan,nan,nan,nan,0.8941619992256165,8.970000267028809
nan,nan,nan,nan,nan,nan,0.8941619992256165,8.970000267028809
nan,nan,nan,nan,nan,nan,0.8941619992256165,8.970000267028809
nan,nan,nan,nan,nan,nan,1.079916085326261,9.359999656677246
nan,nan,nan,nan,nan,nan,1.079916085326261,9.359999656677246
nan,nan,nan,nan,nan,nan,1.079916085326261,9.359999656677246
nan,nan,nan,nan,nan,nan,1.079916085326261,9.359999656677246
nan,nan,nan,nan,nan,nan,1.079916085326261,9.359999656677246
nan,nan,nan,nan,nan,nan,3.1564643383026123,7.679999828338623
nan,nan,nan,nan,nan,nan,3.1564643383026123,7.679999828338623
nan,nan,nan,nan,nan,nan,3.1564643383026123,7.679999828338623
nan,nan,nan,nan,nan,nan,3.1564643383026123,7.679999828338623
nan,nan,nan,nan,nan,nan,3.1564643383026123,7.679999828338623
nan,nan,nan,nan,nan,nan,3.4908134937286377,9.180000305175781
nan,nan,nan,nan,nan,nan,3.4908134937286377,9.180000305175781
nan,nan,nan,nan,nan,nan,3.4908134937286377,9.180000305175781
nan,nan,nan,nan,nan,nan,3.4908134937286377,9.180000305175781
nan,nan,nan,nan,nan,nan,3.4908134937286377,9.180000305175781
nan,nan,nan,nan,nan,nan,0.8720123767852783,8.960000038146973
nan,nan,nan,nan,nan,nan,0.8720123767852783,8.960000038146973
nan,nan,nan,nan,nan,nan,0.8720123767852783,8.960000038146973
nan,nan,nan,nan,nan,nan,0.8720123767852783,8.960000038146973
nan,nan,nan,nan,nan,nan,0.8720123767852783,8.960000038146973
nan,nan,nan,nan,21.05428642742948,nan,0.6656435136361967,9.399999618530273
nan,nan,nan,nan,37.32927624197483,nan,0.6656435136361967,9.399999618530273
nan,nan,nan,nan,10.751173938751679,nan,0.6656435136361967,9.399999618530273
nan,nan,nan,nan,3.012377000338587,nan,0.6656435136361967,9.399999618530273
nan,nan,nan,nan,59.840543580661816,nan,0.6656435136361967,9.399999618530273
nan,nan,nan,nan,12.024182372631582,nan,0.7357843789369773,8.130000114440918
nan,nan,nan,nan,4.611289712888854,nan,0.7357843789369773,8.130000114440918
nan,nan,nan,nan,1.3846564742797394,nan,0.7357843789369773,8.130000114440918
nan,nan,nan,nan,56.17830080892971,nan,0.7357843789369773,8.130000114440918
nan,nan,nan,nan,13.643972450000048,nan,0.7357843789369773,8.130000114440918
nan,nan,nan,nan,2.633555299903222,3.6613676398500417,0.6531868544994396,8.829999923706055
nan,nan,nan,nan,73.40155293260902,105.65821498640946,0.6531868544994396,8.829999923706055
nan,nan,nan,nan,56.774190001526435,77.95930647455798,0.6531868544994396,8.829999923706055
nan,nan,nan,nan,12.76037947171327,18.24830889234123,0.6531868544994396,8.829999923706055
nan,nan,nan,nan,3.5192862552490016,5.07393511514436,0.6531868544994396,8.829999923706055
nan,nan,nan,nan,nan,nan,0.8035100102424622,7.5
nan,nan,nan,nan,nan,nan,0.8035100102424622,7.5
nan,nan,nan,nan,nan,nan,0.8035100102424622,7.5
nan,nan,nan,nan,nan,nan,0.8035100102424622,7.5
nan,nan,nan,nan,nan,nan,0.8035100102424622,7.5
nan,nan,nan,nan,nan,nan,1.3147834539413452,8.989999771118164
nan,nan,nan,nan,nan,nan,1.3147834539413452,8.989999771118164
nan,nan,nan,nan,nan,nan,1.3147834539413452,8.989999771118164
nan,nan,nan,nan,nan,nan,1.3147834539413452,8.989999771118164
nan,nan,nan,nan,nan,nan,1.3147834539413452,8.989999771118164
nan,nan,nan,nan,nan,nan,0.6700828671455383,10.09000015258789
nan,nan,nan,nan,nan,nan,0.6700828671455383,10.09000015258789
nan,nan,nan,nan,nan,nan,0.6700828671455383,10.09000015258789
nan,nan,nan,nan,nan,nan,0.6700828671455383,10.09000015258789
nan,nan,nan,nan,nan,nan,0.6700828671455383,10.09000015258789
nan,nan,nan,nan,117.2010912923597,nan,0.8275195956230164,8.84000015258789
nan,nan,nan,nan,18.290018864070817,nan,0.8275195956230164,8.84000015258789
nan,nan,nan,nan,58.1727371271362,nan,0.8275195956230164,8.84000015258789
nan,nan,nan,nan,6.771549439609746,nan,0.8275195956230164,8.84000015258789
nan,nan,nan,nan,1.256184977834697,nan,0.8275195956230164,8.84000015258789
nan,nan,nan,nan,nan,nan,0.547682523727417,9.270000457763672
nan,nan,nan,nan,nan,nan,0.547682523727417,9.270000457763672
nan,nan,nan,nan,nan,nan,0.547682523727417,9.270000457763672
nan,nan,nan,nan,nan,nan,0.547682523727417,9.270000457763672
nan,nan,nan,nan,nan,nan,0.547682523727417,9.270000457763672
nan,nan,nan,nan,nan,nan,3.5737099647521973,9.3100004196167
nan,nan,nan,nan,nan,nan,3.5737099647521973,9.3100004196167
nan,nan,nan,nan,nan,nan,3.5737099647521973,9.3100004196167
nan,nan,nan,nan,nan,nan,3.5737099647521973,9.3100004196167
nan,nan,nan,nan,nan,nan,3.5737099647521973,9.3100004196167
nan,nan,nan,nan,nan,nan,3.691782236099243,8.170000076293945
nan,nan,nan,nan,nan,nan,3.691782236099243,8.170000076293945
nan,nan,nan,nan,nan,nan,3.691782236099243,8.170000076293945
nan,nan,nan,nan,nan,nan,3.691782236099243,8.170000076293945
nan,nan,nan,nan,nan,nan,3.691782236099243,8.170000076293945
nan,nan,nan,nan,42.97183221966956,8.207861929653138,0.6694214940071106,8.5600004196167
nan,nan,nan,nan,9.633690663457404,1.9069295139742823,0.6694214940071106,8.5600004196167
nan,nan,nan,nan,nan,nan,0.6694214940071106,8.5600004196167
nan,nan,nan,nan,36.71707408865154,6.986596206332096,0.6694214940071106,8.5600004196167
nan,nan,nan,nan,6.852089642687045,1.3670346725454425,0.6694214940071106,8.5600004196167
nan,nan,nan,nan,nan,nan,3.4131898880004883,8.069999694824219
nan,nan,nan,nan,nan,nan,3.4131898880004883,8.069999694824219
nan,nan,nan,nan,nan,nan,3.4131898880004883,8.069999694824219
nan,nan,nan,nan,nan,nan,3.4131898880004883,8.069999694824219
nan,nan,nan,nan,nan,nan,3.4131898880004883,8.069999694824219
0.802529394825475,0.0644776360033471,0.04320235090966831,0.0470055807439268,610.3268588016552,214.14514660449927,0.33324864506721497,8.789999961853027
0.802529394825475,0.0644776360033471,0.04320235090966831,0.0470055807439268,317.1014630057571,120.1480537137483,0.33324864506721497,8.789999961853027
0.802529394825475,0.0644776360033471,0.04320235090966831,0.0470055807439268,3.301309037445221,1.2692716429216948,0.33324864506721497,8.789999961853027
0.802529394825475,0.0644776360033471,0.04320235090966831,0.0470055807439268,nan,nan,0.33324864506721497,8.789999961853027
0.802529394825475,0.0644776360033471,0.04320235090966831,0.0470055807439268,786.5542198766872,264.1638265320701,0.33324864506721497,8.789999961853027
nan,nan,nan,nan,nan,nan,1.0161117112958569,9.050000190734863
nan,nan,nan,nan,nan,nan,1.0161117112958569,9.050000190734863
nan,nan,nan,nan,nan,nan,1.0161117112958569,9.050000190734863
nan,nan,nan,nan,nan,nan,1.0161117112958569,9.050000190734863
nan,nan,nan,nan,nan,nan,1.0161117112958569,9.050000190734863
nan,nan,nan,nan,nan,nan,0.998507559299469,9.3100004196167
nan,nan,nan,nan,nan,nan,0.998507559299469,9.3100004196167
nan,nan,nan,nan,nan,nan,0.998507559299469,9.3100004196167
nan,nan,nan,nan,nan,nan,0.998507559299469,9.3100004196167
nan,nan,nan,nan,nan,nan,0.998507559299469,9.3100004196167
nan,nan,nan,nan,nan,nan,1.09661066532135,9.1899995803833
nan,nan,nan,nan,nan,nan,1.09661066532135,9.1899995803833
nan,nan,nan,nan,nan,nan,1.09661066532135,9.1899995803833
nan,nan,nan,nan,nan,nan,1.09661066532135,9.1899995803833
nan,nan,nan,nan,nan,nan,1.09661066532135,9.1899995803833
nan,nan,nan,nan,14.388158347917907,nan,0.7314476370811462,7.78000020980835
nan,nan,nan,nan,262.64358541765404,nan,0.7314476370811462,7.78000020980835
nan,nan,nan,nan,65.38793443785674,nan,0.7314476370811462,7.78000020980835
nan,nan,nan,nan,7.905913502337472,nan,0.7314476370811462,7.78000020980835
nan,nan,nan,nan,34.55602860325058,nan,0.7314476370811462,7.78000020980835
nan,nan,nan,nan,nan,nan,1.2113991975784302,7.579999923706055
nan,nan,nan,nan,nan,nan,1.2113991975784302,7.579999923706055
nan,nan,nan,nan,nan,nan,1.2113991975784302,7.579999923706055
nan,nan,nan,nan,nan,nan,1.2113991975784302,7.579999923706055
nan,nan,nan,nan,nan,nan,1.2113991975784302,7.579999923706055
nan,nan,nan,nan,nan,nan,3.47212553024292,9.029999732971191
nan,nan,nan,nan,nan,nan,3.47212553024292,9.029999732971191
nan,nan,nan,nan,nan,nan,3.47212553024292,9.029999732971191
nan,nan,nan,nan,nan,nan,3.47212553024292,9.029999732971191
nan,nan,nan,nan,nan,nan,3.47212553024292,9.029999732971191
nan,nan,nan,nan,6.788934435888473,nan,0.6658995747566223,8.430000305175781
nan,nan,nan,nan,6.607319918350737,nan,0.6658995747566223,8.430000305175781
nan,nan,nan,nan,49.00011209615829,nan,0.6658995747566223,8.430000305175781
nan,nan,nan,nan,78.71604256865798,nan,0.6658995747566223,8.430000305175781
nan,nan,nan,nan,61.05188271769195,nan,0.6658995747566223,8.430000305175781
nan,nan,nan,nan,nan,nan,1.0438017845153809,8.739999771118164
nan,nan,nan,nan,nan,nan,1.0438017845153809,8.739999771118164
nan,nan,nan,nan,nan,nan,1.0438017845153809,8.739999771118164
nan,nan,nan,nan,nan,nan,1.0438017845153809,8.739999771118164
nan,nan,nan,nan,nan,nan,1.0438017845153809,8.739999771118164
nan,nan,0.10153009454527713,0.12740612312917324,2.663079250694495,nan,0.4170483946800232,8.479999542236328
nan,nan,0.10153009454527713,0.12740612312917324,77.86786777611502,nan,0.4170483946800232,8.479999542236328
nan,nan,0.10153009454527713,0.12740612312917324,4.499272056206703,nan,0.4170483946800232,8.479999542236328
nan,nan,0.10153009454527713,0.12740612312917324,26.130317022144254,nan,0.4170483946800232,8.479999542236328
nan,nan,0.10153009454527713,0.12740612312917324,20.510695772123565,nan,0.4170483946800232,8.479999542236328
nan,nan,nan,nan,nan,nan,0.6779667735099792,8.600000381469727
nan,nan,nan,nan,nan,nan,0.6779667735099792,8.600000381469727
nan,nan,nan,nan,nan,nan,0.6779667735099792,8.600000381469727
nan,nan,nan,nan,nan,nan,0.6779667735099792,8.600000381469727
nan,nan,nan,nan,nan,nan,0.6779667735099792,8.600000381469727
1.0089062540690226,0.2373822513966217,-0.2491258433570261,0.12916297140696525,61.06561234680561,32.28284094607823,0.7310553789138794,8.859999656677246
1.0089062540690226,0.2373822513966217,-0.2491258433570261,0.12916297140696525,13.017748961205895,6.869477803978467,0.7310553789138794,8.859999656677246
1.0089062540690226,0.2373822513966217,-0.2491258433570261,0.12916297140696525,64.89052031640306,33.595283856498426,0.7310553789138794,8.859999656677246
1.0089062540690226,0.2373822513966217,-0.2491258433570261,0.12916297140696525,2.2944543417690837,1.1929777028675932,0.7310553789138794,8.859999656677246
1.0089062540690226,0.2373822513966217,-0.2491258433570261,0.12916297140696525,11.416973800048845,6.035453936856315,0.7310553789138794,8.859999656677246
0.6773895063783076,0.06476897300983656,-0.46800267353800384,0.10269044195293314,66.4075655204309,103.06982936595989,0.6771630644798279,9.760000228881836
0.6773895063783076,0.06476897300983656,-0.46800267353800384,0.10269044195293314,46.672317625814095,75.80747884244333,0.6771630644798279,9.760000228881836
0.6773895063783076,0.06476897300983656,-0.46800267353800384,0.10269044195293314,45.723566072983765,71.65284193921077,0.6771630644798279,9.760000228881836
0.6773895063783076,0.06476897300983656,-0.46800267353800384,0.10269044195293314,1.0465051652646127,1.6802165430568057,0.6771630644798279,9.760000228881836
0.6773895063783076,0.06476897300983656,-0.46800267353800384,0.10269044195293314,21.430307348150777,33.72495217035618,0.6771630644798279,9.760000228881836
nan,nan,nan,nan,nan,nan,1.4136072397232056,9.229999542236328
nan,nan,nan,nan,nan,nan,1.4136072397232056,9.229999542236328
nan,nan,nan,nan,nan,nan,1.4136072397232056,9.229999542236328
nan,nan,nan,nan,nan,nan,1.4136072397232056,9.229999542236328
nan,nan,nan,nan,nan,nan,1.4136072397232056,9.229999542236328
nan,nan,nan,nan,nan,nan,0.72959303855896,8.539999961853027
nan,nan,nan,nan,nan,nan,0.72959303855896,8.539999961853027
nan,nan,nan,nan,nan,nan,0.72959303855896,8.539999961853027
nan,nan,nan,nan,nan,nan,0.72959303855896,8.539999961853027
nan,nan,nan,nan,nan,nan,0.72959303855896,8.539999961853027
nan,nan,nan,nan,nan,nan,1.3407799005508423,8.600000381469727
nan,nan,nan,nan,nan,nan,1.3407799005508423,8.600000381469727
nan,nan,nan,nan,nan,nan,1.3407799005508423,8.600000381469727
nan,nan,nan,nan,nan,nan,1.3407799005508423,8.600000381469727
nan,nan,nan,nan,nan,nan,1.3407799005508423,8.600000381469727
nan,nan,nan,nan,nan,nan,0.7628466664572209,8.850000381469727
nan,nan,nan,nan,nan,nan,0.7628466664572209,8.850000381469727
nan,nan,nan,nan,nan,nan,0.7628466664572209,8.850000381469727
nan,nan,nan,nan,nan,nan,0.7628466664572209,8.850000381469727
nan,nan,nan,nan,nan,nan,0.7628466664572209,8.850000381469727
nan,nan,nan,nan,354.07457010614735,464.18724067623356,0.3435106873512268,9.220000267028809
nan,nan,nan,nan,12.090603626442283,13.238939989987456,0.3435106873512268,9.220000267028809
nan,nan,nan,nan,0.31799155069167995,0.36353142854021214,0.3435106873512268,9.220000267028809
nan,nan,nan,nan,nan,nan,0.3435106873512268,9.220000267028809
nan,nan,nan,nan,6.455783269438792,7.651665951384413,0.3435106873512268,9.220000267028809
nan,nan,nan,nan,nan,nan,1.3163330554962158,9.4399995803833
nan,nan,nan,nan,nan,nan,1.3163330554962158,9.4399995803833
nan,nan,nan,nan,nan,nan,1.3163330554962158,9.4399995803833
nan,nan,nan,nan,nan,nan,1.3163330554962158,9.4399995803833
nan,nan,nan,nan,nan,nan,1.3163330554962158,9.4399995803833
nan,nan,nan,nan,nan,nan,1.09102651651168,9.319999694824219
nan,nan,nan,nan,nan,nan,1.09102651651168,9.319999694824219
nan,nan,nan,nan,nan,nan,1.09102651651168,9.319999694824219
nan,nan,nan,nan,nan,nan,1.09102651651168,9.319999694824219
nan,nan,nan,nan,nan,nan,1.09102651651168,9.319999694824219
nan,nan,nan,nan,98.62730299007191,nan,0.6699351668357849,8.899999618530273
nan,nan,nan,nan,2.5675714174099853,nan,0.6699351668357849,8.899999618530273
nan,nan,nan,nan,3.4629163246618884,nan,0.6699351668357849,8.899999618530273
nan,nan,nan,nan,155.1748124229415,nan,0.6699351668357849,8.899999618530273
nan,nan,nan,nan,29.42139072609499,nan,0.6699351668357849,8.899999618530273
nan,nan,nan,nan,nan,nan,1.187127947807312,9.329999923706055
nan,nan,nan,nan,nan,nan,1.187127947807312,9.329999923706055
nan,nan,nan,nan,nan,nan,1.187127947807312,9.329999923706055
nan,nan,nan,nan,nan,nan,1.187127947807312,9.329999923706055
nan,nan,nan,nan,nan,nan,1.187127947807312,9.329999923706055
0.8696482952495311,0.03941035796722387,0.10350647353569858,0.029645441347019522,nan,nan,0.6684194986005025,8.970000267028809
0.8696482952495311,0.03941035796722387,0.10350647353569858,0.029645441347019522,7.835739003467164,2.3777481089107333,0.6684194986005025,8.970000267028809
0.8696482952495311,0.03941035796722387,0.10350647353569858,0.029645441347019522,27.162166413983943,8.341760232288738,0.6684194986005025,8.970000267028809
0.8696482952495311,0.03941035796722387,0.10350647353569858,0.029645441347019522,148.97380777206212,46.393835786739885,0.6684194986005025,8.970000267028809
0.8696482952495311,0.03941035796722387,0.10350647353569858,0.029645441347019522,52.430658194982065,16.13443068999993,0.6684194986005025,8.970000267028809
nan,nan,nan,nan,nan,nan,0.7341601848602295,11.770000457763672
nan,nan,nan,nan,nan,nan,0.7341601848602295,11.770000457763672
nan,nan,nan,nan,nan,nan,0.7341601848602295,11.770000457763672
nan,nan,nan,nan,nan,nan,0.7341601848602295,11.770000457763672
nan,nan,nan,nan,nan,nan,0.7341601848602295,11.770000457763672
nan,nan,nan,nan,nan,nan,3.4723057746887207,7.559999942779541
nan,nan,nan,nan,nan,nan,3.4723057746887207,7.559999942779541
nan,nan,nan,nan,nan,nan,3.4723057746887207,7.559999942779541
nan,nan,nan,nan,nan,nan,3.4723057746887207,7.559999942779541
nan,nan,nan,nan,nan,nan,3.4723057746887207,7.559999942779541
nan,nan,nan,nan,46.62161883249277,19.103693282674143,0.6687721377497592,8.390000343322754
nan,nan,nan,nan,52.80985714459983,21.592512894035114,0.6687721377497592,8.390000343322754
nan,nan,nan,nan,12.425568671359532,4.957917557497948,0.6687721377497592,8.390000343322754
nan,nan,nan,nan,5.4046130161742205,2.1209646808976643,0.6687721377497592,8.390000343322754
nan,nan,nan,nan,42.84298069358519,17.137004608541506,0.6687721377497592,8.390000343322754
nan,nan,nan,nan,9.850175858155852,nan,0.7027505040168762,7.78000020980835
nan,nan,nan,nan,18.601939329354966,nan,0.7027505040168762,7.78000020980835
nan,nan,nan,nan,1.0868687637968368,nan,0.7027505040168762,7.78000020980835
nan,nan,nan,nan,44.168583861801835,nan,0.7027505040168762,7.78000020980835
nan,nan,nan,nan,1.2878463390378347,nan,0.7027505040168762,7.78000020980835
0.9757451401171587,0.07072724380154931,-0.01900815946986807,0.040951724539590124,562.3344498415681,169.14678840441545,0.468480372755288,8.930000305175781
0.9757451401171587,0.07072724380154931,-0.01900815946986807,0.040951724539590124,4.258507341714346,1.2291679326995355,0.468480372755288,8.930000305175781
0.9757451401171587,0.07072724380154931,-0.01900815946986807,0.040951724539590124,582.5913876534744,156.9948395658218,0.468480372755288,8.930000305175781
0.9757451401171587,0.07072724380154931,-0.01900815946986807,0.040951724539590124,78.58084231717848,22.681778951477327,0.468480372755288,8.930000305175781
0.9757451401171587,0.07072724380154931,-0.01900815946986807,0.040951724539590124,277.2478139949211,90.04817991834925,0.468480372755288,8.930000305175781
nan,nan,nan,nan,nan,nan,4.501359939575195,7.989999771118164
nan,nan,nan,nan,nan,nan,4.501359939575195,7.989999771118164
nan,nan,nan,nan,nan,nan,4.501359939575195,7.989999771118164
nan,nan,nan,nan,nan,nan,4.501359939575195,7.989999771118164
nan,nan,nan,nan,nan,nan,4.501359939575195,7.989999771118164
nan,nan,nan,nan,nan,nan,2.9892873764038086,6.789999961853027
nan,nan,nan,nan,nan,nan,2.9892873764038086,6.789999961853027
nan,nan,nan,nan,nan,nan,2.9892873764038086,6.789999961853027
nan,nan,nan,nan,nan,nan,2.9892873764038086,6.789999961853027
nan,nan,nan,nan,nan,nan,2.9892873764038086,6.789999961853027
nan,nan,nan,nan,nan,nan,1.1723136901855469,8.90999984741211
nan,nan,nan,nan,nan,nan,1.1723136901855469,8.90999984741211
nan,nan,nan,nan,nan,nan,1.1723136901855469,8.90999984741211
nan,nan,nan,nan,nan,nan,1.1723136901855469,8.90999984741211
nan,nan,nan,nan,nan,nan,1.1723136901855469,8.90999984741211
nan,nan,nan,nan,70.84121640305838,24.912853333806982,0.5332344174385071,8.8100004196167
nan,nan,nan,nan,4.958078119348874,1.8429069255522008,0.5332344174385071,8.8100004196167
nan,nan,nan,nan,4.552720724184973,1.5290085145712884,0.5332344174385071,8.8100004196167
nan,nan,nan,nan,nan,nan,0.5332344174385071,8.8100004196167
nan,nan,nan,nan,170.5602453043876,55.99230853357966,0.5332344174385071,8.8100004196167
nan,nan,nan,nan,13.546415264762224,nan,0.29665878415107727,6.920000076293945
nan,nan,nan,nan,9.441831647131368,nan,0.29665878415107727,6.920000076293945
nan,nan,nan,nan,17.63486823675884,nan,0.29665878415107727,6.920000076293945
nan,nan,nan,nan,24.03293231590611,nan,0.29665878415107727,6.920000076293945
nan,nan,nan,nan,21.10306824997918,nan,0.29665878415107727,6.920000076293945
nan,nan,nan,nan,nan,nan,3.4319534301757812,8.720000267028809
nan,nan,nan,nan,nan,nan,3.4319534301757812,8.720000267028809
nan,nan,nan,nan,nan,nan,3.4319534301757812,8.720000267028809
nan,nan,nan,nan,nan,nan,3.4319534301757812,8.720000267028809
nan,nan,nan,nan,nan,nan,3.4319534301757812,8.720000267028809
nan,nan,nan,nan,nan,nan,1.0187538862228394,9.579999923706055
nan,nan,nan,nan,nan,nan,1.0187538862228394,9.579999923706055
nan,nan,nan,nan,nan,nan,1.0187538862228394,9.579999923706055
nan,nan,nan,nan,nan,nan,1.0187538862228394,9.579999923706055
nan,nan,nan,nan,nan,nan,1.0187538862228394,9.579999923706055
nan,nan,nan,nan,nan,nan,3.8351778984069824,9.300000190734863
nan,nan,nan,nan,nan,nan,3.8351778984069824,9.300000190734863
nan,nan,nan,nan,nan,nan,3.8351778984069824,9.300000190734863
nan,nan,nan,nan,nan,nan,3.8351778984069824,9.300000190734863
nan,nan,nan,nan,nan,nan,3.8351778984069824,9.300000190734863
nan,nan,nan,nan,nan,nan,5.114287853240967,8.90999984741211
nan,nan,nan,nan,nan,nan,5.114287853240967,8.90999984741211
nan,nan,nan,nan,nan,nan,5.114287853240967,8.90999984741211
nan,nan,nan,nan,nan,nan,5.114287853240967,8.90999984741211
nan,nan,nan,nan,nan,nan,5.114287853240967,8.90999984741211
nan,nan,nan,nan,nan,nan,5.37881326675415,7.78000020980835
nan,nan,nan,nan,nan,nan,5.37881326675415,7.78000020980835
nan,nan,nan,nan,nan,nan,5.37881326675415,7.78000020980835
nan,nan,nan,nan,nan,nan,5.37881326675415,7.78000020980835
nan,nan,nan,nan,nan,nan,5.37881326675415,7.78000020980835
nan,nan,nan,nan,8.733402587745063,nan,0.5323119163513184,8.859999656677246
nan,nan,nan,nan,11.904312637450728,nan,0.5323119163513184,8.859999656677246
nan,nan,nan,nan,1.3428634092685163,nan,0.5323119163513184,8.859999656677246
nan,nan,nan,nan,1.0983155114199674,nan,0.5323119163513184,8.859999656677246
nan,nan,nan,nan,14.140294870119542,nan,0.5323119163513184,8.859999656677246
nan,nan,nan,nan,nan,nan,0.7374393939971924,9.329999923706055
nan,nan,nan,nan,nan,nan,0.7374393939971924,9.329999923706055
nan,nan,nan,nan,nan,nan,0.7374393939971924,9.329999923706055
nan,nan,nan,nan,nan,nan,0.7374393939971924,9.329999923706055
nan,nan,nan,nan,nan,nan,0.7374393939971924,9.329999923706055
nan,nan,nan,nan,8.412291872561896,nan,0.7688698768615723,8.470000267028809
nan,nan,nan,nan,25.604078459817583,nan,0.7688698768615723,8.470000267028809
nan,nan,nan,nan,3.981024884482431,nan,0.7688698768615723,8.470000267028809
nan,nan,nan,nan,7.680837155696547,nan,0.7688698768615723,8.470000267028809
nan,nan,nan,nan,nan,nan,0.7688698768615723,8.470000267028809
nan,nan,nan,nan,nan,nan,3.949159860610962,7.659999847412109
nan,nan,nan,nan,nan,nan,3.949159860610962,7.659999847412109
nan,nan,nan,nan,nan,nan,3.949159860610962,7.659999847412109
nan,nan,nan,nan,nan,nan,3.949159860610962,7.659999847412109
nan,nan,nan,nan,nan,nan,3.949159860610962,7.659999847412109
nan,nan,nan,nan,nan,nan,0.11372555792331696,7.289999961853027
nan,nan,nan,nan,nan,nan,0.11372555792331696,7.289999961853027
nan,nan,nan,nan,nan,nan,0.11372555792331696,7.289999961853027
nan,nan,nan,nan,nan,nan,0.11372555792331696,7.289999961853027
nan,nan,nan,nan,nan,nan,0.11372555792331696,7.289999961853027
nan,nan,nan,nan,nan,nan,3.9478251934051514,8.539999961853027
nan,nan,nan,nan,nan,nan,3.9478251934051514,8.539999961853027
nan,nan,nan,nan,nan,nan,3.9478251934051514,8.539999961853027
nan,nan,nan,nan,nan,nan,3.9478251934051514,8.539999961853027
nan,nan,nan,nan,nan,nan,3.9478251934051514,8.539999961853027
nan,nan,nan,nan,nan,nan,0.8590005040168762,8.369999885559082
nan,nan,nan,nan,nan,nan,0.8590005040168762,8.369999885559082
nan,nan,nan,nan,nan,nan,0.8590005040168762,8.369999885559082
nan,nan,nan,nan,nan,nan,0.8590005040168762,8.369999885559082
nan,nan,nan,nan,nan,nan,0.8590005040168762,8.369999885559082
nan,nan,nan,nan,nan,nan,1.1812925338745117,7.900000095367432
nan,nan,nan,nan,nan,nan,1.1812925338745117,7.900000095367432
nan,nan,nan,nan,nan,nan,1.1812925338745117,7.900000095367432
nan,nan,nan,nan,nan,nan,1.1812925338745117,7.900000095367432
nan,nan,nan,nan,nan,nan,1.1812925338745117,7.900000095367432
nan,nan,nan,nan,0.626682695197961,nan,0.4162006974220276,8.390000343322754
nan,nan,nan,nan,3.883472560418684,nan,0.4162006974220276,8.390000343322754
nan,nan,nan,nan,23.762470306315546,nan,0.4162006974220276,8.390000343322754
nan,nan,nan,nan,1.5915664306406214,nan,0.4162006974220276,8.390000343322754
nan,nan,nan,nan,nan,nan,0.4162006974220276,8.390000343322754
nan,nan,nan,nan,nan,nan,0.6037637475152606,10.270000457763672
nan,nan,nan,nan,nan,nan,0.6037637475152606,10.270000457763672
nan,nan,nan,nan,nan,nan,0.6037637475152606,10.270000457763672
nan,nan,nan,nan,nan,nan,0.6037637475152606,10.270000457763672
nan,nan,nan,nan,nan,nan,0.6037637475152606,10.270000457763672
nan,nan,nan,nan,nan,nan,1.2194169759750366,8.710000038146973
nan,nan,nan,nan,nan,nan,1.2194169759750366,8.710000038146973
nan,nan,nan,nan,nan,nan,1.2194169759750366,8.710000038146973
nan,nan,nan,nan,nan,nan,1.2194169759750366,8.710000038146973
nan,nan,nan,nan,nan,nan,1.2194169759750366,8.710000038146973
nan,nan,nan,nan,nan,nan,4.378519058227539,7.980000019073486
nan,nan,nan,nan,nan,nan,4.378519058227539,7.980000019073486
nan,nan,nan,nan,nan,nan,4.378519058227539,7.980000019073486
nan,nan,nan,nan,nan,nan,4.378519058227539,7.980000019073486
nan,nan,nan,nan,nan,nan,4.378519058227539,7.980000019073486
nan,nan,nan,nan,nan,nan,1.0102328062057495,9.899999618530273
nan,nan,nan,nan,nan,nan,1.0102328062057495,9.899999618530273
nan,nan,nan,nan,nan,nan,1.0102328062057495,9.899999618530273
nan,nan,nan,nan,nan,nan,1.0102328062057495,9.899999618530273
nan,nan,nan,nan,nan,nan,1.0102328062057495,9.899999618530273
nan,nan,nan,nan,nan,nan,4.280261516571045,10.020000457763672
nan,nan,nan,nan,nan,nan,4.280261516571045,10.020000457763672
nan,nan,nan,nan,nan,nan,4.280261516571045,10.020000457763672
nan,nan,nan,nan,nan,nan,4.280261516571045,10.020000457763672
nan,nan,nan,nan,nan,nan,4.280261516571045,10.020000457763672
nan,nan,nan,nan,nan,nan,0.9968586564064026,9.819999694824219
nan,nan,nan,nan,nan,nan,0.9968586564064026,9.819999694824219
nan,nan,nan,nan,nan,nan,0.9968586564064026,9.819999694824219
nan,nan,nan,nan,nan,nan,0.9968586564064026,9.819999694824219
nan,nan,nan,nan,nan,nan,0.9968586564064026,9.819999694824219
nan,nan,nan,nan,nan,nan,3.331033706665039,9.130000114440918
nan,nan,nan,nan,nan,nan,3.331033706665039,9.130000114440918
nan,nan,nan,nan,nan,nan,3.331033706665039,9.130000114440918
nan,nan,nan,nan,nan,nan,3.331033706665039,9.130000114440918
nan,nan,nan,nan,nan,nan,3.331033706665039,9.130000114440918
nan,nan,nan,nan,nan,nan,1.2959345579147339,8.859999656677246
nan,nan,nan,nan,nan,nan,1.2959345579147339,8.859999656677246
nan,nan,nan,nan,nan,nan,1.2959345579147339,8.859999656677246
nan,nan,nan,nan,nan,nan,1.2959345579147339,8.859999656677246
nan,nan,nan,nan,nan,nan,1.2959345579147339,8.859999656677246
nan,nan,nan,nan,nan,nan,5.48470401763916,9.710000038146973
nan,nan,nan,nan,nan,nan,5.48470401763916,9.710000038146973
nan,nan,nan,nan,nan,nan,5.48470401763916,9.710000038146973
nan,nan,nan,nan,nan,nan,5.48470401763916,9.710000038146973
nan,nan,nan,nan,nan,nan,5.48470401763916,9.710000038146973
nan,nan,nan,nan,11.499542896027945,nan,0.7343453764915466,8.109999656677246
nan,nan,nan,nan,169.78707562634006,nan,0.7343453764915466,8.109999656677246
nan,nan,nan,nan,100.03465040097151,nan,0.7343453764915466,8.109999656677246
nan,nan,nan,nan,15.538349166659271,nan,0.7343453764915466,8.109999656677246
nan,nan,nan,nan,50.405486127834074,nan,0.7343453764915466,8.109999656677246
nan,nan,nan,nan,nan,5.56841202700462,0.8953298330307007,9.960000038146973
nan,nan,nan,nan,nan,95.65356074706754,0.8953298330307007,9.960000038146973
nan,nan,nan,nan,nan,1.613452722649192,0.8953298330307007,9.960000038146973
nan,nan,nan,nan,nan,43.73674968161203,0.8953298330307007,9.960000038146973
nan,nan,nan,nan,nan,41.4348804007948,0.8953298330307007,9.960000038146973
nan,nan,nan,nan,nan,nan,3.597136974334717,7.389999866485596
nan,nan,nan,nan,nan,nan,3.597136974334717,7.389999866485596
nan,nan,nan,nan,nan,nan,3.597136974334717,7.389999866485596
nan,nan,nan,nan,nan,nan,3.597136974334717,7.389999866485596
nan,nan,nan,nan,nan,nan,3.597136974334717,7.389999866485596
nan,nan,nan,nan,nan,nan,3.772014856338501,8.34000015258789
nan,nan,nan,nan,nan,nan,3.772014856338501,8.34000015258789
nan,nan,nan,nan,nan,nan,3.772014856338501,8.34000015258789
nan,nan,nan,nan,nan,nan,3.772014856338501,8.34000015258789
nan,nan,nan,nan,nan,nan,3.772014856338501,8.34000015258789
nan,nan,nan,nan,nan,nan,0.9975190394535007,9.890000343322754
nan,nan,nan,nan,nan,nan,0.9975190394535007,9.890000343322754
nan,nan,nan,nan,nan,nan,0.9975190394535007,9.890000343322754
nan,nan,nan,nan,nan,nan,0.9975190394535007,9.890000343322754
nan,nan,nan,nan,nan,nan,0.9975190394535007,9.890000343322754
nan,nan,nan,nan,nan,nan,0.7305662035942078,10.329999923706055
nan,nan,nan,nan,nan,nan,0.7305662035942078,10.329999923706055
nan,nan,nan,nan,nan,nan,0.7305662035942078,10.329999923706055
nan,nan,nan,nan,nan,nan,0.7305662035942078,10.329999923706055
nan,nan,nan,nan,nan,nan,0.7305662035942078,10.329999923706055
nan,nan,nan,nan,nan,nan,1.4348700046539307,9.119999885559082
nan,nan,nan,nan,nan,nan,1.4348700046539307,9.119999885559082
nan,nan,nan,nan,nan,nan,1.4348700046539307,9.119999885559082
nan,nan,nan,nan,nan,nan,1.4348700046539307,9.119999885559082
nan,nan,nan,nan,nan,nan,1.4348700046539307,9.119999885559082
nan,nan,nan,nan,14.053507331919485,nan,0.8320126533508301,7.980000019073486
nan,nan,nan,nan,4.478087173639494,nan,0.8320126533508301,7.980000019073486
nan,nan,nan,nan,26.37172779372683,nan,0.8320126533508301,7.980000019073486
nan,nan,nan,nan,5.371661804285786,nan,0.8320126533508301,7.980000019073486
nan,nan,nan,nan,81.71395544008222,nan,0.8320126533508301,7.980000019073486
nan,nan,nan,nan,9.604635870122896,nan,0.7384558916091919,8.539999961853027
nan,nan,nan,nan,99.80520901800305,nan,0.7384558916091919,8.539999961853027
nan,nan,nan,nan,90.31943398463116,nan,0.7384558916091919,8.539999961853027
nan,nan,nan,nan,7.747699128535869,nan,0.7384558916091919,8.539999961853027
nan,nan,nan,nan,35.94297417178021,nan,0.7384558916091919,8.539999961853027
nan,nan,nan,nan,nan,0.3207992809452672,0.5234683301872207,9.579999923706055
nan,nan,nan,nan,nan,4.587033909052316,0.5234683301872207,9.579999923706055
nan,nan,nan,nan,nan,8.468939589949269,0.5234683301872207,9.579999923706055
nan,nan,nan,nan,nan,10.277304226862508,0.5234683301872207,9.579999923706055
nan,nan,nan,nan,nan,10.139690202022168,0.5234683301872207,9.579999923706055
nan,nan,nan,nan,nan,nan,3.1571407318115234,7.929999828338623
nan,nan,nan,nan,nan,nan,3.1571407318115234,7.929999828338623
nan,nan,nan,nan,nan,nan,3.1571407318115234,7.929999828338623
nan,nan,nan,nan,nan,nan,3.1571407318115234,7.929999828338623
nan,nan,nan,nan,nan,nan,3.1571407318115234,7.929999828338623
nan,nan,nan,nan,nan,nan,3.6587977409362793,8.529999732971191
nan,nan,nan,nan,nan,nan,3.6587977409362793,8.529999732971191
nan,nan,nan,nan,nan,nan,3.6587977409362793,8.529999732971191
nan,nan,nan,nan,nan,nan,3.6587977409362793,8.529999732971191
nan,nan,nan,nan,nan,nan,3.6587977409362793,8.529999732971191
nan,nan,nan,nan,3.114162491553267,nan,0.5453293919563293,8.319999694824219
nan,nan,nan,nan,nan,nan,0.5453293919563293,8.319999694824219
nan,nan,nan,nan,79.17204526763629,nan,0.5453293919563293,8.319999694824219
nan,nan,nan,nan,50.96669521868279,nan,0.5453293919563293,8.319999694824219
nan,nan,nan,nan,16.185926561905767,nan,0.5453293919563293,8.319999694824219
nan,nan,nan,nan,nan,nan,1.2955675960396742,9.359999656677246
nan,nan,nan,nan,nan,nan,1.2955675960396742,9.359999656677246
nan,nan,nan,nan,nan,nan,1.2955675960396742,9.359999656677246
nan,nan,nan,nan,nan,nan,1.2955675960396742,9.359999656677246
nan,nan,nan,nan,nan,nan,1.2955675960396742,9.359999656677246
nan,nan,nan,nan,nan,nan,3.311741352081299,9.170000076293945
nan,nan,nan,nan,nan,nan,3.311741352081299,9.170000076293945
nan,nan,nan,nan,nan,nan,3.311741352081299,9.170000076293945
nan,nan,nan,nan,nan,nan,3.311741352081299,9.170000076293945
nan,nan,nan,nan,nan,nan,3.311741352081299,9.170000076293945
0.8955983542367225,0.08472570691481139,0.1264594176394056,0.0525581378844469,471.4557715175346,131.88171291703318,0.7370058298110962,9.319999694824219
0.8955983542367225,0.08472570691481139,0.1264594176394056,0.0525581378844469,38.96403758995827,11.986425151724244,0.7370058298110962,9.319999694824219
0.8955983542367225,0.08472570691481139,0.1264594176394056,0.0525581378844469,60.87258361617915,17.901661275978146,0.7370058298110962,9.319999694824219
0.8955983542367225,0.08472570691481139,0.1264594176394056,0.0525581378844469,nan,nan,0.7370058298110962,9.319999694824219
0.8955983542367225,0.08472570691481139,0.1264594176394056,0.0525581378844469,7.203433346044896,2.1603054879231474,0.7370058298110962,9.319999694824219
nan,nan,nan,nan,nan,nan,3.332537889480591,7.489999771118164
nan,nan,nan,nan,nan,nan,3.332537889480591,7.489999771118164
nan,nan,nan,nan,nan,nan,3.332537889480591,7.489999771118164
nan,nan,nan,nan,nan,nan,3.332537889480591,7.489999771118164
nan,nan,nan,nan,nan,nan,3.332537889480591,7.489999771118164
nan,nan,nan,nan,97.91046197642501,nan,0.1954820305109024,8.380000114440918
nan,nan,nan,nan,294.30808653452897,nan,0.1954820305109024,8.380000114440918
nan,nan,nan,nan,315.4016520660261,nan,0.1954820305109024,8.380000114440918
nan,nan,nan,nan,68.6593005922455,nan,0.1954820305109024,8.380000114440918
nan,nan,nan,nan,3.1041824875469657,nan,0.1954820305109024,8.380000114440918
0.6587689248984755,0.03507792191125092,-0.5661486582894509,0.06179065666770511,3.5057012252472455,6.6977644133767855,0.6664397716522217,9.819999694824219
0.6587689248984755,0.03507792191125092,-0.5661486582894509,0.06179065666770511,49.27751077996032,92.38116306862797,0.6664397716522217,9.819999694824219
0.6587689248984755,0.03507792191125092,-0.5661486582894509,0.06179065666770511,0.8226825238564828,1.5408234275095882,0.6664397716522217,9.819999694824219
0.6587689248984755,0.03507792191125092,-0.5661486582894509,0.06179065666770511,12.81615086746024,23.777366166253298,0.6664397716522217,9.819999694824219
0.6587689248984755,0.03507792191125092,-0.5661486582894509,0.06179065666770511,24.752633893911703,45.75447636813628,0.6664397716522217,9.819999694824219
nan,nan,nan,nan,nan,nan,1.4134202003479004,9.1899995803833
nan,nan,nan,nan,nan,nan,1.4134202003479004,9.1899995803833
nan,nan,nan,nan,nan,nan,1.4134202003479004,9.1899995803833
nan,nan,nan,nan,nan,nan,1.4134202003479004,9.1899995803833
nan,nan,nan,nan,nan,nan,1.4134202003479004,9.1899995803833
nan,nan,nan,nan,nan,nan,2.98275089263916,8.890000343322754
nan,nan,nan,nan,nan,nan,2.98275089263916,8.890000343322754
nan,nan,nan,nan,nan,nan,2.98275089263916,8.890000343322754
nan,nan,nan,nan,nan,nan,2.98275089263916,8.890000343322754
nan,nan,nan,nan,nan,nan,2.98275089263916,8.890000343322754
nan,nan,nan,nan,nan,nan,1.357700228691101,9.760000228881836
nan,nan,nan,nan,nan,nan,1.357700228691101,9.760000228881836
nan,nan,nan,nan,nan,nan,1.357700228691101,9.760000228881836
nan,nan,nan,nan,nan,nan,1.357700228691101,9.760000228881836
nan,nan,nan,nan,nan,nan,1.357700228691101,9.760000228881836
nan,nan,nan,nan,nan,nan,1.489162564277649,8.949999809265137
nan,nan,nan,nan,nan,nan,1.489162564277649,8.949999809265137
nan,nan,nan,nan,nan,nan,1.489162564277649,8.949999809265137
nan,nan,nan,nan,nan,nan,1.489162564277649,8.949999809265137
nan,nan,nan,nan,nan,nan,1.489162564277649,8.949999809265137
nan,nan,nan,nan,nan,nan,1.1869834661483765,8.539999961853027
nan,nan,nan,nan,nan,nan,1.1869834661483765,8.539999961853027
nan,nan,nan,nan,nan,nan,1.1869834661483765,8.539999961853027
nan,nan,nan,nan,nan,nan,1.1869834661483765,8.539999961853027
nan,nan,nan,nan,nan,nan,1.1869834661483765,8.539999961853027
nan,nan,nan,nan,16.65516695091114,nan,0.7330625057220459,8.359999656677246
nan,nan,nan,nan,7.555003715682223,nan,0.7330625057220459,8.359999656677246
nan,nan,nan,nan,3195.2103224879256,nan,0.7330625057220459,8.359999656677246
nan,nan,nan,nan,38.43614141060553,nan,0.7330625057220459,8.359999656677246
nan,nan,nan,nan,21.24393251890143,nan,0.7330625057220459,8.359999656677246
0.8011275031339646,0.0812005147786805,-0.06606758930565475,0.07564919651681128,nan,nan,0.6700888872146606,8.989999771118164
0.8011275031339646,0.0812005147786805,-0.06606758930565475,0.07564919651681128,46.482572928406455,18.532656027078207,0.6700888872146606,8.989999771118164
0.8011275031339646,0.0812005147786805,-0.06606758930565475,0.07564919651681128,57.05493442252759,22.255404366249678,0.6700888872146606,8.989999771118164
0.8011275031339646,0.0812005147786805,-0.06606758930565475,0.07564919651681128,5.142164762544789,2.023926896060226,0.6700888872146606,8.989999771118164
0.8011275031339646,0.0812005147786805,-0.06606758930565475,0.07564919651681128,34.45189570137183,13.440770147524349,0.6700888872146606,8.989999771118164
nan,nan,nan,nan,nan,nan,0.41645556688308716,9.739999771118164
nan,nan,nan,nan,0.791001898185943,1.195358842652257,0.41645556688308716,9.739999771118164
nan,nan,nan,nan,nan,nan,0.41645556688308716,9.739999771118164
nan,nan,nan,nan,346.1543855820959,490.7517213950336,0.41645556688308716,9.739999771118164
nan,nan,nan,nan,32.72752277855748,49.7285773431637,0.41645556688308716,9.739999771118164
nan,nan,nan,nan,nan,nan,3.961017370223999,nan
nan,nan,nan,nan,nan,nan,3.961017370223999,nan
nan,nan,nan,nan,nan,nan,3.961017370223999,nan
nan,nan,nan,nan,nan,nan,3.961017370223999,nan
nan,nan,nan,nan,nan,nan,3.961017370223999,nan
nan,nan,nan,nan,35.66787087618838,nan,0.7420117259025574,8.569999694824219
nan,nan,nan,nan,33.058634885776414,nan,0.7420117259025574,8.569999694824219
nan,nan,nan,nan,3.0706175467843413,nan,0.7420117259025574,8.569999694824219
nan,nan,nan,nan,88.38448100526277,nan,0.7420117259025574,8.569999694824219
nan,nan,nan,nan,4.731881577424027,nan,0.7420117259025574,8.569999694824219
nan,nan,nan,nan,nan,nan,0.9947529435157776,9.789999961853027
nan,nan,nan,nan,nan,nan,0.9947529435157776,9.789999961853027
nan,nan,nan,nan,nan,nan,0.9947529435157776,9.789999961853027
nan,nan,nan,nan,nan,nan,0.9947529435157776,9.789999961853027
nan,nan,nan,nan,nan,nan,0.9947529435157776,9.789999961853027
1.1518324166744944,0.22600245145768907,-0.03218071915256781,0.09014554302238491,5.503613644266276,0.9783502636542161,0.5778080224990845,8.569999694824219
1.1518324166744944,0.22600245145768907,-0.03218071915256781,0.09014554302238491,7.891358281596291,1.5450189517445356,0.5778080224990845,8.569999694824219
1.1518324166744944,0.22600245145768907,-0.03218071915256781,0.09014554302238491,3.7150119226193143,0.6629800831276738,0.5778080224990845,8.569999694824219
1.1518324166744944,0.22600245145768907,-0.03218071915256781,0.09014554302238491,1.5946155527558301,0.3076526184961917,0.5778080224990845,8.569999694824219
1.1518324166744944,0.22600245145768907,-0.03218071915256781,0.09014554302238491,87.48151987494471,15.432838210687772,0.5778080224990845,8.569999694824219
nan,nan,nan,nan,nan,nan,1.0285571813583374,5.610000133514404
nan,nan,nan,nan,nan,nan,1.0285571813583374,5.610000133514404
nan,nan,nan,nan,nan,nan,1.0285571813583374,5.610000133514404
nan,nan,nan,nan,nan,nan,1.0285571813583374,5.610000133514404
nan,nan,nan,nan,nan,nan,1.0285571813583374,5.610000133514404
nan,nan,nan,nan,75.15857254314045,nan,0.6035852432250977,7.769999980926514
nan,nan,nan,nan,19.839158951903652,nan,0.6035852432250977,7.769999980926514
nan,nan,nan,nan,20.407174913550666,nan,0.6035852432250977,7.769999980926514
nan,nan,nan,nan,27.376006134774915,nan,0.6035852432250977,7.769999980926514
nan,nan,nan,nan,17.911005598336896,nan,0.6035852432250977,7.769999980926514
nan,nan,nan,nan,nan,nan,1.119622826576233,10.260000228881836
nan,nan,nan,nan,nan,nan,1.119622826576233,10.260000228881836
nan,nan,nan,nan,nan,nan,1.119622826576233,10.260000228881836
nan,nan,nan,nan,nan,nan,1.119622826576233,10.260000228881836
nan,nan,nan,nan,nan,nan,1.119622826576233,10.260000228881836
nan,nan,nan,nan,nan,nan,2.9494152069091797,8.489999771118164
nan,nan,nan,nan,nan,nan,2.9494152069091797,8.489999771118164
nan,nan,nan,nan,nan,nan,2.9494152069091797,8.489999771118164
nan,nan,nan,nan,nan,nan,2.9494152069091797,8.489999771118164
nan,nan,nan,nan,nan,nan,2.9494152069091797,8.489999771118164
nan,nan,nan,nan,2.9083608735135718,nan,0.70257967710495,8.369999885559082
nan,nan,nan,nan,72.2236870319924,nan,0.70257967710495,8.369999885559082
nan,nan,nan,nan,3.2567506795111587,nan,0.70257967710495,8.369999885559082
nan,nan,nan,nan,39.89234223701444,nan,0.70257967710495,8.369999885559082
nan,nan,nan,nan,4.289834816694202,nan,0.70257967710495,8.369999885559082
nan,nan,nan,nan,nan,nan,3.33518648147583,8.09000015258789
nan,nan,nan,nan,nan,nan,3.33518648147583,8.09000015258789
nan,nan,nan,nan,nan,nan,3.33518648147583,8.09000015258789
nan,nan,nan,nan,nan,nan,3.33518648147583,8.09000015258789
nan,nan,nan,nan,nan,nan,3.33518648147583,8.09000015258789
nan,nan,nan,nan,nan,nan,1.0169317722320557,9.149999618530273
nan,nan,nan,nan,nan,nan,1.0169317722320557,9.149999618530273
nan,nan,nan,nan,nan,nan,1.0169317722320557,9.149999618530273
nan,nan,nan,nan,nan,nan,1.0169317722320557,9.149999618530273
nan,nan,nan,nan,nan,nan,1.0169317722320557,9.149999618530273
nan,nan,nan,nan,nan,nan,0.9535189270973206,8.760000228881836
nan,nan,nan,nan,nan,nan,0.9535189270973206,8.760000228881836
nan,nan,nan,nan,nan,nan,0.9535189270973206,8.760000228881836
nan,nan,nan,nan,nan,nan,0.9535189270973206,8.760000228881836
nan,nan,nan,nan,nan,nan,0.9535189270973206,8.760000228881836
nan,nan,nan,nan,5.168821195777783,nan,0.6703650951385498,8.25
nan,nan,nan,nan,257.9408248125145,nan,0.6703650951385498,8.25
nan,nan,nan,nan,10.211032062202182,nan,0.6703650951385498,8.25
nan,nan,nan,nan,10.147954765054159,nan,0.6703650951385498,8.25
nan,nan,nan,nan,80.50057703917768,nan,0.6703650951385498,8.25
0.9441010769536208,0.18711297015165365,-0.2076395214962152,0.06679144908742801,69.41042993160988,26.68862771426651,0.7333706021308899,10.020000457763672
0.9441010769536208,0.18711297015165365,-0.2076395214962152,0.06679144908742801,203.07262594081513,77.8231378825411,0.7333706021308899,10.020000457763672
0.9441010769536208,0.18711297015165365,-0.2076395214962152,0.06679144908742801,1.5785000332728352,0.6369842782240132,0.7333706021308899,10.020000457763672
0.9441010769536208,0.18711297015165365,-0.2076395214962152,0.06679144908742801,1817.61983237387,816.7388209156412,0.7333706021308899,10.020000457763672
0.9441010769536208,0.18711297015165365,-0.2076395214962152,0.06679144908742801,507.62428074560955,204.33505742171343,0.7333706021308899,10.020000457763672
nan,nan,nan,nan,nan,nan,0.3386046588420868,7.960000038146973
nan,nan,nan,nan,nan,nan,0.3386046588420868,7.960000038146973
nan,nan,nan,nan,nan,nan,0.3386046588420868,7.960000038146973
nan,nan,nan,nan,nan,nan,0.3386046588420868,7.960000038146973
nan,nan,nan,nan,nan,nan,0.3386046588420868,7.960000038146973
nan,nan,nan,nan,nan,nan,1.2957630157470703,9.199999809265137
nan,nan,nan,nan,nan,nan,1.2957630157470703,9.199999809265137
nan,nan,nan,nan,nan,nan,1.2957630157470703,9.199999809265137
nan,nan,nan,nan,nan,nan,1.2957630157470703,9.199999809265137
nan,nan,nan,nan,nan,nan,1.2957630157470703,9.199999809265137
nan,nan,0.2149101152772169,0.12547668252155875,nan,nan,0.7316882610321045,8.300000190734863
nan,nan,0.2149101152772169,0.12547668252155875,126.33365489684357,nan,0.7316882610321045,8.300000190734863
nan,nan,0.2149101152772169,0.12547668252155875,17.675547024820734,nan,0.7316882610321045,8.300000190734863
nan,nan,0.2149101152772169,0.12547668252155875,60.125890215793824,nan,0.7316882610321045,8.300000190734863
nan,nan,0.2149101152772169,0.12547668252155875,30.963641470759754,nan,0.7316882610321045,8.300000190734863
nan,nan,nan,nan,18.756319731441693,nan,0.7342450022697449,8.699999809265137
nan,nan,nan,nan,120.36562312311554,nan,0.7342450022697449,8.699999809265137
nan,nan,nan,nan,7.204804155234435,nan,0.7342450022697449,8.699999809265137
nan,nan,nan,nan,80.61909020756215,nan,0.7342450022697449,8.699999809265137
nan,nan,nan,nan,38.92060948573289,nan,0.7342450022697449,8.699999809265137
nan,nan,nan,nan,nan,nan,0.3994598984718323,7.809999942779541
nan,nan,nan,nan,nan,nan,0.3994598984718323,7.809999942779541
nan,nan,nan,nan,nan,nan,0.3994598984718323,7.809999942779541
nan,nan,nan,nan,nan,nan,0.3994598984718323,7.809999942779541
nan,nan,nan,nan,nan,nan,0.3994598984718323,7.809999942779541
nan,nan,nan,nan,8.691114972005794,nan,0.6807729601860046,8.489999771118164
nan,nan,nan,nan,8.299130919373843,nan,0.6807729601860046,8.489999771118164
nan,nan,nan,nan,118.91786838004634,nan,0.6807729601860046,8.489999771118164
nan,nan,nan,nan,20.855981759688536,nan,0.6807729601860046,8.489999771118164
nan,nan,nan,nan,46.80620042543207,nan,0.6807729601860046,8.489999771118164
nan,nan,nan,nan,nan,nan,0.9597311019897461,8.350000381469727
nan,nan,nan,nan,nan,nan,0.9597311019897461,8.350000381469727
nan,nan,nan,nan,nan,nan,0.9597311019897461,8.350000381469727
nan,nan,nan,nan,nan,nan,0.9597311019897461,8.350000381469727
nan,nan,nan,nan,nan,nan,0.9597311019897461,8.350000381469727
nan,nan,nan,nan,nan,nan,0.5773856043815613,8.9399995803833
nan,nan,nan,nan,4.9865523103470855,1.550908849966723,0.5773856043815613,8.9399995803833
nan,nan,nan,nan,129.0232878614766,41.78457231062387,0.5773856043815613,8.9399995803833
nan,nan,nan,nan,nan,nan,0.5773856043815613,8.9399995803833
nan,nan,nan,nan,nan,nan,0.5773856043815613,8.9399995803833
nan,nan,nan,nan,nan,nan,0.9478104114532471,8.670000076293945
nan,nan,nan,nan,nan,nan,0.9478104114532471,8.670000076293945
nan,nan,nan,nan,nan,nan,0.9478104114532471,8.670000076293945
nan,nan,nan,nan,nan,nan,0.9478104114532471,8.670000076293945
nan,nan,nan,nan,nan,nan,0.9478104114532471,8.670000076293945
nan,nan,-0.7649673472572064,0.30869266419255487,68.40479190869151,nan,0.7619494199752808,7.690000057220459
nan,nan,-0.7649673472572064,0.30869266419255487,4.796851250719181,nan,0.7619494199752808,7.690000057220459
nan,nan,-0.7649673472572064,0.30869266419255487,84.90565377161563,nan,0.7619494199752808,7.690000057220459
nan,nan,-0.7649673472572064,0.30869266419255487,21.744189198102443,nan,0.7619494199752808,7.690000057220459
nan,nan,-0.7649673472572064,0.30869266419255487,78.1848600841741,nan,0.7619494199752808,7.690000057220459
nan,nan,0.25548243295658285,0.11194171913362341,50.25312885209471,nan,0.8279222249984741,7.920000076293945
nan,nan,0.25548243295658285,0.11194171913362341,21.977457190070083,nan,0.8279222249984741,7.920000076293945
nan,nan,0.25548243295658285,0.11194171913362341,nan,nan,0.8279222249984741,7.920000076293945
nan,nan,0.25548243295658285,0.11194171913362341,1.6983517214111268,nan,0.8279222249984741,7.920000076293945
nan,nan,0.25548243295658285,0.11194171913362341,538.7398355178252,nan,0.8279222249984741,7.920000076293945
nan,nan,nan,nan,nan,nan,0.11319800466299057,6.900000095367432
nan,nan,nan,nan,nan,nan,0.11319800466299057,6.900000095367432
nan,nan,nan,nan,nan,nan,0.11319800466299057,6.900000095367432
nan,nan,nan,nan,nan,nan,0.11319800466299057,6.900000095367432
nan,nan,nan,nan,nan,nan,0.11319800466299057,6.900000095367432
nan,nan,nan,nan,nan,nan,1.4890762567520142,9.270000457763672
nan,nan,nan,nan,nan,nan,1.4890762567520142,9.270000457763672
nan,nan,nan,nan,nan,nan,1.4890762567520142,9.270000457763672
nan,nan,nan,nan,nan,nan,1.4890762567520142,9.270000457763672
nan,nan,nan,nan,nan,nan,1.4890762567520142,9.270000457763672
nan,nan,nan,nan,nan,nan,0.3628556430339813,7.610000133514404
nan,nan,nan,nan,nan,nan,0.3628556430339813,7.610000133514404
nan,nan,nan,nan,64.27092065666446,nan,0.3628556430339813,7.610000133514404
nan,nan,nan,nan,8.97565278834897,nan,0.3628556430339813,7.610000133514404
nan,nan,nan,nan,42.58956574611777,nan,0.3628556430339813,7.610000133514404
nan,nan,nan,nan,nan,nan,1.1719081401824951,8.359999656677246
nan,nan,nan,nan,nan,nan,1.1719081401824951,8.359999656677246
nan,nan,nan,nan,nan,nan,1.1719081401824951,8.359999656677246
nan,nan,nan,nan,nan,nan,1.1719081401824951,8.359999656677246
nan,nan,nan,nan,nan,nan,1.1719081401824951,8.359999656677246
nan,nan,nan,nan,nan,nan,3.0854713916778564,9.119999885559082
nan,nan,nan,nan,nan,nan,3.0854713916778564,9.119999885559082
nan,nan,nan,nan,nan,nan,3.0854713916778564,9.119999885559082
nan,nan,nan,nan,nan,nan,3.0854713916778564,9.119999885559082
nan,nan,nan,nan,nan,nan,3.0854713916778564,9.119999885559082
nan,nan,nan,nan,nan,nan,1.0154823064804077,9.239999771118164
nan,nan,nan,nan,nan,nan,1.0154823064804077,9.239999771118164
nan,nan,nan,nan,nan,nan,1.0154823064804077,9.239999771118164
nan,nan,nan,nan,nan,nan,1.0154823064804077,9.239999771118164
nan,nan,nan,nan,nan,nan,1.0154823064804077,9.239999771118164
nan,nan,nan,nan,nan,nan,4.760867118835449,9.0600004196167
nan,nan,nan,nan,nan,nan,4.760867118835449,9.0600004196167
nan,nan,nan,nan,nan,nan,4.760867118835449,9.0600004196167
nan,nan,nan,nan,nan,nan,4.760867118835449,9.0600004196167
nan,nan,nan,nan,nan,nan,4.760867118835449,9.0600004196167
nan,nan,nan,nan,nan,nan,0.5772884488105774,10.220000267028809
nan,nan,nan,nan,nan,nan,0.5772884488105774,10.220000267028809
nan,nan,nan,nan,nan,nan,0.5772884488105774,10.220000267028809
nan,nan,nan,nan,nan,nan,0.5772884488105774,10.220000267028809
nan,nan,nan,nan,nan,nan,0.5772884488105774,10.220000267028809
nan,nan,nan,nan,nan,nan,3.657175302505493,9.34000015258789
nan,nan,nan,nan,nan,nan,3.657175302505493,9.34000015258789
nan,nan,nan,nan,nan,nan,3.657175302505493,9.34000015258789
nan,nan,nan,nan,nan,nan,3.657175302505493,9.34000015258789
nan,nan,nan,nan,nan,nan,3.657175302505493,9.34000015258789
nan,nan,nan,nan,nan,nan,0.7309519052505493,9.40999984741211
nan,nan,nan,nan,nan,nan,0.7309519052505493,9.40999984741211
nan,nan,nan,nan,nan,nan,0.7309519052505493,9.40999984741211
nan,nan,nan,nan,nan,nan,0.7309519052505493,9.40999984741211
nan,nan,nan,nan,nan,nan,0.7309519052505493,9.40999984741211
0.8361834175478238,0.05652164567797207,-0.42385718758771945,0.05459397737386689,1.7189370627147678,1.2738349767668988,0.5760900378227234,10.149999618530273
0.8361834175478238,0.05652164567797207,-0.42385718758771945,0.05459397737386689,125.39959766777083,86.30106773664771,0.5760900378227234,10.149999618530273
0.8361834175478238,0.05652164567797207,-0.42385718758771945,0.05459397737386689,57.201752578775135,40.986882387013544,0.5760900378227234,10.149999618530273
0.8361834175478238,0.05652164567797207,-0.42385718758771945,0.05459397737386689,28.728116297995765,22.417205984479175,0.5760900378227234,10.149999618530273
0.8361834175478238,0.05652164567797207,-0.42385718758771945,0.05459397737386689,227.17460404539784,179.8573457570327,0.5760900378227234,10.149999618530273
nan,nan,0.33793563221464407,0.13053279070770016,nan,nan,0.33064061403274536,7.789999961853027
nan,nan,0.33793563221464407,0.13053279070770016,9.971264422959733,nan,0.33064061403274536,7.789999961853027
nan,nan,0.33793563221464407,0.13053279070770016,555.0220094180198,nan,0.33064061403274536,7.789999961853027
nan,nan,0.33793563221464407,0.13053279070770016,176.28969844019983,nan,0.33064061403274536,7.789999961853027
nan,nan,0.33793563221464407,0.13053279070770016,25.677841716241495,nan,0.33064061403274536,7.789999961853027
nan,nan,nan,nan,nan,nan,4.533392906188965,9.800000190734863
nan,nan,nan,nan,nan,nan,4.533392906188965,9.800000190734863
nan,nan,nan,nan,nan,nan,4.533392906188965,9.800000190734863
nan,nan,nan,nan,nan,nan,4.533392906188965,9.800000190734863
nan,nan,nan,nan,nan,nan,4.533392906188965,9.800000190734863
nan,nan,nan,nan,69.61432653832371,18.116099234728235,0.6714920997619629,8.239999771118164
nan,nan,nan,nan,8.957335183605734,2.3926020539900277,0.6714920997619629,8.239999771118164
nan,nan,nan,nan,55.427844097149546,14.713549186431297,0.6714920997619629,8.239999771118164
nan,nan,nan,nan,4.236829412049425,1.1561967699800988,0.6714920997619629,8.239999771118164
nan,nan,nan,nan,20.5032259693233,5.429414332909993,0.6714920997619629,8.239999771118164
nan,nan,nan,nan,nan,nan,4.865782737731934,7.489999771118164
nan,nan,nan,nan,nan,nan,4.865782737731934,7.489999771118164
nan,nan,nan,nan,nan,nan,4.865782737731934,7.489999771118164
nan,nan,nan,nan,nan,nan,4.865782737731934,7.489999771118164
nan,nan,nan,nan,nan,nan,4.865782737731934,7.489999771118164
nan,nan,nan,nan,nan,nan,3.0660130977630615,9.119999885559082
nan,nan,nan,nan,nan,nan,3.0660130977630615,9.119999885559082
nan,nan,nan,nan,nan,nan,3.0660130977630615,9.119999885559082
nan,nan,nan,nan,nan,nan,3.0660130977630615,9.119999885559082
nan,nan,nan,nan,nan,nan,3.0660130977630615,9.119999885559082
nan,nan,nan,nan,nan,nan,0.6690351366996765,8.770000457763672
nan,nan,nan,nan,nan,nan,0.6690351366996765,8.770000457763672
nan,nan,nan,nan,nan,nan,0.6690351366996765,8.770000457763672
nan,nan,nan,nan,nan,nan,0.6690351366996765,8.770000457763672
nan,nan,nan,nan,nan,nan,0.6690351366996765,8.770000457763672
nan,nan,nan,nan,nan,nan,1.42327082157135,9.8100004196167
nan,nan,nan,nan,nan,nan,1.42327082157135,9.8100004196167
nan,nan,nan,nan,nan,nan,1.42327082157135,9.8100004196167
nan,nan,nan,nan,nan,nan,1.42327082157135,9.8100004196167
nan,nan,nan,nan,nan,nan,1.42327082157135,9.8100004196167
0.44644417788955343,0.03801161165882736,-0.6349952354075702,0.07276710682031348,9.166343066009139,26.223192401147198,0.6681190133094788,10.569999694824219
0.44644417788955343,0.03801161165882736,-0.6349952354075702,0.07276710682031348,0.3919972022049269,1.100199999101323,0.6681190133094788,10.569999694824219
0.44644417788955343,0.03801161165882736,-0.6349952354075702,0.07276710682031348,nan,nan,0.6681190133094788,10.569999694824219
0.44644417788955343,0.03801161165882736,-0.6349952354075702,0.07276710682031348,11.593273612973634,31.735454119713058,0.6681190133094788,10.569999694824219
0.44644417788955343,0.03801161165882736,-0.6349952354075702,0.07276710682031348,247.39132250691162,715.983096016728,0.6681190133094788,10.569999694824219
nan,nan,nan,nan,13.89571577305993,nan,0.7685486674308777,8.289999961853027
nan,nan,nan,nan,36.40007080901944,nan,0.7685486674308777,8.289999961853027
nan,nan,nan,nan,9.914835723689446,nan,0.7685486674308777,8.289999961853027
nan,nan,nan,nan,4.840044495872325,nan,0.7685486674308777,8.289999961853027
nan,nan,nan,nan,7.866645843766773,nan,0.7685486674308777,8.289999961853027
nan,nan,nan,nan,nan,4.41359183960392,0.5756663084030151,9.010000228881836
nan,nan,nan,nan,nan,nan,0.5756663084030151,9.010000228881836
nan,nan,nan,nan,nan,0.46685905318326626,0.5756663084030151,9.010000228881836
nan,nan,nan,nan,nan,10.56873300084045,0.5756663084030151,9.010000228881836
nan,nan,nan,nan,nan,5.627563245144958,0.5756663084030151,9.010000228881836
nan,nan,nan,nan,nan,nan,1.30532705783844,9.270000457763672
nan,nan,nan,nan,nan,nan,1.30532705783844,9.270000457763672
nan,nan,nan,nan,nan,nan,1.30532705783844,9.270000457763672
nan,nan,nan,nan,nan,nan,1.30532705783844,9.270000457763672
nan,nan,nan,nan,nan,nan,1.30532705783844,9.270000457763672
nan,nan,nan,nan,nan,nan,0.2315279245376587,7.03000020980835
nan,nan,nan,nan,nan,nan,0.2315279245376587,7.03000020980835
nan,nan,nan,nan,nan,nan,0.2315279245376587,7.03000020980835
nan,nan,nan,nan,nan,nan,0.2315279245376587,7.03000020980835
nan,nan,nan,nan,nan,nan,0.2315279245376587,7.03000020980835
nan,nan,nan,nan,nan,nan,5.784663677215576,9.720000267028809
nan,nan,nan,nan,nan,nan,5.784663677215576,9.720000267028809
nan,nan,nan,nan,nan,nan,5.784663677215576,9.720000267028809
nan,nan,nan,nan,nan,nan,5.784663677215576,9.720000267028809
nan,nan,nan,nan,nan,nan,5.784663677215576,9.720000267028809
0.5985877138919939,0.06405192742176083,-0.41457395696805116,0.1475234101738005,134.36212119351953,319.74771041462805,0.7627275586128235,9.640000343322754
0.5985877138919939,0.06405192742176083,-0.41457395696805116,0.1475234101738005,60.17526177014838,149.9215221140259,0.7627275586128235,9.640000343322754
0.5985877138919939,0.06405192742176083,-0.41457395696805116,0.1475234101738005,1.2566197064804405,3.2301263818162944,0.7627275586128235,9.640000343322754
0.5985877138919939,0.06405192742176083,-0.41457395696805116,0.1475234101738005,1739.2536167608273,6915.12793279787,0.7627275586128235,9.640000343322754
0.5985877138919939,0.06405192742176083,-0.41457395696805116,0.1475234101738005,116.36293756987949,284.22183636097355,0.7627275586128235,9.640000343322754
nan,nan,nan,nan,11.696945723520304,5.9645217978423,0.3833167850971222,7.03000020980835
nan,nan,nan,nan,23.80377455052305,11.907427930179454,0.3833167850971222,7.03000020980835
nan,nan,nan,nan,nan,nan,0.3833167850971222,7.03000020980835
nan,nan,nan,nan,7.87149346969426,3.9701312688921035,0.3833167850971222,7.03000020980835
nan,nan,nan,nan,47.53544304199765,24.323253223499773,0.3833167850971222,7.03000020980835
nan,nan,nan,nan,nan,nan,1.0978626012802124,8.569999694824219
nan,nan,nan,nan,nan,nan,1.0978626012802124,8.569999694824219
nan,nan,nan,nan,nan,nan,1.0978626012802124,8.569999694824219
nan,nan,nan,nan,nan,nan,1.0978626012802124,8.569999694824219
nan,nan,nan,nan,nan,nan,1.0978626012802124,8.569999694824219
nan,nan,nan,nan,nan,nan,1.3810837268829346,10.90999984741211
nan,nan,nan,nan,nan,nan,1.3810837268829346,10.90999984741211
nan,nan,nan,nan,nan,nan,1.3810837268829346,10.90999984741211
nan,nan,nan,nan,nan,nan,1.3810837268829346,10.90999984741211
nan,nan,nan,nan,nan,nan,1.3810837268829346,10.90999984741211
nan,nan,nan,nan,10.198670951795487,nan,0.36671292781829834,8.079999923706055
nan,nan,nan,nan,3.3569443600740994,nan,0.36671292781829834,8.079999923706055
nan,nan,nan,nan,16.11584826766772,nan,0.36671292781829834,8.079999923706055
nan,nan,nan,nan,11.771742431575321,nan,0.36671292781829834,8.079999923706055
nan,nan,nan,nan,15.749924684720273,nan,0.36671292781829834,8.079999923706055
nan,nan,nan,nan,80.50522058910933,21.309337442710728,0.670577883720398,8.850000381469727
nan,nan,nan,nan,7.412735174682029,2.0116585900307915,0.670577883720398,8.850000381469727
nan,nan,nan,nan,2240.3074365194525,664.9154090739614,0.670577883720398,8.850000381469727
nan,nan,nan,nan,63.98808918162646,17.19724010001286,0.670577883720398,8.850000381469727
nan,nan,nan,nan,39.28977108122549,10.78647186430154,0.670577883720398,8.850000381469727
nan,nan,nan,nan,nan,nan,3.7265753746032715,8.539999961853027
nan,nan,nan,nan,nan,nan,3.7265753746032715,8.539999961853027
nan,nan,nan,nan,nan,nan,3.7265753746032715,8.539999961853027
nan,nan,nan,nan,nan,nan,3.7265753746032715,8.539999961853027
nan,nan,nan,nan,nan,nan,3.7265753746032715,8.539999961853027
0.9191092343821297,0.03779875673560257,0.47085850365298443,0.030658074455561277,4060.259928429913,738.3187871353852,0.5447445511817932,8.270000457763672
0.9191092343821297,0.03779875673560257,0.47085850365298443,0.030658074455561277,206.5231953119688,41.97246920313574,0.5447445511817932,8.270000457763672
0.9191092343821297,0.03779875673560257,0.47085850365298443,0.030658074455561277,28.957497144810823,6.6572448579997685,0.5447445511817932,8.270000457763672
0.9191092343821297,0.03779875673560257,0.47085850365298443,0.030658074455561277,18.349504819147,3.7309189502648996,0.5447445511817932,8.270000457763672
0.9191092343821297,0.03779875673560257,0.47085850365298443,0.030658074455561277,97.00610852851027,20.167529962537927,0.5447445511817932,8.270000457763672
nan,nan,nan,nan,nan,nan,3.553267002105713,8.40999984741211
nan,nan,nan,nan,nan,nan,3.553267002105713,8.40999984741211
nan,nan,nan,nan,nan,nan,3.553267002105713,8.40999984741211
nan,nan,nan,nan,nan,nan,3.553267002105713,8.40999984741211
nan,nan,nan,nan,nan,nan,3.553267002105713,8.40999984741211
nan,nan,nan,nan,12.509434394036806,nan,0.5358874797821045,8.010000228881836
nan,nan,nan,nan,41.32401072747349,nan,0.5358874797821045,8.010000228881836
nan,nan,nan,nan,9.585719099522082,nan,0.5358874797821045,8.010000228881836
nan,nan,nan,nan,9.444435178134944,nan,0.5358874797821045,8.010000228881836
nan,nan,nan,nan,2.949258882142338,nan,0.5358874797821045,8.010000228881836
nan,nan,nan,nan,8.735726795350171,4.3473891573026116,0.7379649877548218,9.640000343322754
nan,nan,nan,nan,64.30906665400158,30.68584039031452,0.7379649877548218,9.640000343322754
nan,nan,nan,nan,nan,nan,0.7379649877548218,9.640000343322754
nan,nan,nan,nan,20.05984832259871,9.948068524107478,0.7379649877548218,9.640000343322754
nan,nan,nan,nan,2.6136529717162973,1.278387551765692,0.7379649877548218,9.640000343322754
nan,nan,nan,nan,208.8430632021769,199.82488473999618,0.363185316324234,9.550000190734863
nan,nan,nan,nan,nan,nan,0.363185316324234,9.550000190734863
nan,nan,nan,nan,112.32798711086882,108.42879144492754,0.363185316324234,9.550000190734863
nan,nan,nan,nan,nan,nan,0.363185316324234,9.550000190734863
nan,nan,nan,nan,0.805851173297674,0.7675393089259158,0.363185316324234,9.550000190734863
nan,nan,nan,nan,nan,nan,1.2445744276046753,9.380000114440918
nan,nan,nan,nan,nan,nan,1.2445744276046753,9.380000114440918
nan,nan,nan,nan,nan,nan,1.2445744276046753,9.380000114440918
nan,nan,nan,nan,nan,nan,1.2445744276046753,9.380000114440918
nan,nan,nan,nan,nan,nan,1.2445744276046753,9.380000114440918
nan,nan,nan,nan,nan,nan,1.3799117803573608,9.970000267028809
nan,nan,nan,nan,nan,nan,1.3799117803573608,9.970000267028809
nan,nan,nan,nan,nan,nan,1.3799117803573608,9.970000267028809
nan,nan,nan,nan,nan,nan,1.3799117803573608,9.970000267028809
nan,nan,nan,nan,nan,nan,1.3799117803573608,9.970000267028809
nan,nan,nan,nan,nan,nan,1.1202062368392944,7.460000038146973
nan,nan,nan,nan,nan,nan,1.1202062368392944,7.460000038146973
nan,nan,nan,nan,nan,nan,1.1202062368392944,7.460000038146973
nan,nan,nan,nan,nan,nan,1.1202062368392944,7.460000038146973
nan,nan,nan,nan,nan,nan,1.1202062368392944,7.460000038146973
nan,nan,nan,nan,nan,nan,1.1871531009674072,8.609999656677246
nan,nan,nan,nan,nan,nan,1.1871531009674072,8.609999656677246
nan,nan,nan,nan,nan,nan,1.1871531009674072,8.609999656677246
nan,nan,nan,nan,nan,nan,1.1871531009674072,8.609999656677246
nan,nan,nan,nan,nan,nan,1.1871531009674072,8.609999656677246
nan,nan,nan,nan,3.970792533276857,1.7985335017958528,0.6704378724098206,8.75
nan,nan,nan,nan,41.80693892922475,18.850003851845045,0.6704378724098206,8.75
nan,nan,nan,nan,2.7370182002943997,1.309071011366437,0.6704378724098206,8.75
nan,nan,nan,nan,nan,nan,0.6704378724098206,8.75
nan,nan,nan,nan,4.145759344099182,1.9545509717384388,0.6704378724098206,8.75
nan,nan,nan,nan,nan,nan,0.21434758603572845,7.769999980926514
nan,nan,nan,nan,nan,nan,0.21434758603572845,7.769999980926514
nan,nan,nan,nan,nan,nan,0.21434758603572845,7.769999980926514
nan,nan,nan,nan,nan,nan,0.21434758603572845,7.769999980926514
nan,nan,nan,nan,nan,nan,0.21434758603572845,7.769999980926514
nan,nan,nan,nan,nan,nan,1.2180575132369995,9.550000190734863
nan,nan,nan,nan,nan,nan,1.2180575132369995,9.550000190734863
nan,nan,nan,nan,nan,nan,1.2180575132369995,9.550000190734863
nan,nan,nan,nan,nan,nan,1.2180575132369995,9.550000190734863
nan,nan,nan,nan,nan,nan,1.2180575132369995,9.550000190734863
nan,nan,nan,nan,nan,nan,0.6687629222869873,10.6899995803833
nan,nan,nan,nan,nan,nan,0.6687629222869873,10.6899995803833
nan,nan,nan,nan,nan,nan,0.6687629222869873,10.6899995803833
nan,nan,nan,nan,nan,nan,0.6687629222869873,10.6899995803833
nan,nan,nan,nan,nan,nan,0.6687629222869873,10.6899995803833
nan,nan,nan,nan,nan,nan,3.577115774154663,8.34000015258789
nan,nan,nan,nan,nan,nan,3.577115774154663,8.34000015258789
nan,nan,nan,nan,nan,nan,3.577115774154663,8.34000015258789
nan,nan,nan,nan,nan,nan,3.577115774154663,8.34000015258789
nan,nan,nan,nan,nan,nan,3.577115774154663,8.34000015258789
nan,nan,nan,nan,nan,nan,4.139880657196045,9.550000190734863
nan,nan,nan,nan,nan,nan,4.139880657196045,9.550000190734863
nan,nan,nan,nan,nan,nan,4.139880657196045,9.550000190734863
nan,nan,nan,nan,nan,nan,4.139880657196045,9.550000190734863
nan,nan,nan,nan,nan,nan,4.139880657196045,9.550000190734863
1.1899983915245176,0.2329864669180542,-0.3166840367080665,0.11406712411573221,39.80900803796728,10.01454881048927,0.3638169765472412,8.630000114440918
1.1899983915245176,0.2329864669180542,-0.3166840367080665,0.11406712411573221,nan,nan,0.3638169765472412,8.630000114440918
1.1899983915245176,0.2329864669180542,-0.3166840367080665,0.11406712411573221,55.1848935493738,14.765449351869975,0.3638169765472412,8.630000114440918
1.1899983915245176,0.2329864669180542,-0.3166840367080665,0.11406712411573221,1.4772718613939964,0.3900548829189951,0.3638169765472412,8.630000114440918
1.1899983915245176,0.2329864669180542,-0.3166840367080665,0.11406712411573221,nan,nan,0.3638169765472412,8.630000114440918
nan,nan,nan,nan,nan,nan,1.0439202785491943,9.979999542236328
nan,nan,nan,nan,nan,nan,1.0439202785491943,9.979999542236328
nan,nan,nan,nan,nan,nan,1.0439202785491943,9.979999542236328
nan,nan,nan,nan,nan,nan,1.0439202785491943,9.979999542236328
nan,nan,nan,nan,nan,nan,1.0439202785491943,9.979999542236328
nan,nan,nan,nan,nan,nan,1.0801926851272583,8.9399995803833
nan,nan,nan,nan,nan,nan,1.0801926851272583,8.9399995803833
nan,nan,nan,nan,nan,nan,1.0801926851272583,8.9399995803833
nan,nan,nan,nan,nan,nan,1.0801926851272583,8.9399995803833
nan,nan,nan,nan,nan,nan,1.0801926851272583,8.9399995803833
nan,nan,nan,nan,nan,nan,0.6688846945762634,8.739999771118164
nan,nan,nan,nan,nan,nan,0.6688846945762634,8.739999771118164
nan,nan,nan,nan,nan,nan,0.6688846945762634,8.739999771118164
nan,nan,nan,nan,nan,nan,0.6688846945762634,8.739999771118164
nan,nan,nan,nan,nan,nan,0.6688846945762634,8.739999771118164
nan,nan,nan,nan,nan,nan,0.33261406421661377,8.100000381469727
nan,nan,nan,nan,nan,nan,0.33261406421661377,8.100000381469727
nan,nan,nan,nan,nan,nan,0.33261406421661377,8.100000381469727
nan,nan,nan,nan,nan,nan,0.33261406421661377,8.100000381469727
nan,nan,nan,nan,nan,nan,0.33261406421661377,8.100000381469727
nan,nan,nan,nan,nan,nan,1.128726840019226,8.979999542236328
nan,nan,nan,nan,nan,nan,1.128726840019226,8.979999542236328
nan,nan,nan,nan,nan,nan,1.128726840019226,8.979999542236328
nan,nan,nan,nan,nan,nan,1.128726840019226,8.979999542236328
nan,nan,nan,nan,nan,nan,1.128726840019226,8.979999542236328
nan,nan,nan,nan,nan,nan,2.97021222114563,8.600000381469727
nan,nan,nan,nan,nan,nan,2.97021222114563,8.600000381469727
nan,nan,nan,nan,nan,nan,2.97021222114563,8.600000381469727
nan,nan,nan,nan,nan,nan,2.97021222114563,8.600000381469727
nan,nan,nan,nan,nan,nan,2.97021222114563,8.600000381469727
nan,nan,nan,nan,3.132419431835149,nan,0.6783221364021301,8.699999809265137
nan,nan,nan,nan,nan,nan,0.6783221364021301,8.699999809265137
nan,nan,nan,nan,nan,nan,0.6783221364021301,8.699999809265137
nan,nan,nan,nan,2.2480391732707212,nan,0.6783221364021301,8.699999809265137
nan,nan,nan,nan,4.66535478119294,nan,0.6783221364021301,8.699999809265137
nan,nan,nan,nan,nan,nan,0.7317675948143005,8.359999656677246
nan,nan,nan,nan,nan,nan,0.7317675948143005,8.359999656677246
nan,nan,nan,nan,nan,nan,0.7317675948143005,8.359999656677246
nan,nan,nan,nan,nan,nan,0.7317675948143005,8.359999656677246
nan,nan,nan,nan,nan,nan,0.7317675948143005,8.359999656677246
nan,nan,nan,nan,nan,nan,0.7052280306816101,7.420000076293945
nan,nan,nan,nan,81.4003364427459,nan,0.7052280306816101,7.420000076293945
nan,nan,nan,nan,75.56459335989683,nan,0.7052280306816101,7.420000076293945
nan,nan,nan,nan,25.57870429871128,nan,0.7052280306816101,7.420000076293945
nan,nan,nan,nan,193.67119385543356,nan,0.7052280306816101,7.420000076293945
nan,nan,nan,nan,nan,nan,1.1780356168746948,8.630000114440918
nan,nan,nan,nan,nan,nan,1.1780356168746948,8.630000114440918
nan,nan,nan,nan,nan,nan,1.1780356168746948,8.630000114440918
nan,nan,nan,nan,nan,nan,1.1780356168746948,8.630000114440918
nan,nan,nan,nan,nan,nan,1.1780356168746948,8.630000114440918
nan,nan,nan,nan,nan,nan,1.4154645204544067,9.020000457763672
nan,nan,nan,nan,nan,nan,1.4154645204544067,9.020000457763672
nan,nan,nan,nan,nan,nan,1.4154645204544067,9.020000457763672
nan,nan,nan,nan,nan,nan,1.4154645204544067,9.020000457763672
nan,nan,nan,nan,nan,nan,1.4154645204544067,9.020000457763672
nan,nan,nan,nan,34.53256736167348,nan,0.8129897713661194,8.890000343322754
nan,nan,nan,nan,109.34620253057165,nan,0.8129897713661194,8.890000343322754
nan,nan,nan,nan,nan,nan,0.8129897713661194,8.890000343322754
nan,nan,nan,nan,7.008063984859587,nan,0.8129897713661194,8.890000343322754
nan,nan,nan,nan,43.58850928102361,nan,0.8129897713661194,8.890000343322754
nan,nan,nan,nan,nan,nan,1.4380683898925781,9.420000076293945
nan,nan,nan,nan,nan,nan,1.4380683898925781,9.420000076293945
nan,nan,nan,nan,nan,nan,1.4380683898925781,9.420000076293945
nan,nan,nan,nan,nan,nan,1.4380683898925781,9.420000076293945
nan,nan,nan,nan,nan,nan,1.4380683898925781,9.420000076293945
nan,nan,nan,nan,52.26981111880153,nan,0.6044660210609436,7.139999866485596
nan,nan,nan,nan,26.666020677548094,nan,0.6044660210609436,7.139999866485596
nan,nan,nan,nan,nan,nan,0.6044660210609436,7.139999866485596
nan,nan,nan,nan,0.1460104743612995,nan,0.6044660210609436,7.139999866485596
nan,nan,nan,nan,61.980196491054166,nan,0.6044660210609436,7.139999866485596
nan,nan,nan,nan,nan,nan,0.5766335725784302,10.25
nan,nan,nan,nan,nan,nan,0.5766335725784302,10.25
nan,nan,nan,nan,nan,nan,0.5766335725784302,10.25
nan,nan,nan,nan,nan,nan,0.5766335725784302,10.25
nan,nan,nan,nan,nan,nan,0.5766335725784302,10.25
nan,nan,nan,nan,nan,nan,0.6694839000701904,10.75
nan,nan,nan,nan,5.640366906750559,nan,0.6694839000701904,10.75
nan,nan,nan,nan,46.04309960791285,nan,0.6694839000701904,10.75
nan,nan,nan,nan,0.13326795028528501,nan,0.6694839000701904,10.75
nan,nan,nan,nan,14.109465674416832,nan,0.6694839000701904,10.75
nan,nan,nan,nan,nan,nan,1.3797651529312134,10.699999809265137
nan,nan,nan,nan,nan,nan,1.3797651529312134,10.699999809265137
nan,nan,nan,nan,nan,nan,1.3797651529312134,10.699999809265137
nan,nan,nan,nan,nan,nan,1.3797651529312134,10.699999809265137
nan,nan,nan,nan,nan,nan,1.3797651529312134,10.699999809265137
nan,nan,nan,nan,nan,nan,0.576887845993042,10.25
nan,nan,nan,nan,nan,nan,0.576887845993042,10.25
nan,nan,nan,nan,nan,nan,0.576887845993042,10.25
nan,nan,nan,nan,nan,nan,0.576887845993042,10.25
nan,nan,nan,nan,nan,nan,0.576887845993042,10.25
nan,nan,nan,nan,nan,2.9314253600438573,0.7513731718063354,8.239999771118164
nan,nan,nan,nan,nan,0.03561843600295993,0.7513731718063354,8.239999771118164
nan,nan,nan,nan,nan,13.471592310153659,0.7513731718063354,8.239999771118164
nan,nan,nan,nan,nan,2.791440976459738,0.7513731718063354,8.239999771118164
nan,nan,nan,nan,nan,6.851341589677151,0.7513731718063354,8.239999771118164
nan,nan,nan,nan,nan,35.780762820365084,0.8140808939933777,9.890000343322754
nan,nan,nan,nan,nan,nan,0.8140808939933777,9.890000343322754
nan,nan,nan,nan,nan,4.430741304201281,0.8140808939933777,9.890000343322754
nan,nan,nan,nan,nan,0.5842239739359476,0.8140808939933777,9.890000343322754
nan,nan,nan,nan,nan,0.318037604921889,0.8140808939933777,9.890000343322754
nan,nan,nan,nan,3.6303009118282703,2.5334945660960964,0.6659201979637146,9.0600004196167
nan,nan,nan,nan,1.8056895626748233,1.2709832804733372,0.6659201979637146,9.0600004196167
nan,nan,nan,nan,5.306429013117079,3.7886030995393347,0.6659201979637146,9.0600004196167
nan,nan,nan,nan,41.52537703550671,29.105862008409385,0.6659201979637146,9.0600004196167
nan,nan,nan,nan,nan,nan,0.6659201979637146,9.0600004196167
nan,nan,nan,nan,nan,nan,0.6040148138999939,8.069999694824219
nan,nan,nan,nan,nan,nan,0.6040148138999939,8.069999694824219
nan,nan,nan,nan,14.439083702407325,nan,0.6040148138999939,8.069999694824219
nan,nan,nan,nan,0.40665040119677753,nan,0.6040148138999939,8.069999694824219
nan,nan,nan,nan,26.951804476158657,nan,0.6040148138999939,8.069999694824219
nan,nan,nan,nan,nan,nan,1.438118577003479,9.9399995803833
nan,nan,nan,nan,nan,nan,1.438118577003479,9.9399995803833
nan,nan,nan,nan,nan,nan,1.438118577003479,9.9399995803833
nan,nan,nan,nan,nan,nan,1.438118577003479,9.9399995803833
nan,nan,nan,nan,nan,nan,1.438118577003479,9.9399995803833
nan,nan,nan,nan,nan,nan,1.2884713411331177,8.710000038146973
nan,nan,nan,nan,nan,nan,1.2884713411331177,8.710000038146973
nan,nan,nan,nan,nan,nan,1.2884713411331177,8.710000038146973
nan,nan,nan,nan,nan,nan,1.2884713411331177,8.710000038146973
nan,nan,nan,nan,nan,nan,1.2884713411331177,8.710000038146973
nan,nan,nan,nan,nan,nan,1.233815312385559,8.979999542236328
nan,nan,nan,nan,nan,nan,1.233815312385559,8.979999542236328
nan,nan,nan,nan,nan,nan,1.233815312385559,8.979999542236328
nan,nan,nan,nan,nan,nan,1.233815312385559,8.979999542236328
nan,nan,nan,nan,nan,nan,1.233815312385559,8.979999542236328
nan,nan,nan,nan,nan,nan,3.0555896759033203,8.829999923706055
nan,nan,nan,nan,nan,nan,3.0555896759033203,8.829999923706055
nan,nan,nan,nan,nan,nan,3.0555896759033203,8.829999923706055
nan,nan,nan,nan,nan,nan,3.0555896759033203,8.829999923706055
nan,nan,nan,nan,nan,nan,3.0555896759033203,8.829999923706055
nan,nan,nan,nan,nan,nan,3.9417924880981445,8.020000457763672
nan,nan,nan,nan,nan,nan,3.9417924880981445,8.020000457763672
nan,nan,nan,nan,nan,nan,3.9417924880981445,8.020000457763672
nan,nan,nan,nan,nan,nan,3.9417924880981445,8.020000457763672
nan,nan,nan,nan,nan,nan,3.9417924880981445,8.020000457763672
nan,nan,nan,nan,87.80475595754213,28.611448178067377,0.4684414267539978,7.559999942779541
nan,nan,nan,nan,20.40697664958796,6.26506127713208,0.4684414267539978,7.559999942779541
nan,nan,nan,nan,nan,nan,0.4684414267539978,7.559999942779541
nan,nan,nan,nan,19.058383068627716,6.004543793363272,0.4684414267539978,7.559999942779541
nan,nan,nan,nan,53.24644245006617,17.282088308248937,0.4684414267539978,7.559999942779541
nan,nan,nan,nan,nan,nan,1.4689371585845947,9.029999732971191
nan,nan,nan,nan,nan,nan,1.4689371585845947,9.029999732971191
nan,nan,nan,nan,nan,nan,1.4689371585845947,9.029999732971191
nan,nan,nan,nan,nan,nan,1.4689371585845947,9.029999732971191
nan,nan,nan,nan,nan,nan,1.4689371585845947,9.029999732971191
nan,nan,nan,nan,nan,nan,4.041709899902344,8.59000015258789
nan,nan,nan,nan,nan,nan,4.041709899902344,8.59000015258789
nan,nan,nan,nan,nan,nan,4.041709899902344,8.59000015258789
nan,nan,nan,nan,nan,nan,4.041709899902344,8.59000015258789
nan,nan,nan,nan,nan,nan,4.041709899902344,8.59000015258789
nan,nan,nan,nan,nan,nan,3.583148717880249,7.769999980926514
nan,nan,nan,nan,nan,nan,3.583148717880249,7.769999980926514
nan,nan,nan,nan,nan,nan,3.583148717880249,7.769999980926514
nan,nan,nan,nan,nan,nan,3.583148717880249,7.769999980926514
nan,nan,nan,nan,nan,nan,3.583148717880249,7.769999980926514
1.027990344363141,0.10402599964700351,-0.49092386953917383,0.05279463741779192,11.543757963180978,5.779765381275005,0.33677226305007935,10.020000457763672
1.027990344363141,0.10402599964700351,-0.49092386953917383,0.05279463741779192,200.8289669474285,112.1566118002676,0.33677226305007935,10.020000457763672
1.027990344363141,0.10402599964700351,-0.49092386953917383,0.05279463741779192,0.39182830048641254,0.19857860242320552,0.33677226305007935,10.020000457763672
1.027990344363141,0.10402599964700351,-0.49092386953917383,0.05279463741779192,66.1016719176264,32.25637739950659,0.33677226305007935,10.020000457763672
1.027990344363141,0.10402599964700351,-0.49092386953917383,0.05279463741779192,86.28098585335597,41.61750144990529,0.33677226305007935,10.020000457763672
nan,nan,nan,nan,nan,nan,1.0172982215881348,8.770000457763672
nan,nan,nan,nan,nan,nan,1.0172982215881348,8.770000457763672
nan,nan,nan,nan,nan,nan,1.0172982215881348,8.770000457763672
nan,nan,nan,nan,nan,nan,1.0172982215881348,8.770000457763672
nan,nan,nan,nan,nan,nan,1.0172982215881348,8.770000457763672
nan,nan,nan,nan,nan,nan,0.7636466026306152,8.329999923706055
nan,nan,nan,nan,nan,nan,0.7636466026306152,8.329999923706055
nan,nan,nan,nan,nan,nan,0.7636466026306152,8.329999923706055
nan,nan,nan,nan,nan,nan,0.7636466026306152,8.329999923706055
nan,nan,nan,nan,nan,nan,0.7636466026306152,8.329999923706055
nan,nan,nan,nan,5.251214967926126,2.705809169671339,0.7367010712623596,8.609999656677246
nan,nan,nan,nan,25.4712608111779,13.52766361493565,0.7367010712623596,8.609999656677246
nan,nan,nan,nan,nan,nan,0.7367010712623596,8.609999656677246
nan,nan,nan,nan,4.911625836061774,2.567557998701449,0.7367010712623596,8.609999656677246
nan,nan,nan,nan,25.680610051571197,13.50214187833203,0.7367010712623596,8.609999656677246
nan,nan,nan,nan,nan,nan,1.0174959897994995,9.329999923706055
nan,nan,nan,nan,nan,nan,1.0174959897994995,9.329999923706055
nan,nan,nan,nan,nan,nan,1.0174959897994995,9.329999923706055
nan,nan,nan,nan,nan,nan,1.0174959897994995,9.329999923706055
nan,nan,nan,nan,nan,nan,1.0174959897994995,9.329999923706055
nan,nan,nan,nan,nan,nan,4.041987419128418,8.149999618530273
nan,nan,nan,nan,nan,nan,4.041987419128418,8.149999618530273
nan,nan,nan,nan,nan,nan,4.041987419128418,8.149999618530273
nan,nan,nan,nan,nan,nan,4.041987419128418,8.149999618530273
nan,nan,nan,nan,nan,nan,4.041987419128418,8.149999618530273
nan,nan,nan,nan,nan,nan,1.1726425886154175,9.539999961853027
nan,nan,nan,nan,nan,nan,1.1726425886154175,9.539999961853027
nan,nan,nan,nan,nan,nan,1.1726425886154175,9.539999961853027
nan,nan,nan,nan,nan,nan,1.1726425886154175,9.539999961853027
nan,nan,nan,nan,nan,nan,1.1726425886154175,9.539999961853027
nan,nan,nan,nan,39.79098933010717,nan,0.737012505531311,8.470000267028809
nan,nan,nan,nan,13.280125018544993,nan,0.737012505531311,8.470000267028809
nan,nan,nan,nan,24.69744724045883,nan,0.737012505531311,8.470000267028809
nan,nan,nan,nan,15.32552804383116,nan,0.737012505531311,8.470000267028809
nan,nan,nan,nan,4.380015295500625,nan,0.737012505531311,8.470000267028809
nan,nan,nan,nan,1.0703741379593228,nan,0.7410983443260193,9.59000015258789
nan,nan,nan,nan,nan,nan,0.7410983443260193,9.59000015258789
nan,nan,nan,nan,0.9599955124086516,nan,0.7410983443260193,9.59000015258789
nan,nan,nan,nan,5.406826637848313,nan,0.7410983443260193,9.59000015258789
nan,nan,nan,nan,46.01528267842158,nan,0.7410983443260193,9.59000015258789
nan,nan,nan,nan,18.174737924944857,nan,0.7366780638694763,9.069999694824219
nan,nan,nan,nan,nan,nan,0.7366780638694763,9.069999694824219
nan,nan,nan,nan,nan,nan,0.7366780638694763,9.069999694824219
nan,nan,nan,nan,14.935915077395656,nan,0.7366780638694763,9.069999694824219
nan,nan,nan,nan,2.0680002399315667,nan,0.7366780638694763,9.069999694824219
nan,nan,nan,nan,nan,nan,0.9975488185882568,8.6899995803833
nan,nan,nan,nan,nan,nan,0.9975488185882568,8.6899995803833
nan,nan,nan,nan,nan,nan,0.9975488185882568,8.6899995803833
nan,nan,nan,nan,nan,nan,0.9975488185882568,8.6899995803833
nan,nan,nan,nan,nan,nan,0.9975488185882568,8.6899995803833
nan,nan,nan,nan,nan,nan,1.4805988073349,8.670000076293945
nan,nan,nan,nan,nan,nan,1.4805988073349,8.670000076293945
nan,nan,nan,nan,nan,nan,1.4805988073349,8.670000076293945
nan,nan,nan,nan,nan,nan,1.4805988073349,8.670000076293945
nan,nan,nan,nan,nan,nan,1.4805988073349,8.670000076293945
0.8803027705989823,0.17247137026942122,-0.1611065920632796,0.06518559875372722,4.550368083366025,1.7404396987795638,0.8400232195854187,9.1899995803833
0.8803027705989823,0.17247137026942122,-0.1611065920632796,0.06518559875372722,96.94537366850632,37.99588898445653,0.8400232195854187,9.1899995803833
0.8803027705989823,0.17247137026942122,-0.1611065920632796,0.06518559875372722,67.88778983588686,26.6411633235455,0.8400232195854187,9.1899995803833
0.8803027705989823,0.17247137026942122,-0.1611065920632796,0.06518559875372722,147.3618582250384,55.40122137056057,0.8400232195854187,9.1899995803833
0.8803027705989823,0.17247137026942122,-0.1611065920632796,0.06518559875372722,106.16570007846093,41.04740682873246,0.8400232195854187,9.1899995803833
nan,nan,nan,nan,nan,nan,0.5761746168136597,8.970000267028809
nan,nan,nan,nan,nan,nan,0.5761746168136597,8.970000267028809
nan,nan,nan,nan,nan,nan,0.5761746168136597,8.970000267028809
nan,nan,nan,nan,nan,nan,0.5761746168136597,8.970000267028809
nan,nan,nan,nan,nan,nan,0.5761746168136597,8.970000267028809
nan,nan,nan,nan,nan,nan,5.8538055419921875,7.78000020980835
nan,nan,nan,nan,nan,nan,5.8538055419921875,7.78000020980835
nan,nan,nan,nan,nan,nan,5.8538055419921875,7.78000020980835
nan,nan,nan,nan,nan,nan,5.8538055419921875,7.78000020980835
nan,nan,nan,nan,nan,nan,5.8538055419921875,7.78000020980835
nan,nan,nan,nan,nan,nan,1.187078833580017,9.34000015258789
nan,nan,nan,nan,nan,nan,1.187078833580017,9.34000015258789
nan,nan,nan,nan,nan,nan,1.187078833580017,9.34000015258789
nan,nan,nan,nan,nan,nan,1.187078833580017,9.34000015258789
nan,nan,nan,nan,nan,nan,1.187078833580017,9.34000015258789
nan,nan,nan,nan,nan,nan,3.522899866104126,9.15999984741211
nan,nan,nan,nan,nan,nan,3.522899866104126,9.15999984741211
nan,nan,nan,nan,nan,nan,3.522899866104126,9.15999984741211
nan,nan,nan,nan,nan,nan,3.522899866104126,9.15999984741211
nan,nan,nan,nan,nan,nan,3.522899866104126,9.15999984741211
nan,nan,nan,nan,68.60273744309627,nan,0.5759251713752747,8.119999885559082
nan,nan,nan,nan,nan,nan,0.5759251713752747,8.119999885559082
nan,nan,nan,nan,69.22083637326251,nan,0.5759251713752747,8.119999885559082
nan,nan,nan,nan,7.980934647634389,nan,0.5759251713752747,8.119999885559082
nan,nan,nan,nan,16.042138094671696,nan,0.5759251713752747,8.119999885559082
nan,nan,nan,nan,nan,nan,1.3041335344314575,9.380000114440918
nan,nan,nan,nan,nan,nan,1.3041335344314575,9.380000114440918
nan,nan,nan,nan,nan,nan,1.3041335344314575,9.380000114440918
nan,nan,nan,nan,nan,nan,1.3041335344314575,9.380000114440918
nan,nan,nan,nan,nan,nan,1.3041335344314575,9.380000114440918
nan,nan,nan,nan,49.64524430731124,13.89299373601322,0.24716264009475708,10.170000076293945
nan,nan,nan,nan,0.1873475230976072,0.057508272309417297,0.24716264009475708,10.170000076293945
nan,nan,nan,nan,26.004038759815725,8.22262744784634,0.24716264009475708,10.170000076293945
nan,nan,nan,nan,95.6341506236639,27.79568097176898,0.24716264009475708,10.170000076293945
nan,nan,nan,nan,nan,nan,0.24716264009475708,10.170000076293945
nan,nan,nan,nan,nan,nan,1.03708815574646,9.270000457763672
nan,nan,nan,nan,nan,nan,1.03708815574646,9.270000457763672
nan,nan,nan,nan,nan,nan,1.03708815574646,9.270000457763672
nan,nan,nan,nan,nan,nan,1.03708815574646,9.270000457763672
nan,nan,nan,nan,nan,nan,1.03708815574646,9.270000457763672
nan,nan,nan,nan,nan,nan,0.9629292488098145,9.0600004196167
nan,nan,nan,nan,nan,nan,0.9629292488098145,9.0600004196167
nan,nan,nan,nan,nan,nan,0.9629292488098145,9.0600004196167
nan,nan,nan,nan,nan,nan,0.9629292488098145,9.0600004196167
nan,nan,nan,nan,nan,nan,0.9629292488098145,9.0600004196167
nan,nan,nan,nan,nan,nan,0.1237579733133316,5.929999828338623
nan,nan,nan,nan,nan,nan,0.1237579733133316,5.929999828338623
nan,nan,nan,nan,nan,nan,0.1237579733133316,5.929999828338623
nan,nan,nan,nan,nan,nan,0.1237579733133316,5.929999828338623
nan,nan,nan,nan,nan,nan,0.1237579733133316,5.929999828338623
nan,nan,nan,nan,nan,nan,1.2198716402053833,10.800000190734863
nan,nan,nan,nan,nan,nan,1.2198716402053833,10.800000190734863
nan,nan,nan,nan,nan,nan,1.2198716402053833,10.800000190734863
nan,nan,nan,nan,nan,nan,1.2198716402053833,10.800000190734863
nan,nan,nan,nan,nan,nan,1.2198716402053833,10.800000190734863
nan,nan,nan,nan,nan,nan,4.789148807525635,8.029999732971191
nan,nan,nan,nan,nan,nan,4.789148807525635,8.029999732971191
nan,nan,nan,nan,nan,nan,4.789148807525635,8.029999732971191
nan,nan,nan,nan,nan,nan,4.789148807525635,8.029999732971191
nan,nan,nan,nan,nan,nan,4.789148807525635,8.029999732971191
nan,nan,nan,nan,nan,nan,1.3592681884765625,8.779999732971191
nan,nan,nan,nan,nan,nan,1.3592681884765625,8.779999732971191
nan,nan,nan,nan,nan,nan,1.3592681884765625,8.779999732971191
nan,nan,nan,nan,nan,nan,1.3592681884765625,8.779999732971191
nan,nan,nan,nan,nan,nan,1.3592681884765625,8.779999732971191
nan,nan,nan,nan,nan,nan,1.227031946182251,8.960000038146973
nan,nan,nan,nan,nan,nan,1.227031946182251,8.960000038146973
nan,nan,nan,nan,nan,nan,1.227031946182251,8.960000038146973
nan,nan,nan,nan,nan,nan,1.227031946182251,8.960000038146973
nan,nan,nan,nan,nan,nan,1.227031946182251,8.960000038146973
nan,nan,nan,nan,nan,nan,0.5180215239524841,8.829999923706055
nan,nan,nan,nan,nan,49.14825641723603,0.5180215239524841,8.829999923706055
nan,nan,nan,nan,nan,nan,0.5180215239524841,8.829999923706055
nan,nan,nan,nan,nan,1.5505281995043516,0.5180215239524841,8.829999923706055
nan,nan,nan,nan,nan,1.7019471066400758,0.5180215239524841,8.829999923706055
nan,nan,nan,nan,nan,nan,1.1283310651779175,8.529999732971191
nan,nan,nan,nan,nan,nan,1.1283310651779175,8.529999732971191
nan,nan,nan,nan,nan,nan,1.1283310651779175,8.529999732971191
nan,nan,nan,nan,nan,nan,1.1283310651779175,8.529999732971191
nan,nan,nan,nan,nan,nan,1.1283310651779175,8.529999732971191
nan,nan,nan,nan,nan,nan,1.1285027265548706,9.640000343322754
nan,nan,nan,nan,nan,nan,1.1285027265548706,9.640000343322754
nan,nan,nan,nan,nan,nan,1.1285027265548706,9.640000343322754
nan,nan,nan,nan,nan,nan,1.1285027265548706,9.640000343322754
nan,nan,nan,nan,nan,nan,1.1285027265548706,9.640000343322754
nan,nan,nan,nan,nan,nan,3.0003838539123535,9.479999542236328
nan,nan,nan,nan,nan,nan,3.0003838539123535,9.479999542236328
nan,nan,nan,nan,nan,nan,3.0003838539123535,9.479999542236328
nan,nan,nan,nan,nan,nan,3.0003838539123535,9.479999542236328
nan,nan,nan,nan,nan,nan,3.0003838539123535,9.479999542236328
nan,nan,nan,nan,nan,nan,1.3060373067855835,8.649999618530273
nan,nan,nan,nan,nan,nan,1.3060373067855835,8.649999618530273
nan,nan,nan,nan,nan,nan,1.3060373067855835,8.649999618530273
nan,nan,nan,nan,nan,nan,1.3060373067855835,8.649999618530273
nan,nan,nan,nan,nan,nan,1.3060373067855835,8.649999618530273
nan,nan,nan,nan,nan,nan,4.122307777404785,8.760000228881836
nan,nan,nan,nan,nan,nan,4.122307777404785,8.760000228881836
nan,nan,nan,nan,nan,nan,4.122307777404785,8.760000228881836
nan,nan,nan,nan,nan,nan,4.122307777404785,8.760000228881836
nan,nan,nan,nan,nan,nan,4.122307777404785,8.760000228881836
nan,nan,nan,nan,nan,nan,3.201791524887085,8.510000228881836
nan,nan,nan,nan,nan,nan,3.201791524887085,8.510000228881836
nan,nan,nan,nan,nan,nan,3.201791524887085,8.510000228881836
nan,nan,nan,nan,nan,nan,3.201791524887085,8.510000228881836
nan,nan,nan,nan,nan,nan,3.201791524887085,8.510000228881836
nan,nan,nan,nan,68.81936398711508,nan,0.7458813786506653,7.360000133514404
nan,nan,nan,nan,nan,nan,0.7458813786506653,7.360000133514404
nan,nan,nan,nan,33.82522633579351,nan,0.7458813786506653,7.360000133514404
nan,nan,nan,nan,78.96391314833006,nan,0.7458813786506653,7.360000133514404
nan,nan,nan,nan,15.207225118105608,nan,0.7458813786506653,7.360000133514404
nan,nan,nan,nan,nan,nan,2.979501724243164,7.940000057220459
nan,nan,nan,nan,nan,nan,2.979501724243164,7.940000057220459
nan,nan,nan,nan,nan,nan,2.979501724243164,7.940000057220459
nan,nan,nan,nan,nan,nan,2.979501724243164,7.940000057220459
nan,nan,nan,nan,nan,nan,2.979501724243164,7.940000057220459
1.0713864739478498,0.10852009913933944,-0.11765366977868522,0.03717748231167571,29.476887663417447,7.701289502801109,0.4242933392524719,8.989999771118164
1.0713864739478498,0.10852009913933944,-0.11765366977868522,0.03717748231167571,55.331395451416384,13.629740333972,0.4242933392524719,8.989999771118164
1.0713864739478498,0.10852009913933944,-0.11765366977868522,0.03717748231167571,397.6950399527215,90.20106198742401,0.4242933392524719,8.989999771118164
1.0713864739478498,0.10852009913933944,-0.11765366977868522,0.03717748231167571,474.3002895239524,126.41403573924418,0.4242933392524719,8.989999771118164
1.0713864739478498,0.10852009913933944,-0.11765366977868522,0.03717748231167571,2.505788524291057,0.6572079136435198,0.4242933392524719,8.989999771118164
nan,nan,nan,nan,nan,nan,4.057746887207031,8.470000267028809
nan,nan,nan,nan,nan,nan,4.057746887207031,8.470000267028809
nan,nan,nan,nan,nan,nan,4.057746887207031,8.470000267028809
nan,nan,nan,nan,nan,nan,4.057746887207031,8.470000267028809
nan,nan,nan,nan,nan,nan,4.057746887207031,8.470000267028809
nan,nan,nan,nan,129.60633791424806,nan,0.7382379174232483,8.40999984741211
nan,nan,nan,nan,26.55000184620551,nan,0.7382379174232483,8.40999984741211
nan,nan,nan,nan,11.774774122851497,nan,0.7382379174232483,8.40999984741211
nan,nan,nan,nan,13.872738268911903,nan,0.7382379174232483,8.40999984741211
nan,nan,nan,nan,56.690236336440734,nan,0.7382379174232483,8.40999984741211
nan,nan,nan,nan,nan,nan,1.1078428030014038,9.069999694824219
nan,nan,nan,nan,nan,nan,1.1078428030014038,9.069999694824219
nan,nan,nan,nan,nan,nan,1.1078428030014038,9.069999694824219
nan,nan,nan,nan,nan,nan,1.1078428030014038,9.069999694824219
nan,nan,nan,nan,nan,nan,1.1078428030014038,9.069999694824219
nan,nan,nan,nan,nan,nan,0.6690338850021362,8.119999885559082
nan,nan,nan,nan,nan,nan,0.6690338850021362,8.119999885559082
nan,nan,nan,nan,nan,nan,0.6690338850021362,8.119999885559082
nan,nan,nan,nan,nan,nan,0.6690338850021362,8.119999885559082
nan,nan,nan,nan,nan,nan,0.6690338850021362,8.119999885559082
nan,nan,nan,nan,0.7875093328147592,nan,0.5773887038230896,9.109999656677246
nan,nan,nan,nan,17.195501848749544,nan,0.5773887038230896,9.109999656677246
nan,nan,nan,nan,5.207549152934265,nan,0.5773887038230896,9.109999656677246
nan,nan,nan,nan,0.8999881192644862,nan,0.5773887038230896,9.109999656677246
nan,nan,nan,nan,19.087213978558427,nan,0.5773887038230896,9.109999656677246
nan,nan,nan,nan,nan,nan,0.7373300194740295,10.170000076293945
nan,nan,nan,nan,nan,nan,0.7373300194740295,10.170000076293945
nan,nan,nan,nan,nan,nan,0.7373300194740295,10.170000076293945
nan,nan,nan,nan,nan,nan,0.7373300194740295,10.170000076293945
nan,nan,nan,nan,nan,nan,0.7373300194740295,10.170000076293945
nan,nan,nan,nan,nan,nan,3.5148444175720215,7.340000152587891
nan,nan,nan,nan,nan,nan,3.5148444175720215,7.340000152587891
nan,nan,nan,nan,nan,nan,3.5148444175720215,7.340000152587891
nan,nan,nan,nan,nan,nan,3.5148444175720215,7.340000152587891
nan,nan,nan,nan,nan,nan,3.5148444175720215,7.340000152587891
nan,nan,nan,nan,1.736379232750364,1.51925620656737,0.5368891954421997,9.149999618530273
nan,nan,nan,nan,20.445976062971752,22.689866105640977,0.5368891954421997,9.149999618530273
nan,nan,nan,nan,41.54173912436906,34.947726217336104,0.5368891954421997,9.149999618530273
nan,nan,nan,nan,11.31585379045134,10.024568598252783,0.5368891954421997,9.149999618530273
nan,nan,nan,nan,nan,nan,0.5368891954421997,9.149999618530273
nan,nan,nan,nan,23.927573518544236,8.779598366849033,0.8376212120056152,9.880000114440918
nan,nan,nan,nan,22.773262007396994,8.541407380763575,0.8376212120056152,9.880000114440918
nan,nan,nan,nan,nan,nan,0.8376212120056152,9.880000114440918
nan,nan,nan,nan,2.4166400968652146,0.9221139689779801,0.8376212120056152,9.880000114440918
nan,nan,nan,nan,90.08324708167119,34.75301436080984,0.8376212120056152,9.880000114440918
nan,nan,nan,nan,nan,nan,0.7240020632743835,8.880000114440918
nan,nan,nan,nan,nan,nan,0.7240020632743835,8.880000114440918
nan,nan,nan,nan,nan,nan,0.7240020632743835,8.880000114440918
nan,nan,nan,nan,nan,nan,0.7240020632743835,8.880000114440918
nan,nan,nan,nan,nan,nan,0.7240020632743835,8.880000114440918
nan,nan,nan,nan,nan,nan,0.5340292453765869,8.770000457763672
nan,nan,nan,nan,nan,nan,0.5340292453765869,8.770000457763672
nan,nan,nan,nan,4.9587163152426275,2.013925065418604,0.5340292453765869,8.770000457763672
nan,nan,nan,nan,3.3587851534391784,1.3632101589881915,0.5340292453765869,8.770000457763672
nan,nan,nan,nan,11.818962032208757,4.811991371381942,0.5340292453765869,8.770000457763672
nan,nan,nan,nan,nan,nan,1.020534634590149,9.279999732971191
nan,nan,nan,nan,nan,nan,1.020534634590149,9.279999732971191
nan,nan,nan,nan,nan,nan,1.020534634590149,9.279999732971191
nan,nan,nan,nan,nan,nan,1.020534634590149,9.279999732971191
nan,nan,nan,nan,nan,nan,1.020534634590149,9.279999732971191
1.3990134801905385,0.12385595905055997,-0.6065406580555184,0.050735466415614765,94.52172342354697,22.4165797997718,0.3678096830844879,9.960000038146973
1.3990134801905385,0.12385595905055997,-0.6065406580555184,0.050735466415614765,nan,nan,0.3678096830844879,9.960000038146973
1.3990134801905385,0.12385595905055997,-0.6065406580555184,0.050735466415614765,138.4411355154551,33.63760520334973,0.3678096830844879,9.960000038146973
1.3990134801905385,0.12385595905055997,-0.6065406580555184,0.050735466415614765,0.942493689374053,0.244436527074424,0.3678096830844879,9.960000038146973
1.3990134801905385,0.12385595905055997,-0.6065406580555184,0.050735466415614765,nan,nan,0.3678096830844879,9.960000038146973
nan,nan,nan,nan,nan,nan,1.3069182634353638,9.039999961853027
nan,nan,nan,nan,nan,nan,1.3069182634353638,9.039999961853027
nan,nan,nan,nan,nan,nan,1.3069182634353638,9.039999961853027
nan,nan,nan,nan,nan,nan,1.3069182634353638,9.039999961853027
nan,nan,nan,nan,nan,nan,1.3069182634353638,9.039999961853027
nan,nan,nan,nan,nan,nan,0.3115411400794983,8.199999809265137
nan,nan,nan,nan,58.312589736860446,nan,0.3115411400794983,8.199999809265137
nan,nan,nan,nan,2.240681401625587,nan,0.3115411400794983,8.199999809265137
nan,nan,nan,nan,47.51433128457897,nan,0.3115411400794983,8.199999809265137
nan,nan,nan,nan,4.48966502118082,nan,0.3115411400794983,8.199999809265137
nan,nan,nan,nan,nan,nan,4.782245635986328,8.050000190734863
nan,nan,nan,nan,nan,nan,4.782245635986328,8.050000190734863
nan,nan,nan,nan,nan,nan,4.782245635986328,8.050000190734863
nan,nan,nan,nan,nan,nan,4.782245635986328,8.050000190734863
nan,nan,nan,nan,nan,nan,4.782245635986328,8.050000190734863
nan,nan,nan,nan,nan,nan,0.051431700587272644,4.980000019073486
nan,nan,nan,nan,nan,nan,0.051431700587272644,4.980000019073486
nan,nan,nan,nan,nan,nan,0.051431700587272644,4.980000019073486
nan,nan,nan,nan,nan,nan,0.051431700587272644,4.980000019073486
nan,nan,nan,nan,nan,nan,0.051431700587272644,4.980000019073486
nan,nan,nan,nan,nan,nan,0.7347704768180847,9.729999542236328
nan,nan,nan,nan,nan,nan,0.7347704768180847,9.729999542236328
nan,nan,nan,nan,nan,nan,0.7347704768180847,9.729999542236328
nan,nan,nan,nan,nan,nan,0.7347704768180847,9.729999542236328
nan,nan,nan,nan,nan,nan,0.7347704768180847,9.729999542236328
nan,nan,nan,nan,nan,nan,3.33505916595459,8.479999542236328
nan,nan,nan,nan,nan,nan,3.33505916595459,8.479999542236328
nan,nan,nan,nan,nan,nan,3.33505916595459,8.479999542236328
nan,nan,nan,nan,nan,nan,3.33505916595459,8.479999542236328
nan,nan,nan,nan,nan,nan,3.33505916595459,8.479999542236328
nan,nan,0.2496634416810699,0.17304112111917572,9.894051729049647,nan,0.5038652420043945,7.840000152587891
nan,nan,0.2496634416810699,0.17304112111917572,nan,nan,0.5038652420043945,7.840000152587891
nan,nan,0.2496634416810699,0.17304112111917572,4.81714318471625,nan,0.5038652420043945,7.840000152587891
nan,nan,0.2496634416810699,0.17304112111917572,86.36460271105089,nan,0.5038652420043945,7.840000152587891
nan,nan,0.2496634416810699,0.17304112111917572,10.494690429807537,nan,0.5038652420043945,7.840000152587891
nan,nan,nan,nan,7.229829988704138,nan,0.21515756845474243,7.090000152587891
nan,nan,nan,nan,14.287664179325398,nan,0.21515756845474243,7.090000152587891
nan,nan,nan,nan,nan,nan,0.21515756845474243,7.090000152587891
nan,nan,nan,nan,35.05548777053737,nan,0.21515756845474243,7.090000152587891
nan,nan,nan,nan,4.771496207818014,nan,0.21515756845474243,7.090000152587891
nan,nan,nan,nan,nan,nan,1.0179558992385864,8.789999961853027
nan,nan,nan,nan,nan,nan,1.0179558992385864,8.789999961853027
nan,nan,nan,nan,nan,nan,1.0179558992385864,8.789999961853027
nan,nan,nan,nan,nan,nan,1.0179558992385864,8.789999961853027
nan,nan,nan,nan,nan,nan,1.0179558992385864,8.789999961853027
nan,nan,nan,nan,6.146261784648564,nan,0.6696466207504272,8.6899995803833
nan,nan,nan,nan,108.29699840829976,nan,0.6696466207504272,8.6899995803833
nan,nan,nan,nan,1.9407635639528975,nan,0.6696466207504272,8.6899995803833
nan,nan,nan,nan,47.72599214096191,nan,0.6696466207504272,8.6899995803833
nan,nan,nan,nan,nan,nan,0.6696466207504272,8.6899995803833
nan,nan,nan,nan,1.7889212577635496,nan,0.3667175769805908,8.520000457763672
nan,nan,nan,nan,10.984775702446406,nan,0.3667175769805908,8.520000457763672
nan,nan,nan,nan,nan,nan,0.3667175769805908,8.520000457763672
nan,nan,nan,nan,2.8220677152874867,nan,0.3667175769805908,8.520000457763672
nan,nan,nan,nan,3.7907112677294013,nan,0.3667175769805908,8.520000457763672
0.861161848225414,0.08644107066259836,0.2055048610317311,0.0623219726244294,nan,nan,0.6700549125671387,8.720000267028809
0.861161848225414,0.08644107066259836,0.2055048610317311,0.0623219726244294,18.152546235012924,4.854079143961802,0.6700549125671387,8.720000267028809
0.861161848225414,0.08644107066259836,0.2055048610317311,0.0623219726244294,854.4528975096905,232.28070679571888,0.6700549125671387,8.720000267028809
0.861161848225414,0.08644107066259836,0.2055048610317311,0.0623219726244294,7.046936577413411,1.843331834863609,0.6700549125671387,8.720000267028809
0.861161848225414,0.08644107066259836,0.2055048610317311,0.0623219726244294,106.56307590450619,28.820683496331526,0.6700549125671387,8.720000267028809
nan,nan,nan,nan,nan,nan,0.6835910677909851,7.949999809265137
nan,nan,nan,nan,nan,nan,0.6835910677909851,7.949999809265137
nan,nan,nan,nan,nan,nan,0.6835910677909851,7.949999809265137
nan,nan,nan,nan,nan,nan,0.6835910677909851,7.949999809265137
nan,nan,nan,nan,nan,nan,0.6835910677909851,7.949999809265137
nan,nan,nan,nan,nan,nan,0.7343364357948303,9.119999885559082
nan,nan,nan,nan,nan,nan,0.7343364357948303,9.119999885559082
nan,nan,nan,nan,nan,nan,0.7343364357948303,9.119999885559082
nan,nan,nan,nan,nan,nan,0.7343364357948303,9.119999885559082
nan,nan,nan,nan,nan,nan,0.7343364357948303,9.119999885559082
nan,nan,nan,nan,nan,nan,0.7370190620422363,10.670000076293945
nan,nan,nan,nan,nan,nan,0.7370190620422363,10.670000076293945
nan,nan,nan,nan,nan,nan,0.7370190620422363,10.670000076293945
nan,nan,nan,nan,nan,nan,0.7370190620422363,10.670000076293945
nan,nan,nan,nan,nan,nan,0.7370190620422363,10.670000076293945
nan,nan,nan,nan,10.337740248128004,nan,0.8403919339179993,8.3100004196167
nan,nan,nan,nan,31.689172829264898,nan,0.8403919339179993,8.3100004196167
nan,nan,nan,nan,nan,nan,0.8403919339179993,8.3100004196167
nan,nan,nan,nan,nan,nan,0.8403919339179993,8.3100004196167
nan,nan,nan,nan,42.94355558930908,nan,0.8403919339179993,8.3100004196167
nan,nan,nan,nan,nan,nan,0.41233140230178833,6.670000076293945
nan,nan,nan,nan,nan,nan,0.41233140230178833,6.670000076293945
nan,nan,nan,nan,nan,nan,0.41233140230178833,6.670000076293945
nan,nan,nan,nan,nan,nan,0.41233140230178833,6.670000076293945
nan,nan,nan,nan,nan,nan,0.41233140230178833,6.670000076293945
nan,nan,nan,nan,nan,nan,1.0351425409317017,9.149999618530273
nan,nan,nan,nan,nan,nan,1.0351425409317017,9.149999618530273
nan,nan,nan,nan,nan,nan,1.0351425409317017,9.149999618530273
nan,nan,nan,nan,nan,nan,1.0351425409317017,9.149999618530273
nan,nan,nan,nan,nan,nan,1.0351425409317017,9.149999618530273
nan,nan,nan,nan,nan,nan,1.0209336280822754,9.4399995803833
nan,nan,nan,nan,nan,nan,1.0209336280822754,9.4399995803833
nan,nan,nan,nan,nan,nan,1.0209336280822754,9.4399995803833
nan,nan,nan,nan,nan,nan,1.0209336280822754,9.4399995803833
nan,nan,nan,nan,nan,nan,1.0209336280822754,9.4399995803833
nan,nan,nan,nan,nan,nan,0.731013298034668,8.09000015258789
nan,nan,nan,nan,nan,nan,0.731013298034668,8.09000015258789
nan,nan,nan,nan,nan,nan,0.731013298034668,8.09000015258789
nan,nan,nan,nan,nan,nan,0.731013298034668,8.09000015258789
nan,nan,nan,nan,nan,nan,0.731013298034668,8.09000015258789
nan,nan,nan,nan,nan,nan,1.1270297765731812,9.65999984741211
nan,nan,nan,nan,nan,nan,1.1270297765731812,9.65999984741211
nan,nan,nan,nan,nan,nan,1.1270297765731812,9.65999984741211
nan,nan,nan,nan,nan,nan,1.1270297765731812,9.65999984741211
nan,nan,nan,nan,nan,nan,1.1270297765731812,9.65999984741211
nan,nan,nan,nan,10.359105004731136,nan,0.7357791662216187,8.6899995803833
nan,nan,nan,nan,nan,nan,0.7357791662216187,8.6899995803833
nan,nan,nan,nan,3.902466488247775,nan,0.7357791662216187,8.6899995803833
nan,nan,nan,nan,22.96989031893737,nan,0.7357791662216187,8.6899995803833
nan,nan,nan,nan,2.81399816520833,nan,0.7357791662216187,8.6899995803833
0.2681589294018405,0.08907735237165944,0.16465026529509083,0.1405879528879665,8.115289674241039,10.696339014871214,0.27552229166030884,9.359999656677246
0.2681589294018405,0.08907735237165944,0.16465026529509083,0.1405879528879665,0.33611339941122476,0.4428239849530764,0.27552229166030884,9.359999656677246
0.2681589294018405,0.08907735237165944,0.16465026529509083,0.1405879528879665,nan,nan,0.27552229166030884,9.359999656677246
0.2681589294018405,0.08907735237165944,0.16465026529509083,0.1405879528879665,nan,nan,0.27552229166030884,9.359999656677246
0.2681589294018405,0.08907735237165944,0.16465026529509083,0.1405879528879665,nan,nan,0.27552229166030884,9.359999656677246
nan,nan,nan,nan,nan,nan,1.0318094491958618,9.75
nan,nan,nan,nan,nan,nan,1.0318094491958618,9.75
nan,nan,nan,nan,nan,nan,1.0318094491958618,9.75
nan,nan,nan,nan,nan,nan,1.0318094491958618,9.75
nan,nan,nan,nan,nan,nan,1.0318094491958618,9.75
nan,nan,nan,nan,nan,nan,1.4356822967529297,10.170000076293945
nan,nan,nan,nan,nan,nan,1.4356822967529297,10.170000076293945
nan,nan,nan,nan,nan,nan,1.4356822967529297,10.170000076293945
nan,nan,nan,nan,nan,nan,1.4356822967529297,10.170000076293945
nan,nan,nan,nan,nan,nan,1.4356822967529297,10.170000076293945
nan,nan,nan,nan,nan,nan,1.221114158630371,9.609999656677246
nan,nan,nan,nan,nan,nan,1.221114158630371,9.609999656677246
nan,nan,nan,nan,nan,nan,1.221114158630371,9.609999656677246
nan,nan,nan,nan,nan,nan,1.221114158630371,9.609999656677246
nan,nan,nan,nan,nan,nan,1.221114158630371,9.609999656677246
nan,nan,nan,nan,nan,nan,1.0174883604049683,10.600000381469727
nan,nan,nan,nan,nan,nan,1.0174883604049683,10.600000381469727
nan,nan,nan,nan,nan,nan,1.0174883604049683,10.600000381469727
nan,nan,nan,nan,nan,nan,1.0174883604049683,10.600000381469727
nan,nan,nan,nan,nan,nan,1.0174883604049683,10.600000381469727
nan,nan,nan,nan,nan,nan,0.7362359762191772,10.779999732971191
nan,nan,nan,nan,0.6121646432869214,nan,0.7362359762191772,10.779999732971191
nan,nan,nan,nan,78.23013567520195,nan,0.7362359762191772,10.779999732971191
nan,nan,nan,nan,9.590798120079544,nan,0.7362359762191772,10.779999732971191
nan,nan,nan,nan,115.8488379156675,nan,0.7362359762191772,10.779999732971191
nan,nan,nan,nan,7.261639783835435,nan,0.5773122906684875,8.5600004196167
nan,nan,nan,nan,1.580755448458442,nan,0.5773122906684875,8.5600004196167
nan,nan,nan,nan,2.646140195612103,nan,0.5773122906684875,8.5600004196167
nan,nan,nan,nan,2.853058080418639,nan,0.5773122906684875,8.5600004196167
nan,nan,nan,nan,83.2851479809131,nan,0.5773122906684875,8.5600004196167
nan,nan,nan,nan,nan,nan,1.4348399639129639,9.489999771118164
nan,nan,nan,nan,nan,nan,1.4348399639129639,9.489999771118164
nan,nan,nan,nan,nan,nan,1.4348399639129639,9.489999771118164
nan,nan,nan,nan,nan,nan,1.4348399639129639,9.489999771118164
nan,nan,nan,nan,nan,nan,1.4348399639129639,9.489999771118164
nan,nan,nan,nan,nan,nan,1.2653088569641113,9.149999618530273
nan,nan,nan,nan,nan,nan,1.2653088569641113,9.149999618530273
nan,nan,nan,nan,nan,nan,1.2653088569641113,9.149999618530273
nan,nan,nan,nan,nan,nan,1.2653088569641113,9.149999618530273
nan,nan,nan,nan,nan,nan,1.2653088569641113,9.149999618530273
nan,nan,nan,nan,nan,nan,1.0171029567718506,8.670000076293945
nan,nan,nan,nan,nan,nan,1.0171029567718506,8.670000076293945
nan,nan,nan,nan,nan,nan,1.0171029567718506,8.670000076293945
nan,nan,nan,nan,nan,nan,1.0171029567718506,8.670000076293945
nan,nan,nan,nan,nan,nan,1.0171029567718506,8.670000076293945
nan,nan,nan,nan,nan,nan,5.080356121063232,8.229999542236328
nan,nan,nan,nan,nan,nan,5.080356121063232,8.229999542236328
nan,nan,nan,nan,nan,nan,5.080356121063232,8.229999542236328
nan,nan,nan,nan,nan,nan,5.080356121063232,8.229999542236328
nan,nan,nan,nan,nan,nan,5.080356121063232,8.229999542236328
nan,nan,nan,nan,nan,nan,1.294924259185791,9.329999923706055
nan,nan,nan,nan,nan,nan,1.294924259185791,9.329999923706055
nan,nan,nan,nan,nan,nan,1.294924259185791,9.329999923706055
nan,nan,nan,nan,nan,nan,1.294924259185791,9.329999923706055
nan,nan,nan,nan,nan,nan,1.294924259185791,9.329999923706055
nan,nan,nan,nan,nan,nan,0.768205463886261,9.670000076293945
nan,nan,nan,nan,1.9287001997623785,nan,0.768205463886261,9.670000076293945
nan,nan,nan,nan,34.26378125853959,nan,0.768205463886261,9.670000076293945
nan,nan,nan,nan,24.93386534667563,nan,0.768205463886261,9.670000076293945
nan,nan,nan,nan,26.58966042666478,nan,0.768205463886261,9.670000076293945
nan,nan,nan,nan,nan,nan,1.2955000400543213,8.239999771118164
nan,nan,nan,nan,nan,nan,1.2955000400543213,8.239999771118164
nan,nan,nan,nan,nan,nan,1.2955000400543213,8.239999771118164
nan,nan,nan,nan,nan,nan,1.2955000400543213,8.239999771118164
nan,nan,nan,nan,nan,nan,1.2955000400543213,8.239999771118164
nan,nan,nan,nan,nan,nan,1.0326334238052368,10.539999961853027
nan,nan,nan,nan,nan,nan,1.0326334238052368,10.539999961853027
nan,nan,nan,nan,nan,nan,1.0326334238052368,10.539999961853027
nan,nan,nan,nan,nan,nan,1.0326334238052368,10.539999961853027
nan,nan,nan,nan,nan,nan,1.0326334238052368,10.539999961853027
nan,nan,nan,nan,nan,nan,2.2239999771118164,11.109999656677246
nan,nan,nan,nan,nan,nan,2.2239999771118164,11.109999656677246
nan,nan,nan,nan,nan,nan,2.2239999771118164,11.109999656677246
nan,nan,nan,nan,nan,nan,2.2239999771118164,11.109999656677246
nan,nan,nan,nan,nan,nan,2.2239999771118164,11.109999656677246
nan,nan,nan,nan,479.6419948318098,68.07069434777128,0.7416929602622986,9.479999542236328
nan,nan,nan,nan,15.122146581888215,1.9812205567684438,0.7416929602622986,9.479999542236328
nan,nan,nan,nan,14.990483598781477,1.9623031971599065,0.7416929602622986,9.479999542236328
nan,nan,nan,nan,3.187014798344549,0.41048164256151604,0.7416929602622986,9.479999542236328
nan,nan,nan,nan,nan,nan,0.7416929602622986,9.479999542236328
nan,nan,nan,nan,nan,nan,1.2197920083999634,9.829999923706055
nan,nan,nan,nan,nan,nan,1.2197920083999634,9.829999923706055
nan,nan,nan,nan,nan,nan,1.2197920083999634,9.829999923706055
nan,nan,nan,nan,nan,nan,1.2197920083999634,9.829999923706055
nan,nan,nan,nan,nan,nan,1.2197920083999634,9.829999923706055
nan,nan,nan,nan,nan,nan,3.339388608932495,8.100000381469727
nan,nan,nan,nan,nan,nan,3.339388608932495,8.100000381469727
nan,nan,nan,nan,nan,nan,3.339388608932495,8.100000381469727
nan,nan,nan,nan,nan,nan,3.339388608932495,8.100000381469727
nan,nan,nan,nan,nan,nan,3.339388608932495,8.100000381469727
0.7862661384616182,0.13766185760295316,-0.09450075270234022,0.10908223672290138,3.1812592070964865,1.8057105239312394,0.5248430967330933,8.399999618530273
0.7862661384616182,0.13766185760295316,-0.09450075270234022,0.10908223672290138,nan,nan,0.5248430967330933,8.399999618530273
0.7862661384616182,0.13766185760295316,-0.09450075270234022,0.10908223672290138,75.03940748103597,38.778182662085264,0.5248430967330933,8.399999618530273
0.7862661384616182,0.13766185760295316,-0.09450075270234022,0.10908223672290138,28.597918214575163,15.869335718121487,0.5248430967330933,8.399999618530273
0.7862661384616182,0.13766185760295316,-0.09450075270234022,0.10908223672290138,5.713746671784753,3.2627937435519625,0.5248430967330933,8.399999618530273
nan,nan,nan,nan,nan,nan,0.8906999230384827,9.010000228881836
nan,nan,nan,nan,nan,nan,0.8906999230384827,9.010000228881836
nan,nan,nan,nan,nan,2.1157398217080816,0.8906999230384827,9.010000228881836
nan,nan,nan,nan,nan,107.73266125003403,0.8906999230384827,9.010000228881836
nan,nan,nan,nan,nan,51.716981532459585,0.8906999230384827,9.010000228881836
1.0329740719402343,0.18367510787587135,0.35576660203844945,0.133695131095399,nan,nan,0.6682791709899902,8.100000381469727
1.0329740719402343,0.18367510787587135,0.35576660203844945,0.133695131095399,60.45986911542943,10.491986217262491,0.6682791709899902,8.100000381469727
1.0329740719402343,0.18367510787587135,0.35576660203844945,0.133695131095399,62.96513611373841,10.4486681346614,0.6682791709899902,8.100000381469727
1.0329740719402343,0.18367510787587135,0.35576660203844945,0.133695131095399,393.5908530335478,64.81408456632154,0.6682791709899902,8.100000381469727
1.0329740719402343,0.18367510787587135,0.35576660203844945,0.133695131095399,12.78276669360596,2.096372016023922,0.6682791709899902,8.100000381469727
nan,nan,nan,nan,nan,nan,0.27532389760017395,8.119999885559082
nan,nan,nan,nan,nan,nan,0.27532389760017395,8.119999885559082
nan,nan,nan,nan,nan,nan,0.27532389760017395,8.119999885559082
nan,nan,nan,nan,nan,nan,0.27532389760017395,8.119999885559082
nan,nan,nan,nan,nan,nan,0.27532389760017395,8.119999885559082
nan,nan,nan,nan,nan,nan,1.2106181383132935,8.5600004196167
nan,nan,nan,nan,nan,nan,1.2106181383132935,8.5600004196167
nan,nan,nan,nan,nan,nan,1.2106181383132935,8.5600004196167
nan,nan,nan,nan,nan,nan,1.2106181383132935,8.5600004196167
nan,nan,nan,nan,nan,nan,1.2106181383132935,8.5600004196167
nan,nan,nan,nan,nan,nan,1.3308027982711792,9.220000267028809
nan,nan,nan,nan,nan,nan,1.3308027982711792,9.220000267028809
nan,nan,nan,nan,nan,nan,1.3308027982711792,9.220000267028809
nan,nan,nan,nan,nan,nan,1.3308027982711792,9.220000267028809
nan,nan,nan,nan,nan,nan,1.3308027982711792,9.220000267028809
nan,nan,nan,nan,nan,nan,1.017401933670044,9.09000015258789
nan,nan,nan,nan,nan,nan,1.017401933670044,9.09000015258789
nan,nan,nan,nan,nan,nan,1.017401933670044,9.09000015258789
nan,nan,nan,nan,nan,nan,1.017401933670044,9.09000015258789
nan,nan,nan,nan,nan,nan,1.017401933670044,9.09000015258789
nan,nan,nan,nan,9.959257603087922,nan,0.5328640341758728,8.0600004196167
nan,nan,nan,nan,nan,nan,0.5328640341758728,8.0600004196167
nan,nan,nan,nan,nan,nan,0.5328640341758728,8.0600004196167
nan,nan,nan,nan,13.857043152910345,nan,0.5328640341758728,8.0600004196167
nan,nan,nan,nan,8.897580628404757,nan,0.5328640341758728,8.0600004196167
nan,nan,nan,nan,nan,1.322703969785285,0.6675722002983093,8.699999809265137
nan,nan,nan,nan,nan,6.9743601335055985,0.6675722002983093,8.699999809265137
nan,nan,nan,nan,nan,113.82798725275876,0.6675722002983093,8.699999809265137
nan,nan,nan,nan,nan,7.59931186421341,0.6675722002983093,8.699999809265137
nan,nan,nan,nan,nan,nan,0.6675722002983093,8.699999809265137
nan,nan,nan,nan,nan,2.387376250376321,0.8959760665893555,10.180000305175781
nan,nan,nan,nan,nan,17.621109414948556,0.8959760665893555,10.180000305175781
nan,nan,nan,nan,nan,199.78594699906543,0.8959760665893555,10.180000305175781
nan,nan,nan,nan,nan,110.36243920668086,0.8959760665893555,10.180000305175781
nan,nan,nan,nan,nan,nan,0.8959760665893555,10.180000305175781
nan,nan,nan,nan,nan,nan,1.3062553405761719,10.640000343322754
nan,nan,nan,nan,nan,nan,1.3062553405761719,10.640000343322754
nan,nan,nan,nan,nan,nan,1.3062553405761719,10.640000343322754
nan,nan,nan,nan,nan,nan,1.3062553405761719,10.640000343322754
nan,nan,nan,nan,nan,nan,1.3062553405761719,10.640000343322754
nan,nan,nan,nan,2.255817955543436,nan,0.337231308221817,8.34000015258789
nan,nan,nan,nan,nan,nan,0.337231308221817,8.34000015258789
nan,nan,nan,nan,120.65459843883053,nan,0.337231308221817,8.34000015258789
nan,nan,nan,nan,38.23867890222346,nan,0.337231308221817,8.34000015258789
nan,nan,nan,nan,40.357871451209334,nan,0.337231308221817,8.34000015258789
nan,nan,nan,nan,1.9805239261837566,nan,0.5605785846710205,7.940000057220459
nan,nan,nan,nan,7.959230161512848,nan,0.5605785846710205,7.940000057220459
nan,nan,nan,nan,21.21201070098671,nan,0.5605785846710205,7.940000057220459
nan,nan,nan,nan,13.703170583778693,nan,0.5605785846710205,7.940000057220459
nan,nan,nan,nan,nan,nan,0.5605785846710205,7.940000057220459
nan,nan,nan,nan,4.810991419964637,nan,0.7841310501098633,8.529999732971191
nan,nan,nan,nan,52.25598360319902,nan,0.7841310501098633,8.529999732971191
nan,nan,nan,nan,nan,nan,0.7841310501098633,8.529999732971191
nan,nan,nan,nan,30.63627610429682,nan,0.7841310501098633,8.529999732971191
nan,nan,nan,nan,nan,nan,0.7841310501098633,8.529999732971191
nan,nan,nan,nan,14.564173633774477,2.509775331947827,0.6708534955978394,8.359999656677246
nan,nan,nan,nan,13.345896362451997,2.3846791377899588,0.6708534955978394,8.359999656677246
nan,nan,nan,nan,nan,nan,0.6708534955978394,8.359999656677246
nan,nan,nan,nan,91.63421896186227,16.019610706469496,0.6708534955978394,8.359999656677246
nan,nan,nan,nan,0.5475293790359334,0.09690789441156816,0.6708534955978394,8.359999656677246
nan,nan,nan,nan,nan,nan,0.7274392247200012,8.4399995803833
nan,nan,nan,nan,nan,nan,0.7274392247200012,8.4399995803833
nan,nan,nan,nan,nan,nan,0.7274392247200012,8.4399995803833
nan,nan,nan,nan,nan,nan,0.7274392247200012,8.4399995803833
nan,nan,nan,nan,nan,nan,0.7274392247200012,8.4399995803833
nan,nan,nan,nan,129.09438104475439,58.50024368813986,0.6785836219787598,8.960000038146973
nan,nan,nan,nan,nan,nan,0.6785836219787598,8.960000038146973
nan,nan,nan,nan,34.460047692934495,14.863290722331818,0.6785836219787598,8.960000038146973
nan,nan,nan,nan,4.8722301580733465,2.112121904400109,0.6785836219787598,8.960000038146973
nan,nan,nan,nan,nan,nan,0.6785836219787598,8.960000038146973
nan,nan,nan,nan,nan,nan,1.4346868991851807,10.0
nan,nan,nan,nan,nan,nan,1.4346868991851807,10.0
nan,nan,nan,nan,nan,nan,1.4346868991851807,10.0
nan,nan,nan,nan,nan,nan,1.4346868991851807,10.0
nan,nan,nan,nan,nan,nan,1.4346868991851807,10.0
nan,nan,nan,nan,nan,nan,5.233689308166504,8.510000228881836
nan,nan,nan,nan,nan,nan,5.233689308166504,8.510000228881836
nan,nan,nan,nan,nan,nan,5.233689308166504,8.510000228881836
nan,nan,nan,nan,nan,nan,5.233689308166504,8.510000228881836
nan,nan,nan,nan,nan,nan,5.233689308166504,8.510000228881836
nan,nan,nan,nan,nan,nan,3.6761388778686523,8.039999961853027
nan,nan,nan,nan,nan,nan,3.6761388778686523,8.039999961853027
nan,nan,nan,nan,nan,nan,3.6761388778686523,8.039999961853027
nan,nan,nan,nan,nan,nan,3.6761388778686523,8.039999961853027
nan,nan,nan,nan,nan,nan,3.6761388778686523,8.039999961853027
nan,nan,nan,nan,24.120662751440253,nan,0.5337823629379272,8.149999618530273
nan,nan,nan,nan,8.109362207936353,nan,0.5337823629379272,8.149999618530273
nan,nan,nan,nan,nan,nan,0.5337823629379272,8.149999618530273
nan,nan,nan,nan,9.529331402004965,nan,0.5337823629379272,8.149999618530273
nan,nan,nan,nan,25.20955382158101,nan,0.5337823629379272,8.149999618530273
nan,nan,nan,nan,nan,nan,1.3148021697998047,9.930000305175781
nan,nan,nan,nan,nan,nan,1.3148021697998047,9.930000305175781
nan,nan,nan,nan,nan,nan,1.3148021697998047,9.930000305175781
nan,nan,nan,nan,nan,nan,1.3148021697998047,9.930000305175781
nan,nan,nan,nan,nan,nan,1.3148021697998047,9.930000305175781
nan,nan,nan,nan,nan,nan,1.445618748664856,9.579999923706055
nan,nan,nan,nan,nan,nan,1.445618748664856,9.579999923706055
nan,nan,nan,nan,nan,nan,1.445618748664856,9.579999923706055
nan,nan,nan,nan,nan,nan,1.445618748664856,9.579999923706055
nan,nan,nan,nan,nan,nan,1.445618748664856,9.579999923706055
nan,nan,nan,nan,nan,nan,3.9557411670684814,8.039999961853027
nan,nan,nan,nan,nan,nan,3.9557411670684814,8.039999961853027
nan,nan,nan,nan,nan,nan,3.9557411670684814,8.039999961853027
nan,nan,nan,nan,nan,nan,3.9557411670684814,8.039999961853027
nan,nan,nan,nan,nan,nan,3.9557411670684814,8.039999961853027
nan,nan,nan,nan,255.9890539934069,nan,0.2179216891527176,7.329999923706055
nan,nan,nan,nan,283.45854082562005,nan,0.2179216891527176,7.329999923706055
nan,nan,nan,nan,59.25701314170409,nan,0.2179216891527176,7.329999923706055
nan,nan,nan,nan,nan,nan,0.2179216891527176,7.329999923706055
nan,nan,nan,nan,14.899623945537135,nan,0.2179216891527176,7.329999923706055
nan,nan,nan,nan,nan,nan,0.894578754901886,9.010000228881836
nan,nan,nan,nan,nan,nan,0.894578754901886,9.010000228881836
nan,nan,nan,nan,nan,nan,0.894578754901886,9.010000228881836
nan,nan,nan,nan,nan,nan,0.894578754901886,9.010000228881836
nan,nan,nan,nan,nan,nan,0.894578754901886,9.010000228881836
nan,nan,nan,nan,nan,10.026983725363456,0.36807435750961304,9.600000381469727
nan,nan,nan,nan,nan,9.319548215998909,0.36807435750961304,9.600000381469727
nan,nan,nan,nan,nan,nan,0.36807435750961304,9.600000381469727
nan,nan,nan,nan,nan,0.19655511212403945,0.36807435750961304,9.600000381469727
nan,nan,nan,nan,nan,33.503815488006275,0.36807435750961304,9.600000381469727
0.7187808628969178,0.09284811978797117,0.28454165574552875,0.10243804583070854,373.835917936045,128.9510141227211,0.7079564332962036,8.970000267028809
0.7187808628969178,0.09284811978797117,0.28454165574552875,0.10243804583070854,nan,nan,0.7079564332962036,8.970000267028809
0.7187808628969178,0.09284811978797117,0.28454165574552875,0.10243804583070854,164.54350485472978,53.88197035948508,0.7079564332962036,8.970000267028809
0.7187808628969178,0.09284811978797117,0.28454165574552875,0.10243804583070854,28.726797774177204,9.353134046260184,0.7079564332962036,8.970000267028809
0.7187808628969178,0.09284811978797117,0.28454165574552875,0.10243804583070854,8.378045481207371,2.755712649103937,0.7079564332962036,8.970000267028809
nan,nan,nan,nan,nan,nan,3.467334270477295,8.75
nan,nan,nan,nan,nan,nan,3.467334270477295,8.75
nan,nan,nan,nan,nan,nan,3.467334270477295,8.75
nan,nan,nan,nan,nan,nan,3.467334270477295,8.75
nan,nan,nan,nan,nan,nan,3.467334270477295,8.75
nan,nan,nan,nan,nan,nan,1.0321685075759888,9.609999656677246
nan,nan,nan,nan,nan,nan,1.0321685075759888,9.609999656677246
nan,nan,nan,nan,nan,nan,1.0321685075759888,9.609999656677246
nan,nan,nan,nan,nan,nan,1.0321685075759888,9.609999656677246
nan,nan,nan,nan,nan,nan,1.0321685075759888,9.609999656677246
0.8627166175097588,0.030047594260967238,0.1484309493654254,0.022606167235334557,1507.6252949624613,441.3695174555131,0.6539813876152039,9.0600004196167
0.8627166175097588,0.030047594260967238,0.1484309493654254,0.022606167235334557,9.927226692300883,2.8933887404388723,0.6539813876152039,9.0600004196167
0.8627166175097588,0.030047594260967238,0.1484309493654254,0.022606167235334557,223.7948431659434,65.54183570360412,0.6539813876152039,9.0600004196167
0.8627166175097588,0.030047594260967238,0.1484309493654254,0.022606167235334557,101.90167766585427,31.50967394753602,0.6539813876152039,9.0600004196167
0.8627166175097588,0.030047594260967238,0.1484309493654254,0.022606167235334557,nan,nan,0.6539813876152039,9.0600004196167
nan,nan,nan,nan,327.0496980744918,124.02109301681215,0.5324779152870178,8.890000343322754
nan,nan,nan,nan,nan,nan,0.5324779152870178,8.890000343322754
nan,nan,nan,nan,93.71108715239819,30.715195501521748,0.5324779152870178,8.890000343322754
nan,nan,nan,nan,72.23457658635034,26.50257331268735,0.5324779152870178,8.890000343322754
nan,nan,nan,nan,5.367872908755189,1.9488868166891755,0.5324779152870178,8.890000343322754
nan,nan,nan,nan,nan,nan,3.4292030334472656,9.600000381469727
nan,nan,nan,nan,nan,nan,3.4292030334472656,9.600000381469727
nan,nan,nan,nan,nan,nan,3.4292030334472656,9.600000381469727
nan,nan,nan,nan,nan,nan,3.4292030334472656,9.600000381469727
nan,nan,nan,nan,nan,nan,3.4292030334472656,9.600000381469727
nan,nan,nan,nan,nan,nan,1.221784234046936,8.819999694824219
nan,nan,nan,nan,nan,nan,1.221784234046936,8.819999694824219
nan,nan,nan,nan,nan,nan,1.221784234046936,8.819999694824219
nan,nan,nan,nan,nan,nan,1.221784234046936,8.819999694824219
nan,nan,nan,nan,nan,nan,1.221784234046936,8.819999694824219
nan,nan,nan,nan,nan,nan,0.29633793234825134,7.800000190734863
nan,nan,nan,nan,69.14630864085181,nan,0.29633793234825134,7.800000190734863
nan,nan,nan,nan,2.205513947481644,nan,0.29633793234825134,7.800000190734863
nan,nan,nan,nan,23.64113750636652,nan,0.29633793234825134,7.800000190734863
nan,nan,nan,nan,33.834277338961336,nan,0.29633793234825134,7.800000190734863
nan,nan,nan,nan,nan,nan,1.0751913785934448,7.860000133514404
nan,nan,nan,nan,nan,nan,1.0751913785934448,7.860000133514404
nan,nan,nan,nan,nan,nan,1.0751913785934448,7.860000133514404
nan,nan,nan,nan,nan,nan,1.0751913785934448,7.860000133514404
nan,nan,nan,nan,nan,nan,1.0751913785934448,7.860000133514404
nan,nan,nan,nan,nan,nan,0.6690196990966797,10.789999961853027
nan,nan,nan,nan,nan,nan,0.6690196990966797,10.789999961853027
nan,nan,nan,nan,nan,nan,0.6690196990966797,10.789999961853027
nan,nan,nan,nan,nan,nan,0.6690196990966797,10.789999961853027
nan,nan,nan,nan,nan,nan,0.6690196990966797,10.789999961853027
nan,nan,nan,nan,78.27183414361812,nan,0.5771586298942566,7.670000076293945
nan,nan,nan,nan,27.9775381348009,nan,0.5771586298942566,7.670000076293945
nan,nan,nan,nan,8.545706133191937,nan,0.5771586298942566,7.670000076293945
nan,nan,nan,nan,nan,nan,0.5771586298942566,7.670000076293945
nan,nan,nan,nan,nan,nan,0.5771586298942566,7.670000076293945
nan,nan,nan,nan,2.038555772613555,2.236731042778715,0.37057924270629883,7.170000076293945
nan,nan,nan,nan,nan,nan,0.37057924270629883,7.170000076293945
nan,nan,nan,nan,5.291881291642589,5.471581891882285,0.37057924270629883,7.170000076293945
nan,nan,nan,nan,8.019142908596411,8.502405147542841,0.37057924270629883,7.170000076293945
nan,nan,nan,nan,1.9787852183950265,2.1265342441897235,0.37057924270629883,7.170000076293945
nan,nan,nan,nan,0.7316100267690049,nan,0.5333719253540039,9.720000267028809
nan,nan,nan,nan,72.624946102007,nan,0.5333719253540039,9.720000267028809
nan,nan,nan,nan,15.434825978420632,nan,0.5333719253540039,9.720000267028809
nan,nan,nan,nan,27.84835457517965,nan,0.5333719253540039,9.720000267028809
nan,nan,nan,nan,nan,nan,0.5333719253540039,9.720000267028809
nan,nan,nan,nan,nan,nan,3.734670639038086,8.510000228881836
nan,nan,nan,nan,nan,nan,3.734670639038086,8.510000228881836
nan,nan,nan,nan,nan,nan,3.734670639038086,8.510000228881836
nan,nan,nan,nan,nan,nan,3.734670639038086,8.510000228881836
nan,nan,nan,nan,nan,nan,3.734670639038086,8.510000228881836
nan,nan,nan,nan,nan,nan,1.2204385995864868,10.520000457763672
nan,nan,nan,nan,nan,nan,1.2204385995864868,10.520000457763672
nan,nan,nan,nan,nan,nan,1.2204385995864868,10.520000457763672
nan,nan,nan,nan,nan,nan,1.2204385995864868,10.520000457763672
nan,nan,nan,nan,nan,nan,1.2204385995864868,10.520000457763672
nan,nan,nan,nan,nan,nan,0.9544622302055359,11.220000267028809
nan,nan,nan,nan,nan,nan,0.9544622302055359,11.220000267028809
nan,nan,nan,nan,nan,nan,0.9544622302055359,11.220000267028809
nan,nan,nan,nan,nan,nan,0.9544622302055359,11.220000267028809
nan,nan,nan,nan,nan,nan,0.9544622302055359,11.220000267028809
nan,nan,nan,nan,nan,nan,1.1084654331207275,8.800000190734863
nan,nan,nan,nan,nan,nan,1.1084654331207275,8.800000190734863
nan,nan,nan,nan,nan,nan,1.1084654331207275,8.800000190734863
nan,nan,nan,nan,nan,nan,1.1084654331207275,8.800000190734863
nan,nan,nan,nan,nan,nan,1.1084654331207275,8.800000190734863
nan,nan,nan,nan,nan,nan,3.327244758605957,7.690000057220459
nan,nan,nan,nan,nan,nan,3.327244758605957,7.690000057220459
nan,nan,nan,nan,nan,nan,3.327244758605957,7.690000057220459
nan,nan,nan,nan,nan,nan,3.327244758605957,7.690000057220459
nan,nan,nan,nan,nan,nan,3.327244758605957,7.690000057220459
nan,nan,nan,nan,nan,nan,1.015950083732605,8.84000015258789
nan,nan,nan,nan,nan,nan,1.015950083732605,8.84000015258789
nan,nan,nan,nan,nan,nan,1.015950083732605,8.84000015258789
nan,nan,nan,nan,nan,nan,1.015950083732605,8.84000015258789
nan,nan,nan,nan,nan,nan,1.015950083732605,8.84000015258789
nan,nan,nan,nan,nan,nan,2.997089147567749,8.34000015258789
nan,nan,nan,nan,nan,nan,2.997089147567749,8.34000015258789
nan,nan,nan,nan,nan,nan,2.997089147567749,8.34000015258789
nan,nan,nan,nan,nan,nan,2.997089147567749,8.34000015258789
nan,nan,nan,nan,nan,nan,2.997089147567749,8.34000015258789
0.8305567651029924,0.057793326841004904,0.09214041126907697,0.03477425765089877,201.86990454343004,72.57166026011349,0.522853672504425,8.989999771118164
0.8305567651029924,0.057793326841004904,0.09214041126907697,0.03477425765089877,132.96090303135733,47.52180806729466,0.522853672504425,8.989999771118164
0.8305567651029924,0.057793326841004904,0.09214041126907697,0.03477425765089877,5.21722721445495,1.9220860267987443,0.522853672504425,8.989999771118164
0.8305567651029924,0.057793326841004904,0.09214041126907697,0.03477425765089877,848.0125095142432,299.00776904603043,0.522853672504425,8.989999771118164
0.8305567651029924,0.057793326841004904,0.09214041126907697,0.03477425765089877,nan,nan,0.522853672504425,8.989999771118164
nan,nan,nan,nan,nan,nan,1.1237742900848389,8.75
nan,nan,nan,nan,nan,nan,1.1237742900848389,8.75
nan,nan,nan,nan,nan,nan,1.1237742900848389,8.75
nan,nan,nan,nan,nan,nan,1.1237742900848389,8.75
nan,nan,nan,nan,nan,nan,1.1237742900848389,8.75
1.230414687868491,0.18028847249885638,0.24429548159208506,0.08668786920892609,18.070961020626836,1.7429259837014426,0.7313658595085144,8.869999885559082
1.230414687868491,0.18028847249885638,0.24429548159208506,0.08668786920892609,634.8408767783225,64.4448017532534,0.7313658595085144,8.869999885559082
1.230414687868491,0.18028847249885638,0.24429548159208506,0.08668786920892609,nan,nan,0.7313658595085144,8.869999885559082
1.230414687868491,0.18028847249885638,0.24429548159208506,0.08668786920892609,15.239318518218841,1.5296956181468468,0.7313658595085144,8.869999885559082
1.230414687868491,0.18028847249885638,0.24429548159208506,0.08668786920892609,815.7915605195258,76.84598728566765,0.7313658595085144,8.869999885559082
nan,nan,nan,nan,nan,nan,1.1090857982635498,8.369999885559082
nan,nan,nan,nan,nan,nan,1.1090857982635498,8.369999885559082
nan,nan,nan,nan,nan,nan,1.1090857982635498,8.369999885559082
nan,nan,nan,nan,nan,nan,1.1090857982635498,8.369999885559082
nan,nan,nan,nan,nan,nan,1.1090857982635498,8.369999885559082
nan,nan,0.22375569919264643,0.10762449242883312,23.22477291789806,nan,0.7331787347793579,8.609999656677246
nan,nan,0.22375569919264643,0.10762449242883312,159.07030691012034,nan,0.7331787347793579,8.609999656677246
nan,nan,0.22375569919264643,0.10762449242883312,8.247856770493863,nan,0.7331787347793579,8.609999656677246
nan,nan,0.22375569919264643,0.10762449242883312,23.376166744715707,nan,0.7331787347793579,8.609999656677246
nan,nan,0.22375569919264643,0.10762449242883312,nan,nan,0.7331787347793579,8.609999656677246
nan,nan,nan,nan,nan,nan,1.4365142583847046,8.510000228881836
nan,nan,nan,nan,nan,nan,1.4365142583847046,8.510000228881836
nan,nan,nan,nan,nan,nan,1.4365142583847046,8.510000228881836
nan,nan,nan,nan,nan,nan,1.4365142583847046,8.510000228881836
nan,nan,nan,nan,nan,nan,1.4365142583847046,8.510000228881836
nan,nan,nan,nan,nan,nan,1.0329068899154663,10.649999618530273
nan,nan,nan,nan,nan,nan,1.0329068899154663,10.649999618530273
nan,nan,nan,nan,nan,nan,1.0329068899154663,10.649999618530273
nan,nan,nan,nan,nan,nan,1.0329068899154663,10.649999618530273
nan,nan,nan,nan,nan,nan,1.0329068899154663,10.649999618530273
nan,nan,nan,nan,27.450852032881837,nan,0.7320030331611633,9.210000038146973
nan,nan,nan,nan,0.7992573545901588,nan,0.7320030331611633,9.210000038146973
nan,nan,nan,nan,nan,nan,0.7320030331611633,9.210000038146973
nan,nan,nan,nan,61.40189493650055,nan,0.7320030331611633,9.210000038146973
nan,nan,nan,nan,1.9722941230777016,nan,0.7320030331611633,9.210000038146973
nan,nan,nan,nan,nan,nan,0.23163482546806335,9.369999885559082
nan,nan,nan,nan,22.5473009940786,161.85188762443775,0.23163482546806335,9.369999885559082
nan,nan,nan,nan,23.673269948592687,182.63631334017856,0.23163482546806335,9.369999885559082
nan,nan,nan,nan,0.11599704702405941,0.8000871987890389,0.23163482546806335,9.369999885559082
nan,nan,nan,nan,0.751489312222617,6.995830873375269,0.23163482546806335,9.369999885559082
nan,nan,nan,nan,nan,nan,1.1101874113082886,10.279999732971191
nan,nan,nan,nan,nan,nan,1.1101874113082886,10.279999732971191
nan,nan,nan,nan,nan,nan,1.1101874113082886,10.279999732971191
nan,nan,nan,nan,nan,nan,1.1101874113082886,10.279999732971191
nan,nan,nan,nan,nan,nan,1.1101874113082886,10.279999732971191
nan,nan,nan,nan,nan,nan,1.0170793533325195,8.829999923706055
nan,nan,nan,nan,nan,nan,1.0170793533325195,8.829999923706055
nan,nan,nan,nan,nan,nan,1.0170793533325195,8.829999923706055
nan,nan,nan,nan,nan,nan,1.0170793533325195,8.829999923706055
nan,nan,nan,nan,nan,nan,1.0170793533325195,8.829999923706055
nan,nan,nan,nan,38.8966314290721,nan,0.7369798421859741,10.800000190734863
nan,nan,nan,nan,223.80423262511582,nan,0.7369798421859741,10.800000190734863
nan,nan,nan,nan,0.5137987585805576,nan,0.7369798421859741,10.800000190734863
nan,nan,nan,nan,76.43952171968148,nan,0.7369798421859741,10.800000190734863
nan,nan,nan,nan,nan,nan,0.7369798421859741,10.800000190734863
nan,nan,nan,nan,nan,nan,0.9643309116363525,9.460000038146973
nan,nan,nan,nan,nan,nan,0.9643309116363525,9.460000038146973
nan,nan,nan,nan,nan,nan,0.9643309116363525,9.460000038146973
nan,nan,nan,nan,nan,nan,0.9643309116363525,9.460000038146973
nan,nan,nan,nan,nan,nan,0.9643309116363525,9.460000038146973
1.5555030170485251,0.4321077826217765,-0.45308684007100103,0.051543491350797284,nan,nan,0.4192095994949341,9.329999923706055
1.5555030170485251,0.4321077826217765,-0.45308684007100103,0.051543491350797284,104.20099574834866,13.606955733296973,0.4192095994949341,9.329999923706055
1.5555030170485251,0.4321077826217765,-0.45308684007100103,0.051543491350797284,54.314685959068186,6.700385921542038,0.4192095994949341,9.329999923706055
1.5555030170485251,0.4321077826217765,-0.45308684007100103,0.051543491350797284,170.30760230667696,20.879347491658915,0.4192095994949341,9.329999923706055
1.5555030170485251,0.4321077826217765,-0.45308684007100103,0.051543491350797284,1.4906002655658532,0.1968617960063005,0.4192095994949341,9.329999923706055
nan,nan,nan,nan,nan,nan,0.9972585439682007,9.319999694824219
nan,nan,nan,nan,nan,nan,0.9972585439682007,9.319999694824219
nan,nan,nan,nan,nan,nan,0.9972585439682007,9.319999694824219
nan,nan,nan,nan,nan,nan,0.9972585439682007,9.319999694824219
nan,nan,nan,nan,nan,nan,0.9972585439682007,9.319999694824219
nan,nan,nan,nan,nan,nan,0.8405928611755371,7.510000228881836
nan,nan,nan,nan,778.8894726585506,178.21306781592943,0.8405928611755371,7.510000228881836
nan,nan,nan,nan,30.487802259013346,6.643983224707424,0.8405928611755371,7.510000228881836
nan,nan,nan,nan,49.391078261805674,10.644373305745724,0.8405928611755371,7.510000228881836
nan,nan,nan,nan,52.125428572433286,11.841532953706981,0.8405928611755371,7.510000228881836
nan,nan,nan,nan,100.937982217689,49.70510374459372,0.726844847202301,9.699999809265137
nan,nan,nan,nan,36.61229008580145,17.173318915945543,0.726844847202301,9.699999809265137
nan,nan,nan,nan,1.042398777114815,0.522314896160523,0.726844847202301,9.699999809265137
nan,nan,nan,nan,nan,nan,0.726844847202301,9.699999809265137
nan,nan,nan,nan,57.18978487836449,28.063916176948766,0.726844847202301,9.699999809265137
nan,nan,nan,nan,nan,nan,0.7326304912567139,8.739999771118164
nan,nan,nan,nan,nan,nan,0.7326304912567139,8.739999771118164
nan,nan,nan,nan,nan,nan,0.7326304912567139,8.739999771118164
nan,nan,nan,nan,nan,nan,0.7326304912567139,8.739999771118164
nan,nan,nan,nan,nan,nan,0.7326304912567139,8.739999771118164
nan,nan,nan,nan,121.58826764927389,nan,0.46569108963012695,8.510000228881836
nan,nan,nan,nan,16.63452056043676,nan,0.46569108963012695,8.510000228881836
nan,nan,nan,nan,6.994748884964235,nan,0.46569108963012695,8.510000228881836
nan,nan,nan,nan,nan,nan,0.46569108963012695,8.510000228881836
nan,nan,nan,nan,9.314695033056841,nan,0.46569108963012695,8.510000228881836
nan,nan,nan,nan,nan,nan,1.2247906923294067,9.680000305175781
nan,nan,nan,nan,nan,nan,1.2247906923294067,9.680000305175781
nan,nan,nan,nan,nan,nan,1.2247906923294067,9.680000305175781
nan,nan,nan,nan,nan,nan,1.2247906923294067,9.680000305175781
nan,nan,nan,nan,nan,nan,1.2247906923294067,9.680000305175781
nan,nan,nan,nan,7.660665338571492,5.829372727019047,0.4186699092388153,8.3100004196167
nan,nan,nan,nan,2.222682348453414,1.7672352213487619,0.4186699092388153,8.3100004196167
nan,nan,nan,nan,nan,nan,0.4186699092388153,8.3100004196167
nan,nan,nan,nan,11.618944680408546,9.36227699575067,0.4186699092388153,8.3100004196167
nan,nan,nan,nan,24.43605506653597,19.951048291608576,0.4186699092388153,8.3100004196167
nan,nan,nan,nan,nan,nan,0.9531704187393188,10.850000381469727
nan,nan,nan,nan,nan,nan,0.9531704187393188,10.850000381469727
nan,nan,nan,nan,nan,nan,0.9531704187393188,10.850000381469727
nan,nan,nan,nan,nan,nan,0.9531704187393188,10.850000381469727
nan,nan,nan,nan,nan,nan,0.9531704187393188,10.850000381469727
nan,nan,nan,nan,78.83626219117572,nan,0.6100214719772339,7.900000095367432
nan,nan,nan,nan,7.145391906362614,nan,0.6100214719772339,7.900000095367432
nan,nan,nan,nan,8.418108672696096,nan,0.6100214719772339,7.900000095367432
nan,nan,nan,nan,nan,nan,0.6100214719772339,7.900000095367432
nan,nan,nan,nan,14.553673682860994,nan,0.6100214719772339,7.900000095367432
nan,nan,nan,nan,nan,nan,1.287896990776062,10.010000228881836
nan,nan,nan,nan,nan,nan,1.287896990776062,10.010000228881836
nan,nan,nan,nan,nan,nan,1.287896990776062,10.010000228881836
nan,nan,nan,nan,nan,nan,1.287896990776062,10.010000228881836
nan,nan,nan,nan,nan,nan,1.287896990776062,10.010000228881836
nan,nan,nan,nan,nan,nan,0.8736612200737,7.730000019073486
nan,nan,nan,nan,nan,nan,0.8736612200737,7.730000019073486
nan,nan,nan,nan,nan,nan,0.8736612200737,7.730000019073486
nan,nan,nan,nan,nan,nan,0.8736612200737,7.730000019073486
nan,nan,nan,nan,nan,nan,0.8736612200737,7.730000019073486
0.7812915944024922,0.015484143689829099,-0.30894923794943907,0.014366671947190999,1346.625710332769,828.4455444599635,0.3662033975124359,9.329999923706055
0.7812915944024922,0.015484143689829099,-0.30894923794943907,0.014366671947190999,nan,nan,0.3662033975124359,9.329999923706055
0.7812915944024922,0.015484143689829099,-0.30894923794943907,0.014366671947190999,137.84801979355552,93.16831565423131,0.3662033975124359,9.329999923706055
0.7812915944024922,0.015484143689829099,-0.30894923794943907,0.014366671947190999,1.610422446281423,1.0407433825602976,0.3662033975124359,9.329999923706055
0.7812915944024922,0.015484143689829099,-0.30894923794943907,0.014366671947190999,659.6825652458182,423.1004550100253,0.3662033975124359,9.329999923706055
nan,nan,nan,nan,nan,nan,1.2210506200790405,9.329999923706055
nan,nan,nan,nan,nan,nan,1.2210506200790405,9.329999923706055
nan,nan,nan,nan,nan,nan,1.2210506200790405,9.329999923706055
nan,nan,nan,nan,nan,nan,1.2210506200790405,9.329999923706055
nan,nan,nan,nan,nan,nan,1.2210506200790405,9.329999923706055
0.9179541524307298,0.06322172573789722,-0.15965291122630537,0.04115104352332132,nan,nan,0.3324725329875946,8.539999961853027
0.9179541524307298,0.06322172573789722,-0.15965291122630537,0.04115104352332132,75.91004536867293,28.96508845836439,0.3324725329875946,8.539999961853027
0.9179541524307298,0.06322172573789722,-0.15965291122630537,0.04115104352332132,2.4163915155263602,0.9410823610022558,0.3324725329875946,8.539999961853027
0.9179541524307298,0.06322172573789722,-0.15965291122630537,0.04115104352332132,123.61363826061228,48.71297748532003,0.3324725329875946,8.539999961853027
0.9179541524307298,0.06322172573789722,-0.15965291122630537,0.04115104352332132,24.566641740952196,9.212330720180487,0.3324725329875946,8.539999961853027
0.6127063383450159,0.10806141073391956,0.5506334514281325,0.14957936140464,298.9958716032031,114.72138808247732,0.6799395084381104,7.920000076293945
0.6127063383450159,0.10806141073391956,0.5506334514281325,0.14957936140464,350.43224921743655,136.3209951651659,0.6799395084381104,7.920000076293945
0.6127063383450159,0.10806141073391956,0.5506334514281325,0.14957936140464,nan,nan,0.6799395084381104,7.920000076293945
0.6127063383450159,0.10806141073391956,0.5506334514281325,0.14957936140464,38.09222642728777,14.589492158167218,0.6799395084381104,7.920000076293945
0.6127063383450159,0.10806141073391956,0.5506334514281325,0.14957936140464,104.75821553660825,40.55706806518763,0.6799395084381104,7.920000076293945
nan,nan,nan,nan,nan,nan,0.9528012275695801,9.1899995803833
nan,nan,nan,nan,nan,nan,0.9528012275695801,9.1899995803833
nan,nan,nan,nan,nan,nan,0.9528012275695801,9.1899995803833
nan,nan,nan,nan,nan,nan,0.9528012275695801,9.1899995803833
nan,nan,nan,nan,nan,nan,0.9528012275695801,9.1899995803833
nan,nan,nan,nan,nan,nan,0.9603785872459412,9.430000305175781
nan,nan,nan,nan,nan,nan,0.9603785872459412,9.430000305175781
nan,nan,nan,nan,nan,nan,0.9603785872459412,9.430000305175781
nan,nan,nan,nan,nan,nan,0.9603785872459412,9.430000305175781
nan,nan,nan,nan,nan,nan,0.9603785872459412,9.430000305175781
nan,nan,nan,nan,nan,nan,0.8927566409111023,9.1899995803833
nan,nan,nan,nan,nan,69.71018723245471,0.8927566409111023,9.1899995803833
nan,nan,nan,nan,nan,3.4174523600989635,0.8927566409111023,9.1899995803833
nan,nan,nan,nan,nan,50.6882625957954,0.8927566409111023,9.1899995803833
nan,nan,nan,nan,nan,467.8122024146354,0.8927566409111023,9.1899995803833
nan,nan,nan,nan,nan,nan,1.0175482034683228,8.119999885559082
nan,nan,nan,nan,nan,nan,1.0175482034683228,8.119999885559082
nan,nan,nan,nan,nan,nan,1.0175482034683228,8.119999885559082
nan,nan,nan,nan,nan,nan,1.0175482034683228,8.119999885559082
nan,nan,nan,nan,nan,nan,1.0175482034683228,8.119999885559082
nan,nan,nan,nan,nan,nan,3.711948871612549,7.5
nan,nan,nan,nan,nan,nan,3.711948871612549,7.5
nan,nan,nan,nan,nan,nan,3.711948871612549,7.5
nan,nan,nan,nan,nan,nan,3.711948871612549,7.5
nan,nan,nan,nan,nan,nan,3.711948871612549,7.5
nan,nan,nan,nan,nan,nan,1.223506212234497,9.039999961853027
nan,nan,nan,nan,nan,nan,1.223506212234497,9.039999961853027
nan,nan,nan,nan,nan,nan,1.223506212234497,9.039999961853027
nan,nan,nan,nan,nan,nan,1.223506212234497,9.039999961853027
nan,nan,nan,nan,nan,nan,1.223506212234497,9.039999961853027
nan,nan,nan,nan,nan,nan,1.2646210193634033,8.800000190734863
nan,nan,nan,nan,nan,nan,1.2646210193634033,8.800000190734863
nan,nan,nan,nan,nan,nan,1.2646210193634033,8.800000190734863
nan,nan,nan,nan,nan,nan,1.2646210193634033,8.800000190734863
nan,nan,nan,nan,nan,nan,1.2646210193634033,8.800000190734863
nan,nan,nan,nan,nan,nan,1.2243423461914062,10.449999809265137
nan,nan,nan,nan,nan,nan,1.2243423461914062,10.449999809265137
nan,nan,nan,nan,nan,nan,1.2243423461914062,10.449999809265137
nan,nan,nan,nan,nan,nan,1.2243423461914062,10.449999809265137
nan,nan,nan,nan,nan,nan,1.2243423461914062,10.449999809265137
nan,nan,nan,nan,nan,nan,4.055493354797363,9.039999961853027
nan,nan,nan,nan,nan,nan,4.055493354797363,9.039999961853027
nan,nan,nan,nan,nan,nan,4.055493354797363,9.039999961853027
nan,nan,nan,nan,nan,nan,4.055493354797363,9.039999961853027
nan,nan,nan,nan,nan,nan,4.055493354797363,9.039999961853027
nan,nan,nan,nan,84.4100102095271,nan,0.2273762822151184,8.210000038146973
nan,nan,nan,nan,1.3676576418314976,nan,0.2273762822151184,8.210000038146973
nan,nan,nan,nan,8.376944359527517,nan,0.2273762822151184,8.210000038146973
nan,nan,nan,nan,nan,nan,0.2273762822151184,8.210000038146973
nan,nan,nan,nan,143.11842185355206,nan,0.2273762822151184,8.210000038146973
nan,nan,nan,nan,nan,nan,1.0346293449401855,9.289999961853027
nan,nan,nan,nan,nan,nan,1.0346293449401855,9.289999961853027
nan,nan,nan,nan,nan,nan,1.0346293449401855,9.289999961853027
nan,nan,nan,nan,nan,nan,1.0346293449401855,9.289999961853027
nan,nan,nan,nan,nan,nan,1.0346293449401855,9.289999961853027
nan,nan,nan,nan,nan,nan,0.8961727023124695,8.760000228881836
nan,nan,nan,nan,nan,nan,0.8961727023124695,8.760000228881836
nan,nan,nan,nan,nan,nan,0.8961727023124695,8.760000228881836
nan,nan,nan,nan,nan,nan,0.8961727023124695,8.760000228881836
nan,nan,nan,nan,nan,nan,0.8961727023124695,8.760000228881836
nan,nan,nan,nan,nan,nan,0.9944035410881042,8.569999694824219
nan,nan,nan,nan,nan,nan,0.9944035410881042,8.569999694824219
nan,nan,nan,nan,nan,nan,0.9944035410881042,8.569999694824219
nan,nan,nan,nan,nan,nan,0.9944035410881042,8.569999694824219
nan,nan,nan,nan,nan,nan,0.9944035410881042,8.569999694824219
nan,nan,nan,nan,nan,nan,1.0180513858795166,8.710000038146973
nan,nan,nan,nan,nan,nan,1.0180513858795166,8.710000038146973
nan,nan,nan,nan,nan,nan,1.0180513858795166,8.710000038146973
nan,nan,nan,nan,nan,nan,1.0180513858795166,8.710000038146973
nan,nan,nan,nan,nan,nan,1.0180513858795166,8.710000038146973
nan,nan,nan,nan,nan,nan,3.192227363586426,8.6899995803833
nan,nan,nan,nan,nan,nan,3.192227363586426,8.6899995803833
nan,nan,nan,nan,nan,nan,3.192227363586426,8.6899995803833
nan,nan,nan,nan,nan,nan,3.192227363586426,8.6899995803833
nan,nan,nan,nan,nan,nan,3.192227363586426,8.6899995803833
nan,nan,0.32482624198554383,0.22797300557446767,5.170847133665505,nan,0.3093631863594055,7.28000020980835
nan,nan,0.32482624198554383,0.22797300557446767,6.27402383459365,nan,0.3093631863594055,7.28000020980835
nan,nan,0.32482624198554383,0.22797300557446767,30.67480814585712,nan,0.3093631863594055,7.28000020980835
nan,nan,0.32482624198554383,0.22797300557446767,nan,nan,0.3093631863594055,7.28000020980835
nan,nan,0.32482624198554383,0.22797300557446767,54.359449404516134,nan,0.3093631863594055,7.28000020980835
nan,nan,nan,nan,74.24190480133421,nan,0.8397139310836792,9.329999923706055
nan,nan,nan,nan,nan,nan,0.8397139310836792,9.329999923706055
nan,nan,nan,nan,nan,nan,0.8397139310836792,9.329999923706055
nan,nan,nan,nan,5.605461770259578,nan,0.8397139310836792,9.329999923706055
nan,nan,nan,nan,40.961436199862895,nan,0.8397139310836792,9.329999923706055
0.9969337960846002,0.15394644032420415,-0.1820350197335364,0.05749297237400826,12.38033796429702,3.9096212293361106,0.7257170677185059,9.420000076293945
0.9969337960846002,0.15394644032420415,-0.1820350197335364,0.05749297237400826,2.874887273521492,0.8943629666709559,0.7257170677185059,9.420000076293945
0.9969337960846002,0.15394644032420415,-0.1820350197335364,0.05749297237400826,8.98566419236772,3.061634088099001,0.7257170677185059,9.420000076293945
0.9969337960846002,0.15394644032420415,-0.1820350197335364,0.05749297237400826,nan,nan,0.7257170677185059,9.420000076293945
0.9969337960846002,0.15394644032420415,-0.1820350197335364,0.05749297237400826,528.1986038835015,169.92432568746253,0.7257170677185059,9.420000076293945
nan,nan,nan,nan,nan,nan,1.2237995862960815,8.930000305175781
nan,nan,nan,nan,nan,nan,1.2237995862960815,8.930000305175781
nan,nan,nan,nan,nan,nan,1.2237995862960815,8.930000305175781
nan,nan,nan,nan,nan,nan,1.2237995862960815,8.930000305175781
nan,nan,nan,nan,nan,nan,1.2237995862960815,8.930000305175781
nan,nan,nan,nan,149.3436072005215,59.773528204642886,0.731948733329773,8.75
nan,nan,nan,nan,4.876752806578789,2.025259211960305,0.731948733329773,8.75
nan,nan,nan,nan,0.2103923258409539,0.08796665700613467,0.731948733329773,8.75
nan,nan,nan,nan,13.791920687954246,5.758227302775403,0.731948733329773,8.75
nan,nan,nan,nan,nan,nan,0.731948733329773,8.75
nan,nan,nan,nan,nan,nan,4.8113274574279785,8.300000190734863
nan,nan,nan,nan,nan,nan,4.8113274574279785,8.300000190734863
nan,nan,nan,nan,nan,nan,4.8113274574279785,8.300000190734863
nan,nan,nan,nan,nan,nan,4.8113274574279785,8.300000190734863
nan,nan,nan,nan,nan,nan,4.8113274574279785,8.300000190734863
nan,nan,nan,nan,nan,nan,3.476720094680786,9.699999809265137
nan,nan,nan,nan,nan,nan,3.476720094680786,9.699999809265137
nan,nan,nan,nan,nan,nan,3.476720094680786,9.699999809265137
nan,nan,nan,nan,nan,nan,3.476720094680786,9.699999809265137
nan,nan,nan,nan,nan,nan,3.476720094680786,9.699999809265137
nan,nan,nan,nan,nan,nan,1.0172514915466309,9.109999656677246
nan,nan,nan,nan,nan,nan,1.0172514915466309,9.109999656677246
nan,nan,nan,nan,nan,nan,1.0172514915466309,9.109999656677246
nan,nan,nan,nan,nan,nan,1.0172514915466309,9.109999656677246
nan,nan,nan,nan,nan,nan,1.0172514915466309,9.109999656677246
0.9512005937280713,0.0884330484791861,-0.28243843590475237,0.10344936249669198,2.558288131952584,1.0101002278589903,0.7348326444625854,9.4399995803833
0.9512005937280713,0.0884330484791861,-0.28243843590475237,0.10344936249669198,nan,nan,0.7348326444625854,9.4399995803833
0.9512005937280713,0.0884330484791861,-0.28243843590475237,0.10344936249669198,6.896058006943817,2.740483647003963,0.7348326444625854,9.4399995803833
0.9512005937280713,0.0884330484791861,-0.28243843590475237,0.10344936249669198,128.0404105855885,49.56657480357256,0.7348326444625854,9.4399995803833
0.9512005937280713,0.0884330484791861,-0.28243843590475237,0.10344936249669198,149.78517880006166,65.74564498644867,0.7348326444625854,9.4399995803833
nan,nan,nan,nan,20.893768454226485,6.051331604587066,0.7362098693847656,8.3100004196167
nan,nan,nan,nan,1.1898596455020058,0.384050334977878,0.7362098693847656,8.3100004196167
nan,nan,nan,nan,9.014961403873587,2.796745476312967,0.7362098693847656,8.3100004196167
nan,nan,nan,nan,nan,nan,0.7362098693847656,8.3100004196167
nan,nan,nan,nan,nan,nan,0.7362098693847656,8.3100004196167
nan,nan,nan,nan,206.86504973862577,nan,0.3654901683330536,10.329999923706055
nan,nan,nan,nan,0.053244165962038716,nan,0.3654901683330536,10.329999923706055
nan,nan,nan,nan,nan,nan,0.3654901683330536,10.329999923706055
nan,nan,nan,nan,12.19493798835008,nan,0.3654901683330536,10.329999923706055
nan,nan,nan,nan,20.741298346662166,nan,0.3654901683330536,10.329999923706055
nan,nan,nan,nan,0.6095459079745428,nan,0.7272725105285645,9.270000457763672
nan,nan,nan,nan,nan,nan,0.7272725105285645,9.270000457763672
nan,nan,nan,nan,15.002265901436123,nan,0.7272725105285645,9.270000457763672
nan,nan,nan,nan,2.3616178604709557,nan,0.7272725105285645,9.270000457763672
nan,nan,nan,nan,227.6585721490079,nan,0.7272725105285645,9.270000457763672
nan,nan,nan,nan,nan,nan,1.4701178073883057,10.489999771118164
nan,nan,nan,nan,nan,nan,1.4701178073883057,10.489999771118164
nan,nan,nan,nan,nan,nan,1.4701178073883057,10.489999771118164
nan,nan,nan,nan,nan,nan,1.4701178073883057,10.489999771118164
nan,nan,nan,nan,nan,nan,1.4701178073883057,10.489999771118164
nan,nan,nan,nan,31.22026997383035,12.18823880430634,0.5322141051292419,8.869999885559082
nan,nan,nan,nan,nan,nan,0.5322141051292419,8.869999885559082
nan,nan,nan,nan,1.412835981333172,0.5799387545334559,0.5322141051292419,8.869999885559082
nan,nan,nan,nan,160.89316105105357,63.99723473377181,0.5322141051292419,8.869999885559082
nan,nan,nan,nan,108.22449424978323,40.76756748882781,0.5322141051292419,8.869999885559082
0.8168816246788398,0.06855185222559018,-0.21447823431741486,0.05382077593812663,62.43409504489589,34.27855257416148,0.3336279094219208,9.4399995803833
0.8168816246788398,0.06855185222559018,-0.21447823431741486,0.05382077593812663,nan,nan,0.3336279094219208,9.4399995803833
0.8168816246788398,0.06855185222559018,-0.21447823431741486,0.05382077593812663,229.3698854278463,126.57262867992728,0.3336279094219208,9.4399995803833
0.8168816246788398,0.06855185222559018,-0.21447823431741486,0.05382077593812663,30.5087355962175,16.686242944096893,0.3336279094219208,9.4399995803833
0.8168816246788398,0.06855185222559018,-0.21447823431741486,0.05382077593812663,1.0900052845537356,0.6204230762229616,0.3336279094219208,9.4399995803833
nan,nan,nan,nan,11.541302193624693,3.7946310424840175,0.6702725291252136,8.050000190734863
nan,nan,nan,nan,nan,nan,0.6702725291252136,8.050000190734863
nan,nan,nan,nan,99.35315295444335,34.269761798897946,0.6702725291252136,8.050000190734863
nan,nan,nan,nan,77.75753031043813,26.36628868614266,0.6702725291252136,8.050000190734863
nan,nan,nan,nan,166.51297106222057,57.851070121255496,0.6702725291252136,8.050000190734863
nan,nan,nan,nan,nan,nan,1.2197482585906982,8.989999771118164
nan,nan,nan,nan,nan,nan,1.2197482585906982,8.989999771118164
nan,nan,nan,nan,nan,nan,1.2197482585906982,8.989999771118164
nan,nan,nan,nan,nan,nan,1.2197482585906982,8.989999771118164
nan,nan,nan,nan,nan,nan,1.2197482585906982,8.989999771118164
nan,nan,nan,nan,nan,nan,3.6343586444854736,nan
nan,nan,nan,nan,nan,nan,3.6343586444854736,nan
nan,nan,nan,nan,nan,nan,3.6343586444854736,nan
nan,nan,nan,nan,nan,nan,3.6343586444854736,nan
nan,nan,nan,nan,nan,nan,3.6343586444854736,nan
nan,nan,nan,nan,nan,nan,0.29546836018562317,8.109999656677246
nan,nan,nan,nan,nan,nan,0.29546836018562317,8.109999656677246
nan,nan,nan,nan,nan,nan,0.29546836018562317,8.109999656677246
nan,nan,nan,nan,nan,nan,0.29546836018562317,8.109999656677246
nan,nan,nan,nan,nan,nan,0.29546836018562317,8.109999656677246
nan,nan,nan,nan,nan,nan,0.5224049091339111,10.1899995803833
nan,nan,nan,nan,nan,nan,0.5224049091339111,10.1899995803833
nan,nan,nan,nan,nan,nan,0.5224049091339111,10.1899995803833
nan,nan,nan,nan,nan,nan,0.5224049091339111,10.1899995803833
nan,nan,nan,nan,nan,nan,0.5224049091339111,10.1899995803833
nan,nan,nan,nan,nan,nan,4.708285808563232,8.84000015258789
nan,nan,nan,nan,nan,nan,4.708285808563232,8.84000015258789
nan,nan,nan,nan,nan,nan,4.708285808563232,8.84000015258789
nan,nan,nan,nan,nan,nan,4.708285808563232,8.84000015258789
nan,nan,nan,nan,nan,nan,4.708285808563232,8.84000015258789
nan,nan,nan,nan,nan,nan,1.3179701566696167,8.729999542236328
nan,nan,nan,nan,nan,nan,1.3179701566696167,8.729999542236328
nan,nan,nan,nan,nan,nan,1.3179701566696167,8.729999542236328
nan,nan,nan,nan,nan,nan,1.3179701566696167,8.729999542236328
nan,nan,nan,nan,nan,nan,1.3179701566696167,8.729999542236328
nan,nan,nan,nan,nan,nan,1.3060575723648071,9.199999809265137
nan,nan,nan,nan,nan,nan,1.3060575723648071,9.199999809265137
nan,nan,nan,nan,nan,nan,1.3060575723648071,9.199999809265137
nan,nan,nan,nan,nan,nan,1.3060575723648071,9.199999809265137
nan,nan,nan,nan,nan,nan,1.3060575723648071,9.199999809265137
nan,nan,nan,nan,nan,nan,0.36646485328674316,9.390000343322754
nan,nan,nan,nan,nan,nan,0.36646485328674316,9.390000343322754
nan,nan,nan,nan,nan,nan,0.36646485328674316,9.390000343322754
nan,nan,nan,nan,nan,nan,0.36646485328674316,9.390000343322754
nan,nan,nan,nan,nan,nan,0.36646485328674316,9.390000343322754
nan,nan,nan,nan,30.02286344512916,5.663127378236396,0.7362933158874512,7.75
nan,nan,nan,nan,nan,nan,0.7362933158874512,7.75
nan,nan,nan,nan,260.7544905593933,49.22991352677056,0.7362933158874512,7.75
nan,nan,nan,nan,176.74757148745763,34.92284068417189,0.7362933158874512,7.75
nan,nan,nan,nan,147.27418097167944,28.24184861174651,0.7362933158874512,7.75
nan,nan,nan,nan,nan,nan,0.6900199055671692,8.130000114440918
nan,nan,nan,nan,275.22521537954447,110.97595631570299,0.6900199055671692,8.130000114440918
nan,nan,nan,nan,22.103961707975273,8.724912021023872,0.6900199055671692,8.130000114440918
nan,nan,nan,nan,nan,nan,0.6900199055671692,8.130000114440918
nan,nan,nan,nan,10.854605532988302,4.167696089098838,0.6900199055671692,8.130000114440918
nan,nan,nan,nan,nan,nan,0.9557029008865356,9.630000114440918
nan,nan,nan,nan,nan,nan,0.9557029008865356,9.630000114440918
nan,nan,nan,nan,nan,nan,0.9557029008865356,9.630000114440918
nan,nan,nan,nan,nan,nan,0.9557029008865356,9.630000114440918
nan,nan,nan,nan,nan,nan,0.9557029008865356,9.630000114440918
nan,nan,nan,nan,nan,nan,1.177121639251709,8.710000038146973
nan,nan,nan,nan,nan,nan,1.177121639251709,8.710000038146973
nan,nan,nan,nan,nan,nan,1.177121639251709,8.710000038146973
nan,nan,nan,nan,nan,nan,1.177121639251709,8.710000038146973
nan,nan,nan,nan,nan,nan,1.177121639251709,8.710000038146973
0.7761760125449516,0.08034768173813707,0.126017342920204,0.07038801713234144,31.93644665272709,11.815041780013724,0.52443927526474,8.800000190734863
0.7761760125449516,0.08034768173813707,0.126017342920204,0.07038801713234144,93.08535646984727,35.860089772915686,0.52443927526474,8.800000190734863
0.7761760125449516,0.08034768173813707,0.126017342920204,0.07038801713234144,nan,nan,0.52443927526474,8.800000190734863
0.7761760125449516,0.08034768173813707,0.126017342920204,0.07038801713234144,97.95235164439777,35.82959535398482,0.52443927526474,8.800000190734863
0.7761760125449516,0.08034768173813707,0.126017342920204,0.07038801713234144,5.515289963143706,2.054155321759165,0.52443927526474,8.800000190734863
nan,nan,nan,nan,nan,nan,0.95315021276474,9.039999961853027
nan,nan,nan,nan,nan,nan,0.95315021276474,9.039999961853027
nan,nan,nan,nan,nan,nan,0.95315021276474,9.039999961853027
nan,nan,nan,nan,nan,nan,0.95315021276474,9.039999961853027
nan,nan,nan,nan,nan,nan,0.95315021276474,9.039999961853027
nan,nan,nan,nan,nan,nan,0.33800312876701355,8.25
nan,nan,nan,nan,nan,nan,0.33800312876701355,8.25
nan,nan,nan,nan,7.299607810904699,5.709094176568182,0.33800312876701355,8.25
nan,nan,nan,nan,200.7783423179757,166.45199204024297,0.33800312876701355,8.25
nan,nan,nan,nan,1.4613422874263629,1.1364193146104038,0.33800312876701355,8.25
nan,nan,nan,nan,nan,nan,0.5242153406143188,10.819999694824219
nan,nan,nan,nan,24.200763570948048,15.040404019416735,0.5242153406143188,10.819999694824219
nan,nan,nan,nan,0.3113912269303686,0.218678609630893,0.5242153406143188,10.819999694824219
nan,nan,nan,nan,nan,nan,0.5242153406143188,10.819999694824219
nan,nan,nan,nan,nan,nan,0.5242153406143188,10.819999694824219
nan,nan,nan,nan,nan,nan,0.08731221407651901,6.690000057220459
nan,nan,nan,nan,nan,nan,0.08731221407651901,6.690000057220459
nan,nan,nan,nan,nan,nan,0.08731221407651901,6.690000057220459
nan,nan,nan,nan,nan,nan,0.08731221407651901,6.690000057220459
nan,nan,nan,nan,nan,nan,0.08731221407651901,6.690000057220459
nan,nan,nan,nan,16.026244919017245,nan,0.6247342228889465,7.539999961853027
nan,nan,nan,nan,2.8062466825832515,nan,0.6247342228889465,7.539999961853027
nan,nan,nan,nan,nan,nan,0.6247342228889465,7.539999961853027
nan,nan,nan,nan,10.457681902667476,nan,0.6247342228889465,7.539999961853027
nan,nan,nan,nan,14.751536795201512,nan,0.6247342228889465,7.539999961853027
nan,nan,nan,nan,5.661251283580526,nan,0.849778413772583,9.260000228881836
nan,nan,nan,nan,1.4866477367109938,nan,0.849778413772583,9.260000228881836
nan,nan,nan,nan,2.7146967681828738,nan,0.849778413772583,9.260000228881836
nan,nan,nan,nan,52.73606167351341,nan,0.849778413772583,9.260000228881836
nan,nan,nan,nan,nan,nan,0.849778413772583,9.260000228881836
nan,nan,nan,nan,26.580351225809633,nan,0.7357170581817627,9.350000381469727
nan,nan,nan,nan,20.7092931794084,nan,0.7357170581817627,9.350000381469727
nan,nan,nan,nan,72.64527656297304,nan,0.7357170581817627,9.350000381469727
nan,nan,nan,nan,1.6648098067188035,nan,0.7357170581817627,9.350000381469727
nan,nan,nan,nan,nan,nan,0.7357170581817627,9.350000381469727
0.924803256989676,0.04528243924006289,0.4419815711032857,0.028343369686900766,516.2011330508972,102.45998600676562,0.5443922877311707,8.0
0.924803256989676,0.04528243924006289,0.4419815711032857,0.028343369686900766,nan,nan,0.5443922877311707,8.0
0.924803256989676,0.04528243924006289,0.4419815711032857,0.028343369686900766,1061.0787187944627,215.92792901779862,0.5443922877311707,8.0
0.924803256989676,0.04528243924006289,0.4419815711032857,0.028343369686900766,35.45963716959165,7.309261520193084,0.5443922877311707,8.0
0.924803256989676,0.04528243924006289,0.4419815711032857,0.028343369686900766,1574.244178477179,287.9364586265429,0.5443922877311707,8.0
nan,nan,nan,nan,nan,nan,0.36593368649482727,8.199999809265137
nan,nan,nan,nan,nan,nan,0.36593368649482727,8.199999809265137
nan,nan,nan,nan,nan,nan,0.36593368649482727,8.199999809265137
nan,nan,nan,nan,nan,nan,0.36593368649482727,8.199999809265137
nan,nan,nan,nan,nan,nan,0.36593368649482727,8.199999809265137
nan,nan,nan,nan,11.278189436101345,nan,0.36607807874679565,8.199999809265137
nan,nan,nan,nan,nan,nan,0.36607807874679565,8.199999809265137
nan,nan,nan,nan,nan,nan,0.36607807874679565,8.199999809265137
nan,nan,nan,nan,30.570033157229595,nan,0.36607807874679565,8.199999809265137
nan,nan,nan,nan,1.5377128250986893,nan,0.36607807874679565,8.199999809265137
0.762000300255466,0.07903263089694323,-0.42965235307824856,0.05039278703587959,1.1968420277212852,0.8403683232760479,0.6473821997642517,9.579999923706055
0.762000300255466,0.07903263089694323,-0.42965235307824856,0.05039278703587959,1.4753636442556368,1.0511185746532217,0.6473821997642517,9.579999923706055
0.762000300255466,0.07903263089694323,-0.42965235307824856,0.05039278703587959,nan,nan,0.6473821997642517,9.579999923706055
0.762000300255466,0.07903263089694323,-0.42965235307824856,0.05039278703587959,85.6270524046667,57.926781147122824,0.6473821997642517,9.579999923706055
0.762000300255466,0.07903263089694323,-0.42965235307824856,0.05039278703587959,261.0998372284177,182.37208802873485,0.6473821997642517,9.579999923706055
nan,nan,nan,nan,16.750098957982427,nan,0.5742622017860413,8.109999656677246
nan,nan,nan,nan,nan,nan,0.5742622017860413,8.109999656677246
nan,nan,nan,nan,3.394157911122472,nan,0.5742622017860413,8.109999656677246
nan,nan,nan,nan,45.66002220341743,nan,0.5742622017860413,8.109999656677246
nan,nan,nan,nan,3.338195192243702,nan,0.5742622017860413,8.109999656677246
nan,nan,nan,nan,nan,nan,0.6896958947181702,8.960000038146973
nan,nan,nan,nan,nan,nan,0.6896958947181702,8.960000038146973
nan,nan,nan,nan,15.020909846404145,5.1832369380634615,0.6896958947181702,8.960000038146973
nan,nan,nan,nan,4.688537781978985,1.5736134386990275,0.6896958947181702,8.960000038146973
nan,nan,nan,nan,138.32843513662223,46.97779133799539,0.6896958947181702,8.960000038146973
0.6103429382800188,0.14883700176006728,0.45283249347296467,0.07128245924078996,882.7414381876896,389.42275474364664,0.6543535590171814,8.279999732971191
0.6103429382800188,0.14883700176006728,0.45283249347296467,0.07128245924078996,16.81869304570123,7.049600456893797,0.6543535590171814,8.279999732971191
0.6103429382800188,0.14883700176006728,0.45283249347296467,0.07128245924078996,14.51675944518532,6.447972013257914,0.6543535590171814,8.279999732971191
0.6103429382800188,0.14883700176006728,0.45283249347296467,0.07128245924078996,nan,nan,0.6543535590171814,8.279999732971191
0.6103429382800188,0.14883700176006728,0.45283249347296467,0.07128245924078996,312.78036175354003,142.41295477689067,0.6543535590171814,8.279999732971191
nan,nan,nan,nan,nan,nan,0.5237436294555664,8.069999694824219
nan,nan,nan,nan,nan,nan,0.5237436294555664,8.069999694824219
nan,nan,nan,nan,nan,nan,0.5237436294555664,8.069999694824219
nan,nan,nan,nan,nan,nan,0.5237436294555664,8.069999694824219
nan,nan,nan,nan,nan,nan,0.5237436294555664,8.069999694824219
nan,nan,nan,nan,4.414912637304592,nan,0.7381104230880737,8.449999809265137
nan,nan,nan,nan,13.46892427365231,nan,0.7381104230880737,8.449999809265137
nan,nan,nan,nan,nan,nan,0.7381104230880737,8.449999809265137
nan,nan,nan,nan,13.875373064650262,nan,0.7381104230880737,8.449999809265137
nan,nan,nan,nan,25.889384028156833,nan,0.7381104230880737,8.449999809265137
nan,nan,nan,nan,nan,nan,1.2200058698654175,9.989999771118164
nan,nan,nan,nan,nan,nan,1.2200058698654175,9.989999771118164
nan,nan,nan,nan,nan,nan,1.2200058698654175,9.989999771118164
nan,nan,nan,nan,nan,nan,1.2200058698654175,9.989999771118164
nan,nan,nan,nan,nan,nan,1.2200058698654175,9.989999771118164
nan,nan,nan,nan,48.0010665023814,11.143899092504736,0.5443875193595886,8.619999885559082
nan,nan,nan,nan,10.511860000463509,2.3922944307840006,0.5443875193595886,8.619999885559082
nan,nan,nan,nan,114.58033564159584,27.163501615241536,0.5443875193595886,8.619999885559082
nan,nan,nan,nan,nan,nan,0.5443875193595886,8.619999885559082
nan,nan,nan,nan,5.760116578352924,1.341283261908388,0.5443875193595886,8.619999885559082
nan,nan,nan,nan,nan,nan,0.22727732360363007,8.109999656677246
nan,nan,nan,nan,nan,nan,0.22727732360363007,8.109999656677246
nan,nan,nan,nan,nan,nan,0.22727732360363007,8.109999656677246
nan,nan,nan,nan,nan,nan,0.22727732360363007,8.109999656677246
nan,nan,nan,nan,nan,nan,0.22727732360363007,8.109999656677246
nan,nan,nan,nan,314.60941225779754,206.98766308760958,0.6550413966178894,7.409999847412109
nan,nan,nan,nan,72.0215389430767,46.543975323297694,0.6550413966178894,7.409999847412109
nan,nan,nan,nan,42.05122215135619,26.85106023427276,0.6550413966178894,7.409999847412109
nan,nan,nan,nan,36.7069935345219,22.234225898101542,0.6550413966178894,7.409999847412109
nan,nan,nan,nan,nan,nan,0.6550413966178894,7.409999847412109
nan,nan,nan,nan,nan,nan,0.8307979702949524,10.229999542236328
nan,nan,nan,nan,nan,nan,0.8307979702949524,10.229999542236328
nan,nan,nan,nan,nan,96.87504802818015,0.8307979702949524,10.229999542236328
nan,nan,nan,nan,nan,0.8497959234598215,0.8307979702949524,10.229999542236328
nan,nan,nan,nan,nan,115.88813007054742,0.8307979702949524,10.229999542236328
nan,nan,nan,nan,2.508758291088398,nan,0.4238298833370209,7.420000076293945
nan,nan,nan,nan,nan,nan,0.4238298833370209,7.420000076293945
nan,nan,nan,nan,5.375971125106088,nan,0.4238298833370209,7.420000076293945
nan,nan,nan,nan,4.145472417148128,nan,0.4238298833370209,7.420000076293945
nan,nan,nan,nan,95.17332502364086,nan,0.4238298833370209,7.420000076293945
nan,nan,nan,nan,nan,nan,4.783505916595459,8.770000457763672
nan,nan,nan,nan,nan,nan,4.783505916595459,8.770000457763672
nan,nan,nan,nan,nan,nan,4.783505916595459,8.770000457763672
nan,nan,nan,nan,nan,nan,4.783505916595459,8.770000457763672
nan,nan,nan,nan,nan,nan,4.783505916595459,8.770000457763672
nan,nan,nan,nan,117.4119540784918,nan,0.7374962568283081,8.380000114440918
nan,nan,nan,nan,nan,nan,0.7374962568283081,8.380000114440918
nan,nan,nan,nan,13.194979761815016,nan,0.7374962568283081,8.380000114440918
nan,nan,nan,nan,105.73356906754978,nan,0.7374962568283081,8.380000114440918
nan,nan,nan,nan,nan,nan,0.7374962568283081,8.380000114440918
nan,nan,nan,nan,nan,nan,3.2020370960235596,8.890000343322754
nan,nan,nan,nan,nan,nan,3.2020370960235596,8.890000343322754
nan,nan,nan,nan,nan,nan,3.2020370960235596,8.890000343322754
nan,nan,nan,nan,nan,nan,3.2020370960235596,8.890000343322754
nan,nan,nan,nan,nan,nan,3.2020370960235596,8.890000343322754
0.8761088371438368,0.12443725685078728,-0.2516192981723719,0.06725669770375964,17.90640569961737,8.405975152248065,0.41822201013565063,8.920000076293945
0.8761088371438368,0.12443725685078728,-0.2516192981723719,0.06725669770375964,nan,nan,0.41822201013565063,8.920000076293945
0.8761088371438368,0.12443725685078728,-0.2516192981723719,0.06725669770375964,58.414248988402505,28.31470053140508,0.41822201013565063,8.920000076293945
0.8761088371438368,0.12443725685078728,-0.2516192981723719,0.06725669770375964,1.8555829487597317,0.9107490083808728,0.41822201013565063,8.920000076293945
0.8761088371438368,0.12443725685078728,-0.2516192981723719,0.06725669770375964,nan,nan,0.41822201013565063,8.920000076293945
nan,nan,nan,nan,nan,nan,0.9535712003707886,10.680000305175781
nan,nan,nan,nan,nan,nan,0.9535712003707886,10.680000305175781
nan,nan,nan,nan,nan,nan,0.9535712003707886,10.680000305175781
nan,nan,nan,nan,nan,nan,0.9535712003707886,10.680000305175781
nan,nan,nan,nan,nan,nan,0.9535712003707886,10.680000305175781
nan,nan,nan,nan,nan,nan,3.9746904373168945,7.78000020980835
nan,nan,nan,nan,nan,nan,3.9746904373168945,7.78000020980835
nan,nan,nan,nan,nan,nan,3.9746904373168945,7.78000020980835
nan,nan,nan,nan,nan,nan,3.9746904373168945,7.78000020980835
nan,nan,nan,nan,nan,nan,3.9746904373168945,7.78000020980835
nan,nan,nan,nan,nan,nan,0.3819425404071808,7.590000152587891
nan,nan,nan,nan,nan,nan,0.3819425404071808,7.590000152587891
nan,nan,nan,nan,nan,nan,0.3819425404071808,7.590000152587891
nan,nan,nan,nan,nan,nan,0.3819425404071808,7.590000152587891
nan,nan,nan,nan,nan,nan,0.3819425404071808,7.590000152587891
nan,nan,nan,nan,nan,nan,4.997837543487549,9.65999984741211
nan,nan,nan,nan,nan,nan,4.997837543487549,9.65999984741211
nan,nan,nan,nan,nan,nan,4.997837543487549,9.65999984741211
nan,nan,nan,nan,nan,nan,4.997837543487549,9.65999984741211
nan,nan,nan,nan,nan,nan,4.997837543487549,9.65999984741211
nan,nan,nan,nan,7.629196852324836,3.3640609451846455,0.37750372290611267,8.149999618530273
nan,nan,nan,nan,0.9182468955402927,0.41170118404062417,0.37750372290611267,8.149999618530273
nan,nan,nan,nan,nan,nan,0.37750372290611267,8.149999618530273
nan,nan,nan,nan,24.695016404653117,10.694913844886658,0.37750372290611267,8.149999618530273
nan,nan,nan,nan,4.009292120770231,1.784218240747727,0.37750372290611267,8.149999618530273
nan,nan,nan,nan,18.57969703604901,nan,0.7417704463005066,7.840000152587891
nan,nan,nan,nan,nan,nan,0.7417704463005066,7.840000152587891
nan,nan,nan,nan,10.184164245676934,nan,0.7417704463005066,7.840000152587891
nan,nan,nan,nan,9.699684877444056,nan,0.7417704463005066,7.840000152587891
nan,nan,nan,nan,42.125939793640484,nan,0.7417704463005066,7.840000152587891
nan,nan,nan,nan,nan,nan,1.1216812133789062,9.229999542236328
nan,nan,nan,nan,nan,nan,1.1216812133789062,9.229999542236328
nan,nan,nan,nan,nan,nan,1.1216812133789062,9.229999542236328
nan,nan,nan,nan,nan,nan,1.1216812133789062,9.229999542236328
nan,nan,nan,nan,nan,nan,1.1216812133789062,9.229999542236328
nan,nan,nan,nan,nan,nan,0.9072790741920471,8.4399995803833
nan,nan,nan,nan,nan,nan,0.9072790741920471,8.4399995803833
nan,nan,nan,nan,nan,nan,0.9072790741920471,8.4399995803833
nan,nan,nan,nan,nan,nan,0.9072790741920471,8.4399995803833
nan,nan,nan,nan,nan,nan,0.9072790741920471,8.4399995803833
nan,nan,nan,nan,nan,nan,3.7017056941986084,8.59000015258789
nan,nan,nan,nan,nan,nan,3.7017056941986084,8.59000015258789
nan,nan,nan,nan,nan,nan,3.7017056941986084,8.59000015258789
nan,nan,nan,nan,nan,nan,3.7017056941986084,8.59000015258789
nan,nan,nan,nan,nan,nan,3.7017056941986084,8.59000015258789
nan,nan,nan,nan,nan,nan,0.31051814556121826,8.430000305175781
nan,nan,nan,nan,nan,nan,0.31051814556121826,8.430000305175781
nan,nan,nan,nan,nan,nan,0.31051814556121826,8.430000305175781
nan,nan,nan,nan,nan,nan,0.31051814556121826,8.430000305175781
nan,nan,nan,nan,nan,nan,0.31051814556121826,8.430000305175781
0.8902332166366912,0.08537211149809106,-0.32647952487007315,0.09103636927409044,372.1170299436864,202.95050468940792,0.6660228371620178,9.6899995803833
0.8902332166366912,0.08537211149809106,-0.32647952487007315,0.09103636927409044,36.38025106462502,20.509895888461774,0.6660228371620178,9.6899995803833
0.8902332166366912,0.08537211149809106,-0.32647952487007315,0.09103636927409044,13.52933550265253,7.42237573758611,0.6660228371620178,9.6899995803833
0.8902332166366912,0.08537211149809106,-0.32647952487007315,0.09103636927409044,1.0595499068034602,0.5816374329987175,0.6660228371620178,9.6899995803833
0.8902332166366912,0.08537211149809106,-0.32647952487007315,0.09103636927409044,nan,nan,0.6660228371620178,9.6899995803833
nan,nan,nan,nan,nan,nan,0.954910933971405,10.65999984741211
nan,nan,nan,nan,nan,nan,0.954910933971405,10.65999984741211
nan,nan,nan,nan,nan,nan,0.954910933971405,10.65999984741211
nan,nan,nan,nan,nan,nan,0.954910933971405,10.65999984741211
nan,nan,nan,nan,nan,nan,0.954910933971405,10.65999984741211
nan,nan,nan,nan,nan,nan,3.487091302871704,8.760000228881836
nan,nan,nan,nan,nan,nan,3.487091302871704,8.760000228881836
nan,nan,nan,nan,nan,nan,3.487091302871704,8.760000228881836
nan,nan,nan,nan,nan,nan,3.487091302871704,8.760000228881836
nan,nan,nan,nan,nan,nan,3.487091302871704,8.760000228881836
nan,nan,nan,nan,20.62549326697058,nan,0.6466146111488342,7.710000038146973
nan,nan,nan,nan,43.718266668523746,nan,0.6466146111488342,7.710000038146973
nan,nan,nan,nan,35.41038208636163,nan,0.6466146111488342,7.710000038146973
nan,nan,nan,nan,nan,nan,0.6466146111488342,7.710000038146973
nan,nan,nan,nan,43.86153995145633,nan,0.6466146111488342,7.710000038146973
nan,nan,nan,nan,nan,nan,0.9661259055137634,8.489999771118164
nan,nan,nan,nan,nan,nan,0.9661259055137634,8.489999771118164
nan,nan,nan,nan,nan,nan,0.9661259055137634,8.489999771118164
nan,nan,nan,nan,nan,nan,0.9661259055137634,8.489999771118164
nan,nan,nan,nan,nan,nan,0.9661259055137634,8.489999771118164
nan,nan,nan,nan,38.212751710858626,20.282386445204924,0.31080061197280884,6.929999828338623
nan,nan,nan,nan,nan,nan,0.31080061197280884,6.929999828338623
nan,nan,nan,nan,nan,nan,0.31080061197280884,6.929999828338623
nan,nan,nan,nan,100.73689767223728,53.607973294936116,0.31080061197280884,6.929999828338623
nan,nan,nan,nan,7.60005420630541,3.912117959877684,0.31080061197280884,6.929999828338623
nan,nan,nan,nan,nan,nan,3.513558864593506,8.970000267028809
nan,nan,nan,nan,nan,nan,3.513558864593506,8.970000267028809
nan,nan,nan,nan,nan,nan,3.513558864593506,8.970000267028809
nan,nan,nan,nan,nan,nan,3.513558864593506,8.970000267028809
nan,nan,nan,nan,nan,nan,3.513558864593506,8.970000267028809
nan,nan,nan,nan,nan,nan,0.6674795746803284,8.520000457763672
nan,nan,nan,nan,nan,nan,0.6674795746803284,8.520000457763672
nan,nan,nan,nan,nan,nan,0.6674795746803284,8.520000457763672
nan,nan,nan,nan,nan,nan,0.6674795746803284,8.520000457763672
nan,nan,nan,nan,nan,nan,0.6674795746803284,8.520000457763672
nan,nan,nan,nan,nan,nan,1.3412350416183472,8.960000038146973
nan,nan,nan,nan,nan,nan,1.3412350416183472,8.960000038146973
nan,nan,nan,nan,nan,nan,1.3412350416183472,8.960000038146973
nan,nan,nan,nan,nan,nan,1.3412350416183472,8.960000038146973
nan,nan,nan,nan,nan,nan,1.3412350416183472,8.960000038146973
nan,nan,nan,nan,nan,nan,0.9520365595817566,9.300000190734863
nan,nan,nan,nan,nan,nan,0.9520365595817566,9.300000190734863
nan,nan,nan,nan,nan,nan,0.9520365595817566,9.300000190734863
nan,nan,nan,nan,nan,nan,0.9520365595817566,9.300000190734863
nan,nan,nan,nan,nan,nan,0.9520365595817566,9.300000190734863
nan,nan,nan,nan,nan,nan,4.706363677978516,8.0600004196167
nan,nan,nan,nan,nan,nan,4.706363677978516,8.0600004196167
nan,nan,nan,nan,nan,nan,4.706363677978516,8.0600004196167
nan,nan,nan,nan,nan,nan,4.706363677978516,8.0600004196167
nan,nan,nan,nan,nan,nan,4.706363677978516,8.0600004196167
0.6341154401682846,0.03657457871185959,-0.4207626214088544,0.04481580755305355,nan,nan,0.6812470555305481,10.210000038146973
0.6341154401682846,0.03657457871185959,-0.4207626214088544,0.04481580755305355,49.239874688192664,60.39163786620839,0.6812470555305481,10.210000038146973
0.6341154401682846,0.03657457871185959,-0.4207626214088544,0.04481580755305355,120.21111450619432,158.1089759335079,0.6812470555305481,10.210000038146973
0.6341154401682846,0.03657457871185959,-0.4207626214088544,0.04481580755305355,177.60934628316681,213.48269362450552,0.6812470555305481,10.210000038146973
0.6341154401682846,0.03657457871185959,-0.4207626214088544,0.04481580755305355,1.0116972103583204,1.2568891823494162,0.6812470555305481,10.210000038146973
nan,nan,0.16307856017226638,0.16685009629522252,5.143328149076351,nan,0.6652511358261108,8.270000457763672
nan,nan,0.16307856017226638,0.16685009629522252,23.00756642066055,nan,0.6652511358261108,8.270000457763672
nan,nan,0.16307856017226638,0.16685009629522252,nan,nan,0.6652511358261108,8.270000457763672
nan,nan,0.16307856017226638,0.16685009629522252,24.909818689385883,nan,0.6652511358261108,8.270000457763672
nan,nan,0.16307856017226638,0.16685009629522252,22.91109418212151,nan,0.6652511358261108,8.270000457763672
nan,nan,nan,nan,nan,nan,0.5650472044944763,7.360000133514404
nan,nan,nan,nan,0.3725337336705066,nan,0.5650472044944763,7.360000133514404
nan,nan,nan,nan,1.1311995096449645,nan,0.5650472044944763,7.360000133514404
nan,nan,nan,nan,2.4003628634639322,nan,0.5650472044944763,7.360000133514404
nan,nan,nan,nan,4.553964906273185,nan,0.5650472044944763,7.360000133514404
nan,nan,nan,nan,nan,nan,5.447739601135254,8.359999656677246
nan,nan,nan,nan,nan,nan,5.447739601135254,8.359999656677246
nan,nan,nan,nan,nan,nan,5.447739601135254,8.359999656677246
nan,nan,nan,nan,nan,nan,5.447739601135254,8.359999656677246
nan,nan,nan,nan,nan,nan,5.447739601135254,8.359999656677246
nan,nan,nan,nan,17.295080231116277,5.91237683781431,0.3106544017791748,7.320000171661377
nan,nan,nan,nan,490.36072831183145,191.38341961703426,0.3106544017791748,7.320000171661377
nan,nan,nan,nan,nan,nan,0.3106544017791748,7.320000171661377
nan,nan,nan,nan,420.54318347522826,155.0672988066007,0.3106544017791748,7.320000171661377
nan,nan,nan,nan,21.40620405286897,7.778267017223771,0.3106544017791748,7.320000171661377
0.7207116428586431,0.14584850904002178,-0.11387171201800217,0.11576612510871868,35.67653854930447,17.453458648452127,0.33856821060180664,8.300000190734863
0.7207116428586431,0.14584850904002178,-0.11387171201800217,0.11576612510871868,nan,nan,0.33856821060180664,8.300000190734863
0.7207116428586431,0.14584850904002178,-0.11387171201800217,0.11576612510871868,12.759295276124204,6.893287410581941,0.33856821060180664,8.300000190734863
0.7207116428586431,0.14584850904002178,-0.11387171201800217,0.11576612510871868,11.183357582101639,5.618125445852208,0.33856821060180664,8.300000190734863
0.7207116428586431,0.14584850904002178,-0.11387171201800217,0.11576612510871868,3.144192062545096,1.5466812103136343,0.33856821060180664,8.300000190734863
nan,nan,nan,nan,nan,nan,0.3629716634750366,7.489999771118164
nan,nan,nan,nan,4.804734313221228,nan,0.3629716634750366,7.489999771118164
nan,nan,nan,nan,15.132458486802143,nan,0.3629716634750366,7.489999771118164
nan,nan,nan,nan,2.2503555660092034,nan,0.3629716634750366,7.489999771118164
nan,nan,nan,nan,51.36251713448266,nan,0.3629716634750366,7.489999771118164
nan,nan,nan,nan,nan,nan,0.7383197546005249,8.289999961853027
nan,nan,nan,nan,nan,nan,0.7383197546005249,8.289999961853027
nan,nan,nan,nan,nan,nan,0.7383197546005249,8.289999961853027
nan,nan,nan,nan,nan,nan,0.7383197546005249,8.289999961853027
nan,nan,nan,nan,nan,nan,0.7383197546005249,8.289999961853027
nan,nan,nan,nan,nan,nan,0.6665199398994446,9.039999961853027
nan,nan,nan,nan,nan,nan,0.6665199398994446,9.039999961853027
nan,nan,nan,nan,nan,nan,0.6665199398994446,9.039999961853027
nan,nan,nan,nan,nan,nan,0.6665199398994446,9.039999961853027
nan,nan,nan,nan,nan,nan,0.6665199398994446,9.039999961853027
nan,nan,nan,nan,110.06372413665237,nan,0.7703801393508911,8.4399995803833
nan,nan,nan,nan,52.596600156205184,nan,0.7703801393508911,8.4399995803833
nan,nan,nan,nan,228.1962884197082,nan,0.7703801393508911,8.4399995803833
nan,nan,nan,nan,nan,nan,0.7703801393508911,8.4399995803833
nan,nan,nan,nan,16.525625509377996,nan,0.7703801393508911,8.4399995803833
nan,nan,nan,nan,nan,nan,0.6664232611656189,7.760000228881836
nan,nan,nan,nan,nan,nan,0.6664232611656189,7.760000228881836
nan,nan,nan,nan,nan,nan,0.6664232611656189,7.760000228881836
nan,nan,nan,nan,nan,nan,0.6664232611656189,7.760000228881836
nan,nan,nan,nan,nan,nan,0.6664232611656189,7.760000228881836
0.869538355019431,0.16426900969450076,-0.018160776001407437,0.101363542178939,2.814783722298673,1.1594178491309086,0.5234321355819702,9.0
0.869538355019431,0.16426900969450076,-0.018160776001407437,0.101363542178939,23.991285599693086,9.794143539948877,0.5234321355819702,9.0
0.869538355019431,0.16426900969450076,-0.018160776001407437,0.101363542178939,nan,nan,0.5234321355819702,9.0
0.869538355019431,0.16426900969450076,-0.018160776001407437,0.101363542178939,102.6335579456226,39.1498794368183,0.5234321355819702,9.0
0.869538355019431,0.16426900969450076,-0.018160776001407437,0.101363542178939,148.58100552606845,60.04446760967792,0.5234321355819702,9.0
nan,nan,nan,nan,719.6742025013187,nan,0.6895880103111267,8.40999984741211
nan,nan,nan,nan,8.64381264097685,nan,0.6895880103111267,8.40999984741211
nan,nan,nan,nan,62.32318822509034,nan,0.6895880103111267,8.40999984741211
nan,nan,nan,nan,2.567354274037244,nan,0.6895880103111267,8.40999984741211
nan,nan,nan,nan,nan,nan,0.6895880103111267,8.40999984741211
nan,nan,nan,nan,nan,nan,4.831241607666016,7.96999979019165
nan,nan,nan,nan,nan,nan,4.831241607666016,7.96999979019165
nan,nan,nan,nan,nan,nan,4.831241607666016,7.96999979019165
nan,nan,nan,nan,nan,nan,4.831241607666016,7.96999979019165
nan,nan,nan,nan,nan,nan,4.831241607666016,7.96999979019165
nan,nan,nan,nan,nan,nan,0.6828340888023376,8.90999984741211
nan,nan,nan,nan,13.578877074011194,9.199827258427293,0.6828340888023376,8.90999984741211
nan,nan,nan,nan,4.040052246211348,2.900045347360541,0.6828340888023376,8.90999984741211
nan,nan,nan,nan,25.178404875070854,16.648278464008722,0.6828340888023376,8.90999984741211
nan,nan,nan,nan,2.1227033551095587,1.4071022264908737,0.6828340888023376,8.90999984741211
nan,nan,nan,nan,nan,0.9038338482241823,0.7650303840637207,9.760000228881836
nan,nan,nan,nan,nan,nan,0.7650303840637207,9.760000228881836
nan,nan,nan,nan,nan,44.28480513487482,0.7650303840637207,9.760000228881836
nan,nan,nan,nan,nan,176.2620335386113,0.7650303840637207,9.760000228881836
nan,nan,nan,nan,nan,21.658936054373942,0.7650303840637207,9.760000228881836
nan,nan,nan,nan,nan,nan,1.0868756771087646,9.380000114440918
nan,nan,nan,nan,nan,nan,1.0868756771087646,9.380000114440918
nan,nan,nan,nan,nan,nan,1.0868756771087646,9.380000114440918
nan,nan,nan,nan,nan,nan,1.0868756771087646,9.380000114440918
nan,nan,nan,nan,nan,nan,0.6660289764404297,8.699999809265137
nan,nan,nan,nan,nan,nan,0.6660289764404297,8.699999809265137
nan,nan,nan,nan,nan,nan,0.6660289764404297,8.699999809265137
nan,nan,nan,nan,nan,nan,0.6660289764404297,8.699999809265137
nan,nan,nan,nan,nan,nan,1.0390173196792603,8.9399995803833
nan,nan,nan,nan,nan,nan,1.0390173196792603,8.9399995803833
nan,nan,nan,nan,nan,nan,1.0390173196792603,8.9399995803833
nan,nan,nan,nan,nan,nan,1.0390173196792603,8.9399995803833
nan,nan,nan,nan,nan,nan,4.3106842041015625,7.639999866485596
nan,nan,nan,nan,nan,nan,4.3106842041015625,7.639999866485596
nan,nan,nan,nan,nan,nan,4.3106842041015625,7.639999866485596
nan,nan,nan,nan,nan,nan,4.3106842041015625,7.639999866485596
nan,nan,nan,nan,nan,nan,0.9608199596405029,9.09000015258789
nan,nan,nan,nan,nan,nan,0.9608199596405029,9.09000015258789
nan,nan,nan,nan,nan,nan,0.9608199596405029,9.09000015258789
nan,nan,nan,nan,nan,nan,0.9608199596405029,9.09000015258789
0.47626078798599797,0.08588156047194878,0.6943542519925291,0.0687428370388082,744.953065648832,370.7250652059359,0.7372600436210632,9.430000305175781
0.47626078798599797,0.08588156047194878,0.6943542519925291,0.0687428370388082,305.6820434452066,146.20094525440183,0.7372600436210632,9.430000305175781
0.47626078798599797,0.08588156047194878,0.6943542519925291,0.0687428370388082,3.845268454386162,1.8880522818598544,0.7372600436210632,9.430000305175781
0.47626078798599797,0.08588156047194878,0.6943542519925291,0.0687428370388082,1210.654645718499,607.7706346136887,0.7372600436210632,9.430000305175781
nan,nan,nan,nan,148.35617657757007,nan,0.7382737398147583,9.369999885559082
nan,nan,nan,nan,85.73004796770061,nan,0.7382737398147583,9.369999885559082
nan,nan,nan,nan,0.9098407566124318,nan,0.7382737398147583,9.369999885559082
nan,nan,nan,nan,26.30349907124027,nan,0.7382737398147583,9.369999885559082
nan,nan,nan,nan,nan,nan,0.894827127456665,8.699999809265137
nan,nan,nan,nan,nan,nan,0.894827127456665,8.699999809265137
nan,nan,nan,nan,nan,nan,0.894827127456665,8.699999809265137
nan,nan,nan,nan,nan,nan,0.894827127456665,8.699999809265137
0.8226736317907861,0.1551875668507986,0.054628079953472665,0.16433506670934797,2.4455965581541435,1.0326639988904152,0.523655354976654,7.829999923706055
0.8226736317907861,0.1551875668507986,0.054628079953472665,0.16433506670934797,6.420431283055214,2.4506849747884116,0.523655354976654,7.829999923706055
0.8226736317907861,0.1551875668507986,0.054628079953472665,0.16433506670934797,45.07040918934021,16.362824577660813,0.523655354976654,7.829999923706055
0.8226736317907861,0.1551875668507986,0.054628079953472665,0.16433506670934797,59.830473650607495,22.12325628477313,0.523655354976654,7.829999923706055
nan,nan,nan,nan,nan,nan,0.9952949285507202,8.899999618530273
nan,nan,nan,nan,nan,nan,0.9952949285507202,8.899999618530273
nan,nan,nan,nan,nan,nan,0.9952949285507202,8.899999618530273
nan,nan,nan,nan,nan,nan,0.9952949285507202,8.899999618530273
nan,nan,nan,nan,nan,nan,1.0333625078201294,9.579999923706055
nan,nan,nan,nan,nan,nan,1.0333625078201294,9.579999923706055
nan,nan,nan,nan,nan,nan,1.0333625078201294,9.579999923706055
nan,nan,nan,nan,nan,nan,1.0333625078201294,9.579999923706055
nan,nan,nan,nan,14.298832235196869,nan,0.7588068842887878,8.369999885559082
nan,nan,nan,nan,19.885595971661555,nan,0.7588068842887878,8.369999885559082
nan,nan,nan,nan,52.57622749176868,nan,0.7588068842887878,8.369999885559082
nan,nan,nan,nan,61.762826914304405,nan,0.7588068842887878,8.369999885559082
nan,nan,nan,nan,nan,nan,0.5233550667762756,8.5600004196167
nan,nan,nan,nan,nan,nan,0.5233550667762756,8.5600004196167
nan,nan,nan,nan,nan,nan,0.5233550667762756,8.5600004196167
nan,nan,nan,nan,nan,nan,0.5233550667762756,8.5600004196167
nan,nan,nan,nan,116.54779505361385,91.18799659677093,0.7365902662277222,9.359999656677246
nan,nan,nan,nan,99.43443385028813,78.73405309677418,0.7365902662277222,9.359999656677246
nan,nan,nan,nan,179.0116789231753,145.51781951094904,0.7365902662277222,9.359999656677246
nan,nan,nan,nan,1.8693103472920958,1.473691374189093,0.7365902662277222,9.359999656677246
nan,nan,nan,nan,39.52631204430878,nan,0.3366329073905945,8.15999984741211
nan,nan,nan,nan,5.395904608252558,nan,0.3366329073905945,8.15999984741211
nan,nan,nan,nan,32.21054886317919,nan,0.3366329073905945,8.15999984741211
nan,nan,nan,nan,22.58187354267259,nan,0.3366329073905945,8.15999984741211
nan,nan,nan,nan,nan,nan,1.1096137762069702,9.319999694824219
nan,nan,nan,nan,nan,nan,1.1096137762069702,9.319999694824219
nan,nan,nan,nan,nan,nan,1.1096137762069702,9.319999694824219
nan,nan,nan,nan,nan,nan,1.1096137762069702,9.319999694824219
nan,nan,nan,nan,nan,nan,3.9749755859375,9.640000343322754
nan,nan,nan,nan,nan,nan,3.9749755859375,9.640000343322754
nan,nan,nan,nan,nan,nan,3.9749755859375,9.640000343322754
nan,nan,nan,nan,nan,nan,3.9749755859375,9.640000343322754
nan,nan,nan,nan,nan,nan,1.0980652570724487,9.619999885559082
nan,nan,nan,nan,nan,nan,1.0980652570724487,9.619999885559082
nan,nan,nan,nan,nan,nan,1.0980652570724487,9.619999885559082
nan,nan,nan,nan,nan,nan,1.0980652570724487,9.619999885559082
nan,nan,nan,nan,nan,nan,0.34270957112312317,7.889999866485596
nan,nan,nan,nan,nan,nan,0.34270957112312317,7.889999866485596
nan,nan,nan,nan,nan,nan,0.34270957112312317,7.889999866485596
nan,nan,nan,nan,nan,nan,0.34270957112312317,7.889999866485596
nan,nan,nan,nan,nan,nan,0.9752324223518372,8.770000457763672
nan,nan,nan,nan,nan,nan,0.9752324223518372,8.770000457763672
nan,nan,nan,nan,nan,nan,0.9752324223518372,8.770000457763672
nan,nan,nan,nan,nan,nan,0.9752324223518372,8.770000457763672
nan,nan,nan,nan,nan,nan,1.2231683731079102,9.109999656677246
nan,nan,nan,nan,nan,nan,1.2231683731079102,9.109999656677246
nan,nan,nan,nan,nan,nan,1.2231683731079102,9.109999656677246
nan,nan,nan,nan,nan,nan,1.2231683731079102,9.109999656677246
nan,nan,nan,nan,3.1509229348007968,1.3694232440802272,0.34575411677360535,7.53000020980835
nan,nan,nan,nan,118.41654065400849,51.12978528034658,0.34575411677360535,7.53000020980835
nan,nan,nan,nan,3.5688112410093353,1.5211946462989638,0.34575411677360535,7.53000020980835
nan,nan,nan,nan,139.79246444055258,61.417031522387624,0.34575411677360535,7.53000020980835
nan,nan,nan,nan,nan,nan,1.0799702405929565,9.050000190734863
nan,nan,nan,nan,nan,nan,1.0799702405929565,9.050000190734863
nan,nan,nan,nan,nan,nan,1.0799702405929565,9.050000190734863
nan,nan,nan,nan,nan,nan,1.0799702405929565,9.050000190734863
nan,nan,nan,nan,nan,nan,3.469062089920044,8.0
nan,nan,nan,nan,nan,nan,3.469062089920044,8.0
nan,nan,nan,nan,nan,nan,3.469062089920044,8.0
nan,nan,nan,nan,nan,nan,3.469062089920044,8.0
nan,nan,nan,nan,nan,nan,0.9775399565696716,8.5
nan,nan,nan,nan,nan,nan,0.9775399565696716,8.5
nan,nan,nan,nan,nan,nan,0.9775399565696716,8.5
nan,nan,nan,nan,nan,nan,0.9775399565696716,8.5
nan,nan,nan,nan,nan,nan,0.9752117395401001,8.789999961853027
nan,nan,nan,nan,nan,nan,0.9752117395401001,8.789999961853027
nan,nan,nan,nan,nan,nan,0.9752117395401001,8.789999961853027
nan,nan,nan,nan,nan,nan,0.9752117395401001,8.789999961853027
nan,nan,nan,nan,2.4514038820185,nan,0.605725884437561,8.489999771118164
nan,nan,nan,nan,nan,nan,0.605725884437561,8.489999771118164
nan,nan,nan,nan,4.294893091605886,nan,0.605725884437561,8.489999771118164
nan,nan,nan,nan,13.788199258037315,nan,0.605725884437561,8.489999771118164
0.8781478470136586,0.14259787093634593,-0.19974097710377742,0.1259215076338923,90.06196723059489,37.174769887661704,0.5247721672058105,9.180000305175781
0.8781478470136586,0.14259787093634593,-0.19974097710377742,0.1259215076338923,1.454360581385908,0.6376324639822106,0.5247721672058105,9.180000305175781
0.8781478470136586,0.14259787093634593,-0.19974097710377742,0.1259215076338923,66.38151713370962,26.73233104158485,0.5247721672058105,9.180000305175781
0.8781478470136586,0.14259787093634593,-0.19974097710377742,0.1259215076338923,79.30650093708844,36.25178209433519,0.5247721672058105,9.180000305175781
nan,nan,nan,nan,nan,nan,3.7945995330810547,7.539999961853027
nan,nan,nan,nan,nan,nan,3.7945995330810547,7.539999961853027
nan,nan,nan,nan,nan,nan,3.7945995330810547,7.539999961853027
nan,nan,nan,nan,nan,nan,3.7945995330810547,7.539999961853027
nan,nan,nan,nan,nan,nan,0.7703580856323242,8.710000038146973
nan,nan,nan,nan,83.54808385032517,nan,0.7703580856323242,8.710000038146973
nan,nan,nan,nan,33.31091795136213,nan,0.7703580856323242,8.710000038146973
nan,nan,nan,nan,5.444547825221203,nan,0.7703580856323242,8.710000038146973
nan,nan,nan,nan,23.987415538817142,nan,0.6049672365188599,8.369999885559082
nan,nan,nan,nan,9.447273560620483,nan,0.6049672365188599,8.369999885559082
nan,nan,nan,nan,nan,nan,0.6049672365188599,8.369999885559082
nan,nan,nan,nan,3.08858386929102,nan,0.6049672365188599,8.369999885559082
0.921345253736585,0.07680689445514684,0.27907106169170015,0.05648563713096042,45.83939106085022,10.22739898364255,0.6049556732177734,8.460000038146973
0.921345253736585,0.07680689445514684,0.27907106169170015,0.05648563713096042,155.5120941796553,32.94745538343173,0.6049556732177734,8.460000038146973
0.921345253736585,0.07680689445514684,0.27907106169170015,0.05648563713096042,14.322605853040319,3.2506127565571776,0.6049556732177734,8.460000038146973
0.921345253736585,0.07680689445514684,0.27907106169170015,0.05648563713096042,494.13536863999377,98.0867979861856,0.6049556732177734,8.460000038146973
nan,nan,nan,nan,4.089949847851637,nan,0.6072274446487427,8.300000190734863
nan,nan,nan,nan,6.067258450592255,nan,0.6072274446487427,8.300000190734863
nan,nan,nan,nan,31.34806209412879,nan,0.6072274446487427,8.300000190734863
nan,nan,nan,nan,47.40652188311528,nan,0.6072274446487427,8.300000190734863
