UNIQUE_ID,FIELD_NAME,RA,DEC,Z,Z_ERR,LEAD_LINE,SN,QUALITY,CONFIDENCE,OTHER_LINES,GUO_ID,GUO_SEP,SKELTON_ID,SKELTON_SEP,STELLAR_MASS,DETECTED?_OIII,WFoiii5007_flux,WFoiii5007_flux_err,WFoiii5007_centroid,WFoiii4959_flux,WFoiii4959_flux_err,WFoiii4959_centroid,WFoii_flux,WFoii_flux_err,WFoii_centroid,WFhalpha_flux,WFhalpha_flux_err,WFhalpha_centroid,WFhbeta_flux,WFhbeta_flux_err,WFhbeta_centroid,DETECTED?_Hb,RAJ2000,DEJ2000,F606W,e_F606W,F814W,e_F814W,F125W,e_F125W,F140W,e_F140W,F160W,e_F160W,WFoiii5007_ew,WFoiii4959_ew,WFhbeta_ew,z,above_master_limit,Z_dir_gen,Z_dir_gen_err,direct,logSFR,log_oiii_ew,logsSFR,t_univ,logsSFRms,dMS
105002016,candels-cdfs-05,53.08437575409364,-27.87280644443485,0.34278434768559024,1.023316717714613e-05,Ha,307.3312129071038,a,3,"O2,Ne3,Hg,Hb,O3_1,O3_2,N2_2,S2_1",4520,0.18,7336,0.17,9.829999923706055,1,7612.034912109375,447.0212936401367,6723.678573092018,2622.362060546875,425.86978912353516,6658.627175403924,33254.29931640625,1148.4759521484375,5006.048400695057,83011.6015625,2208.2777404785156,8812.991512592323,12499.837646484375,529.1620254516602,6527.88902929781,1,34.23603439,-5.25215721,1.269,0.04659,1.437,0.04798,3.886,0.1312,4.547,0.2344,5.183,0.1709,47.32289038183091,16.051606439943807,74.12649411220444,0.34278434768559024,True,7.489999999999968,0.024999999999999467,1.0,0.07243452015273472,1.6750712625523456,-9.75756540355332,9.863989310500639,-9.518799532049023,-0.23876587150429707
105002016,candels-cdfs-05,53.08437575409364,-27.87280644443485,0.34278434768559024,1.023316717714613e-05,Ha,307.3312129071038,a,3,"O2,Ne3,Hg,Hb,O3_1,O3_2,N2_2,S2_1",4520,0.18,7336,0.17,9.829999923706055,1,7612.034912109375,447.0212936401367,6723.678573092018,2622.362060546875,425.86978912353516,6658.627175403924,33254.29931640625,1148.4759521484375,5006.048400695057,83011.6015625,2208.2777404785156,8812.991512592323,12499.837646484375,529.1620254516602,6527.88902929781,1,189.19633484,62.17864609,0.02735,0.01816,,,0.1082,0.02287,0.1795,0.07129,0.09369,0.0436,1828.010328141898,628.8157458968253,2988.238292789628,0.34278434768559024,True,7.639999999999965,0.024999999999999467,1.0,0.07243452015273472,3.2619786451409,-9.75756540355332,9.863989310500639,-9.518799532049023,-0.23876587150429707
105002016,candels-cdfs-05,53.08437575409364,-27.87280644443485,0.34278434768559024,1.023316717714613e-05,Ha,307.3312129071038,a,3,"O2,Ne3,Hg,Hb,O3_1,O3_2,N2_2,S2_1",4520,0.18,7336,0.17,9.829999923706055,1,7612.034912109375,447.0212936401367,6723.678573092018,2622.362060546875,425.86978912353516,6658.627175403924,33254.29931640625,1148.4759521484375,5006.048400695057,83011.6015625,2208.2777404785156,8812.991512592323,12499.837646484375,529.1620254516602,6527.88902929781,1,150.10317993,2.2535181,1.24,0.04977,2.27,0.06015,2.717,0.1165,3.018,0.2101,2.775,0.1334,39.72187313905821,13.67916748083755,65.15400165290689,0.34278434768559024,True,7.489999999999968,0.024999999999999467,1.0,0.07243452015273472,1.599029720054356,-9.75756540355332,9.863989310500639,-9.518799532049023,-0.23876587150429707
105002016,candels-cdfs-05,53.08437575409364,-27.87280644443485,0.34278434768559024,1.023316717714613e-05,Ha,307.3312129071038,a,3,"O2,Ne3,Hg,Hb,O3_1,O3_2,N2_2,S2_1",4520,0.18,7336,0.17,9.829999923706055,1,7612.034912109375,447.0212936401367,6723.678573092018,2622.362060546875,425.86978912353516,6658.627175403924,33254.29931640625,1148.4759521484375,5006.048400695057,83011.6015625,2208.2777404785156,8812.991512592323,12499.837646484375,529.1620254516602,6527.88902929781,1,214.79472351,52.73667145,0.3449,0.03056,0.4596,0.04985,0.5328,0.05001,0.7955,0.08647,0.7661,0.06271,162.81695260591815,55.51136686135901,259.0571802853606,0.34278434768559024,True,7.529999999999967,0.024999999999999467,1.0,0.07243452015273472,2.211699621928494,-9.75756540355332,9.863989310500639,-9.518799532049023,-0.23876587150429707
105003023,candels-cdfs-05,53.086349417100536,-27.870544959169205,0.34329367670280553,1.801804210885969e-05,Ha,28.200589451819507,a,3,"O2,Hb,O3_1,O3_2",4487,0.09,8319,0.06,8.229999542236328,1,2295.8944702148438,261.8569755554199,6726.280161303399,738.8681030273438,165.9128761291504,6662.235543251522,5881.4398193359375,605.8647537231445,5008.515106989665,4378.312683105469,446.64974212646484,8816.102024107124,1951.7900085449219,322.99625396728516,6529.950249745946,1,150.18037415,2.26420045,0.1973,0.02443,0.1479,0.03126,0.1333,0.05815,0.1587,0.0942,0.2542,0.04931,108.98264930992829,34.101702978368365,84.93271645116872,0.34329367670280553,True,7.559999999999967,0.034999999999999254,1.0,-0.7325362018506484,2.0373573611630396,-8.962535744086976,9.859426435858015,-8.85198297021286,-0.11055277387411522
105003023,candels-cdfs-05,53.086349417100536,-27.870544959169205,0.34329367670280553,1.801804210885969e-05,Ha,28.200589451819507,a,3,"O2,Hb,O3_1,O3_2",4487,0.09,8319,0.06,8.229999542236328,1,2295.8944702148438,261.8569755554199,6726.280161303399,738.8681030273438,165.9128761291504,6662.235543251522,5881.4398193359375,605.8647537231445,5008.515106989665,4378.312683105469,446.64974212646484,8816.102024107124,1951.7900085449219,322.99625396728516,6529.950249745946,1,189.25921631,62.18402863,0.1092,0.01698,,,0.1006,0.02356,0.1599,0.0764,0.3128,0.03066,177.2500206990195,55.902968670834696,141.55457027728474,0.34329367670280553,True,7.579999999999966,0.024999999999999467,1.0,-0.7325362018506484,2.248586294571434,-8.962535744086976,9.859426435858015,-8.85198297021286,-0.11055277387411522
105011043,candels-cdfs-05,53.07819728114359,-27.8700683253236,0.663697357747453,3.0236791547001277e-06,O3_2,97.03230324527787,a,3,"O2,Ne3,Hd,Hg,Hb,O3_1",4638,0.37,8375,0.37,9.270000457763672,1,12345.269775390625,501.3440704345703,8329.904046304926,3760.5224609375,386.0512161254883,8250.14133528975,15944.833984375,517.2509002685547,6201.625625874243,nan,nan,nan,4871.619567871094,398.0221176147461,8088.025071660782,1,34.44847488,-5.24791718,0.07573,0.02565,0.1266,0.02986,0.1195,0.07558,0.09918,0.1443,0.1325,0.0687,1248.8929254660175,372.70824591303824,462.8379693385768,0.663697357747453,True,7.789999999999962,0.024999999999999467,1.0,0.34711472898672363,3.0965252054897188,-8.922885728776949,7.509223771273655,-8.977058661128158,0.05417293235120901
105011043,candels-cdfs-05,53.07819728114359,-27.8700683253236,0.663697357747453,3.0236791547001277e-06,O3_2,97.03230324527787,a,3,"O2,Ne3,Hd,Hg,Hb,O3_1",4638,0.37,8375,0.37,9.270000457763672,1,12345.269775390625,501.3440704345703,8329.904046304926,3760.5224609375,386.0512161254883,8250.14133528975,15944.833984375,517.2509002685547,6201.625625874243,nan,nan,nan,4871.619567871094,398.0221176147461,8088.025071660782,1,215.25047302,53.06336212,0.4208,0.02653,0.494,0.04092,1.138,0.05608,,,1.718,0.07996,298.95605500028114,90.98784945834718,117.66361847224582,0.663697357747453,True,8.30999999999995,0.034999999999999254,1.0,0.34711472898672363,2.4756073539648313,-8.922885728776949,7.509223771273655,-8.977058661128158,0.05417293235120901
105011043,candels-cdfs-05,53.07819728114359,-27.8700683253236,0.663697357747453,3.0236791547001277e-06,O3_2,97.03230324527787,a,3,"O2,Ne3,Hd,Hg,Hb,O3_1",4638,0.37,8375,0.37,9.270000457763672,1,12345.269775390625,501.3440704345703,8329.904046304926,3760.5224609375,386.0512161254883,8250.14133528975,15944.833984375,517.2509002685547,6201.625625874243,nan,nan,nan,4871.619567871094,398.0221176147461,8088.025071660782,1,189.24879456,62.18419266,0.3352,0.02525,,,0.6895,0.0318,0.7943,0.1002,1.199,0.06805,337.39323714919465,101.75895518463705,129.1531951463597,0.663697357747453,True,8.299999999999951,0.03999999999999915,1.0,0.34711472898672363,2.528136373160568,-8.922885728776949,7.509223771273655,-8.977058661128158,0.05417293235120901
105011043,candels-cdfs-05,53.07819728114359,-27.8700683253236,0.663697357747453,3.0236791547001277e-06,O3_2,97.03230324527787,a,3,"O2,Ne3,Hd,Hg,Hb,O3_1",4638,0.37,8375,0.37,9.270000457763672,1,12345.269775390625,501.3440704345703,8329.904046304926,3760.5224609375,386.0512161254883,8250.14133528975,15944.833984375,517.2509002685547,6201.625625874243,nan,nan,nan,4871.619567871094,398.0221176147461,8088.025071660782,1,150.10421753,2.26492858,0.8614,0.05236,1.078,0.06661,2.061,0.1032,2.724,0.1972,3.219,0.17,138.93580395674837,42.111461580725454,53.996698156074224,0.663697357747453,True,8.399999999999949,0.034999999999999254,1.0,0.34711472898672363,2.142814178474223,-8.922885728776949,7.509223771273655,-8.977058661128158,0.05417293235120901
110013044,candels-cdfs-10,53.106030763521254,-27.865351982314245,0.6722085789289158,1.2213465143666127e-05,O3_2,38.464656907918304,a,3,"O2,Hg,Hb,O3_1",5145,0.59,9754,0.59,10.140000343322754,1,7346.6558837890625,668.5969543457031,8372.317907237626,1439.3960571289062,502.3341369628906,8292.554730156717,12427.98095703125,709.0825653076172,6231.651783209632,nan,nan,nan,5001.0980224609375,338.3155059814453,8128.195111358493,1,214.85884094,52.79337311,0.4372,0.03223,0.2725,0.04839,0.3759,0.05128,0.7055,0.08983,0.8724,0.05762,337.59161120001784,65.3478116148067,221.37793974436426,0.6722085789289158,True,7.5699999999999665,0.02999999999999936,1.0,0.37197234050087663,2.5283916463220812,-9.768028002821877,7.458730431753892,-9.278359465045856,-0.48966853777602104
110013044,candels-cdfs-10,53.106030763521254,-27.865351982314245,0.6722085789289158,1.2213465143666127e-05,O3_2,38.464656907918304,a,3,"O2,Hg,Hb,O3_1",5145,0.59,9754,0.59,10.140000343322754,1,7346.6558837890625,668.5969543457031,8372.317907237626,1439.3960571289062,502.3341369628906,8292.554730156717,12427.98095703125,709.0825653076172,6231.651783209632,nan,nan,nan,5001.0980224609375,338.3155059814453,8128.195111358493,1,34.25912857,-5.24316597,0.3624,0.03257,0.5994,0.03284,0.7336,0.1026,0.8965,0.1726,0.8245,0.1287,155.07039160444438,29.938334290985225,100.86616273495517,0.6722085789289158,True,7.559999999999967,0.02999999999999936,1.0,0.37197234050087663,2.1905288836271133,-9.768028002821877,7.458730431753892,-9.278359465045856,-0.48966853777602104
115040164,candels-cdfs-15,53.11332790434955,-27.863996369009755,0.7618851039785398,5.550594824706138e-06,O2,59.88523304530456,a,3,"Ne3,Ne32,Hd,Hg,Hb,O3_1,O3_2",5111,0.09,9834,0.03,8.529999732971191,1,11590.51513671875,1041.5166473388672,8819.805045993671,3406.4620971679688,259.54092025756836,8737.50110062103,6961.285400390625,300.47163009643555,6568.68554874508,nan,nan,nan,2698.2843017578125,242.42107391357422,8566.327263947087,1,34.40892792,-5.24282217,0.3673,0.0326,0.3406,0.03756,0.8156,0.08878,0.7338,0.15,0.8441,0.06654,405.90565018915834,119.29458772625581,94.49176426672999,0.7618851039785398,True,8.259999999999952,0.02999999999999936,1.0,0.23673433128534704,2.608425096719834,-8.293265401685844,6.956843397004499,-8.652435863892936,0.3591704622070928
115040164,candels-cdfs-15,53.11332790434955,-27.863996369009755,0.7618851039785398,5.550594824706138e-06,O2,59.88523304530456,a,3,"Ne3,Ne32,Hd,Hg,Hb,O3_1,O3_2",5111,0.09,9834,0.03,8.529999732971191,1,11590.51513671875,1041.5166473388672,8819.805045993671,3406.4620971679688,259.54092025756836,8737.50110062103,6961.285400390625,300.47163009643555,6568.68554874508,nan,nan,nan,2698.2843017578125,242.42107391357422,8566.327263947087,1,215.05682373,52.93411636,0.1628,0.03144,0.1976,0.04679,0.3421,0.05174,0.1597,0.09343,0.2827,0.07408,748.2338048854641,218.37871220621932,170.4530558096091,0.7618851039785398,True,8.279999999999951,0.02999999999999936,1.0,0.23673433128534704,2.8740373255456486,-8.293265401685844,6.956843397004499,-8.652435863892936,0.3591704622070928
115040164,candels-cdfs-15,53.11332790434955,-27.863996369009755,0.7618851039785398,5.550594824706138e-06,O2,59.88523304530456,a,3,"Ne3,Ne32,Hd,Hg,Hb,O3_1,O3_2",5111,0.09,9834,0.03,8.529999732971191,1,11590.51513671875,1041.5166473388672,8819.805045993671,3406.4620971679688,259.54092025756836,8737.50110062103,6961.285400390625,300.47163009643555,6568.68554874508,nan,nan,nan,2698.2843017578125,242.42107391357422,8566.327263947087,1,189.35006714,62.1918602,0.01267,0.01496,,,0.1273,0.02031,-0.009525,0.1108,0.1314,0.03686,3805.3608283093254,1129.9702649770693,914.7131483808789,0.7618851039785398,True,7.769999999999962,0.019999999999999574,1.0,0.23673433128534704,3.580395843317871,-8.293265401685844,6.956843397004499,-8.652435863892936,0.3591704622070928
115040164,candels-cdfs-15,53.11332790434955,-27.863996369009755,0.7618851039785398,5.550594824706138e-06,O2,59.88523304530456,a,3,"Ne3,Ne32,Hd,Hg,Hb,O3_1,O3_2",5111,0.09,9834,0.03,8.529999732971191,1,11590.51513671875,1041.5166473388672,8819.805045993671,3406.4620971679688,259.54092025756836,8737.50110062103,6961.285400390625,300.47163009643555,6568.68554874508,nan,nan,nan,2698.2843017578125,242.42107391357422,8566.327263947087,1,150.07594299,2.27951479,0.1654,0.02954,0.1638,0.0371,0.3357,0.05622,0.2985,0.07273,0.3066,0.04238,871.7943033728715,255.3638573689152,200.8501726987978,0.7618851039785398,True,8.269999999999952,0.04499999999999904,1.0,0.23673433128534704,2.940414026849811,-8.293265401685844,6.956843397004499,-8.652435863892936,0.3591704622070928
105018067,candels-cdfs-05,53.089387570684764,-27.864421412246646,0.8319554685211026,7.369165475100478e-06,O3_2,47.80185708312633,a,3,"O2,Ne3,Hd,Hg,Hb,O3_1",5157,0.12,9989,0.15,9.5,1,8795.256958007812,507.1091079711914,9172.833666580289,3199.7479248046875,414.5119857788086,9084.478979207868,9943.057250976562,580.2907943725586,6825.58534460667,nan,nan,nan,6559.615478515625,1005.6739807128906,8907.600006412826,1,189.2698822,62.19254303,0.1967,0.01771,,,0.3493,0.02523,0.4155,0.07864,0.2619,0.0537,493.2641029377188,177.3293906393086,354.8531465601399,0.8319554685211026,True,7.339999999999971,0.024999999999999467,1.0,0.7161660216139099,2.693079511036183,-8.78383397838609,6.599919768079511,-8.934189008226895,0.15035502984080473
105018067,candels-cdfs-05,53.089387570684764,-27.864421412246646,0.8319554685211026,7.369165475100478e-06,O3_2,47.80185708312633,a,3,"O2,Ne3,Hd,Hg,Hb,O3_1",5157,0.12,9989,0.15,9.5,1,8795.256958007812,507.1091079711914,9172.833666580289,3199.7479248046875,414.5119857788086,9084.478979207868,9943.057250976562,580.2907943725586,6825.58534460667,nan,nan,nan,6559.615478515625,1005.6739807128906,8907.600006412826,1,215.0748291,52.94749069,0.3035,0.0495,0.5768,0.07436,1.003,0.07683,0.7429,0.1414,1.099,0.09681,199.99976556909115,72.24655358689513,145.99017551434878,0.8319554685211026,True,7.379999999999971,0.024999999999999467,1.0,0.7161660216139099,2.3010294866034324,-8.78383397838609,6.599919768079511,-8.934189008226895,0.15035502984080473
105018067,candels-cdfs-05,53.089387570684764,-27.864421412246646,0.8319554685211026,7.369165475100478e-06,O3_2,47.80185708312633,a,3,"O2,Ne3,Hd,Hg,Hb,O3_1",5157,0.12,9989,0.15,9.5,1,8795.256958007812,507.1091079711914,9172.833666580289,3199.7479248046875,414.5119857788086,9084.478979207868,9943.057250976562,580.2907943725586,6825.58534460667,nan,nan,nan,6559.615478515625,1005.6739807128906,8907.600006412826,1,34.3807869,-5.24234581,0.05569,0.02509,0.08895,0.02873,0.1899,0.07731,0.1592,0.1376,0.1429,0.07632,1220.4799814163136,442.8797077675793,903.2108845537085,0.8319554685211026,True,7.439999999999969,0.019999999999999574,1.0,0.7161660216139099,3.086530660417091,-8.78383397838609,6.599919768079511,-8.934189008226895,0.15035502984080473
105018067,candels-cdfs-05,53.089387570684764,-27.864421412246646,0.8319554685211026,7.369165475100478e-06,O3_2,47.80185708312633,a,3,"O2,Ne3,Hd,Hg,Hb,O3_1",5157,0.12,9989,0.15,9.5,1,8795.256958007812,507.1091079711914,9172.833666580289,3199.7479248046875,414.5119857788086,9084.478979207868,9943.057250976562,580.2907943725586,6825.58534460667,nan,nan,nan,6559.615478515625,1005.6739807128906,8907.600006412826,1,150.12539673,2.28131151,0.4122,0.03164,0.4083,0.04035,0.6434,0.08117,0.4919,0.1187,0.7038,0.09428,290.9281023645475,104.86252649066623,210.95547528543702,0.8319554685211026,True,7.359999999999971,0.024999999999999467,1.0,0.7161660216139099,2.463785674194369,-8.78383397838609,6.599919768079511,-8.934189008226895,0.15035502984080473
105013050,candels-cdfs-05,53.08857351364657,-27.864123735356074,0.6802076689769851,5.117373528152491e-05,O2,15.771690729230695,a,3,"Hb,O3_1,O3_2",5114,0.09,10010,0.05,8.640000343322754,1,3007.79052734375,614.8471069335938,8412.634991063762,1015.0929260253906,237.4211883544922,8331.896742630095,3430.8123779296875,422.01976776123047,6264.711651929201,nan,nan,nan,735.9667205810547,174.13616180419922,8168.8412250413385,1,188.99241638,62.19244766,0.09708,0.03105,,,0.4244,0.07663,0.3134,0.1235,0.3552,0.08534,200.96010229197756,67.80868007597972,49.14372144825762,0.6802076689769851,True,8.419999999999948,0.03999999999999915,1.0,-0.4477267321650122,2.3031098431201498,-9.087727075487766,7.411745852545571,-8.74208266562761,-0.34564440986015654
105012048,candels-cdfs-05,53.086264102821744,-27.861747402478887,0.6788183394459234,7.182197169257081e-06,Hb,41.03529971292718,a,3,"O2,Ne3,Hg,O3_1,O3_2",5556,0.08,10195,0.08,10.109999656677246,1,5686.9281005859375,696.9857025146484,8325.368301034308,22867.2021484375,1840.9854125976562,8408.34973421683,33881.5478515625,1033.562240600586,6259.851524111149,nan,nan,nan,14664.63134765625,681.10107421875,8160.48818956418,1,34.36639786,-5.24248886,1.143,0.08276,2.234,0.08545,3.651,0.2482,4.016,0.4034,4.22,0.2996,31.24896028319823,126.74774630528164,79.18202633430549,0.6788183394459234,True,7.39999999999997,0.024999999999999467,1.0,0.8495238529459116,1.4948355720550843,-9.260475803731335,7.419873946279938,-9.26180181026401,0.00132600653267545
105012048,candels-cdfs-05,53.086264102821744,-27.861747402478887,0.6788183394459234,7.182197169257081e-06,Hb,41.03529971292718,a,3,"O2,Ne3,Hg,O3_1,O3_2",5556,0.08,10195,0.08,10.109999656677246,1,5686.9281005859375,696.9857025146484,8325.368301034308,22867.2021484375,1840.9854125976562,8408.34973421683,33881.5478515625,1033.562240600586,6259.851524111149,nan,nan,nan,14664.63134765625,681.10107421875,8160.48818956418,1,189.27685547,62.1932106,0.6353,0.02574,,,1.14,0.0357,1.314,0.1101,1.354,0.08765,87.22148837787941,354.96871474359165,219.5159289554849,0.6788183394459234,True,7.4299999999999695,0.024999999999999467,1.0,0.8495238529459116,1.9406234933530557,-9.260475803731335,7.419873946279938,-9.26180181026401,0.00132600653267545
105012048,candels-cdfs-05,53.086264102821744,-27.861747402478887,0.6788183394459234,7.182197169257081e-06,Hb,41.03529971292718,a,3,"O2,Ne3,Hg,O3_1,O3_2",5556,0.08,10195,0.08,10.109999656677246,1,5686.9281005859375,696.9857025146484,8325.368301034308,22867.2021484375,1840.9854125976562,8408.34973421683,33881.5478515625,1033.562240600586,6259.851524111149,nan,nan,nan,14664.63134765625,681.10107421875,8160.48818956418,1,215.16778564,53.0138588,0.1403,0.0321,0.3167,0.04849,0.3027,0.04475,,,0.4161,0.05488,229.42717559513198,941.9823790968816,567.2311555912377,0.6788183394459234,True,7.459999999999969,0.024999999999999467,1.0,0.8495238529459116,2.3606448586916486,-9.260475803731335,7.419873946279938,-9.26180181026401,0.00132600653267545
105012048,candels-cdfs-05,53.086264102821744,-27.861747402478887,0.6788183394459234,7.182197169257081e-06,Hb,41.03529971292718,a,3,"O2,Ne3,Hg,O3_1,O3_2",5556,0.08,10195,0.08,10.109999656677246,1,5686.9281005859375,696.9857025146484,8325.368301034308,22867.2021484375,1840.9854125976562,8408.34973421683,33881.5478515625,1033.562240600586,6259.851524111149,nan,nan,nan,14664.63134765625,681.10107421875,8160.48818956418,1,150.20188904,2.28336143,0.7032,0.03609,0.6999,0.0491,1.146,0.08498,,,1.748,0.1004,99.7171553223002,404.44716683554117,252.68918197605103,0.6788183394459234,True,7.4299999999999695,0.019999999999999574,1.0,0.8495238529459116,1.9987698806876377,-9.260475803731335,7.419873946279938,-9.26180181026401,0.00132600653267545
110009025,candels-cdfs-10,53.107564054829666,-27.862017856830747,0.60304488637714,6.576004371311384e-05,O2,25.051223659966183,a,3,"Hg,Hb,O3_1,O3_2",5426,0.92,10458,0.85,9.399999618530273,1,2536.6055297851562,511.7097854614258,8023.581377299443,1468.5713195800781,364.6525192260742,7947.560750468606,10423.24462890625,642.8290557861328,5974.57624442437,nan,nan,nan,2117.0326232910156,456.2434768676758,7791.542793619569,1,214.93339539,52.8495636,0.08721,0.03021,0.3073,0.04472,0.4051,0.04702,0.4245,0.08105,0.5069,0.04033,99.29666173871253,58.64269804627808,88.11187278801702,0.60304488637714,True,8.559999999999945,0.024999999999999467,1.0,-0.11582840543784435,1.9969346481648043,-9.515828023968117,7.884592952643684,-9.073689153599084,-0.44213887036903365
110009025,candels-cdfs-10,53.107564054829666,-27.862017856830747,0.60304488637714,6.576004371311384e-05,O2,25.051223659966183,a,3,"Hg,Hb,O3_1,O3_2",5426,0.92,10458,0.85,9.399999618530273,1,2536.6055297851562,511.7097854614258,8023.581377299443,1468.5713195800781,364.6525192260742,7947.560750468606,10423.24462890625,642.8290557861328,5974.57624442437,nan,nan,nan,2117.0326232910156,456.2434768676758,7791.542793619569,1,189.33126831,62.19460678,0.1265,0.02066,,,0.1752,0.02755,0.2598,0.103,0.2356,0.05708,207.62955932903054,118.43189769875123,165.51678890684278,0.60304488637714,True,7.819999999999961,0.02999999999999936,1.0,-0.11582840543784435,2.3172891822189867,-9.515828023968117,7.884592952643684,-9.073689153599084,-0.44213887036903365
110009025,candels-cdfs-10,53.107564054829666,-27.862017856830747,0.60304488637714,6.576004371311384e-05,O2,25.051223659966183,a,3,"Hg,Hb,O3_1,O3_2",5426,0.92,10458,0.85,9.399999618530273,1,2536.6055297851562,511.7097854614258,8023.581377299443,1468.5713195800781,364.6525192260742,7947.560750468606,10423.24462890625,642.8290557861328,5974.57624442437,nan,nan,nan,2117.0326232910156,456.2434768676758,7791.542793619569,1,150.11903381,2.28588796,0.2353,0.03262,0.1721,0.04195,0.1733,0.06245,0.2956,0.1195,0.2284,0.04238,173.62349104318832,97.67469550357158,132.63171057150066,0.60304488637714,True,8.569999999999945,0.03999999999999915,1.0,-0.11582840543784435,2.239608484321111,-9.515828023968117,7.884592952643684,-9.073689153599084,-0.44213887036903365
110011032,candels-cdfs-10,53.10056095233392,-27.859481990107497,0.6649787633595396,2.654975413872732e-05,O2,30.7146477615577,a,3,"Hb,O3_1,O3_2",5519,0.17,10840,0.16,8.850000381469727,1,3251.2405395507812,471.3027572631836,8334.865075057629,864.4362640380859,190.57994842529297,8256.76432566987,6068.3184814453125,457.8195571899414,6208.086671261663,nan,nan,nan,1134.5519256591797,261.0347557067871,8094.555391764919,1,214.81260681,52.76508713,0.354,0.03067,0.3363,0.04711,0.3262,0.05408,0.6136,0.08967,0.3324,0.05206,123.68683936343115,32.25097852576469,40.62519433578015,0.6649787633595396,True,8.489999999999947,0.03999999999999915,1.0,-0.28369647050270114,2.0923234919014964,-9.133696851972427,7.501588494152187,-8.826940913585187,-0.3067559383872407
104005033,candels-cdfs-04,53.07933345955272,-27.85691293458792,0.39949115258845436,1.4051175553777908e-05,O3_2,46.447050775593695,a,3,"O2,Hb,O3_1,Ha",5884,0.04,11709,0.02,8.550000190734863,1,6132.841796875,324.34383392333984,7006.944649213545,2457.4154663085938,292.75415420532227,6940.126211547607,5558.726806640625,546.9045257568359,5218.072464461971,5654.6636962890625,426.1805725097656,9185.522357020796,1728.8819885253906,236.1452293395996,6803.866425016307,1,34.45532227,-5.23730707,0.08218,0.05183,0.1913,0.05481,1.042,0.1532,1.921,0.3102,2.115,0.1745,424.1900375203517,171.18580222759167,122.22217391957824,0.39949115258845436,True,8.30999999999995,0.02999999999999936,1.0,-0.631066453441048,2.627560464508821,-9.18106664417591,9.374377617905838,-8.930742683496941,-0.2503239606789691
104005033,candels-cdfs-04,53.07933345955272,-27.85691293458792,0.39949115258845436,1.4051175553777908e-05,O3_2,46.447050775593695,a,3,"O2,Hb,O3_1,Ha",5884,0.04,11709,0.02,8.550000190734863,1,6132.841796875,324.34383392333984,7006.944649213545,2457.4154663085938,292.75415420532227,6940.126211547607,5558.726806640625,546.9045257568359,5218.072464461971,5654.6636962890625,426.1805725097656,9185.522357020796,1728.8819885253906,236.1452293395996,6803.866425016307,1,215.04508972,52.93369293,0.1437,0.03251,0.1057,0.04921,0.1867,0.04674,0.1242,0.09755,0.4149,0.06889,455.49067944754773,177.3460282298774,117.56885679354986,0.39949115258845436,True,8.30999999999995,0.02999999999999936,1.0,-0.631066453441048,2.658479494578143,-9.18106664417591,9.374377617905838,-8.930742683496941,-0.2503239606789691
104005033,candels-cdfs-04,53.07933345955272,-27.85691293458792,0.39949115258845436,1.4051175553777908e-05,O3_2,46.447050775593695,a,3,"O2,Hb,O3_1,Ha",5884,0.04,11709,0.02,8.550000190734863,1,6132.841796875,324.34383392333984,7006.944649213545,2457.4154663085938,292.75415420532227,6940.126211547607,5558.726806640625,546.9045257568359,5218.072464461971,5654.6636962890625,426.1805725097656,9185.522357020796,1728.8819885253906,236.1452293395996,6803.866425016307,1,150.11195374,2.29820204,0.2859,0.03349,0.376,0.04079,0.6331,0.07038,0.6795,0.1309,0.7182,0.08066,166.60980488410658,66.05352537030119,45.458919166945414,0.39949115258845436,True,8.33999999999995,0.034999999999999254,1.0,-0.631066453441048,2.22170055578484,-9.18106664417591,9.374377617905838,-8.930742683496941,-0.2503239606789691
104005033,candels-cdfs-04,53.07933345955272,-27.85691293458792,0.39949115258845436,1.4051175553777908e-05,O3_2,46.447050775593695,a,3,"O2,Hb,O3_1,Ha",5884,0.04,11709,0.02,8.550000190734863,1,6132.841796875,324.34383392333984,7006.944649213545,2457.4154663085938,292.75415420532227,6940.126211547607,5558.726806640625,546.9045257568359,5218.072464461971,5654.6636962890625,426.1805725097656,9185.522357020796,1728.8819885253906,236.1452293395996,6803.866425016307,1,188.92259216,62.20022583,0.1837,0.0166,,,0.2948,0.04844,,,0.3605,0.0932,270.60971181347,107.02351655452703,73.28406122445183,0.39949115258845436,True,8.33999999999995,0.034999999999999254,1.0,-0.631066453441048,2.4323433787779125,-9.18106664417591,9.374377617905838,-8.930742683496941,-0.2503239606789691
116026108,candels-cdfs-16,53.13723893557844,-27.855652195576166,0.6688270204968347,2.5583116247298306e-05,O3_2,54.29092181751598,a,3,"O2,Ne3,Hb,O3_1",5923,0.18,11853,0.18,8.739999771118164,1,9017.76123046875,649.2851257324219,8356.454152516668,3704.4949340820312,511.5749740600586,8274.908273705323,5442.435302734375,348.91746520996094,6222.12579001588,nan,nan,nan,1601.3618469238281,211.65388107299805,8113.165588878934,1,189.15678406,62.20105362,0.205,0.02294,,,0.66,0.03146,0.7941,0.08372,0.6927,0.07851,328.64925830680147,134.4408655505307,57.62418430976379,0.6688270204968347,True,8.36999999999995,0.034999999999999254,1.0,-0.12793397063364664,2.5167326565049404,-8.867933741751811,7.478729579498853,-8.785206174773972,-0.08272756697783912
116026108,candels-cdfs-16,53.13723893557844,-27.855652195576166,0.6688270204968347,2.5583116247298306e-05,O3_2,54.29092181751598,a,3,"O2,Ne3,Hb,O3_1",5923,0.18,11853,0.18,8.739999771118164,1,9017.76123046875,649.2851257324219,8356.454152516668,3704.4949340820312,511.5749740600586,8274.908273705323,5442.435302734375,348.91746520996094,6222.12579001588,nan,nan,nan,1601.3618469238281,211.65388107299805,8113.165588878934,1,34.46616745,-5.23629284,0.1509,0.03065,0.2057,0.0356,0.2572,0.08925,0.5101,0.1617,0.4016,0.07757,552.1103112697921,223.52041859504888,93.82481591334454,0.6688270204968347,True,8.34999999999995,0.02999999999999936,1.0,-0.12793397063364664,2.742025858144947,-8.867933741751811,7.478729579498853,-8.785206174773972,-0.08272756697783912
116026108,candels-cdfs-16,53.13723893557844,-27.855652195576166,0.6688270204968347,2.5583116247298306e-05,O3_2,54.29092181751598,a,3,"O2,Ne3,Hb,O3_1",5923,0.18,11853,0.18,8.739999771118164,1,9017.76123046875,649.2851257324219,8356.454152516668,3704.4949340820312,511.5749740600586,8274.908273705323,5442.435302734375,348.91746520996094,6222.12579001588,nan,nan,nan,1601.3618469238281,211.65388107299805,8113.165588878934,1,214.79405212,52.75592422,0.02405,0.03478,0.111,0.0532,0.2319,0.05984,0.247,0.06964,0.293,0.06587,980.445959984803,401.53245600335435,172.5032577973102,0.6688270204968347,True,8.34999999999995,0.024999999999999467,1.0,-0.12793397063364664,2.991423661311118,-8.867933741751811,7.478729579498853,-8.785206174773972,-0.08272756697783912
116026108,candels-cdfs-16,53.13723893557844,-27.855652195576166,0.6688270204968347,2.5583116247298306e-05,O3_2,54.29092181751598,a,3,"O2,Ne3,Hb,O3_1",5923,0.18,11853,0.18,8.739999771118164,1,9017.76123046875,649.2851257324219,8356.454152516668,3704.4949340820312,511.5749740600586,8274.908273705323,5442.435302734375,348.91746520996094,6222.12579001588,nan,nan,nan,1601.3618469238281,211.65388107299805,8113.165588878934,1,150.11228943,2.29954815,0.591,0.02933,0.5673,0.03693,0.7514,0.05747,0.9647,0.1069,0.8234,0.06436,199.22947956621655,80.76189700765345,33.988925650694334,0.6688270204968347,True,8.35999999999995,0.04499999999999904,1.0,-0.12793397063364664,2.299353600481693,-8.867933741751811,7.478729579498853,-8.785206174773972,-0.08272756697783912
117003009,candels-cdfs-17,53.149602840941164,-27.855008590583047,0.35828873188046567,1.072019360038038e-05,O3_2,69.7115115054887,a,3,"O2,Ne3,Hg,Hb,O3_1,N2_2,S2_1,S2_2",6229,0.86,11979,0.84,9.65999984741211,1,10833.328857421875,366.80789947509766,6802.1512399988205,2764.7537231445312,302.0731735229492,6737.070901732583,23678.8671875,732.9949951171875,5064.481317328228,nan,nan,nan,6031.951904296875,342.55855560302734,6604.986917064377,1,215.19338989,53.0382309,0.2522,0.0615,1.042,0.09156,6.323,0.08363,,,11.16,0.1434,192.70760611060328,50.42816898282836,115.84642902650266,0.35828873188046567,True,8.549999999999946,0.024999999999999467,1.0,-0.19922818233678133,2.284898856464861,-9.859228029748891,9.726463753941633,-9.428587560504683,-0.4306404692442083
117003009,candels-cdfs-17,53.149602840941164,-27.855008590583047,0.35828873188046567,1.072019360038038e-05,O3_2,69.7115115054887,a,3,"O2,Ne3,Hg,Hb,O3_1,N2_2,S2_1,S2_2",6229,0.86,11979,0.84,9.65999984741211,1,10833.328857421875,366.80789947509766,6802.1512399988205,2764.7537231445312,302.0731735229492,6737.070901732583,23678.8671875,732.9949951171875,5064.481317328228,nan,nan,nan,6031.951904296875,342.55855560302734,6604.986917064377,1,189.02801514,62.20165253,0.06539,0.01919,,,0.1547,0.04653,0.1602,0.06786,0.1628,0.04496,1199.6623967462633,303.69028056678115,651.5939098261416,0.35828873188046567,True,7.85999999999996,0.024999999999999467,1.0,-0.19922818233678133,3.079059046165394,-9.859228029748891,9.726463753941633,-9.428587560504683,-0.4306404692442083
117003009,candels-cdfs-17,53.149602840941164,-27.855008590583047,0.35828873188046567,1.072019360038038e-05,O3_2,69.7115115054887,a,3,"O2,Ne3,Hg,Hb,O3_1,N2_2,S2_1,S2_2",6229,0.86,11979,0.84,9.65999984741211,1,10833.328857421875,366.80789947509766,6802.1512399988205,2764.7537231445312,302.0731735229492,6737.070901732583,23678.8671875,732.9949951171875,5064.481317328228,nan,nan,nan,6031.951904296875,342.55855560302734,6604.986917064377,1,150.06231689,2.30083394,0.1915,0.06464,0.2041,0.0841,0.4442,0.09157,0.6779,0.1713,0.4023,0.1037,467.4046323807044,117.24682269099303,246.8785891572674,0.35828873188046567,True,7.839999999999961,0.019999999999999574,1.0,-0.19922818233678133,2.669693012308259,-9.859228029748891,9.726463753941633,-9.428587560504683,-0.4306404692442083
117003009,candels-cdfs-17,53.149602840941164,-27.855008590583047,0.35828873188046567,1.072019360038038e-05,O3_2,69.7115115054887,a,3,"O2,Ne3,Hg,Hb,O3_1,N2_2,S2_1,S2_2",6229,0.86,11979,0.84,9.65999984741211,1,10833.328857421875,366.80789947509766,6802.1512399988205,2764.7537231445312,302.0731735229492,6737.070901732583,23678.8671875,732.9949951171875,5064.481317328228,nan,nan,nan,6031.951904296875,342.55855560302734,6604.986917064377,1,34.36375046,-5.2357049,0.02246,0.00316,0.01811,0.003267,0.0249,0.01189,0.02988,0.01395,0.006931,0.0953,4518.657043627832,1123.6625820764866,2323.9663483685827,0.35828873188046567,True,7.8999999999999595,0.019999999999999574,1.0,-0.19922818233678133,3.6550093805628703,-9.859228029748891,9.726463753941633,-9.428587560504683,-0.4306404692442083
116031126,candels-cdfs-16,53.1323405234972,-27.85395945955308,0.7366709324237258,7.691185061478189e-06,O3_2,65.2272774563446,a,3,"O2,Ne3,Hg,Hb,O3_1",6042,0.01,12079,0.03,8.140000343322754,1,6827.3992919921875,355.54698944091797,8696.295548966966,2012.584228515625,314.70869064331055,8612.51985937559,2603.2559204101562,289.5771598815918,6476.021898812187,nan,nan,nan,943.8661956787109,304.4395065307617,8442.621742536023,1,189.2026062,62.20217133,0.333,0.02416,,,0.7803,0.02562,0.8566,0.06699,0.9131,0.0491,183.58926921688592,53.671565602636676,24.74499223035166,0.7366709324237258,True,8.289999999999951,0.05499999999999883,1.0,-0.2551842159707629,2.2638472931174674,-8.395184559293517,7.0925977502806195,-8.533291753581468,0.13810719428795082
116031126,candels-cdfs-16,53.1323405234972,-27.85395945955308,0.7366709324237258,7.691185061478189e-06,O3_2,65.2272774563446,a,3,"O2,Ne3,Hg,Hb,O3_1",6042,0.01,12079,0.03,8.140000343322754,1,6827.3992919921875,355.54698944091797,8696.295548966966,2012.584228515625,314.70869064331055,8612.51985937559,2603.2559204101562,289.5771598815918,6476.021898812187,nan,nan,nan,943.8661956787109,304.4395065307617,8442.621742536023,1,150.13830566,2.3016479,0.03657,0.02787,0.136,0.03539,0.3149,0.05585,0.3163,0.09057,0.4222,0.06325,602.2966213340857,177.41079762956556,83.07282296254014,0.7366709324237258,True,8.249999999999952,0.03999999999999915,1.0,-0.2551842159707629,2.7798104269426567,-8.395184559293517,7.0925977502806195,-8.533291753581468,0.13810719428795082
116031126,candels-cdfs-16,53.1323405234972,-27.85395945955308,0.7366709324237258,7.691185061478189e-06,O3_2,65.2272774563446,a,3,"O2,Ne3,Hg,Hb,O3_1",6042,0.01,12079,0.03,8.140000343322754,1,6827.3992919921875,355.54698944091797,8696.295548966966,2012.584228515625,314.70869064331055,8612.51985937559,2603.2559204101562,289.5771598815918,6476.021898812187,nan,nan,nan,943.8661956787109,304.4395065307617,8442.621742536023,1,214.8216095,52.77656174,0.2584,0.01989,0.2841,0.0305,0.1035,0.04217,0.2112,0.07225,0.2018,0.04685,398.3231469222284,112.61887767540523,48.46922334337644,0.7366709324237258,True,8.229999999999952,0.049999999999998934,1.0,-0.2551842159707629,2.6002355443920266,-8.395184559293517,7.0925977502806195,-8.533291753581468,0.13810719428795082
104027073,candels-cdfs-04,53.09283999834373,-27.854451461466745,0.7319269185916721,2.0508482145047775e-05,O2,30.479663813686706,a,3,"Ne3,Hb,O3_1,O3_2",6034,0.14,12080,0.13,9.09000015258789,1,2201.7787170410156,581.6997528076172,8673.330504103586,549.6163940429688,327.5548553466797,8588.765816641138,3688.511962890625,322.9574203491211,6456.995921507532,nan,nan,nan,1269.9049377441406,315.10549545288086,8422.200620586276,1,34.25574112,-5.23538923,0.1302,0.0252,0.1904,0.02563,0.2243,0.07446,0.1782,0.1349,0.2362,0.04035,155.44121813370072,38.18866726283563,85.47102558302086,0.7319269185916721,True,8.279999999999951,0.04499999999999904,1.0,-0.13317927486998132,2.1915661910057223,-9.223179427457872,7.118594519111141,-8.863763284200058,-0.359416143257814
104027073,candels-cdfs-04,53.09283999834373,-27.854451461466745,0.7319269185916721,2.0508482145047775e-05,O2,30.479663813686706,a,3,"Ne3,Hb,O3_1,O3_2",6034,0.14,12080,0.13,9.09000015258789,1,2201.7787170410156,581.6997528076172,8673.330504103586,549.6163940429688,327.5548553466797,8588.765816641138,3688.511962890625,322.9574203491211,6456.995921507532,nan,nan,nan,1269.9049377441406,315.10549545288086,8422.200620586276,1,150.16249084,2.30167079,0.08211,0.02161,0.05611,0.02692,0.1759,0.05258,0.2957,0.09257,0.1814,0.04865,447.25020884266024,112.32018499773608,262.6689306255713,0.7319269185916721,True,7.749999999999963,0.024999999999999467,1.0,-0.13317927486998132,2.6505505520324655,-9.223179427457872,7.118594519111141,-8.863763284200058,-0.359416143257814
115007098,candels-cdfs-15,53.125496430997494,-27.853924485412886,0.3360424711718424,1.4917148645685761e-05,O3_2,100.17225170534735,a,3,"O2,Hb,O3_1",6053,0.09,12108,0.1,7.880000114440918,1,9198.812866210938,338.6814880371094,6689.689570121301,2212.7178955078125,193.1219482421875,6625.504748851657,3598.994140625,714.2455291748047,4981.294823540256,nan,nan,nan,763.1581115722656,201.83549880981445,6494.766630520858,1,189.3510437,62.20240402,0.2084,0.01843,,,0.2191,0.0276,0.3508,0.08562,0.2781,0.04434,359.9289937669356,84.9801456314084,28.201660838244784,0.3360424711718424,True,7.939999999999959,0.02999999999999936,1.0,-1.1619138202684043,2.5562168322761787,-9.041913934709322,9.924679028648347,-8.712453594079227,-0.32946034063009577
115007098,candels-cdfs-15,53.125496430997494,-27.853924485412886,0.3360424711718424,1.4917148645685761e-05,O3_2,100.17225170534735,a,3,"O2,Hb,O3_1",6053,0.09,12108,0.1,7.880000114440918,1,9198.812866210938,338.6814880371094,6689.689570121301,2212.7178955078125,193.1219482421875,6625.504748851657,3598.994140625,714.2455291748047,4981.294823540256,nan,nan,nan,763.1581115722656,201.83549880981445,6494.766630520858,1,214.72988892,52.71089554,0.4807,0.03538,0.4787,0.05653,0.74,0.06111,1.048,0.1524,0.9265,0.1174,157.61094600976503,37.183426507018154,12.319943543321891,0.3360424711718424,True,8.049999999999956,0.02999999999999936,1.0,-1.1619138202684043,2.197586375758623,-9.041913934709322,9.924679028648347,-8.712453594079227,-0.32946034063009577
116008068,candels-cdfs-16,53.14213480247091,-27.853187035812233,0.3583023868851493,3.412650462890668e-05,O3_2,21.85287754373015,a,3,"Ha,Hb,O2,O3_1",6128,0.04,12379,0.05,8.170000076293945,1,1564.1714477539062,782.9471588134766,8913.157655272884,1708.9549255371094,180.46754837036133,6801.254954108314,377.1719741821289,147.33022689819336,6736.24348982325,2418.0184936523438,366.7601013183594,5064.675393922225,499.36973571777344,188.5298728942871,6603.363671050925,1,150.18135071,2.30461478,0.0603,0.04026,0.175,0.05159,0.468,0.08094,0.4601,0.1418,0.545,0.08942,103.93170830186935,149.13614396069158,45.49674848079492,0.3583023868851493,True,7.939999999999959,0.09999999999999787,1.0,-1.2812251853972028,2.016748065744626,-9.451225261691148,9.726343873100229,-8.813372170983545,-0.637853090707603
109021072,candels-cdfs-09,53.10646997539469,-27.85226411895555,0.832164965331115,1.3432403282958371e-05,O3_2,42.77121426914841,a,3,"O2,O2,Ne3,Hb,O3_1",6219,0.04,12555,0.04,8.84000015258789,1,5284.3109130859375,351.826171875,9173.861475950993,1541.868896484375,392.1280288696289,9086.011869085864,1848.1076049804688,404.1990280151367,6826.867306118493,nan,nan,nan,2519.7348022460938,694.4414520263672,8907.736940546569,1,214.89994812,52.83424759,0.08412,0.02607,0.1557,0.03847,0.1868,0.03473,0.2512,0.07558,0.161,0.03727,497.1267269199318,142.8590134749633,226.248074757829,0.832164965331115,True,7.239999999999974,0.04499999999999904,1.0,0.3009108251156806,2.6964671126497963,-8.53908932747221,6.598895417839919,-8.715211677467698,0.17612234999548804
109021072,candels-cdfs-09,53.10646997539469,-27.85226411895555,0.832164965331115,1.3432403282958371e-05,O3_2,42.77121426914841,a,3,"O2,O2,Ne3,Hb,O3_1",6219,0.04,12555,0.04,8.84000015258789,1,5284.3109130859375,351.826171875,9173.861475950993,1541.868896484375,392.1280288696289,9086.011869085864,1848.1076049804688,404.1990280151367,6826.867306118493,nan,nan,nan,2519.7348022460938,694.4414520263672,8907.736940546569,1,150.07641602,2.30658388,0.1408,0.03745,0.4945,0.04649,0.4126,0.0715,0.3859,0.1343,0.4152,0.1145,174.36586967147022,49.70849585870525,77.43885735671189,0.832164965331115,True,7.489999999999968,0.08499999999999819,1.0,0.3009108251156806,2.2414614802299284,-8.53908932747221,6.598895417839919,-8.715211677467698,0.17612234999548804
109021072,candels-cdfs-09,53.10646997539469,-27.85226411895555,0.832164965331115,1.3432403282958371e-05,O3_2,42.77121426914841,a,3,"O2,O2,Ne3,Hb,O3_1",6219,0.04,12555,0.04,8.84000015258789,1,5284.3109130859375,351.826171875,9173.861475950993,1541.868896484375,392.1280288696289,9086.011869085864,1848.1076049804688,404.1990280151367,6826.867306118493,nan,nan,nan,2519.7348022460938,694.4414520263672,8907.736940546569,1,189.06137085,62.20465469,0.1384,0.01469,,,0.1219,0.03272,0.1058,0.05666,0.1739,0.05609,636.0578582175937,181.75550227957027,284.52482593986645,0.832164965331115,True,7.259999999999973,0.034999999999999254,1.0,0.3009108251156806,2.8034966225065157,-8.53908932747221,6.598895417839919,-8.715211677467698,0.17612234999548804
109021072,candels-cdfs-09,53.10646997539469,-27.85226411895555,0.832164965331115,1.3432403282958371e-05,O3_2,42.77121426914841,a,3,"O2,O2,Ne3,Hb,O3_1",6219,0.04,12555,0.04,8.84000015258789,1,5284.3109130859375,351.826171875,9173.861475950993,1541.868896484375,392.1280288696289,9086.011869085864,1869.6330261230469,404.9787902832031,6829.090409604682,nan,nan,nan,2519.7348022460938,694.4414520263672,8907.736940546569,1,214.89994812,52.83424759,0.08412,0.02607,0.1557,0.03847,0.1868,0.03473,0.2512,0.07558,0.161,0.03727,497.1267269199318,142.8590134749633,226.248074757829,0.832164965331115,True,7.249999999999973,0.04499999999999904,1.0,0.3009108251156806,2.6964671126497963,-8.53908932747221,6.598895417839919,-8.715211677467698,0.17612234999548804
109021072,candels-cdfs-09,53.10646997539469,-27.85226411895555,0.832164965331115,1.3432403282958371e-05,O3_2,42.77121426914841,a,3,"O2,O2,Ne3,Hb,O3_1",6219,0.04,12555,0.04,8.84000015258789,1,5284.3109130859375,351.826171875,9173.861475950993,1541.868896484375,392.1280288696289,9086.011869085864,1869.6330261230469,404.9787902832031,6829.090409604682,nan,nan,nan,2519.7348022460938,694.4414520263672,8907.736940546569,1,150.07641602,2.30658388,0.1408,0.03745,0.4945,0.04649,0.4126,0.0715,0.3859,0.1343,0.4152,0.1145,174.36586967147022,49.70849585870525,77.43885735671189,0.832164965331115,True,7.499999999999968,0.08999999999999808,1.0,0.3009108251156806,2.2414614802299284,-8.53908932747221,6.598895417839919,-8.715211677467698,0.17612234999548804
109021072,candels-cdfs-09,53.10646997539469,-27.85226411895555,0.832164965331115,1.3432403282958371e-05,O3_2,42.77121426914841,a,3,"O2,O2,Ne3,Hb,O3_1",6219,0.04,12555,0.04,8.84000015258789,1,5284.3109130859375,351.826171875,9173.861475950993,1541.868896484375,392.1280288696289,9086.011869085864,1869.6330261230469,404.9787902832031,6829.090409604682,nan,nan,nan,2519.7348022460938,694.4414520263672,8907.736940546569,1,189.06137085,62.20465469,0.1384,0.01469,,,0.1219,0.03272,0.1058,0.05666,0.1739,0.05609,636.0578582175937,181.75550227957027,284.52482593986645,0.832164965331115,True,7.269999999999973,0.03999999999999915,1.0,0.3009108251156806,2.8034966225065157,-8.53908932747221,6.598895417839919,-8.715211677467698,0.17612234999548804
116012078,candels-cdfs-16,53.13786540404121,-27.85316148283198,0.41589749742682525,2.282065675160898e-05,Ha,41.64366946644158,a,3,"O2,Hg,Hb,O3_1,O3_2",6246,0.17,12629,0.21,8.829999923706055,1,2529.3069458007812,214.26559448242188,7089.304719750657,700.5457305908203,165.56524276733398,7021.69200514434,7681.2109375,474.9557113647461,5278.872951781841,6494.6746826171875,450.3300476074219,9292.477685730832,2080.199432373047,289.2905616760254,6883.179334798326,1,150.1199646,2.30725956,0.1792,0.03876,0.1635,0.04775,0.4846,0.07448,0.4323,0.1354,0.5159,0.109,137.54066338897093,37.26497998848109,105.70194750320309,0.41589749742682525,True,7.669999999999964,0.04499999999999904,1.0,-0.5095059455510388,2.1384311147091783,-9.339505869257094,9.239388678422104,-9.02764606763104,-0.31185980162605453
116012078,candels-cdfs-16,53.13786540404121,-27.85316148283198,0.41589749742682525,2.282065675160898e-05,Ha,41.64366946644158,a,3,"O2,Hg,Hb,O3_1,O3_2",6246,0.17,12629,0.21,8.829999923706055,1,2529.3069458007812,214.26559448242188,7089.304719750657,700.5457305908203,165.56524276733398,7021.69200514434,7681.2109375,474.9557113647461,5278.872951781841,6494.6746826171875,450.3300476074219,9292.477685730832,2080.199432373047,289.2905616760254,6883.179334798326,1,214.81256104,52.77230453,0.0801,0.1848,1.685,0.2841,0.8717,0.3703,5.817,0.6199,0.7015,0.1335,49.12866456667023,14.675872801276666,50.99594941027188,0.41589749742682525,True,8.409999999999949,0.034999999999999254,1.0,-0.5095059455510388,1.6913349591438083,-9.339505869257094,9.239388678422104,-9.02764606763104,-0.31185980162605453
109022073,candels-cdfs-09,53.105006434201094,-27.850070624633517,0.8406476633203834,4.844098385156565e-06,O2,88.31337687052033,a,3,"Ne3,Hd,Hg,Hb,O3_1,O3_2",6517,0.18,13341,0.18,9.380000114440918,1,15265.362548828125,481.6333770751953,9215.11187863845,4772.940673828125,303.0537986755371,9127.203869431607,12243.74267578125,588.7105178833008,6857.7795954091425,nan,nan,nan,8826.175537109375,963.5499572753906,8948.86661199319,1,150.16520691,2.31490731,0.1392,0.05179,0.3243,0.0652,0.6006,0.1082,0.6689,0.1999,0.4829,0.07934,607.7181608327418,188.94176323464904,345.3539080493314,0.8406476633203834,True,7.339999999999971,0.024999999999999467,1.0,0.8561395784840145,2.7837022148426214,-8.523860535956903,6.557624705642018,-8.888734833413874,0.3648742974569714
109022073,candels-cdfs-09,53.105006434201094,-27.850070624633517,0.8406476633203834,4.844098385156565e-06,O2,88.31337687052033,a,3,"Ne3,Hd,Hg,Hb,O3_1,O3_2",6517,0.18,13341,0.18,9.380000114440918,1,15265.362548828125,481.6333770751953,9215.11187863845,4772.940673828125,303.0537986755371,9127.203869431607,12243.74267578125,588.7105178833008,6857.7795954091425,nan,nan,nan,8826.175537109375,963.5499572753906,8948.86661199319,1,189.41279602,62.20828629,0.02818,0.04324,,,0.2166,0.03861,,,0.3157,0.066,2517.902387647285,792.8464183191696,1487.6409968526243,0.8406476633203834,True,7.41999999999997,0.024999999999999467,1.0,0.8561395784840145,3.4010388896606996,-8.523860535956903,6.557624705642018,-8.888734833413874,0.3648742974569714
116014085,candels-cdfs-16,53.14224277837042,-27.847146776223962,0.4248700678545386,1.2487666908395027e-05,O3_2,82.32896581394247,a,3,"O2,Hg,Hb,O3_1",6774,0.42,13919,0.41,8.300000190734863,1,6550.821533203125,288.2946968078613,7134.044003438426,1475.2352905273438,199.9129295349121,7065.990438344494,2833.3642578125,401.7319107055664,5312.487338996396,nan,nan,nan,1203.152084350586,207.24788665771484,6927.75184260063,1,189.1655426,62.21114349,0.4182,0.01819,,,0.9184,0.02794,0.9026,0.06424,0.9433,0.05247,120.29849575486404,26.846992665712364,21.490857438756816,0.4248700678545386,True,8.239999999999952,0.03999999999999915,1.0,-0.7253791581896384,2.080260196837381,-9.025379348924501,9.16677481290529,-8.807844851181969,-0.2175344977425322
109013055,candels-cdfs-09,53.09620270469636,-27.846435145801035,0.6102231475326614,3.1860632251624188e-06,O3_2,70.49622513386727,a,3,"O2,Ne3,Hd,Hg,Hb,O3_1",6900,0.22,14155,0.2,8.350000381469727,1,18186.94091796875,504.78206634521484,8062.283085969608,5230.97412109375,585.5001831054688,7985.318614417656,11182.098388671875,513.4175109863281,6003.725378909754,nan,nan,nan,5531.968994140625,363.9799118041992,7829.130377438876,1,189.30215454,62.21226883,0.05691,0.01627,,,0.1634,0.02336,0.06472,0.0779,0.1319,0.03572,2465.2286463790965,705.0953594728194,737.1166116369598,0.6102231475326614,True,7.649999999999965,0.024999999999999467,1.0,0.3137667138168475,3.3918572056642216,-8.03623366765288,7.838699961311594,-8.685524904637523,0.6492912369846433
109013055,candels-cdfs-09,53.09620270469636,-27.846435145801035,0.6102231475326614,3.1860632251624188e-06,O3_2,70.49622513386727,a,3,"O2,Ne3,Hd,Hg,Hb,O3_1",6900,0.22,14155,0.2,8.350000381469727,1,18186.94091796875,504.78206634521484,8062.283085969608,5230.97412109375,585.5001831054688,7985.318614417656,11182.098388671875,513.4175109863281,6003.725378909754,nan,nan,nan,5531.968994140625,363.9799118041992,7829.130377438876,1,150.09742737,2.32302499,0.1131,0.03346,0.0968,0.04221,0.3496,0.06639,0.2094,0.08217,0.3203,0.05889,2239.4766152434636,630.2467306136224,634.3205806595138,0.6102231475326614,True,7.649999999999965,0.024999999999999467,1.0,0.3137667138168475,3.35014653187392,-8.03623366765288,7.838699961311594,-8.685524904637523,0.6492912369846433
109013055,candels-cdfs-09,53.09620270469636,-27.846435145801035,0.6102231475326614,3.1860632251624188e-06,O3_2,70.49622513386727,a,3,"O2,Ne3,Hd,Hg,Hb,O3_1",6900,0.22,14155,0.2,8.350000381469727,1,18186.94091796875,504.78206634521484,8062.283085969608,5230.97412109375,585.5001831054688,7985.318614417656,11182.098388671875,513.4175109863281,6003.725378909754,nan,nan,nan,5531.968994140625,363.9799118041992,7829.130377438876,1,214.87223816,52.82118607,0.2714,0.03257,0.3617,0.04938,0.6559,0.03924,0.6294,0.09601,0.7166,0.04846,600.0098136497746,170.86555268301774,176.92488289533492,0.6102231475326614,True,8.159999999999954,0.024999999999999467,1.0,0.3137667138168475,2.7781583536821266,-8.03623366765288,7.838699961311594,-8.685524904637523,0.6492912369846433
109002025,candels-cdfs-09,53.10514306337567,-27.842632287189243,0.3340143873850093,1.3403626661906164e-05,O3_2,41.56449414453729,a,3,"O2,Hb,O3_1,Ha",7391,0.1,14459,0.08,8.760000228881836,1,7087.07763671875,514.7193145751953,6679.941538257883,1809.1023254394531,390.85216522216797,6615.409762633948,10168.577270507812,652.2025299072266,4974.097955361675,12612.384033203125,1071.133041381836,8754.459397886765,2642.2091674804688,351.0318374633789,6485.858531876027,1,189.22116089,62.21365356,0.1278,0.02186,,,0.2151,0.03029,0.1674,0.09539,0.1556,0.05638,417.75063920628617,105.29928190835487,149.88190739288743,0.3340143873850093,True,7.85999999999996,0.024999999999999467,1.0,-0.6286676531426716,2.6209171230861963,-9.388667882024507,9.943042388549312,-9.082492767466988,-0.30617511455751867
109002025,candels-cdfs-09,53.10514306337567,-27.842632287189243,0.3340143873850093,1.3403626661906164e-05,O3_2,41.56449414453729,a,3,"O2,Hb,O3_1,Ha",7391,0.1,14459,0.08,8.760000228881836,1,7087.07763671875,514.7193145751953,6679.941538257883,1809.1023254394531,390.85216522216797,6615.409762633948,10168.577270507812,652.2025299072266,4974.097955361675,12612.384033203125,1071.133041381836,8754.459397886765,2642.2091674804688,351.0318374633789,6485.858531876027,1,150.14607239,2.32632256,0.2247,0.02334,0.2948,0.02953,0.3138,0.05474,0.3982,0.1016,0.3436,0.04871,232.4997739471954,58.709180454801334,83.87048695336621,0.3340143873850093,True,8.37999999999995,0.034999999999999254,1.0,-0.6286676531426716,2.366422534974216,-9.388667882024507,9.943042388549312,-9.082492767466988,-0.30617511455751867
117007029,candels-cdfs-17,53.15779768006527,-27.844287985335534,0.5228607933221363,2.160566619322392e-06,O3_2,204.95535143385337,a,3,"O2,Ne3,Hzet,Heps,Hd,Hg,Hb,O3_1",7081,0.08,14549,0.02,7.940000057220459,1,23456.75048828125,418.17527770996094,7624.900889601002,6540.341796875,214.50763702392578,7552.211107539222,6241.3653564453125,311.187686920166,5677.123957428153,nan,nan,nan,4711.408386230469,325.4283142089844,7404.720530743832,1,150.08903503,2.3274703,0.3544,0.02706,0.371,0.03217,0.9708,0.06171,0.871,0.09928,0.8849,0.08011,680.9422513611025,186.52634581328638,129.54806450022025,0.5228607933221363,True,8.019999999999957,0.02999999999999936,1.0,0.08223723562767918,2.833110282281866,-7.85776282159278,8.426030260388968,-8.59300638000286,0.7352435584100805
117007029,candels-cdfs-17,53.15779768006527,-27.844287985335534,0.5228607933221363,2.160566619322392e-06,O3_2,204.95535143385337,a,3,"O2,Ne3,Hzet,Heps,Hd,Hg,Hb,O3_1",7081,0.08,14549,0.02,7.940000057220459,1,23456.75048828125,418.17527770996094,7624.900889601002,6540.341796875,214.50763702392578,7552.211107539222,6241.3653564453125,311.187686920166,5677.123957428153,nan,nan,nan,4711.408386230469,325.4283142089844,7404.720530743832,1,189.08447266,62.213974,0.2104,0.0163,,,0.1792,0.04269,0.1956,0.06882,0.1982,0.05314,1257.5798265242188,343.28385314369035,236.71773475633444,0.5228607933221363,True,8.049999999999956,0.034999999999999254,1.0,0.08223723562767918,3.0995355620131733,-7.85776282159278,8.426030260388968,-8.59300638000286,0.7352435584100805
117007029,candels-cdfs-17,53.15779768006527,-27.844287985335534,0.5228607933221363,2.160566619322392e-06,O3_2,204.95535143385337,a,3,"O2,Ne3,Hzet,Heps,Hd,Hg,Hb,O3_1",7081,0.08,14549,0.02,7.940000057220459,1,23456.75048828125,418.17527770996094,7624.900889601002,6540.341796875,214.50763702392578,7552.211107539222,6241.3653564453125,311.187686920166,5677.123957428153,nan,nan,nan,4711.408386230469,325.4283142089844,7404.720530743832,1,34.27413559,-5.22734594,0.3405,0.03956,0.7591,0.04162,1.926,0.1024,2.818,0.192,4.392,0.1102,381.00521266004534,106.84901606197816,77.89017450827956,0.5228607933221363,True,8.009999999999957,0.034999999999999254,1.0,0.08223723562767918,2.580930917444668,-7.85776282159278,8.426030260388968,-8.59300638000286,0.7352435584100805
117007029,candels-cdfs-17,53.15779768006527,-27.844287985335534,0.5228607933221363,2.160566619322392e-06,O3_2,204.95535143385337,a,3,"O2,Ne3,Hzet,Heps,Hd,Hg,Hb,O3_1",7081,0.08,14549,0.02,7.940000057220459,1,23456.75048828125,418.17527770996094,7624.900889601002,6540.341796875,214.50763702392578,7552.211107539222,6241.3653564453125,311.187686920166,5677.123957428153,nan,nan,nan,4711.408386230469,325.4283142089844,7404.720530743832,1,215.21620178,53.06571198,0.09121,0.04118,0.2892,0.05921,0.4039,0.06286,,,0.4868,0.07797,1065.091915258326,301.9840832172087,225.16009086613983,0.5228607933221363,True,8.049999999999956,0.034999999999999254,1.0,0.08223723562767918,3.0273870881193674,-7.85776282159278,8.426030260388968,-8.59300638000286,0.7352435584100805
118011046,candels-cdfs-18,53.1773353307959,-27.840256716793885,0.5768212145924718,3.215702073318212e-05,O2,75.0390385216073,a,3,"Ne3,Hg,Hb,O3_1,O3_2",8008,1.74,14733,1.76,10.279999732971191,1,3962.4673461914062,958.3001708984375,7816.041192098846,7591.690673828125,609.4301986694336,6102.799064857986,56185.37109375,1465.0701904296875,5878.388871273656,nan,nan,nan,20310.458984375,1606.2095642089844,7897.168748256901,1,189.17518616,62.21461868,0.5489,0.02802,,,0.692,0.03626,,,0.9534,0.0849,74.32312128381284,93.75503072518258,387.66151194771186,0.5768212145924718,True,7.459999999999969,0.019999999999999574,1.0,0.8194867968050842,1.8711239400581352,-9.460512936166108,8.055750178449765,-9.421808289412919,-0.038704646753188854
118011046,candels-cdfs-18,53.1773353307959,-27.840256716793885,0.5768212145924718,3.215702073318212e-05,O2,75.0390385216073,a,3,"Ne3,Hg,Hb,O3_1,O3_2",8008,1.74,14733,1.76,10.279999732971191,1,3962.4673461914062,958.3001708984375,7816.041192098846,7591.690673828125,609.4301986694336,6102.799064857986,56185.37109375,1465.0701904296875,5878.388871273656,nan,nan,nan,20310.458984375,1606.2095642089844,7897.168748256901,1,215.16433716,53.03003311,0.1175,0.03008,0.312,0.04545,0.3953,0.04999,,,0.447,0.04297,156.96459974149136,401.73454559045985,794.8902520628772,0.5768212145924718,True,7.4799999999999685,0.04499999999999904,1.0,0.8194867968050842,2.195801716928571,-9.460512936166108,8.055750178449765,-9.421808289412919,-0.038704646753188854
117013046,candels-cdfs-17,53.15983072643483,-27.84130015267077,0.6280782223741941,1.5441079009853683e-05,O2,74.21314459586503,a,3,"Hg,Hb,O3_1,O3_2",7584,0.15,14906,0.14,9.529999732971191,1,3665.853271484375,659.1665649414062,7917.876733787289,8430.496826171875,392.5615692138672,8151.306953831903,19395.2001953125,468.24146270751953,6069.453576270437,nan,nan,nan,2650.3720092773438,244.98315811157227,8072.960342259934,1,150.19036865,2.3313458,0.2441,0.02548,0.1868,0.03366,0.3728,0.0544,0.2908,0.1029,0.1635,0.03925,222.6054693045184,540.7898007991984,169.32710687304876,0.6280782223741941,True,8.049999999999956,0.024999999999999467,1.0,0.024553552496373303,2.3475358305269562,-9.505446180474818,7.72628668885693,-9.09932768362443,-0.4061184968503877
117013046,candels-cdfs-17,53.15983072643483,-27.84130015267077,0.6280782223741941,1.5441079009853683e-05,O2,74.21314459586503,a,3,"Hg,Hb,O3_1,O3_2",7584,0.15,14906,0.14,9.529999732971191,1,3665.853271484375,659.1665649414062,7917.876733787289,8430.496826171875,392.5615692138672,8151.306953831903,19395.2001953125,468.24146270751953,6069.453576270437,nan,nan,nan,2650.3720092773438,244.98315811157227,8072.960342259934,1,189.10856628,62.21563339,0.06337,0.01727,,,0.09048,0.03298,0.1568,0.06387,0.1617,0.04858,579.8788211503772,1393.8593256000647,431.8066032809821,0.6280782223741941,True,8.079999999999956,0.019999999999999574,1.0,0.024553552496373303,2.7633372473488564,-9.505446180474818,7.72628668885693,-9.09932768362443,-0.4061184968503877
118009043,candels-cdfs-18,53.1723399305783,-27.842037105883055,0.5435232780022561,2.3564469262990516e-05,O3_2,54.388396957100156,a,3,"O2,Ne3,Hb,O3_1",7266,0.13,14998,0.09,7.690000057220459,1,4604.360656738281,308.93285751342773,7729.092049181421,997.1226501464844,211.11770629882812,7655.099624486628,1802.7445983886719,315.35533905029297,5753.544043585788,nan,nan,nan,1303.6270141601562,193.13968658447266,7504.309201320297,1,215.21095276,53.06363297,0.04672,0.04248,0.05046,0.06204,0.3316,0.06691,,,0.4592,0.07183,1012.0034843000153,215.50155789519707,272.1040429739824,0.5435232780022561,True,7.809999999999961,0.05499999999999883,1.0,-0.4353157028505824,3.0051820077702476,-8.125315760071041,8.281277350400769,-8.48521810637064,0.3599023462995987
118009043,candels-cdfs-18,53.1723399305783,-27.842037105883055,0.5435232780022561,2.3564469262990516e-05,O3_2,54.388396957100156,a,3,"O2,Ne3,Hb,O3_1",7266,0.13,14998,0.09,7.690000057220459,1,4604.360656738281,308.93285751342773,7729.092049181421,997.1226501464844,211.11770629882812,7655.099624486628,1802.7445983886719,315.35533905029297,5753.544043585788,nan,nan,nan,1303.6270141601562,193.13968658447266,7504.309201320297,1,150.13916016,2.3323369,0.02007,0.03598,0.2773,0.0458,0.3262,0.07085,0.3664,0.1313,0.4703,0.09524,259.7045378771707,59.88506934037031,89.1459551803399,0.5435232780022561,True,8.119999999999955,0.03999999999999915,1.0,-0.4353157028505824,2.4144795382230524,-8.125315760071041,8.281277350400769,-8.48521810637064,0.3599023462995987
103014071,candels-cdfs-03,53.07510807770409,-27.842231415611078,0.5611733993002577,8.030272157612587e-05,O3_2,34.49623137177405,a,3,"O2,Hb,O3_1",7292,0.09,15048,0.08,8.350000381469727,1,2768.7265014648438,468.24893951416016,7815.549486799994,959.1179656982422,218.6055564880371,7741.659892340667,1877.1810913085938,253.34033966064453,5819.688539672996,nan,nan,nan,663.4019470214844,209.7064971923828,7589.945298534244,1,189.39918518,62.21624374,0.02662,0.02424,,,0.6029,0.02912,0.613,0.1263,0.7632,0.05923,364.8759728101879,129.0520862790218,93.21362508264325,0.5611733993002577,True,8.249999999999952,0.034999999999999254,1.0,-0.6952704072063021,2.562145265887221,-9.045270788676028,8.160565914647819,-8.719996751432168,-0.32527403724385984
103014071,candels-cdfs-03,53.07510807770409,-27.842231415611078,0.5611733993002577,8.030272157612587e-05,O3_2,34.49623137177405,a,3,"O2,Hb,O3_1",7292,0.09,15048,0.08,8.350000381469727,1,2768.7265014648438,468.24893951416016,7815.549486799994,959.1179656982422,218.6055564880371,7741.659892340667,1877.1810913085938,253.34033966064453,5819.688539672996,nan,nan,nan,663.4019470214844,209.7064971923828,7589.945298534244,1,34.32987213,-5.22519684,0.0314,0.04923,0.08659,0.04937,0.199,0.1225,0.37,0.2368,0.3289,0.07033,396.68635551454565,139.11528256123918,98.71802222683554,0.5611733993002577,True,8.259999999999952,0.034999999999999254,1.0,-0.6952704072063021,2.5984472626706436,-9.045270788676028,8.160565914647819,-8.719996751432168,-0.32527403724385984
103014071,candels-cdfs-03,53.07510807770409,-27.842231415611078,0.5611733993002577,8.030272157612587e-05,O3_2,34.49623137177405,a,3,"O2,Hb,O3_1",7292,0.09,15048,0.08,8.350000381469727,1,2768.7265014648438,468.24893951416016,7815.549486799994,959.1179656982422,218.6055564880371,7741.659892340667,1877.1810913085938,253.34033966064453,5819.688539672996,nan,nan,nan,663.4019470214844,209.7064971923828,7589.945298534244,1,215.21852112,53.06913757,0.1403,0.03825,0.1894,0.0559,0.3999,0.06057,,,0.4297,0.06593,168.9756646119583,57.96724719263082,39.28862918343868,0.5611733993002577,True,8.31999999999995,0.04499999999999904,1.0,-0.6952704072063021,2.2278241632779126,-9.045270788676028,8.160565914647819,-8.719996751432168,-0.32527403724385984
119011021,candels-cdfs-19,53.189651197028326,-27.841969941569534,0.5619094897066511,1.5808883741380177e-05,O2,23.33740705847284,a,3,"Hb,O3_1,O3_2",7347,0.13,15179,0.15,8.979999542236328,1,1826.2702941894531,423.8151550292969,7819.349336286956,1226.5203857421875,372.65899658203125,7744.953395645024,2830.3338623046875,268.4291458129883,5822.18777871565,nan,nan,nan,1019.3524169921875,310.81132888793945,7593.214218480425,1,189.33503723,62.2170105,0.09285,0.02401,,,0.1654,0.03226,0.09617,0.1044,0.1555,0.04593,178.104221200694,118.22207737188218,95.90093525613113,0.5619094897066511,True,8.229999999999952,0.049999999999998934,1.0,-0.5073504978708883,2.250674212683028,-9.487350040107216,8.155589325111364,-8.95385199955592,-0.5334980405512972
119024057,candels-cdfs-19,53.18686489140043,-27.84117399877407,0.7824922187148224,6.41302288153427e-06,O2,134.5563078314002,a,3,"Ne3,Hg,Hb,O3_1,O3_2",7489,0.05,15344,0.07,9.529999732971191,1,11067.3046875,843.7917327880859,8927.173893225256,4025.494384765625,581.1224746704102,8841.295887575627,19751.240234375,340.7050323486328,6644.952998489596,nan,nan,nan,10338.411865234375,937.5063323974609,8665.519190693944,1,150.13317871,2.33612132,0.6768,0.03207,0.6097,0.03849,0.6027,0.06837,0.8632,0.1181,1.097,0.08002,266.5249629434847,95.06250476224307,234.40828484574072,0.7824922187148224,True,7.4299999999999695,0.019999999999999574,1.0,0.8484754394738521,2.425737891639854,-8.68152429349734,6.84884024959809,-8.978433119315238,0.2969088258178978
119024057,candels-cdfs-19,53.18686489140043,-27.84117399877407,0.7824922187148224,6.41302288153427e-06,O2,134.5563078314002,a,3,"Ne3,Hg,Hb,O3_1,O3_2",7489,0.05,15344,0.07,9.529999732971191,1,11067.3046875,843.7917327880859,8927.173893225256,4025.494384765625,581.1224746704102,8841.295887575627,19751.240234375,340.7050323486328,6644.952998489596,nan,nan,nan,10338.411865234375,937.5063323974609,8665.519190693944,1,189.09666443,62.21787262,0.05246,0.02255,,,0.3788,0.05916,0.4668,0.08515,0.4228,0.09927,1038.8967013330123,380.27199002649144,989.5341174452294,0.7824922187148224,True,7.509999999999968,0.019999999999999574,1.0,0.8484754394738521,3.016572367315283,-8.68152429349734,6.84884024959809,-8.978433119315238,0.2969088258178978
119024057,candels-cdfs-19,53.18686489140043,-27.84117399877407,0.7824922187148224,6.41302288153427e-06,O2,134.5563078314002,a,3,"Ne3,Hg,Hb,O3_1,O3_2",7489,0.05,15344,0.07,9.529999732971191,1,11067.3046875,843.7917327880859,8927.173893225256,4025.494384765625,581.1224746704102,8841.295887575627,19751.240234375,340.7050323486328,6644.952998489596,nan,nan,nan,10338.411865234375,937.5063323974609,8665.519190693944,1,214.95146179,52.8817215,0.7192,0.03499,0.6955,0.05381,1.025,0.05808,1.265,0.1058,1.456,0.07537,212.73809955641482,76.55113577455133,192.2571144620563,0.7824922187148224,True,7.41999999999997,0.024999999999999467,1.0,0.8484754394738521,2.327845275259402,-8.68152429349734,6.84884024959809,-8.978433119315238,0.2969088258178978
119024057,candels-cdfs-19,53.18686489140043,-27.84117399877407,0.7824922187148224,6.41302288153427e-06,O2,134.5563078314002,a,3,"Ne3,Hg,Hb,O3_1,O3_2",7489,0.05,15344,0.07,9.529999732971191,1,11067.3046875,843.7917327880859,8927.173893225256,4025.494384765625,581.1224746704102,8841.295887575627,19751.240234375,340.7050323486328,6644.952998489596,nan,nan,nan,10338.411865234375,937.5063323974609,8665.519190693944,1,34.3012085,-5.22420788,0.09813,0.02549,0.1321,0.02592,0.1715,0.07794,,,0.1373,0.04747,1153.7002199563108,413.98108898927904,1033.6635353954966,0.7824922187148224,True,7.509999999999968,0.019999999999999574,1.0,0.8484754394738521,3.062092975429686,-8.68152429349734,6.84884024959809,-8.978433119315238,0.2969088258178978
118001006,candels-cdfs-18,53.17467245255703,-27.840825621069406,0.3363335166930077,5.6530801411261825e-06,O3_2,155.32146504132888,a,3,"O2,Ne3,Hg,Hb,O3_1,Ha,N2_2,S2_1,S2_2",7491,0.2,15479,0.2,8.510000228881836,1,14504.354248046875,281.58424377441406,6691.323295249353,4859.511413574219,259.20541763305664,6627.408188088732,16897.21923828125,582.0694351196289,4982.349522784405,11910.50537109375,903.6586761474609,8771.176914093414,3086.0943603515625,348.43692779541016,6495.923399112588,1,150.11048889,2.33756804,0.2172,0.03764,0.3074,0.0448,0.6784,0.07093,0.747,0.1162,0.7376,0.0957,478.5390485916062,158.99177904801064,99.21969120648457,0.3363335166930077,True,8.559999999999945,0.02999999999999936,1.0,-0.5542456001345677,2.679917381811786,-9.064245829016404,9.922047811112675,-8.97552713513088,-0.08871869388552334
118001006,candels-cdfs-18,53.17467245255703,-27.840825621069406,0.3363335166930077,5.6530801411261825e-06,O3_2,155.32146504132888,a,3,"O2,Ne3,Hg,Hb,O3_1,Ha,N2_2,S2_1,S2_2",7491,0.2,15479,0.2,8.510000228881836,1,14504.354248046875,281.58424377441406,6691.323295249353,4859.511413574219,259.20541763305664,6627.408188088732,16897.21923828125,582.0694351196289,4982.349522784405,11910.50537109375,903.6586761474609,8771.176914093414,3086.0943603515625,348.43692779541016,6495.923399112588,1,189.04399109,62.21863937,0.212,0.01778,,,0.4284,0.04606,0.443,0.0708,0.4908,0.05512,501.3489009199505,166.27730056014386,103.38564179300646,0.3363335166930077,True,8.559999999999945,0.03999999999999915,1.0,-0.5542456001345677,2.700140067198186,-9.064245829016404,9.922047811112675,-8.97552713513088,-0.08871869388552334
118001006,candels-cdfs-18,53.17467245255703,-27.840825621069406,0.3363335166930077,5.6530801411261825e-06,O3_2,155.32146504132888,a,3,"O2,Ne3,Hg,Hb,O3_1,Ha,N2_2,S2_1,S2_2",7491,0.2,15479,0.2,8.510000228881836,1,14504.354248046875,281.58424377441406,6691.323295249353,4859.511413574219,259.20541763305664,6627.408188088732,16897.21923828125,582.0694351196289,4982.349522784405,11910.50537109375,903.6586761474609,8771.176914093414,3086.0943603515625,348.43692779541016,6495.923399112588,1,214.70555115,52.70719528,0.02339,0.03252,0.0253,0.04907,0.3223,0.04725,,,0.2463,0.05854,4944.590455370408,1629.117179500022,999.0461240160889,0.3363335166930077,True,8.089999999999955,0.024999999999999467,1.0,-0.5542456001345677,3.694130326198429,-9.064245829016404,9.922047811112675,-8.97552713513088,-0.08871869388552334
103012059,candels-cdfs-03,53.08217085136943,-27.83988783418138,0.5607400616601252,8.32663544825607e-05,O2,62.740603832042346,a,3,"Hg,Hb,O3_1,O3_2",7717,0.55,15503,0.57,9.930000305175781,1,8404.473876953125,983.5272979736328,7812.8990620789555,3451.2371826171875,436.7913055419922,7739.711792307822,25404.169921875,644.7333526611328,5816.099896464263,nan,nan,nan,9524.5556640625,516.6704177856445,7584.72225312061,1,189.14230347,62.21829605,0.9261,0.03898,,,8.561,0.05764,10.24,0.1288,12.23,0.1484,44.47682309307219,18.43431741202025,51.89871110264222,0.5607400616601252,True,8.119999999999955,0.034999999999999254,1.0,0.46098891200711495,1.6481337587353675,-9.469011393168666,8.163497779791516,-9.308467214611479,-0.1605441785571866
103012059,candels-cdfs-03,53.08217085136943,-27.83988783418138,0.5607400616601252,8.32663544825607e-05,O2,62.740603832042346,a,3,"Hg,Hb,O3_1,O3_2",7717,0.55,15503,0.57,9.930000305175781,1,8404.473876953125,983.5272979736328,7812.8990620789555,3451.2371826171875,436.7913055419922,7739.711792307822,25404.169921875,644.7333526611328,5816.099896464263,nan,nan,nan,9524.5556640625,516.6704177856445,7584.72225312061,1,214.76667786,52.75059128,0.6107,0.03868,1.064,0.05883,1.385,0.07587,1.501,0.1526,1.368,0.1483,93.67912899022441,38.39665471631393,105.53933495944314,0.5607400616601252,True,7.549999999999967,0.019999999999999574,1.0,0.46098891200711495,1.9716428440999838,-9.469011393168666,8.163497779791516,-9.308467214611479,-0.1605441785571866
108014119,candels-cdfs-08,53.0867910516395,-27.840565048029582,0.5452249550928085,1.8980693008832806e-05,O3_2,48.54237883384757,a,3,"O2,Hg,Hb,O3_1",7542,0.24,15575,0.24,8.710000038146973,1,6453.0535888671875,366.44031524658203,7737.641747959831,1686.7437744140625,328.4029769897461,7664.468955639852,8306.802978515625,501.6778564453125,5759.701100747138,nan,nan,nan,2120.2134704589844,282.0280075073242,7513.139968914333,1,214.78947449,52.76677704,0.5454,0.04135,0.538,0.06382,1.187,0.05825,1.46,0.1216,1.703,0.09734,131.70530924056496,33.76375790308924,40.745107880052835,0.5452249550928085,True,8.429999999999948,0.034999999999999254,1.0,-0.22082316623334647,2.1196032823832356,-8.930823204380319,8.269522808099092,-8.866668640536625,-0.06415456384369378
108014119,candels-cdfs-08,53.0867910516395,-27.840565048029582,0.5452249550928085,1.8980693008832806e-05,O3_2,48.54237883384757,a,3,"O2,Hg,Hb,O3_1",7542,0.24,15575,0.24,8.710000038146973,1,6453.0535888671875,366.44031524658203,7737.641747959831,1686.7437744140625,328.4029769897461,7664.468955639852,8306.802978515625,501.6778564453125,5759.701100747138,nan,nan,nan,2120.2134704589844,282.0280075073242,7513.139968914333,1,189.34225464,62.21919632,0.1394,0.0341,,,0.3824,0.0544,0.6096,0.158,0.3807,0.07452,354.4473776315917,92.08188710843673,114.26653876997027,0.5452249550928085,True,8.389999999999949,0.02999999999999936,1.0,-0.22082316623334647,2.5495517675850956,-8.930823204380319,8.269522808099092,-8.866668640536625,-0.06415456384369378
108014119,candels-cdfs-08,53.0867910516395,-27.840565048029582,0.5452249550928085,1.8980693008832806e-05,O3_2,48.54237883384757,a,3,"O2,Hg,Hb,O3_1",7542,0.24,15575,0.24,8.710000038146973,1,6453.0535888671875,366.44031524658203,7737.641747959831,1686.7437744140625,328.4029769897461,7664.468955639852,8306.802978515625,501.6778564453125,5759.701100747138,nan,nan,nan,2120.2134704589844,282.0280075073242,7513.139968914333,1,150.07678223,2.3384397,0.1106,0.03801,0.2665,0.0444,0.401,0.06558,0.373,0.1077,0.3873,0.05923,298.977310286471,78.78509764202033,100.73174354887372,0.5452249550928085,True,8.389999999999949,0.02999999999999936,1.0,-0.22082316623334647,2.475638230494034,-8.930823204380319,8.269522808099092,-8.866668640536625,-0.06415456384369378
108024144,candels-cdfs-08,53.08626403497604,-27.83951429854103,0.73550029396198,7.505991595048497e-05,O3_2,20.52098930753667,a,3,"O2,Hb,O3_1",7618,0.07,15767,0.06,8.949999809265137,1,2935.6341552734375,402.70599365234375,8689.546927090541,401.01634979248047,191.5263557434082,8606.182933438318,2513.251953125,392.7000427246094,6470.844195690282,nan,nan,nan,1027.958755493164,211.81745529174805,8438.46761974644,1,215.04005432,52.94617462,0.09217,0.03402,0.1745,0.05156,0.5471,0.0562,0.6667,0.09862,0.7601,0.0624,191.5182642219608,26.317639585686585,68.28427942730899,0.73550029396198,True,8.259999999999952,0.03999999999999915,1.0,-0.21980676623932902,2.282210196960412,-9.169806575504465,7.098999182102506,-8.813047133921707,-0.3567594415827582
108024144,candels-cdfs-08,53.08626403497604,-27.83951429854103,0.73550029396198,7.505991595048497e-05,O3_2,20.52098930753667,a,3,"O2,Hb,O3_1",7618,0.07,15767,0.06,8.949999809265137,1,2935.6341552734375,402.70599365234375,8689.546927090541,401.01634979248047,191.5263557434082,8606.182933438318,2513.251953125,392.7000427246094,6470.844195690282,nan,nan,nan,1027.958755493164,211.81745529174805,8438.46761974644,1,150.08961487,2.34013128,0.1199,0.0289,0.2114,0.03286,0.1797,0.06571,0.1976,0.09139,0.23,0.04401,198.1343396274587,26.45391429744256,64.7189186887447,0.73550029396198,True,8.259999999999952,0.03999999999999915,1.0,-0.21980676623932902,2.296959751753967,-9.169806575504465,7.098999182102506,-8.813047133921707,-0.3567594415827582
108024144,candels-cdfs-08,53.08626403497604,-27.83951429854103,0.73550029396198,7.505991595048497e-05,O3_2,20.52098930753667,a,3,"O2,Hb,O3_1",7618,0.07,15767,0.06,8.949999809265137,1,2935.6341552734375,402.70599365234375,8689.546927090541,401.01634979248047,191.5263557434082,8606.182933438318,2513.251953125,392.7000427246094,6470.844195690282,nan,nan,nan,1027.958755493164,211.81745529174805,8438.46761974644,1,189.10069275,62.22022629,0.007249,0.02944,,,0.4298,0.04585,0.4025,0.09651,0.5315,0.08256,686.3285291590197,96.95354268835746,266.14934749808145,0.73550029396198,True,7.769999999999962,0.024999999999999467,1.0,-0.21980676623932902,2.8365320519269797,-9.169806575504465,7.098999182102506,-8.813047133921707,-0.3567594415827582
103013064,candels-cdfs-03,53.06979054985426,-27.839083947499237,0.5604944684202942,5.860465234868456e-05,O2,17.2115716882931,a,3,"Hb,O3_1,O3_2",7702,0.18,15818,0.16,8.770000457763672,1,2223.5374450683594,379.7303771972656,7814.306643725216,441.07173919677734,168.54974746704102,7739.39271029436,4244.62890625,417.2256851196289,5817.331050664433,nan,nan,nan,806.3886260986328,216.22991561889648,7587.793382171533,1,189.23747253,62.22053528,0.1178,0.01883,,,0.2101,0.02727,0.3109,0.08546,0.2285,0.05944,170.68679424349693,33.46152228810789,59.71293694516745,0.5604944684202942,True,8.469999999999947,0.034999999999999254,1.0,-0.6117699878511995,2.2321999217647988,-9.38177044561487,8.16516011269426,-8.87685236692292,-0.5049180786919507
103013064,candels-cdfs-03,53.06979054985426,-27.839083947499237,0.5604944684202942,5.860465234868456e-05,O2,17.2115716882931,a,3,"Hb,O3_1,O3_2",7702,0.18,15818,0.16,8.770000457763672,1,2223.5374450683594,379.7303771972656,7814.306643725216,441.07173919677734,168.54974746704102,7739.39271029436,4244.62890625,417.2256851196289,5817.331050664433,nan,nan,nan,806.3886260986328,216.22991561889648,7587.793382171533,1,150.07666016,2.34063411,0.3134,0.04798,0.2287,0.05605,0.4727,0.08429,0.3305,0.1384,0.3327,0.07063,105.73321828744125,20.371806245526443,35.08273022431494,0.5604944684202942,True,8.469999999999947,0.03999999999999915,1.0,-0.6117699878511995,2.0242114513802862,-9.38177044561487,8.16516011269426,-8.87685236692292,-0.5049180786919507
118004027,candels-cdfs-18,53.17566825314258,-27.838602984160932,0.4569079196719402,3.886466874470034e-06,O3_2,144.0761247450382,a,3,"O2,Ne3,Hg,Hb,O3_1",7838,0.33,15822,0.35,9.050000190734863,1,20397.30224609375,416.79317474365234,7295.065548484278,6556.6021728515625,305.51103591918945,7225.437152302053,17951.89453125,508.82102966308594,5431.194164480409,nan,nan,nan,5763.538818359375,289.3109321594238,7082.1339543641425,1,34.48115158,-5.22289324,0.5881,0.04333,0.7908,0.04973,0.8789,0.09989,0.8606,0.1708,0.8837,0.1018,277.476106334079,88.30905822321431,76.02887823708056,0.4569079196719402,True,8.34999999999995,0.02999999999999936,1.0,0.029874964443826174,2.44322559166039,-9.020125226291038,8.91427662298583,-9.074958935584549,0.05483370929351139
118004027,candels-cdfs-18,53.17566825314258,-27.838602984160932,0.4569079196719402,3.886466874470034e-06,O3_2,144.0761247450382,a,3,"O2,Ne3,Hg,Hb,O3_1",7838,0.33,15822,0.35,9.050000190734863,1,20397.30224609375,416.79317474365234,7295.065548484278,6556.6021728515625,305.51103591918945,7225.437152302053,17951.89453125,508.82102966308594,5431.194164480409,nan,nan,nan,5763.538818359375,289.3109321594238,7082.1339543641425,1,215.03181458,52.94070816,0.08172,0.02998,0.1213,0.04522,0.1298,0.04994,0.1443,0.1332,0.193,0.04254,1867.3831982084228,596.1464695929566,516.5650500434039,0.4569079196719402,True,7.829999999999961,0.024999999999999467,1.0,0.029874964443826174,3.2712334469211974,-9.020125226291038,8.91427662298583,-9.074958935584549,0.05483370929351139
118004027,candels-cdfs-18,53.17566825314258,-27.838602984160932,0.4569079196719402,3.886466874470034e-06,O3_2,144.0761247450382,a,3,"O2,Ne3,Hg,Hb,O3_1",7838,0.33,15822,0.35,9.050000190734863,1,20397.30224609375,416.79317474365234,7295.065548484278,6556.6021728515625,305.51103591918945,7225.437152302053,17951.89453125,508.82102966308594,5431.194164480409,nan,nan,nan,5763.538818359375,289.3109321594238,7082.1339543641425,1,189.42538452,62.22040558,0.2035,0.02343,,,0.4396,0.03375,,,0.4988,0.09001,789.7710218031625,251.52629072342293,216.86458729510207,0.4569079196719402,True,7.809999999999961,0.024999999999999467,1.0,0.029874964443826174,2.8975011946045464,-9.020125226291038,8.91427662298583,-9.074958935584549,0.05483370929351139
123042169,candels-cdfs-23,53.145065209533264,-27.837368665187995,0.6485172906906453,3.0290117156806566e-06,O3_2,167.70894814618856,a,3,"O2,Ne3,Hg,Hb,O3_1",7808,0.12,16104,0.08,8.40999984741211,1,13120.035400390625,263.12129974365234,8253.900380112564,4443.461608886719,216.55128479003906,8174.984197452983,1609.9201965332031,287.23257064819336,6146.884402618288,nan,nan,nan,2473.472137451172,277.2511672973633,8014.44173888152,1,214.91395569,52.85854721,0.05938,0.02921,0.08051,0.04553,0.1267,0.05062,0.1208,0.06798,0.155,0.04071,1989.3414706157544,667.5495611803905,364.4769940260991,0.6485172906906453,True,7.649999999999965,0.04499999999999904,1.0,0.028318909160859374,3.298709336204212,-8.38168093825125,7.600582402801048,-8.681479229320622,0.29979829106937217
123042169,candels-cdfs-23,53.145065209533264,-27.837368665187995,0.6485172906906453,3.0290117156806566e-06,O3_2,167.70894814618856,a,3,"O2,Ne3,Hg,Hb,O3_1",7808,0.12,16104,0.08,8.40999984741211,1,13120.035400390625,263.12129974365234,8253.900380112564,4443.461608886719,216.55128479003906,8174.984197452983,1609.9201965332031,287.23257064819336,6146.884402618288,nan,nan,nan,2473.472137451172,277.2511672973633,8014.44173888152,1,189.3107605,62.22193909,0.02112,0.01675,,,0.3715,0.02281,0.374,0.07727,0.3446,0.0471,2164.446707584629,746.1883935744501,430.88553321700164,0.6485172906906453,True,7.609999999999966,0.03999999999999915,1.0,0.028318909160859374,3.3353468972007576,-8.38168093825125,7.600582402801048,-8.681479229320622,0.29979829106937217
123042169,candels-cdfs-23,53.145065209533264,-27.837368665187995,0.6485172906906453,3.0290117156806566e-06,O3_2,167.70894814618856,a,3,"O2,Ne3,Hg,Hb,O3_1",7808,0.12,16104,0.08,8.40999984741211,1,13120.035400390625,263.12129974365234,8253.900380112564,4443.461608886719,216.55128479003906,8174.984197452983,1609.9201965332031,287.23257064819336,6146.884402618288,nan,nan,nan,2473.472137451172,277.2511672973633,8014.44173888152,1,150.18229675,2.34358144,0.06542,0.02777,0.1161,0.03582,0.1221,0.05457,0.2798,0.09892,0.2201,0.04149,1410.8258686570005,469.23996296925554,253.9577191799837,0.6485172906906453,True,7.789999999999962,0.049999999999998934,1.0,0.028318909160859374,3.149473414216313,-8.38168093825125,7.600582402801048,-8.681479229320622,0.29979829106937217
123042169,candels-cdfs-23,53.145065209533264,-27.837368665187995,0.6485172906906453,3.0290117156806566e-06,O3_2,167.70894814618856,a,3,"O2,Ne3,Hg,Hb,O3_1",7808,0.12,16104,0.08,8.40999984741211,1,13120.035400390625,263.12129974365234,8253.900380112564,4443.461608886719,216.55128479003906,8174.984197452983,1609.9201965332031,287.23257064819336,6146.884402618288,nan,nan,nan,2473.472137451172,277.2511672973633,8014.44173888152,1,34.42956161,-5.22170877,0.002955,0.03546,0.2206,0.03989,0.3331,0.08412,0.3679,0.1588,0.303,0.05045,727.7663031723712,243.9900990992375,142.52560447595036,0.6485172906906453,True,7.729999999999963,0.049999999999998934,1.0,0.028318909160859374,2.8619919431366014,-8.38168093825125,7.600582402801048,-8.681479229320622,0.29979829106937217
119010020,candels-cdfs-19,53.1872221809215,-27.837656896449726,0.5238626961869169,1.5389789841479064e-05,O3_2,21.129804680176726,a,3,"O2,Hb,O3_1",7862,0.25,16166,0.2,8.579999923706055,1,3623.1063842773438,415.00354766845703,7631.227408478508,1266.1595916748047,193.8759422302246,7557.774851281873,3147.9779052734375,294.0358543395996,5680.532019857996,nan,nan,nan,937.5558471679688,139.6155071258545,7409.173514121516,1,189.14958191,62.22201538,0.09486,0.03444,,,0.6995,0.04524,1.053,0.1203,0.639,0.1044,206.91313821897458,72.78823147466402,54.6328277147184,0.5238626961869169,True,8.35999999999995,0.034999999999999254,1.0,-0.6169210061894078,2.3157880676345526,-9.196920929895462,8.41892409148649,-8.834811907358125,-0.36210902253733757
123045174,candels-cdfs-23,53.15209681383922,-27.83510351066178,0.687875918631573,2.6910284793639756e-05,O2,66.07664365500055,a,3,"Hg,Hb,O3_1,O3_2",8264,0.2,16325,0.18,9.720000267028809,1,7017.3626708984375,598.3273696899414,8448.469191713682,1469.5281982421875,363.11878204345703,7325.3139194188325,18900.12939453125,749.0522766113281,6292.943859461858,nan,nan,nan,2345.8827209472656,466.12842559814453,8372.379982799142,1,34.23255539,-5.22100592,0.08067,0.02796,0.09569,0.02902,0.08972,0.07448,0.2025,0.1277,0.147,0.04173,968.4717343033989,159.61155681690968,317.52750548670076,0.687875918631573,True,8.139999999999954,0.024999999999999467,1.0,0.06758117640305017,2.9860869499749056,-9.652419090625758,7.367127377304145,-9.116636513161573,-0.5357825774641842
123045174,candels-cdfs-23,53.15209681383922,-27.83510351066178,0.687875918631573,2.6910284793639756e-05,O2,66.07664365500055,a,3,"Hg,Hb,O3_1,O3_2",8264,0.2,16325,0.18,9.720000267028809,1,7017.3626708984375,598.3273696899414,8448.469191713682,1469.5281982421875,363.11878204345703,7325.3139194188325,18900.12939453125,749.0522766113281,6292.943859461858,nan,nan,nan,2345.8827209472656,466.12842559814453,8372.379982799142,1,189.14468384,62.22314072,0.267,0.02434,,,0.2726,0.03207,0.3926,0.08293,0.3928,0.0542,341.2594183374523,53.94081314698894,112.06466695360619,0.687875918631573,True,8.189999999999953,0.024999999999999467,1.0,0.06758117640305017,2.53308464620424,-9.652419090625758,7.367127377304145,-9.116636513161573,-0.5357825774641842
123047180,candels-cdfs-23,53.141834382305994,-27.836049551947937,0.7026376008159462,2.4604899763540486e-05,O2,69.93772691393387,a,3,"Ne3,Hg,Hb,O3_1,O3_2",8080,0.12,16348,0.12,9.279999732971191,1,8555.599975585938,318.6045837402344,8525.366681995953,3134.761962890625,431.97742462158203,8443.525177258687,14113.607177734375,423.36910247802734,6347.526397866005,nan,nan,nan,5866.361083984375,604.4496917724609,8275.576083179807,1,215.18634033,53.05186462,0.2119,0.03426,0.1688,0.04958,0.2467,0.05346,,,0.6136,0.05513,644.371681089746,233.53291336655022,427.20326591556716,0.7026376008159462,True,7.6199999999999655,0.024999999999999467,1.0,0.48812305455227106,2.809136445749809,-8.79187667841892,7.282382668480763,-8.95083110343379,0.1589544250148709
123047180,candels-cdfs-23,53.141834382305994,-27.836049551947937,0.7026376008159462,2.4604899763540486e-05,O2,69.93772691393387,a,3,"Ne3,Hg,Hb,O3_1,O3_2",8080,0.12,16348,0.12,9.279999732971191,1,8555.599975585938,318.6045837402344,8525.366681995953,3134.761962890625,431.97742462158203,8443.525177258687,14113.607177734375,423.36910247802734,6347.526397866005,nan,nan,nan,5866.361083984375,604.4496917724609,8275.576083179807,1,150.20333862,2.34577894,0.2233,0.03131,0.2284,0.03705,0.4658,0.09536,,,0.5408,0.0788,456.22381533126094,166.56714842268983,309.4142978279573,0.7026376008159462,True,7.639999999999965,0.024999999999999467,1.0,0.48812305455227106,2.6591779521308814,-8.79187667841892,7.282382668480763,-8.95083110343379,0.1589544250148709
123047180,candels-cdfs-23,53.141834382305994,-27.836049551947937,0.7026376008159462,2.4604899763540486e-05,O2,69.93772691393387,a,3,"Ne3,Hg,Hb,O3_1,O3_2",8080,0.12,16348,0.12,9.279999732971191,1,8555.599975585938,318.6045837402344,8525.366681995953,3134.761962890625,431.97742462158203,8443.525177258687,14113.607177734375,423.36910247802734,6347.526397866005,nan,nan,nan,5866.361083984375,604.4496917724609,8275.576083179807,1,189.22784424,62.22328568,0.0908,0.01581,,,0.1081,0.02408,0.07596,0.07397,0.142,0.04602,1155.5774743096476,416.2484665954133,751.800784667531,0.7026376008159462,True,7.6199999999999655,0.019999999999999574,1.0,0.48812305455227106,3.0627990675453263,-8.79187667841892,7.282382668480763,-8.95083110343379,0.1589544250148709
122015072,candels-cdfs-22,53.131550911773886,-27.834512194288383,0.5356121119979964,7.106606158318892e-05,O2,44.059075125821,a,3,"Hg,Hb,O3_1,O3_2",8407,0.37,16507,0.36,9.5,1,5977.5634765625,333.3858871459961,7689.797081580732,1745.718994140625,276.84133529663086,7617.13587983049,11920.404052734375,459.0991973876953,5723.088521417566,nan,nan,nan,2904.8739624023438,340.6183624267578,7463.909129854856,1,150.09898376,2.34761667,0.3135,0.04004,0.4012,0.04886,0.9186,0.08168,1.109,0.1561,1.272,0.2255,168.0228892036221,48.514823534877216,78.78523899370538,0.5356121119979964,True,8.479999999999947,0.034999999999999254,1.0,-0.10265397034650776,2.2253684482598284,-9.602653970346507,8.336255637896627,-9.172067022391838,-0.43058694795466934
122015072,candels-cdfs-22,53.131550911773886,-27.834512194288383,0.5356121119979964,7.106606158318892e-05,O2,44.059075125821,a,3,"Hg,Hb,O3_1,O3_2",8407,0.37,16507,0.36,9.5,1,5977.5634765625,333.3858871459961,7689.797081580732,1745.718994140625,276.84133529663086,7617.13587983049,11920.404052734375,459.0991973876953,5723.088521417566,nan,nan,nan,2904.8739624023438,340.6183624267578,7463.909129854856,1,189.25854492,62.22411346,0.2137,0.02202,,,0.4528,0.03386,0.4737,0.08045,0.5248,0.06492,233.47951415274096,67.54738475338642,110.15553651275816,0.5356121119979964,True,8.549999999999946,0.02999999999999936,1.0,-0.10265397034650776,2.3682487809161623,-9.602653970346507,8.336255637896627,-9.172067022391838,-0.43058694795466934
122015072,candels-cdfs-22,53.131550911773886,-27.834512194288383,0.5356121119979964,7.106606158318892e-05,O2,44.059075125821,a,3,"Hg,Hb,O3_1,O3_2",8407,0.37,16507,0.36,9.5,1,5977.5634765625,333.3858871459961,7689.797081580732,1745.718994140625,276.84133529663086,7617.13587983049,11920.404052734375,459.0991973876953,5723.088521417566,nan,nan,nan,2904.8739624023438,340.6183624267578,7463.909129854856,1,214.92700195,52.8694725,0.1371,0.02862,0.09673,0.04212,0.2238,0.0459,0.03652,0.08314,0.1486,0.04152,636.8936723400573,180.5528926220837,281.9154495089719,0.5356121119979964,True,7.839999999999961,0.024999999999999467,1.0,-0.10265397034650776,2.804066934108698,-9.602653970346507,8.336255637896627,-9.172067022391838,-0.43058694795466934
123003087,candels-cdfs-23,53.1455279295746,-27.833950762152792,0.5431014789785844,2.0786426645105076e-05,O3_2,17.77739714474594,a,3,"O2,Hb,O3_1",0,nan,16779,0.2,7.239999771118164,1,1069.124526977539,193.8410186767578,7502.653337739454,4867.5909423828125,433.5647964477539,5752.656915120882,1260.96435546875,220.46703338623047,7651.961967044022,nan,nan,nan,4108.456726074219,412.38197326660156,7725.959286181704,1,53.14559174,-27.83394432,0.3314,0.02319,0.4781,0.02547,0.4111,0.08037,0.4906,0.1539,0.5005,0.06721,25.173992308973578,nan,99.06509506733049,0.5431014789785844,True,6.689999999999985,0.024999999999999467,1.0,0.06239855337898094,1.4009520951775456,-7.177601217739183,8.284194861334916,-8.316555320031105,1.1389541022919216
123003087,candels-cdfs-23,53.1455279295746,-27.833950762152792,0.5431014789785844,2.0786426645105076e-05,O3_2,17.77739714474594,a,3,"O2,Hb,O3_1",0,nan,16779,0.2,7.239999771118164,1,1069.124526977539,193.8410186767578,7502.653337739454,4867.5909423828125,433.5647964477539,5752.656915120882,1260.96435546875,220.46703338623047,7651.961967044022,nan,nan,nan,4108.456726074219,412.38197326660156,7725.959286181704,1,34.48623276,-5.21965694,0.1221,0.08049,0.2183,0.08766,0.7386,0.1423,0.5064,0.2622,0.7248,0.1624,57.94744177320103,nan,223.43609576831625,0.5431014789785844,True,6.589999999999987,0.024999999999999467,1.0,0.06239855337898094,1.7630342677662882,-7.177601217739183,8.284194861334916,-8.316555320031105,1.1389541022919216
123003087,candels-cdfs-23,53.1455279295746,-27.833950762152792,0.5431014789785844,2.0786426645105076e-05,O3_2,17.77739714474594,a,3,"O2,Hb,O3_1",0,nan,16779,0.2,7.239999771118164,1,1069.124526977539,193.8410186767578,7502.653337739454,4867.5909423828125,433.5647964477539,5752.656915120882,1260.96435546875,220.46703338623047,7651.961967044022,nan,nan,nan,4108.456726074219,412.38197326660156,7725.959286181704,1,189.30848694,62.22553635,0.1632,0.0294,,,0.281,0.04027,0.225,0.1056,0.3869,0.0775,56.9991048348935,nan,227.3556271364459,0.5431014789785844,True,6.589999999999987,0.024999999999999467,1.0,0.06239855337898094,1.7558680351756688,-7.177601217739183,8.284194861334916,-8.316555320031105,1.1389541022919216
123003087,candels-cdfs-23,53.1455279295746,-27.833950762152792,0.5431014789785844,2.0786426645105076e-05,O3_2,17.77739714474594,a,3,"O2,Hb,O3_1",0,nan,16779,0.2,7.239999771118164,1,1069.124526977539,193.8410186767578,7502.653337739454,4867.5909423828125,433.5647964477539,5752.656915120882,1260.96435546875,220.46703338623047,7651.961967044022,nan,nan,nan,4108.456726074219,412.38197326660156,7725.959286181704,1,214.85099792,52.8163147,0.2819,0.04374,0.4682,0.06595,0.5164,0.09052,0.7998,0.1461,1.035,0.09389,26.55910185987743,nan,103.12262547470804,0.5431014789785844,True,6.689999999999985,0.024999999999999467,1.0,0.06239855337898094,1.4242133845553793,-7.177601217739183,8.284194861334916,-8.316555320031105,1.1389541022919216
114013079,candels-cdfs-14,53.11523251715914,-27.832454171416543,0.6687851332791332,1.2590509107343197e-05,O2,43.52818288111514,a,3,"Hb,O3_1,O3_2",8488,0.08,16799,0.09,9.039999961853027,1,3026.278076171875,586.7515563964844,8356.439002122206,961.5972900390625,531.6601943969727,8274.258133525731,9448.7109375,463.68335723876953,6221.411413947132,nan,nan,nan,2348.0780029296875,269.2037773132324,8112.651250079567,1,189.22140503,62.22548294,0.394,0.01826,,,0.7742,0.02663,0.9453,0.08226,1.062,0.06157,72.10295843388796,22.66444401014799,54.162577605323555,0.6687851332791332,True,8.479999999999947,0.02999999999999936,1.0,0.03822288383645013,1.8579530844857743,-9.001777078016577,7.478977820573422,-8.891571373163178,-0.11020570485339931
114013079,candels-cdfs-14,53.11523251715914,-27.832454171416543,0.6687851332791332,1.2590509107343197e-05,O2,43.52818288111514,a,3,"Hb,O3_1,O3_2",8488,0.08,16799,0.09,9.039999961853027,1,3026.278076171875,586.7515563964844,8356.439002122206,961.5972900390625,531.6601943969727,8274.258133525731,9448.7109375,463.68335723876953,6221.411413947132,nan,nan,nan,2348.0780029296875,269.2037773132324,8112.651250079567,1,214.76925659,52.7583313,0.2067,0.03372,0.2236,0.05236,0.2721,0.05814,0.3,0.09705,0.4576,0.09739,170.80852291404906,53.448603069031954,126.58101573185866,0.6687851332791332,True,8.529999999999946,0.02999999999999936,1.0,0.03822288383645013,2.2325095370918215,-9.001777078016577,7.478977820573422,-8.891571373163178,-0.11020570485339931
114015092,candels-cdfs-14,53.112601782182686,-27.834004579227187,0.6899598062879349,5.774563690711648e-05,O3_2,76.31389364039794,a,3,"O2,O2,Ne3,Hd,Hg,Hb,O3_1",8194,0.07,16870,0.08,8.140000343322754,1,14415.3369140625,811.8032073974609,8461.13154836245,4963.730773925781,455.2751922607422,8379.33026460433,5321.512451171875,600.8948516845703,6301.813723601111,nan,nan,nan,2666.9805908203125,259.56581115722656,8215.630213395922,1,214.8478241,52.81465912,0.06526,0.05809,0.2551,0.08822,0.5344,0.1138,0.3176,0.1744,0.4503,0.05831,684.2651044181574,234.91554920967394,125.45596723235263,0.6899598062879349,True,8.159999999999954,0.02999999999999936,1.0,0.1264958943564015,2.8352243927727825,-8.013504448966353,7.355072956051004,-8.559969735838926,0.5464652868725732
114015092,candels-cdfs-14,53.112601782182686,-27.834004579227187,0.6899598062879349,5.774563690711648e-05,O3_2,76.31389364039794,a,3,"O2,O2,Ne3,Hd,Hg,Hb,O3_1",8194,0.07,16870,0.08,8.140000343322754,1,14415.3369140625,811.8032073974609,8461.13154836245,4963.730773925781,455.2751922607422,8379.33026460433,5321.512451171875,600.8948516845703,6301.813723601111,nan,nan,nan,2666.9805908203125,259.56581115722656,8215.630213395922,1,189.35745239,62.22573471,0.1394,0.01979,,,0.6079,0.02607,0.7228,0.08879,0.7283,0.05007,671.5457588880644,231.18616042369837,124.15839007604428,0.6899598062879349,True,8.189999999999953,0.034999999999999254,1.0,0.1264958943564015,2.8270756106838184,-8.013504448966353,7.355072956051004,-8.559969735838926,0.5464652868725732
114015092,candels-cdfs-14,53.112601782182686,-27.834004579227187,0.6899598062879349,5.774563690711648e-05,O3_2,76.31389364039794,a,3,"O2,O2,Ne3,Hd,Hg,Hb,O3_1",8194,0.07,16870,0.08,8.140000343322754,1,14415.3369140625,811.8032073974609,8461.13154836245,4963.730773925781,455.2751922607422,8379.33026460433,5321.512451171875,600.8948516845703,6301.813723601111,nan,nan,nan,2666.9805908203125,259.56581115722656,8215.630213395922,1,34.45414352,-5.21924019,0.09071,0.03686,0.1413,0.0413,0.2734,0.08799,0.01249,0.1665,0.3676,0.08165,1246.1918531383967,427.0741425896765,227.25901134910401,0.6899598062879349,True,8.139999999999954,0.034999999999999254,1.0,0.1264958943564015,3.0955849077688438,-8.013504448966353,7.355072956051004,-8.559969735838926,0.5464652868725732
114015092,candels-cdfs-14,53.112601782182686,-27.834004579227187,0.6899598062879349,5.774563690711648e-05,O3_2,76.31389364039794,a,3,"O2,O2,Ne3,Hd,Hg,Hb,O3_1",8194,0.07,16870,0.08,8.140000343322754,1,14415.3369140625,811.8032073974609,8461.13154836245,4963.730773925781,455.2751922607422,8379.33026460433,5321.512451171875,600.8948516845703,6301.813723601111,nan,nan,nan,2666.9805908203125,259.56581115722656,8215.630213395922,1,150.10562134,2.35132098,0.5404,0.06446,0.9368,0.07475,1.988,0.1359,2.037,0.2172,2.369,0.2224,186.04585165827726,63.88995413890825,34.14022875292146,0.6899598062879349,True,8.179999999999954,0.03999999999999915,1.0,0.1264958943564015,2.2696199908208445,-8.013504448966353,7.355072956051004,-8.559969735838926,0.5464652868725732
114015092,candels-cdfs-14,53.112601782182686,-27.834004579227187,0.6899598062879349,5.774563690711648e-05,O3_2,76.31389364039794,a,3,"O2,O2,Ne3,Hd,Hg,Hb,O3_1",8194,0.07,16870,0.08,8.140000343322754,1,14415.3369140625,811.8032073974609,8461.13154836245,4963.730773925781,455.2751922607422,8379.33026460433,5281.0009765625,591.2377548217773,6296.7614312370615,nan,nan,nan,2666.9805908203125,259.56581115722656,8215.630213395922,1,214.8478241,52.81465912,0.06526,0.05809,0.2551,0.08822,0.5344,0.1138,0.3176,0.1744,0.4503,0.05831,684.2651044181574,234.91554920967394,125.45596723235263,0.6899598062879349,True,8.189999999999953,0.034999999999999254,1.0,0.1264958943564015,2.8352243927727825,-8.013504448966353,7.355072956051004,-8.559969735838926,0.5464652868725732
114015092,candels-cdfs-14,53.112601782182686,-27.834004579227187,0.6899598062879349,5.774563690711648e-05,O3_2,76.31389364039794,a,3,"O2,O2,Ne3,Hd,Hg,Hb,O3_1",8194,0.07,16870,0.08,8.140000343322754,1,14415.3369140625,811.8032073974609,8461.13154836245,4963.730773925781,455.2751922607422,8379.33026460433,5281.0009765625,591.2377548217773,6296.7614312370615,nan,nan,nan,2666.9805908203125,259.56581115722656,8215.630213395922,1,189.35745239,62.22573471,0.1394,0.01979,,,0.6079,0.02607,0.7228,0.08879,0.7283,0.05007,671.5457588880644,231.18616042369837,124.15839007604428,0.6899598062879349,True,8.189999999999953,0.034999999999999254,1.0,0.1264958943564015,2.8270756106838184,-8.013504448966353,7.355072956051004,-8.559969735838926,0.5464652868725732
114015092,candels-cdfs-14,53.112601782182686,-27.834004579227187,0.6899598062879349,5.774563690711648e-05,O3_2,76.31389364039794,a,3,"O2,O2,Ne3,Hd,Hg,Hb,O3_1",8194,0.07,16870,0.08,8.140000343322754,1,14415.3369140625,811.8032073974609,8461.13154836245,4963.730773925781,455.2751922607422,8379.33026460433,5281.0009765625,591.2377548217773,6296.7614312370615,nan,nan,nan,2666.9805908203125,259.56581115722656,8215.630213395922,1,34.45414352,-5.21924019,0.09071,0.03686,0.1413,0.0413,0.2734,0.08799,0.01249,0.1665,0.3676,0.08165,1246.1918531383967,427.0741425896765,227.25901134910401,0.6899598062879349,True,8.139999999999954,0.034999999999999254,1.0,0.1264958943564015,3.0955849077688438,-8.013504448966353,7.355072956051004,-8.559969735838926,0.5464652868725732
114015092,candels-cdfs-14,53.112601782182686,-27.834004579227187,0.6899598062879349,5.774563690711648e-05,O3_2,76.31389364039794,a,3,"O2,O2,Ne3,Hd,Hg,Hb,O3_1",8194,0.07,16870,0.08,8.140000343322754,1,14415.3369140625,811.8032073974609,8461.13154836245,4963.730773925781,455.2751922607422,8379.33026460433,5281.0009765625,591.2377548217773,6296.7614312370615,nan,nan,nan,2666.9805908203125,259.56581115722656,8215.630213395922,1,150.10562134,2.35132098,0.5404,0.06446,0.9368,0.07475,1.988,0.1359,2.037,0.2172,2.369,0.2224,186.04585165827726,63.88995413890825,34.14022875292146,0.6899598062879349,True,8.169999999999954,0.03999999999999915,1.0,0.1264958943564015,2.2696199908208445,-8.013504448966353,7.355072956051004,-8.559969735838926,0.5464652868725732
120008010,candels-cdfs-20,53.199880748102345,-27.83404099652849,0.5620431669573158,6.816129598197996e-05,O2,21.665983511530044,a,3,"Hg,Hb,O3_1,O3_2",8198,0.12,16923,0.11,8.25,1,3190.1864624023438,475.40008544921875,7822.305725756994,903.1671905517578,374.9644470214844,7745.297462216837,2967.49267578125,264.9065399169922,5822.754733447681,nan,nan,nan,943.6872863769531,333.6579132080078,7592.9281459461645,1,214.85881042,52.82270432,0.2677,0.0335,0.1961,0.0497,0.2335,0.05665,,,0.3514,0.06096,177.54240450980407,48.788515483337086,48.01729429768651,0.5620431669573158,True,8.279999999999951,0.03999999999999915,1.0,-0.5405977174201367,2.249302097363969,-8.790597717420138,8.154686044948,-8.682164691697066,-0.10843302572307145
120008010,candels-cdfs-20,53.199880748102345,-27.83404099652849,0.5620431669573158,6.816129598197996e-05,O2,21.665983511530044,a,3,"Hg,Hb,O3_1,O3_2",8198,0.12,16923,0.11,8.25,1,3190.1864624023438,475.40008544921875,7822.305725756994,903.1671905517578,374.9644470214844,7745.297462216837,2967.49267578125,264.9065399169922,5822.754733447681,nan,nan,nan,943.6872863769531,333.6579132080078,7592.9281459461645,1,189.35453796,62.22609711,0.03785,0.02002,,,0.207,0.02704,0.2767,0.08858,0.2621,0.05923,502.0822952017724,142.5389320909637,149.7671006226101,0.5620431669573158,True,8.219999999999953,0.034999999999999254,1.0,-0.5405977174201367,2.7007749072302696,-8.790597717420138,8.154686044948,-8.682164691697066,-0.10843302572307145
123030148,candels-cdfs-23,53.147797717583444,-27.833527809728814,0.5454440276628072,3.286009399704487e-05,O3_2,31.88013909977884,a,3,"O2,Hb,O3_1",8337,0.16,17007,0.16,8.800000190734863,1,2449.036865234375,210.81783294677734,7738.724032176457,912.4680328369141,230.8142852783203,7665.055400666371,3419.5205688476562,338.0263900756836,5761.61873225207,nan,nan,nan,807.5396728515625,150.00176429748535,7514.088710607101,1,34.48267746,-5.21879196,0.1175,0.0597,0.004348,0.06474,0.2629,0.1033,0.3511,0.184,0.3097,0.09406,4026.0864399101556,1328.4236556765622,913.15034979484,0.5454440276628072,True,7.8999999999999595,0.019999999999999574,1.0,-0.639619082416865,3.6048830949373847,-9.439619273151727,8.268011359413446,-8.900239821017845,-0.5393794521338826
123030148,candels-cdfs-23,53.147797717583444,-27.833527809728814,0.5454440276628072,3.286009399704487e-05,O3_2,31.88013909977884,a,3,"O2,Hb,O3_1",8337,0.16,17007,0.16,8.800000190734863,1,2449.036865234375,210.81783294677734,7738.724032176457,912.4680328369141,230.8142852783203,7665.055400666371,3419.5205688476562,338.0263900756836,5761.61873225207,nan,nan,nan,807.5396728515625,150.00176429748535,7514.088710607101,1,189.26222229,62.2265358,0.05892,0.01956,,,0.275,0.02961,0.166,0.08697,0.3098,0.05435,262.8985883701761,98.0152644799787,86.8617805403121,0.5454440276628072,True,8.399999999999949,0.02999999999999936,1.0,-0.639619082416865,2.4197882541752525,-9.439619273151727,8.268011359413446,-8.900239821017845,-0.5393794521338826
119019044,candels-cdfs-19,53.18020559519717,-27.83297302354921,0.6815580622277907,1.882163577301327e-05,O3_2,84.03900109400696,a,3,"O2,Ne3,Hg,Hb,O3_1",0,nan,17020,0.12,7.570000171661377,1,7840.17333984375,459.903564453125,8421.043547648935,2704.4937133789062,566.971549987793,8337.28648710553,3789.0090942382812,282.02232360839844,6269.400799327053,nan,nan,nan,1922.7644348144531,224.1634178161621,8174.417866264181,1,214.68110657,52.69609833,0.1003,0.03073,0.2165,0.04713,0.5575,0.0552,,,0.4808,0.05494,428.7396411673593,148.13905440245162,105.66278002939075,0.6815580622277907,True,8.179999999999954,0.034999999999999254,1.0,-0.0285610743115626,2.632193640133737,-7.59856124597294,7.403858569437979,-8.364003061509296,0.7654418155363558
119019044,candels-cdfs-19,53.18020559519717,-27.83297302354921,0.6815580622277907,1.882163577301327e-05,O3_2,84.03900109400696,a,3,"O2,Ne3,Hg,Hb,O3_1",0,nan,17020,0.12,7.570000171661377,1,7840.17333984375,459.903564453125,8421.043547648935,2704.4937133789062,566.971549987793,8337.28648710553,3789.0090942382812,282.02232360839844,6269.400799327053,nan,nan,nan,1922.7644348144531,224.1634178161621,8174.417866264181,1,34.41272354,-5.21873617,-0.05478,0.05705,0.06385,0.05675,0.2436,0.1095,0.2173,0.2093,0.2195,0.05967,1397.2028111728152,487.1302268516503,353.6827159473311,0.6815580622277907,True,7.669999999999964,0.019999999999999574,1.0,-0.0285610743115626,3.1452594507672216,-7.59856124597294,7.403858569437979,-8.364003061509296,0.7654418155363558
119019044,candels-cdfs-19,53.18020559519717,-27.83297302354921,0.6815580622277907,1.882163577301327e-05,O3_2,84.03900109400696,a,3,"O2,Ne3,Hg,Hb,O3_1",0,nan,17020,0.12,7.570000171661377,1,7840.17333984375,459.903564453125,8421.043547648935,2704.4937133789062,566.971549987793,8337.28648710553,3789.0090942382812,282.02232360839844,6269.400799327053,nan,nan,nan,1922.7644348144531,224.1634178161621,8174.417866264181,1,53.18021393,-27.83293915,0.6642,0.01991,0.8849,0.02319,0.8669,0.05324,0.5367,0.1321,0.7503,0.03853,115.6741892126738,39.093965860383214,26.693782048390684,0.6815580622277907,True,8.139999999999954,0.03999999999999915,1.0,-0.0285610743115626,2.0632364641114567,-7.59856124597294,7.403858569437979,-8.364003061509296,0.7654418155363558
119019044,candels-cdfs-19,53.18020559519717,-27.83297302354921,0.6815580622277907,1.882163577301327e-05,O3_2,84.03900109400696,a,3,"O2,Ne3,Hg,Hb,O3_1",0,nan,17020,0.12,7.570000171661377,1,7840.17333984375,459.903564453125,8421.043547648935,2704.4937133789062,566.971549987793,8337.28648710553,3789.0090942382812,282.02232360839844,6269.400799327053,nan,nan,nan,1922.7644348144531,224.1634178161621,8174.417866264181,1,189.2724762,62.22661209,0.09906,0.01725,,,0.07961,0.02289,0.04538,0.07224,0.1078,0.03186,1143.4985547280598,385.51343484792466,261.95661149736014,0.6815580622277907,True,7.689999999999964,0.024999999999999467,1.0,-0.0285610743115626,3.058235620036755,-7.59856124597294,7.403858569437979,-8.364003061509296,0.7654418155363558
121020046,candels-cdfs-21,53.21548286126343,-27.830801191787035,0.7356668944523898,5.723817416764663e-06,O2,104.1921248463602,a,3,"Ne3,Hd,Hg,Hb,O3_1,O3_2",8760,0.18,17270,0.17,10.0,1,11802.8857421875,454.54978942871094,8690.401146435215,3270.9664916992188,336.38832092285156,8606.673016066183,20825.7421875,405.19786834716797,6471.202213098644,nan,nan,nan,9859.564208984375,754.5761871337891,8438.818916563047,1,215.16270447,53.03899765,0.3741,0.02928,0.3845,0.04383,0.875,0.06504,,,0.7744,0.07518,369.4199367990061,102.2618888307558,307.53150101662374,0.7356668944523898,True,7.489999999999968,0.019999999999999574,1.0,0.7623156227245306,2.5675203296752898,-9.23768437727547,7.098087615155412,-9.174713142273312,-0.0629712350021574
121020046,candels-cdfs-21,53.21548286126343,-27.830801191787035,0.7356668944523898,5.723817416764663e-06,O2,104.1921248463602,a,3,"Ne3,Hd,Hg,Hb,O3_1,O3_2",8760,0.18,17270,0.17,10.0,1,11802.8857421875,454.54978942871094,8690.401146435215,3270.9664916992188,336.38832092285156,8606.673016066183,20825.7421875,405.19786834716797,6471.202213098644,nan,nan,nan,9859.564208984375,754.5761871337891,8438.818916563047,1,150.07110596,2.35520458,1.074,0.04177,1.161,0.051,2.213,0.06922,2.261,0.1266,2.546,0.09719,126.12847072602185,34.77766257901136,103.75405226915777,0.7356668944523898,True,7.469999999999969,0.019999999999999574,1.0,0.7623156227245306,2.1008131300590054,-9.23768437727547,7.098087615155412,-9.174713142273312,-0.0629712350021574
121020046,candels-cdfs-21,53.21548286126343,-27.830801191787035,0.7356668944523898,5.723817416764663e-06,O2,104.1921248463602,a,3,"Ne3,Hd,Hg,Hb,O3_1,O3_2",8760,0.18,17270,0.17,10.0,1,11802.8857421875,454.54978942871094,8690.401146435215,3270.9664916992188,336.38832092285156,8606.673016066183,20825.7421875,405.19786834716797,6471.202213098644,nan,nan,nan,9859.564208984375,754.5761871337891,8438.818916563047,1,34.22254181,-5.21795511,0.1471,0.04589,0.234,0.04719,0.8225,0.1616,0.3248,0.2222,0.4382,0.1183,562.8849104751388,157.3240956140343,482.4798517040179,0.7356668944523898,True,7.559999999999967,0.019999999999999574,1.0,0.7623156227245306,2.7504196064764757,-9.23768437727547,7.098087615155412,-9.174713142273312,-0.0629712350021574
123012110,candels-cdfs-23,53.14832583041818,-27.82889056400238,0.545124717396409,3.346100923011428e-06,O3_2,167.54389830473434,a,3,"O2,Ne3,Hd,Hg,Hb,O3_1,He1",9036,0.18,17361,0.18,9.539999961853027,1,20938.92822265625,327.4176025390625,7736.766859975389,5726.11328125,249.3500518798828,7663.01137783072,32781.9287109375,447.5815963745117,5759.609347185889,nan,nan,nan,8615.677490234375,225.3200912475586,7512.45246118274,1,214.74099731,52.74042892,0.2187,0.02886,0.124,0.04415,0.3489,0.04779,0.2977,0.08263,0.213,0.04347,1723.7741091829607,454.3593496248531,633.4500663315105,0.545124717396409,True,7.88999999999996,0.024999999999999467,1.0,0.38789454120541844,3.236480353389505,-9.152105420647608,8.270214517098326,-9.178020397634164,0.02591497698655587
123012110,candels-cdfs-23,53.14832583041818,-27.82889056400238,0.545124717396409,3.346100923011428e-06,O3_2,167.54389830473434,a,3,"O2,Ne3,Hd,Hg,Hb,O3_1,He1",9036,0.18,17361,0.18,9.539999961853027,1,20938.92822265625,327.4176025390625,7736.766859975389,5726.11328125,249.3500518798828,7663.01137783072,32781.9287109375,447.5815963745117,5759.609347185889,nan,nan,nan,8615.677490234375,225.3200912475586,7512.45246118274,1,189.11535645,62.22816086,0.05796,0.01685,,,0.1836,0.02603,0.04015,0.06335,0.2272,0.05375,2626.188683387907,715.0733843122487,1066.311124314275,0.545124717396409,True,7.8999999999999595,0.019999999999999574,1.0,0.38789454120541844,3.4193259255654977,-9.152105420647608,8.270214517098326,-9.178020397634164,0.02591497698655587
121023062,candels-cdfs-21,53.21667735308652,-27.831493282565127,0.8584678437045259,1.6750142072391297e-05,O2,42.30911387852488,a,3,"Ne3,Hg,Hb,O3_1,O3_2",8501,0.21,17395,0.18,8.539999961853027,1,4791.514892578125,1093.397445678711,9301.77995036593,1375.4403686523438,336.4419174194336,9215.869066859515,3243.8946533203125,260.52112579345703,6929.003966435501,nan,nan,nan,1160.0508880615234,393.1735610961914,9034.609496218513,1,189.39382935,62.22813416,0.2757,0.01947,,,1.255,0.02561,1.542,0.1096,1.398,0.05449,110.22500502154877,31.65089447128741,26.712492624947533,0.8584678437045259,True,8.279999999999951,0.049999999999998934,1.0,-0.002785594601895678,2.0422801272836257,-8.542785556454923,6.4722177057576875,-8.601547259230292,0.058761702775369073
102040161,candels-cdfs-02,53.068963340002306,-27.82625269421376,0.7320111857764027,1.244001340487725e-05,O2,40.85253392667973,a,3,"Hb,O3_1,O3_2",9229,0.17,17689,0.16,9.600000381469727,1,6373.634033203125,734.9417114257812,8673.477455925886,1256.2215423583984,256.71791076660156,8590.546455452637,8891.85302734375,409.82173919677734,6457.2896749646425,nan,nan,nan,2901.114501953125,507.56587982177734,8421.96152059324,1,189.28437805,62.22991562,0.1368,0.02128,,,0.1179,0.02673,0.1055,0.0851,0.147,0.04552,694.8460871321095,134.08860546051275,296.4567037737137,0.7320111857764027,True,7.749999999999963,0.024999999999999467,1.0,0.22573653405161087,2.841888616227804,-9.374263847418115,7.118131467301101,-9.039691284469534,-0.3345725629485816
102040161,candels-cdfs-02,53.068963340002306,-27.82625269421376,0.7320111857764027,1.244001340487725e-05,O2,40.85253392667973,a,3,"Hb,O3_1,O3_2",9229,0.17,17689,0.16,9.600000381469727,1,6373.634033203125,734.9417114257812,8673.477455925886,1256.2215423583984,256.71791076660156,8590.546455452637,8891.85302734375,409.82173919677734,6457.2896749646425,nan,nan,nan,2901.114501953125,507.56587982177734,8421.96152059324,1,214.69088745,52.70594406,0.3992,0.03744,0.5959,0.05651,0.7822,0.06548,,,0.6452,0.08207,141.20843945471015,27.465896367134096,61.72182839721152,0.7320111857764027,True,8.31999999999995,0.03999999999999915,1.0,0.22573653405161087,2.149860653508146,-9.374263847418115,7.118131467301101,-9.039691284469534,-0.3345725629485816
102040161,candels-cdfs-02,53.068963340002306,-27.82625269421376,0.7320111857764027,1.244001340487725e-05,O2,40.85253392667973,a,3,"Hb,O3_1,O3_2",9229,0.17,17689,0.16,9.600000381469727,1,6373.634033203125,734.9417114257812,8673.477455925886,1256.2215423583984,256.71791076660156,8590.546455452637,8891.85302734375,409.82173919677734,6457.2896749646425,nan,nan,nan,2901.114501953125,507.56587982177734,8421.96152059324,1,34.479496,-5.21655416,0.2117,0.1125,0.2222,0.1217,0.5247,0.1903,0.7934,0.3646,0.3533,0.08687,342.9526511966987,67.57327601365525,155.9510473913733,0.7320111857764027,True,7.799999999999962,0.034999999999999254,1.0,0.22573653405161087,2.5352341645225307,-9.374263847418115,7.118131467301101,-9.039691284469534,-0.3345725629485816
102040161,candels-cdfs-02,53.068963340002306,-27.82625269421376,0.7320111857764027,1.244001340487725e-05,O2,40.85253392667973,a,3,"Hb,O3_1,O3_2",9229,0.17,17689,0.16,9.600000381469727,1,6373.634033203125,734.9417114257812,8673.477455925886,1256.2215423583984,256.71791076660156,8590.546455452637,8891.85302734375,409.82173919677734,6457.2896749646425,nan,nan,nan,2901.114501953125,507.56587982177734,8421.96152059324,1,150.12365723,2.35924315,0.08204,0.03133,0.08663,0.03423,0.1721,0.0558,0.2556,0.09043,0.2372,0.04063,905.6576158494831,177.76841669299463,407.06481218008315,0.7320111857764027,True,7.719999999999963,0.024999999999999467,1.0,0.22573653405161087,2.956964043536726,-9.374263847418115,7.118131467301101,-9.039691284469534,-0.3345725629485816
123028137,candels-cdfs-23,53.15077395238402,-27.825504379708217,0.5449689039633506,9.366145965841747e-05,Hb,75.34369051327717,a,3,"O2,Ne3,Hg,O3_1,O3_2,He1",9473,0.14,17928,0.14,10.300000190734863,1,4598.2452392578125,372.7457809448242,7738.053917517567,1156.3199615478516,227.98141479492188,7665.186032344442,11495.660400390625,447.2890090942383,5758.3549248845775,nan,nan,nan,7024.4354248046875,253.7016487121582,7510.27268768547,1,214.78677368,52.77425766,0.2033,0.04559,0.985,0.06742,5.811,0.08719,7.145,0.1328,8.459,0.1474,63.16292114222343,16.359731924265727,105.92330532124797,0.5449689039633506,True,7.309999999999972,0.019999999999999574,1.0,0.29891780100689075,1.8004622069380976,-10.001082389727973,8.271289909514062,-9.463209619257103,-0.5378727704708695
123028137,candels-cdfs-23,53.15077395238402,-27.825504379708217,0.5449689039633506,9.366145965841747e-05,Hb,75.34369051327717,a,3,"O2,Ne3,Hg,O3_1,O3_2,He1",9473,0.14,17928,0.14,10.300000190734863,1,4598.2452392578125,372.7457809448242,7738.053917517567,1156.3199615478516,227.98141479492188,7665.186032344442,11495.660400390625,447.2890090942383,5758.3549248845775,nan,nan,nan,7024.4354248046875,253.7016487121582,7510.27268768547,1,150.17102051,2.36176372,0.7899,0.04526,1.268,0.05328,1.769,0.08004,1.647,0.09839,1.677,0.1212,42.44047488359723,10.62586107218722,63.94302657886145,0.5449689039633506,True,7.2899999999999725,0.024999999999999467,1.0,0.29891780100689075,1.6277802347526766,-10.001082389727973,8.271289909514062,-9.463209619257103,-0.5378727704708695
123028137,candels-cdfs-23,53.15077395238402,-27.825504379708217,0.5449689039633506,9.366145965841747e-05,Hb,75.34369051327717,a,3,"O2,Ne3,Hg,O3_1,O3_2,He1",9473,0.14,17928,0.14,10.300000190734863,1,4598.2452392578125,372.7457809448242,7738.053917517567,1156.3199615478516,227.98141479492188,7665.186032344442,11495.660400390625,447.2890090942383,5758.3549248845775,nan,nan,nan,7024.4354248046875,253.7016487121582,7510.27268768547,1,34.3195076,-5.21574879,0.1189,0.0362,0.3026,0.03591,0.4642,0.09194,0.2591,0.1644,0.4453,0.05725,188.9859521180276,47.990994267063726,297.7502021786893,0.5449689039633506,True,7.339999999999971,0.024999999999999467,1.0,0.29891780100689075,2.2764295229861173,-10.001082389727973,8.271289909514062,-9.463209619257103,-0.5378727704708695
123028137,candels-cdfs-23,53.15077395238402,-27.825504379708217,0.5449689039633506,9.366145965841747e-05,Hb,75.34369051327717,a,3,"O2,Ne3,Hg,O3_1,O3_2,He1",9473,0.14,17928,0.14,10.300000190734863,1,4598.2452392578125,372.7457809448242,7738.053917517567,1156.3199615478516,227.98141479492188,7665.186032344442,11495.660400390625,447.2890090942383,5758.3549248845775,nan,nan,nan,7024.4354248046875,253.7016487121582,7510.27268768547,1,189.15245056,62.2309227,0.3541,0.02764,,,1.021,0.03339,1.191,0.09789,1.211,0.08444,97.62866159673875,24.416813458213948,146.58818455686819,0.5449689039633506,True,7.319999999999972,0.024999999999999467,1.0,0.29891780100689075,1.9895773355556514,-10.001082389727973,8.271289909514062,-9.463209619257103,-0.5378727704708695
102005037,candels-cdfs-02,53.07320085528812,-27.828069279390967,0.33752260597332334,1.52418396492725e-06,O3_2,1321.1783100358816,a,3,"O2,Ne3,Ne32,Hd,Hg,O3_3,Hb,O3_1,O1,Ha,N2_2,S2_1,S2_2",8973,0.01,17944,0.02,8.119999885559082,1,114107.822265625,366.61998748779297,6697.204647315767,36419.47998046875,326.15394592285156,6633.3387543210765,47397.529296875,658.0728912353516,4986.912155319406,52755.234375,967.3153686523438,8777.92533364443,20415.5419921875,367.7976608276367,6503.440802357552,1,215.13102722,53.01953125,0.3927,0.02907,0.5666,0.0436,0.4754,0.0462,,,0.6502,0.04412,2068.1583948126404,654.9889243139693,361.33442912259443,0.33752260597332334,True,7.749999999999963,0.019999999999999574,1.0,0.2698678286555255,3.3155837971679407,-7.850132056903557,9.911308345273618,-8.811431452072782,0.9612993951692248
102005037,candels-cdfs-02,53.07320085528812,-27.828069279390967,0.33752260597332334,1.52418396492725e-06,O3_2,1321.1783100358816,a,3,"O2,Ne3,Ne32,Hd,Hg,O3_3,Hb,O3_1,O1,Ha,N2_2,S2_1,S2_2",8973,0.01,17944,0.02,8.119999885559082,1,114107.822265625,366.61998748779297,6697.204647315767,36419.47998046875,326.15394592285156,6633.3387543210765,47397.529296875,658.0728912353516,4986.912155319406,52755.234375,967.3153686523438,8777.92533364443,20415.5419921875,367.7976608276367,6503.440802357552,1,189.31105042,62.23115921,0.1081,0.01664,,,0.1445,0.02298,0.05585,0.07267,0.1402,0.04261,8290.157662545116,2605.437671655724,1414.7457393099914,0.33752260597332334,True,7.789999999999962,0.019999999999999574,1.0,0.2698678286555255,3.9185627900583846,-7.850132056903557,9.911308345273618,-8.811431452072782,0.9612993951692248
102005037,candels-cdfs-02,53.07320085528812,-27.828069279390967,0.33752260597332334,1.52418396492725e-06,O3_2,1321.1783100358816,a,3,"O2,Ne3,Ne32,Hd,Hg,O3_3,Hb,O3_1,O1,Ha,N2_2,S2_1,S2_2",8973,0.01,17944,0.02,8.119999885559082,1,114107.822265625,366.61998748779297,6697.204647315767,36419.47998046875,326.15394592285156,6633.3387543210765,47397.529296875,658.0728912353516,4986.912155319406,52755.234375,967.3153686523438,8777.92533364443,20415.5419921875,367.7976608276367,6503.440802357552,1,34.47170639,-5.21564817,0.1073,0.05442,0.2051,0.06031,0.2421,0.09806,-0.008255,0.1764,0.3565,0.08391,6762.76274362866,2160.6047663356035,1213.6568253047735,0.33752260597332334,True,7.779999999999962,0.019999999999999574,1.0,0.2698678286555255,3.8301241514442252,-7.850132056903557,9.911308345273618,-8.811431452072782,0.9612993951692248
102005037,candels-cdfs-02,53.07320085528812,-27.828069279390967,0.33752260597332334,1.52418396492725e-06,O3_2,1321.1783100358816,a,3,"O2,Ne3,Ne32,Hd,Hg,O3_3,Hb,O3_1,O1,Ha,N2_2,S2_1,S2_2",8973,0.01,17944,0.02,8.119999885559082,1,114107.822265625,366.61998748779297,6697.204647315767,36419.47998046875,326.15394592285156,6633.3387543210765,47397.529296875,658.0728912353516,4986.912155319406,52755.234375,967.3153686523438,8777.92533364443,20415.5419921875,367.7976608276367,6503.440802357552,1,150.08604431,2.36241078,2.222,0.0472,4.346,0.05229,6.644,0.0977,6.866,0.1719,7.565,0.2166,323.616696049654,103.4643615114444,58.20341525102466,0.33752260597332334,True,8.239999999999952,0.034999999999999254,1.0,0.2698678286555255,2.5100309196620643,-7.850132056903557,9.911308345273618,-8.811431452072782,0.9612993951692248
119018038,candels-cdfs-19,53.18991899798184,-27.826785893027548,0.6809801256119772,3.773974908694004e-05,O3_2,20.53034892220314,a,3,"O2,Hb,O3_1",9204,0.31,18095,0.34,10.15999984741211,1,4989.1943359375,635.5724334716797,8418.227719097431,1809.2784118652344,290.25503158569336,8334.212282415298,3859.4631958007812,357.0521926879883,6268.176379729328,nan,nan,nan,1351.2846374511719,208.17821502685547,8171.689339707968,1,34.30730057,-5.21515894,0.2041,0.02713,0.1949,0.02759,0.4198,0.08736,,,0.49,0.05719,308.6108152632324,111.64128774544302,82.98174575332276,0.6809801256119772,True,8.289999999999951,0.034999999999999254,1.0,-0.18263761920313645,2.4894111418400193,-10.342637466615246,7.4072325722428065,-9.277498919536285,-1.065138547078961
119018038,candels-cdfs-19,53.18991899798184,-27.826785893027548,0.6809801256119772,3.773974908694004e-05,O3_2,20.53034892220314,a,3,"O2,Hb,O3_1",9204,0.31,18095,0.34,10.15999984741211,1,4989.1943359375,635.5724334716797,8418.227719097431,1809.2784118652344,290.25503158569336,8334.212282415298,3859.4631958007812,357.0521926879883,6268.176379729328,nan,nan,nan,1351.2846374511719,208.17821502685547,8171.689339707968,1,150.16697693,2.36307859,0.1646,0.04079,0.3958,0.04761,0.5442,0.07845,0.5493,0.107,0.5479,0.06888,158.95474050702893,56.912991410885844,41.45543756610372,0.6809801256119772,True,8.31999999999995,0.034999999999999254,1.0,-0.18263761920313645,2.2012734844077237,-10.342637466615246,7.4072325722428065,-9.277498919536285,-1.065138547078961
108025145,candels-cdfs-08,53.095052818508265,-27.826203144139722,0.7358445167232578,2.1469837012234453e-05,O2,25.5015678845858,a,3,"Hb,O3_1,O3_2",9203,0.0,18304,0.02,9.15999984741211,1,4758.2342529296875,463.66371154785156,8691.831556830077,1331.2249755859375,266.65517807006836,8608.268202380701,4366.624755859375,393.53076934814453,6473.131211117712,nan,nan,nan,2035.8758544921875,386.2777328491211,8440.137197996768,1,34.34174347,-5.21448183,0.07242,0.02428,0.104,0.0247,0.1504,0.07666,0.3006,0.1453,0.1416,0.04237,595.5453756814712,164.76806889874874,246.30629273538793,0.7358445167232578,True,7.719999999999963,0.02999999999999936,1.0,0.07746539792412274,2.7749148567630835,-9.082534449487987,7.097115939649983,-8.885166326255195,-0.19736812323279196
108025145,candels-cdfs-08,53.095052818508265,-27.826203144139722,0.7358445167232578,2.1469837012234453e-05,O2,25.5015678845858,a,3,"Hb,O3_1,O3_2",9203,0.0,18304,0.02,9.15999984741211,1,4758.2342529296875,463.66371154785156,8691.831556830077,1331.2249755859375,266.65517807006836,8608.268202380701,4366.624755859375,393.53076934814453,6473.131211117712,nan,nan,nan,2035.8758544921875,386.2777328491211,8440.137197996768,1,150.16793823,2.36524463,0.1325,0.05079,0.4893,0.05566,0.5967,0.0842,0.452,0.105,0.6272,0.1239,130.40165905853368,35.941967738672616,53.31591866553253,0.7358445167232578,True,8.259999999999952,0.04499999999999904,1.0,0.07746539792412274,2.1152831168206165,-9.082534449487987,7.097115939649983,-8.885166326255195,-0.19736812323279196
108025145,candels-cdfs-08,53.095052818508265,-27.826203144139722,0.7358445167232578,2.1469837012234453e-05,O2,25.5015678845858,a,3,"Hb,O3_1,O3_2",9203,0.0,18304,0.02,9.15999984741211,1,4758.2342529296875,463.66371154785156,8691.831556830077,1331.2249755859375,266.65517807006836,8608.268202380701,4366.624755859375,393.53076934814453,6473.131211117712,nan,nan,nan,2035.8758544921875,386.2777328491211,8440.137197996768,1,189.29893494,62.23279953,0.3615,0.02301,,,0.4397,0.03386,0.3994,0.105,0.6496,0.06915,165.1597145931268,45.43828941210723,67.1493476082492,0.7358445167232578,True,8.249999999999952,0.03999999999999915,1.0,0.07746539792412274,2.217904123713822,-9.082534449487987,7.097115939649983,-8.885166326255195,-0.19736812323279196
102006048,candels-cdfs-02,53.0651513332975,-27.825903817080608,0.3375352047463488,4.405296369808094e-06,O3_2,142.63358685924237,a,3,"O2,Hg,Hb,O3_1,Ha,N2_2,S2_1",9230,0.41,18358,0.4,8.770000457763672,1,16990.391845703125,367.3537063598633,6697.262282632561,5192.501220703125,331.82445526123047,6633.507976050555,17006.19384765625,613.7617874145508,4987.302441792053,12912.44140625,867.3615264892578,8778.562536316987,4319.43115234375,361.4557647705078,6503.884588009055,1,189.3480072,62.23301315,0.06809,0.01903,,,0.136,0.02509,0.09394,0.08266,0.1461,0.04242,1834.0803330270942,554.8073220037655,451.868837969329,0.3375352047463488,True,7.909999999999959,0.019999999999999574,1.0,-0.4046288536728418,3.263418353921961,-9.174629311436513,9.911194648206054,-9.082919383585072,-0.09170992785144172
102006048,candels-cdfs-02,53.0651513332975,-27.825903817080608,0.3375352047463488,4.405296369808094e-06,O3_2,142.63358685924237,a,3,"O2,Hg,Hb,O3_1,Ha,N2_2,S2_1",9230,0.41,18358,0.4,8.770000457763672,1,16990.391845703125,367.3537063598633,6697.262282632561,5192.501220703125,331.82445526123047,6633.507976050555,17006.19384765625,613.7617874145508,4987.302441792053,12912.44140625,867.3615264892578,8778.562536316987,4319.43115234375,361.4557647705078,6503.884588009055,1,34.24237061,-5.2142911,0.08461,0.02436,0.07687,0.0247,0.06441,0.07834,0.1531,0.1453,0.2572,0.04055,1719.5924211966815,514.0401317270607,408.5424748548727,0.3375352047463488,True,7.8999999999999595,0.024999999999999467,1.0,-0.4046288536728418,3.2354255223720956,-9.174629311436513,9.911194648206054,-9.082919383585072,-0.09170992785144172
102011084,candels-cdfs-02,53.069602737492126,-27.826356346405312,0.3377580050083808,4.392742894042345e-05,O3_2,25.2983497248665,a,3,"O2,Hb,O3_1",9068,0.33,18450,0.31,6.800000190734863,1,2376.2338256835938,340.50086975097656,6698.280140538849,364.7500991821289,155.9233283996582,6633.986112790341,1151.9328308105469,352.57080078125,4988.357691158487,nan,nan,nan,581.1164855957031,185.88571548461914,6504.555063615495,1,214.98190308,52.9163208,0.1005,0.02908,0.1495,0.04236,0.1409,0.04662,0.2079,0.08518,0.2297,0.03315,166.25191969236954,25.34501966733994,39.81733220209801,0.3377580050083808,True,8.249999999999952,0.04499999999999904,1.0,-1.2751261618698833,2.220766668754027,-8.075126352604746,9.9091843119081,-8.259933591693738,0.18480723908899144
102011084,candels-cdfs-02,53.069602737492126,-27.826356346405312,0.3377580050083808,4.392742894042345e-05,O3_2,25.2983497248665,a,3,"O2,Hb,O3_1",9068,0.33,18450,0.31,6.800000190734863,1,2376.2338256835938,340.50086975097656,6698.280140538849,364.7500991821289,155.9233283996582,6633.986112790341,1151.9328308105469,352.57080078125,4988.357691158487,nan,nan,nan,581.1164855957031,185.88571548461914,6504.555063615495,1,189.10766602,62.23338699,5.3e-05,0.03119,,,0.1887,0.04369,0.05536,0.1137,0.3098,0.04801,95423.38164104708,15972.294898803011,30370.98455904823,0.3377580050083808,True,7.649999999999965,0.024999999999999467,1.0,-1.2751261618698833,4.979654803147487,-8.075126352604746,9.9091843119081,-8.259933591693738,0.18480723908899144
107025121,candels-cdfs-07,53.08008564292253,-27.82617685596883,0.730466219327615,1.094741922839801e-05,O2,36.79009302432172,a,3,"Ne3,Hg,Hb,O3_1,O3_2",9116,0.09,18504,0.09,8.720000267028809,1,9726.607055664062,828.3939361572266,8664.556703870629,3054.8870849609375,267.68455505371094,8581.905590049868,4848.020324707031,353.5676956176758,6450.477052474672,nan,nan,nan,2255.4470825195312,415.46661376953125,8412.487367871181,1,150.1739502,2.36791158,0.7544,0.04634,0.8415,0.05116,0.907,0.07641,0.9652,0.1234,1.164,0.09937,157.45496033631622,48.59359157714646,34.59261229242979,0.730466219327615,True,8.219999999999953,0.03999999999999915,1.0,0.11416262951559704,2.1971563468573345,-8.605837637513211,7.126628476202018,-8.737020167945301,0.13118253043209016
107025121,candels-cdfs-07,53.08008564292253,-27.82617685596883,0.730466219327615,1.094741922839801e-05,O2,36.79009302432172,a,3,"Ne3,Hg,Hb,O3_1,O3_2",9116,0.09,18504,0.09,8.720000267028809,1,9726.607055664062,828.3939361572266,8664.556703870629,3054.8870849609375,267.68455505371094,8581.905590049868,4848.020324707031,353.5676956176758,6450.477052474672,nan,nan,nan,2255.4470825195312,415.46661376953125,8412.487367871181,1,34.2399826,-5.21387577,0.2166,0.0263,0.404,0.02675,0.5661,0.08302,0.7563,0.1484,0.75,0.1001,313.9739780512724,97.45788368342814,70.21394389692473,0.730466219327615,True,8.209999999999953,0.034999999999999254,1.0,0.11416262951559704,2.4968936555348544,-8.605837637513211,7.126628476202018,-8.737020167945301,0.13118253043209016
107025121,candels-cdfs-07,53.08008564292253,-27.82617685596883,0.730466219327615,1.094741922839801e-05,O2,36.79009302432172,a,3,"Ne3,Hg,Hb,O3_1,O3_2",9116,0.09,18504,0.09,8.720000267028809,1,9726.607055664062,828.3939361572266,8664.556703870629,3054.8870849609375,267.68455505371094,8581.905590049868,4848.020324707031,353.5676956176758,6450.477052474672,nan,nan,nan,2255.4470825195312,415.46661376953125,8412.487367871181,1,215.1315918,53.02216721,0.2175,0.03025,0.4131,0.04529,0.6182,0.04761,,,0.6778,0.04536,303.70888496735955,94.40766135125426,68.22079058659966,0.730466219327615,True,8.209999999999953,0.034999999999999254,1.0,0.11416262951559704,2.482457497337603,-8.605837637513211,7.126628476202018,-8.737020167945301,0.13118253043209016
121022061,candels-cdfs-21,53.219756168211624,-27.826160119272412,0.8329157167465804,1.0832327021998272e-05,O3_2,102.37164561876766,a,3,"O2,Ne3,Hg,Hb,O3_1",9114,0.01,18521,0.03,8.420000076293945,1,9982.985229492188,349.7441864013672,9177.286868535613,2747.6153564453125,367.8848648071289,9089.19704729588,718.7196350097656,275.09069442749023,6835.890171146564,nan,nan,nan,1125.9505462646484,483.56483459472656,8910.766506040636,1,214.80566406,52.79136658,0.3566,0.044,0.5338,0.0679,0.365,0.07289,0.4368,0.1255,0.5298,0.09289,324.0827850272782,86.76207403166205,33.58782450894054,0.8329157167465804,True,7.559999999999967,0.05499999999999883,1.0,-0.047963570467150586,2.510655962330499,-8.467963646761095,6.595226585355753,-8.575552104966551,0.1075884582054556
121022061,candels-cdfs-21,53.219756168211624,-27.826160119272412,0.8329157167465804,1.0832327021998272e-05,O3_2,102.37164561876766,a,3,"O2,Ne3,Hg,Hb,O3_1",9114,0.01,18521,0.03,8.420000076293945,1,9982.985229492188,349.7441864013672,9177.286868535613,2747.6153564453125,367.8848648071289,9089.19704729588,718.7196350097656,275.09069442749023,6835.890171146564,nan,nan,nan,1125.9505462646484,483.56483459472656,8910.766506040636,1,34.42008972,-5.21373701,0.139,0.03798,0.2354,0.04219,0.2669,0.09436,0.2187,0.1619,0.3438,0.07517,632.0855718795591,171.11886217200546,67.7821672832884,0.8329157167465804,True,7.919999999999959,0.05999999999999872,1.0,-0.047963570467150586,2.800775877142181,-8.467963646761095,6.595226585355753,-8.575552104966551,0.1075884582054556
121022061,candels-cdfs-21,53.219756168211624,-27.826160119272412,0.8329157167465804,1.0832327021998272e-05,O3_2,102.37164561876766,a,3,"O2,Ne3,Hg,Hb,O3_1",9114,0.01,18521,0.03,8.420000076293945,1,9982.985229492188,349.7441864013672,9177.286868535613,2747.6153564453125,367.8848648071289,9089.19704729588,718.7196350097656,275.09069442749023,6835.890171146564,nan,nan,nan,1125.9505462646484,483.56483459472656,8910.766506040636,1,189.05163574,62.2337265,0.04956,0.02198,,,0.1334,0.04422,0.1482,0.07028,0.1544,0.0506,1740.912369350468,476.0597098286287,192.50701077769114,0.8329157167465804,True,7.929999999999959,0.04499999999999904,1.0,-0.047963570467150586,3.24077691099938,-8.467963646761095,6.595226585355753,-8.575552104966551,0.1075884582054556
121022061,candels-cdfs-21,53.219756168211624,-27.826160119272412,0.8329157167465804,1.0832327021998272e-05,O3_2,102.37164561876766,a,3,"O2,Ne3,Hg,Hb,O3_1",9114,0.01,18521,0.03,8.420000076293945,1,9982.985229492188,349.7441864013672,9177.286868535613,2747.6153564453125,367.8848648071289,9089.19704729588,718.7196350097656,275.09069442749023,6835.890171146564,nan,nan,nan,1125.9505462646484,483.56483459472656,8910.766506040636,1,150.12547302,2.36758971,0.1202,0.02902,0.2167,0.03241,0.1629,0.06267,0.1649,0.07273,0.2458,0.04443,776.0677482141317,208.1991361593591,80.94534069724162,0.8329157167465804,True,7.929999999999959,0.049999999999998934,1.0,-0.047963570467150586,2.8898996354221915,-8.467963646761095,6.595226585355753,-8.575552104966551,0.1075884582054556
102003017,candels-cdfs-02,53.07886582429106,-27.824800091756543,0.3303412943726583,1.4975208718393885e-05,O3_2,47.44535288138901,a,3,"O2,Hg,Hb,O3_1,Ha,S2_1",9347,0.18,18645,0.18,8.300000190734863,1,4521.68212890625,289.1053771972656,6661.6574080918335,1314.4316101074219,231.92184448242188,6597.911705341584,6804.4879150390625,555.8395004272461,4960.196665809801,6443.502197265625,423.4335708618164,8731.63147395405,2144.4088745117188,366.46678924560547,6467.4315945975595,1,150.07058716,2.3688364,0.1155,0.04955,0.2529,0.05206,0.4547,0.06507,0.445,0.1201,0.4972,0.07793,236.53293092075035,69.1199757826489,113.99796665170817,0.3303412943726583,True,8.259999999999952,0.05999999999999872,1.0,-0.7304742600439684,2.3738916132410726,-9.030474450778831,9.976427065359237,-8.893506063506749,-0.13696838727208238
102003017,candels-cdfs-02,53.07886582429106,-27.824800091756543,0.3303412943726583,1.4975208718393885e-05,O3_2,47.44535288138901,a,3,"O2,Hg,Hb,O3_1,Ha,S2_1",9347,0.18,18645,0.18,8.300000190734863,1,4521.68212890625,289.1053771972656,6661.6574080918335,1314.4316101074219,231.92184448242188,6597.911705341584,6804.4879150390625,555.8395004272461,4960.196665809801,6443.502197265625,423.4335708618164,8731.63147395405,2144.4088745117188,366.46678924560547,6467.4315945975595,1,34.32999802,-5.21332407,0.2496,0.0381,0.2952,0.03845,0.4005,0.09542,0.2462,0.1848,0.2743,0.07053,138.53474913378614,39.711788759301406,62.930966112161535,0.3303412943726583,True,8.33999999999995,0.03999999999999915,1.0,-0.7304742600439684,2.1415587226003825,-9.030474450778831,9.976427065359237,-8.893506063506749,-0.13696838727208238
125017033,candels-cdfs-25,53.186304190824224,-27.823005729714726,0.522111177444458,3.933409971068613e-05,O2,29.134302139282227,a,3,"O3_2,O3_1,Hb,Hg",9726,0.10999999940395355,18648,0.12999999523162842,9.510000228881836,1,2129.013671875,650.4572296142578,7621.406610621433,669.9763488769531,262.5444984436035,7549.9272156022325,8028.319091796875,556.2569427490234,5673.714381675965,nan,nan,nan,2757.6199340820312,385.97469329833984,7399.514412535789,1,189.33303833,62.23436737,0.113,0.01869,,,0.2968,0.0244,,,0.185,0.05027,144.95676490940568,45.31471758902695,183.8921854915473,0.522111177444458,True,7.559999999999967,0.019999999999999574,1.0,-0.1518743608332082,2.161238488019883,-9.661874589715044,8.431352920455042,-9.188887588657124,-0.4729870010579198
123035157,candels-cdfs-23,53.15020178839028,-27.824500251766214,0.6050458433444426,4.7665686946863846e-05,O3_2,29.16962946559975,a,3,"O2,Hb,O3_1",9322,0.15,18795,0.13,8.069999694824219,1,2365.928955078125,226.73944473266602,8036.554993617241,993.4136962890625,256.87084197998047,7957.32226638244,1498.3537292480469,236.7317008972168,5984.002345186279,nan,nan,nan,814.4017028808594,165.56488037109375,7802.024599830753,1,189.21789551,62.23503494,0.1724,0.01967,,,0.2589,0.02368,0.2706,0.09737,0.3184,0.06706,137.83901462105177,57.04858705641062,45.447430524433194,0.6050458433444426,True,8.249999999999952,0.04499999999999904,1.0,-0.5272347747795264,2.139372159781169,-8.597234469603745,7.871759368226376,-8.586958908849205,-0.010275560754539725
113009037,candels-cdfs-13,53.11293265180296,-27.822714903943144,0.5606275882097476,4.615710839797581e-05,O3_2,43.89396742754632,a,3,"O2,Hg,Hb,O3_1",9602,0.2,19029,0.19,8.729999542236328,1,11925.263671875,1572.142333984375,7814.831029115928,5669.168701171875,714.2495727539062,7740.376104261937,19843.86962890625,1070.3081512451172,5817.899815334462,nan,nan,nan,3220.3509521484375,413.3151626586914,7587.817002797332,1,215.18878174,53.06443024,0.004064,0.0288,0.09269,0.04118,0.408,0.04506,,,0.4075,0.0629,1967.8986811490176,1011.4527336839955,675.7775189554172,0.5606275882097476,True,8.099999999999955,0.024999999999999467,1.0,-0.010162594621988217,3.2940027346691947,-8.740162136858316,8.164259009144727,-8.861854848477732,0.1216927116194153
113009037,candels-cdfs-13,53.11293265180296,-27.822714903943144,0.5606275882097476,4.615710839797581e-05,O3_2,43.89396742754632,a,3,"O2,Hg,Hb,O3_1",9602,0.2,19029,0.19,8.729999542236328,1,11925.263671875,1572.142333984375,7814.831029115928,5669.168701171875,714.2495727539062,7740.376104261937,19843.86962890625,1070.3081512451172,5817.899815334462,nan,nan,nan,3220.3509521484375,413.3151626586914,7587.817002797332,1,150.08609009,2.3725543,0.4032,0.044,0.5854,0.04812,0.9779,0.07158,0.9942,0.1327,1.049,0.08241,237.16910044074802,111.8997685229084,62.57370888418229,0.5606275882097476,True,8.599999999999945,0.03999999999999915,1.0,-0.010162594621988217,2.3750581063523506,-8.740162136858316,8.164259009144727,-8.861854848477732,0.1216927116194153
113009037,candels-cdfs-13,53.11293265180296,-27.822714903943144,0.5606275882097476,4.615710839797581e-05,O3_2,43.89396742754632,a,3,"O2,Hg,Hb,O3_1",9602,0.2,19029,0.19,8.729999542236328,1,11925.263671875,1572.142333984375,7814.831029115928,5669.168701171875,714.2495727539062,7740.376104261937,19843.86962890625,1070.3081512451172,5817.899815334462,nan,nan,nan,3220.3509521484375,413.3151626586914,7587.817002797332,1,34.34466934,-5.21234083,0.1862,0.03198,0.3708,0.03213,0.4273,0.1018,0.35,0.1773,0.366,0.092,386.38427275784994,184.10058410472647,105.071716562742,0.5606275882097476,True,8.089999999999955,0.024999999999999467,1.0,-0.010162594621988217,2.5870194407416767,-8.740162136858316,8.164259009144727,-8.861854848477732,0.1216927116194153
113009037,candels-cdfs-13,53.11293265180296,-27.822714903943144,0.5606275882097476,4.615710839797581e-05,O3_2,43.89396742754632,a,3,"O2,Hg,Hb,O3_1",9602,0.2,19029,0.19,8.729999542236328,1,11925.263671875,1572.142333984375,7814.831029115928,5669.168701171875,714.2495727539062,7740.376104261937,19843.86962890625,1070.3081512451172,5817.899815334462,nan,nan,nan,3220.3509521484375,413.3151626586914,7587.817002797332,1,189.09735107,62.23601151,0.03821,0.01754,,,0.06393,0.02475,0.1726,0.07134,0.171,0.04084,2891.2266711426814,1357.348957838692,751.2061560576366,0.5606275882097476,True,8.099999999999955,0.024999999999999467,1.0,-0.010162594621988217,3.4610821415383377,-8.740162136858316,8.164259009144727,-8.861854848477732,0.1216927116194153
102030136,candels-cdfs-02,53.05961847881997,-27.822399521176465,0.6654207000911212,4.344416984603695e-06,O2,51.16645691356101,a,3,"Hg,Hb,O3_1,O3_2",9659,0.14,19045,0.15,9.0600004196167,1,10007.652587890625,890.1223754882812,8337.449398696052,2296.4697265625,279.11291122436523,8258.76020046065,10247.94189453125,441.1859130859375,6209.20919161125,nan,nan,nan,3053.2574462890625,516.4614105224609,8096.148797117865,1,189.38983154,62.2360878,0.1053,0.02332,,,0.2621,0.02773,0.3062,0.08998,0.1914,0.0623,798.5628176918804,181.9046726810433,238.14921394759614,0.6654207000911212,True,7.839999999999961,0.024999999999999467,1.0,0.1469445121081113,2.902309084912696,-8.913055907508587,7.4989579502735335,-8.901169309188905,-0.011886598319682307
102030136,candels-cdfs-02,53.05961847881997,-27.822399521176465,0.6654207000911212,4.344416984603695e-06,O2,51.16645691356101,a,3,"Hg,Hb,O3_1,O3_2",9659,0.14,19045,0.15,9.0600004196167,1,10007.652587890625,890.1223754882812,8337.449398696052,2296.4697265625,279.11291122436523,8258.76020046065,10247.94189453125,441.1859130859375,6209.20919161125,nan,nan,nan,3053.2574462890625,516.4614105224609,8096.148797117865,1,214.88870239,52.85262299,0.1314,0.03586,0.1018,0.05119,0.2795,0.07162,0.3836,0.08131,0.3003,0.09542,1159.7450873023272,266.9146987831286,357.0774615823594,0.6654207000911212,True,7.789999999999962,0.024999999999999467,1.0,0.1469445121081113,3.0643625415167213,-8.913055907508587,7.4989579502735335,-8.901169309188905,-0.011886598319682307
102030136,candels-cdfs-02,53.05961847881997,-27.822399521176465,0.6654207000911212,4.344416984603695e-06,O2,51.16645691356101,a,3,"Hg,Hb,O3_1,O3_2",9659,0.14,19045,0.15,9.0600004196167,1,10007.652587890625,890.1223754882812,8337.449398696052,2296.4697265625,279.11291122436523,8258.76020046065,10247.94189453125,441.1859130859375,6209.20919161125,nan,nan,nan,3053.2574462890625,516.4614105224609,8096.148797117865,1,34.33550262,-5.21212387,0.05129,0.02816,0.1043,0.02797,0.1365,0.09392,0.05225,0.1465,0.1879,0.05205,1200.120469747812,271.8029329979425,351.5647659475572,0.6654207000911212,True,7.829999999999961,0.024999999999999467,1.0,0.1469445121081113,3.0792248433148575,-8.913055907508587,7.4989579502735335,-8.901169309188905,-0.011886598319682307
102030136,candels-cdfs-02,53.05961847881997,-27.822399521176465,0.6654207000911212,4.344416984603695e-06,O2,51.16645691356101,a,3,"Hg,Hb,O3_1,O3_2",9659,0.14,19045,0.15,9.0600004196167,1,10007.652587890625,890.1223754882812,8337.449398696052,2296.4697265625,279.11291122436523,8258.76020046065,10247.94189453125,441.1859130859375,6209.20919161125,nan,nan,nan,3053.2574462890625,516.4614105224609,8096.148797117865,1,150.1902771,2.37246871,0.4084,0.02677,0.692,0.03111,0.6553,0.05614,0.4968,0.0914,0.7433,0.054,185.48694443298712,41.71484102683534,53.16692124444941,0.6654207000911212,True,8.35999999999995,0.034999999999999254,1.0,0.1469445121081113,2.2683133470494568,-8.913055907508587,7.4989579502735335,-8.901169309188905,-0.011886598319682307
102009072,candels-cdfs-02,53.06249329680857,-27.82241739006864,0.3376978749810248,1.262086974789866e-05,O2,26.355439271328283,a,3,"Hb,O3_1,O3_2,Ha",9640,0.35,19105,0.33,8.949999809265137,1,2428.3929443359375,258.1272888183594,6698.231813712042,492.31773376464844,174.1661262512207,6633.520411101381,5736.2335205078125,463.9999771118164,4987.982161318223,2737.9949951171875,646.4755249023438,8781.919932625695,1494.2497253417969,307.59918212890625,6504.183655067503,1,215.20143127,53.0737114,0.2158,0.0305,0.2413,0.04452,0.1115,0.04666,,,0.1794,0.03299,88.70964842861059,17.700963113216655,52.021008776581795,0.3376978749810248,True,8.439999999999948,0.03999999999999915,1.0,-0.8651458895212438,1.9479708580664656,-9.815145698786381,9.909726809018668,-9.157923399805622,-0.6572222989807592
102009072,candels-cdfs-02,53.06249329680857,-27.82241739006864,0.3376978749810248,1.262086974789866e-05,O2,26.355439271328283,a,3,"Hb,O3_1,O3_2,Ha",9640,0.35,19105,0.33,8.949999809265137,1,2428.3929443359375,258.1272888183594,6698.231813712042,492.31773376464844,174.1661262512207,6633.520411101381,5736.2335205078125,463.9999771118164,4987.982161318223,2737.9949951171875,646.4755249023438,8781.919932625695,1494.2497253417969,307.59918212890625,6504.183655067503,1,189.34298706,62.23620605,0.1385,0.02144,,,0.4421,0.03054,0.3926,0.08061,0.4897,0.08704,119.25882072760973,24.07427489226488,72.43536600878205,0.3376978749810248,True,8.429999999999948,0.034999999999999254,1.0,-0.8651458895212438,2.0764905105771874,-9.815145698786381,9.909726809018668,-9.157923399805622,-0.6572222989807592
124022051,candels-cdfs-24,53.158376175101644,-27.82279970233733,0.6681976251484777,4.864119415458173e-05,O3_2,14.144139814046477,a,3,"O2,Hb,O3_1",9490,0.1,19149,0.09,8.0,1,1989.4929504394531,391.7515182495117,8353.241467783246,1464.4621276855469,407.8072738647461,8272.013845714515,729.0462493896484,197.6165008544922,6219.299642461888,nan,nan,nan,178.22307586669922,162.55556106567383,8109.621132950735,1,34.31158066,-5.211761,0.1474,0.02345,0.1167,0.02381,0.182,0.07216,,,0.295,0.07176,210.6795470075765,153.59775402275454,18.331714220863166,0.6681976251484777,True,8.449999999999948,0.0749999999999984,1.0,-1.0824544746479094,2.3236223758885886,-9.082454474647909,7.482460962355013,-8.523281174310792,-0.5591733003371164
124022051,candels-cdfs-24,53.158376175101644,-27.82279970233733,0.6681976251484777,4.864119415458173e-05,O3_2,14.144139814046477,a,3,"O2,Hb,O3_1",9490,0.1,19149,0.09,8.0,1,1989.4929504394531,391.7515182495117,8353.241467783246,1464.4621276855469,407.8072738647461,8272.013845714515,729.0462493896484,197.6165008544922,6219.299642461888,nan,nan,nan,178.22307586669922,162.55556106567383,8109.621132950735,1,215.02781677,52.95160294,0.2197,0.03178,0.1534,0.04835,0.498,0.05255,0.4892,0.09323,0.5994,0.04645,150.86547628226987,111.80958491331825,13.796132718202571,0.6681976251484777,True,8.459999999999948,0.10999999999999766,1.0,-1.0824544746479094,2.178589868168505,-9.082454474647909,7.482460962355013,-8.523281174310792,-0.5591733003371164
124016036,candels-cdfs-24,53.15585148388462,-27.82221432082376,0.6652350156217101,1.0544527480756818e-05,O3_2,27.950735813253026,a,3,"O2,Hg,Hb,O3_1",9615,0.12,19210,0.1,8.470000267028809,1,2936.402587890625,541.4678573608398,8336.265457130792,1232.8977966308594,201.13311767578125,8257.643626995707,3049.1055297851562,231.2093162536621,6208.469807797081,nan,nan,nan,742.2672271728516,250.7925033569336,8095.8007481323675,1,34.43597794,-5.21155405,0.02413,0.02691,0.056,0.02799,0.09334,0.07449,0.1066,0.137,0.138,0.04355,643.3946037415168,268.02251002002845,158.73243715788917,0.6652350156217101,True,8.34999999999995,0.04499999999999904,1.0,-0.46755349840373467,2.8084774140805453,-8.937553765432543,7.500063030288966,-8.691857041994115,-0.24569672343842797
124016036,candels-cdfs-24,53.15585148388462,-27.82221432082376,0.6652350156217101,1.0544527480756818e-05,O3_2,27.950735813253026,a,3,"O2,Hg,Hb,O3_1",9615,0.12,19210,0.1,8.470000267028809,1,2936.402587890625,541.4678573608398,8336.265457130792,1232.8977966308594,201.13311767578125,8257.643626995707,3049.1055297851562,231.2093162536621,6208.469807797081,nan,nan,nan,742.2672271728516,250.7925033569336,8095.8007481323675,1,214.91500854,52.87207031,0.2706,0.03769,0.1743,0.05666,0.1704,0.05882,0.3847,0.1059,0.4534,0.06406,215.49628611090984,88.73729277036075,51.29784392519587,0.6652350156217101,True,8.32999999999995,0.03999999999999915,1.0,-0.46755349840373467,2.333439789877554,-8.937553765432543,7.500063030288966,-8.691857041994115,-0.24569672343842797
113004019,candels-cdfs-13,53.10960561164433,-27.820815914667474,0.33861558153779553,1.4818599558721829e-05,Ha,61.79103801933719,a,3,"O2,Hb,O3_1,O3_2,N2_2,S2_1,S2_2",9906,0.14,19237,0.15,9.09000015258789,1,9386.683349609375,380.87440490722656,6703.02466784514,2937.1926879882812,303.68621826171875,6639.213964439388,17371.97021484375,701.4870452880859,4990.649627007862,18165.555419921875,1165.344467163086,8786.069028993621,4391.587829589844,367.81620025634766,6508.554201488887,1,34.28190613,-5.21147823,0.09555,0.02121,0.1428,0.02139,0.1248,0.06801,0.2122,0.1187,0.2097,0.04726,689.7401960950175,214.39764361036666,316.1641210136167,0.33861558153779553,True,7.839999999999961,0.024999999999999467,1.0,-0.3942078667324449,2.8386855361724703,-9.484208019320336,9.901451919537527,-9.215349499210317,-0.2688585201100189
113004019,candels-cdfs-13,53.10960561164433,-27.820815914667474,0.33861558153779553,1.4818599558721829e-05,Ha,61.79103801933719,a,3,"O2,Hb,O3_1,O3_2,N2_2,S2_1,S2_2",9906,0.14,19237,0.15,9.09000015258789,1,9386.683349609375,380.87440490722656,6703.02466784514,2937.1926879882812,303.68621826171875,6639.213964439388,17371.97021484375,701.4870452880859,4990.649627007862,18165.555419921875,1165.344467163086,8786.069028993621,4391.587829589844,367.81620025634766,6508.554201488887,1,215.14324951,53.03338623,0.1585,0.04535,0.2004,0.06744,0.4036,0.07237,,,0.3894,0.06485,444.8619295825529,137.5622626285281,200.6757401806158,0.33861558153779553,True,7.849999999999961,0.019999999999999574,1.0,-0.3942078667324449,2.6482252412623963,-9.484208019320336,9.901451919537527,-9.215349499210317,-0.2688585201100189
113004019,candels-cdfs-13,53.10960561164433,-27.820815914667474,0.33861558153779553,1.4818599558721829e-05,Ha,61.79103801933719,a,3,"O2,Hb,O3_1,O3_2,N2_2,S2_1,S2_2",9906,0.14,19237,0.15,9.09000015258789,1,9386.683349609375,380.87440490722656,6703.02466784514,2937.1926879882812,303.68621826171875,6639.213964439388,17371.97021484375,701.4870452880859,4990.649627007862,18165.555419921875,1165.344467163086,8786.069028993621,4391.587829589844,367.81620025634766,6508.554201488887,1,150.16294861,2.37416458,0.009927,0.04126,0.08988,0.0462,0.1652,0.06874,0.2373,0.08187,0.2743,0.05572,3214.3256862194944,1056.608493226316,1750.1676674583116,0.33861558153779553,True,7.8999999999999595,0.019999999999999574,1.0,-0.3942078667324449,3.5070898788249427,-9.484208019320336,9.901451919537527,-9.215349499210317,-0.2688585201100189
124020041,candels-cdfs-24,53.161055389669514,-27.821946980071722,0.6687388079413651,1.5951190647027957e-05,O2,29.01130562261789,a,3,"Hb,O3_1,O3_2",9681,0.19,19257,0.19,8.550000190734863,1,3243.9419555664062,429.6315002441406,8355.791701917326,1956.7953491210938,394.68273162841797,8274.462996057122,3951.3818359375,288.8218879699707,6221.207316218662,nan,nan,nan,815.0210571289062,180.50432205200195,8112.488483880987,1,214.9773407,52.91646576,0.1,0.03601,0.1361,0.05341,0.2299,0.05747,0.2021,0.1032,0.1969,0.05985,292.6661915957735,175.16382363207813,71.81162033427293,0.6687388079413651,True,8.449999999999948,0.034999999999999254,1.0,-0.4213940127998738,2.466372556217756,-8.971394203534738,7.4792523784239195,-8.717920109704993,-0.2534740938297446
125032093,candels-cdfs-25,53.17263124144269,-27.82142657441643,0.7199342846870422,6.925329216755927e-05,O2,22.837987899780273,a,3,"Hb,O3_1,O3_2",9722,0.029999999329447746,19383,0.05000000074505806,9.020000457763672,1,2630.72509765625,551.8744659423828,8612.55009245533,805.4050445556641,200.70100784301758,8530.464637700588,3040.8193969726562,326.25389099121094,6412.290691698054,nan,nan,nan,312.958984375,327.55298614501953,8360.26215452562,1,150.11306763,2.3757031,0.04932,0.03435,0.1178,0.03833,0.133,0.05624,0.2766,0.09205,0.2091,0.04064,298.70996721736475,89.95536673507694,33.76204294178672,0.7199342846870422,True,8.409999999999949,0.03999999999999915,1.0,-0.75898620714224,2.475249714185251,-9.778986664905911,7.184968873320978,-8.847872482862577,-0.9311141820433342
102022112,candels-cdfs-02,53.060832783576096,-27.820319302437703,0.46883263627443095,2.0773965196252783e-05,O3_2,109.81925784897653,a,3,"O2,Ne3,Hg,Hb,O3_1",9892,0.31,19467,0.3,8.5,1,12671.60888671875,431.9525146484375,7354.926969240296,3418.71826171875,348.27667236328125,7284.938816013559,10196.13525390625,518.8325500488281,5476.076713367265,nan,nan,nan,3762.0944213867188,348.3799362182617,7140.400801162805,1,150.11726379,2.37651992,0.1254,0.03426,0.144,0.03747,0.2461,0.0566,0.1522,0.09076,0.3069,0.07252,911.1849382113459,242.21599335997143,258.39328814606654,0.46883263627443095,True,7.779999999999962,0.019999999999999574,1.0,-0.12875197735877777,2.9596065322894782,-8.628751977358778,8.822926069612205,-8.849344793726956,0.2205928163681783
102022112,candels-cdfs-02,53.060832783576096,-27.820319302437703,0.46883263627443095,2.0773965196252783e-05,O3_2,109.81925784897653,a,3,"O2,Ne3,Hg,Hb,O3_1",9892,0.31,19467,0.3,8.5,1,12671.60888671875,431.9525146484375,7354.926969240296,3418.71826171875,348.27667236328125,7284.938816013559,10196.13525390625,518.8325500488281,5476.076713367265,nan,nan,nan,3762.0944213867188,348.3799362182617,7140.400801162805,1,34.46564102,-5.21107388,0.1954,0.05432,0.3369,0.06534,0.7413,0.1209,0.9347,0.2292,0.9875,0.1333,439.2300781227101,118.23826458904355,129.50920238543503,0.46883263627443095,True,8.279999999999951,0.02999999999999936,1.0,-0.12875197735877777,2.6426920725974203,-8.628751977358778,8.822926069612205,-8.849344793726956,0.2205928163681783
102022112,candels-cdfs-02,53.060832783576096,-27.820319302437703,0.46883263627443095,2.0773965196252783e-05,O3_2,109.81925784897653,a,3,"O2,Ne3,Hg,Hb,O3_1",9892,0.31,19467,0.3,8.5,1,12671.60888671875,431.9525146484375,7354.926969240296,3418.71826171875,348.27667236328125,7284.938816013559,10196.13525390625,518.8325500488281,5476.076713367265,nan,nan,nan,3762.0944213867188,348.3799362182617,7140.400801162805,1,214.89450073,52.85843658,0.3542,0.03571,0.4876,0.05151,0.4984,0.05708,0.5384,0.07846,0.5678,0.09626,283.9324739467371,75.90126603920854,81.92881132829385,0.46883263627443095,True,8.279999999999951,0.02999999999999936,1.0,-0.12875197735877777,2.4532150665284407,-8.628751977358778,8.822926069612205,-8.849344793726956,0.2205928163681783
102022112,candels-cdfs-02,53.060832783576096,-27.820319302437703,0.46883263627443095,2.0773965196252783e-05,O3_2,109.81925784897653,a,3,"O2,Ne3,Hg,Hb,O3_1",9892,0.31,19467,0.3,8.5,1,12671.60888671875,431.9525146484375,7354.926969240296,3418.71826171875,348.27667236328125,7284.938816013559,10196.13525390625,518.8325500488281,5476.076713367265,nan,nan,nan,3762.0944213867188,348.3799362182617,7140.400801162805,1,189.17842102,62.23806,0.3256,0.01883,,,1.045,0.02576,0.9813,0.07451,1.151,0.05068,275.44476635747486,74.00479563278246,80.73103492133475,0.46883263627443095,True,8.299999999999951,0.02999999999999936,1.0,-0.12875197735877777,2.4400345248899082,-8.628751977358778,8.822926069612205,-8.849344793726956,0.2205928163681783
121016038,candels-cdfs-21,53.211663063625956,-27.81881794562526,0.6806272824283444,7.621976191102502e-06,O2,47.046349788327575,a,3,"Ne3,Hb,O3_1,O3_2",10057,0.2,19712,0.18,9.100000381469727,1,6434.59228515625,446.7258071899414,8415.77427012531,2174.1017150878906,248.1974983215332,8333.005654691226,6853.773193359375,359.8155975341797,6265.8896818236535,nan,nan,nan,1903.7835693359375,215.6052017211914,8170.175777587829,1,150.10682678,2.37972808,0.464,0.0737,0.7084,0.08279,1.682,0.1517,2.154,0.2455,3.019,0.2315,108.42643170560791,36.62751772125585,32.06066229153348,0.6806272824283444,True,8.399999999999949,0.03999999999999915,1.0,-0.03431506537519511,2.035135165455248,-9.134315446844921,7.409293630322641,-8.904016708120954,-0.23029873872396678
121016038,candels-cdfs-21,53.211663063625956,-27.81881794562526,0.6806272824283444,7.621976191102502e-06,O2,47.046349788327575,a,3,"Ne3,Hb,O3_1,O3_2",10057,0.2,19712,0.18,9.100000381469727,1,6434.59228515625,446.7258071899414,8415.77427012531,2174.1017150878906,248.1974983215332,8333.005654691226,6853.773193359375,359.8155975341797,6265.8896818236535,nan,nan,nan,1903.7835693359375,215.6052017211914,8170.175777587829,1,189.34635925,62.23926926,0.08588,0.03363,,,0.2309,0.04878,0.1507,0.1264,0.3912,0.06392,611.2655989861546,205.16508970129473,177.2883974416938,0.6806272824283444,True,7.85999999999996,0.024999999999999467,1.0,-0.03431506537519511,2.78622995510455,-9.134315446844921,7.409293630322641,-8.904016708120954,-0.23029873872396678
121016038,candels-cdfs-21,53.211663063625956,-27.81881794562526,0.6806272824283444,7.621976191102502e-06,O2,47.046349788327575,a,3,"Ne3,Hb,O3_1,O3_2",10057,0.2,19712,0.18,9.100000381469727,1,6434.59228515625,446.7258071899414,8415.77427012531,2174.1017150878906,248.1974983215332,8333.005654691226,6853.773193359375,359.8155975341797,6265.8896818236535,nan,nan,nan,1903.7835693359375,215.6052017211914,8170.175777587829,1,34.47093964,-5.20979118,0.1252,0.03164,0.08169,0.03519,0.2809,0.08225,0.1612,0.1442,0.2043,0.06456,906.1939165608987,308.69556441767605,274.7621672199828,0.6806272824283444,True,7.849999999999961,0.019999999999999574,1.0,-0.03431506537519511,2.9572211423577324,-9.134315446844921,7.409293630322641,-8.904016708120954,-0.23029873872396678
121016038,candels-cdfs-21,53.211663063625956,-27.81881794562526,0.6806272824283444,7.621976191102502e-06,O2,47.046349788327575,a,3,"Ne3,Hb,O3_1,O3_2",10057,0.2,19712,0.18,9.100000381469727,1,6434.59228515625,446.7258071899414,8415.77427012531,2174.1017150878906,248.1974983215332,8333.005654691226,6853.773193359375,359.8155975341797,6265.8896818236535,nan,nan,nan,1903.7835693359375,215.6052017211914,8170.175777587829,1,215.07072449,52.98427963,0.1255,0.03128,0.22,0.04556,0.254,0.05188,,,0.2309,0.04652,375.16828667668693,124.68438501516675,105.6399786369853,0.6806272824283444,True,8.36999999999995,0.02999999999999936,1.0,-0.03431506537519511,2.5742261199431136,-9.134315446844921,7.409293630322641,-8.904016708120954,-0.23029873872396678
107029135,candels-cdfs-07,53.089342898205054,-27.817145028560287,0.7358573427811221,5.206893171136013e-06,O2,74.96725540155136,a,3,"Ne3,Hg,Hb,O3_1,O3_2",10372,0.25,19892,0.25,9.680000305175781,1,9185.091552734375,438.71070861816406,8692.25992324543,2242.3880004882812,332.509765625,8608.580235752337,24236.72607421875,871.9636535644531,6472.048188925459,nan,nan,nan,5039.8419189453125,536.3726425170898,8439.987287946215,1,150.09277344,2.38100934,0.1365,0.03082,0.1709,0.03488,0.1771,0.05015,0.2617,0.09751,0.2991,0.04542,741.6265710761345,177.72771429475438,384.58037166396406,0.7358573427811221,True,7.909999999999959,0.024999999999999467,1.0,0.47114951878501904,2.8701852813643516,-9.208850786390762,7.097045783121352,-9.064309551692768,-0.14454123469799462
107029135,candels-cdfs-07,53.089342898205054,-27.817145028560287,0.7358573427811221,5.206893171136013e-06,O2,74.96725540155136,a,3,"Ne3,Hg,Hb,O3_1,O3_2",10372,0.25,19892,0.25,9.680000305175781,1,9185.091552734375,438.71070861816406,8692.25992324543,2242.3880004882812,332.509765625,8608.580235752337,24236.72607421875,871.9636535644531,6472.048188925459,nan,nan,nan,5039.8419189453125,536.3726425170898,8439.987287946215,1,34.27189255,-5.20924711,0.5374,0.03573,0.4537,0.03581,0.7632,0.0984,1.067,0.1575,1.34,0.1101,256.7459379592811,62.19122083441446,137.55613332547028,0.7358573427811221,True,7.8999999999999595,0.019999999999999574,1.0,0.47114951878501904,2.4095035812437082,-9.208850786390762,7.097045783121352,-9.064309551692768,-0.14454123469799462
107029135,candels-cdfs-07,53.089342898205054,-27.817145028560287,0.7358573427811221,5.206893171136013e-06,O2,74.96725540155136,a,3,"Ne3,Hg,Hb,O3_1,O3_2",10372,0.25,19892,0.25,9.680000305175781,1,9185.091552734375,438.71070861816406,8692.25992324543,2242.3880004882812,332.509765625,8608.580235752337,24236.72607421875,871.9636535644531,6472.048188925459,nan,nan,nan,5039.8419189453125,536.3726425170898,8439.987287946215,1,189.38180542,62.2401886,0.03346,0.01821,,,0.1845,0.02357,0.1814,0.0797,0.1977,0.03185,1580.9782116110384,387.06045266338106,874.9654661048427,0.7358573427811221,True,7.939999999999959,0.019999999999999574,1.0,0.47114951878501904,3.1989258847062128,-9.208850786390762,7.097045783121352,-9.064309551692768,-0.14454123469799462
107029135,candels-cdfs-07,53.089342898205054,-27.817145028560287,0.7358573427811221,5.206893171136013e-06,O2,74.96725540155136,a,3,"Ne3,Hg,Hb,O3_1,O3_2",10372,0.25,19892,0.25,9.680000305175781,1,9185.091552734375,438.71070861816406,8692.25992324543,2242.3880004882812,332.509765625,8608.580235752337,24236.72607421875,871.9636535644531,6472.048188925459,nan,nan,nan,5039.8419189453125,536.3726425170898,8439.987287946215,1,214.9460144,52.89678955,0.08202,0.03093,0.1332,0.04435,0.253,0.04789,0.274,0.06288,0.3061,0.03739,856.4551519923613,208.01829845533783,462.6445947369087,0.7358573427811221,True,7.919999999999959,0.019999999999999574,1.0,0.47114951878501904,2.9327046262014793,-9.208850786390762,7.097045783121352,-9.064309551692768,-0.14454123469799462
133030075,candels-cdfs-33,53.14387904221398,-27.81796267508906,0.6880447864532471,0.0002232987026218325,O2,9.819497108459473,a,3,"Hb,O3_1,O3_2",10124,0.12999999523162842,20030,0.11999999731779099,8.600000381469727,1,3183.3255004882812,705.5068969726562,8453.242401911819,726.7375946044922,275.238094329834,8371.114630284845,2048.617706298828,406.34899139404297,6293.244195442234,nan,nan,nan,642.7142333984375,232.5165557861328,8206.52023025839,1,214.75695801,52.76275635,0.1401,0.02885,0.1742,0.0443,0.1516,0.05003,0.1859,0.08052,0.1534,0.04163,243.64351990301648,54.378303148143125,45.92828657301416,0.6880447864532471,True,8.279999999999951,0.04499999999999904,1.0,-0.4944474518144687,2.386754865100499,-9.094447833284196,7.366149423801112,-8.722794708638002,-0.37165312464619404
133030075,candels-cdfs-33,53.14387904221398,-27.81796267508906,0.6880447864532471,0.0002232987026218325,O2,9.819497108459473,a,3,"Hb,O3_1,O3_2",10124,0.12999999523162842,20030,0.11999999731779099,8.600000381469727,1,3183.3255004882812,705.5068969726562,8453.242401911819,726.7375946044922,275.238094329834,8371.114630284845,2048.617706298828,406.34899139404297,6293.244195442234,nan,nan,nan,642.7142333984375,232.5165557861328,8206.52023025839,1,34.37690353,-5.20860386,0.1119,0.03511,0.1766,0.04007,0.2879,0.1014,0.463,0.1709,0.2482,0.07412,224.25794678760485,50.758327835498534,44.110938022166394,0.6880447864532471,True,8.279999999999951,0.04499999999999904,1.0,-0.4944474518144687,2.3507478416151524,-9.094447833284196,7.366149423801112,-8.722794708638002,-0.37165312464619404
133030075,candels-cdfs-33,53.14387904221398,-27.81796267508906,0.6880447864532471,0.0002232987026218325,O2,9.819497108459473,a,3,"Hb,O3_1,O3_2",10124,0.12999999523162842,20030,0.11999999731779099,8.600000381469727,1,3183.3255004882812,705.5068969726562,8453.242401911819,726.7375946044922,275.238094329834,8371.114630284845,2048.617706298828,406.34899139404297,6293.244195442234,nan,nan,nan,642.7142333984375,232.5165557861328,8206.52023025839,1,189.28996277,62.24088669,0.1079,0.01749,,,0.09489,0.02437,0.1622,0.0775,0.1281,0.03133,411.9599242943869,92.07528309589381,77.99257500761777,0.6880447864532471,True,8.209999999999953,0.03999999999999915,1.0,-0.4944474518144687,2.614854969663362,-9.094447833284196,7.366149423801112,-8.722794708638002,-0.37165312464619404
112009047,candels-cdfs-12,53.10246014529135,-27.814569891270224,0.5775319652279224,6.657890912130059e-06,O3_2,155.75790838178432,a,3,"O2,Ne3,Hg,Hb,O3_1",10830,0.97,20237,1.0,9.960000038146973,1,28011.1328125,986.3700866699219,7898.986380240545,5537.900390625,682.247314453125,7824.541724735576,31407.13134765625,977.9118347167969,5880.455261045877,nan,nan,nan,10348.03955078125,471.64806365966797,7669.982383869708,1,189.33261108,62.24193192,0.4335,0.02221,,,0.4664,0.03026,0.4171,0.09772,0.7836,0.06709,720.1105240735628,139.82765793467294,251.55264981224653,0.5775319652279224,True,7.779999999999962,0.019999999999999574,1.0,0.5279163922776859,2.8573991579750286,-9.432083645869287,8.051037543438271,-9.302882566559273,-0.12920107931001468
112009047,candels-cdfs-12,53.10246014529135,-27.814569891270224,0.5775319652279224,6.657890912130059e-06,O3_2,155.75790838178432,a,3,"O2,Ne3,Hg,Hb,O3_1",10830,0.97,20237,1.0,9.960000038146973,1,28011.1328125,986.3700866699219,7898.986380240545,5537.900390625,682.247314453125,7824.541724735576,31407.13134765625,977.9118347167969,5880.455261045877,nan,nan,nan,10348.03955078125,471.64806365966797,7669.982383869708,1,150.07739258,2.38471341,0.7785,0.05183,1.024,0.0583,1.094,0.08437,0.95,0.1058,1.314,0.1206,319.07459344279704,62.423094333663485,114.09005931181292,0.5775319652279224,True,8.299999999999951,0.02999999999999936,1.0,0.5279163922776859,2.5038922245417456,-9.432083645869287,8.051037543438271,-9.302882566559273,-0.12920107931001468
125028079,candels-cdfs-25,53.17451369090344,-27.81492745195191,0.6681680679321289,1.0905537237704266e-05,O2,74.067626953125,a,3,"Ne3,Hb,O3_1,O3_2",10562,0.14000000059604645,20461,0.11999999731779099,9.34000015258789,1,3787.1530151367188,571.8438720703125,8352.28523550562,1557.5283813476562,357.30186462402344,8271.738786939153,12482.403564453125,474.68761444091797,6219.150108460575,nan,nan,nan,2362.4948120117188,323.08155059814453,8109.758282800543,1,214.76325989,52.76887131,0.1686,0.03348,0.1571,0.04935,0.5489,0.05635,0.5662,0.06554,0.6481,0.1019,278.7200720031854,115.59136593752442,178.35150720865224,0.6681680679321289,True,7.909999999999959,0.024999999999999467,1.0,0.0399057075397126,2.445168245521104,-9.300094445048178,7.4826362626725205,-8.998393455233233,-0.301700989814945
125028079,candels-cdfs-25,53.17451369090344,-27.81492745195191,0.6681680679321289,1.0905537237704266e-05,O2,74.067626953125,a,3,"Ne3,Hb,O3_1,O3_2",10562,0.14000000059604645,20461,0.11999999731779099,9.34000015258789,1,3787.1530151367188,571.8438720703125,8352.28523550562,1557.5283813476562,357.30186462402344,8271.738786939153,12482.403564453125,474.68761444091797,6219.150108460575,nan,nan,nan,2362.4948120117188,323.08155059814453,8109.758282800543,1,150.06370544,2.38694191,0.21,0.05407,0.2249,0.05957,0.3739,0.0631,0.7095,0.1045,0.4913,0.09293,206.9792866421304,84.43650226344971,125.97426532196148,0.6681680679321289,True,7.919999999999959,0.024999999999999467,1.0,0.0399057075397126,2.3159268858089486,-9.300094445048178,7.4826362626725205,-8.998393455233233,-0.301700989814945
125028079,candels-cdfs-25,53.17451369090344,-27.81492745195191,0.6681680679321289,1.0905537237704266e-05,O2,74.067626953125,a,3,"Ne3,Hb,O3_1,O3_2",10562,0.14000000059604645,20461,0.11999999731779099,9.34000015258789,1,3787.1530151367188,571.8438720703125,8352.28523550562,1557.5283813476562,357.30186462402344,8271.738786939153,12482.403564453125,474.68761444091797,6219.150108460575,nan,nan,nan,2362.4948120117188,323.08155059814453,8109.758282800543,1,189.10162354,62.24302292,0.02901,0.01687,,,0.09982,0.0233,0.06548,0.06475,0.1636,0.03083,945.6268322351451,387.6213832456327,584.0010812374185,0.6681680679321289,True,7.949999999999958,0.019999999999999574,1.0,0.0399057075397126,2.9757197868518275,-9.300094445048178,7.4826362626725205,-8.998393455233233,-0.301700989814945
101001006,candels-cdfs-01,53.060185040422674,-27.81346412085933,0.3105643554818122,1.8294704185470858e-05,Ha,60.88556079577469,a,3,"O2,Hg,Hb,O3_1,O3_2,S2_1",10720,0.37,20736,0.24,8.75,1,4381.138916015625,475.83065032958984,6560.876638412251,948.0891418457031,270.3329277038574,6501.099274072958,12519.326171875,649.1604614257812,4886.836172204812,11513.201904296875,603.9778900146484,8602.91363795066,3579.57763671875,292.4148750305176,6372.585400016267,1,34.22780991,-5.20613194,0.08191,0.02696,0.1482,0.02779,0.1504,0.07922,0.2025,0.1379,0.2054,0.07266,347.20200369522564,75.08338223287649,283.0550070698801,0.3105643554818122,True,7.729999999999963,0.024999999999999467,1.0,-0.5700040040747572,2.5405822228157127,-9.320004004074757,10.159019926898658,-9.103684841410592,-0.21631916266416518
101001006,candels-cdfs-01,53.060185040422674,-27.81346412085933,0.3105643554818122,1.8294704185470858e-05,Ha,60.88556079577469,a,3,"O2,Hg,Hb,O3_1,O3_2,S2_1",10720,0.37,20736,0.24,8.75,1,4381.138916015625,475.83065032958984,6560.876638412251,948.0891418457031,270.3329277038574,6501.099274072958,12519.326171875,649.1604614257812,4886.836172204812,11513.201904296875,603.9778900146484,8602.91363795066,3579.57763671875,292.4148750305176,6372.585400016267,1,215.08599854,52.99891663,0.1031,0.0387,0.02346,0.05558,0.3412,0.06069,,,0.3388,0.07543,550.3580154825572,111.90542029225932,368.81935735667525,0.3105643554818122,True,7.739999999999963,0.019999999999999574,1.0,-0.5700040040747572,2.7406452959765146,-9.320004004074757,10.159019926898658,-9.103684841410592,-0.21631916266416518
101001006,candels-cdfs-01,53.060185040422674,-27.81346412085933,0.3105643554818122,1.8294704185470858e-05,Ha,60.88556079577469,a,3,"O2,Hg,Hb,O3_1,O3_2,S2_1",10720,0.37,20736,0.24,8.75,1,4381.138916015625,475.83065032958984,6560.876638412251,948.0891418457031,270.3329277038574,6501.099274072958,12519.326171875,649.1604614257812,4886.836172204812,11513.201904296875,603.9778900146484,8602.91363795066,3579.57763671875,292.4148750305176,6372.585400016267,1,189.39027405,62.24430084,0.05509,0.02808,,,0.3915,0.03744,0.6162,0.1476,0.3758,0.06805,480.07781209070146,104.49326370536902,399.5360780068757,0.3105643554818122,True,7.749999999999963,0.024999999999999467,1.0,-0.5700040040747572,2.681311634506456,-9.320004004074757,10.159019926898658,-9.103684841410592,-0.21631916266416518
107003074,candels-cdfs-07,53.07514020899567,-27.813972498881398,0.29639444040821566,1.3912193533349455e-05,O3_2,71.54616065806167,a,3,"O2,Hb,O3_1,Ha,S2_1",10585,0.11,20851,0.11,8.239999771118164,1,6723.9813232421875,315.7458305358887,6491.659989800445,1830.5319213867188,221.80072784423828,6429.616595219184,6251.671142578125,583.8362503051758,4832.9595911086235,4677.721252441406,501.6294860839844,8510.110580693516,1611.7875671386719,312.73874282836914,6303.75504231245,1,150.1678772,2.39117789,0.2043,0.0537,0.4879,0.06036,0.6552,0.05376,0.7791,0.07477,0.8849,0.08485,196.48177230632658,53.91606877537888,48.254837721099705,0.29639444040821566,True,8.35999999999995,0.034999999999999254,1.0,-0.9632665035602478,2.2933222669050193,-9.203266274678413,10.292851845665036,-8.901326778519012,-0.30193949615940063
107003074,candels-cdfs-07,53.07514020899567,-27.813972498881398,0.29639444040821566,1.3912193533349455e-05,O3_2,71.54616065806167,a,3,"O2,Hb,O3_1,Ha,S2_1",10585,0.11,20851,0.11,8.239999771118164,1,6723.9813232421875,315.7458305358887,6491.659989800445,1830.5319213867188,221.80072784423828,6429.616595219184,6251.671142578125,583.8362503051758,4832.9595911086235,4677.721252441406,501.6294860839844,8510.110580693516,1611.7875671386719,312.73874282836914,6303.75504231245,1,34.44572067,-5.20592594,0.4332,0.04183,0.3791,0.04749,0.6169,0.1014,0.6249,0.2048,0.8485,0.08147,125.06459841644262,33.26104955767037,27.910863467498015,0.29639444040821566,True,8.399999999999949,0.03999999999999915,1.0,-0.9632665035602478,2.0971343929211064,-9.203266274678413,10.292851845665036,-8.901326778519012,-0.30193949615940063
107003074,candels-cdfs-07,53.07514020899567,-27.813972498881398,0.29639444040821566,1.3912193533349455e-05,O3_2,71.54616065806167,a,3,"O2,Hb,O3_1,Ha,S2_1",10585,0.11,20851,0.11,8.239999771118164,1,6723.9813232421875,315.7458305358887,6491.659989800445,1830.5319213867188,221.80072784423828,6429.616595219184,6251.671142578125,583.8362503051758,4832.9595911086235,4677.721252441406,501.6294860839844,8510.110580693516,1611.7875671386719,312.73874282836914,6303.75504231245,1,189.45051575,62.24403,0.05339,0.02407,,,4.617,0.06207,,,7.871,0.2086,562.0895377267921,158.99561084742552,151.4773166320468,0.29639444040821566,True,8.37999999999995,0.034999999999999254,1.0,-0.9632665035602478,2.7498055017672156,-9.203266274678413,10.292851845665036,-8.901326778519012,-0.30193949615940063
126052148,candels-cdfs-26,53.19380183448632,-27.812874721937508,0.8329631686210632,3.671919694170356e-05,O3_2,46.473880767822266,a,3,"O2,Ne3,Hg,Hb,O3_1",10665,0.07000000029802322,21110,0.05999999865889549,8.819999694824219,1,11920.318603515625,1018.2167053222656,9177.956277582824,4095.582275390625,850.8826446533203,9089.9080683504,5173.8214111328125,1004.8018646240234,6833.252025961021,nan,nan,nan,3090.9091186523438,609.1764831542969,8911.392606221129,1,150.13365173,2.39401388,0.1882,0.04576,0.1441,0.05273,0.2293,0.0533,0.4225,0.1031,0.2949,0.06285,1114.7197414157888,379.5532495192739,281.1746223594474,0.8329631686210632,True,7.679999999999964,0.034999999999999254,1.0,0.39066406968715717,3.0471656924461734,-8.429335625137062,6.59499479991855,-8.708114678369707,0.27877905323264507
126052148,candels-cdfs-26,53.19380183448632,-27.812874721937508,0.8329631686210632,3.671919694170356e-05,O3_2,46.473880767822266,a,3,"O2,Ne3,Hg,Hb,O3_1",10665,0.07000000029802322,21110,0.05999999865889549,8.819999694824219,1,11920.318603515625,1018.2167053222656,9177.956277582824,4095.582275390625,850.8826446533203,9089.9080683504,5173.8214111328125,1004.8018646240234,6833.252025961021,nan,nan,nan,3090.9091186523438,609.1764831542969,8911.392606221129,1,188.99594116,62.24604797,0.1084,0.01892,,,0.2875,0.05716,,,0.1915,0.05917,958.766642184536,327.22953388899754,243.60176794607014,0.8329631686210632,True,8.099999999999955,0.04499999999999904,1.0,0.39066406968715717,2.981712915466745,-8.429335625137062,6.59499479991855,-8.708114678369707,0.27877905323264507
126052148,candels-cdfs-26,53.19380183448632,-27.812874721937508,0.8329631686210632,3.671919694170356e-05,O3_2,46.473880767822266,a,3,"O2,Ne3,Hg,Hb,O3_1",10665,0.07000000029802322,21110,0.05999999865889549,8.819999694824219,1,11920.318603515625,1018.2167053222656,9177.956277582824,4095.582275390625,850.8826446533203,9089.9080683504,5173.8214111328125,1004.8018646240234,6833.252025961021,nan,nan,nan,3090.9091186523438,609.1764831542969,8911.392606221129,1,34.44033051,-5.20508909,0.3287,0.03343,0.5448,0.03829,1.079,0.08462,1.18,0.1555,1.257,0.08807,276.2343688931532,94.51053474728953,70.7123372969917,0.8329631686210632,True,8.159999999999954,0.034999999999999254,1.0,0.39066406968715717,2.441277712229766,-8.429335625137062,6.59499479991855,-8.708114678369707,0.27877905323264507
126052148,candels-cdfs-26,53.19380183448632,-27.812874721937508,0.8329631686210632,3.671919694170356e-05,O3_2,46.473880767822266,a,3,"O2,Ne3,Hg,Hb,O3_1",10665,0.07000000029802322,21110,0.05999999865889549,8.819999694824219,1,11920.318603515625,1018.2167053222656,9177.956277582824,4095.582275390625,850.8826446533203,9089.9080683504,5173.8214111328125,1004.8018646240234,6833.252025961021,nan,nan,nan,3090.9091186523438,609.1764831542969,8911.392606221129,1,215.10009766,53.00998688,0.9595,0.03492,0.9133,0.05264,0.8524,0.05637,,,1.082,0.07234,206.1985062661441,69.38709060136172,50.171845100638414,0.8329631686210632,True,8.209999999999953,0.04499999999999904,1.0,0.39066406968715717,2.314285514862528,-8.429335625137062,6.59499479991855,-8.708114678369707,0.27877905323264507
112010050,candels-cdfs-12,53.10930574332267,-27.81189325897228,0.6548907146335274,0.0001272348999655176,O3_1,9.813612439544574,a,3,"O2,Hb,O3_2",10808,0.53,21304,0.55,8.729999542236328,1,3686.5621948242188,766.1244201660156,8285.292513384637,1307.7531433105469,214.67615127563477,8206.438762593498,1721.1219787597656,463.2159423828125,6171.775317922782,nan,nan,nan,699.2192840576172,294.8496627807617,8044.925407072977,1,150.0766449,2.39603257,0.3933,0.04284,0.446,0.04846,0.4499,0.06032,0.2857,0.09783,0.5029,0.07357,104.20311544891251,36.271214313024274,18.655641444418492,0.6548907146335274,True,8.289999999999951,0.05499999999999883,1.0,-0.5100523536777474,2.017880703628044,-9.240051895914075,7.562020061791215,-8.79140494358408,-0.4486469523299945
112010050,candels-cdfs-12,53.10930574332267,-27.81189325897228,0.6548907146335274,0.0001272348999655176,O3_1,9.813612439544574,a,3,"O2,Hb,O3_2",10808,0.53,21304,0.55,8.729999542236328,1,3686.5621948242188,766.1244201660156,8285.292513384637,1307.7531433105469,214.67615127563477,8206.438762593498,1721.1219787597656,463.2159423828125,6171.775317922782,nan,nan,nan,699.2192840576172,294.8496627807617,8044.925407072977,1,34.28291321,-5.20429277,0.2944,0.02609,0.2399,0.02653,0.2563,0.08499,0.4645,0.1396,0.4582,0.08659,193.01231837197696,67.26872307680479,34.62687668070266,0.6548907146335274,True,8.239999999999952,0.049999999999998934,1.0,-0.5100523536777474,2.285585027299252,-9.240051895914075,7.562020061791215,-8.79140494358408,-0.4486469523299945
129012123,candels-cdfs-29,53.11400792087155,-27.811646888330195,0.6696735620498657,8.119849553622771e-06,O3_2,64.02828216552734,a,3,"O3_1,Hb,Hg,Ne3,O2",10836,0.2199999988079071,21343,0.20999999344348907,8.869999885559082,1,7598.8720703125,617.7764129638672,8360.004521395913,2240.970916748047,487.2740936279297,8279.226082347765,6749.5306396484375,599.3759536743164,6225.095927225459,nan,nan,nan,2201.46728515625,349.66468811035156,8117.224927467359,1,150.10543823,2.39646244,0.1988,0.03826,0.1997,0.04289,0.2355,0.06311,0.3503,0.07953,0.3745,0.09787,481.8097734833066,139.86846403105704,133.06654106243715,0.6696735620498657,True,8.289999999999951,0.02999999999999936,1.0,0.011625614090283882,2.6828756053900507,-8.858374271468799,7.473715313521223,-8.830679500568614,-0.027694770900184906
129012123,candels-cdfs-29,53.11400792087155,-27.811646888330195,0.6696735620498657,8.119849553622771e-06,O3_2,64.02828216552734,a,3,"O3_1,Hb,Hg,Ne3,O2",10836,0.2199999988079071,21343,0.20999999344348907,8.869999885559082,1,7598.8720703125,617.7764129638672,8360.004521395913,2240.970916748047,487.2740936279297,8279.226082347765,6749.5306396484375,599.3759536743164,6225.095927225459,nan,nan,nan,2201.46728515625,349.66468811035156,8117.224927467359,1,34.26498413,-5.20415878,0.1319,0.02724,0.2338,0.02741,0.2669,0.08168,0.5394,0.1329,0.3956,0.05037,412.76979851074685,119.74062512501665,113.7518454992812,0.6696735620498657,True,8.279999999999951,0.02999999999999936,1.0,0.011625614090283882,2.615707913376995,-8.858374271468799,7.473715313521223,-8.830679500568614,-0.027694770900184906
129012123,candels-cdfs-29,53.11400792087155,-27.811646888330195,0.6696735620498657,8.119849553622771e-06,O3_2,64.02828216552734,a,3,"O3_1,Hb,Hg,Ne3,O2",10836,0.2199999988079071,21343,0.20999999344348907,8.869999885559082,1,7598.8720703125,617.7764129638672,8360.004521395913,2240.970916748047,487.2740936279297,8279.226082347765,6749.5306396484375,599.3759536743164,6225.095927225459,nan,nan,nan,2201.46728515625,349.66468811035156,8117.224927467359,1,215.09495544,53.00759888,0.2096,0.03714,0.3059,0.05719,0.4859,0.05977,,,0.5474,0.08141,306.7212017100319,89.6319758890358,86.42976014021002,0.6696735620498657,True,8.31999999999995,0.034999999999999254,1.0,0.011625614090283882,2.486743797069633,-8.858374271468799,7.473715313521223,-8.830679500568614,-0.027694770900184906
106002013,candels-cdfs-06,53.080263015472624,-27.80832733318847,0.2879859269956272,6.1670408286937935e-06,O3_2,58.52567121276089,a,3,"O2,Hg,Hb,O3_1,Ha,N2_2,S2_1,S2_2",11410,0.27,21377,0.24,9.180000305175781,1,10231.918334960938,433.3782196044922,6449.616105880755,3125.0454711914062,370.89656829833984,6388.285304332125,24781.93603515625,999.7789764404297,4802.73575317156,22290.810546875,745.2845764160156,8454.70540118387,3949.8696899414062,445.22777557373047,6262.589386639418,1,189.35554504,62.24760437,0.04809,0.01779,,,0.0813,0.02592,0.1576,0.06111,0.1391,0.0333,1531.090123644343,461.8765972169994,568.9515009160657,0.2879859269956272,True,8.069999999999956,0.024999999999999467,1.0,-0.6027080116415572,3.1850007550676023,-9.782708316817338,10.373482482588441,-9.313659856996733,-0.4690484598206055
106002013,candels-cdfs-06,53.080263015472624,-27.80832733318847,0.2879859269956272,6.1670408286937935e-06,O3_2,58.52567121276089,a,3,"O2,Hg,Hb,O3_1,Ha,N2_2,S2_1,S2_2",11410,0.27,21377,0.24,9.180000305175781,1,10231.918334960938,433.3782196044922,6449.616105880755,3125.0454711914062,370.89656829833984,6388.285304332125,24781.93603515625,999.7789764404297,4802.73575317156,22290.810546875,745.2845764160156,8454.70540118387,3949.8696899414062,445.22777557373047,6262.589386639418,1,215.07342529,52.99251175,0.2365,0.03221,0.2787,0.04708,0.3146,0.04706,,,0.3364,0.05292,315.9103701586916,95.14319849016542,116.80127368531025,0.2879859269956272,True,8.029999999999957,0.024999999999999467,1.0,-0.6027080116415572,2.499563882406496,-9.782708316817338,10.373482482588441,-9.313659856996733,-0.4690484598206055
106002013,candels-cdfs-06,53.080263015472624,-27.80832733318847,0.2879859269956272,6.1670408286937935e-06,O3_2,58.52567121276089,a,3,"O2,Hg,Hb,O3_1,Ha,N2_2,S2_1,S2_2",11410,0.27,21377,0.24,9.180000305175781,1,10231.918334960938,433.3782196044922,6449.616105880755,3125.0454711914062,370.89656829833984,6388.285304332125,24781.93603515625,999.7789764404297,4802.73575317156,22290.810546875,745.2845764160156,8454.70540118387,3949.8696899414062,445.22777557373047,6262.589386639418,1,34.22383499,-5.20401192,0.1752,0.04268,0.2513,0.04381,0.5192,0.1329,,,0.5345,0.1006,403.8866658355489,122.38310515044758,152.15942605597826,0.2879859269956272,True,8.019999999999957,0.024999999999999467,1.0,-0.6027080116415572,2.6062595153397483,-9.782708316817338,10.373482482588441,-9.313659856996733,-0.4690484598206055
101020036,candels-cdfs-01,53.07277381130273,-27.810706685674532,0.7374938793976185,7.071430131785992e-06,O2,42.19874158660628,a,3,"Hg,Hb,O3_1,O3_2",11029,0.19,21397,0.3,9.390000343322754,1,6576.0986328125,518.3840179443359,8699.555702674217,3593.6572265625,733.8473510742188,8617.114578969837,12241.934814453125,544.0637969970703,6477.799332818657,nan,nan,nan,2359.0591430664062,599.1020584106445,8446.6511730795,1,34.35682678,-5.20396614,0.09111,0.02436,0.08765,0.02709,0.2551,0.09221,0.2368,0.1375,0.2407,0.06794,864.7933578332436,474.59446520894795,314.33307427133167,0.7374938793976185,True,7.929999999999959,0.019999999999999574,1.0,0.14382915211617867,2.9369123452983437,-9.246171191206574,7.0881029126691395,-8.96319824290826,-0.28297294829831365
101020036,candels-cdfs-01,53.07277381130273,-27.810706685674532,0.7374938793976185,7.071430131785992e-06,O2,42.19874158660628,a,3,"Hg,Hb,O3_1,O3_2",11029,0.19,21397,0.3,9.390000343322754,1,6576.0986328125,518.3840179443359,8699.555702674217,3593.6572265625,733.8473510742188,8617.114578969837,12241.934814453125,544.0637969970703,6477.799332818657,nan,nan,nan,2359.0591430664062,599.1020584106445,8446.6511730795,1,215.18501282,53.07105255,0.1929,0.02925,0.0352,0.04226,0.2345,0.04631,,,0.2804,0.04595,1861.9573740886046,1040.4435625246354,715.7051943635764,0.7374938793976185,True,7.959999999999958,0.019999999999999574,1.0,0.14382915211617867,3.2699697344272765,-9.246171191206574,7.0881029126691395,-8.96319824290826,-0.28297294829831365
125004019,candels-cdfs-25,53.18554542695866,-27.811063453679207,0.3474831283092499,5.033191337133758e-05,O3_2,30.715808868408203,a,3,"O3_1,Ha,O2,Hb",10853,0.11999999731779099,21438,0.10000000149011612,8.140000343322754,1,2722.991943359375,381.74930572509766,6746.817435188369,542.7594375610352,288.32550048828125,6682.5299230712535,2902.8103637695312,582.773551940918,5024.844708479171,1769.8503112792969,442.18605041503906,8844.34065729126,632.6138305664062,336.1709213256836,6550.390814662054,1,150.14028931,2.39740729,0.09741,0.04754,0.1388,0.05379,0.2369,0.05456,0.4128,0.1041,0.1702,0.03999,201.20388316868593,39.77981276811151,45.58487190133743,0.3474831283092499,True,8.279999999999951,0.04499999999999904,1.0,-1.209565085409355,2.303636358205255,-9.34956542873211,9.822011658709117,-8.810709407597958,-0.5388560211341513
107018103,candels-cdfs-07,53.08365689289081,-27.81099254694799,0.6689991449944559,6.595415557128002e-05,O2,40.13983640027707,a,3,"Hb,O3_1,O3_2",10939,0.07,21484,0.09,8.850000381469727,1,6156.57958984375,638.2088088989258,8357.87631846789,1785.8981323242188,477.8299331665039,8276.41507654018,8186.6900634765625,403.9246368408203,6222.98488301508,nan,nan,nan,2661.8612670898438,322.49000549316406,8113.591240958807,1,214.87088013,52.84955978,0.2237,0.03848,0.2329,0.05793,0.1695,0.06031,0.2072,0.09335,0.2252,0.05295,348.4009879107167,98.39949445784043,138.9255069372658,0.6689991449944559,True,8.259999999999952,0.05499999999999883,1.0,0.09303391197412357,2.542079377803951,-8.756966469495604,7.477709629998429,-8.824073061763483,0.06710659226787996
107018103,candels-cdfs-07,53.08365689289081,-27.81099254694799,0.6689991449944559,6.595415557128002e-05,O2,40.13983640027707,a,3,"Hb,O3_1,O3_2",10939,0.07,21484,0.09,8.850000381469727,1,6156.57958984375,638.2088088989258,8357.87631846789,1785.8981323242188,477.8299331665039,8276.41507654018,8186.6900634765625,403.9246368408203,6222.98488301508,nan,nan,nan,2661.8612670898438,322.49000549316406,8113.591240958807,1,34.29136658,-5.20362806,0.1079,0.02682,0.1267,0.02728,0.2104,0.08719,,,0.3066,0.0558,597.7364304082279,171.97324622534592,252.08992164909293,0.6689991449944559,True,7.779999999999962,0.024999999999999467,1.0,0.09303391197412357,2.7765097257067244,-8.756966469495604,7.477709629998429,-8.824073061763483,0.06710659226787996
107018103,candels-cdfs-07,53.08365689289081,-27.81099254694799,0.6689991449944559,6.595415557128002e-05,O2,40.13983640027707,a,3,"Hb,O3_1,O3_2",10939,0.07,21484,0.09,8.850000381469727,1,6156.57958984375,638.2088088989258,8357.87631846789,1785.8981323242188,477.8299331665039,8276.41507654018,8186.6900634765625,403.9246368408203,6222.98488301508,nan,nan,nan,2661.8612670898438,322.49000549316406,8113.591240958807,1,189.28977966,62.2481842,0.5399,0.02039,,,0.5667,0.0291,0.4468,0.07668,0.3487,0.05733,143.10057562035396,40.73125987076954,58.419721674959696,0.6689991449944559,True,8.33999999999995,0.03999999999999915,1.0,0.09303391197412357,2.155641380707649,-8.756966469495604,7.477709629998429,-8.824073061763483,0.06710659226787996
106001006,candels-cdfs-06,53.07812422241961,-27.809380820768755,0.28790774089319476,6.132490844021071e-06,O3_2,119.55846686632597,a,3,"O2,Ne3,Hg,Hb,O3_1,Ha,S2_1",11163,0.32,21604,0.3,8.829999923706055,1,13416.20361328125,346.7805480957031,6449.025384231776,4215.435791015625,289.79503631591797,6387.569808599785,15775.013427734375,678.4982299804688,4802.124935246206,15254.47265625,595.5973052978516,8453.73386189268,3870.3363037109375,369.73705291748047,6262.283346745334,1,150.05673218,2.39888668,0.1177,0.07699,0.3598,0.0882,0.6617,0.09282,0.5634,0.1554,0.3834,0.07825,638.8760420008318,203.89033098128667,193.33158305935967,0.28790774089319476,True,7.919999999999959,0.024999999999999467,1.0,-0.6118126962966042,2.8054166022940974,-9.44181262000266,10.3742365171577,-9.16335116993591,-0.27846145006675016
106001006,candels-cdfs-06,53.07812422241961,-27.809380820768755,0.28790774089319476,6.132490844021071e-06,O3_2,119.55846686632597,a,3,"O2,Ne3,Hg,Hb,O3_1,Ha,S2_1",11163,0.32,21604,0.3,8.829999923706055,1,13416.20361328125,346.7805480957031,6449.025384231776,4215.435791015625,289.79503631591797,6387.569808599785,15775.013427734375,678.4982299804688,4802.124935246206,15254.47265625,595.5973052978516,8453.73386189268,3870.3363037109375,369.73705291748047,6262.283346745334,1,189.24241638,62.24879074,0.06851,0.02347,,,0.2012,0.03329,0.206,0.1382,0.188,0.06182,1322.4910261638995,413.3362738336148,375.35937339388516,0.28790774089319476,True,7.8999999999999595,0.019999999999999574,1.0,-0.6118126962966042,3.1213927337879626,-9.44181262000266,10.3742365171577,-9.16335116993591,-0.27846145006675016
106001006,candels-cdfs-06,53.07812422241961,-27.809380820768755,0.28790774089319476,6.132490844021071e-06,O3_2,119.55846686632597,a,3,"O2,Ne3,Hg,Hb,O3_1,Ha,S2_1",11163,0.32,21604,0.3,8.829999923706055,1,13416.20361328125,346.7805480957031,6449.025384231776,4215.435791015625,289.79503631591797,6387.569808599785,15775.013427734375,678.4982299804688,4802.124935246206,15254.47265625,595.5973052978516,8453.73386189268,3870.3363037109375,369.73705291748047,6262.283346745334,1,214.78601074,52.7895546,0.2181,0.03027,0.2453,0.04625,0.2438,0.04794,0.2038,0.05957,0.2674,0.03525,454.96806499216655,140.75451608630348,125.15339289164608,0.28790774089319476,True,8.429999999999948,0.034999999999999254,1.0,-0.6118126962966042,2.657980913834207,-9.44181262000266,10.3742365171577,-9.16335116993591,-0.27846145006675016
129004083,candels-cdfs-29,53.12155019515893,-27.809189597874635,0.4317547082901001,0.00010027533426182345,O2,17.086044311523438,a,3,"Hb,O3_1,O3_2",11188,0.05999999865889549,21756,0.05000000074505806,9.529999732971191,1,1867.4647521972656,397.8999710083008,7169.121165228397,813.4355163574219,215.30096054077148,7100.461529106617,6898.3587646484375,723.2652282714844,5337.537717840912,nan,nan,nan,1525.01708984375,274.0825080871582,6960.457247906808,1,189.03070068,62.24951553,0.1892,0.01874,,,0.2057,0.04028,,,0.1956,0.04923,91.24795283724771,39.030575421670676,70.47435507421326,0.4317547082901001,True,8.509999999999946,0.02999999999999936,1.0,-0.6059012224984317,1.960223129770046,-10.135900955469623,9.111629113213944,-9.290200153234254,-0.8457008022353687
106024064,candels-cdfs-06,53.081702724565965,-27.808627501253575,0.670926034487614,3.6572379844797845e-06,O2,124.30521367150418,a,3,"Hd,Hg,Hb,O3_1,O3_2",11270,0.1,21891,0.11,9.380000114440918,1,13570.621337890625,400.39989471435547,8366.652610551628,3416.2158203125,556.9366455078125,8285.31182881067,19395.458984375,500.30521392822266,6229.215027437634,nan,nan,nan,6212.5836181640625,261.1787796020508,8123.065796971965,1,215.20550537,53.08744049,0.04354,0.03312,0.1465,0.05203,0.2877,0.05201,,,0.341,0.05762,1124.0253920102239,281.70240566907887,507.70132564277577,0.670926034487614,True,7.789999999999962,0.024999999999999467,1.0,0.4641605321093062,3.0507761221630827,-8.915839582331612,7.466306020444934,-9.01038909054344,0.09454950821182706
106024064,candels-cdfs-06,53.081702724565965,-27.808627501253575,0.670926034487614,3.6572379844797845e-06,O2,124.30521367150418,a,3,"Hd,Hg,Hb,O3_1,O3_2",11270,0.1,21891,0.11,9.380000114440918,1,13570.621337890625,400.39989471435547,8366.652610551628,3416.2158203125,556.9366455078125,8285.31182881067,19395.458984375,500.30521392822266,6229.215027437634,nan,nan,nan,6212.5836181640625,261.1787796020508,8123.065796971965,1,150.08462524,2.40185189,0.1949,0.05069,0.3028,0.05536,0.6003,0.1019,0.6305,0.1611,0.7909,0.1081,543.4045060585238,136.2170676074672,245.6061659022954,0.670926034487614,True,7.769999999999962,0.024999999999999467,1.0,0.4641605321093062,2.7351232353852177,-8.915839582331612,7.466306020444934,-9.01038909054344,0.09454950821182706
106024064,candels-cdfs-06,53.081702724565965,-27.808627501253575,0.670926034487614,3.6572379844797845e-06,O2,124.30521367150418,a,3,"Hd,Hg,Hb,O3_1,O3_2",11270,0.1,21891,0.11,9.380000114440918,1,13570.621337890625,400.39989471435547,8366.652610551628,3416.2158203125,556.9366455078125,8285.31182881067,19395.458984375,500.30521392822266,6229.215027437634,nan,nan,nan,6212.5836181640625,261.1787796020508,8123.065796971965,1,34.30914307,-5.20236015,0.6303,0.03799,0.6565,0.03841,0.8452,0.09368,,,0.9071,0.08746,260.1055934831227,64.57470298072708,114.17658379320179,0.670926034487614,True,8.479999999999947,0.02999999999999936,1.0,0.4641605321093062,2.415149691652754,-8.915839582331612,7.466306020444934,-9.01038909054344,0.09454950821182706
106024064,candels-cdfs-06,53.081702724565965,-27.808627501253575,0.670926034487614,3.6572379844797845e-06,O2,124.30521367150418,a,3,"Hd,Hg,Hb,O3_1,O3_2",11270,0.1,21891,0.11,9.380000114440918,1,13570.621337890625,400.39989471435547,8366.652610551628,3416.2158203125,556.9366455078125,8285.31182881067,19395.458984375,500.30521392822266,6229.215027437634,nan,nan,nan,6212.5836181640625,261.1787796020508,8123.065796971965,1,189.33425903,62.25024414,0.1378,0.02383,,,0.2519,0.03957,0.3244,0.1134,0.3322,0.07025,957.2965071338874,238.20012708667474,423.10297813730546,0.670926034487614,True,7.779999999999962,0.024999999999999467,1.0,0.4641605321093062,2.981046474315611,-8.915839582331612,7.466306020444934,-9.01038909054344,0.09454950821182706
106005027,candels-cdfs-06,53.07738006945416,-27.808698705428533,0.3877858807414188,1.1208539581840104e-05,Ha,77.70513907146264,a,3,"O2,Ne3,Hd,Hg,Hb,O3_1,O3_2",11140,0.1,21926,0.1,8.319999694824219,1,4237.9931640625,296.9598197937012,6947.4176497272365,5750.8868408203125,297.49364852905273,6882.378261802891,5857.8204345703125,455.5888366699219,5173.862343971787,7838.2574462890625,410.8448028564453,9108.985473444092,2673.9581298828125,197.52872467041016,6747.11042125199,1,34.41690063,-5.20219517,0.2352,0.0242,0.2749,0.02782,0.5281,0.07896,0.6857,0.1296,0.6825,0.07559,147.343185011054,197.15277621161732,88.990895188291,0.3877858807414188,True,7.519999999999968,0.034999999999999254,1.0,-0.4720545039687047,2.168330053450013,-8.792054198792924,9.472471559321033,-8.848313052198897,0.05625885340597314
106005027,candels-cdfs-06,53.07738006945416,-27.808698705428533,0.3877858807414188,1.1208539581840104e-05,Ha,77.70513907146264,a,3,"O2,Ne3,Hd,Hg,Hb,O3_1,O3_2",11140,0.1,21926,0.1,8.319999694824219,1,4237.9931640625,296.9598197937012,6947.4176497272365,5750.8868408203125,297.49364852905273,6882.378261802891,5857.8204345703125,455.5888366699219,5173.862343971787,7838.2574462890625,410.8448028564453,9108.985473444092,2673.9581298828125,197.52872467041016,6747.11042125199,1,189.13775635,62.25040054,0.05737,0.02018,,,0.1509,0.02764,0.1748,0.07802,0.1761,0.05507,532.2972639161769,717.5703870430609,329.03300882147346,0.3877858807414188,True,7.609999999999966,0.024999999999999467,1.0,-0.4720545039687047,2.7261542338429403,-8.792054198792924,9.472471559321033,-8.848313052198897,0.05625885340597314
106005027,candels-cdfs-06,53.07738006945416,-27.808698705428533,0.3877858807414188,1.1208539581840104e-05,Ha,77.70513907146264,a,3,"O2,Ne3,Hd,Hg,Hb,O3_1,O3_2",11140,0.1,21926,0.1,8.319999694824219,1,4237.9931640625,296.9598197937012,6947.4176497272365,5750.8868408203125,297.49364852905273,6882.378261802891,5857.8204345703125,455.5888366699219,5173.862343971787,7838.2574462890625,410.8448028564453,9108.985473444092,2673.9581298828125,197.52872467041016,6747.11042125199,1,215.03617859,52.96826172,0.3923,0.04479,0.3585,0.06679,0.7018,0.07404,0.8413,0.1222,0.9925,0.07276,100.37808282769586,133.30569159480524,59.22499399463835,0.3877858807414188,True,8.119999999999955,0.05499999999999883,1.0,-0.4720545039687047,2.001638896612986,-8.792054198792924,9.472471559321033,-8.848313052198897,0.05625885340597314
134019031,candels-cdfs-34,53.13748070668013,-27.80816603559127,0.6645523309707642,2.740713352977764e-05,O2,26.202396392822266,a,3,"Hb,O3_1,O3_2",11267,0.1899999976158142,22113,0.18000000715255737,9.010000228881836,1,4046.9873046875,461.07261657714844,8333.516677062078,481.96746826171875,291.50890350341797,8254.65815964152,5661.134033203125,569.6090316772461,6205.906952165147,nan,nan,nan,1057.4333190917969,301.9060707092285,8091.680773034035,1,189.414505,62.25109482,0.02131,0.01765,,,0.09677,0.04306,,,0.4974,0.07615,1210.173361654125,144.16602684197863,316.49708212170833,0.6645523309707642,True,7.939999999999959,0.024999999999999467,1.0,-0.31494558736531825,3.0828475890079554,-9.324945816247155,7.504128084805282,-8.884063037095522,-0.4408827791516323
134019031,candels-cdfs-34,53.13748070668013,-27.80816603559127,0.6645523309707642,2.740713352977764e-05,O2,26.202396392822266,a,3,"Hb,O3_1,O3_2",11267,0.1899999976158142,22113,0.18000000715255737,9.010000228881836,1,4046.9873046875,461.07261657714844,8333.516677062078,481.96746826171875,291.50890350341797,8254.65815964152,5661.134033203125,569.6090316772461,6205.906952165147,nan,nan,nan,1057.4333190917969,301.9060707092285,8091.680773034035,1,215.20285034,53.08637619,0.1724,0.0264,0.1739,0.03967,0.3501,0.05853,,,0.429,0.07771,281.30628960598705,33.37483674672519,72.644348308662,0.6645523309707642,True,8.459999999999948,0.02999999999999936,1.0,-0.31494558736531825,2.4491794424767424,-9.324945816247155,7.504128084805282,-8.884063037095522,-0.4408827791516323
112011052,candels-cdfs-12,53.103190796817515,-27.80676648729242,0.6659675986346487,2.1524006314663337e-05,O2,30.60194982700395,a,3,"Hb,O3_1,O3_2",11403,0.12,22341,0.11,8.899999618530273,1,1401.1296081542969,506.1241149902344,8338.769782351932,754.1586303710938,189.10091400146484,8261.417943139142,5147.666015625,395.32447814941406,6211.2735185800775,nan,nan,nan,1592.3477172851562,348.3373260498047,8098.812506125292,1,189.15100098,62.25213242,0.1477,0.01701,,,0.1205,0.02315,0.1785,0.06111,0.1545,0.03066,133.07048396161696,70.12434484811945,141.52259208513692,0.6659675986346487,True,7.579999999999966,0.024999999999999467,1.0,-0.1349129698939557,2.1240817363602553,-9.034912588424229,7.495704587221342,-8.84397840150952,-0.1909341869147081
112011052,candels-cdfs-12,53.103190796817515,-27.80676648729242,0.6659675986346487,2.1524006314663337e-05,O2,30.60194982700395,a,3,"Hb,O3_1,O3_2",11403,0.12,22341,0.11,8.899999618530273,1,1401.1296081542969,506.1241149902344,8338.769782351932,754.1586303710938,189.10091400146484,8261.417943139142,5147.666015625,395.32447814941406,6211.2735185800775,nan,nan,nan,1592.3477172851562,348.3373260498047,8098.812506125292,1,215.06555176,52.99081421,0.03859,0.03718,0.0479,0.05451,0.04595,0.05933,,,0.6067,0.05755,374.9252092544854,197.90109765800818,400.8052871389926,0.6659675986346487,True,7.649999999999965,0.024999999999999467,1.0,-0.1349129698939557,2.573944642534216,-9.034912588424229,7.495704587221342,-8.84397840150952,-0.1909341869147081
112011052,candels-cdfs-12,53.103190796817515,-27.80676648729242,0.6659675986346487,2.1524006314663337e-05,O2,30.60194982700395,a,3,"Hb,O3_1,O3_2",11403,0.12,22341,0.11,8.899999618530273,1,1401.1296081542969,506.1241149902344,8338.769782351932,754.1586303710938,189.10091400146484,8261.417943139142,5147.666015625,395.32447814941406,6211.2735185800775,nan,nan,nan,1592.3477172851562,348.3373260498047,8098.812506125292,1,150.13250732,2.40640354,0.06952,0.03427,0.1196,0.03774,0.162,0.05584,0.1005,0.124,0.2796,0.04069,146.08370770736556,77.6779353361405,159.80570617995795,0.6659675986346487,True,7.589999999999966,0.024999999999999467,1.0,-0.1349129698939557,2.1646017830298647,-9.034912588424229,7.495704587221342,-8.84397840150952,-0.1909341869147081
112001004,candels-cdfs-12,53.107259673586825,-27.80568190388445,0.2843418831291845,5.125190714907991e-05,O3_2,23.701449943993843,a,3,"O2,Hb,O3_1",11541,0.29,22556,0.28,8.369999885559082,1,3074.7964477539062,333.03653717041016,6431.263342056451,981.4806365966797,206.93906784057617,6370.1067122753875,3899.3765258789062,587.4516677856445,4788.199535325497,nan,nan,nan,1139.7899627685547,289.8847961425781,6244.754462756748,1,215.00636292,52.9499321,0.1861,0.03776,0.1789,0.05682,0.16,0.05594,0.257,0.07102,0.2316,0.06521,126.87735006365708,39.68444621973888,44.177218905970754,0.2843418831291845,True,8.33999999999995,0.03999999999999915,1.0,-1.1551512672214432,2.1033840994758197,-9.525151152780525,10.408710663374357,-8.969385392311057,-0.5557657604694679
112001004,candels-cdfs-12,53.107259673586825,-27.80568190388445,0.2843418831291845,5.125190714907991e-05,O3_2,23.701449943993843,a,3,"O2,Hb,O3_1",11541,0.29,22556,0.28,8.369999885559082,1,3074.7964477539062,333.03653717041016,6431.263342056451,981.4806365966797,206.93906784057617,6370.1067122753875,3899.3765258789062,587.4516677856445,4788.199535325497,nan,nan,nan,1139.7899627685547,289.8847961425781,6244.754462756748,1,34.27069855,-5.20003796,0.06387,0.03616,0.1683,0.03657,0.2008,0.0995,0.2358,0.1613,0.127,0.06308,282.090167781721,91.03447642083908,108.15201095638227,0.2843418831291845,True,8.279999999999951,0.034999999999999254,1.0,-1.1551512672214432,2.4503879491381415,-9.525151152780525,10.408710663374357,-8.969385392311057,-0.5557657604694679
130016023,candels-cdfs-30,53.11109980136341,-27.799667189993208,0.6285171508789062,0.00010699901031330228,O2,36.90276336669922,a,3,"Hg,Hb,O3_1,O3_2",12488,0.09000000357627869,23874,0.07999999821186066,9.550000190734863,1,4949.500732421875,584.4479751586914,8156.623673936209,1805.6716918945312,423.8211441040039,8079.127689866069,13020.216064453125,831.7850494384766,6072.503746912306,nan,nan,nan,2050.4974365234375,489.2168426513672,7920.808581709556,1,34.34852219,-5.19571114,0.3379,0.03586,0.4166,0.03666,0.5345,0.1064,0.5085,0.1757,0.6295,0.09631,144.22535868081172,51.903112557822105,57.40338532300126,0.6285171508789062,True,8.599999999999945,0.034999999999999254,1.0,-0.08615806406982378,2.1590416276988478,-9.636158254804688,7.723554108093681,-9.106167601968862,-0.529990652835826
130016023,candels-cdfs-30,53.11109980136341,-27.799667189993208,0.6285171508789062,0.00010699901031330228,O2,36.90276336669922,a,3,"Hg,Hb,O3_1,O3_2",12488,0.09000000357627869,23874,0.07999999821186066,9.550000190734863,1,4949.500732421875,584.4479751586914,8156.623673936209,1805.6716918945312,423.8211441040039,8079.127689866069,13020.216064453125,831.7850494384766,6072.503746912306,nan,nan,nan,2050.4974365234375,489.2168426513672,7920.808581709556,1,150.10902405,2.42332888,0.1461,0.03183,0.1889,0.03549,0.3552,0.06256,0.2575,0.1203,0.379,0.0684,314.66004414912527,114.18789492601817,126.92383361589519,0.6285171508789062,True,8.089999999999955,0.02999999999999936,1.0,-0.08615806406982378,2.497841599261381,-9.636158254804688,7.723554108093681,-9.106167601968862,-0.529990652835826
130016023,candels-cdfs-30,53.11109980136341,-27.799667189993208,0.6285171508789062,0.00010699901031330228,O2,36.90276336669922,a,3,"Hg,Hb,O3_1,O3_2",12488,0.09000000357627869,23874,0.07999999821186066,9.550000190734863,1,4949.500732421875,584.4479751586914,8156.623673936209,1805.6716918945312,423.8211441040039,8079.127689866069,13020.216064453125,831.7850494384766,6072.503746912306,nan,nan,nan,2050.4974365234375,489.2168426513672,7920.808581709556,1,189.1653595,62.25963211,0.1155,0.01705,,,0.1035,0.02315,0.02791,0.06955,0.05352,0.03066,549.2151530471389,196.29773540064184,213.6365780016861,0.6285171508789062,True,7.989999999999958,0.019999999999999574,1.0,-0.08615806406982378,2.739742511073769,-9.636158254804688,7.723554108093681,-9.106167601968862,-0.529990652835826
130016023,candels-cdfs-30,53.11109980136341,-27.799667189993208,0.6285171508789062,0.00010699901031330228,O2,36.90276336669922,a,3,"Hg,Hb,O3_1,O3_2",12488,0.09000000357627869,23874,0.07999999821186066,9.550000190734863,1,4949.500732421875,584.4479751586914,8156.623673936209,1805.6716918945312,423.8211441040039,8079.127689866069,13020.216064453125,831.7850494384766,6072.503746912306,nan,nan,nan,2050.4974365234375,489.2168426513672,7920.808581709556,1,214.87664795,52.86328506,0.1267,0.03809,0.1365,0.05467,0.3738,0.05768,0.3088,0.07998,0.422,0.06292,430.9714976567284,157.68768130153276,173.92326635528266,0.6285171508789062,True,7.979999999999958,0.024999999999999467,1.0,-0.08615806406982378,2.634448549001291,-9.636158254804688,7.723554108093681,-9.106167601968862,-0.529990652835826
145003009,candels-cdfs-45,53.05207908998793,-27.798232976807924,0.33324864506721497,8.22545825940324e-06,Ha,74.80558013916016,a,3,"O2,Ne3,Hg,Hb,O3_1,O3_2,S2_2",12459,0.30000001192092896,24240,0.28999999165534973,8.789999961853027,1,7815.4681396484375,421.5689468383789,6676.138167042867,2500.4928588867188,403.7060546875,6612.1753835995005,9339.149780273438,862.4993133544922,4970.923280071094,9136.648559570312,571.8206405639648,8750.368999816768,3097.034912109375,429.85626220703125,6482.321869834685,1,150.07481384,2.42787933,0.06771,0.04081,0.03513,0.04471,0.05154,0.05706,0.24,0.103,0.2538,0.04545,1220.6537176033105,375.3139819761292,428.29029320899855,0.33324864506721497,True,7.729999999999963,0.024999999999999467,1.0,-0.5620032578880789,3.0865924781434018,-9.352003219741107,9.949988736053816,-9.095871648799694,-0.25613157094141314
145003009,candels-cdfs-45,53.05207908998793,-27.798232976807924,0.33324864506721497,8.22545825940324e-06,Ha,74.80558013916016,a,3,"O2,Ne3,Hg,Hb,O3_1,O3_2,S2_2",12459,0.30000001192092896,24240,0.28999999165534973,8.789999961853027,1,7815.4681396484375,421.5689468383789,6676.138167042867,2500.4928588867188,403.7060546875,6612.1753835995005,9339.149780273438,862.4993133544922,4970.923280071094,9136.648559570312,571.8206405639648,8750.368999816768,3097.034912109375,429.85626220703125,6482.321869834685,1,189.21295166,62.26145935,0.09529,0.01713,,,0.1361,0.02631,0.122,0.07588,0.2217,0.03344,634.2029260115143,199.956611542047,240.2961074274966,0.33324864506721497,True,7.779999999999962,0.024999999999999467,1.0,-0.5620032578880789,2.8022282413929354,-9.352003219741107,9.949988736053816,-9.095871648799694,-0.25613157094141314
145003009,candels-cdfs-45,53.05207908998793,-27.798232976807924,0.33324864506721497,8.22545825940324e-06,Ha,74.80558013916016,a,3,"O2,Ne3,Hg,Hb,O3_1,O3_2,S2_2",12459,0.30000001192092896,24240,0.28999999165534973,8.789999961853027,1,7815.4681396484375,421.5689468383789,6676.138167042867,2500.4928588867188,403.7060546875,6612.1753835995005,9339.149780273438,862.4993133544922,4970.923280071094,9136.648559570312,571.8206405639648,8750.368999816768,3097.034912109375,429.85626220703125,6482.321869834685,1,34.4654007,-5.19438601,0.06279,0.02514,0.02062,0.02845,0.1487,0.0791,0.1412,0.1326,0.1017,0.05114,1573.1084397533743,476.8172049385798,528.3276530641402,0.33324864506721497,True,7.739999999999963,0.019999999999999574,1.0,-0.5620032578880789,3.196758661061475,-9.352003219741107,9.949988736053816,-9.095871648799694,-0.25613157094141314
143020054,candels-cdfs-43,53.06877170648532,-27.795941372132717,0.7310553789138794,3.251310408813879e-05,O2,26.358423233032227,a,3,"Hg,Hb,O3_1,O3_2",12742,0.1599999964237213,24565,0.15000000596046448,8.859999656677246,1,1537.7932739257812,738.9383697509766,8669.044593737954,1523.2168579101562,457.2514343261719,8584.853902998197,5432.3858642578125,485.347900390625,6453.507705237476,nan,nan,nan,832.0992279052734,444.55928802490234,8415.372560047163,1,34.28749084,-5.19336319,0.1351,0.02996,0.159,0.03047,0.2706,0.09567,0.154,0.1604,0.2955,0.06531,122.13122469361122,120.05240591146563,64.56568189215646,0.7310553789138794,True,8.439999999999948,0.034999999999999254,1.0,-0.31803951344388,2.086826712089733,-9.178039170121126,7.123386380111605,-8.784970666192457,-0.393068503928669
143020054,candels-cdfs-43,53.06877170648532,-27.795941372132717,0.7310553789138794,3.251310408813879e-05,O2,26.358423233032227,a,3,"Hg,Hb,O3_1,O3_2",12742,0.1599999964237213,24565,0.15000000596046448,8.859999656677246,1,1537.7932739257812,738.9383697509766,8669.044593737954,1523.2168579101562,457.2514343261719,8584.853902998197,5432.3858642578125,485.347900390625,6453.507705237476,nan,nan,nan,832.0992279052734,444.55928802490234,8415.372560047163,1,189.25323486,62.26292419,0.1346,0.01751,,,0.1972,0.02728,0.1729,0.08512,0.1887,0.05473,129.7810406328061,126.6987496640109,67.19056771299685,0.7310553789138794,True,8.439999999999948,0.034999999999999254,1.0,-0.31803951344388,2.113211252171891,-9.178039170121126,7.123386380111605,-8.784970666192457,-0.393068503928669
145026073,candels-cdfs-45,53.06616816770797,-27.79731059062559,0.6771630644798279,5.5985688959481195e-05,O2,36.61613845825195,a,3,"O3_1,O3_2,Hb",12779,0.3499999940395355,24576,0.3499999940395355,9.760000228881836,1,2267.198028564453,930.9385681152344,8393.164887504505,2153.435516357422,378.95687103271484,8317.121240146758,12986.3525390625,850.5368804931641,6252.2766384018805,nan,nan,nan,3658.7612915039062,470.69000244140625,8153.206859966916,1,189.12329102,62.26291656,0.1757,0.01803,,,0.2865,0.02398,0.4533,0.06825,0.4561,0.04094,132.8151310408618,124.61707574689736,206.13965873191978,0.6771630644798279,True,7.639999999999965,0.024999999999999467,1.0,0.24400495108966982,2.123247555101399,-9.515995277792166,7.429575693012632,-9.139675882461457,-0.3763193953307091
145026073,candels-cdfs-45,53.06616816770797,-27.79731059062559,0.6771630644798279,5.5985688959481195e-05,O2,36.61613845825195,a,3,"O3_1,O3_2,Hb",12779,0.3499999940395355,24576,0.3499999940395355,9.760000228881836,1,2267.198028564453,930.9385681152344,8393.164887504505,2153.435516357422,378.95687103271484,8317.121240146758,12986.3525390625,850.5368804931641,6252.2766384018805,nan,nan,nan,3658.7612915039062,470.69000244140625,8153.206859966916,1,215.17982483,53.07984543,0.1998,0.04489,0.2871,0.06413,0.7581,0.05979,,,0.8055,0.08884,93.34463525162819,88.84088610983454,151.61495768488666,0.6771630644798279,True,7.629999999999965,0.024999999999999467,1.0,0.24400495108966982,1.970089363018194,-9.515995277792166,7.429575693012632,-9.139675882461457,-0.3763193953307091
145026073,candels-cdfs-45,53.06616816770797,-27.79731059062559,0.6771630644798279,5.5985688959481195e-05,O2,36.61613845825195,a,3,"O3_1,O3_2,Hb",12779,0.3499999940395355,24576,0.3499999940395355,9.760000228881836,1,2267.198028564453,930.9385681152344,8393.164887504505,2153.435516357422,378.95687103271484,8317.121240146758,12986.3525390625,850.5368804931641,6252.2766384018805,nan,nan,nan,3658.7612915039062,470.69000244140625,8153.206859966916,1,34.3576889,-5.19345617,0.1404,0.03627,0.3082,0.0378,0.4745,0.09331,0.4726,0.1585,0.5194,0.09535,91.44713214596753,86.0620054600986,143.30568387842155,0.6771630644798279,True,7.629999999999965,0.024999999999999467,1.0,0.24400495108966982,1.9611700902092555,-9.515995277792166,7.429575693012632,-9.139675882461457,-0.3763193953307091
145026073,candels-cdfs-45,53.06616816770797,-27.79731059062559,0.6771630644798279,5.5985688959481195e-05,O2,36.61613845825195,a,3,"O3_1,O3_2,Hb",12779,0.3499999940395355,24576,0.3499999940395355,9.760000228881836,1,2267.198028564453,930.9385681152344,8393.164887504505,2153.435516357422,378.95687103271484,8317.121240146758,12986.3525390625,850.5368804931641,6252.2766384018805,nan,nan,nan,3658.7612915039062,470.69000244140625,8153.206859966916,1,150.06726074,2.43195343,0.4121,0.08388,0.6537,0.0937,1.072,0.09953,0.9611,0.1813,1.199,0.1309,42.86061469630155,40.39000027937669,67.44990434071237,0.6771630644798279,True,7.599999999999966,0.024999999999999467,1.0,0.24400495108966982,1.6320583952941783,-9.515995277792166,7.429575693012632,-9.139675882461457,-0.3763193953307091
111008017,candels-cdfs-11,53.08795104349276,-27.79565005016784,0.6684194986005025,6.200561003026292e-06,O2,60.39863757514411,a,3,"Ne3,Hb,O3_1,O3_2",12863,0.06,24813,0.07,8.970000267028809,1,10688.51318359375,618.4191131591797,8354.44839002782,3418.597412109375,509.9415969848633,8272.60685149348,11115.56640625,421.4435577392578,6219.640842941157,nan,nan,nan,3405.2020263671875,284.02063369750977,8111.004510661526,1,214.96557617,52.92944336,0.44,0.0314,0.44,0.04884,0.7533,0.05078,0.7611,0.09285,0.8232,0.07776,297.94761554412423,94.57648740440214,92.78767157347977,0.6684194986005025,True,8.35999999999995,0.02999999999999936,1.0,0.19907531794776132,2.474139914143511,-8.770924949081047,7.4811452573119235,-8.867026813270297,0.09610186418924904
111008017,candels-cdfs-11,53.08795104349276,-27.79565005016784,0.6684194986005025,6.200561003026292e-06,O2,60.39863757514411,a,3,"Ne3,Hb,O3_1,O3_2",12863,0.06,24813,0.07,8.970000267028809,1,10688.51318359375,618.4191131591797,8354.44839002782,3418.597412109375,509.9415969848633,8272.60685149348,11115.56640625,421.4435577392578,6219.640842941157,nan,nan,nan,3405.2020263671875,284.02063369750977,8111.004510661526,1,150.12635803,2.43476295,1.221,0.04086,1.268,0.04502,1.821,0.07065,2.328,0.1263,2.635,0.09312,104.86131638996413,33.15381496082682,32.26886137999986,0.6684194986005025,True,8.389999999999949,0.034999999999999254,1.0,0.19907531794776132,2.020615305383321,-8.770924949081047,7.4811452573119235,-8.867026813270297,0.09610186418924904
106011042,candels-cdfs-06,53.077851090024126,-27.794880328833006,0.468480372755288,6.123650851211371e-06,O3_2,37.26610772177369,a,3,"O2,Hb,O3_1",12965,0.01,24990,0.04,8.930000305175781,1,5349.732666015625,390.6428527832031,7353.111482838975,1892.4530029296875,330.51788330078125,7283.280071197188,7566.199951171875,473.1904602050781,5474.7163144916785,nan,nan,nan,1565.894775390625,244.3136215209961,7138.6180959648955,1,189.17706299,62.26496124,0.0251,0.01607,,,0.2211,0.02419,0.1312,0.08817,0.2214,0.05722,1124.6688996831363,401.35953263474516,338.2935768088309,0.468480372755288,True,7.949999999999958,0.019999999999999574,1.0,-0.5101967622470382,3.0510246858207304,-9.440197067422819,8.825604626471863,-9.017112492117837,-0.42308457530498167
106011042,candels-cdfs-06,53.077851090024126,-27.794880328833006,0.468480372755288,6.123650851211371e-06,O3_2,37.26610772177369,a,3,"O2,Hb,O3_1",12965,0.01,24990,0.04,8.930000305175781,1,5349.732666015625,390.6428527832031,7353.111482838975,1892.4530029296875,330.51788330078125,7283.280071197188,7566.199951171875,473.1904602050781,5474.7163144916785,nan,nan,nan,1565.894775390625,244.3136215209961,7138.6180959648955,1,34.25655746,-5.19189787,0.05416,0.02996,0.04242,0.03007,0.07213,0.07176,0.2231,0.13,0.1905,0.04226,1165.1827753069488,401.34017366496704,313.9896791316436,0.468480372755288,True,7.939999999999959,0.024999999999999467,1.0,-0.5101967622470382,3.066394055903762,-9.440197067422819,8.825604626471863,-9.017112492117837,-0.42308457530498167
106011042,candels-cdfs-06,53.077851090024126,-27.794880328833006,0.468480372755288,6.123650851211371e-06,O3_2,37.26610772177369,a,3,"O2,Hb,O3_1",12965,0.01,24990,0.04,8.930000305175781,1,5349.732666015625,390.6428527832031,7353.111482838975,1892.4530029296875,330.51788330078125,7283.280071197188,7566.199951171875,473.1904602050781,5474.7163144916785,nan,nan,nan,1565.894775390625,244.3136215209961,7138.6180959648955,1,150.06274414,2.43635035,0.2429,0.05259,0.3888,0.06037,0.4914,0.06315,0.2826,0.1147,0.4582,0.06021,157.16168463435696,55.34560798986482,45.36355790295465,0.468480372755288,True,8.479999999999947,0.03999999999999915,1.0,-0.5101967622470382,2.1963466754177277,-9.440197067422819,8.825604626471863,-9.017112492117837,-0.42308457530498167
106011042,candels-cdfs-06,53.077851090024126,-27.794880328833006,0.468480372755288,6.123650851211371e-06,O3_2,37.26610772177369,a,3,"O2,Hb,O3_1",12965,0.01,24990,0.04,8.930000305175781,1,5349.732666015625,390.6428527832031,7353.111482838975,1892.4530029296875,330.51788330078125,7283.280071197188,7566.199951171875,473.1904602050781,5474.7163144916785,nan,nan,nan,1565.894775390625,244.3136215209961,7138.6180959648955,1,214.86083984,52.85614777,0.02903,0.03406,0.1587,0.05107,0.2284,0.05342,0.3383,0.07877,0.2762,0.07292,554.4956279898422,202.83954513546013,180.0963598366985,0.468480372755288,True,7.949999999999958,0.024999999999999467,1.0,-0.5101967622470382,2.743898126233832,-9.440197067422819,8.825604626471863,-9.017112492117837,-0.42308457530498167
130021040,candels-cdfs-30,53.10974733183034,-27.78955062060693,0.7370058298110962,6.391029455699027e-05,O3_2,38.62092971801758,a,3,"O3_1,O2,Ne3,Hb",13743,0.47999998927116394,26212,0.49000000953674316,9.319999694824219,1,7715.5078125,691.934814453125,8698.343068572422,2896.2252807617188,736.2084197998047,8615.017191676172,7930.9808349609375,593.5439682006836,6475.8111577054,nan,nan,nan,2358.1690979003906,435.5763626098633,8444.939839326278,1,189.3283844,62.27060318,0.1668,0.02122,,,0.07946,0.03236,0.2211,0.07946,0.1972,0.04745,942.9115430350691,343.8863334137647,263.76342583406637,0.7370058298110962,True,7.809999999999961,0.02999999999999936,1.0,0.14296267182998026,2.974470952362282,-9.177037022994238,7.090768052917833,-8.939450323671764,-0.237586699322474
130021040,candels-cdfs-30,53.10974733183034,-27.78955062060693,0.7370058298110962,6.391029455699027e-05,O3_2,38.62092971801758,a,3,"O3_1,O2,Ne3,Hb",13743,0.47999998927116394,26212,0.49000000953674316,9.319999694824219,1,7715.5078125,691.934814453125,8698.343068572422,2896.2252807617188,736.2084197998047,8615.017191676172,7930.9808349609375,593.5439682006836,6475.8111577054,nan,nan,nan,2358.1690979003906,435.5763626098633,8444.939839326278,1,150.095047,2.45057201,0.3777,0.04114,0.8352,0.04645,1.132,0.06061,1.512,0.1069,1.419,0.07931,121.7451672323583,45.130463960299636,35.80332255195629,0.7370058298110962,True,8.34999999999995,0.03999999999999915,1.0,0.14296267182998026,2.085451730576806,-9.177037022994238,7.090768052917833,-8.939450323671764,-0.237586699322474
135017186,candels-cdfs-35,53.130596180420625,-27.790132903593328,0.6664397716522217,1.5556011931039393e-05,O2,67.65174865722656,a,3,"Hg,Hb,O3_1,O3_2",13822,0.4399999976158142,26322,0.4300000071525574,9.819999694824219,1,3258.7347412109375,749.5071411132812,8350.211774703308,2784.5330810546875,385.04695892333984,8264.1101117579,22254.63623046875,640.8214569091797,6212.73799905677,nan,nan,nan,6208.4808349609375,444.81239318847656,8101.669294557299,1,214.87757874,52.87347031,0.4659,0.03319,0.402,0.04931,0.7628,0.04483,0.5989,0.07339,0.8199,0.04644,98.55502155992065,83.7491565323168,184.76232613725594,0.6664397716522217,True,7.629999999999965,0.024999999999999467,1.0,0.4567833491059222,1.9936787572831873,-9.363216345718296,7.492897477838381,-9.170067753198426,-0.19314859251987038
135017186,candels-cdfs-35,53.130596180420625,-27.790132903593328,0.6664397716522217,1.5556011931039393e-05,O2,67.65174865722656,a,3,"Hg,Hb,O3_1,O3_2",13822,0.4399999976158142,26322,0.4300000071525574,9.819999694824219,1,3258.7347412109375,749.5071411132812,8350.211774703308,2784.5330810546875,385.04695892333984,8264.1101117579,22254.63623046875,640.8214569091797,6212.73799905677,nan,nan,nan,6208.4808349609375,444.81239318847656,8101.669294557299,1,189.48674011,62.27051163,0.598,0.02323,,,1.259,0.0574,,,1.586,0.1198,49.505267787823406,41.86518204234081,91.50895273627256,0.6664397716522217,True,7.609999999999966,0.024999999999999467,1.0,0.4567833491059222,1.6946514140741733,-9.363216345718296,7.492897477838381,-9.170067753198426,-0.19314859251987038
146037288,candels-cdfs-46,53.04833591152989,-27.787977751012825,0.6700888872146606,1.4775107047171332e-05,O2,41.77786636352539,a,3,"O3_2,O3_1,Hg,Hb",13882,0.1599999964237213,26473,0.1599999964237213,8.989999771118164,1,4872.861633300781,569.4338607788086,8361.767350347087,955.1932525634766,670.9797668457031,8281.494646384199,6785.6463623046875,590.8483505249023,6226.668158326801,nan,nan,nan,1993.9535522460938,333.3175277709961,8119.667498042943,1,150.14950562,2.45371342,0.3828,0.03975,0.5411,0.04471,0.6362,0.05474,0.6279,0.1207,0.6831,0.09056,114.10986884505517,22.01937355436504,44.510808732499356,0.6700888872146606,True,8.36999999999995,0.034999999999999254,1.0,-0.030716307346541023,2.0573232062026774,-9.020716078464705,7.47125711848447,-8.872893274759264,-0.14782280370544143
146031280,candels-cdfs-46,53.05111731994357,-27.78718339828051,0.5778080224990845,5.7148365158354864e-05,O3_2,24.210023880004883,a,3,"O3_1,O2,Hg,Hb",13985,0.2199999988079071,26615,0.20999999344348907,8.569999694824219,1,3271.290283203125,369.8868942260742,7900.672213494519,753.8355255126953,455.9969711303711,7827.070488010646,4334.7113037109375,640.9539794921875,5881.524555883723,nan,nan,nan,589.3392944335938,300.7143211364746,7671.210785803877,1,189.37373352,62.2723732,0.1479,0.02604,,,0.386,0.04654,,,0.3406,0.07327,174.96303974988942,40.05056967253574,30.865676421375543,0.5778080224990845,True,8.519999999999946,0.03999999999999915,1.0,-0.7160751663821971,2.242946315383578,-9.286074861206416,8.049208266013824,-8.789311563876545,-0.49676329732987057
141030126,candels-cdfs-41,53.085950476038505,-27.788049695764418,0.7333706021308899,8.857884677127004e-05,O2,28.267972946166992,a,3,"O3_2,O3_1,Hg,Hb",14190,0.33000001311302185,26730,0.3199999928474426,10.020000457763672,1,5582.47802734375,903.3871459960938,8685.331203418724,2058.407745361328,507.80208587646484,8603.430320271778,12324.89501953125,896.3480377197266,6462.589009462863,nan,nan,nan,2270.8331298828125,966.5550231933594,8427.561553886726,1,150.07923889,2.45678687,0.2168,0.05624,0.5519,0.06398,0.5844,0.06565,0.6367,0.1246,0.8448,0.08536,138.82085986321977,50.288431073915824,53.37725542853302,0.7333706021308899,True,8.419999999999948,0.034999999999999254,1.0,0.12132558604579356,2.1424547301160093,-9.898674871717878,7.11066780003515,-9.18349787513362,-0.7151769965842583
141030126,candels-cdfs-41,53.085950476038505,-27.788049695764418,0.7333706021308899,8.857884677127004e-05,O2,28.267972946166992,a,3,"O3_2,O3_1,Hg,Hb",14190,0.33000001311302185,26730,0.3199999928474426,10.020000457763672,1,5582.47802734375,903.3871459960938,8685.331203418724,2058.407745361328,507.80208587646484,8603.430320271778,12324.89501953125,896.3480377197266,6462.589009462863,nan,nan,nan,2270.8331298828125,966.5550231933594,8427.561553886726,1,214.83526611,52.84489059,0.08516,0.03046,0.1902,0.04601,0.1919,0.0415,0.07605,0.089,0.2779,0.0459,406.14525188163026,146.9740240837962,155.6462757650822,0.7333706021308899,True,7.929999999999959,0.034999999999999254,1.0,0.12132558604579356,2.6086813803977402,-9.898674871717878,7.11066780003515,-9.18349787513362,-0.7151769965842583
141030126,candels-cdfs-41,53.085950476038505,-27.788049695764418,0.7333706021308899,8.857884677127004e-05,O2,28.267972946166992,a,3,"O3_2,O3_1,Hg,Hb",14190,0.33000001311302185,26730,0.3199999928474426,10.020000457763672,1,5582.47802734375,903.3871459960938,8685.331203418724,2058.407745361328,507.80208587646484,8603.430320271778,12324.89501953125,896.3480377197266,6462.589009462863,nan,nan,nan,2270.8331298828125,966.5550231933594,8427.561553886726,1,34.42916107,-5.18607903,0.04007,0.03035,0.01429,0.03463,0.145,0.0764,0.05852,0.1439,0.09708,0.04335,3635.23966474774,1383.0238661927267,1633.4776418312824,0.7333706021308899,True,7.939999999999959,0.019999999999999574,1.0,0.12132558604579356,3.5605330483852367,-9.898674871717878,7.11066780003515,-9.18349787513362,-0.7151769965842583
141030126,candels-cdfs-41,53.085950476038505,-27.788049695764418,0.7333706021308899,8.857884677127004e-05,O2,28.267972946166992,a,3,"O3_2,O3_1,Hg,Hb",14190,0.33000001311302185,26730,0.3199999928474426,10.020000457763672,1,5582.47802734375,903.3871459960938,8685.331203418724,2058.407745361328,507.80208587646484,8603.430320271778,12324.89501953125,896.3480377197266,6462.589009462863,nan,nan,nan,2270.8331298828125,966.5550231933594,8427.561553886726,1,189.3114624,62.27297974,0.04047,0.01994,,,0.1385,0.03559,0.1326,0.06111,0.156,0.04221,1015.2485614912191,373.11566446078746,408.67011484342686,0.7333706021308899,True,7.88999999999996,0.024999999999999467,1.0,0.12132558604579356,3.0065723828093356,-9.898674871717878,7.11066780003515,-9.18349787513362,-0.7151769965842583
146026263,candels-cdfs-46,53.047942575338446,-27.786892060410715,0.5760900378227234,4.984682527719997e-05,O2,32.38872528076172,a,3,"Ne3,O3_1,O3_2,Hg,Hb",14408,0.25,27168,0.23999999463558197,10.149999618530273,1,4999.9053955078125,631.6494750976562,7889.472429172462,1703.50830078125,419.3658447265625,7814.474496557188,17789.068603515625,979.3833160400391,5874.76739308779,nan,nan,nan,3571.4895629882812,428.6339569091797,7665.669449760042,1,189.16647339,62.27524567,0.1861,0.02097,,,0.3151,0.02836,0.4199,0.07888,0.264,0.04053,250.79919533554167,84.39999237084795,172.60213547329542,0.5760900378227234,True,7.86999999999996,0.024999999999999467,1.0,0.06328651721978894,2.3993261387699443,-10.086713101310485,8.060602593090035,-9.37452659809463,-0.7121865032158556
146026263,candels-cdfs-46,53.047942575338446,-27.786892060410715,0.5760900378227234,4.984682527719997e-05,O2,32.38872528076172,a,3,"Ne3,O3_1,O3_2,Hg,Hb",14408,0.25,27168,0.23999999463558197,10.149999618530273,1,4999.9053955078125,631.6494750976562,7889.472429172462,1703.50830078125,419.3658447265625,7814.474496557188,17789.068603515625,979.3833160400391,5874.76739308779,nan,nan,nan,3571.4895629882812,428.6339569091797,7665.669449760042,1,214.7935791,52.81685257,0.2729,0.02974,0.5224,0.04642,0.405,0.04079,0.2294,0.08188,0.4338,0.03162,114.40350515755027,39.01837679411932,81.97376477402709,0.5760900378227234,True,8.599999999999945,0.024999999999999467,1.0,0.06328651721978894,2.0584393308141906,-10.086713101310485,8.060602593090035,-9.37452659809463,-0.7121865032158556
146026263,candels-cdfs-46,53.047942575338446,-27.786892060410715,0.5760900378227234,4.984682527719997e-05,O2,32.38872528076172,a,3,"Ne3,O3_1,O3_2,Hg,Hb",14408,0.25,27168,0.23999999463558197,10.149999618530273,1,4999.9053955078125,631.6494750976562,7889.472429172462,1703.50830078125,419.3658447265625,7814.474496557188,17789.068603515625,979.3833160400391,5874.76739308779,nan,nan,nan,3571.4895629882812,428.6339569091797,7665.669449760042,1,34.49020386,-5.184484,0.0254,0.04445,0.1415,0.04948,0.2354,0.07669,0.1848,0.1554,0.005496,0.04072,454.3492080907957,160.17779152979764,359.7146915140654,0.5760900378227234,True,7.88999999999996,0.024999999999999467,1.0,0.06328651721978894,2.6573897754344324,-10.086713101310485,8.060602593090035,-9.37452659809463,-0.7121865032158556
141019096,candels-cdfs-41,53.08698698846559,-27.78485718600519,0.6681190133094788,0.0001406325027346611,O2,42.16063690185547,a,3,"O3_2,O3_1,Hg,Hb",14864,0.5199999809265137,27247,0.5600000023841858,10.569999694824219,1,3837.0523071289062,770.694580078125,8351.065217013298,1809.4361877441406,473.9670181274414,8269.932215041797,24365.40771484375,1202.6272583007812,6218.122364548345,nan,nan,nan,10736.1669921875,770.9456634521484,8108.695335767235,1,214.86859131,52.8692627,0.6108,0.03261,2.43,0.04858,8.091,0.04082,9.819,0.07738,11.49,0.07369,18.332686132018278,8.70896272776836,52.446384802294396,0.6681190133094788,True,7.359999999999971,0.024999999999999467,1.0,0.6973065146776178,1.2632261030879715,-9.872693180146602,7.482927213595756,-9.434535955142916,-0.43815722500368537
141019096,candels-cdfs-41,53.08698698846559,-27.78485718600519,0.6681190133094788,0.0001406325027346611,O2,42.16063690185547,a,3,"O3_2,O3_1,Hg,Hb",14864,0.5199999809265137,27247,0.5600000023841858,10.569999694824219,1,3837.0523071289062,770.694580078125,8351.065217013298,1809.4361877441406,473.9670181274414,8269.932215041797,24365.40771484375,1202.6272583007812,6218.122364548345,nan,nan,nan,10736.1669921875,770.9456634521484,8108.695335767235,1,189.36711121,62.27583694,1.377,0.03341,,,3.509,0.07919,,,5.466,0.1631,23.18654722594727,10.854961683645637,63.470908239426116,0.6681190133094788,True,7.369999999999971,0.024999999999999467,1.0,0.6973065146776178,1.3652360814382571,-9.872693180146602,7.482927213595756,-9.434535955142916,-0.43815722500368537
141019096,candels-cdfs-41,53.08698698846559,-27.78485718600519,0.6681190133094788,0.0001406325027346611,O2,42.16063690185547,a,3,"O3_2,O3_1,Hg,Hb",14864,0.5199999809265137,27247,0.5600000023841858,10.569999694824219,1,3837.0523071289062,770.694580078125,8351.065217013298,1809.4361877441406,473.9670181274414,8269.932215041797,24365.40771484375,1202.6272583007812,6218.122364548345,nan,nan,nan,10736.1669921875,770.9456634521484,8108.695335767235,1,150.1852417,2.46299696,0.1041,0.0692,0.08877,0.08021,0.351,0.08085,,,0.4473,0.08045,494.78264501382324,235.95096127534,1431.966192033456,0.6681190133094788,True,7.499999999999968,0.024999999999999467,1.0,0.6973065146776178,2.694414457919663,-9.872693180146602,7.482927213595756,-9.434535955142916,-0.43815722500368537
143025084,candels-cdfs-43,53.07100161250063,-27.785897818964813,0.7627275586128235,5.777670594397932e-05,O2,51.46297836303711,a,3,"O3_2,Hb,O3_1,Hg",14400,0.07000000029802322,27337,0.03999999910593033,9.640000343322754,1,2242.53662109375,2012.611083984375,8821.272270160218,4166.587219238281,754.5987701416016,8746.374502994695,16648.404541015625,922.4576568603516,6571.618620606414,nan,nan,nan,5810.654296875,622.8749847412109,8570.621010546465,1,214.78215027,52.80931854,0.08479,0.02835,0.1301,0.04263,0.08581,0.03965,0.2777,0.08233,0.2034,0.02808,268.72424238703906,486.87374255475817,639.4954208292561,0.7627275586128235,True,7.629999999999965,0.019999999999999574,1.0,0.5710461039264676,2.4293068471551975,-9.068954239396286,6.952376751682689,-9.030182383347931,-0.038771856048354536
143025084,candels-cdfs-43,53.07100161250063,-27.785897818964813,0.7627275586128235,5.777670594397932e-05,O2,51.46297836303711,a,3,"O3_2,Hb,O3_1,Hg",14400,0.07000000029802322,27337,0.03999999910593033,9.640000343322754,1,2242.53662109375,2012.611083984375,8821.272270160218,4166.587219238281,754.5987701416016,8746.374502994695,16648.404541015625,922.4576568603516,6571.618620606414,nan,nan,nan,5810.654296875,622.8749847412109,8570.621010546465,1,189.14050293,62.27595901,0.2065,0.01916,,,0.3324,0.02541,0.2697,0.06706,0.3954,0.04472,120.35052354029676,221.02864246265037,299.8430442280518,0.7627275586128235,True,7.5699999999999665,0.019999999999999574,1.0,0.5710461039264676,2.080447983852157,-9.068954239396286,6.952376751682689,-9.030182383347931,-0.038771856048354536
143025084,candels-cdfs-43,53.07100161250063,-27.785897818964813,0.7627275586128235,5.777670594397932e-05,O2,51.46297836303711,a,3,"O3_2,Hb,O3_1,Hg",14400,0.07000000029802322,27337,0.03999999910593033,9.640000343322754,1,2242.53662109375,2012.611083984375,8821.272270160218,4166.587219238281,754.5987701416016,8746.374502994695,16648.404541015625,922.4576568603516,6571.618620606414,nan,nan,nan,5810.654296875,622.8749847412109,8570.621010546465,1,150.13873291,2.46457934,,,0.002001,717.7,3.154,0.06904,3.54,0.1295,3.823,0.1172,3478.5072335216546,7335.660620369067,13830.25586559574,0.7627275586128235,True,7.739999999999963,0.019999999999999574,1.0,0.5710461039264676,3.5413929108057207,-9.068954239396286,6.952376751682689,-9.030182383347931,-0.038771856048354536
143025084,candels-cdfs-43,53.07100161250063,-27.785897818964813,0.7627275586128235,5.777670594397932e-05,O2,51.46297836303711,a,3,"O3_2,Hb,O3_1,Hg",14400,0.07000000029802322,27337,0.03999999910593033,9.640000343322754,1,2242.53662109375,2012.611083984375,8821.272270160218,4166.587219238281,754.5987701416016,8746.374502994695,16648.404541015625,922.4576568603516,6571.618620606414,nan,nan,nan,5810.654296875,622.8749847412109,8570.621010546465,1,34.4689064,-5.18397903,0.04151,0.02552,0.1384,0.02863,0.1355,0.0827,0.1445,0.1415,0.1409,0.05924,232.72587513975898,424.9133442800173,568.4436727219471,0.7627275586128235,True,7.629999999999965,0.024999999999999467,1.0,0.5710461039264676,2.3668446720950134,-9.068954239396286,6.952376751682689,-9.030182383347931,-0.038771856048354536
146023260,candels-cdfs-46,53.04662680218555,-27.784799800971644,0.5447445511817932,7.663737051188946e-06,O3_2,179.21047973632812,a,3,"O2,Ne3,He1,Ne3,Hd,Hg,Hb,O3_1",14429,0.4300000071525574,27464,0.4300000071525574,8.270000457763672,1,16930.242919921875,433.5797882080078,7734.967466025029,4934.491271972656,372.8133010864258,7660.879272329942,7394.1064453125,485.2103805541992,5758.391887060414,nan,nan,nan,3524.9087524414062,293.4026336669922,7510.414732462266,1,214.83343506,52.84642029,0.04586,0.02882,0.02062,0.04334,0.07924,0.03803,0.2074,0.08194,0.1025,0.02708,8120.519856859826,2264.411499775961,1476.6375742707703,0.5447445511817932,True,7.699999999999964,0.024999999999999467,1.0,-0.0009760220181792793,3.9095838326572814,-8.27097647978185,8.272838715639319,-8.70201369362076,0.43103721383890914
146023260,candels-cdfs-46,53.04662680218555,-27.784799800971644,0.5447445511817932,7.663737051188946e-06,O3_2,179.21047973632812,a,3,"O2,Ne3,He1,Ne3,Hd,Hg,Hb,O3_1",14429,0.4300000071525574,27464,0.4300000071525574,8.270000457763672,1,16930.242919921875,433.5797882080078,7734.967466025029,4934.491271972656,372.8133010864258,7660.879272329942,7394.1064453125,485.2103805541992,5758.391887060414,nan,nan,nan,3524.9087524414062,293.4026336669922,7510.414732462266,1,189.32513428,62.27666473,0.3287,0.02111,,,0.7918,0.04998,0.8335,0.2601,0.8102,0.07748,413.0463906239376,119.44043097702004,83.94493840627148,0.5447445511817932,True,8.199999999999953,0.02999999999999936,1.0,-0.0009760220181792793,2.6159988314640197,-8.27097647978185,8.272838715639319,-8.70201369362076,0.43103721383890914
146023260,candels-cdfs-46,53.04662680218555,-27.784799800971644,0.5447445511817932,7.663737051188946e-06,O3_2,179.21047973632812,a,3,"O2,Ne3,He1,Ne3,Hd,Hg,Hb,O3_1",14429,0.4300000071525574,27464,0.4300000071525574,8.270000457763672,1,16930.242919921875,433.5797882080078,7734.967466025029,4934.491271972656,372.8133010864258,7660.879272329942,7394.1064453125,485.2103805541992,5758.391887060414,nan,nan,nan,3524.9087524414062,293.4026336669922,7510.414732462266,1,34.48867035,-5.18382978,0.5695,0.05387,1.039,0.05978,1.716,0.09289,1.972,0.1765,1.808,0.09918,194.01221705702054,56.519994631570675,40.33505992507585,0.5447445511817932,True,8.199999999999953,0.03999999999999915,1.0,-0.0009760220181792793,2.2878290785559527,-8.27097647978185,8.272838715639319,-8.70201369362076,0.43103721383890914
143001005,candels-cdfs-43,53.06448770178101,-27.784587040539368,0.3638169765472412,3.159918196615763e-05,Ha,14.458846092224121,a,3,"O2,Hb,O3_1,O3_2,O1",14624,0.1599999964237213,27692,0.17000000178813934,8.630000114440918,1,1757.7694702148438,446.2761688232422,6828.463515863302,641.0291290283203,199.51227188110352,6764.126978972108,4973.6798095703125,825.5303192138672,5085.3986438780685,4538.662414550781,646.6853332519531,8951.474001410279,476.00894927978516,247.9166603088379,6630.888896795482,1,189.32162476,62.27769089,0.1088,0.0235,,,0.3555,0.05282,0.09486,0.106,0.3671,0.08436,110.3697870987476,40.094135345527825,29.53089870373995,0.3638169765472412,True,8.679999999999943,0.03999999999999915,1.0,-1.2865339440781796,2.042850204805675,-9.916534058519098,9.678106335115382,-8.9977818497179,-0.9187522088011981
131007064,candels-cdfs-31,53.11074435284012,-27.780175038523783,0.33677226305007935,4.704622915596701e-05,Ha,51.37492752075195,a,3,"O2,Hb,O3_1,O3_2,N2_1,N2_2,S2_1,S2_2",15604,0.2199999988079071,28410,0.20999999344348907,10.020000457763672,1,3734.8297119140625,402.2048568725586,6694.988812804335,1110.609130859375,306.8047904968262,6631.1227512310625,15005.72509765625,936.9335174560547,4984.895473722382,20560.966796875,1506.1814880371094,8774.359479645424,1861.2110900878906,434.80247497558594,6497.746091250849,1,34.23961639,-5.18040895,0.03751,0.05943,0.2245,0.06045,0.5297,0.1903,0.513,0.3353,0.4797,0.1154,401.657933894857,123.88099719276536,224.3132236005352,0.33677226305007935,True,8.079999999999956,0.019999999999999574,1.0,-0.7725436310096587,2.603856349944327,-10.792544088773331,9.918083219245029,-9.606070077446542,-1.1864740113267889
131007064,candels-cdfs-31,53.11074435284012,-27.780175038523783,0.33677226305007935,4.704622915596701e-05,Ha,51.37492752075195,a,3,"O2,Hb,O3_1,O3_2,N2_1,N2_2,S2_1,S2_2",15604,0.2199999988079071,28410,0.20999999344348907,10.020000457763672,1,3734.8297119140625,402.2048568725586,6694.988812804335,1110.609130859375,306.8047904968262,6631.1227512310625,15005.72509765625,936.9335174560547,4984.895473722382,20560.966796875,1506.1814880371094,8774.359479645424,1861.2110900878906,434.80247497558594,6497.746091250849,1,150.19018555,2.47865629,0.1984,0.07026,0.2959,0.07709,0.4281,0.0582,,,0.4116,0.05098,132.2033438352528,39.04892511799485,64.51275479901318,0.33677226305007935,True,8.719999999999942,0.049999999999998934,1.0,-0.7725436310096587,2.121242439951687,-10.792544088773331,9.918083219245029,-9.606070077446542,-1.1864740113267889
131007064,candels-cdfs-31,53.11074435284012,-27.780175038523783,0.33677226305007935,4.704622915596701e-05,Ha,51.37492752075195,a,3,"O2,Hb,O3_1,O3_2,N2_1,N2_2,S2_1,S2_2",15604,0.2199999988079071,28410,0.20999999344348907,10.020000457763672,1,3734.8297119140625,402.2048568725586,6694.988812804335,1110.609130859375,306.8047904968262,6631.1227512310625,15005.72509765625,936.9335174560547,4984.895473722382,20560.966796875,1506.1814880371094,8774.359479645424,1861.2110900878906,434.80247497558594,6497.746091250849,1,189.08346558,62.28152466,0.1594,0.01929,,,0.3138,0.03523,,,0.4627,0.06327,172.56197170671194,50.780332195589814,83.23500289981058,0.33677226305007935,True,8.149999999999954,0.024999999999999467,1.0,-0.7725436310096587,2.236945094405875,-10.792544088773331,9.918083219245029,-9.606070077446542,-1.1864740113267889
146050330,candels-cdfs-46,53.059348216007095,-27.77985429329958,0.8400232195854187,0.00010738152195699513,O2,39.98572540283203,a,3,"O3_1,O3_2,Hb,Hg,Ne3",15251,0.18000000715255737,28699,0.17000000178813934,9.1899995803833,1,3701.9461059570312,458.24291229248047,9213.980014108201,842.5714874267578,333.5597229003906,9126.076650631505,6585.5853271484375,551.1612319946289,6858.248242171867,nan,nan,nan,1466.2107849121094,573.2881927490234,8948.153750698235,1,150.07669067,2.482306,0.3614,0.07095,0.2389,0.07955,0.4895,0.05745,,,0.4921,0.07451,193.89074733701264,43.97862271270015,75.99177796891306,0.8400232195854187,True,8.34999999999995,0.034999999999999254,1.0,0.07577120690754668,2.287557084600328,-9.114228373475754,6.560649139766917,-8.826329961365968,-0.2878984121097865
146050330,candels-cdfs-46,53.059348216007095,-27.77985429329958,0.8400232195854187,0.00010738152195699513,O2,39.98572540283203,a,3,"O3_1,O3_2,Hb,Hg,Ne3",15251,0.18000000715255737,28699,0.17000000178813934,9.1899995803833,1,3701.9461059570312,458.24291229248047,9213.980014108201,842.5714874267578,333.5597229003906,9126.076650631505,6585.5853271484375,551.1612319946289,6858.248242171867,nan,nan,nan,1466.2107849121094,573.2881927490234,8948.153750698235,1,34.36129379,-5.17944908,0.2652,0.03881,0.3392,0.04022,0.7082,0.1005,0.6949,0.1693,0.6406,0.126,135.77557967177373,30.8096635856114,53.282326647091,0.8400232195854187,True,8.34999999999995,0.03999999999999915,1.0,0.07577120690754668,2.1328216656183403,-9.114228373475754,6.560649139766917,-8.826329961365968,-0.2878984121097865
146050330,candels-cdfs-46,53.059348216007095,-27.77985429329958,0.8400232195854187,0.00010738152195699513,O2,39.98572540283203,a,3,"O3_1,O3_2,Hb,Hg,Ne3",15251,0.18000000715255737,28699,0.17000000178813934,9.1899995803833,1,3701.9461059570312,458.24291229248047,9213.980014108201,842.5714874267578,333.5597229003906,9126.076650631505,6585.5853271484375,551.1612319946289,6858.248242171867,nan,nan,nan,1466.2107849121094,573.2881927490234,8948.153750698235,1,214.82661438,52.84617996,0.2098,0.02981,0.1902,0.04452,0.2094,0.04454,0.4204,0.08717,0.4975,0.05557,294.7237164500768,65.94484653474771,110.80244274112114,0.8400232195854187,True,8.34999999999995,0.02999999999999936,1.0,0.07577120690754668,2.469415084981142,-9.114228373475754,6.560649139766917,-8.826329961365968,-0.2878984121097865
146050330,candels-cdfs-46,53.059348216007095,-27.77985429329958,0.8400232195854187,0.00010738152195699513,O2,39.98572540283203,a,3,"O3_1,O3_2,Hb,Hg,Ne3",15251,0.18000000715255737,28699,0.17000000178813934,9.1899995803833,1,3701.9461059570312,458.24291229248047,9213.980014108201,842.5714874267578,333.5597229003906,9126.076650631505,6585.5853271484375,551.1612319946289,6858.248242171867,nan,nan,nan,1466.2107849121094,573.2881927490234,8948.153750698235,1,189.28213501,62.28331375,0.1616,0.03432,,,0.3883,0.04595,0.4309,0.1498,0.4882,0.08233,212.33140015692186,47.94730218979472,82.09481365746493,0.8400232195854187,True,8.34999999999995,0.02999999999999936,1.0,0.07577120690754668,2.327014223588985,-9.114228373475754,6.560649139766917,-8.826329961365968,-0.2878984121097865
131012098,candels-cdfs-31,53.09836432698452,-27.777142020334278,0.4242933392524719,4.977098069502972e-05,O3_2,41.87788391113281,a,3,"O2,Hb,O3_1,Ha",15717,0.2800000011920929,29472,0.27000001072883606,8.989999771118164,1,6690.7232666015625,423.2647705078125,7131.2073937996975,2375.447235107422,382.4367141723633,7061.907494316956,11887.144775390625,690.9957122802734,5309.837424986685,10557.78564453125,1031.6496276855469,9347.857144362482,1777.73193359375,437.96630859375,6922.0894099909365,1,150.07275391,2.49343681,0.625,0.07925,0.5286,0.09021,0.5973,0.06496,,,0.8748,0.09675,110.66279090283277,38.32540416899668,27.259480667944,0.4242933392524719,True,8.599999999999945,0.03999999999999915,1.0,-0.5572288504872877,2.0440016188730326,-9.547228621605452,9.171416786576737,-9.083271021971473,-0.46395759963397865
131012098,candels-cdfs-31,53.09836432698452,-27.777142020334278,0.4242933392524719,4.977098069502972e-05,O3_2,41.87788391113281,a,3,"O2,Hb,O3_1,Ha",15717,0.2800000011920929,29472,0.27000001072883606,8.989999771118164,1,6690.7232666015625,423.2647705078125,7131.2073937996975,2375.447235107422,382.4367141723633,7061.907494316956,11887.144775390625,690.9957122802734,5309.837424986685,10557.78564453125,1031.6496276855469,9347.857144362482,1777.73193359375,437.96630859375,6922.0894099909365,1,34.39632416,-5.17691612,0.1457,0.03693,0.05243,0.04449,0.1844,0.1056,0.4607,0.1838,0.4734,0.1326,795.390079905443,268.1027400602597,180.40212397484802,0.4242933392524719,True,8.109999999999955,0.024999999999999467,1.0,-0.5572288504872877,2.900580170168704,-9.547228621605452,9.171416786576737,-9.083271021971473,-0.46395759963397865
131012098,candels-cdfs-31,53.09836432698452,-27.777142020334278,0.4242933392524719,4.977098069502972e-05,O3_2,41.87788391113281,a,3,"O2,Hb,O3_1,Ha",15717,0.2800000011920929,29472,0.27000001072883606,8.989999771118164,1,6690.7232666015625,423.2647705078125,7131.2073937996975,2375.447235107422,382.4367141723633,7061.907494316956,11887.144775390625,690.9957122802734,5309.837424986685,10557.78564453125,1031.6496276855469,9347.857144362482,1777.73193359375,437.96630859375,6922.0894099909365,1,189.31936646,62.28735352,0.04456,0.0357,,,0.2137,0.06925,0.4108,0.1366,0.4282,0.07093,948.6005790479048,337.13063730327633,252.82807147848837,0.4242933392524719,True,8.029999999999957,0.024999999999999467,1.0,-0.5572288504872877,2.9770833854194083,-9.547228621605452,9.171416786576737,-9.083271021971473,-0.46395759963397865
139040292,candels-cdfs-39,53.137142878018494,-27.76850145921147,0.3678096830844879,2.642251092765946e-05,Ha,57.638858795166016,a,3,"O3_2,O3_1,S2_2,N2_2,Hb,O2,S2_1",17332,1.7000000476837158,29723,1.7000000476837158,9.960000038146973,1,5082.818603515625,556.9380950927734,6849.084225617595,1251.5631866455078,236.34849548339844,6784.026849191977,25600.29052734375,1725.5868530273438,5095.104131586693,24286.59912109375,1252.5981140136719,8977.538305427994,1274.2333984375,356.24889373779297,6643.349772529164,1,189.08230591,62.28858566,0.2257,0.0242,,,0.2581,0.05441,,,0.2358,0.07825,189.04344684709395,45.74735350869628,44.8331595995436,0.3678096830844879,True,8.449999999999948,0.02999999999999936,1.0,-0.8478134886726972,2.2765616272289773,-10.80781352681967,9.64339973583804,-9.54008084031848,-1.2677326865011906
139040292,candels-cdfs-39,53.137142878018494,-27.76850145921147,0.3678096830844879,2.642251092765946e-05,Ha,57.638858795166016,a,3,"O3_2,O3_1,S2_2,N2_2,Hb,O2,S2_1",17332,1.7000000476837158,29723,1.7000000476837158,9.960000038146973,1,5082.818603515625,556.9380950927734,6849.084225617595,1251.5631866455078,236.34849548339844,6784.026849191977,25600.29052734375,1725.5868530273438,5095.104131586693,24286.59912109375,1252.5981140136719,8977.538305427994,1274.2333984375,356.24889373779297,6643.349772529164,1,214.96568298,52.94931412,0.1373,0.02873,0.1854,0.04421,0.144,0.05441,0.2406,0.0867,0.1645,0.03416,276.8822710309102,67.51375488113418,67.27521040669946,0.3678096830844879,True,8.029999999999957,0.034999999999999254,1.0,-0.8478134886726972,2.442295148450719,-10.80781352681967,9.64339973583804,-9.54008084031848,-1.2677326865011906
144028087,candels-cdfs-44,53.07330559142102,-27.774519865547735,0.6700549125671387,1.2890216567029711e-05,O3_2,31.98973846435547,a,3,"O3_2,O3_1,Hb,Hg,Ne3,O2",16125,0.20999999344348907,29889,0.20999999344348907,8.720000267028809,1,6537.020263671875,553.5565185546875,8361.40773558427,1514.11376953125,633.2916641235352,8280.66872558954,5015.938415527344,494.17110443115234,6226.314104449272,nan,nan,nan,1798.9390563964844,332.1771240234375,8119.058271423557,1,189.26589966,62.28958893,0.02844,0.01814,,,0.09257,0.02466,0.1869,0.07944,0.1034,0.04342,1708.905795019381,394.2253330454202,464.56141359143777,0.6700549125671387,True,7.769999999999962,0.024999999999999467,1.0,-0.07546848287185194,3.2327181225037065,-8.79546874990066,7.47145815874253,-8.777268690885496,-0.018200059015164527
144028087,candels-cdfs-44,53.07330559142102,-27.774519865547735,0.6700549125671387,1.2890216567029711e-05,O3_2,31.98973846435547,a,3,"O3_2,O3_1,Hb,Hg,Ne3,O2",16125,0.20999999344348907,29889,0.20999999344348907,8.720000267028809,1,6537.020263671875,553.5565185546875,8361.40773558427,1514.11376953125,633.2916641235352,8280.66872558954,5015.938415527344,494.17110443115234,6226.314104449272,nan,nan,nan,1798.9390563964844,332.1771240234375,8119.058271423557,1,215.01957703,52.98795319,0.3104,0.04202,0.3739,0.06299,0.6922,0.06918,0.7297,0.1183,0.9433,0.07422,213.12615180901238,49.08268525617688,57.64136699266305,0.6700549125671387,True,8.269999999999952,0.03999999999999915,1.0,-0.07546848287185194,2.3286367434237123,-8.79546874990066,7.47145815874253,-8.777268690885496,-0.018200059015164527
139026253,candels-cdfs-39,53.141662623575705,-27.773140090201235,0.5248430967330933,7.914855086710304e-05,O2,11.68957805633545,a,3,"O3_1,O3_2,Hb",16188,0.10999999940395355,30331,0.10999999940395355,8.399999618530273,1,1322.4600219726562,342.6313018798828,7636.470405234116,744.5494842529297,223.69043350219727,7562.144252599923,2569.4680786132812,397.9289245605469,5684.931574496294,nan,nan,nan,758.4413909912109,221.715087890625,7414.467041812284,1,34.29444504,-5.17410183,0.1394,0.02982,0.08697,0.02977,0.1109,0.07538,0.08214,0.1372,0.2432,0.05017,150.07881496207193,81.62662460184875,77.55636532417053,0.5248430967330933,True,8.32999999999995,0.03999999999999915,1.0,-0.7070470424150673,2.176319391814141,-9.107046660945342,8.411979122954273,-8.765858392461286,-0.34118826848405526
142019111,candels-cdfs-42,53.0854188922292,-27.772485771457873,0.6682791709899902,3.733698031282984e-05,O3_2,14.503824234008789,a,3,"O3_1,Hb,O2",16219,0.17000000178813934,30354,0.1599999964237213,8.100000381469727,1,3273.2574462890625,590.5625534057617,8353.761788044883,993.4469604492188,321.93592071533203,8272.771397870283,1880.7278442382812,497.75665283203125,6219.6990199181255,nan,nan,nan,569.7963714599609,228.33349227905273,8110.758312623906,1,215.04571533,53.00822067,0.2802,0.0305,0.3241,0.04358,0.7416,0.04758,,,0.4897,0.06919,120.91973823085885,36.6620309892962,20.983972434524983,0.6682791709899902,True,8.32999999999995,0.05499999999999883,1.0,-0.5775697703363564,2.0824971983385896,-8.677570151806083,7.481977356179923,-8.5586870572747,-0.1188830945313839
142019111,candels-cdfs-42,53.0854188922292,-27.772485771457873,0.6682791709899902,3.733698031282984e-05,O3_2,14.503824234008789,a,3,"O3_1,Hb,O2",16219,0.17000000178813934,30354,0.1599999964237213,8.100000381469727,1,3273.2574462890625,590.5625534057617,8353.761788044883,993.4469604492188,321.93592071533203,8272.771397870283,1880.7278442382812,497.75665283203125,6219.6990199181255,nan,nan,nan,569.7963714599609,228.33349227905273,8110.758312623906,1,34.51159668,-5.1740098,0.3585,0.1134,0.3287,0.1292,0.388,0.1335,,,0.6518,0.1487,125.93027222747682,37.621600525504896,20.8973362693228,0.6682791709899902,True,8.32999999999995,0.05499999999999883,1.0,-0.5775697703363564,2.1001301421890246,-8.677570151806083,7.481977356179923,-8.5586870572747,-0.1188830945313839
142019111,candels-cdfs-42,53.0854188922292,-27.772485771457873,0.6682791709899902,3.733698031282984e-05,O3_2,14.503824234008789,a,3,"O3_1,Hb,O2",16219,0.17000000178813934,30354,0.1599999964237213,8.100000381469727,1,3273.2574462890625,590.5625534057617,8353.761788044883,993.4469604492188,321.93592071533203,8272.771397870283,1880.7278442382812,497.75665283203125,6219.6990199181255,nan,nan,nan,569.7963714599609,228.33349227905273,8110.758312623906,1,189.25753784,62.2922287,0.05117,0.01733,,,0.05592,0.02334,0.02275,0.07582,0.139,0.03066,787.1817060670955,234.57463063237478,129.62816913264308,0.6682791709899902,True,8.199999999999953,0.034999999999999254,1.0,-0.5775697703363564,2.8960749926305622,-8.677570151806083,7.481977356179923,-8.5586870572747,-0.1188830945313839
136031178,candels-cdfs-36,53.12937425861274,-27.77087346299409,0.7079564332962036,2.4930359359132126e-05,O3_2,25.753591537475586,a,3,"Hb,O3_1,O2,Hg",16497,0.15000000596046448,30791,0.15000000596046448,8.970000267028809,1,4443.580322265625,590.985221862793,8552.93197400531,784.0327453613281,300.3228187561035,8472.302902206033,2714.9496459960938,540.4754638671875,6370.706365664701,nan,nan,nan,1517.6785278320312,280.5521774291992,8304.343781964504,1,189.23925781,62.29466629,0.03384,0.01723,,,0.1927,0.02319,0.1807,0.06048,0.1506,0.03705,747.67183587209,132.34028513109095,257.9020282454422,0.7079564332962036,True,7.699999999999964,0.02999999999999936,1.0,-0.09107681224924541,2.8737110214709256,-9.061077079278054,7.252213070738642,-8.838817787651319,-0.22225929162673452
136031178,candels-cdfs-36,53.12937425861274,-27.77087346299409,0.7079564332962036,2.4930359359132126e-05,O3_2,25.753591537475586,a,3,"Hb,O3_1,O2,Hg",16497,0.15000000596046448,30791,0.15000000596046448,8.970000267028809,1,4443.580322265625,590.985221862793,8552.93197400531,784.0327453613281,300.3228187561035,8472.302902206033,2714.9496459960938,540.4754638671875,6370.706365664701,nan,nan,nan,1517.6785278320312,280.5521774291992,8304.343781964504,1,34.32920837,-5.17261887,0.07559,0.0263,0.1754,0.02654,0.2252,0.07597,0.04198,0.1345,0.2301,0.06038,329.08700970945955,57.2849324265436,107.76394071897016,0.7079564332962036,True,8.189999999999953,0.034999999999999254,1.0,-0.09107681224924541,2.5173107394112186,-9.061077079278054,7.252213070738642,-8.838817787651319,-0.22225929162673452
139036277,candels-cdfs-39,53.13156035666248,-27.7701782563577,0.6539813876152039,7.36572292225901e-06,O2,106.9117431640625,a,3,"Ne3,He1,Hd,Hg,Hb,O3_1,O3_2",16622,0.10000000149011612,30861,0.09000000357627869,9.0600004196167,1,16810.9619140625,893.6572265625,8280.930284858041,4938.64013671875,301.23252868652344,8202.160294643776,15453.26904296875,446.0271453857422,6166.21266231277,nan,nan,nan,5103.4027099609375,323.05152893066406,8040.85289371231,1,189.18656921,62.29503632,0.05432,0.01625,,,0.09615,0.02315,0.1019,0.06111,0.1418,0.03066,3015.2505899249227,875.4247110487559,882.7390349110262,0.6539813876152039,True,7.819999999999961,0.019999999999999574,1.0,0.35172720238771443,3.4793234111027713,-8.708273217228985,7.567503701419207,-8.909775914450591,0.2015026972216063
139036277,candels-cdfs-39,53.13156035666248,-27.7701782563577,0.6539813876152039,7.36572292225901e-06,O2,106.9117431640625,a,3,"Ne3,He1,Hd,Hg,Hb,O3_1,O3_2",16622,0.10000000149011612,30861,0.09000000357627869,9.0600004196167,1,16810.9619140625,893.6572265625,8280.930284858041,4938.64013671875,301.23252868652344,8202.160294643776,15453.26904296875,446.0271453857422,6166.21266231277,nan,nan,nan,5103.4027099609375,323.05152893066406,8040.85289371231,1,215.08470154,53.03769302,0.2562,0.04304,0.4643,0.06607,0.629,0.07112,,,0.6292,0.08424,447.5896863318868,129.86070484839476,131.08367140720824,0.6539813876152039,True,8.32999999999995,0.024999999999999467,1.0,0.35172720238771443,2.6508800706607016,-8.708273217228985,7.567503701419207,-8.909775914450591,0.2015026972216063
139036277,candels-cdfs-39,53.13156035666248,-27.7701782563577,0.6539813876152039,7.36572292225901e-06,O2,106.9117431640625,a,3,"Ne3,He1,Hd,Hg,Hb,O3_1,O3_2",16622,0.10000000149011612,30861,0.09000000357627869,9.0600004196167,1,16810.9619140625,893.6572265625,8280.930284858041,4938.64013671875,301.23252868652344,8202.160294643776,15453.26904296875,446.0271453857422,6166.21266231277,nan,nan,nan,5103.4027099609375,323.05152893066406,8040.85289371231,1,34.37721634,-5.17279482,0.3314,0.02843,0.9687,0.03036,2.968,0.09367,3.832,0.1522,4.378,0.09804,203.80335533170853,60.19541057164782,63.01934789507204,0.6539813876152039,True,8.34999999999995,0.02999999999999936,1.0,0.35172720238771443,2.309211329768791,-8.708273217228985,7.567503701419207,-8.909775914450591,0.2015026972216063
132021040,candels-cdfs-32,53.10440570658533,-27.768338320597692,0.522853672504425,1.300688018091023e-05,O3_2,66.92830657958984,a,3,"O2,Hg,Hb,O3_1",17013,0.28999999165534973,31078,0.25999999046325684,8.989999771118164,1,13051.260986328125,920.6898498535156,7624.71318005475,5302.1893310546875,605.3745269775391,7552.417174339621,14844.901123046875,787.7023315429688,5677.042964387486,nan,nan,nan,4904.104919433594,621.6449356079102,7404.10305522098,1,214.85186768,52.87382126,0.3048,0.0317,0.3548,0.04954,0.5309,0.05144,0.6916,0.1276,0.7375,0.08997,403.7398090868601,161.685237805834,145.14332052022698,0.522853672504425,True,8.259999999999952,0.04499999999999904,1.0,0.09963204355765315,2.606101573325044,-8.89036772756051,8.42608079818305,-8.99104315120308,0.10067542364256887
132021040,candels-cdfs-32,53.10440570658533,-27.768338320597692,0.522853672504425,1.300688018091023e-05,O3_2,66.92830657958984,a,3,"O2,Hg,Hb,O3_1",17013,0.28999999165534973,31078,0.25999999046325684,8.989999771118164,1,13051.260986328125,920.6898498535156,7624.71318005475,5302.1893310546875,605.3745269775391,7552.417174339621,14844.901123046875,787.7023315429688,5677.042964387486,nan,nan,nan,4904.104919433594,621.6449356079102,7404.10305522098,1,189.30334473,62.29645157,0.4865,0.01948,,,0.6062,0.03407,0.7169,0.09346,0.9217,0.07543,265.92180606271467,106.29257792116434,95.04361613458931,0.522853672504425,True,8.30999999999995,0.02999999999999936,1.0,0.09963204355765315,2.424753951714454,-8.89036772756051,8.42608079818305,-8.99104315120308,0.10067542364256887
132021040,candels-cdfs-32,53.10440570658533,-27.768338320597692,0.522853672504425,1.300688018091023e-05,O3_2,66.92830657958984,a,3,"O2,Hg,Hb,O3_1",17013,0.28999999165534973,31078,0.25999999046325684,8.989999771118164,1,13051.260986328125,920.6898498535156,7624.71318005475,5302.1893310546875,605.3745269775391,7552.417174339621,14844.901123046875,787.7023315429688,5677.042964387486,nan,nan,nan,4904.104919433594,621.6449356079102,7404.10305522098,1,34.48130417,-5.17171001,0.08573,0.0333,0.08144,0.03683,0.07972,0.08367,0.1716,0.1466,0.1341,0.04658,1696.0250190284864,674.9481539856764,598.0155380920609,0.522853672504425,True,7.7599999999999625,0.019999999999999574,1.0,0.09963204355765315,3.2294322544925533,-8.89036772756051,8.42608079818305,-8.99104315120308,0.10067542364256887
142023118,candels-cdfs-42,53.07702221205807,-27.769273357731972,0.7313658595085144,3.157173705403693e-05,O2,26.00627326965332,a,3,"O3_2,O3_1,Hg,Hb",16718,0.019999999552965164,31100,0.019999999552965164,8.869999885559082,1,11016.865234375,2011.5135192871094,8669.354782420987,882.5421142578125,291.5925979614258,8586.591549831388,6780.00244140625,702.0050811767578,6454.800859287138,nan,nan,nan,1098.8754272460938,438.6070251464844,8417.374148684252,1,34.34061432,-5.17163277,0.0215,0.03942,0.09907,0.03986,0.3079,0.1009,0.2772,0.1735,0.1063,0.05755,1269.681753556645,102.2950134525736,128.8896035065068,0.7313658595085144,True,8.179999999999954,0.024999999999999467,1.0,-0.1968156607624802,3.1036948784407365,-9.066815546321562,7.121678741908514,-8.78821685034816,-0.27859869597340214
142023118,candels-cdfs-42,53.07702221205807,-27.769273357731972,0.7313658595085144,3.157173705403693e-05,O2,26.00627326965332,a,3,"O3_2,O3_1,Hg,Hb",16718,0.019999999552965164,31100,0.019999999552965164,8.869999885559082,1,11016.865234375,2011.5135192871094,8669.354782420987,882.5421142578125,291.5925979614258,8586.591549831388,6780.00244140625,702.0050811767578,6454.800859287138,nan,nan,nan,1098.8754272460938,438.6070251464844,8417.374148684252,1,189.24452209,62.29649353,0.09112,0.01863,,,0.09531,0.02272,0.1451,0.05896,0.1245,0.0434,1631.5831210390515,128.29380182641967,153.6919745713353,0.7313658595085144,True,8.189999999999953,0.02999999999999936,1.0,-0.1968156607624802,3.212609203829712,-9.066815546321562,7.121678741908514,-8.78821685034816,-0.27859869597340214
142008082,candels-cdfs-42,53.08480491503212,-27.76037623090571,0.4192095994949341,3.3783860999392346e-05,O2,36.54079818725586,a,3,"Hb,O3_1,O3_2,Ha",17969,0.38999998569488525,31303,0.3799999952316284,9.329999923706055,1,7087.1612548828125,666.7787933349609,7105.837930037058,1720.6184387207031,420.4264831542969,7038.2185637616585,25000.76416015625,1951.8772888183594,5291.462368489983,7183.3807373046875,1765.8541870117188,9318.120186160202,940.8566284179688,934.9210357666016,6899.886042018015,1,189.15896606,62.29785919,0.2426,0.04917,,,0.7089,0.06607,0.7493,0.1744,0.7857,0.1168,208.40199149669732,50.325232472853855,27.213911466593945,0.4192095994949341,True,8.529999999999946,0.02999999999999936,1.0,-0.845948726493628,2.3189018647805284,-10.175948650199683,9.212485583801133,-9.224191308219044,-0.9517573419806382
142008082,candels-cdfs-42,53.08480491503212,-27.76037623090571,0.4192095994949341,3.3783860999392346e-05,O2,36.54079818725586,a,3,"Hb,O3_1,O3_2,Ha",17969,0.38999998569488525,31303,0.3799999952316284,9.329999923706055,1,7087.1612548828125,666.7787933349609,7105.837930037058,1720.6184387207031,420.4264831542969,7038.2185637616585,25000.76416015625,1951.8772888183594,5291.462368489983,7183.3807373046875,1765.8541870117188,9318.120186160202,940.8566284179688,934.9210357666016,6899.886042018015,1,215.05882263,53.0213089,0.6624,0.03663,0.5688,0.05564,0.4767,0.05652,,,0.69,0.04851,108.62937191813637,25.75130487580326,13.400771843084076,0.4192095994949341,True,7.909999999999959,0.034999999999999254,1.0,-0.845948726493628,2.035947268505871,-10.175948650199683,9.212485583801133,-9.224191308219044,-0.9517573419806382
142008082,candels-cdfs-42,53.08480491503212,-27.76037623090571,0.4192095994949341,3.3783860999392346e-05,O2,36.54079818725586,a,3,"Hb,O3_1,O3_2,Ha",17969,0.38999998569488525,31303,0.3799999952316284,9.329999923706055,1,7087.1612548828125,666.7787933349609,7105.837930037058,1720.6184387207031,420.4264831542969,7038.2185637616585,25000.76416015625,1951.8772888183594,5291.462368489983,7183.3807373046875,1765.8541870117188,9318.120186160202,940.8566284179688,934.9210357666016,6899.886042018015,1,34.31983185,-5.17093182,0.2196,0.03031,0.1766,0.03036,0.1965,0.08213,0.3401,0.1315,0.285,0.04329,340.6152046133539,80.58205902980335,41.75869498331783,0.4192095994949341,True,8.549999999999946,0.03999999999999915,1.0,-0.845948726493628,2.5322640303919846,-10.175948650199683,9.212485583801133,-9.224191308219044,-0.9517573419806382
139009211,candels-cdfs-39,53.14238678080321,-27.765081013730263,0.3662033975124359,6.369526090566069e-06,Ha,228.57540893554688,a,3,"O1,S2_2,S2_1,N2_2,He1,N2_1,O3_1,O3_2,Hb,Hg,Ne3,O2",17567,0.18000000715255737,31463,0.5699999928474426,9.329999923706055,1,16513.841552734375,507.4966812133789,6841.219144199526,5354.273681640625,367.0408248901367,6775.496596534847,44541.064453125,739.3275451660156,5093.707711348578,46696.787109375,1299.7799682617188,8967.451192021836,10988.4521484375,357.76031494140625,6642.289150876912,1,34.30121994,-5.17045498,0.05799,0.02654,0.04734,0.02714,0.108,0.07667,0.226,0.1371,0.2503,0.05777,2693.251420665538,851.1060760516693,1656.891088919927,0.3662033975124359,True,7.88999999999996,0.019999999999999574,1.0,0.08342726635398921,3.430276897604208,-9.246572657352065,9.657340386823348,-9.283170157121297,0.036597499769232655
139009211,candels-cdfs-39,53.14238678080321,-27.765081013730263,0.3662033975124359,6.369526090566069e-06,Ha,228.57540893554688,a,3,"O1,S2_2,S2_1,N2_2,He1,N2_1,O3_1,O3_2,Hb,Hg,Ne3,O2",17567,0.18000000715255737,31463,0.5699999928474426,9.329999923706055,1,16513.841552734375,507.4966812133789,6841.219144199526,5354.273681640625,367.0408248901367,6775.496596534847,44541.064453125,739.3275451660156,5093.707711348578,46696.787109375,1299.7799682617188,8967.451192021836,10988.4521484375,357.76031494140625,6642.289150876912,1,189.47795105,62.29876328,0.3574,0.02523,,,2.352,0.05632,,,3.487,0.1499,275.69603958711104,89.8463987974412,186.33663130846261,0.3662033975124359,True,7.829999999999961,0.024999999999999467,1.0,0.08342726635398921,2.440430527448474,-9.246572657352065,9.657340386823348,-9.283170157121297,0.036597499769232655
139009211,candels-cdfs-39,53.14238678080321,-27.765081013730263,0.3662033975124359,6.369526090566069e-06,Ha,228.57540893554688,a,3,"O1,S2_2,S2_1,N2_2,He1,N2_1,O3_1,O3_2,Hb,Hg,Ne3,O2",17567,0.18000000715255737,31463,0.5699999928474426,9.329999923706055,1,16513.841552734375,507.4966812133789,6841.219144199526,5354.273681640625,367.0408248901367,6775.496596534847,44541.064453125,739.3275451660156,5093.707711348578,46696.787109375,1299.7799682617188,8967.451192021836,10988.4521484375,357.76031494140625,6642.289150876912,1,214.67259216,52.74744415,0.09653,0.03045,0.1217,0.04668,0.2052,0.05122,0.1133,0.08176,0.1848,0.03967,1319.3651304916364,422.6588717811902,846.2009100200506,0.3662033975124359,True,7.86999999999996,0.024999999999999467,1.0,0.08342726635398921,3.120365001924832,-9.246572657352065,9.657340386823348,-9.283170157121297,0.036597499769232655
136004124,candels-cdfs-36,53.123212505582885,-27.766715975076018,0.3324725329875946,2.0862733435933478e-05,Ha,58.25200653076172,a,3,"S2_1,O3_2,S2_2,Hb,O2,O3_1",17108,0.20000000298023224,31536,0.1899999976158142,8.539999961853027,1,5662.7777099609375,357.6026153564453,6671.989106434945,2009.4374084472656,347.73509979248047,6608.5373563014555,11080.865478515625,764.7969818115234,4967.9784102157555,8811.201171875,598.4317779541016,8745.545164142099,2265.2621459960938,311.00746154785156,6478.256998589877,1,214.97229004,52.96112442,0.2909,0.04707,0.3288,0.07223,0.2361,0.08051,0.2775,0.1484,0.3856,0.06056,151.82009073734585,53.0544674435329,57.93017691672878,0.3324725329875946,True,8.509999999999946,0.03999999999999915,1.0,-0.7001817475085296,2.181329246651826,-9.240181709361558,9.957036384131008,-8.991986340498922,-0.2481953688626355
136004124,candels-cdfs-36,53.123212505582885,-27.766715975076018,0.3324725329875946,2.0862733435933478e-05,Ha,58.25200653076172,a,3,"S2_1,O3_2,S2_2,Hb,O2,O3_1",17108,0.20000000298023224,31536,0.1899999976158142,8.539999961853027,1,5662.7777099609375,357.6026153564453,6671.989106434945,2009.4374084472656,347.73509979248047,6608.5373563014555,11080.865478515625,764.7969818115234,4967.9784102157555,8811.201171875,598.4317779541016,8745.545164142099,2265.2621459960938,311.00746154785156,6478.256998589877,1,189.39904785,62.29902267,0.1568,0.01902,,,0.4761,0.04482,,,0.2213,0.07582,247.22727652122455,87.30317029551888,97.42595497064006,0.3324725329875946,True,8.449999999999948,0.034999999999999254,1.0,-0.7001817475085296,2.3930963846576514,-9.240181709361558,9.957036384131008,-8.991986340498922,-0.2481953688626355
142021116,candels-cdfs-42,53.07760523083417,-27.767020689864616,0.6799395084381104,2.3728924134047702e-05,O3_2,39.5913200378418,a,3,"O2,Hb,O3_1",16928,0.1599999964237213,31565,0.15000000596046448,7.920000076293945,1,5242.5146484375,623.6244964599609,8412.040888717424,1595.0155639648438,345.3627395629883,8331.105515523848,1924.2691040039062,632.1328735351562,6263.81399728981,nan,nan,nan,2137.4057006835938,478.75499725341797,8167.5937240280255,1,34.31571579,-5.17016697,0.04623,0.02905,0.1143,0.03011,0.1114,0.09443,0.1408,0.1555,0.2934,0.07153,597.9917432064062,178.35115033287283,229.44277616495464,0.6799395084381104,True,7.559999999999967,0.03999999999999915,1.0,0.014885010888554132,2.7766951874923373,-7.905115065405391,7.413313632453873,-8.488285070537371,0.5831700051319801
142021116,candels-cdfs-42,53.07760523083417,-27.767020689864616,0.6799395084381104,2.3728924134047702e-05,O3_2,39.5913200378418,a,3,"O2,Hb,O3_1",16928,0.1599999964237213,31565,0.15000000596046448,7.920000076293945,1,5242.5146484375,623.6244964599609,8412.040888717424,1595.0155639648438,345.3627395629883,8331.105515523848,1924.2691040039062,632.1328735351562,6263.81399728981,nan,nan,nan,2137.4057006835938,478.75499725341797,8167.5937240280255,1,189.25064087,62.29930496,0.08427,0.02072,,,0.1142,0.02833,0.1366,0.09423,0.1123,0.04167,700.8644984348731,209.97863465260212,272.6419903303318,0.6799395084381104,True,7.489999999999968,0.02999999999999936,1.0,0.014885010888554132,2.845634061803602,-7.905115065405391,7.413313632453873,-8.488285070537371,0.5831700051319801
142021116,candels-cdfs-42,53.07760523083417,-27.767020689864616,0.6799395084381104,2.3728924134047702e-05,O3_2,39.5913200378418,a,3,"O2,Hb,O3_1",16928,0.1599999964237213,31565,0.15000000596046448,7.920000076293945,1,5242.5146484375,623.6244964599609,8412.040888717424,1595.0155639648438,345.3627395629883,8331.105515523848,1924.2691040039062,632.1328735351562,6263.81399728981,nan,nan,nan,2137.4057006835938,478.75499725341797,8167.5937240280255,1,214.67977905,52.75299072,0.2238,0.03448,0.3219,0.05375,0.3584,0.05881,0.2957,0.09351,0.2986,0.05257,209.5164310732165,62.672519105761495,81.11413613037526,0.6799395084381104,True,7.519999999999968,0.05499999999999883,1.0,0.014885010888554132,2.321218087658444,-7.905115065405391,7.413313632453873,-8.488285070537371,0.5831700051319801
132036077,candels-cdfs-32,53.09268061328575,-27.763996813851662,0.7257170677185059,3.749740790226497e-05,O2,55.836181640625,a,3,"Hg,Hb,O3_1,O3_2",17528,0.009999999776482582,31969,0.019999999552965164,9.420000076293945,1,5186.4013671875,721.1994171142578,8641.96959907106,1374.5106506347656,330.82019805908203,8559.62379336749,9976.983032226562,539.4244384765625,6433.335140359703,nan,nan,nan,1665.5068969726562,582.8254699707031,8389.278611917016,1,189.17817688,62.30175018,0.03091,0.02292,,,0.1434,0.03265,0.173,0.08619,0.1987,0.0573,1056.397207767003,280.1303945236112,339.84865137492505,0.7257170677185059,True,7.969999999999958,0.019999999999999574,1.0,-0.02444297054394474,3.023827244624071,-9.44444304683789,7.152845547865327,-8.98226194771371,-0.46218109912418015
142024123,candels-cdfs-42,53.073908569268035,-27.763165174131984,0.7348326444625854,3.8459515053546056e-05,O2,43.01812744140625,a,3,"Hg,Hb,O3_1,O3_2",17593,0.3499999940395355,32087,0.10999999940395355,9.4399995803833,1,4703.8720703125,1236.8073272705078,8687.329735987056,1144.7819519042969,527.0159149169922,8604.23178637713,11207.12890625,706.8570709228516,6467.668789116467,nan,nan,nan,1908.4072875976562,349.75650787353516,8437.607709950766,1,215.06846619,53.0308609,0.2156,0.03901,0.2473,0.05916,0.2934,0.06358,,,0.6739,0.08669,256.080821171177,61.36637727688649,99.13314960714511,0.7348326444625854,True,8.079999999999956,0.03999999999999915,1.0,0.04792484854251541,2.40837705378501,-9.392074731840786,7.102654079907063,-8.98238332395374,-0.4096914078870455
142024123,candels-cdfs-42,53.073908569268035,-27.763165174131984,0.7348326444625854,3.8459515053546056e-05,O2,43.01812744140625,a,3,"Hg,Hb,O3_1,O3_2",17593,0.3499999940395355,32087,0.10999999940395355,9.4399995803833,1,4703.8720703125,1236.8073272705078,8687.329735987056,1144.7819519042969,527.0159149169922,8604.23178637713,11207.12890625,706.8570709228516,6467.668789116467,nan,nan,nan,1908.4072875976562,349.75650787353516,8437.607709950766,1,34.2717514,-5.16883612,0.08333,0.1169,0.1528,0.1186,1.19,0.3128,1.345,0.6232,1.114,0.232,299.5703576001233,74.82219559745731,131.49128997289733,0.7348326444625854,True,8.089999999999955,0.034999999999999254,1.0,0.04792484854251541,2.47649883784054,-9.392074731840786,7.102654079907063,-8.98238332395374,-0.4096914078870455
140002014,candels-cdfs-40,53.12944162022211,-27.760316592897283,0.3336279094219208,2.3555669031338766e-05,Ha,49.67825698852539,a,3,"S2_2,O3_2,Hb,O2,O3_1",18126,0.25,32236,0.25999999046325684,9.4399995803833,1,6538.387451171875,660.7821655273438,6678.692495023982,2741.5066528320312,492.6400375366211,6614.920561554094,15206.219482421875,1316.0414123535156,4972.765360625976,17347.05810546875,2010.9207153320312,8752.989596738893,3732.8302001953125,540.0055694580078,6483.7138378645395,1,189.24412537,62.30366516,0.3953,0.01958,,,0.6567,0.02358,0.7347,0.08155,0.8994,0.04592,124.86819008979178,51.698293062521095,68.55710514832296,0.3336279094219208,True,8.469999999999947,0.034999999999999254,1.0,-0.47976415895901875,2.0964518168530923,-9.91976373934232,9.946547395683586,-9.367560203615541,-0.5522035357267789
140002014,candels-cdfs-40,53.12944162022211,-27.760316592897283,0.3336279094219208,2.3555669031338766e-05,Ha,49.67825698852539,a,3,"S2_2,O3_2,Hb,O2,O3_1",18126,0.25,32236,0.25999999046325684,9.4399995803833,1,6538.387451171875,660.7821655273438,6678.692495023982,2741.5066528320312,492.6400375366211,6614.920561554094,15206.219482421875,1316.0414123535156,4972.765360625976,17347.05810546875,2010.9207153320312,8752.989596738893,3732.8302001953125,540.0055694580078,6483.7138378645395,1,34.29305649,-5.16792917,0.1054,0.02727,0.1371,0.0275,0.1926,0.08116,0.2013,0.173,0.225,0.07594,458.7397708556926,190.2409818663432,253.14525735985455,0.3336279094219208,True,7.799999999999962,0.024999999999999467,1.0,-0.47976415895901875,2.661566393313646,-9.91976373934232,9.946547395683586,-9.367560203615541,-0.5522035357267789
137029058,candels-cdfs-37,53.12145993349055,-27.762025989881334,0.52443927526474,2.848151052603498e-05,O3_2,29.05651092529297,a,3,"O2,Hb,O3_1",17611,0.2800000011920929,32588,0.2800000011920929,8.800000190734863,1,4008.8095092773438,593.5493087768555,7634.040672247722,1182.0775604248047,261.9240951538086,7560.6653642123365,3883.50830078125,401.3949966430664,5682.814997512092,nan,nan,nan,1519.2935180664062,250.59621810913086,7411.634420411491,1,34.34476852,-5.1667552,0.1205,0.03696,0.2646,0.03778,0.7143,0.1025,0.8095,0.1726,0.7759,0.1055,186.17071293969454,55.19025657385704,71.72017954583137,0.52443927526474,True,8.279999999999951,0.034999999999999254,1.0,-0.40612978734282357,2.2699113618812135,-9.206129978077687,8.414838675985134,-8.917682906954692,-0.28844707112299517
137029058,candels-cdfs-37,53.12145993349055,-27.762025989881334,0.52443927526474,2.848151052603498e-05,O3_2,29.05651092529297,a,3,"O2,Hb,O3_1",17611,0.2800000011920929,32588,0.2800000011920929,8.800000190734863,1,4008.8095092773438,593.5493087768555,7634.040672247722,1182.0775604248047,261.9240951538086,7560.6653642123365,3883.50830078125,401.3949966430664,5682.814997512092,nan,nan,nan,1519.2935180664062,250.59621810913086,7411.634420411491,1,189.32937622,62.30579376,0.1788,0.01715,,,0.3246,0.04938,0.4308,0.07914,0.474,0.0648,195.90470328879553,57.10118561933059,71.65919070796964,0.52443927526474,True,8.279999999999951,0.034999999999999254,1.0,-0.40612978734282357,2.2920448626810606,-9.206129978077687,8.414838675985134,-8.917682906954692,-0.28844707112299517
137031068,candels-cdfs-37,53.114010324843804,-27.7611743595419,0.5443922877311707,2.883944944187533e-06,O3_2,198.29476928710938,a,3,"He1,O3_1,Hb,Hg,Ne3,He1,Ne3,O2,Hd",17690,0.41999998688697815,32705,0.4300000071525574,8.0,1,19750.93505859375,551.5400695800781,7733.199841863428,5733.7689208984375,462.58995056152344,7658.850673996904,9210.814208984375,542.3585510253906,5757.383723733352,nan,nan,nan,4125.438537597656,416.8831253051758,7508.49383133335,1,215.07119751,53.03534698,0.1955,0.03339,0.2125,0.05067,0.5203,0.05423,,,0.5515,0.05359,1032.4022661017943,294.74445253868464,204.91997201353124,0.5443922877311707,True,8.199999999999953,0.02999999999999936,1.0,0.06667029177177641,3.0138489491403555,-7.933329708228223,8.275271424964588,-8.600976599646529,0.6676468914183058
137031068,candels-cdfs-37,53.114010324843804,-27.7611743595419,0.5443922877311707,2.883944944187533e-06,O3_2,198.29476928710938,a,3,"He1,O3_1,Hb,Hg,Ne3,He1,Ne3,O2,Hd",17690,0.41999998688697815,32705,0.4300000071525574,8.0,1,19750.93505859375,551.5400695800781,7733.199841863428,5733.7689208984375,462.58995056152344,7658.850673996904,9210.814208984375,542.3585510253906,5757.383723733352,nan,nan,nan,4125.438537597656,416.8831253051758,7508.49383133335,1,189.13865662,62.30662918,0.07591,0.02278,,,0.1743,0.03195,0.1532,0.08018,0.1092,0.05635,2122.1574375889254,610.8309888391425,431.85585803559724,0.5443922877311707,True,7.719999999999963,0.024999999999999467,1.0,0.06667029177177641,3.3267775999893523,-7.933329708228223,8.275271424964588,-8.600976599646529,0.6676468914183058
137031068,candels-cdfs-37,53.114010324843804,-27.7611743595419,0.5443922877311707,2.883944944187533e-06,O3_2,198.29476928710938,a,3,"He1,O3_1,Hb,Hg,Ne3,He1,Ne3,O2,Hd",17690,0.41999998688697815,32705,0.4300000071525574,8.0,1,19750.93505859375,551.5400695800781,7733.199841863428,5733.7689208984375,462.58995056152344,7658.850673996904,9210.814208984375,542.3585510253906,5757.383723733352,nan,nan,nan,4125.438537597656,416.8831253051758,7508.49383133335,1,34.4735527,-5.16631889,0.1345,0.04898,0.0622,0.05502,0.211,0.128,0.3728,0.2237,0.3836,0.07869,3148.488356954358,875.1142397335966,575.8729172530858,0.5443922877311707,True,7.7099999999999635,0.024999999999999467,1.0,0.06667029177177641,3.498102091628927,-7.933329708228223,8.275271424964588,-8.600976599646529,0.6676468914183058
137033073,candels-cdfs-37,53.1252368392254,-27.759509692341332,0.6473821997642517,1.7177118934341706e-05,O2,53.01201248168945,a,3,"Hg,Hb,O3_1,O3_2",17997,0.11999999731779099,32800,0.10999999940395355,9.579999923706055,1,3947.7783203125,388.29906463623047,8248.176354942356,491.63246154785156,269.8623847961426,8169.024103348249,11939.267578125,551.8684005737305,6142.1202981257675,nan,nan,nan,2833.2086181640625,500.38516998291016,8008.4121481764305,1,34.2354393,-5.16601515,0.1477,0.03643,0.2921,0.03692,0.2273,0.09783,0.4426,0.2106,0.2681,0.08925,171.2541048093334,20.804114636358115,115.85356229424565,0.6473821997642517,True,8.529999999999946,0.02999999999999936,1.0,0.08544194750895077,2.2336409899436034,-9.494557976197104,7.607481643138786,-9.100848519630187,-0.393709456566917
137033073,candels-cdfs-37,53.1252368392254,-27.759509692341332,0.6473821997642517,1.7177118934341706e-05,O2,53.01201248168945,a,3,"Hg,Hb,O3_1,O3_2",17997,0.11999999731779099,32800,0.10999999940395355,9.579999923706055,1,3947.7783203125,388.29906463623047,8248.176354942356,491.63246154785156,269.8623847961426,8169.024103348249,11939.267578125,551.8684005737305,6142.1202981257675,nan,nan,nan,2833.2086181640625,500.38516998291016,8008.4121481764305,1,189.26533508,62.30740356,0.06604,0.01768,,,0.1477,0.02888,0.1254,0.06249,0.1784,0.0426,522.1996744568354,64.45784177055826,364.7441760574697,0.6473821997642517,True,7.799999999999962,0.019999999999999574,1.0,0.08544194750895077,2.717836596744597,-9.494557976197104,7.607481643138786,-9.100848519630187,-0.393709456566917
137034083,candels-cdfs-37,53.125765298840136,-27.760318767177733,0.6543535590171814,2.4042983568506315e-05,O3_2,26.423908233642578,a,3,"O3_1,Hb,Hg,Ne3,O2",17799,0.11999999731779099,32884,0.11999999731779099,8.279999732971191,1,5850.701904296875,826.7513275146484,8283.051938667095,2012.4647521972656,272.65254974365234,8204.12684339767,2771.8197631835938,336.2856674194336,6167.960649584147,nan,nan,nan,2608.5189819335938,864.7900390625,8042.466484067342,1,214.76322937,52.81771088,0.04446,0.02473,0.03978,0.03664,0.08624,0.04666,0.1822,0.07996,0.2254,0.03372,1765.4828763753792,605.945239550311,778.8455094872933,0.6543535590171814,True,7.459999999999969,0.02999999999999936,1.0,0.06086196870256902,3.2468635096466394,-8.219137764268622,7.565258613577375,-8.631270331589125,0.4121325673205032
137034083,candels-cdfs-37,53.125765298840136,-27.760318767177733,0.6543535590171814,2.4042983568506315e-05,O3_2,26.423908233642578,a,3,"O3_1,Hb,Hg,Ne3,O2",17799,0.11999999731779099,32884,0.11999999731779099,8.279999732971191,1,5850.701904296875,826.7513275146484,8283.051938667095,2012.4647521972656,272.65254974365234,8204.12684339767,2771.8197631835938,336.2856674194336,6167.960649584147,nan,nan,nan,2608.5189819335938,864.7900390625,8042.466484067342,1,34.35154343,-5.1656909,0.05297,0.02651,0.1093,0.02697,0.3612,0.08567,0.3086,0.1419,0.3489,0.083,625.5607235070801,216.69620896066036,284.82590955378134,0.6543535590171814,True,7.579999999999966,0.024999999999999467,1.0,0.06086196870256902,2.79626947326851,-8.219137764268622,7.565258613577375,-8.631270331589125,0.4121325673205032
137014033,candels-cdfs-37,53.11967746406048,-27.757964543984503,0.41822201013565063,2.7302972739562392e-05,O3_2,23.809667587280273,a,3,"O3_1,Hb,O2",18170,0.03999999910593033,33096,0.029999999329447746,8.920000076293945,1,2320.1345825195312,281.8813133239746,7101.600524675234,781.3691711425781,235.72853088378906,7033.737866570911,5535.9429931640625,553.003044128418,5287.542183638829,nan,nan,nan,1148.8849639892578,317.3512077331543,6894.998452577677,1,189.20692444,62.30954742,0.1459,0.01797,,,0.3777,0.02374,0.4796,0.06266,0.3658,0.04308,116.82849797680501,39.07302063988073,56.62940106281016,0.41822201013565063,True,8.439999999999948,0.03999999999999915,1.0,-0.7616161610224561,2.067548793156924,-9.681616237316401,9.22049531596648,-9.06136281941983,-0.6202534178965706
132026048,candels-cdfs-32,53.10524211741937,-27.756656802914836,0.6660228371620178,1.33539542730432e-05,O2,68.52226257324219,a,3,"Ne3,Hg,Hb,O3_1,O3_2",18367,0.029999999329447746,33286,0.019999999552965164,9.6899995803833,1,5086.138000488281,1416.7526245117188,8339.345894521903,2153.94775390625,451.5463638305664,8262.105825286255,15354.06005859375,654.794921875,6211.177004315307,nan,nan,nan,2909.127197265625,532.6457595825195,8099.371158427391,1,189.17709351,62.3109169,0.07692,0.01971,,,0.1014,0.02662,0.1235,0.07027,0.1242,0.04087,744.2340598873728,310.43531446145266,405.90100937881584,0.6660228371620178,True,7.939999999999959,0.019999999999999574,1.0,0.126899467454877,2.871709541636411,-9.563100112928424,7.495376106618019,-9.12429353565988,-0.43880657726854366
140023070,candels-cdfs-40,53.12766063914205,-27.755018588410287,0.6812470555305481,2.4987610231619328e-05,O2,54.02662658691406,a,3,"Hg,Hb,O3_1,O3_2",18603,0.9399999976158142,33471,0.9300000071525574,10.210000038146973,1,7470.198974609375,851.7611694335938,8419.57701432838,3583.4808349609375,615.1087188720703,8335.404069101023,29125.2392578125,1175.4129028320312,6267.2455893931365,nan,nan,nan,9330.025024414062,695.8455657958984,8172.542441279642,1,189.1764679,62.31261063,0.6057,0.02039,,,1.706,0.0273,1.814,0.07207,1.756,0.06451,98.47974937638533,46.952369073286185,120.78327573241678,0.6812470555305481,True,7.589999999999966,0.024999999999999467,1.0,0.6569128753727862,1.9933469346776123,-9.553087162774187,7.405673939636004,-9.294886084104434,-0.25820107866975306
140023070,candels-cdfs-40,53.12766063914205,-27.755018588410287,0.6812470555305481,2.4987610231619328e-05,O2,54.02662658691406,a,3,"Hg,Hb,O3_1,O3_2",18603,0.9399999976158142,33471,0.9300000071525574,10.210000038146973,1,7470.198974609375,851.7611694335938,8419.57701432838,3583.4808349609375,615.1087188720703,8335.404069101023,29125.2392578125,1175.4129028320312,6267.2455893931365,nan,nan,nan,9330.025024414062,695.8455657958984,8172.542441279642,1,214.61204529,52.71112823,0.3652,0.05503,0.3433,0.08464,1.757,0.09111,,,3.378,0.1828,240.42222901238864,117.36158112568785,316.2179518670158,0.6812470555305481,True,7.629999999999965,0.024999999999999467,1.0,0.6569128753727862,2.380974619283746,-9.553087162774187,7.405673939636004,-9.294886084104434,-0.25820107866975306
140023070,candels-cdfs-40,53.12766063914205,-27.755018588410287,0.6812470555305481,2.4987610231619328e-05,O2,54.02662658691406,a,3,"Hg,Hb,O3_1,O3_2",18603,0.9399999976158142,33471,0.9300000071525574,10.210000038146973,1,7470.198974609375,851.7611694335938,8419.57701432838,3583.4808349609375,615.1087188720703,8335.404069101023,29125.2392578125,1175.4129028320312,6267.2455893931365,nan,nan,nan,9330.025024414062,695.8455657958984,8172.542441279642,1,34.34295273,-5.16369295,0.2198,0.03875,0.2655,0.03923,0.3623,0.0944,0.4868,0.171,0.3164,0.06317,355.21869256633363,168.20920285061234,426.96538724901103,0.6812470555305481,True,7.659999999999965,0.024999999999999467,1.0,0.6569128753727862,2.5504958114556904,-9.553087162774187,7.405673939636004,-9.294886084104434,-0.25820107866975306
140010033,candels-cdfs-40,53.125931106520724,-27.75550816580208,0.5234321355819702,8.201786113204435e-05,O2,21.282407760620117,a,3,"Hb,O3_1,O3_2",18349,0.10999999940395355,33751,0.11999999731779099,9.0,1,2809.7540283203125,705.7295227050781,7627.444221031532,1443.7214660644531,390.6013870239258,7555.112549279135,4435.113220214844,604.654426574707,5679.380746235341,nan,nan,nan,1173.3049011230469,422.71678924560547,7407.519412867571,1,214.80433655,52.85049438,0.193,0.02894,0.1378,0.04154,0.3581,0.05051,0.5007,0.08793,0.4374,0.0583,205.2671158912452,102.40825688979174,78.2997588736366,0.5234321355819702,True,8.279999999999951,0.03999999999999915,1.0,-0.5203643227297184,2.3123193802967315,-9.52036432272972,8.421976815901619,-8.994325125171802,-0.5260391975579175
140010033,candels-cdfs-40,53.125931106520724,-27.75550816580208,0.5234321355819702,8.201786113204435e-05,O2,21.282407760620117,a,3,"Hb,O3_1,O3_2",18349,0.10999999940395355,33751,0.11999999731779099,9.0,1,2809.7540283203125,705.7295227050781,7627.444221031532,1443.7214660644531,390.6013870239258,7555.112549279135,4435.113220214844,604.654426574707,5679.380746235341,nan,nan,nan,1173.3049011230469,422.71678924560547,7407.519412867571,1,34.39437103,-5.16267586,0.08088,0.02911,0.1061,0.03265,0.2305,0.09118,0.4116,0.1827,0.2671,0.06456,297.1620110521369,151.06821991334567,120.08893521935585,0.5234321355819702,True,8.289999999999951,0.02999999999999936,1.0,-0.5203643227297184,2.4729932887865336,-9.52036432272972,8.421976815901619,-8.994325125171802,-0.5260391975579175
140001009,candels-cdfs-40,53.125939175655134,-27.751243017028116,0.7372600436210632,3.0320972655317746e-05,O3_2,63.31367111206055,a,3,"Mg2,Ne5,O2,Ne3,Hg,Hb,O3_1",18955,0.17000000178813934,34014,0.18000000715255737,9.430000305175781,1,14378.2177734375,802.2372436523438,8698.670707149464,3746.8353271484375,903.0182647705078,8615.134865740236,3663.7432861328125,526.4494323730469,6477.675027253971,nan,nan,nan,7277.33642578125,1371.1740112304688,8445.857321573803,1,214.97660828,52.97381592,0.188,0.03157,0.1203,0.04796,0.2243,0.05385,0.03476,0.0967,0.1513,0.04437,1489.906131297664,386.1140277552727,741.4501304118718,0.7372600436210632,True,7.5699999999999665,0.02999999999999936,1.0,0.6327262017730325,3.173158907376278,-8.79727410340275,7.089379650648827,-8.977142446254014,0.17986834285126463
140001009,candels-cdfs-40,53.125939175655134,-27.751243017028116,0.7372600436210632,3.0320972655317746e-05,O3_2,63.31367111206055,a,3,"Mg2,Ne5,O2,Ne3,Hg,Hb,O3_1",18955,0.17000000178813934,34014,0.18000000715255737,9.430000305175781,1,14378.2177734375,802.2372436523438,8698.670707149464,3746.8353271484375,903.0182647705078,8615.134865740236,3663.7432861328125,526.4494323730469,6477.675027253971,nan,nan,nan,7277.33642578125,1371.1740112304688,8445.857321573803,1,189.13075256,62.3162384,0.317,0.03717,,,0.3366,0.04632,,,0.3566,0.06313,611.3640868904132,156.39224698425627,292.40189050880366,0.7372600436210632,True,7.159999999999975,0.02999999999999936,1.0,0.6327262017730325,2.7862999235568795,-8.79727410340275,7.089379650648827,-8.977142446254014,0.17986834285126463
140001009,candels-cdfs-40,53.125939175655134,-27.751243017028116,0.7372600436210632,3.0320972655317746e-05,O3_2,63.31367111206055,a,3,"Mg2,Ne5,O2,Ne3,Hg,Hb,O3_1",18955,0.17000000178813934,34014,0.18000000715255737,9.430000305175781,1,14378.2177734375,802.2372436523438,8698.670707149464,3746.8353271484375,903.0182647705078,8615.134865740236,3663.7432861328125,526.4494323730469,6477.675027253971,nan,nan,nan,7277.33642578125,1371.1740112304688,8445.857321573803,1,34.45958328,-5.16182518,0.0638,0.01855,0.07234,0.02127,0.1536,0.06073,0.1159,0.09717,0.08639,0.05482,2421.309291436998,629.2873793817613,1215.5412692273774,0.7372600436210632,True,7.589999999999966,0.024999999999999467,1.0,0.6327262017730325,3.3840502685763716,-8.79727410340275,7.089379650648827,-8.977142446254014,0.17986834285126463
132022041,candels-cdfs-32,53.10161553384742,-27.7538485109231,0.523655354976654,0.00017155187379103154,O2,10.200746536254883,a,3,"Hb,O3_1,O3_2",18478,0.07000000029802322,34111,0.05999999865889549,7.829999923706055,1,1461.7216491699219,469.9370574951172,7629.979168385151,532.2479629516602,241.973876953125,7555.8090998907155,1758.289794921875,475.4096221923828,5680.388204873753,nan,nan,nan,564.4418716430664,171.16941452026367,7408.661049794342,1,189.38613892,62.31694794,0.1143,0.01709,,,0.1693,0.04112,0.1164,0.07892,0.1512,0.05043,119.66094730121499,42.949046353257664,44.24651256954626,0.523655354976654,True,8.36999999999995,0.03999999999999915,1.0,-0.8377115714054814,2.0779524366312314,-8.667711495111536,8.420393957563238,-8.550780437638686,-0.1169310574728506
140011037,candels-cdfs-40,53.13673075793488,-27.74369968371292,0.5247721672058105,0.00012759795936290175,O2,10.263399124145508,a,3,"Hb,O3_1,O3_2",19742,0.6499999761581421,35381,0.6600000262260437,9.180000305175781,1,1942.7149963378906,463.7114715576172,7635.919638353784,532.0053100585938,248.16238403320312,7562.21413492973,3919.8287963867188,774.2562866210938,5683.983410026846,nan,nan,nan,846.5684509277344,249.02738571166992,7413.422045118011,1,189.34080505,62.32753754,0.1107,0.01672,,,0.1254,0.04676,0.1637,0.07771,0.2242,0.06471,180.12393446118978,48.456849446335774,74.34953977532341,0.5247721672058105,True,8.37999999999995,0.034999999999999254,1.0,-0.6594478858716383,2.2555714247228407,-9.839448191047419,8.41248128584901,-9.0613182074406,-0.778129983606819
140011037,candels-cdfs-40,53.13673075793488,-27.74369968371292,0.5247721672058105,0.00012759795936290175,O2,10.263399124145508,a,3,"Hb,O3_1,O3_2",19742,0.6499999761581421,35381,0.6600000262260437,9.180000305175781,1,1942.7149963378906,463.7114715576172,7635.919638353784,532.0053100585938,248.16238403320312,7562.21413492973,3919.8287963867188,774.2562866210938,5683.983410026846,nan,nan,nan,846.5684509277344,249.02738571166992,7413.422045118011,1,214.95051575,52.9606781,0.1858,0.03425,0.1512,0.0516,0.2862,0.05109,0.2249,0.09121,0.2445,0.04775,132.76303426741924,35.42792185548055,53.4646620831697,0.5247721672058105,True,8.37999999999995,0.03999999999999915,1.0,-0.6594478858716383,2.123077169546585,-9.839448191047419,8.41248128584901,-9.0613182074406,-0.778129983606819
140011037,candels-cdfs-40,53.13673075793488,-27.74369968371292,0.5247721672058105,0.00012759795936290175,O2,10.263399124145508,a,3,"Hb,O3_1,O3_2",19742,0.6499999761581421,35381,0.6600000262260437,9.180000305175781,1,1942.7149963378906,463.7114715576172,7635.919638353784,532.0053100585938,248.16238403320312,7562.21413492973,3919.8287963867188,774.2562866210938,5683.983410026846,nan,nan,nan,846.5684509277344,249.02738571166992,7413.422045118011,1,34.48693848,-5.15701103,0.05229,0.02999,0.1593,0.03369,0.183,0.07587,0.2168,0.137,0.03815,0.04336,158.6130018741769,44.12222683767199,72.50356418867038,0.5247721672058105,True,8.37999999999995,0.034999999999999254,1.0,-0.6594478858716383,2.200338784562726,-9.839448191047419,8.41248128584901,-9.0613182074406,-0.778129983606819
140014048,candels-cdfs-40,53.13920457506739,-27.74479097717753,0.6049556732177734,1.9885383153450675e-05,O3_2,75.37796783447266,a,3,"O3_1,O2,Hg,Hb",19565,0.2800000011920929,35804,0.2800000011920929,8.460000038146973,1,9287.709350585938,500.4540252685547,8036.49428925963,2390.7009887695312,406.3623809814453,7958.643849262591,6142.0404052734375,723.9328765869141,5983.170599772631,nan,nan,nan,2135.8631896972656,359.6949005126953,7803.402915831834,1,215.00349426,52.99960327,0.4505,0.04602,0.3536,0.06859,0.6614,0.07143,0.6986,0.1269,0.7701,0.08827,311.0241883593106,77.91741466755175,65.89491076686346,0.6049556732177734,True,8.289999999999951,0.034999999999999254,1.0,-0.10865671656445897,2.4927941654335326,-8.568656754711432,7.8723370139694,-8.729242191967543,0.16058543725611152
140014048,candels-cdfs-40,53.13920457506739,-27.74479097717753,0.6049556732177734,1.9885383153450675e-05,O3_2,75.37796783447266,a,3,"O3_1,O2,Hg,Hb",19565,0.2800000011920929,35804,0.2800000011920929,8.460000038146973,1,9287.709350585938,500.4540252685547,8036.49428925963,2390.7009887695312,406.3623809814453,7958.643849262591,6142.0404052734375,723.9328765869141,5983.170599772631,nan,nan,nan,2135.8631896972656,359.6949005126953,7803.402915831834,1,34.4421463,-5.15559816,0.2788,0.03699,0.1107,0.04202,0.316,0.082,0.3819,0.156,0.4249,0.08846,988.2707372799875,242.3031050311474,196.1735959723712,0.6049556732177734,True,8.259999999999952,0.05999999999999872,1.0,-0.10865671656445897,2.9948759360853634,-8.568656754711432,7.8723370139694,-8.729242191967543,0.16058543725611152
