object_id,ra,dec,z,angdisp,foreground,cluster_member,lensed,Z_dir,Z_dir_e,Z_j19,Z_j19_e,R23,R23_e,mean_vel_disp,sterr_vel_disp,zcluster,name,oiii5007_flux,oiii5007_flux_err,oiii5007_ew,oiii5007_ew_err,oiii5007_centroid,oiii5007_fwhm,oiii5007_vel_disp,oiii4959_flux,oiii4959_flux_err,oiii4959_ew,oiii4959_ew_err,oiii4959_centroid,oiii4959_fwhm,oiii4959_vel_disp,oii3726_flux,oii3726_flux_err,oii3726_ew,oii3726_ew_err,oii3726_centroid,oii3726_fwhm,oii3726_vel_disp,oii3729_flux,oii3729_flux_err,oii3729_ew,oii3729_ew_err,oii3729_centroid,oii3729_fwhm,oii3729_vel_disp,halpha_flux,halpha_flux_err,halpha_ew,halpha_ew_err,halpha_centroid,halpha_fwhm,halpha_vel_disp,hbeta_flux,hbeta_flux_err,hbeta_ew,hbeta_ew_err,hbeta_centroid,hbeta_fwhm,hbeta_vel_disp,hgamma_flux,hgamma_flux_err,hgamma_ew,hgamma_ew_err,hgamma_centroid,hgamma_fwhm,hgamma_vel_disp,hdelta_flux,hdelta_flux_err,hdelta_ew,hdelta_ew_err,hdelta_centroid,hdelta_fwhm,hdelta_vel_disp,hepsilon_flux,hepsilon_flux_err,hepsilon_ew,hepsilon_ew_err,hepsilon_centroid,hepsilon_fwhm,hepsilon_vel_disp,hzeta_flux,hzeta_flux_err,hzeta_ew,hzeta_ew_err,hzeta_centroid,hzeta_fwhm,hzeta_vel_disp,heta_flux,heta_flux_err,heta_ew,heta_ew_err,heta_centroid,heta_fwhm,heta_vel_disp,oiii4363_flux,oiii4363_flux_err,oiii4363_ew,oiii4363_ew_err,oiii4363_centroid,oiii4363_fwhm,oiii4363_vel_disp,neiii_flux,neiii_flux_err,neiii_ew,neiii_ew_err,neiii_centroid,neiii_fwhm,neiii_vel_disp,nii6583_flux,nii6583_flux_err,nii6583_ew,nii6583_ew_err,nii6583_centroid,nii6583_fwhm,nii6583_vel_disp,nii6548_flux,nii6548_flux_err,nii6548_ew,nii6548_ew_err,nii6548_centroid,nii6548_fwhm,nii6548_vel_disp,sii6716_flux,sii6716_flux_err,sii6716_ew,sii6716_ew_err,sii6716_centroid,sii6716_fwhm,sii6716_vel_disp,sii6731_flux,sii6731_flux_err,sii6731_ew,sii6731_ew_err,sii6731_centroid,sii6731_fwhm,sii6731_vel_disp,heii4686_flux,heii4686_flux_err,heii4686_ew,heii4686_ew_err,heii4686_centroid,heii4686_fwhm,heii4686_vel_disp,hei5876_flux,hei5876_flux_err,hei5876_ew,hei5876_ew_err,hei5876_centroid,hei5876_fwhm,hei5876_vel_disp
28d07m28pt35s-28d53m18pt439s,28.124541666666662,-28.888455277777776,0.3685089804926993,26.18756698942221,1,0,0,9.51101980990723,0.05584367181401668,8.104833871409653,0.006391742711417887,9.18736191869472,1.8734367889765629,105.36105095790013,19.1862863530035,0.4127,macs0152m28,3957.6240416560504,84.81835859727967,25.521722321060423,1.4940092546552866,5006.830870455516,1.947652821754283,46.21432995436041,1201.0737960935876,167.9037224113746,6.1020964964267375,2.3668369453991205,4958.901799742923,1.6928465621193323,39.57083788851415,1761.464896696335,1068.6135356727189,29.998235596428906,91.72048342399984,3725.300846892047,5.449503026807009,184.65485291083476,2884.5577145722427,1618.3931634975047,49.243829643832576,138.90878074330303,3728.766711514383,5.449503026807009,184.51668935249157,2355.2488495918797,112.75872375523032,48.55033397308256,4.452104826402261,6562.860806342181,2.3328405364660885,43.16885049142893,1067.1964962071731,48.77235854955061,7.05730653423719,0.9250886639206057,4861.282067419762,1.8323453603403923,44.3464434414166,840.9908996326822,104.25688713308563,6.230189875770804,2.7363695810241957,4339.711842576588,2.809343832717954,79.80201727850056,1013.4481178922388,106.76561125294373,7.8927415839978545,3.3229936910850904,4101.333887667329,4.179024043458222,127.87660686140855,1105.8776325912272,146.37904870338798,9.070341520260321,5.1808168678704725,3966.258717070406,6.651498618282198,212.11179989781002,269.45018431836974,0.0,1.8460803036518705,0.0,3887.9628641115423,0.4999617834394905,nan,653.0447663441255,135.03897802102384,4.076315033504895,3.9487192708885805,3833.883756333967,6.314992671324819,208.32458373009496,13.121471677398668,142.45380239581323,0.08883146079745713,3.3752042694030466,4366.012736048973,0.4999617834394905,nan,992.2866904035268,86.11087585325657,7.165906510540203,2.848008480847927,3869.1809132235867,2.702002703999761,85.87998692400208,427.52526405149763,322.3631605796672,5.871608417174711,8.45356855212616,6582.584880007132,6.511571217499083,125.19044058099286,282.61965748402133,441.57684208989565,3.91105454528142,11.740068234269563,6543.969829048965,0.4999617834394905,nan,206.04130091742843,9261496.881680923,2.661136942556251,223734.2554624809,6716.4841747931005,0.5751716035391242,nan,57.96267783389736,120.42268372403186,0.7950272222878841,3.084669258891483,6726.807851402391,0.4999617834394905,nan,299.9967490266764,3777757.2797236494,1.8221251537246288,70149.94329761509,4686.930439365414,0.5877079370616016,nan,0.0,0.0,nan,nan,5879.154269614779,9.19976811264438,198.75832505664667
28d08m00pt3s-28d52m56pt898s,28.133416666666665,-28.882471666666667,0.4354015023467077,15.836703873235557,0,1,0,8.231162179867292,0.01250512991705649,8.056100065137544,8.949025476497375e-05,6.830072333831807,0.0948235115118226,45.27279318863684,7.285106102694386,0.4127,macs0152m28,14026.49616375008,198.98911601905255,31.692392236020396,1.228062851074954,5006.84892837578,2.424432720658328,59.0211927476399,3533.0948413529363,552.9800229418195,6.2395074870529434,2.709579145518083,4958.910499580987,2.0241214752954537,48.7589003173985,16674.304063285155,136.53989441048452,25.24058553816234,1.0411862970903503,3725.9821394290025,2.2568716468864163,73.30933379552935,23036.66799975226,174.47466509379984,34.93864731293074,1.3304582610776006,3728.7357349488243,2.2568716468864163,73.25448184738237,0.0,0.0,nan,nan,6562.8,1.0,13.853480493619768,8385.059523375574,71.38466787302742,20.13838711527453,0.4917495645722424,4861.245809372898,2.2637268613010977,56.37770750983301,4011.0831717112574,75.44724879995533,7.456306344678847,0.4967272638692102,4340.435715191085,1.9289563085305708,52.72142333297018,1861.0876401177975,74.56423666492387,2.9507078090440655,0.47242661942493624,4101.449729088768,1.9062399626654731,55.03259169573154,292.75861876519434,99.23181928188941,0.41100251508683766,0.5998870153928617,3969.8283407969516,0.4999617834394905,nan,1606.2300603373121,75.7463766664223,2.112428205383183,0.4505945659606235,3888.947203926465,2.208192527623533,68.55802608544437,0.0,0.0,nan,nan,3834.771637950307,1.5650522157834317,46.46357107270146,673.6852401875923,211.45767895938798,1.187788947924109,1.3053880840707863,4365.0550948952505,3.5455448636314064,101.41595831707785,1505.199741849072,85.98550590890926,2.005568664034417,0.5246750658600539,3869.281014036011,2.290456680124063,71.76653736194048,0.0,0.0,nan,nan,6583.45,1.0,13.810026928666252,0.0,0.0,nan,nan,6548.05,1.0,13.88468655302385,0.0,0.0,nan,nan,6716.44,1.0,13.536579167464883,0.0,0.0,nan,nan,6730.82,1.0,13.507659064352907,0.0,0.0,nan,nan,4685.310471876912,4.279565954891007,114.71000057383334,0.0,56.97144146384557,nan,nan,5875.62,1.0,15.473706908126772
28d07m25pt59s-28d53m23pt342s,28.123775,-28.88981722222222,0.5581220294942004,30.45113887447951,0,0,0,8.697991250820387,0.011041871586020635,8.090345852963198,0.00014283668284415633,7.749190467305305,0.3454683361533393,53.599927328046064,9.802223638036429,0.4127,macs0152m28,4885.4680952598455,126.72623923791181,78.13598229250992,5.53600517358875,5006.851784394838,2.589399125693047,63.389803727799,1821.2901298909132,205.86103890142957,16.052784429046582,5.034521414968351,4958.803419695942,2.3856579606323485,58.551142309215365,4681.556175716309,131.01084309632134,27.564025405669526,3.884809381937964,3726.3351571041376,2.2426971663159163,72.79972823106945,5396.804761978341,147.15832936745883,31.83428267124022,4.363623995127724,3728.994460709217,2.2426971663159163,72.74525758304549,0.0,0.0,nan,nan,6562.8,1.0,13.853480493619768,2166.0480838177473,87.77925048564892,36.55856470092889,4.249096450021311,4861.48882124299,2.5201817929894106,63.40236438535882,1115.811825569873,53.97924404340487,10.654286432318814,1.8253755336425772,4340.536326938617,2.381807008711049,66.77563381119367,668.7334779840123,58.1227529755555,4.748228157451524,1.648365672039675,4102.362599151495,2.445646446515424,72.73258253484245,375.293302999085,53.85252038701132,2.6047320070395346,1.6096836972517181,3969.6006318985806,1.699237330183606,49.65176039147918,939.3389228928185,76.50780588641315,5.464013424820186,2.0123026565849247,3889.5065995630807,3.4265141026268955,109.80291670896628,257.84352517098597,1472500.3710673824,1.7310405976919199,46275.75765342462,3835.038965796482,0.5027599742406287,nan,186.7266955546854,50.66128594043958,1.5768128775026138,1.499347063367255,4362.972633282029,1.4925837873017485,38.46427530065965,1978.0937184480674,97.2850259856198,13.393719942847625,3.0136125529924365,3870.8628044574784,5.482888432554234,178.95059335642532,0.0,0.0,nan,nan,6583.45,1.0,13.810026928666252,0.0,0.0,nan,nan,6548.05,1.0,13.88468655302385,0.0,0.0,nan,nan,6716.44,1.0,13.536579167464883,0.0,0.0,nan,nan,6730.82,1.0,13.507659064352907,0.0,0.0,nan,nan,4685.801375698163,1.6234066347148204,39.796919895104836,291.8779441555387,105.55154248054217,16.614600825974602,13.069904259625517,5873.050507218293,5.414906930230545,116.34313611863425
28d07m06pt405s-28d53m28pt324s,28.118445833333332,-28.891201111111112,0.6380614410088494,50.12698630822702,0,0,0,nan,nan,8.117298104737054,9.880919535634529e-05,11.90949214211077,0.6684139184556712,58.17622844269569,14.117656043581789,0.4127,macs0152m28,8152.463021004371,126.5439658259719,67.84180029678717,2.876317877279749,5006.838476524494,2.8756502435197846,70.92042363501923,2192.229256641847,320.36020640819027,11.841376788101295,4.801071477368028,4959.007856393,2.589743223656064,64.01166909097637,4640.619986437576,105.68488688333046,25.902586825144905,2.9711331623571473,3726.2295813863743,2.5449107278925487,83.59988622036269,6677.091624790059,146.28876767421565,37.3425014158118,4.112635417749385,3729.030630614138,2.5449107278925487,83.5373346135394,0.0,0.0,nan,nan,6562.8,1.0,13.853480493619768,1818.9191974255361,96.72336240055827,16.46465669409971,2.5114309878886685,4861.047321681386,2.550427274531958,64.22647887595336,1421.3293757128426,49.29197077392794,9.235332771121513,1.1342352449942767,4340.648645024214,2.2831801497387887,63.74294563801833,410.17508601549514,43.93935711791472,2.226619688160624,0.9528807143839791,4102.027089408605,1.940305141995798,56.16777788221485,446.08587079986523,606008.2092700208,2.1736980921829248,12709.821101241567,3970.6200598613846,0.5162999602906625,nan,218.22163068023482,66.20958611497755,0.9447235842591684,1.2967788473061035,3888.622179826066,1.7426898497855465,52.24323630393285,0.0,0.0,nan,nan,3836.2372494401325,4.568480902442607,149.8529333672066,0.0,0.0,nan,nan,4364.836610529685,0.7254280053511374,5.555020341519162,1904.6762166708538,91.80190684177957,9.358295641393852,2.06637314245037,3868.7004406949663,3.551794357987842,114.58757824953862,0.0,0.0,nan,nan,6583.45,1.0,13.810026928666252,0.0,0.0,nan,nan,6548.05,1.0,13.88468655302385,0.0,0.0,nan,nan,6716.44,1.0,13.536579167464883,0.0,0.0,nan,nan,6730.82,1.0,13.507659064352907,716.4387566739229,320.048944624876,8.526572321478701,11.644443536731764,4687.078522784276,9.99923566878981,271.0131455203778,0.0,0.0,nan,nan,5875.62,1.0,15.473706908126772
STACK,0.0,0.0,0.5000234883356143,nan,0,0,0,nan,nan,7.909219769879053,0.009833615715377251,7.086167679397543,0.7959738392961637,118.9849597830653,27.91071999351876,0.4127,macs0152m28,4169.152561049335,145.05019469907648,5.298161313170155,0.5034808952502752,5006.835790317017,1.961714715931403,46.59728388788197,1258.2940085674027,198.08618537167087,1.5087937476621514,0.6589903533643935,4959.051324611648,1.4841111994551637,33.597189889445076,1507.3083325479458,449.9448174714037,1.243749886774682,1.868504722841812,3727.3444951678703,2.25063000282855,73.08497455357887,1158.4183877814303,414.9379636502481,0.957484420128098,1.723130292118828,3729.7722384129333,2.25063000282855,73.03029047684562,2092.555040303076,224.0391091319165,5.259921389586464,1.0786456540751044,6562.964946452413,2.0351752398426544,37.07110424552977,1142.1086341883156,88.30330004799582,1.3011291525824238,0.2885695296001103,4860.981650516665,1.6726998141891503,39.78493843517062,317.09443890660805,158.5256851775579,0.3656793644535603,0.6481144729771039,4338.33739799694,0.4999617834394905,nan,2594.608469185912,299.61085450556817,2.5446483028930027,1.1747438066345157,4100.665401899408,5.719400726783891,176.18506373999512,4250.193607938093,399.3342244385238,4.285705564160096,1.7343051885116412,3969.4719650187194,9.99923566878981,319.8627926142355,0.0,0.0,nan,nan,3886.301349806714,9.978307494200022,325.8396477239134,1885.3679796817687,468.7685693905474,1.859296691084725,2.159416268382521,3838.3181002830825,9.99923566878981,331.09476865566154,0.0,0.0,nan,nan,4364.588754074509,3.351277293486874,95.62697638292728,0.0,0.0,nan,nan,3870.998260863898,9.99923566878981,328.2406140748108,490.1746019838147,402.95241123510283,1.2035728973646203,1.8886422214137615,6584.405416140545,4.6435249937362,88.76988530904728,0.0,0.0,nan,nan,6552.090109388256,6.313555708130021,121.99418664053877,0.0,0.0,nan,nan,6715.97942225264,0.4999617834394905,nan,206.616875429025,119.80314404558726,0.629375220188509,0.6811271023656402,6730.671341871554,1.0721409166197078,15.36023430257173,563.550216598696,117.95750657709088,0.6035292457980981,0.3862196456897363,4686.861699266935,1.4851831315241586,35.58932516302198,0.0,0.0,nan,nan,5879.329863356142,0.4999617834394905,nan
34d19m21pt9s-52d45m27pt982s,34.32274999999999,-52.75777277777778,0.2900081476727334,39.75504501315917,1,0,0,7.864734383041171,0.00985384628373159,8.006699920485591,0.00021960626931253173,10.212550871548428,0.7854869772920188,75.0437885513421,9.810784294541719,0.3432,macs0217m52,3373.0448170598943,99.51129593761445,12.841569125598763,1.0348003637904533,5006.829246005536,3.3091146982728956,82.23753648332364,581.2366134155056,151.72593368270216,1.8821654684046445,1.363142206652522,4959.055583987963,2.5003038583539823,61.62334465700301,5285.2436347551975,499.1757309352896,13.976486047529542,6.651774537681027,3725.5409109678344,3.339680615178397,111.57472840552708,10873.206060761344,988.9842243727834,28.816653827503476,13.178725795673552,3728.683995556346,3.339680615178397,111.49124529498503,4329.143197430971,164.70389408139897,30.562631401702017,2.22743480986713,6562.102231616702,4.090067834463495,78.1715702027342,1969.4130662325354,104.22065963107742,7.339506121961568,1.113932518871254,4861.545801135074,2.4473810535544778,61.41526782090504,391.2787915978121,144.4839076818176,1.1696797216145594,1.5300610347679435,4339.964008038885,4.30949837586242,124.72334965918859,243.19950632031527,147.2798334464013,0.6278262312213005,1.5192421425319398,4101.608335836056,3.1711788462502417,95.99964268029125,929.537665981807,2676598.97533582,2.202568784018733,27313.863407029017,3969.619843414289,0.6454891177268335,nan,318.0632694967801,186.18501272339955,0.8062408751635401,2.1352539756048854,3888.565283368349,0.4999617834394905,nan,0.0,0.0,nan,nan,3833.724584632508,0.4999617834394905,nan,509.0705585888728,113.03552771950409,1.489701346752102,1.1580490394996754,4365.270221792977,2.870056670326213,81.21382320283554,0.0,0.0,nan,nan,3867.1309637277436,4.125776974905917,133.79980456136335,646.4472940135555,182.24030403603672,3.564143183158588,1.918346156774878,6583.1504002994,1.335519007725737,21.994358046629362,37.53277307207301,0.0,0.19836206304971396,0.0,6547.991095975972,0.4999617834394905,nan,1518.6532652803728,158.47759887680115,11.381964760410847,2.2218440628075387,6715.7367783999625,6.6242234547480505,124.85914249594701,728.2013327301402,106.79861168695959,5.180378061256468,1.418029027219497,6730.772655852423,2.856226250368394,52.37654639792904,0.0,0.0,nan,nan,4685.312504641147,3.418439808159457,90.91102935352335,195.11787488347397,76.48727936923753,1.2153784541817771,1.0357444973450765,5875.973157513665,2.1197447700999557,43.35301611063012
34d19m22pt71s-52d46m02pt865s,34.32297499999999,-52.7674625,0.3349215989090131,47.179511707927695,0,1,0,nan,nan,8.130081576530399,0.00012276189554334308,8.133560359642411,0.27223575271044687,67.49929495005111,16.47028226038111,0.3432,macs0217m52,11090.59765729786,187.68178714325435,72.58184865947337,3.3549171092243038,5006.840785803018,2.3611247343168857,57.33778363384766,3480.738708640769,484.82832533408776,15.180859048081825,5.86709148307281,4958.823173266068,2.190954897611898,53.300301257566254,4967.583728490226,218.71801663137916,18.318215475614032,4.062512231340703,3726.1305088267372,1.9971894387885933,63.91077131876517,8719.259669224948,332.47433890879796,32.211341412441335,6.175444936940442,3728.740801964811,1.9971894387885933,63.8629516192411,7931.695951436586,100.32838208164083,130.22770421024953,3.1552500355045066,6562.675429611777,2.670758900891885,49.998203844578526,3474.2693868563315,83.92151329031044,30.910718544043633,2.14155822641848,4861.308733115681,2.393488583397498,59.940901610286566,1506.6710726926212,93.2324001903254,11.31032959694285,2.4787057477973513,4340.490774528082,1.6092323286693022,42.500933550976434,0.0,50.11260157414472,nan,nan,4101.73,1.0,22.16567686891332,680.8460378069394,109541572.07947235,3.2115487275480064,2223795.6083405614,3970.736303424405,0.4999617834394905,nan,0.0,0.0,nan,nan,3888.613905333269,5.576852140902472,181.11694287066652,855.2373188065085,39817948.0673358,3.756927132290546,818287.4227207456,3835.985292510961,0.5558950408252897,nan,0.0,0.0,nan,nan,4361.80945354981,0.4999617834394905,nan,0.0,64.79465844097162,nan,nan,3868.75,1.0,23.500516131444996,0.0,0.0,nan,nan,6585.836467243985,0.4999617834394905,nan,0.0,0.0,nan,nan,6547.84932076249,7.717129898758183,149.4213874676356,883.5186478882292,108.24183441494195,13.449183250140969,3.0819425857545837,6716.317705381488,2.3290302085227292,42.10563396592693,594.8349210275385,99.37135625943579,8.944015211754307,2.788758433522259,6730.709730884212,1.8802726469846491,33.00798192771214,839.195467360424,215.78756162755286,6.75904886640042,5.308646316751474,4689.3114641194825,9.99923566878981,271.0131455203778,441.87537370120674,66.57623275067505,6.520343051885083,2.135919572498364,5875.474474491142,1.731082840052302,34.30488256292994
34d17m58pt905s-52d45m18pt335s,34.29969583333333,-52.755093055555555,0.33888145653085044,48.09804621811701,0,1,0,7.8060149602781514,0.00890831394808126,8.079870099612851,0.0003039619291367288,8.27360887214066,0.545409724105115,64.62940633125436,8.825137589716936,0.3432,macs0217m52,5576.66113487251,98.61950486758217,39.83659678780939,1.9242298855863027,5006.8438197608175,2.6723894614657286,65.5789508123313,970.2790197711461,205.65927041259,4.743272322330071,2.7893567517761535,4959.070561022555,1.5442391693944888,35.338171210702406,4506.133370124305,462.49889794994965,199.70035627367466,103.24928924778531,3726.0335590917794,3.060590553677191,101.80169040493108,6579.530968831025,684.0685906926577,292.20579459726406,152.7130034229712,3729.065902542587,3.060590553677191,101.7255197353279,4262.351385190922,105.60807735267073,47.906200787707554,2.2735542494008323,6562.775654794888,2.789846549175969,52.38828413171485,2131.186615912246,94.95712051860347,16.81666294922612,2.14907993416839,4861.336950029136,2.711324766214024,68.59785091668829,1017.6613850355465,127.70341724913072,6.798896277041061,3.022762799948809,4339.680361208886,2.6777474635813965,75.80995293143269,196.64192548600175,4.4481941116096564e+20,0.7967514190773437,7.20168003504006e+18,4101.623507794365,0.4999617834394905,nan,137.59520674826382,221.33244797509937,0.7469501725588236,5.177945143049679,3968.5055577067296,0.4999617834394905,nan,477.6209957197402,171.07505435896047,2.8253172559682915,4.574817540672307,3889.856263108791,2.4135375667019603,75.61225765784161,721.8174188946621,14446266.87195762,5.577691195753583,521966.56078524055,3836.771067945809,0.5690544149301406,nan,857.305235847457,180.918740885363,6.165366227441978,4.557554697382701,4364.103887605302,4.313881575029527,124.20264864891645,1238.203961548264,164.1408789682809,8.849935132759569,5.376344742657395,3868.1878983438683,2.2744824624833297,71.21425456418467,7.585184330386338,443.055520064579,0.05418968921385707,6.0442082228255245,6582.128304747394,0.4999617834394905,nan,0.0,0.0,nan,nan,6547.251051677676,0.4999617834394905,nan,558.7996049981933,96.95984253419779,6.617133148465803,2.147403109771109,6716.951563004739,2.001380036981891,35.54010878185776,503.8839068591699,113.95319947206687,6.543679306638226,2.7618825330371624,6731.11771251316,2.554348458080404,46.464653477990794,0.0,0.0,nan,nan,4685.491559521892,4.376588601582408,117.38128414557454,410.7392081446567,116.47617456822121,4.826329647633566,2.9761223354449067,5874.740719581588,2.9644052108687364,62.4148738805753
34d19m12pt345s-52d46m02pt383s,34.320095833333326,-52.76732861111111,0.3393521284276051,38.596280053896706,0,1,0,7.9858993267638505,0.02597249240626275,8.080587670853678,0.00014558281298083194,8.818380336764493,0.42157445542470795,64.192871378985,10.011648761979549,0.3432,macs0217m52,4709.753195494545,95.90251534986378,51.296074749566294,2.853009955123855,5006.835684228111,2.0403440954425816,48.731521146267966,1503.7622116820626,199.94315121066828,11.551700349277565,4.261937791102546,4958.6572588176505,1.7589682236129451,41.428067493956846,4146.437866194379,257.93260996128345,166.971366385144,52.32383354431843,3725.9515192833037,2.31796186671552,75.50185926250141,6389.625324162022,355.83113988401954,257.8293751461744,72.18338672249008,3728.8881594993227,2.31796186671552,75.44536680983747,3954.3133381624675,127.3014238621818,80.49803217841784,4.963824813024956,6562.728063846016,2.2774339278259923,42.040750918784944,1899.393988225111,71.61774085141664,30.31282398532881,3.278181975357543,4861.373840077464,2.2016770865083717,54.66642745819361,1182.3131382923157,119.66179650381926,9.991913671185483,3.5813800478031577,4340.60154418435,3.17938437096143,90.96630539447492,105.39002209996961,135.05812879159757,0.745201385088145,3.813770496979334,4102.655815436343,0.4999617834394905,nan,624.6573848514374,1373722.9138682836,3.7099626783884543,35113.38220906926,3970.7535720410074,0.6130891820857572,nan,717.2513664565679,48822969.35697911,5.453640595668137,1679351.774223119,3888.753813979755,0.5466325318631603,nan,0.0,0.0,nan,nan,3834.4823599216797,4.484761762934028,147.04016842604327,924.5593615164577,105.86488886897959,7.1722810229658664,2.8769172936223923,4363.964466767621,3.042436075742392,86.39088687163955,634.9215458786557,49831976.983210176,5.645280078934112,2030582.2168736842,3868.0985853465872,0.5510842921830266,nan,432.9055740516206,399.6712924059589,5.192090807687291,9.150086326327946,6584.422981114549,4.33287513416275,82.68805008222185,0.0,0.0,nan,nan,6547.918155976492,3.6814147148117593,70.26990533664055,827.4725142314068,101.13516962048712,25.131031678756813,5.74509015236426,6716.491190655314,2.1453603414901696,38.43974903510839,526.4871377137407,89.03461495790924,12.268853750968118,3.872447643778858,6730.758491580381,1.952604373468157,34.477693528079854,0.0,0.0,nan,nan,4684.918937440286,5.852891114139558,157.88188812073008,280.42113706838086,102.93653439170001,4.377294442781375,3.4941082295967867,5874.644077258076,2.2052060486220433,45.31017355826418
34d19m20pt58s-52d45m42pt851s,34.32238333333333,-52.76190305555556,0.4697201422546915,37.82286135393621,0,0,0,8.964820174190303,0.04534981924018089,8.031852067526309,9.876489806650796e-05,6.606624408203004,0.12429975292015524,69.56899823181618,19.19242204607433,0.3432,macs0217m52,7011.708516562643,120.89333837277772,12.87040897502226,0.6061224486246228,5006.820006232358,2.9152776006241385,71.95884253172329,1818.755223276949,264.82626213333606,2.9909550960721116,1.2082615995757644,4959.140556150665,2.1576415418545185,52.396948642316374,10265.405842876526,253.68118238225725,16.20727087555568,2.0175482170126635,3726.0324640793137,2.475001515978619,81.11253307902517,16420.01351242897,373.39913753427686,25.97649964574532,2.969675389762125,3728.913749354286,2.475001515978619,81.05184257444452,0.0,0.0,nan,nan,6562.8,1.0,13.853480493619768,5375.79872878007,60.161124381968115,10.11318942305014,0.3246017526111094,4861.44858749242,2.5969667771329226,65.49302100299015,2340.8767533887135,84.46907553176476,3.571141819323066,0.4563441044634903,4340.663298953642,2.3156307522861366,64.74218581027158,0.0,58.02426089651866,nan,nan,4101.73,1.0,22.16567686891332,114.60879272988574,2.2708753960674997e+62,0.1454289060033178,1.2403998089558503e+60,3970.4044826732147,0.4999617834394905,nan,140.04656065132258,649977830530.1305,0.16919953073685323,3552901873.8810625,3888.548941168633,0.4999617834394905,nan,0.0,0.0,nan,nan,3837.1695543262995,6.109539266574308,201.46115433961484,92.82196539270782,225.14360840630604,0.13787813027729118,1.1695300445230996,4367.681521640091,0.4999617834394905,nan,4671.843976156433,239.92419805765715,6.069749544352267,1.4284914779500597,3868.1926032539463,8.970033430806284,294.27944809410127,0.0,0.0,nan,nan,6583.45,1.0,13.810026928666252,0.0,0.0,nan,nan,6548.05,1.0,13.88468655302385,0.0,0.0,nan,nan,6716.44,1.0,13.536579167464883,0.0,0.0,nan,nan,6730.82,1.0,13.507659064352907,0.0,0.0,nan,nan,4682.315269310367,8.034908901115955,217.4787885479825,493.22126117016205,59.347034618591174,1.328826296952122,0.34755419566430956,5876.534428696668,1.613915122149198,31.509094474180635
34d18m34pt755s-52d46m03pt991s,34.30965416666666,-52.76777527777778,0.640538063326191,28.20496314481577,0,0,0,7.763973933477678,0.0016726330142672,8.032395776468832,0.00012038934038448906,10.575781109917926,0.6088253728487063,40.50122497843636,8.301945040371331,0.3432,macs0217m52,2570.868960986115,61.73172243789018,29.946109085496612,1.9640616790081584,5006.843087860164,1.7862133191283918,41.78554028914112,624.536723943542,112.95194794425633,5.169960186326291,2.5942541260622827,4958.9647849432295,1.8566436126700814,44.14806071111436,4480.317992246606,140.17881415983516,81.69237022742415,12.875752196613815,3725.980827408218,2.395071112647888,78.26109298514496,5090.143804863003,154.15677998344927,93.00019531818275,14.159661075685786,3728.887762831482,2.395071112647888,78.20253600212392,0.0,0.0,nan,nan,6562.8,1.0,13.853480493619768,1207.0850700632868,65.5169467907189,11.283643322511544,1.7565992490868099,4861.331154230083,2.056755586564612,50.647477093732675,175.93387449890804,33.9515535265782,1.3909001379081496,0.9507421051430981,4340.219358820456,1.1730842507617283,27.610554075358756,0.0,0.0,nan,nan,4103.943803335231,0.4999617834394905,nan,98.18627322684198,71.14018358612759,0.5741670415735983,1.7945090369699814,3966.8779015579694,0.4999617834394905,nan,0.0,38.645648698663216,nan,nan,3889.06,1.0,23.37778840736009,0.0,0.0,nan,nan,3832.4556877542936,3.092665624234311,99.99207889161579,304.0150391554219,31.326603042129058,2.3731495241690665,0.856413374658262,4364.52628531349,0.9899241316612247,20.423616608451745,1046.503958337689,112.4960408570734,7.645124672781385,3.764716247765445,3868.8099818611704,3.7425089294534892,120.98245638092716,0.0,0.0,nan,nan,6583.45,1.0,13.810026928666252,0.0,0.0,nan,nan,6548.05,1.0,13.88468655302385,0.0,0.0,nan,nan,6716.44,1.0,13.536579167464883,0.0,0.0,nan,nan,6730.82,1.0,13.507659064352907,0.0,0.0,nan,nan,4685.684956510788,3.747436933208249,100.02593403006597,0.0,0.0,nan,nan,5875.62,1.0,15.473706908126772
34d18m23pt595s-52d45m52pt899s,34.306554166666665,-52.764694166666665,0.6809229361288021,25.191204536497317,0,0,0,nan,nan,nan,nan,nan,nan,64.97178535225949,19.930179507392182,0.3432,macs0217m52,255.68131374299801,60.679695488777135,2.3871096005012795,1.5469508024248182,5007.744974495575,1.6936875934854414,39.215516005964915,156.32119624414213,140565.13533329626,1.4388744342268942,3588.6847074895736,4959.916532013424,0.5022426758140526,nan,104.09899947523216,115.63076985981665,0.369077006193925,2.0583485351389843,3730.7427758632903,0.4999617834394905,nan,288.68461070077024,0.0,1.0068611639139897,0.0,3731.238681542005,0.4999617834394905,nan,0.0,0.0,nan,nan,6562.8,1.0,13.853480493619768,0.0,0.0,nan,nan,4863.034714554905,9.99923566878981,261.2208748844296,0.0,0.0,nan,nan,4340.689349684719,0.4999617834394905,nan,0.0,0.0,nan,nan,4099.529146092937,1.9430154385961524,56.25796533415857,370.4334902345682,47.32317032635288,1.4078975670228633,0.7737319721098094,3971.492900563096,1.6167930387823601,46.73508038588664,641.9934706935538,130.88211005864684,2.378629532965141,2.1954316067287616,3887.497579871963,6.855696581979183,223.2514008637623,0.0,0.0,nan,nan,3835.4131624913593,2.259111916072096,71.29706560411894,0.0,0.0,nan,nan,4359.326803271298,6.1395123941675305,177.97107295334402,0.0,0.0,nan,nan,3868.376833893538,2.516222195842293,79.53345048923222,0.0,0.0,nan,nan,6583.45,1.0,13.810026928666252,0.0,0.0,nan,nan,6548.05,1.0,13.88468655302385,0.0,0.0,nan,nan,6716.44,1.0,13.536579167464883,0.0,0.0,nan,nan,6730.82,1.0,13.507659064352907,188.15761228612251,112.45404475241341,1.2605248026911597,2.302671631206499,4687.55610921568,0.4999617834394905,nan,0.0,0.0,nan,nan,5875.62,1.0,15.473706908126772
STACK,0.0,0.0,0.44204921046426954,nan,0,0,0,nan,nan,7.988850484491063,0.0003195388007008154,10.11429507340679,1.0873286453902353,91.90632345764566,15.701699789901918,0.3432,macs0217m52,3738.912193457503,378.73971413754873,2.7190142484692372,0.7524096435860028,5006.408267043129,3.9747489834482663,99.48724891594918,782.3167800871436,350.0935088165317,0.5497818763723361,0.6821489526097707,4961.066112784582,3.9278914575681396,99.22652816957078,11260.882347358076,498.39884367258486,5.6709568622080395,1.2618205088364571,3728.887056973323,2.5922219343321067,85.28000553779059,11396.530947695926,500.85260690057396,5.814702789375279,1.2847002207923672,3728.8858022155637,2.6081958170447077,85.78248705960975,3158.2256307526477,292.0300291771833,3.617513596945622,0.6407020039706984,6562.835622508832,3.6414407445218577,69.32195472439608,2687.1514100926943,275.62827031763413,1.8921069941327484,0.5567328637661894,4860.922271084719,2.5535378842137706,64.3111896312276,643.5604715042404,227.95210092337607,0.3734409353686486,0.46828160995588664,4341.327237462995,1.47424876434342,38.05590874846078,0.0,0.0,nan,nan,4102.442470241611,4.8397385810661815,148.6370248033697,0.0,0.0,nan,nan,3972.2822981962813,0.4999617834394905,nan,2138.8093452896414,584.3588600775173,1.1094771897890847,1.3717277030494042,3888.239461634965,2.347238464429761,73.34150096418908,2400.137292372216,1141379968.9394403,1.224218862488283,2725410.8697336344,3834.9264923336877,0.56052055765785,nan,0.0,0.0,nan,nan,4362.812647446198,8.24771684843478,239.7843191787735,17697.125888565464,621.4767447415593,9.936470427660607,1.5972976984133958,3869.9728781238537,3.972634540004429,128.6832363825582,864.9835638744614,238.91031882229456,0.969734491135346,0.5113944007881506,6582.924038217131,1.8338040555495538,32.776679455355996,19.654685600971153,0.0,0.021838696718988936,0.0,6547.8166790954865,0.4999617834394905,nan,305.6080573879514,261.6834873081842,0.40409544803704,0.6472144834792302,6716.263383893023,0.4999617834394905,nan,509.0577852955087,214.28031603183808,0.6697757953531138,0.5262184824355381,6730.588679434824,2.4562918574119292,44.53299703354021,0.0,0.0,nan,nan,4686.38980547216,5.092836158029712,137.05929019517166,3245.5327693064096,1290.6687007035891,4.030637574171244,3.4922905197427547,5865.62,9.99923566878981,216.12712798001303
17d52m57pt27s8d56m04pt135s,17.882574999999996,8.934481944444444,0.1433211320106118,5.590312931492495,1,0,0,nan,nan,nan,nan,2.249736519972849,0.22076323186864505,47.37231577632347,8.409628866926269,0.485,macs0111p08,3347.1551156697055,138.9035445441163,27.226278205034685,3.0861206041159503,5006.836951569502,2.20946119558209,53.28641794559013,1005.1495638745729,233.43597079852063,6.926325483525592,4.463060502143953,4958.9424420061005,2.774727443714212,68.93148753682247,0.0,0.0,nan,nan,3726.03,1.0,24.400668213494743,0.0,0.0,nan,nan,3728.82,1.0,24.382410999599827,3495.857339335269,80.50758595978998,68.70512971113921,3.0306556388074575,6562.7955756877045,2.3768596455442323,44.06319750189034,1934.584179482851,146.491842159544,16.65039104138694,3.616285736637712,4861.298682523272,2.5278808924423406,63.61222300825063,363.5464695035903,8135533.123788872,2.398482891749474,190117.40255777043,4340.206757291711,0.6316630920033774,nan,0.0,0.0,nan,nan,4101.73,1.0,22.16567686891332,0.0,0.0,nan,nan,3970.08,1.0,22.900702702093618,0.0,0.0,nan,nan,3889.06,1.0,23.37778840736009,0.0,0.0,nan,nan,3835.4,1.0,23.704860453545347,0.0,0.0,nan,nan,4359.448899154991,0.4999617834394905,nan,0.0,0.0,nan,nan,3868.75,1.0,23.500516131444996,474.5735674712039,273.46819062926846,5.796052911289083,6.375929167812278,6583.917076037982,2.7640790500001335,51.709042658934706,0.0,0.0,nan,nan,6548.694621597903,6.235932532029535,120.47552187083168,842.6773718042301,154.46684530402615,12.255074306498367,4.201507468186279,6716.838745582747,4.107080573177948,76.71066407046752,466.53163989895256,108.44632437331416,7.131774121935235,3.0945911556662837,6729.809659062758,2.2083540989655925,39.61597027963742,0.0,0.0,nan,nan,4684.744793164833,5.341325651468502,143.87240281176437,177.70504071580862,101.08724308041378,2.414033374055684,2.9849103874640215,5876.59575475598,3.4575189954373013,73.3644482895047
17d52m45pt885s8d55m56pt74s,17.879412499999997,8.932427777777777,0.4038530265165121,12.610485088533805,1,0,0,nan,nan,8.064152117761019,0.00016999086043274102,8.490016172304182,0.6665060158615025,56.304219820309896,13.59428525570145,0.485,macs0111p08,2398.284783003327,70.00706805481366,44.48873643832617,3.547122282964301,5006.85245340002,1.9630295571572551,46.63307093551642,743.3188681550671,130.298264992504,11.808836539308215,5.743712729915544,4958.738577386105,2.026371066263822,48.820447331932286,2862.820652874664,192.23849541809702,219.9609227289366,74.3991331263643,3726.117423077157,1.5261249663565941,46.33554498198912,3586.759626833384,211.02272169082664,276.10820545431255,81.66890574969395,3728.8413436857954,1.5261249663565941,46.30087552342052,2419.0577798820414,89.34497285932603,571.4009097638633,40.42251530827571,6562.879308206091,2.4098619828102987,44.73267764021818,1129.7014912827196,80.19561220535633,40.80554931948874,8.308413889361535,4861.302001734962,2.014215575895591,49.461052088547284,499.8669978938341,83.61764217695065,7.428754457145099,4.401580114935883,4340.255869142433,1.414093210147004,36.03850263400071,0.0,0.0,nan,nan,4101.564721521859,0.4999617834394905,nan,225.30475342680583,110834685.23936506,1.5482610924079143,3276733.101374129,3971.3541875968062,0.4999617834394905,nan,0.0,0.0,nan,nan,3890.3496883809466,5.650186331157937,183.5364567399205,0.0,55.6951793311005,nan,nan,3835.4,1.0,23.704860453545347,597.5756023869512,34961084.92308664,6.835872660178994,1401880.6152995846,4362.610428506801,0.5221203874210264,nan,0.0,0.0,nan,nan,3868.915773105442,4.146790352306853,134.50141839563196,339.78523756276303,758310527.4941518,22.504867613053698,95888593.68007758,6583.334082043584,0.5041763192691275,nan,0.0,0.0,nan,nan,6548.366007548746,0.4999617834394905,nan,0.0,0.0,nan,nan,6716.44,1.0,13.536579167464883,0.0,0.0,nan,nan,6730.82,1.0,13.507659064352907,0.0,0.0,nan,nan,4685.723872892382,1.7669563346264308,44.080286377486146,520.1581274077812,186.41935162965441,78.28969758834357,61.06296395246003,5870.906475419442,7.862210263370929,169.6780857909321
17d53m16pt725s8d55m23pt545s,17.887979166666664,8.923206944444443,0.5429262781153155,39.623248459765136,0,0,0,nan,nan,7.614925370604589,0.00178606524060926,5.974773125285242,0.29732645931002083,54.43865400747578,15.068213187428958,0.485,macs0111p08,4421.695759509537,96.64434805496616,52.7317930814192,3.148075478930659,5006.852155076626,1.9930801340585644,47.45004445551046,1305.955570821489,178.4237646828344,12.679183150806644,4.806325440809589,4958.908984460451,1.6542136986887443,38.47888839491161,1999.305089151556,194.77493713021383,13.130620632593514,6.44282551156654,3726.2460083158135,2.073537781887394,66.6889653866887,1908.554636623084,188.30652560958796,12.556891910112483,6.228861398018717,3728.790944627601,2.073537781887394,66.63906697018459,0.0,0.0,nan,nan,6562.8,1.0,13.853480493619768,1612.6990689116178,56.84353158766587,37.94524987317702,3.836115844819111,4861.337695565964,1.9803395731676277,48.513808492201086,670.6698307716716,91.46578633848391,14.697931734497018,7.093628563724638,4342.15562351905,4.1003449444694775,118.50179575369896,309.659875387504,8.040435916647866e+17,6.424842839971092,6.664837614248968e+16,4101.924029356415,0.4999617834394905,nan,1120.5764436023176,86.85052002941107,33.953827532601835,11.330197554725496,3970.084658132725,1.4662034730061257,41.31287345246162,0.0,0.0,nan,nan,3886.5997019942265,1.9578575430329073,59.85492825265417,89.33765059893312,234.49120609597634,2.6888346636418,33.12904521983457,3830.7609152678174,0.4999617834394905,nan,142.90473858710226,2.6125129137326924e+16,3.9818408969133925,2549436389301968.0,4364.48465765938,0.4999617834394905,nan,3190.417225620454,207.19856873319785,338.94805975110563,100.77656505887317,3869.7707726685517,8.047381828307172,263.8138910841763,0.0,0.0,nan,nan,6583.45,1.0,13.810026928666252,0.0,0.0,nan,nan,6548.05,1.0,13.88468655302385,0.0,0.0,nan,nan,6716.44,1.0,13.536579167464883,0.0,0.0,nan,nan,6730.82,1.0,13.507659064352907,0.0,0.0,nan,nan,4685.6488305776575,3.9495443524447618,105.61042367747325,0.0,0.0,nan,nan,5877.461402164492,0.4999617834394905,nan
17d52m41pt58s8d55m37pt45s,17.878216666666667,8.927069444444443,0.7425131761101746,27.03096375936319,0,0,0,7.883950066416769,0.18538039899798137,8.00729154876544,0.0015158078109726058,6.383904918515708,0.2560036700071963,74.73015081274606,17.695649909459856,0.485,macs0111p08,4661.68086404362,131.69131932000005,11.431293506649615,0.8820628080909558,5006.8198635912595,3.961186183370961,99.13688935240131,1241.851876133644,255.90153640631476,2.62886840533372,1.5034406799948006,4958.097770432092,5.599212619940081,142.62085321533414,6277.118922723034,224.75820985979928,12.650846566523166,2.2830098364414444,3725.2710650695703,3.2014868658306503,106.74089002538908,13806.637354971657,468.0121361885931,27.886074325554034,4.753892243398051,3728.371574792073,3.2014868658306503,106.6610237183078,0.0,0.0,nan,nan,6562.8,1.0,13.853480493619768,4070.7512642456672,134.17075987150764,9.496551999101644,0.897710883519997,4861.46539831598,3.1556308202274432,80.58183170488964,1510.0896278965256,91.81736967032242,3.065532008109317,0.6600286670541058,4340.817133671148,2.24668455713974,62.61738384486526,673.1191529946746,81.06967179733968,1.092233203261422,0.5255752599771117,4101.836489001616,2.711507442217772,81.307366199251,0.0,0.0,nan,nan,3970.69104551031,2.3447737916891827,71.76196558257307,0.0,0.0,nan,nan,3888.22644773233,6.436051893302197,209.43722314461482,0.0,0.0,nan,nan,3837.2498539195217,9.99923566878981,331.09476865566154,538.1681719001151,101875.71359900016,1.066726004388493,707.364729286166,4364.039490080937,0.5001086347890363,nan,1207.960589246238,72.2168777495475,1.9089152944473147,0.5228257585207992,3868.689783025938,1.7035834339128608,51.10914967897112,0.0,0.0,nan,nan,6583.45,1.0,13.810026928666252,0.0,0.0,nan,nan,6548.05,1.0,13.88468655302385,0.0,0.0,nan,nan,6716.44,1.0,13.536579167464883,0.0,0.0,nan,nan,6730.82,1.0,13.507659064352907,0.0,0.0,nan,nan,4686.49077449469,2.5799373966046795,67.46753201740775,0.0,0.0,nan,nan,5875.62,1.0,15.473706908126772
STACK,0.0,0.0,0.4581534031881535,nan,0,0,0,7.336401184507659,0.047395145043289656,nan,nan,0.9475549091122141,0.40724338898645046,54.597664334041326,15.193612332967131,0.485,macs0111p08,2241.4532590080357,1254.0394239364002,3.7330857968950033,5.704370048650535,5007.0429876678545,1.0666255635680655,20.463640271096466,767.6889836384357,189.23002724123657,1.355884405262256,0.9276129603268826,4957.923804984291,1.2484923654160276,26.54064055631934,0.0,0.0,nan,nan,3726.03,1.0,24.400668213494743,0.0,0.0,nan,nan,3728.82,1.0,24.382410999599827,5312.3394013904835,217.45877817441246,13.64678382924453,1.0700866620328007,6562.31640122067,3.6257030844358535,69.01083582227679,3175.6916815151176,267.29449092415734,5.458050456829714,1.317273430988693,4862.128812536725,2.7101571050785953,68.56619825109603,0.0,0.0,nan,nan,4341.587159140623,3.8422201684147996,110.81016899006609,0.0,0.0,nan,nan,4101.73,1.0,22.16567686891332,0.0,0.0,nan,nan,3970.08,1.0,22.900702702093618,0.0,0.0,nan,nan,3889.06,1.0,23.37778840736009,0.0,0.0,nan,nan,3835.4,1.0,23.704860453545347,756.9265880588538,294.4726543259007,1.238348180049171,1.6888083270668923,4362.504187938048,1.3317705708067489,33.057795714155226,0.0,0.0,nan,nan,3868.75,1.0,23.500516131444996,156.31825842282672,2096.2006128699727,0.3579879823242863,9.164574359166469,6583.730016442881,0.4999617834394905,nan,0.0,0.0,nan,nan,6545.264541576499,9.547057891899525,185.1185847607547,329.0342538779808,280.9411567798727,0.6734901684326483,1.0753197019193352,6718.1149328747615,1.6307430628042383,27.918105468584354,179.96659697031882,358.7160244226988,0.3661946724697667,1.362615761493676,6729.338656988253,0.4999617834394905,nan,2761.720051879085,831.0933781921246,4.808989402024041,4.429979353992383,4683.657812369386,9.99923566878981,271.0131455203778,0.0,0.0,nan,nan,5870.911420136179,2.8751974199669625,60.42388321560627
38d04m31pt605s-44d20m30pt295s,38.07544583333333,-44.341748611111115,0.19152877102478705,43.47821319511824,1,0,0,nan,nan,nan,nan,0.40651823292375,0.050724962544901685,66.92268321077194,17.43947920701341,0.282,rxj0232m44,1790.8702035004678,187.3605583221851,1.756344140227843,0.501952550538116,5006.467408888462,2.910908155152789,71.84438600943709,1344.9016647757023,334.0638951768254,1.2893997350986417,0.8876169614885556,4962.377214026684,6.271335754391627,159.99795007835544,0.0,0.0,nan,nan,3726.03,1.0,24.400668213494743,0.0,0.0,nan,nan,3728.82,1.0,24.382410999599827,23343.85937854487,539.4686221377276,33.57190095831193,1.4862273129052044,6562.05269449434,3.2440666543194334,61.44834284594153,7713.729949387884,196.73666356640365,7.563415092248469,0.5534169183977767,4860.631507712008,2.6859975911386673,67.91106744343445,2601.054924245635,237.5096963920221,2.160242608891276,0.698681649262554,4340.276323871915,1.8220811413632365,49.34224207876027,320.65366660556606,541.2177856543977,0.19686739020849314,1.327842206140622,4101.481774149184,0.4999617834394905,nan,0.0,0.0,nan,nan,3960.08,9.99923566878981,319.8627926142355,0.0,0.0,nan,nan,3889.06,1.0,23.37778840736009,0.0,0.0,nan,nan,3835.4,1.0,23.704860453545347,0.0,0.0,nan,nan,4361.692031011543,1.7752168285871681,47.60049993422371,0.0,0.0,nan,nan,3868.75,1.0,23.500516131444996,5317.058924876037,1447.1913182047094,6.136626009425403,3.1891179691775893,6582.772944566991,2.6322423579297416,49.06914908197653,260.917010491582,2328.846919391484,0.2809274994100751,4.8150598093912835,6546.894705430733,0.4999617834394905,nan,5325.572854196524,276.7997531507214,8.469835165460768,0.8234842184362385,6715.8307987720045,3.2598650438539436,60.34934584487597,2907.192960941758,374.53400434997127,4.484520407860166,1.0784422847706228,6729.94009432993,2.8024481007933373,51.32671844595386,1582.9030580020506,339.3498604294252,1.3974544948389214,0.9168026471255156,4684.453622450733,5.436834598377472,146.48955921125577,459.0073076322681,2049110.7721969606,0.5966124113839261,5791.095201802381,5875.176388292724,0.6878094147309611,nan
38d04m58pt125s-44d20m26pt195s,38.08281249999999,-44.340609722222226,0.20810510560124196,22.29792042862062,1,0,0,8.136202071484654,0.009801682696963951,nan,nan,3.8248071651712343,0.1526991888610621,58.8982100512545,12.525842754443241,0.282,rxj0232m44,41716.588843068035,680.3470453125595,27.942862977930773,1.2447413232662476,5006.8414736613695,2.602747964424056,63.74228319946929,12076.789490565241,1883.8059063941023,6.741097631790975,2.9174357421817416,4958.9894505924985,2.348564947414867,57.55426461801488,0.0,0.0,nan,nan,3726.03,1.0,24.400668213494743,0.0,0.0,nan,nan,3728.82,1.0,24.382410999599827,38373.07721543288,355.3918846659276,48.03010464560234,0.8520412936259147,6562.768049550005,2.8489698654295634,53.57227976127848,14064.337366724469,202.6278677075703,10.729454483025487,0.44337525579953285,4861.289319316252,2.4603188258902895,61.76877545569001,5921.883054553328,219.44570816977054,3.3218674072436225,0.435966512801549,4340.479605181531,1.950226546740372,53.390388212015736,1703.0719837284778,168.02754904259226,0.8079315205674037,0.31852522389551197,4101.545481216149,1.1911052153133315,29.911695357966288,170.07188176060677,27306.194618466612,0.07277081763952697,50.307994011383684,3969.955257543573,0.4999617834394905,nan,0.0,0.0,nan,nan,3889.06,1.0,23.37778840736009,0.0,0.0,nan,nan,3835.4,1.0,23.704860453545347,2618.4855407044747,639.7136546301715,1.4429794215102225,1.2334247665155371,4366.63429112858,7.7764207446190685,225.9799661624111,0.0,0.0,nan,nan,3868.75,1.0,23.500516131444996,2546.66965133855,2143.9931667782485,2.2329477477392494,3.589037249274516,6583.323695470338,2.027538017692692,36.79750112943617,0.0,0.0,nan,nan,6549.8104980890175,9.99923566878981,193.93267853817915,6508.613428451956,393.40012769227053,8.358295640833823,0.9449444452462503,6716.420178157709,2.9947848886256887,55.193687398673056,4838.810755457566,443.22772286279763,6.078665750599244,1.0392097609817053,6730.816670079765,2.6359659484255316,48.06784632008322,1226.5405114150653,246.6278176221034,0.7777555680786832,0.47825136764719794,4686.202936011296,3.652383939527417,97.39583148874414,1821.7115401274104,147.425761866113,1.8850730759473724,0.33164667180248364,5875.921904464197,3.8164773098983136,81.29075917768341
38d05m01pt605s-44d20m27pt16s,38.08377916666666,-44.34087777777778,0.20850398292901562,19.3108421028434,1,0,0,9.285448803927414,0.05659444967265145,nan,nan,4.562448108492161,0.18142748904729583,68.80059323215505,17.964798000821027,0.282,rxj0232m44,40925.353055070475,713.3367134115044,119.83157456301223,5.705059708947216,5006.839379458619,2.5157799115966744,61.44322861986223,12894.932846442336,1853.6646968710384,21.343318197791106,8.512590400463738,4958.9777774400845,2.268575320848984,55.39919802788287,0.0,0.0,nan,nan,3726.03,1.0,24.400668213494743,0.0,0.0,nan,nan,3728.82,1.0,24.382410999599827,26979.13459314359,192.62347564093636,300.1046400915456,4.104142326262138,6562.735248383178,2.8184398606266465,52.96109372536083,11796.361212599046,174.72229603698986,55.32768239363829,2.3506028256666047,4861.140217682177,2.365023743428935,59.160932782109825,6660.968820312966,212.48610149319884,27.963032236089735,3.1594512792820737,4340.328920088153,2.290674478486627,63.973844367868175,2985.7766973754547,235.87031146683748,6.980586722089242,2.2032863533732967,4101.794183932875,1.8387841365967441,52.77515313131699,201.22735565364295,87900762.48018537,0.4162973610228503,783182.0044317571,3969.5573185933054,0.4999617834394905,nan,0.0,0.0,nan,nan,3879.06,9.99923566878981,326.52642944617054,0.0,0.0,nan,nan,3835.4,1.0,23.704860453545347,341.8342050109902,1857.9367577269952,1.1690382005720923,22.263725110531976,4363.462786896801,0.4999617834394905,nan,0.0,0.0,nan,nan,3868.75,1.0,23.500516131444996,557.1092190608356,6369.835036352659,1.5816659568756437,34.52442419278126,6583.684570623858,0.4999617834394905,nan,0.0,0.0,nan,nan,6548.416342234732,9.99923566878981,193.93267853817915,2622.8524452746933,176.944575301131,27.042140202229188,3.412480084979524,6716.065189625815,2.8316712798639703,52.00847185829814,1865.9819676182778,217.75684491119264,19.02417494075155,4.143735388541791,6730.583188035922,2.789748371153079,51.07860839756451,1866.4353361940498,240.2293652145726,9.687544619095592,3.8100769596771293,4688.278939628458,4.641730825070217,124.67369604847572,955.5434263474876,104.35667714566817,7.462861392258159,1.7720394434255387,5875.440236175601,2.3447852801894062,48.488887437617
38d04m00pt81s-44d20m58pt424s,38.06689166666666,-44.349562222222225,0.3111964016979907,74.25260449041856,0,1,0,7.81852063717849,0.13279715403992662,7.374071819935827,0.0021452542985864248,4.3764987410485015,0.36978286655459885,86.29422949444299,18.428891613271855,0.282,rxj0232m44,4492.641304373354,159.10892691033413,119.44292502252348,11.554116831533412,5006.862633016668,1.8595800875422284,43.80604063290194,1690.9124561128604,248.51734738798456,22.9908800028878,9.375283155241286,4958.939492537551,1.9792640492834164,47.52964916294551,4311.89257813806,383.5777333182158,10.943220070477233,4.901681012638163,3726.6503800029204,1.6073614181927984,49.43842187941707,3760.1776283513145,324.8809646738548,9.56018191691022,4.151604010309686,3729.2264878644282,1.6073614181927984,49.40143076774003,4003.353924669469,171.6461799264445,298.41977062973916,24.507315228775774,6562.88708263531,2.3872359379749635,44.27378265044609,3257.3124797838495,240.84741656764754,121.57614172232137,25.79312202395858,4860.24000086109,5.813081254568715,151.12714259840664,562.7323515642654,151.89908978067493,6.613338365320927,6.321336653693755,4340.816802025524,1.50858063547859,39.196340232532556,0.0,89.33988770400495,nan,nan,4101.73,1.0,22.16567686891332,0.0,0.0,nan,nan,3969.9959226554706,4.893529590541978,155.30897253473398,0.0,113.74615223157063,nan,nan,3889.06,1.0,23.37778840736009,1803.000557859925,94586334.57216744,12.16058642178842,2985441.8571761907,3835.4851189496485,0.5705210597763962,nan,1883.5592584870224,689.771880267354,81.28468547962248,104.19827362411563,4365.594896580495,9.99923566878981,291.0428046557292,1967.1339194131356,235.53786746154051,13.788411162219715,7.55748633106221,3869.9555812920516,2.1337811120105306,66.33105282906764,0.0,0.0,nan,nan,6580.110061422286,8.70229580245191,167.73886226075118,0.0,0.0,nan,nan,6542.619282540397,3.1706483954560243,60.12406355858926,1676.7137579320981,275.79211666085075,93.2251159622845,28.684222947116595,6715.734437840861,6.70018319647508,126.30697388042633,180.12356224776673,2.91930852017063e+116,5.046043339468663,1.526266539667926e+115,6731.383418101677,0.4999617834394905,nan,303.6201706843399,160.2762531412822,643.7303634490331,1039.9461511822897,4684.313045774544,0.4999617834394905,nan,939.4505052773774,350.1835568997848,94.92591246790057,76.97311509273842,5872.907329781995,9.99923566878981,216.12712798001303
38d04m12pt825s-44d21m10pt642s,38.070229166666664,-44.35295611111111,0.40292640529351553,66.73403958150307,0,0,0,8.969458542722732,0.0071141320617926825,8.150940159413311,0.0002622770955946467,8.162632124545151,0.2310792637281556,52.167125686054774,11.366223970474508,0.282,rxj0232m44,22567.1412073046,354.6168687556022,128.08897740369298,5.497713979981577,5006.834015829306,1.9980823399660776,47.58586696794032,6909.889981192684,933.7871419981336,19.408720732766298,7.277460935748094,4958.849131583009,1.7838306402540278,42.122918614158394,9815.98386042128,333.47237723449535,31.03228480758622,5.3098464551879445,3726.2293091856905,2.2526145560741524,73.15631758124707,11807.609335391948,374.7664395449063,37.404139444223546,5.967367573421555,3729.12559958325,2.2526145560741524,73.101580123807,14017.240730623567,117.73227431295422,39585.839457212656,636.8536906166798,6562.759703679969,2.568067508289596,47.930902052383516,6260.3120665759525,112.506699191629,51.71571965352049,2.6657437148789698,4861.292556615902,2.201815251626666,54.67024378503707,3221.4742882594733,136.48051831324946,14.590305337407269,2.1891461783869146,4340.524696372403,1.8057781180500119,48.82390620123457,1858.4425602766776,134.83168504491294,8.460652268959207,2.4521200835105796,4102.082167392677,1.7699934008952944,50.45850231321942,1178.6157407344972,177.74201565035344,4.147718540990785,2.687600221951526,3973.512208971832,2.1633880626342332,65.64226827865546,0.0,87.73707711699868,nan,nan,3889.06,1.0,23.37778840736009,0.0,0.0,nan,nan,3831.238759942335,6.445999727722583,212.699570623723,734.5240493561215,136.8175190092281,2.9144737664614984,1.9064719542110664,4358.588194087547,1.233396822903736,29.63074530910325,0.0,80.34093017640173,nan,nan,3868.75,1.0,23.500516131444996,0.0,0.0,nan,nan,6584.274237032864,0.4999617834394905,nan,0.0,0.0,nan,nan,6546.4418920110875,0.4999617834394905,nan,0.0,0.0,nan,nan,6716.44,1.0,13.536579167464883,0.0,0.0,nan,nan,6730.82,1.0,13.507659064352907,0.0,0.0,nan,nan,4686.414280746369,5.34807168146872,144.05728528738322,325.9420564946593,77.60587424117723,4.0620013024331305,2.1025795231354114,5875.873246455983,1.444280107336646,27.372738126525665
38d04m06pt09s-44d20m57pt701s,38.06835833333332,-44.349361388888894,0.4033555512090883,68.94171672070968,0,0,0,9.091468007802597,0.006446405360823761,8.129780065348628,0.00010525638243911795,9.553707189271906,0.22707378254099125,53.68147210786773,10.085577682286598,0.282,rxj0232m44,33268.27239556114,510.33388678229005,26.489493852587866,1.1099034071608695,5006.8352468068,2.1730567924956,52.309565986175734,10241.87957249137,1415.2611433254563,6.751019212932975,2.588364952304576,4958.897544205195,2.05310368412862,49.55113134267878,15890.950509989634,414.3294963323504,9.373898706309335,1.231095987867754,3726.1188818271553,2.3288721797845833,75.89280552717453,25161.52606960967,603.1789482833608,14.870792518516648,1.7922237971739545,3728.846456719062,2.3288721797845833,75.83602055835844,21121.178655197924,140.09428480819022,30.335889709035435,0.38540985208806755,6562.803057679416,2.526673822114158,47.09576381438038,8851.289543666282,116.59392264040356,7.642635427637481,0.2887584780228821,4861.234401275164,2.2124341916572567,54.96347462636805,4240.911269013372,154.73776614518968,2.986637384132946,0.3859831807828403,4340.257871050537,2.0300573770754267,55.891825708058825,3296.1326271411117,168.02746157347116,2.233350138323762,0.45488393749127676,4101.772432214165,2.3792496726259342,70.57908078752659,0.0,100.64581525776018,nan,nan,3970.08,1.0,22.900702702093618,1165.1056210842034,212.3347850599661,0.7377598751695918,0.6084920413354551,3888.084578769771,1.9902280624971018,60.9882436375527,0.0,0.0,nan,nan,3833.449219558098,0.4999617834394905,nan,976.6542120478491,157.12259835184423,0.6776488404099199,0.3820275471236819,4363.271500027135,1.1451426383062442,26.4436519952644,5287.505316879433,201.39418475566646,3.3742799892701076,0.5886852537484684,3868.9749831434306,2.704543801730028,85.96656045386794,91.1585358361627,2.489939519695016e+40,0.10112379933969484,5.273652611198601e+37,6583.060740452031,0.4999617834394905,nan,0.0,0.0,nan,nan,6547.677457051029,9.99923566878981,193.93267853817915,0.0,0.0,nan,nan,6716.44,1.0,13.536579167464883,0.0,0.0,nan,nan,6730.82,1.0,13.507659064352907,190.93966522218426,0.0,0.1565112923782933,0.0,4686.800581663813,0.4999617834394905,nan,1611.188215192271,202.01901437826382,1.8228138076843106,0.49689141789162145,5875.710530786666,3.1646100143296065,66.87075403212208
STACK,0.0,0.0,0.2876027029592732,nan,0,0,0,nan,nan,nan,nan,0.6723055522769998,1914.0329866330212,74.86264587079197,19.73851808587835,0.282,rxj0232m44,2510.080513355938,1193.5852201164885,0.6115327392705153,0.7944074969825302,5006.333085739285,2.4325615888659438,59.23704907848911,1780.9866630267684,12216534.658446634,0.44022642834125136,8371.386020179894,4961.438318708602,0.6904323272842303,nan,0.0,0.0,nan,nan,3726.03,1.0,24.400668213494743,0.0,0.0,nan,nan,3728.82,1.0,24.382410999599827,24191.84255858338,625.6243293271478,10.056508379160874,0.4982070398939442,6562.021160313354,3.2980555276958077,62.5204988727355,6382.614514857857,552.4461980735924,1.6158150509398281,0.40121254621864877,4860.777559321973,2.7024398014931386,68.3569749422365,3087.4080888858575,1102.6166893222357,0.6166403949776308,0.7799028731685442,4340.605022527219,2.2275199833503416,62.025547288198005,7594.689577787945,641.6421615488433,1.4223153560081567,0.48017187248525794,4101.56173385716,2.2806148834755056,67.3692753826534,0.0,0.0,nan,nan,3960.08,9.99923566878981,319.8627926142355,0.0,0.0,nan,nan,3889.06,1.0,23.37778840736009,0.0,0.0,nan,nan,3835.4,1.0,23.704860453545347,0.0,0.0,nan,nan,4361.013070627959,9.99923566878981,291.0428046557292,0.0,0.0,nan,nan,3868.75,1.0,23.500516131444996,4711.591145891997,1426.5570942651984,1.8263487071502118,1.0557860096884792,6583.003127585608,2.337808699628665,43.134149074579,1711.202684860502,1394.89685593292,0.6495237071850309,1.0166360364358404,6547.45490913241,2.1487074534890604,39.49710505764984,4041.4440205862015,574.4301472069419,1.7194207621526636,0.45715730395163234,6715.80188110142,2.538943521684716,46.260436112257985,3448.580688456659,489.78306752417063,1.5270501761756259,0.404822857438655,6730.173951129376,2.5020455330615565,45.43511526673375,2469.3934644610226,545.6179677289629,0.5622434715061361,0.3797722426126773,4687.117531709231,2.2122222952672312,57.01779688488374,0.0,0.0,nan,nan,5876.361670247812,9.99923566878981,216.12712798001303
36d28m40pt725s-41d54m23pt729s,36.477979166666664,-41.906591388888884,0.09696310288083176,39.72803134566788,1,0,0,nan,nan,nan,nan,5.3615154336923725,0.23919623205301704,44.84658909125958,9.90780146546911,0.2195,a3017,19426.135693060172,325.98660713678083,41.100306857049354,1.8838417524062887,5006.844884166314,2.5246063426520426,61.6768532289228,5383.874655146229,916.9506024465219,8.73118255206163,4.125969659894506,4958.878689462948,2.3030278576071725,56.328341969254225,0.0,0.0,nan,nan,3726.03,1.0,24.400668213494743,0.0,0.0,nan,nan,3728.82,1.0,24.382410999599827,14610.44790690626,96.61250882361433,62.76897422073174,0.7950342634178571,6562.699407906632,2.483406027811729,46.22159647208958,4627.424961289391,98.35505168505237,10.428037789820628,0.6357150188817772,4861.36402565517,1.967108801810864,48.143226847405785,0.0,97.98728503669749,nan,nan,4340.46,1.0,20.94654063936261,0.0,0.0,nan,nan,4101.73,1.0,22.16567686891332,0.0,0.0,nan,nan,3970.08,1.0,22.900702702093618,0.0,0.0,nan,nan,3889.06,1.0,23.37778840736009,0.0,0.0,nan,nan,3835.4,1.0,23.704860453545347,176.57307923379085,76964812323.12675,0.295500232469507,451634678.52416676,4361.930524605,0.4999617834394905,nan,0.0,0.0,nan,nan,3868.75,1.0,23.500516131444996,211.46755126667998,1346.3821694247138,0.5546049461563574,6.74119489736115,6583.616235398508,0.4999617834394905,nan,0.0,0.0,nan,nan,6547.634654815446,9.99923566878981,193.93267853817915,1334.366792645094,125.62881448471654,5.789435382564262,1.0194938998980498,6716.545124777597,2.6693206284515267,48.826233646416384,1204.356142883712,133.83846763500495,5.26561965364977,1.092150851326012,6730.809810167792,2.6655484131929503,48.647978243136784,0.0,0.0,nan,nan,4688.454588552462,4.2986067704271,115.23437107788865,871.1682189514016,75.32286701698943,2.8668062276375563,0.5389178980138676,5875.426675794669,2.309831406456258,47.69474829482404
36d28m03pt465s-41d54m52pt424s,36.46762916666666,-41.91456222222222,0.6816279592894612,51.21749894403363,0,0,0,7.894214557758156,0.0076447124201312515,8.051740350969732,0.00012115732552039413,8.874247065497014,0.3400940118443835,52.09658297457023,15.917274973068224,0.2195,a3017,3120.709645151039,90.24567632462687,21.067952788967023,1.664108353014189,5006.84339210464,1.9774395974809926,47.025053008741565,992.5804509016223,134.52356326573354,6.831702770832474,2.5693360126590084,4958.480283401863,1.6099431623659781,37.22069965744775,3345.7573471331043,112.30442422221296,19.114454104309843,3.232026361299912,3726.003899671277,1.87037970085696,59.26232193363413,6480.77700907496,180.46721613462253,37.09909280783238,5.193693872143475,3728.869936731239,1.87037970085696,59.217980324708286,0.0,0.0,nan,nan,6562.8,1.0,13.853480493619768,1570.8177098718184,52.12553600666452,9.267258039100101,0.8820232896767104,4861.354374481496,1.835632005836265,44.43956510568316,715.4110734209911,69.46650451058976,3.8659474824316047,1.329438711449925,4340.533558091226,1.7086004309156697,45.71610012015699,71.9044548220295,158.0100151626654,0.3036506848894672,2.666521916219053,4101.459584310218,0.4999617834394905,nan,274.55149778369383,36.62182313085172,0.9445465516774916,0.5425285206723055,3969.8308858990667,0.9182849378867345,19.05913127798776,274.3223629626059,51.178275082317235,0.93204107234503,0.7868346740498384,3888.3056322430107,1.2426966478476689,33.61239049594515,0.0,0.0,nan,nan,3836.929428755937,9.99923566878981,331.09476865566154,270.51163294582886,79.93578804326552,1.3253169655696309,1.3726871248435522,4362.752380500526,2.003525179650008,54.77492413049912,796.7459827638767,88.23344683714014,2.9827723634527423,1.513285337624588,3868.678968087386,3.5736415689836036,115.32080324779123,0.0,0.0,nan,nan,6583.45,1.0,13.810026928666252,0.0,0.0,nan,nan,6548.05,1.0,13.88468655302385,0.0,0.0,nan,nan,6716.44,1.0,13.536579167464883,0.0,0.0,nan,nan,6730.82,1.0,13.507659064352907,0.0,0.0,nan,nan,4685.666296038528,4.149335602690043,111.12178241789366,0.0,0.0,nan,nan,5875.62,1.0,15.473706908126772
36d27m39pt39s-41d54m26pt22s,36.46094166666666,-41.90728333333333,0.7552329263151853,82.33510917392687,0,0,0,7.967453957997341,0.019017471298940325,8.084776403229263,0.0002900389146897037,7.4223171765411875,0.27703834207394973,65.08120206548503,18.02526896522343,0.2195,a3017,5151.734959761543,123.21891312434094,48.00325879870231,3.1360520678121726,5006.825874253992,2.3838693258292367,57.94306205652505,1342.1248524009366,221.90207985406445,9.616293773380566,4.411541423934143,4958.793746424257,2.2706009448484266,55.45386709722193,4295.730518275097,97.33946668941608,35.778945911553244,4.0839805845770805,3726.0249127597244,1.9267862880672535,61.335718704802055,6081.703226459244,120.80356173856238,50.75303491785148,5.068441583537989,3728.8167851539365,1.9267862880672535,61.289825726544485,0.0,0.0,nan,nan,6562.8,1.0,13.853480493619768,2273.049393553251,74.77845950028248,26.919373789613942,2.5400977140144425,4861.263466008529,2.4513567538329877,61.52391620137444,1140.4901289578493,79.89190512655307,9.318577731249711,2.31198680017795,4340.3770247232405,3.3663143939572664,96.57914940032687,342.15109770166754,51.04319713964138,1.9336819872603317,1.1527354956893434,4101.533228588652,1.4455066042311937,39.25424106092112,301.0613970160701,100011.72453301678,1.650518191332878,2363.142401984095,3968.312459389524,0.4999617834394905,nan,97.86616705739493,93.93775852378415,0.46571175429099043,2.0226454968971477,3888.412643221239,0.4999617834394905,nan,0.0,0.0,nan,nan,3837.9217133003376,0.4999617834394905,nan,467.037208420506,233.49296896662432,3.5557498128609133,6.234604846365404,4361.464771733201,9.99923566878981,291.0428046557292,1780.3619819910464,97.41170302518178,9.678577837173554,2.429055758112258,3866.732576732296,6.28139787079128,205.41634539811588,0.0,0.0,nan,nan,6583.45,1.0,13.810026928666252,0.0,0.0,nan,nan,6548.05,1.0,13.88468655302385,0.0,0.0,nan,nan,6716.44,1.0,13.536579167464883,0.0,0.0,nan,nan,6730.82,1.0,13.507659064352907,0.0,0.0,nan,nan,4685.922634805722,5.841003738397901,157.55656776191526,0.0,0.0,nan,nan,5875.62,1.0,15.473706908126772
STACK,0.0,0.0,0.5112746628284928,nan,0,0,0,nan,nan,nan,nan,5.198584878761114,0.26110239721189543,52.44913829566674,14.421758384745978,0.2195,a3017,19003.635632897534,361.1469867029337,27.18843335845128,1.4112791374428666,5006.877499562445,2.4885096526026267,60.72098080491914,5348.986025611384,868.4309067276414,6.3716399844172,2.8701719527026635,4958.9418085383195,2.132550658104106,51.715483540514555,0.0,0.0,nan,nan,3726.03,1.0,24.400668213494743,0.0,0.0,nan,nan,3728.82,1.0,24.382410999599827,14952.357846310337,149.88331427397443,34.9951305804178,0.6719270777107488,6562.700354895551,2.4886670600509384,46.32795731168185,4684.471298718594,150.41515923698768,7.617325978039453,0.7015451183387127,4861.235684659968,1.9716104183264407,48.26935312102562,0.0,119.67960107874072,nan,nan,4340.46,1.0,20.94654063936261,0.0,0.0,nan,nan,4101.73,1.0,22.16567686891332,0.0,0.0,nan,nan,3970.08,1.0,22.900702702093618,0.0,0.0,nan,nan,3889.06,1.0,23.37778840736009,0.0,0.0,nan,nan,3835.4,1.0,23.704860453545347,1381.336158692595,14375301.18268779,1.65832413733118,60499.91452047542,4362.397816741883,0.7303707700230692,6.081477129919206,0.0,0.0,nan,nan,3868.75,1.0,23.500516131444996,121.7713372951015,885.0800464838129,0.21273051305533047,2.9517264219084405,6583.902946231633,0.4999617834394905,nan,0.0,0.0,nan,nan,6545.837812872792,9.99923566878981,193.93267853817915,1524.397921890759,298.9085671451053,3.783392930948182,1.3877604792389504,6715.645247827221,4.1886145144784255,78.27863205334683,1517.7592899506972,230.05801892325545,3.6697721201368183,1.0382402891213418,6730.544712578002,3.2753787997758295,60.52082216598699,0.0,0.0,nan,nan,4686.535752526672,9.99923566878981,271.0131455203778,1316.4852689944555,132.4742250965052,2.7268835717013835,0.5966215184673337,5875.237515787217,2.2680141220704613,46.74307131156916
34d34m55pt845s-31d41m56pt584s,34.58217916666666,-31.69905111111111,0.2787052865388191,5.044368586841848,0,1,0,7.833771422152868,0.004210224198850749,8.09328442356422,0.0008840759926654858,8.17119732869663,0.6084306401968487,61.113372559869454,16.356161529952853,0.272,rxj0218m31,3119.116784901357,72.82054146371132,34.805590256794524,2.2195104986676393,5006.845465443032,2.2047892823991306,53.16115734357787,823.4600253381205,155.68497392784363,8.47715309250899,4.446687657424205,4959.014488102686,2.0950165225882613,50.694240179736916,2297.2962083144907,252.70596649213982,12.071629120117956,6.687719294294299,3726.3233492402987,2.202370192269743,71.34795231723866,3199.5707684853523,315.6303615922692,16.847314155451645,8.352977527150554,3729.260429556676,2.202370192269743,71.29456792567106,2701.858276326787,110.58077798236765,78.71347843517155,6.170655370332147,6562.784230974591,2.5542578307679733,47.652407791487896,1155.209378421043,67.14199650893408,13.055009771873863,2.176310646858181,4861.314202183041,2.188797999456959,54.31056881877158,547.435144351877,628.5876223403873,4.831435177434405,19.652693319569007,4339.9436639732085,0.9487596946057181,18.78433864857185,228.85746931107434,73.19289716320338,1.917228772947186,2.451157817829616,4100.818594268227,0.4999617834394905,nan,0.0,0.0,nan,nan,3967.2589081048673,9.949130950879889,318.25209309789,0.0,35.078970706432564,nan,nan,3889.06,1.0,23.37778840736009,0.0,0.0,nan,nan,3832.141451084854,0.4999617834394905,nan,287.29856753396626,52.035073258242214,2.467088740544471,1.5647606061435866,4364.723907038323,1.2915134498591994,31.668740904155047,670.637058791515,69.82538819730061,4.663950641854027,2.2300103466991255,3864.9038710951163,1.66518416377488,49.71985891337851,497.6795589196077,159.89850758133323,8.129127088005683,4.98773314043916,6581.634367412742,1.6256360755153252,28.372685975235047,69.51351503464426,1859.820710365877,1.1986354992804948,61.56174411728304,6549.00412683623,0.4999617834394905,nan,350.2625377335406,78.39010562765732,11.350800196743904,4.7515296867007475,6716.468056332179,1.9171310051247714,33.83025206320191,434.70476420641876,97.0684097752734,23.766786102392434,9.904139638004589,6731.493854247963,2.4328632720114554,44.07048921483869,0.0,0.0,nan,nan,4683.545122028918,2.455608088561004,63.95075407511828,322.39332174352927,95.19219155017235,8.060034254657149,5.172181661380164,5877.351761572878,6.4785722032414945,139.55281040141665
34d34m43pt845s-31d42m20pt616s,34.578845833333325,-31.705726666666667,0.29922343666205453,23.735717356771193,0,1,0,7.875801258499495,0.00850588133464649,8.088942042812125,0.00012519565312466588,9.032774669567932,0.4441835423321125,52.32930534466446,9.12112905789637,0.272,rxj0218m31,4182.220397549285,78.74386696808874,23.833023307324087,1.2256776149645985,5006.835760342142,2.278162398085018,55.12508846889735,1180.705559695766,175.5311926903523,5.185344479734456,2.1389871023130005,4958.768226943097,1.9181582039469895,45.848648952057424,3649.8769755563294,157.4963859657953,15.821283551827475,3.4385050967192536,3726.2510267821663,2.3051597683598093,75.04288943978233,4549.106612005533,195.34964690757613,19.75407209995099,4.264928064316902,3728.781625424831,2.3051597683598093,74.98674040026393,3783.748512670685,70.19675840808108,37.69505030787989,1.339494932478457,6562.82982643458,2.766613911767332,51.92257490778902,1501.4112541186223,65.00547351756077,8.308354957397725,1.0317910716415575,4861.206499468203,2.2606491039647465,56.29294613360033,0.0,39.04572035950624,nan,nan,4340.46,1.0,20.94654063936261,356.7837672013766,9939565.082476666,1.3771696168173657,153113.2641620456,4103.913066382738,0.5657902160751118,nan,482.2602501638343,2011560.9767247478,1.5952658949307124,28644.502782498454,3970.3232344305115,0.6148380805835547,nan,196.06943717379414,291104.7138809664,0.6485116141001205,4358.981798082547,3887.5545260920744,0.6748260018824066,nan,34.2175189331347,191.21438988567152,0.11083874722623054,2.8996984122923117,3834.8895009233465,0.4999617834394905,nan,645.1246088160697,85.03790594619313,3.175503855676308,1.4663578738325311,4363.937338778141,3.4925650852185006,99.83858599875701,798.2624224048474,70.05098199376481,2.8743411775215133,1.1546237124149845,3869.9654767991474,1.5982880625543885,47.282709703045505,98.9841115284583,365.0130277537485,0.7560108289564225,5.322316655923232,6583.597484969124,0.4999617834394905,nan,112.99126068039722,596.0567669496861,0.8819210806210943,8.932321478955554,6548.0003612895725,0.4999617834394905,nan,0.0,28.386777174354023,nan,nan,6716.44,1.0,13.536579167464883,522.1602921889473,107.15884489584134,5.5515297660785,2.1266333037447125,6730.059617226528,3.857051099315705,71.74270663844759,0.0,0.0,nan,nan,4685.452321796163,4.473365933937457,120.04426437583446,39.77797304863872,6.123143386449921e+107,0.37085427251128833,1.2408619761860249e+106,5876.628365156923,0.4999617834394905,nan
34d34m31pt935s-31d41m36pt65s,34.575537499999996,-31.69351388888889,0.3322215919008469,28.610627858191737,0,0,0,8.877971328968489,0.007528768094849386,8.169010288246174,9.900738910511074e-05,9.318247472024344,0.24518054956440802,76.47613676132877,12.092800710934506,0.272,rxj0218m31,22517.97741412728,332.3868028585012,24.038029367054456,0.9691721185967599,5006.833172402359,2.178499150815233,52.45572070062308,6422.270539263134,942.9675446187814,6.0767064600391345,2.4755249956478442,4958.9555021592405,1.8969867950030428,45.26435153581169,7510.077509072522,187.91372840567394,9.541727081830176,1.2026741525588478,3726.0160050124323,2.6485123689888286,87.2758664141712,9675.973589551446,243.29318016603114,12.317734513409915,1.5571103918913762,3728.8320086937338,2.6485123689888286,87.2105643434637,12336.490659147737,100.82048086974703,20.494857497278016,0.3208201018083639,6562.864694387414,2.560074956055006,47.7697342222959,4950.104533121362,66.05154745464229,5.598941561839474,0.21427792037235052,4861.362230145326,2.279592572311989,56.814456791640374,2674.7319287700693,89.66487342451104,2.4368155504014886,0.28931542059902843,4340.463535254577,2.1923587472051227,60.938241516209615,879.7343554103444,62.661164596380594,0.8622709110949794,0.24535573366960223,4102.037702623652,1.2803913707324612,33.27605977434873,1368.8954227993484,79.26556504667629,1.3493800703611132,0.336613677082298,3969.0529082198395,2.4873094977644423,76.53775524215412,1518.6329444641594,102.06728751273644,1.3986546720376087,0.42529143964139887,3888.6063356393915,2.4268693721383405,76.06816646131084,1277.0808504188856,143.73020531666592,1.2271446097406509,0.6463629609058597,3835.3802645419314,2.9285355311678942,94.39039128849187,836.3626187586904,168.2306819470008,0.7637238382484247,0.5389733459110844,4360.645058061536,3.940887991188541,113.15908239715752,2254.8461102125198,86.46139988779352,2.0498370302011204,0.36005187333227745,3868.84971430516,2.259382973792626,70.69184100370065,84.82661359888313,1007.7620804609882,0.11600503741259821,2.630996759857932,6583.775659733548,0.4999617834394905,nan,0.0,0.0,nan,nan,6548.625408016379,9.99923566878981,193.93267853817915,811.5082404906096,113.4639708003109,1.3352819813871237,0.34919558988774274,6716.601376921405,1.9369925050470784,34.234329102595396,1430.149781934147,179.68594028879087,2.400314473293035,0.562860470003405,6730.919130128443,4.747242936430867,88.81023340952417,1037.0689008612449,182.63842926905417,1.0236831045993104,0.5502574884050121,4691.228787940543,8.575880373210687,232.22954862019216,897.9860681621644,140.32363103504784,1.364605116191072,0.4635821634182836,5875.8696798797255,3.6882945118483486,78.4637138647051
34d34m47pt625s-31d42m25pt358s,34.579895833333325,-31.707043888888887,0.35717186760882425,27.58112402422862,0,0,0,nan,nan,7.717245069485409,0.002326691427485075,6.34608663134132,0.3194753786934389,76.2126241201362,18.46102892814827,0.272,rxj0218m31,2767.654171913472,66.63614872690384,60.61523233424752,3.9862711403442117,5006.837892351178,1.960652248855942,46.5683633457873,979.6496745601133,135.53800198572853,17.912605708892713,6.8765110221196215,4958.759614584212,2.012563173497762,48.44252709662665,1632.9667455218416,86.84386546626703,19.386042871573892,5.18470901304351,3728.4354296100337,2.6810297752610768,88.42735420903048,1595.0199485642686,86.52894224689932,17.445780160608557,4.7594838319049195,3728.432882266806,2.6510314120300196,87.29973790672715,1766.581441343208,71.50331139798132,60.58151245358445,4.696755900027284,6562.78024444876,1.9287453536393144,34.8641444934182,1099.1483327868448,46.0673137328212,41.203328686730025,4.953205872459967,4861.265685139661,2.3898794511614185,59.84205601737067,734.4179696416737,73.27106469417774,19.81109951527468,7.002650450812239,4339.6890400734555,2.5114892608815818,70.74542167669848,124.03792191668134,62.573271509294564,1.9104610984499215,3.8516450507013777,4101.325774491088,0.4999617834394905,nan,0.0,0.0,nan,nan,3970.885754830295,4.782916449616581,151.7241737630773,531.925961620321,61.56538932381515,5.527892122991458,2.8934539734719587,3889.235794844832,1.5077194311178215,43.7139992887726,377.4443429006949,82.69863918161376,4.538654087816055,4.657808930331155,3834.1081262619714,2.000899743318032,62.219778512407665,1609.0704289679977,165.94768180769765,42.46862796036185,15.344943566929484,4363.7255415500385,9.99923566878981,291.0428046557292,108.35425363819135,110.43970263237058,1.1668427906866925,5.448857890907245,3868.58256323651,0.4999617834394905,nan,93.18650028674529,118.5118998807529,2.3399718994396586,5.680574911369657,6584.4294517254,1.0257473025388197,14.499013459943843,276.4433452023502,14010980.157363085,6.843094762356534,666094.2803759042,6546.150215349382,0.5017965705311017,nan,391.9296680521848,181.25093622723787,19.837274722299743,17.149914914524935,6720.022863626088,9.99923566878981,189.07053077254085,96.95432192014145,339.4246423097182,3.389938884658483,22.152086225075593,6730.201320984622,0.4999617834394905,nan,175.66194824540867,68.72555495941556,11.943651488016876,14.283681768204266,4687.345175856405,1.3367630072803005,30.942080724048814,227.6838163932459,23687323.466407977,16.98105165442303,3841450.973700575,5874.913530619971,0.5647628488071945,nan
34d35m05pt955s-31d42m25pt197s,34.5849875,-31.706999166666666,0.38643129403027743,31.052138210433462,0,0,0,nan,nan,7.708091380157611,0.0018746052114975652,6.3764966579088345,0.2675703047204773,83.77414701319303,18.8466191045472,0.272,rxj0218m31,5169.645411215428,89.33358333711266,829.5520511968735,39.15475123707334,5006.839079244467,2.2704725632329614,54.919580995829044,1469.9933978506588,244.02413740404384,37.17324473383913,17.12167177528603,4958.904175672342,2.39386856526988,58.77160307146198,2153.617331158799,166.36624165249773,61.55293485718458,23.949154387744162,3726.220837613062,2.433880463101264,79.64663311219705,3162.8720120103458,235.37796931542715,90.56615787656968,33.8836970205983,3728.873784121755,2.433880463101264,79.58703943205614,4230.910121770862,82.7659837104035,57649.48060722205,2160.1415117951897,6562.732074313149,2.9797103623364665,56.18501019918253,1875.0308819508161,49.86391260653821,82.62466952387142,6.302107250498443,4861.393473913256,2.377917640384593,59.51434977692643,974.0990259553038,62.39429463228024,26.485928306348075,6.00877735844113,4340.35409266605,2.188746740601557,60.82643545035224,0.0,52.94419609943163,nan,nan,4101.73,1.0,22.16567686891332,0.0,0.0,nan,nan,3969.391679088451,9.99923566878981,319.8627926142355,159.93812963524567,115.30243921988873,1.6527894582770095,5.388354993519256,3889.307276609248,0.4999617834394905,nan,565.8303876887574,63.73669678906305,5.909312508942396,3.113104935731962,3836.438194557364,1.6900497461222292,51.06040950842394,0.0,0.0,nan,nan,4364.05687290957,8.73322166375859,253.99885460527122,716.9391068871952,61.25669879788375,7.475322563613328,2.925814507666709,3868.8309947390985,1.580515639724527,46.63128434335722,0.0,0.0,nan,nan,6588.327260534118,0.4999617834394905,nan,0.0,0.0,nan,nan,6549.014600203471,6.895031056636,133.36366223294826,1929.7437199216192,525.123915627667,134.11601870844413,68.16903330044799,6725.613285311955,9.99923566878981,189.07053077254085,630.8411650358964,130.06231894075012,12.913866294724484,4.970211487617853,6729.576063797839,3.7086666294130586,68.88674543361422,313.6049396431056,38.55278870725907,13.962360905929167,5.248746867149567,4686.377203719743,1.2097655924556445,26.808075910032745,276.4598374716212,45.654450339887276,9.970977826051712,3.579924188175969,5875.582912567339,1.5683681033289776,30.410108923324977
34d35m14pt925s-31d42m18pt044s,34.58747916666666,-31.705012222222223,0.6033297488515312,31.222854553027478,0,0,0,8.491931629240039,0.11837694827147456,8.080476944095668,9.163173304347968e-05,10.019540005617575,0.39836146956047974,43.00454323929127,12.634496919212845,0.272,rxj0218m31,7147.729329672041,119.98293396355177,28.083264840082254,1.2876232730326682,5006.817598725949,2.280739852911015,55.193953602142045,2149.2001719544687,280.0457736322346,6.6478334669771995,2.4034921323849727,4958.819928378159,1.9969451661204463,48.01463351072411,6534.223111753614,90.94626261073229,24.682632416224138,1.7305347616086277,3726.0454758616042,2.006357837992412,64.24514576228228,9202.651913480448,113.74675233508563,34.82917950696554,2.164384805766875,3728.7926471543124,2.006357837992412,64.1970758751124,0.0,0.0,nan,nan,6562.8,1.0,13.853480493619768,2498.4983854373622,93.44443176774323,10.31105773377154,1.1061848653219388,4861.050295516673,2.2571260368199377,56.195905907793446,1245.6415863012692,39.689924869289136,3.6793406067292156,0.41523540843310347,4340.314503530884,1.6421355653182677,43.57023821172093,235.1334785294729,59.63883976592412,0.5639315634047591,0.5715370384739763,4101.623946470309,0.4999617834394905,nan,339.98232565678876,8.4774857756172e+26,0.8699356433802204,9.335075136313984e+24,3970.8543380907763,0.4999617834394905,nan,0.0,0.0,nan,nan,3888.91195371948,0.4999617834394905,nan,0.0,0.0,nan,nan,3836.1055165464813,7.047375818624033,232.76985355971092,309.52085917492406,217714.5529602036,0.868156697314323,2140.624741600135,4362.511639960635,0.5527041865766771,nan,831.6306025673897,52.90604159307354,2.025773556030628,0.590270058588352,3869.050912563848,1.653013105309125,49.278096307790584,0.0,0.0,nan,nan,6583.45,1.0,13.810026928666252,0.0,0.0,nan,nan,6548.05,1.0,13.88468655302385,0.0,0.0,nan,nan,6716.44,1.0,13.536579167464883,0.0,0.0,nan,nan,6730.82,1.0,13.507659064352907,105.32301462089364,44.40379701724813,0.395033694291406,0.5092776900279427,4686.378292709748,1.41930406047911,33.54619321542051,0.0,0.0,nan,nan,5875.62,1.0,15.473706908126772
34d34m42pt045s-31d41m44pt286s,34.57834583333333,-31.695635,0.6158369806898696,16.364771261465705,0,0,0,9.241295012994454,0.004185223533167086,8.285469813276308,0.0019430832206529483,9.738536354698317,0.3655220235370576,38.53276268405166,8.197976641786761,0.272,rxj0218m31,15009.725092340786,193.0294082962431,146.46687326671096,5.144896058468089,5006.841752220915,1.77204859522288,41.39377204345681,4208.174054178102,577.6198219444093,20.533572380667927,7.820006851167774,4958.932448232569,1.6169380913031624,37.420016499829075,1777.3501692760694,103.88709859168308,33.85351374897685,9.967772013588888,3726.0198607411717,1.9037030881530408,60.48839318983838,2170.871112811495,114.22536414213945,41.431028663502325,10.959709178259489,3728.860079786121,1.9037030881530408,60.44313420254491,0.0,0.0,nan,nan,6562.8,1.0,13.853480493619768,2378.8092568376615,61.72185054587808,45.155516218209335,3.3603978505791865,4861.37736472057,1.9327483357273525,47.17911192182871,1120.5779799926104,39.88186377519455,16.534166365891036,2.0839458087790117,4340.6407058351,1.5334791093960647,40.0189350587456,475.39907090017294,39.20511380866689,6.306230751408408,2.078432852320961,4101.2916021717165,1.3305284139048974,35.11986003544413,861.6857556649264,62.81552171441418,9.918697653889406,3.1143565770149655,3969.393231924063,3.248097781895908,101.71048277573112,606.8370216182695,47.19588145999534,4.36936078416522,1.5372742143688065,3888.7573374034287,1.0430710287016842,25.31441526693879,0.0,0.0,nan,nan,3835.07308068346,4.898898367291994,160.9427020892653,451.9583069103238,46.348343168606704,5.27783592071694,1.897248042984216,4362.57379224695,1.2866050125863762,31.498183684675514,1676.320376494032,43.628902174035176,12.979198094976855,1.547410471203014,3868.8496248732213,1.5378536223682135,45.06010779748044,0.0,0.0,nan,nan,6583.45,1.0,13.810026928666252,0.0,0.0,nan,nan,6548.05,1.0,13.88468655302385,0.0,0.0,nan,nan,6716.44,1.0,13.536579167464883,0.0,0.0,nan,nan,6730.82,1.0,13.507659064352907,192.79649231037115,27592.964796577944,2.5631585947755915,1121.8356503557952,4686.193398030276,0.5754627579652181,nan,0.0,0.0,nan,nan,5875.62,1.0,15.473706908126772
STACK,0.0,0.0,0.41041717232603186,nan,0,0,0,nan,nan,8.844198598086118,0.004377830813218906,6.443356103439784,33585.411572134886,86.736474203333,18.572441965781728,0.272,rxj0218m31,3268.3053918455985,175.51543780487037,2.1044779185860354,0.3087045337496802,5006.702866214988,1.8510645680691271,43.57223467358616,1443.1327383523885,53109629.06458473,0.9193913447747127,93883.37749956113,4958.744266200254,0.6027455674009008,nan,2356.5896764479094,435.13742583835176,1.2505561495027016,1.162815615315932,3726.48310514995,1.570529336012538,48.03655964519292,3121.0464580010116,521.6615567761621,1.658707369254837,1.3940336273319847,3728.628692104173,1.570529336012538,48.00061744326039,3423.7117939857526,305.21734473998043,3.783303853405578,0.6460144132101976,6562.872856099628,3.4503001451907314,65.53957308704383,1581.3303038159684,201.876171902805,0.9254550380794248,0.33878315553994537,4862.014563275799,2.927702457464272,74.44787351665705,870.6022484411725,21509105.27719655,0.510608942316274,44707.475821949614,4339.07823345374,0.5775532953280805,nan,0.0,0.0,nan,nan,4102.163525051571,5.223174047285927,160.6552071666837,1456.9334848662188,237.05687418514668,0.8202826661393012,0.5738801460943513,3972.3147578391026,2.336935430199122,71.49855656622005,0.0,0.0,nan,nan,3889.9811428204607,3.711022500088766,119.30124404309156,0.0,0.0,nan,nan,3836.02003211739,6.249346719739959,206.1319136786851,0.0,0.0,nan,nan,4365.1616976980085,5.52772211801508,159.98991516886377,0.0,0.0,nan,nan,3868.827361975289,0.8522597093218168,15.998048284868798,112.60476633537017,1552.0630176497932,0.11901393145212426,3.1302885821597175,6586.450438142288,0.4999617834394905,nan,0.0,0.0,nan,nan,6548.23608923659,0.4999617834394905,nan,759.3330120561092,341.0437616497974,0.806062210186509,0.6771158609587431,6716.818013334331,2.683770946907987,49.110016595924655,778.2839250743532,244.1930680159894,0.8967224574368076,0.5250236529956885,6732.068391769075,2.9646145639856907,54.48868186287239,0.0,0.0,nan,nan,4687.107914997066,9.99923566878981,271.0131455203778,55.26094689030246,1121733891.3191729,0.048778561273177284,2151699.8581403275,5877.7893721541695,0.4999617834394905,nan
0d47m51pt42s-6d05m58pt798s,0.7976166666666666,-6.099666111111111,0.1835215793364291,28.79174331922129,0,0,0,10.954199229136545,0.024421332926149227,nan,nan,nan,nan,86.98093272526619,24.70378798617707,0.232,a2697,10063.82826616301,176.2205132439772,219.37880903776275,10.492530130222004,5006.800045767675,3.684968715992795,91.9924970011116,0.0,0.0,nan,nan,4963.148222292362,5.154440130928445,131.10401752450642,0.0,0.0,nan,nan,3726.03,1.0,24.400668213494743,0.0,0.0,nan,nan,3728.82,1.0,24.382410999599827,113.45300788314857,266270.11171655596,10.404095219064713,46815.95161337198,6556.754725196011,0.4999617834394905,nan,0.0,27.295617615296813,nan,nan,4861.33,1.0,18.702211490174054,0.0,0.0,nan,nan,4341.494491703272,9.99923566878981,292.5682705754515,136.42004224538093,0.0,331.43259676830405,0.0,4102.182015583899,0.4999617834394905,nan,0.0,0.0,nan,nan,3960.08,9.99923566878981,319.8627926142355,0.0,0.0,nan,nan,3889.06,1.0,23.37778840736009,0.0,0.0,nan,nan,3835.4,1.0,23.704860453545347,292.442106228631,80.18383679237235,7.766411457693015,7.476814801631107,4359.011453863371,1.26213978811499,30.643897287659733,0.0,0.0,nan,nan,3868.75,1.0,23.500516131444996,0.0,51.44731416900734,nan,nan,6583.45,1.0,13.810026928666252,1023.2924746319509,359.06870373966507,139.32855294156914,93.7913945505738,6552.983563880153,9.99923566878981,193.93267853817915,0.0,0.0,nan,nan,6716.348105220845,3.7148379756834786,69.1533483046315,0.0,97.76564353074686,nan,nan,6730.82,1.0,13.507659064352907,1959.3922988485156,327.0657869628313,136.04181226906496,69.353729924243,4689.619207418559,9.99923566878981,271.0131455203778,26.98562936600668,1154916400.93006,1.1307118612810507,105205569.28858076,5875.758463061782,0.4999617834394905,nan
0d47m32pt175s-6d05m30pt586s,0.7922708333333333,-6.0918294444444445,0.2244765690277506,21.365298321343804,0,1,0,7.664084944419341,0.011546481188096971,nan,nan,3.9474905167540717,0.2641117574511037,66.21371979298677,18.70066602956406,0.232,a2697,5146.689731862065,110.979337807665,12.604104448710903,0.742362720202086,5006.816339480898,2.3390646969726125,56.75018566435824,1387.180578057436,228.3745161655839,3.0341421179215926,1.38603675117562,4958.72424576449,1.8581779422278215,44.19058718416946,0.0,0.0,nan,nan,3726.03,1.0,24.400668213494743,0.0,0.0,nan,nan,3728.82,1.0,24.382410999599827,5056.103503057711,93.40563410666589,22.1496924060465,0.7837675188459676,6562.822735631832,2.3122326418690333,42.74958662490829,1655.1959484609854,90.14781266228712,4.188422372182433,0.6543245519568898,4861.137201059154,2.344943235055938,58.61016364123146,179.88440128206216,6.129547738714541e+39,0.3719537075533911,4.488615518592467e+37,4340.5531685710375,0.4999617834394905,nan,67.36195668234835,114.39904975277189,0.12095751977650565,0.8207602713545799,4101.740531623794,0.4999617834394905,nan,0.0,0.0,nan,nan,3970.196586945505,0.4999617834394905,nan,0.0,0.0,nan,nan,3889.112794694924,1.3971191575569053,39.58069339707444,0.0,0.0,nan,nan,3825.4,9.99923566878981,331.09476865566154,874.3165445843297,94.9578820921184,1.8522416952131937,0.7068928351555285,4357.303304153229,3.8301975842474763,109.87561299108609,0.0,0.0,nan,nan,3878.75,0.4999617834394905,nan,234.94110212411857,336.71363119830454,0.8521678187208581,2.3317097279745247,6583.337712357224,2.243865381214465,41.22618284241484,0.0,0.0,nan,nan,6543.934256500925,5.919073720427246,114.27370718897778,1177.2550233160666,104.92953881782772,5.1748978604475475,0.8627249945044208,6716.4070316252955,2.733438120076343,50.084568008264654,878.0981225560926,143.53977989598,3.770435975808764,1.1503074906207373,6731.025313921859,3.039558736418564,55.94640158080962,329.6380061656328,942918.3793354193,0.7559745675875497,6612.849832133299,4686.252557502425,0.675496227510905,nan,544.8950705757366,71.01376256290763,1.9359196524620084,0.5485782826013025,5875.186631012225,3.1368560588360936,66.25397969573724
0d47m35pt895s-6d05m45pt616s,0.7933041666666666,-6.096004444444445,0.4171289370304685,23.503009517081964,0,0,0,8.947053613601158,0.005387504529949986,8.404435111685384,0.004776434987674395,10.126239839051525,0.5945744066238404,52.59616679541065,11.176308016968958,0.232,a2697,9664.90413863554,143.4358666279945,163.27200577777944,6.618478333941083,5006.843468538213,1.8369291258233587,43.18372774371736,2865.4934154880866,402.958382462078,20.789430679954055,8.111328064249486,4958.971612187201,1.7448659928139767,41.033123723023216,874.015129418999,255.80674481939917,7.168106342640365,10.565367100912127,3726.4108427737474,1.0587410135575919,27.139890601988043,897.4501709881323,200.15771867591292,7.372508508707755,8.266942990049506,3728.7845901995674,1.0587410135575919,27.11958383073613,3634.7352827865293,92.06657608625657,230.72445269965212,11.194069536280601,6562.783369578644,2.154672835372743,39.530712772486474,1412.3567169894668,63.75004190630126,28.25994473211131,3.658442052793997,4861.455034264554,1.5985998439870237,37.637670131543985,1160.5955987361638,59.92887205305341,28.840334836788664,5.273294360366809,4340.85783158231,2.4458960896826936,68.73985371112461,890.2004218108345,73.63947931881236,13.773883490072144,4.553032585481311,4101.54696208244,2.475925808875786,73.71289930706018,294.840817485796,54.18255999753129,7.35255964422378,5.816593888789516,3970.316233063699,1.168739602785536,30.01262205293102,467.10952748190255,53.86239873882291,9.078225849866078,4.735356788357405,3888.818667720027,1.0839329391222476,27.09163928479126,698.0769252532865,100.24945407499084,14.323732545493913,9.641569773541226,3833.0301458308077,4.383034973881566,143.6206160904405,395.3200753425361,56.67474349084194,7.442010296375944,3.7386886283210385,4363.290503484053,1.552167915996814,40.42218972370714,1021.0237349571578,62.4342046221514,16.282245027747454,4.560872859724414,3868.8259024898143,1.9931154123175425,61.40990693143212,0.0,0.0,nan,nan,6581.841975981437,6.126397496270315,117.6958164378234,0.0,0.0,nan,nan,6546.985539433037,9.99923566878981,193.93267853817915,0.0,0.0,nan,nan,6716.44,1.0,13.536579167464883,0.0,0.0,nan,nan,6730.82,1.0,13.507659064352907,47.8464917987192,0.0,1.2816825674722276,0.0,4685.542367273554,0.4999617834394905,nan,55.733429449002,2292.7047992560842,1.681152131890495,150.38631149877233,5874.675187812269,0.4999617834394905,nan
0d47m45pt105s-6d05m37pt659s,0.7958624999999999,-6.093794166666666,0.6042459384741192,11.332934719656217,0,0,0,nan,nan,nan,nan,nan,nan,39.68608057771195,11.303532122588406,0.232,a2697,1646.8784810358507,65.72606556456486,11.757379969768188,1.2816561304567433,5006.852932165508,1.7821739100856646,41.67387633656653,0.0,0.0,nan,nan,4959.492854440412,4.492579254781973,113.92935853940362,481.99239934206395,48.19415982621152,2.209707170103891,1.1130348970469348,3725.9733729481227,1.0067591174217554,24.723018120794592,322.7865465392913,37.8540844033471,1.483049427331545,0.8742328341985216,3729.093357590037,1.0067591174217554,24.70451971632427,0.0,0.0,nan,nan,6562.8,1.0,13.853480493619768,0.0,0.0,nan,nan,4862.79580156747,3.6562066544882197,93.97871618431763,154.45373429321418,48.93238687890068,1.0907666742331377,1.2239740218544946,4340.289259755353,1.4023151815317518,35.64036655892074,175.2271029700889,46.52547052569178,0.9569781311166716,1.0152380158096896,4101.737842034068,1.7829887531518864,50.89736032123294,452.90007514106145,56635.741915021754,2.384196812806456,1284.669491778716,3968.7500564281395,0.5813165562020224,nan,105.9602435588912,13222690753553.502,0.39529594084524894,223449063259.9636,3886.6294689228084,0.4999617834394905,nan,0.0,0.0,nan,nan,3835.338352034129,5.549358384079628,182.73097482174393,189.58235125817725,1071137.349637591,1.2084309587449351,23919.606040348073,4363.805222689151,0.5166123860640844,nan,294.09658550273286,17154.37768503867,0.9871562164010814,264.1306598967944,3866.642419033531,0.4999617834394905,nan,0.0,0.0,nan,nan,6583.45,1.0,13.810026928666252,0.0,0.0,nan,nan,6548.05,1.0,13.88468655302385,0.0,0.0,nan,nan,6716.44,1.0,13.536579167464883,0.0,0.0,nan,nan,6730.82,1.0,13.507659064352907,175.00078633325495,33.796329477752494,1.1840125129813264,0.6995244837896291,4685.218912529446,1.0792555824669046,22.319040106544527,0.0,0.0,nan,nan,5875.62,1.0,15.473706908126772
0d47m48pt18s-6d05m28pt496s,0.7967166666666666,-6.091248888888889,0.6364933547981351,5.584921070167412,0,0,0,9.624123693275356,0.011596688434768215,8.193170179301967,9.732562856558576e-05,9.543764768078809,0.31607366308840407,46.77768528051577,13.278654001453498,0.232,a2697,15876.317706253445,206.88505076151483,27.661364120827983,0.9845532084307127,5006.843065586701,1.6894382269897423,39.09682695612873,4674.049367591078,632.7928379076477,6.620389960466133,2.4868312180152436,4958.930689555786,1.6621410599026134,38.7033931388172,3724.2040053679457,77.45541729992888,4.442044386103367,0.46535127574239554,3726.1057077493256,1.7384294189973297,54.37011078875791,5421.858335480336,96.93550597758454,6.479502600108343,0.5823874293611868,3728.8904415543698,1.7384294189973297,54.32942965931197,0.0,0.0,nan,nan,6562.8,1.0,13.853480493619768,3111.6053398569666,74.72847085722186,6.25361547027798,0.43076019281916744,4861.3626237134895,1.6898582586633881,40.279164467088776,1998.5170182246957,40.099816165696865,3.3472029874920373,0.23786191776967866,4340.456232593119,1.9324831084649359,52.83242012805258,941.4379994011995,35.40013587251756,1.408765756586684,0.21166367023822757,4101.661759319126,1.6208618968671835,45.37512251040904,495.2614394124165,55.581784579918576,0.7248439451702033,0.35073301694895626,3967.689350783225,2.5241483211904727,77.76806639342394,379.8885175580489,1185.9080280176447,0.5487504263344479,7.74577131367925,3889.5182345363332,0.4999617834394905,nan,60.94192157724072,159.23447259532787,0.08153351544564956,0.9973516485875984,3834.8823038784594,0.4999617834394905,nan,331.302066436438,90.79167550711554,0.5215298428970686,0.500930023680373,4362.854250659061,2.9084270703444637,82.36777983766378,1671.9598429621913,58.37130606262326,2.4479729416240374,0.3915230026928457,3868.7162290754977,1.633666632255964,48.57442181451342,0.0,0.0,nan,nan,6583.45,1.0,13.810026928666252,0.0,0.0,nan,nan,6548.05,1.0,13.88468655302385,0.0,0.0,nan,nan,6716.44,1.0,13.536579167464883,0.0,0.0,nan,nan,6730.82,1.0,13.507659064352907,686.949621642307,207.77339792664404,1.369432188187453,1.2641174197316418,4691.4334859314495,9.99923566878981,271.0131455203778,0.0,0.0,nan,nan,5875.62,1.0,15.473706908126772
0d47m51pt495s-6d05m03pt982s,0.7976375,-6.0844394444444445,0.6466909532326393,26.18154992279784,0,0,0,9.009197081910445,0.03965902217272176,8.060595868201656,0.00013685258497521727,14.326407594445783,1.246093231735812,35.313642465897324,7.7116508516442375,0.232,a2697,1691.841677619107,68.47911983871812,20.34542432744558,2.249320244882865,5006.844343739425,2.0612063877733005,49.29588747806822,480.84083724145574,70.07284437325866,4.26429924434265,1.7242663808324936,4958.834743855821,1.4752679081145126,33.33949616970427,2175.9472931832206,73.83867487713167,17.327689269514835,2.9618653805509148,3726.07452256823,1.9048422822183937,60.53024727378087,2484.938102898072,77.28282190807195,19.82711734236945,3.1000192663491632,3728.8844587013546,1.9048422822183937,60.48495697017441,0.0,0.0,nan,nan,6562.8,1.0,13.853480493619768,476.9910297394558,40.234644348391605,5.70578270313396,1.3803276105472089,4861.532936972959,0.9746857964655439,17.762031909301975,374.2916056552764,33.9948597657005,3.164846369547193,1.0180509288882456,4340.429873100031,1.4112304246988898,35.94183132763584,462.4057408927872,41.81216498521525,3.6766476042695415,1.328102812308082,4102.060211520547,2.0416043521172176,59.526524870319186,8.589716981241038,102.14092389714038,0.06867914364089654,3.5154032925817122,3970.428717195562,0.4999617834394905,nan,375.9399247284373,1462638.5402335345,3.104323122485333,54594.870933722355,3889.9924021777088,0.5006535313946955,nan,0.0,0.0,nan,nan,3835.307971733418,3.8399913126038023,125.32682836770432,50.94895218534278,67.11107663554708,0.37725026374460796,1.7418270543393526,4362.652675501349,0.4999617834394905,nan,0.0,0.0,nan,nan,3866.321141965072,0.4999617834394905,nan,0.0,0.0,nan,nan,6583.45,1.0,13.810026928666252,0.0,0.0,nan,nan,6548.05,1.0,13.88468655302385,0.0,0.0,nan,nan,6716.44,1.0,13.536579167464883,0.0,0.0,nan,nan,6730.82,1.0,13.507659064352907,0.0,0.0,nan,nan,4685.193537929375,2.8141709941046193,74.05797843831103,0.0,0.0,nan,nan,5875.62,1.0,15.473706908126772
0d47m43pt575s-6d05m04pt384s,0.7954374999999999,-6.084551111111111,0.8000413246209712,27.562286704118616,0,0,0,nan,nan,7.767494989049774,0.004182239125938954,6.502081919244275,0.5036434242666566,52.60791496179019,15.256441737958305,0.232,a2697,3285.892386065913,90.1989924286444,55.026767827786585,4.125825345010947,5006.827272214859,1.8020640994931922,42.22327434371049,1144.9879464685089,157.01727314544087,13.682470133582518,5.205820696563768,4959.043962652983,2.0019273101690858,48.151181912594005,1575.9248584354405,55.12342932885137,13.34332184637014,2.3511519659662357,3725.985946689701,1.3912089256333207,41.07901413953067,2379.913051608596,70.63819389442013,20.188026723555772,3.0128954324734627,3728.6392047656946,1.3912089256333207,41.04827775390484,0.0,0.0,nan,nan,6562.8,1.0,13.853480493619768,1289.8512117720643,94.95561650342108,26.54216899210453,5.604755510650036,4861.122329848407,2.0420266728243006,50.237068281944175,520.6808468846492,124.73396733316665,8.46543284433168,7.185459346848947,4339.553756951252,3.9536964297853636,114.13392718756937,471.92798691586876,96.76264413598156,6.597867905850023,5.4048422577014845,4101.860458943481,3.28104568357179,99.49295643294515,81.41149936952242,469.2767290777827,1.006124124200016,24.9690316981571,3970.1271936727744,0.4999617834394905,nan,140.30100404757056,9224.221849173764,1.7625124318980967,523.8912405441688,3889.720904858612,0.4999617834394905,nan,133.87108017729645,0.0,1.4837614180522836,0.0,3833.82822808958,0.4999617834394905,nan,0.0,0.0,nan,nan,4362.764770580626,4.53080230397792,130.6128440306773,383.0916621155087,33.01623851093669,4.741426788562468,1.871792121939492,3868.9104776220374,1.0304585029063131,24.884640593715307,0.0,0.0,nan,nan,6583.45,1.0,13.810026928666252,0.0,0.0,nan,nan,6548.05,1.0,13.88468655302385,0.0,0.0,nan,nan,6716.44,1.0,13.536579167464883,0.0,0.0,nan,nan,6730.82,1.0,13.507659064352907,0.0,0.0,nan,nan,4688.598892619029,9.99923566878981,271.0131455203778,0.0,0.0,nan,nan,5875.62,1.0,15.473706908126772
0d47m46pt41s-6d05m01pt731s,0.7962249999999998,-6.0838141666666665,0.8137439380340985,29.234392149658305,0,0,0,nan,nan,8.041641310138255,0.0047792686483520315,7.8967279621182405,1.1422442335111727,34.58209311305819,6.288197961361894,0.232,a2697,1957.024446911289,67.11706494085146,45.730411163937454,4.283787600826185,5006.844143855433,1.885874644911212,44.52689294323601,383.6408972769392,93.60009717578154,5.148893612204524,3.484977751630894,4959.346254391205,1.3364325257945588,29.227249602671424,970.8425519846697,52.88482349746359,7.747873209081892,2.1260934846514186,3725.9807447978837,1.5919453949117086,48.85262432543824,1141.280315154132,55.91699801835977,9.124468764996067,2.247993985907939,3728.5588317153256,1.5919453949117086,48.81607152271032,0.0,0.0,nan,nan,6562.8,1.0,13.853480493619768,563.8776253516274,79.65490883434263,9.590651508268769,3.885998578580286,4861.203988749799,1.7233643319342413,41.24130218378203,238.80415902892113,656.6804077738509,3.6254438131264664,35.24441192747958,4344.345662629729,0.4999617834394905,nan,429.6276666447536,64.46589807100673,5.617079483881723,3.363144984372279,4104.192406770684,2.7661218704008963,83.0607391412351,0.0,0.0,nan,nan,3974.24202689644,1.3944165732893334,38.672771075391225,279.43931291288,29214.138282193006,2.631825814522893,1245.320861637782,3887.9574297391323,0.5000985824199228,nan,283.7744473164083,39.05712758670465,2.4467553586731174,1.5673006753087209,3843.9935363228265,1.4362532146959932,41.62864564196945,719.7849745520982,97.02575374780274,14.121001080558639,6.67383198762533,4362.110517952027,3.417252735680314,97.59456747555816,360.11812364470063,50.886378160587775,3.5736779070250786,2.313916358522694,3868.357872884857,2.0896184049556417,64.79067300780102,0.0,0.0,nan,nan,6583.45,1.0,13.810026928666252,0.0,0.0,nan,nan,6548.05,1.0,13.88468655302385,0.0,0.0,nan,nan,6716.44,1.0,13.536579167464883,0.0,0.0,nan,nan,6730.82,1.0,13.507659064352907,0.0,0.0,nan,nan,4685.761603810175,0.4999617834394905,nan,0.0,0.0,nan,nan,5875.62,1.0,15.473706908126772
STACK,0.0,0.0,0.5407928243193264,nan,0,0,0,nan,nan,nan,nan,nan,nan,54.07801795165491,12.536498847798352,0.232,a2697,8497.326770877728,335.27891295713437,7.227356825720373,0.7788891155135687,5006.943202870053,3.188466293120201,79.09596269261488,0.0,0.0,nan,nan,4959.702991759794,1.7824032277928117,42.08307398312055,0.0,0.0,nan,nan,3726.03,1.0,24.400668213494743,0.0,0.0,nan,nan,3728.82,1.0,24.382410999599827,0.0,0.0,nan,nan,6562.518401053276,4.0161798399920245,76.71636656436063,0.0,0.0,nan,nan,4861.485428299613,4.768746057213423,123.5327322053512,0.0,0.0,nan,nan,4341.1523561591575,6.213191394310058,181.0789826053766,0.0,0.0,nan,nan,4105.955647655576,4.300747827899935,131.70726789316353,0.0,0.0,nan,nan,3960.08,0.4999617834394905,nan,0.0,0.0,nan,nan,3889.06,1.0,23.37778840736009,0.0,0.0,nan,nan,3835.4,1.0,23.704860453545347,0.0,0.0,nan,nan,4365.440524425168,0.4999617834394905,nan,0.0,0.0,nan,nan,3868.75,1.0,23.500516131444996,534.1984009805817,0.0,0.666951607233897,0.0,6585.227037843344,0.4999617834394905,nan,0.0,0.0,nan,nan,6550.013156444828,0.4999617834394905,nan,0.0,0.0,nan,nan,6716.453013651918,1.9924624786384604,35.35962425539262,0.0,0.0,nan,nan,6727.68969268871,3.0888857168802875,56.90473985595202,0.0,70.37183858200787,nan,nan,4685.68,1.0,19.403292965701418,0.0,0.0,nan,nan,5874.906790646355,0.4999617834394905,nan
2d55m43pt935s-15d22m53pt365s,2.9288708333333324,-15.381490277777779,0.15226485154196157,26.85201724608139,1,0,0,8.934228542629173,0.01790043947560329,nan,nan,4.055298327575027,0.18049220157966114,48.07980777473789,12.554294614585384,0.3791,macs0011m15,22440.07670068929,383.8782785633197,118.3861446334766,5.531684084622836,5006.835787764799,2.4291923097165813,59.147588201948004,6690.630024219226,1073.2630677623497,19.634468436643143,8.739038138483771,4958.855373979512,2.3457309342958306,57.478038113029235,0.0,0.0,nan,nan,3726.03,1.0,24.400668213494743,0.0,0.0,nan,nan,3728.82,1.0,24.382410999599827,15538.90544891901,124.12894829591514,209.52275750999746,3.2058826563324296,6562.803605269217,2.6761138706129617,50.105838685338064,7183.369599919913,152.3616051698433,86.90791310705885,5.28689840347147,4861.418616926175,2.9148398529253186,74.10091510535715,4271.828612167827,180.99085482169346,25.176575842642723,3.7779842454009467,4340.39569126314,2.3434706472346236,65.59832578308868,0.0,0.0,nan,nan,4101.73,1.0,22.16567686891332,0.0,0.0,nan,nan,3970.08,1.0,22.900702702093618,0.0,0.0,nan,nan,3889.06,1.0,23.37778840736009,0.0,0.0,nan,nan,3835.4,1.0,23.704860453545347,738.8765786484157,274.69323696117203,3.6142081390588268,4.704153716286007,4365.262632819963,3.1930992283095225,90.90219741688311,0.0,0.0,nan,nan,3868.75,1.0,23.500516131444996,0.0,0.0,nan,nan,6581.963674002805,0.4999617834394905,nan,0.0,0.0,nan,nan,6548.08115147726,0.4999617834394905,nan,1439.7828770299611,161.61762324437015,16.272647662346028,3.416461336823108,6716.664891583945,2.5283848314085167,46.05219059207818,734.0042688731126,166.25882558722566,7.7958597277576205,3.295596716357357,6731.167672605781,1.883308329293461,33.069839357959026,0.0,0.0,nan,nan,4687.783648798585,9.490504904546542,257.15508377975954,0.0,28.209410327024628,nan,nan,5875.62,1.0,15.473706908126772
2d55m29pt61s-15d23m12pt896s,2.924891666666666,-15.386915555555555,0.19824823404885028,14.153372453379715,1,0,0,8.58111141502337,0.013194743355425987,nan,nan,3.8251785373544034,0.22177036924577195,36.25619322142221,4.395927764177225,0.3791,macs0011m15,8749.547062173677,176.82447766325106,20.969817011185114,1.157543259170355,5006.846571359319,2.62567281797587,64.34729221680865,2200.3840038649623,388.07681520261366,4.3948136091073025,2.150428053825446,4959.133919262412,2.0257821968655536,48.804337230832196,0.0,0.0,nan,nan,3726.03,1.0,24.400668213494743,0.0,0.0,nan,nan,3728.82,1.0,24.382410999599827,8458.258459804994,132.99593096718627,33.76366722974773,1.0168929592207472,6562.739228365376,2.4299546448050706,45.13985817547581,2862.593460438034,122.93939429199543,6.252418000628954,0.7701761584768798,4861.3106975614855,2.1869313844434233,54.25897318449687,1321.0257886571458,124.51705298195647,2.6610365826551727,0.8882046144960515,4340.768912507678,1.997324348473753,54.8678688075875,991.2814201193373,191.68339090503693,1.7978131466280307,1.3892954747391062,4101.3728854179635,2.4443872579738026,72.69179220380855,0.0,90.64315374844448,nan,nan,3970.08,1.0,22.900702702093618,0.0,0.0,nan,nan,3889.06,1.0,23.37778840736009,0.0,0.0,nan,nan,3835.4,1.0,23.704860453545347,362.7844762333011,115.75233378131792,0.6587071167216092,0.7362757908317434,4363.893919705351,1.55122441124271,40.39134290300287,0.0,0.0,nan,nan,3868.75,1.0,23.500516131444996,856.6927149620163,613.8857740593993,2.7474827407692652,3.758653244997364,6583.5250332745745,2.687666392655785,50.180097708710406,0.0,0.0,nan,nan,6548.187108868706,0.4999617834394905,nan,1414.8548430661706,133.488528034605,6.219580768609541,1.0975928184122266,6716.334932506831,2.715528695645291,49.733302773487004,889.4983789251878,102.6270510948303,3.81451428998464,0.8213997928184938,6730.940404508476,1.6085752535586337,27.39349670912321,0.0,61.00757836992765,nan,nan,4685.68,1.0,19.403292965701418,499.92307874695183,76.85599776605982,1.6633979600071445,0.5559474450410513,5875.821115617656,2.6618320438317595,55.64526264187112
2d55m26pt355s-15d23m45pt287s,2.9239874999999995,-15.395913055555555,0.3760380109625232,29.506796030607642,0,1,0,nan,nan,8.016742039692662,0.00015807146504802334,13.660716425310191,0.7987498563427916,78.69675282904765,18.68867870623292,0.3791,macs0011m15,2703.7163583630954,91.69951876039677,25.52378101738866,2.3644946310757518,5006.835045833756,2.4895783367471407,60.74929736150182,832.1073488220086,110.64626185628715,5.5005935555952306,2.0297124945815828,4958.422719873052,1.7037984046537409,39.8794375488578,4878.365702148344,293.2921015467948,102.931048839635,31.181643315017748,3725.6215890295493,2.713180254377383,89.56484423572219,7874.0633142678735,450.1159470227999,166.4789992297134,47.85452740269935,3728.5520869585575,2.713180254377383,89.49782949234019,3676.8224020934313,113.7077280631543,34.791263270343464,2.060913890979216,6562.6801354919435,2.481391892349344,46.180872109312006,1192.3424962854,56.59645960349408,13.5271016047567,1.8417137123334375,4861.188921997635,1.7392537605510823,41.696266490092924,0.0,0.0,nan,nan,4336.0938826873835,0.4999617834394905,nan,0.0,53.546500685208706,nan,nan,4101.73,1.0,22.16567686891332,0.0,0.0,nan,nan,3973.521498298567,0.4999617834394905,nan,0.0,0.0,nan,nan,3891.7576609032317,1.6693416784138408,49.61015976593531,0.0,0.0,nan,nan,3833.9438268407753,8.947416359851347,296.0852589845168,0.0,0.0,nan,nan,4366.185825002284,9.682921470205489,281.78991699325996,1117.2780500775602,131.93002298412384,6.2907995791781195,3.401680795454427,3869.3407930252383,2.3188749422594874,72.74807808881879,336.5699932477799,210.81428106678644,2.9049975702496775,3.4727546228062187,6585.434694129047,1.6540250726067702,28.979765954437777,301.6274061391008,144098.07380821175,2.184764420871447,2003.7763252707693,6548.497182996224,0.4999617834394905,nan,695.110939838143,94.09085741153291,13.554777504904052,3.432044509148962,6716.041507694679,2.52165806585113,45.91948325107245,578.8985212599476,173.0725342523271,10.443430680821663,5.8265226397896015,6731.837128006154,4.862136908903284,91.00683702021375,0.0,0.0,nan,nan,4684.844403493037,3.0669042620032325,81.12841477522878,0.0,0.0,nan,nan,5875.5888608293135,3.737049711511587,79.53941198263394
2d55m43pt275s-15d23m04pt376s,2.928687499999999,-15.384548888888888,0.3769702003894313,15.825249432476458,0,1,0,nan,nan,8.07830281489671,0.00020477824918496687,11.939165582277187,0.862538492807116,80.29219778635526,16.819502289766643,0.3791,macs0011m15,3571.5986680975984,99.13745703274532,508.15077081352854,38.52599508846907,5006.843886514416,2.0883339183071348,50.028631542584144,1270.4120876693642,248.70978169292025,24.6486867895113,13.387576281581476,4959.170859840068,3.8744942280049397,97.83304377493948,3523.4349739852332,273.5204540361606,440.472946162933,172.2101879496515,3726.31543180361,1.9044940471312612,60.51745350303292,4881.193667585113,350.20371918807433,611.2137381154395,220.49045112389365,3728.671326087,1.9044940471312612,60.47217277205812,2693.644031308703,99.24209918396441,213.48596530919068,15.066373186787613,6562.5164923165485,2.482408607701176,46.201429715374786,1109.511322717642,67.35622774155412,27.023766847776567,4.70585110304661,4861.075768501354,2.0627884978154936,50.81546746154486,0.0,58.79771572995625,nan,nan,4340.46,1.0,20.94654063936261,931.991861173466,160.3967953178058,19.342968451997724,13.31035068932199,4100.440601079344,4.001075650485103,122.2706633333182,565.9102477273162,147.05694414049796,762.837367665204,853.3889638909507,3970.243057448442,0.4999617834394905,nan,222.13648097918963,194.21394665891276,8.8021167295287,34.843534903582096,3887.3829754404815,0.4999617834394905,nan,0.0,0.0,nan,nan,3836.920127786364,5.870324176673306,193.465977044048,0.0,0.0,nan,nan,4361.711452471648,2.4686844356276625,69.07510206470486,1134.4423925412912,117.52803442441676,47.193434133092865,22.370370987457136,3870.6971161348633,1.6403405007051948,48.81737327691512,0.0,0.0,nan,nan,6583.959396256415,8.441324297515154,162.67530366124683,84.51317833060614,179.32995631126488,7.8922013319657704,32.15743718823134,6547.0958702465405,0.4999617834394905,nan,555.1927897620744,82.9710839928474,15.680351869134157,4.382885016492432,6716.745457264793,1.7669150340280333,30.751468000427344,915.9115975588121,178.75922496882708,36.286566895953634,13.220094505140924,6729.781784782139,4.291452468352501,80.08359005810422,1131.3709500825246,295.19889827360544,40.089917966416955,32.10792055154881,4676.549465336651,9.99923566878981,271.0131455203778,68.4581101919743,5.8552404860526e+140,3.2893423068179817,6.118090529511431e+139,5874.4796716472065,0.4999617834394905,nan
2d56m13pt2s-15d23m09pt52s,2.9369999999999994,-15.385977777777777,0.37812562643435954,33.16779764198944,0,1,0,7.8474784770762565,0.006893111783255681,8.055677406111522,0.000276636396271512,8.822023365848626,0.6741011899502867,69.20535427225848,12.334304808654835,0.3791,macs0011m15,3324.0476461272583,112.11001734777007,20.340031924759973,1.8737511482541724,5006.86563408662,2.4050300299492786,58.505700597074565,1410.4944136848044,188.56330524107526,7.295387054713557,2.7058325863983588,4959.12325129923,2.8195810125587437,70.12086193722692,3282.087800039858,430.164616127575,18.59595947650416,12.28058340479552,3725.656741083193,2.4857713506408023,81.49610607702449,7506.575796170868,886.4253340369122,42.61323108389902,25.306173122188167,3728.4079922048318,2.4857713506408023,81.43512857316138,4929.551078538219,142.71165698610753,52.56760607980135,2.9149422749136065,6562.862639395472,3.086637348688267,58.31682656494934,1759.5969781847825,70.60944729627828,11.763032214786673,1.3537837106110902,4861.510493146917,2.0978725916583305,51.791159910877745,0.0,46.95973663095919,nan,nan,4340.46,1.0,20.94654063936261,73.21996221302757,3.0911134001295948e+29,0.3447348115397083,5.814970102429328e+27,4101.73554378814,0.4999617834394905,nan,145.61301847253543,1.43063348700066e+86,0.617557310947183,2.612044309586074e+84,3970.25081398062,0.4999617834394905,nan,0.0,56.06486977191358,nan,nan,3889.06,1.0,23.37778840736009,0.0,0.0,nan,nan,3835.1571795365317,6.096141299425617,201.0134750235347,341.5740200680509,97.14016376069752,1.765084851600831,1.7591904229720225,4363.066939469274,2.6022688290647116,73.13058058232632,1366.5603338925876,144.35251523633474,7.342058463931156,3.557854739265567,3866.5448279842476,3.214223027789184,103.23263106520105,465.9704496020877,293.27759701219895,3.463678634383979,4.161886675574843,6583.563569414232,2.4158086592996946,44.7125310753226,0.0,0.0,nan,nan,6547.970921864487,9.99923566878981,193.93267853817915,806.4469462343113,127.89872528666686,7.779937135694632,2.3077630373260662,6716.693530929986,3.211973864730801,59.41955159521382,642.6671650132334,118.80389201201722,5.395961765352031,1.861649617970771,6731.158376488479,2.3062317354375788,41.563329590714545,0.0,0.0,nan,nan,4685.796225579248,4.579689916804135,122.96827175689614,291.78797981932223,62.92619120864813,2.9798878061536924,1.3972657925269183,5875.257726685194,1.5078980196534233,28.938569238485453
2d56m07pt62s-15d23m06pt546s,2.9354499999999994,-15.385151666666665,0.5588963880762614,29.197416718402582,0,0,1,8.306510890833128,0.013084225354133349,8.10724123957398,0.00012954943576058917,8.697292064363044,0.46065711588945774,54.21676138032226,13.833266558551175,0.3791,macs0011m15,6594.749233380868,135.40584466578395,156.76818673464564,8.791931086732639,5006.836320352556,2.283596018013671,55.270255940176106,1621.3309539803872,273.3323355736275,21.01299795292525,9.82838075985312,4959.068733382697,1.9779337306180622,47.4931343400524,3512.106232129961,167.06392982261227,33.26998859070434,7.971698924171895,3726.0941494836,2.2428977339532157,72.80694151292094,6665.483811751535,281.89539170204813,63.26039940454305,13.451049506295485,3728.7836628832483,2.2428977339532157,72.75246546773211,0.0,0.0,nan,nan,6562.8,1.0,13.853480493619768,2114.873238143904,99.48821700554522,42.89155503302493,5.787394025061631,4861.223059823956,2.07595383016703,51.18184365356609,1540.7202030947062,64.65579856339828,25.26824911478964,3.755325460098592,4340.552474838618,1.8454229658031251,50.08297779955494,359.9525535164031,40533.74666433697,3.3457313520166796,1505.686589425748,4101.3327712315095,0.5787106086730918,nan,827.2004877937738,75.68400792932151,8.331618467033683,3.283919961974966,3969.104714064631,1.550018002722915,44.347667132494166,0.0,0.0,nan,nan,3888.9450666392195,3.8748235192975287,124.75710906402244,392.45756253992926,1914813.9781646503,2.3912895513410217,54613.08051292793,3835.097530126095,0.5046864913329472,nan,375.64502760997044,119.85874208174735,6.918185647889351,7.73832944642759,4362.42186341808,2.929730892970337,83.00806733709615,925.6139777559954,93.2174156134955,7.623209345875322,3.5186297732273433,3868.020312684817,2.1910060645164258,68.3213625243316,0.0,0.0,nan,nan,6583.45,1.0,13.810026928666252,0.0,0.0,nan,nan,6548.05,1.0,13.88468655302385,0.0,0.0,nan,nan,6716.44,1.0,13.536579167464883,0.0,0.0,nan,nan,6730.82,1.0,13.507659064352907,931.7245513669279,433.92695060967367,31.827781775535197,45.328550175449934,4686.302211319431,9.99923566878981,271.0131455203778,243.55058140455142,54.03737525315159,37.128289568873925,17.90902728077949,5875.832100991264,1.1765866112556853,20.491063726670685
2d56m08pt28s-15d23m01pt483s,2.9356333333333327,-15.383745277777777,0.5589459639529624,32.40718589467507,0,0,1,9.346452493436223,0.01472506494098563,8.096534105960124,9.073891986171268e-05,10.02760860243944,0.2866704183997708,38.75952403406173,6.29891903584125,0.3791,macs0011m15,15984.427100844856,237.64001851703335,9.800590622579342,0.397979973020989,5006.841653921699,2.166841056560207,52.142590320010136,4309.690408762805,608.0871509285726,2.3901224038954836,0.9356813801053196,4958.975086790049,1.8221300029928083,43.189887629494244,12007.82160979744,177.56000009008673,6.672832447896601,0.4969984133083053,3726.1578072708508,2.1426692857426954,69.19316448059749,16376.333065427069,218.54876709880583,9.11843058203883,0.6117278127026599,3728.986796131913,2.1426692857426954,69.14139235727139,0.0,0.0,nan,nan,6562.8,1.0,13.853480493619768,4854.424829962958,119.29807041456262,2.8555227861839123,0.20127313337298927,4861.351162943924,1.9898469714961562,48.77988324773447,2691.2597677797885,94.61466783626881,1.399591276594723,0.17424330445992822,4340.7326826473345,1.8632243157729358,50.646829516578286,1920.4691393460903,110.33372162266727,0.8935409578592801,0.20512196737849198,4101.6514122332455,2.5676134507996125,76.67516935080272,801.7153659972131,101.06632529826837,0.36961916035929543,0.20054155364968734,3970.684422862857,2.238779918471343,68.1923265095304,938.5722635467226,6764181.001821589,0.4448742644615247,14482.89596522744,3891.0834321501775,0.5004751348608719,nan,1873.3627232913905,9185482.580964897,0.9519333881805911,21816.277478890737,3837.3615840454518,0.49998425389911133,nan,359.11044761408215,117.45553388837837,0.182614526002892,0.20933575083362735,4362.920772280201,1.7954495232847787,48.24223757802652,3573.0253901289298,124.57371062277954,1.7329337945938141,0.2767603010424138,3868.881928037512,2.0703120182780164,64.11599538187615,0.0,0.0,nan,nan,6583.45,1.0,13.810026928666252,0.0,0.0,nan,nan,6548.05,1.0,13.88468655302385,0.0,0.0,nan,nan,6716.44,1.0,13.536579167464883,0.0,0.0,nan,nan,6730.82,1.0,13.507659064352907,743.0870212351626,4362676.095783002,0.42691591713312915,7671.218046564512,4684.071150674776,0.5114663575595426,nan,45.82565046431785,139.58940331991263,0.0376896763336825,0.24955668583849427,5876.470548383374,0.4999617834394905,nan
STACK,0.0,0.0,0.37135561077233564,nan,0,0,0,nan,nan,nan,nan,3.73348305830705,0.2773294688674235,37.134076147992396,6.513802795218539,0.3791,macs0011m15,19727.61073228921,1011.5184465701726,8.573448054105516,1.200721829096436,5006.833809882684,2.1218494270832897,50.93226470287218,9928.660270803153,1160.7045048984492,4.88235732680429,1.5836912771693368,4958.823214865617,2.5016713590719966,61.65991411286692,0.0,0.0,nan,nan,3726.03,1.0,24.400668213494743,0.0,0.0,nan,nan,3728.82,1.0,24.382410999599827,14608.984452131479,550.0325637745541,8.18292843369531,0.590127350293615,6562.733624411042,2.5140657534004016,46.84116634460691,7943.325452383335,422.0127413509587,4.234965011054355,0.6453596878940117,4861.191079287404,3.03260881685438,77.27429846094104,3138.6083094728647,448.15776994949283,1.733791817482801,0.8769770593905846,4340.018727913531,1.8820403115301683,51.241858590082906,0.0,0.0,nan,nan,4101.73,1.0,22.16567686891332,0.0,0.0,nan,nan,3970.08,1.0,22.900702702093618,0.0,0.0,nan,nan,3889.06,1.0,23.37778840736009,0.0,0.0,nan,nan,3835.4,1.0,23.704860453545347,2087.5884725548444,114532215.08330423,1.133264581586154,217589.45414083946,4366.1024722477,0.6699406738583268,nan,0.0,0.0,nan,nan,3868.75,1.0,23.500516131444996,0.0,0.0,nan,nan,6584.470094825868,0.4999617834394905,nan,317.4823431568589,1126627.757186195,0.16561118379287323,1128.3971204111976,6547.7192078357075,0.8089031168969194,7.881371964089906,922.0566552778047,425.2165537275589,0.5528133693010586,0.4767989049178608,6717.008914920847,1.7824674249691155,31.072273906357868,0.0,0.0,nan,nan,6735.616849800913,0.4999617834394905,nan,1483.0277915677257,487.5647021539147,0.858284240418965,0.8634588288271655,4684.557238222496,4.059604176158895,108.64752253806165,3746.5386483651973,286.7001707228624,1.974951505601646,0.3287936966986782,5872.508846017191,3.2348324098447843,68.43007626753186
4d38m40pt875s16d26m18pt34s,4.6446875,16.43842777777778,0.21089310271044237,28.902403268954643,1,0,0,7.689306736690527,0.005228773745813524,nan,nan,3.4102342417397953,0.18533312095912985,66.38390748623758,16.596518422302147,0.5471,macs0018p16,11288.571938862753,247.05842951125788,15.967720596517555,0.954529129334456,5006.847904207125,2.7111341082090292,66.59922547205811,3787.691169952074,552.8270334556701,4.832745342007989,1.9571026918408065,4958.857624245065,2.6802986322163824,66.42317505571773,0.0,0.0,nan,nan,3726.03,1.0,24.400668213494743,0.0,0.0,nan,nan,3728.82,1.0,24.382410999599827,13601.589504499001,178.3623384279455,35.029617651038365,0.879884044048784,6562.619019630068,2.8358121361621778,53.30892508193084,4420.8878452652525,161.853343247138,6.846077772301703,0.7188673033949895,4861.4159198707475,2.65561063493633,67.08645633479445,1526.5305828653902,157.10755127088663,1.6570047426028576,0.6040007130167111,4340.388419647959,2.0012380336507385,54.990418261795035,1826.4257174270715,159.84747261309002,1.6249381620187322,0.5682740094037398,4101.564937484408,1.6184534514913091,45.29222701546533,0.0,0.0,nan,nan,3972.8967379464475,9.99923566878981,319.8627926142355,0.0,0.0,nan,nan,3889.06,1.0,23.37778840736009,0.0,0.0,nan,nan,3835.4,1.0,23.704860453545347,1071.9358913760902,183.59066538698795,1.1261214434446678,0.6749440468649788,4366.217113701261,2.5535267630896032,71.65285266144062,0.0,0.0,nan,nan,3868.75,1.0,23.500516131444996,753.5450992881524,668.0717298817942,1.4620168111910288,2.474709484751546,6583.1869807196135,1.5269691053878574,26.242860750890486,0.0,0.0,nan,nan,6547.494035190433,0.4999617834394905,nan,2848.0171668161643,155.19805525960507,7.199988341288663,0.7338920954825764,6716.202118104728,2.594643811834014,47.357837394970495,1820.0507950176432,237.27333079822955,4.502613634566253,1.0955907675356484,6730.637900721535,2.961296543351063,54.42409482167847,1236.1466688010928,173.36475174241755,1.5431359822227768,0.6618031535308756,4686.317422673176,4.43337064324048,118.94391207431647,880.0542985395041,222.62453219668984,1.811856832082352,0.9961641574688895,5877.1147580867855,9.99923566878981,216.12712798001303
4d38m10pt785s16d26m34pt255s,4.636329166666665,16.44284861111111,0.3201526670806736,49.096548303611996,1,0,0,9.474585904588762,0.027016797774092865,8.146333444918076,0.00018411490606262709,9.253447360343626,0.42079174605301195,87.6731093101462,18.86012455802698,0.5471,macs0018p16,9995.642160817913,183.17599060965352,64.69458827521854,3.238265236263228,5006.840596289147,2.0675589944739245,49.46758907543131,3159.9621390362495,439.8033521801147,14.610344952804867,5.642046763891,4958.895410453173,1.913821022518672,45.72903148505057,4403.772589673012,387.97082227866355,10.28611111414642,4.5647796183887746,3726.057117384711,2.4573090920430416,80.48209257777444,5839.465625818089,481.90185244933826,13.667776770189056,5.669951521623771,3729.021318075457,2.4573090920430416,80.42187378515587,7647.673260329572,153.36558491932593,198.3166362271658,7.617791315105165,6562.69437119774,2.7045782142633343,50.677708656541064,2528.6621951968773,78.11221273412444,22.914426350125158,2.0302862803918655,4861.248053306123,1.7314456360856547,41.472797294000195,1525.6425628294269,99.30732378180845,9.25421600889987,2.13357778046467,4340.29900918418,1.8995728191805177,51.79543951090383,1097.5671409618753,149.5024319028942,5.082369076381406,2.7654602634311574,4102.128792245717,2.1847946089574766,64.23719218981935,614.5405156701079,134.215510245762,3.164654690506603,2.9754844577912594,3970.2349436130944,2.121823307991091,64.23199980255433,0.0,0.0,nan,nan,3889.1257581611803,9.235594560784913,301.4617077032878,0.0,0.0,nan,nan,3833.4370450960805,0.4999617834394905,nan,241.70117106666763,124.71325186132893,1.4662605960662722,2.65146624346115,4363.028000468405,0.4999617834394905,nan,2440.249598977734,315.7044396082108,10.350573822526876,6.124387016412952,3871.355493961323,6.558000444426875,214.57321477016743,0.0,0.0,nan,nan,6584.047790622781,7.43679036294165,143.17345898668586,0.0,0.0,nan,nan,6550.9391411499955,9.606882800094194,186.28484709723242,535.9286507017121,111.07282617976965,9.534214426012575,3.696089290374913,6716.202926492472,1.6198095815963203,27.688470941000595,197.85743281712072,80325.7535309633,3.5623451453617143,2698.7034427417575,6732.204557101964,0.4999617834394905,nan,920.9223577391618,128.28462696409665,5.5522412380972455,2.3647284628247296,4686.752095339025,3.3404634147180197,88.74543439688046,0.0,0.0,nan,nan,5873.789821579078,0.4999617834394905,nan
4d38m38pt61s16d26m31pt04s,4.644058333333333,16.441955555555555,0.5342446427321721,40.90620329423247,0,1,0,nan,nan,8.108695889701194,0.0011455538841429222,7.919579573005686,0.45109986004947517,61.552598503795394,14.263041376336373,0.5471,macs0018p16,5086.304748282189,128.51141569702855,181.8167934749135,12.547576064727481,5006.841330774424,2.445847258122781,59.58970074806578,1430.615745205856,234.29895621439496,18.151321640706676,8.246801920695697,4959.3791504222645,2.3729808661601206,58.21061232119584,3671.2261091834107,252.44254120601806,55.04846024674422,19.0630341199057,3726.3833874451648,2.473474281997922,81.0581281804858,3628.04953055967,270.5994154462241,54.501623564698,20.434138655212262,3729.0303332610233,2.473474281997922,80.9974783830637,0.0,0.0,nan,nan,6562.8,1.0,13.853480493619768,1744.5618174384376,80.94659999562687,42.292473396701375,5.627980394736829,4861.531285978034,2.4339858184281407,61.04908509773461,1040.7405269534136,71.4704657000344,18.838581821441917,4.582747647852157,4340.037777522127,2.0461668940162,56.39493977230203,0.0,63.69025546227418,nan,nan,4101.73,1.0,22.16567686891332,0.0,0.0,nan,nan,3970.6065318766646,6.6659300293888695,212.57715625494052,125.37850714105375,134.76407510798202,1.6680077647968994,8.1180776280959,3887.274257265664,0.4999617834394905,nan,0.0,0.0,nan,nan,3835.045687320433,3.87250253249638,126.42421948130821,0.0,0.0,nan,nan,4368.001612350566,3.068934070984953,87.1851703207086,1151.1068258140053,88.60418357983772,19.018959172507284,6.704933997940837,3869.108685792011,1.379776449585929,39.12764395625354,0.0,0.0,nan,nan,6583.45,1.0,13.810026928666252,0.0,0.0,nan,nan,6548.05,1.0,13.88468655302385,0.0,0.0,nan,nan,6716.44,1.0,13.536579167464883,0.0,0.0,nan,nan,6730.82,1.0,13.507659064352907,267.1909521730285,863697445917237.1,5.711543670880372,56481646003501.96,4685.23771228424,0.4999617834394905,nan,1316.276129487349,615.04394083477,60.10162449150773,61.082061959088755,5873.600147812093,9.99923566878981,216.12712798001303
4d38m15pt405s16d26m17pt456s,4.6376124999999995,16.438182222222224,0.6570011300261569,32.22293007349565,0,0,0,nan,nan,8.03360962764215,0.003448835214157291,7.196383214793026,0.5238128873516222,57.554084569338436,18.221426361501244,0.5471,macs0018p16,3017.3743193918795,102.78058450532946,34.022561963386934,3.165464674834188,5006.826709573196,2.064314508610841,49.379903980706416,1279.498718198984,126.79327543261635,10.534665570173155,2.8965949415148535,4958.818318568476,1.6530730109084124,38.44656461972383,2457.886804427689,115.65502311380497,20.97633940450358,4.972611632315346,3725.866643898612,1.8125651483793888,57.126553441761814,3122.8173506639064,129.8257152378507,26.7065023569619,5.581883470207343,3728.8441979454083,1.8125651483793888,57.08380987030959,0.0,0.0,nan,nan,6562.8,1.0,13.853480493619768,1372.5752086656419,94.25153248068482,14.563763893841726,2.8682906758214455,4861.399181765668,2.6647053409148254,67.33333219890034,436.26084005117286,44.641803170657,3.5214045027236773,1.2761530891688666,4340.53954084592,0.9276699806167429,17.85514094613129,0.0,0.0,nan,nan,4100.317610791958,9.99923566878981,309.59640827210086,0.0,0.0,nan,nan,3969.4056394959453,4.070742230130151,128.59363344400853,203.11993604442094,241634.11216731303,1.0552284205690445,5682.27584248913,3887.76743172722,0.5242141571583896,nan,295.46323788437877,70.93763934394273,1.5932943727050672,1.7909133728321127,3834.832257259728,1.0279713395335757,24.988404603049748,1336.3327151549365,165.64815620170634,11.651525016764397,5.074596410951722,4357.535732305767,7.876895091130253,228.92341235995713,348.7749413847098,59.08739898676571,1.7747066171278107,1.3763620492161035,3869.8821271007882,1.1526347546506146,30.134303965526083,0.0,0.0,nan,nan,6583.45,1.0,13.810026928666252,0.0,0.0,nan,nan,6548.05,1.0,13.88468655302385,0.0,0.0,nan,nan,6716.44,1.0,13.536579167464883,0.0,0.0,nan,nan,6730.82,1.0,13.507659064352907,79.14945856188481,134.37631893423165,0.741898555480468,3.859442059459341,4681.100088657526,0.4999617834394905,nan,0.0,0.0,nan,nan,5875.62,1.0,15.473706908126772
STACK,0.0,0.0,0.43057288563736124,nan,0,0,0,nan,nan,nan,nan,2.402767483450113,0.17051457730045613,57.9963406693384,15.72102291216772,0.5471,macs0018p16,12005.981959782135,299.223427730484,12.760128481464212,0.8686553075187327,5006.784246162561,2.6691399149743344,65.49333064966825,3583.7728622727063,598.0649052784836,3.410491862451265,1.5792791510252864,4958.655756386019,2.447959266482957,60.222247389933436,0.0,0.0,nan,nan,3726.03,1.0,24.400668213494743,0.0,0.0,nan,nan,3728.82,1.0,24.382410999599827,13788.941070308696,305.31226176308905,26.80626151353868,1.136907651676839,6562.63263727674,2.8625906999475275,53.84482129429853,6488.249457941576,366.8053804799409,7.134199482269171,1.1565486617460226,4861.971752915755,4.411831380134341,114.07494159890763,1335.7480994559498,300.4154739254614,1.1282654917155115,0.8973981034409947,4343.562583920386,1.7253798253532013,46.25508518940462,2024.8809163421943,536.6868302508735,1.2911188013310462,1.366550243651113,4102.747859548178,3.056649144453219,92.35144445881002,0.0,0.0,nan,nan,3974.342098095563,9.99923566878981,319.8627926142355,0.0,0.0,nan,nan,3889.06,1.0,23.37778840736009,0.0,0.0,nan,nan,3835.4,1.0,23.704860453545347,0.0,0.0,nan,nan,4361.726642259308,3.1374264121147015,89.23652493694141,0.0,0.0,nan,nan,3868.75,1.0,23.500516131444996,710.9600136695865,679.702877414394,1.1070768845075882,2.020739967976793,6583.1767315111065,1.297293163638837,21.12146885455035,532.412030443138,60640002.49802072,0.8242152406366011,180194.1188243325,6549.482843914405,0.6496435916215243,nan,3013.104952309285,216.15522230269647,5.598656692326077,0.751237998438671,6716.424675429922,2.5178974439157886,45.84527987941629,1712.9700951295436,274.02944912942405,3.1058288411021344,0.9273783852010743,6730.42610877677,2.590177938316372,47.168931701609914,548.7447826784125,220.70873550748044,0.48877878287724386,0.6012624808157117,4685.904899862759,1.2181636985532707,27.08735994420854,156.43564571974468,39497965642136.41,0.22420781226137,123066937163.6949,5875.943968300724,0.4999617834394905,nan
4d45m34pt185s-40d51m43pt942s,4.759495833333332,-40.862206111111114,0.13366162080822774,4.957741556007506,1,0,0,nan,nan,nan,nan,4.299186986776169,0.16890631356576813,54.03412614579128,15.064799827762464,0.477,macs0018m40,30696.96448800968,513.6831037714696,47.44496685453553,2.1685889699099343,5006.836091832397,2.4315769806204006,59.210906984752725,8721.961047916175,1390.538159100731,9.860945874242665,4.361941991915922,4958.944150836893,2.0848119492220554,50.41619790976076,0.0,0.0,nan,nan,3726.03,1.0,24.400668213494743,0.0,0.0,nan,nan,3728.82,1.0,24.382410999599827,21749.999260703342,130.3717352899103,63.24608704910385,0.7261493671811171,6562.7410321620355,2.4347211521814813,45.236407091066,9168.925579923407,104.27535417492341,16.748681722478615,0.546319507896484,4861.36228708933,2.437869796681661,61.155279159917754,4039.226712054201,146.25060421093477,5.553536178451382,0.7121436376974692,4340.504244803409,1.9708427649815363,54.03775422821353,0.0,0.0,nan,nan,4101.73,1.0,22.16567686891332,0.0,0.0,nan,nan,3970.08,1.0,22.900702702093618,0.0,0.0,nan,nan,3889.06,1.0,23.37778840736009,0.0,0.0,nan,nan,3835.4,1.0,23.704860453545347,0.0,0.0,nan,nan,4365.853540434124,9.959452518480647,289.8791419767487,0.0,0.0,nan,nan,3868.75,1.0,23.500516131444996,1012.503492256804,93519287.1058055,1.8275885923039799,322277.7942768002,6583.343131794523,0.710168810794524,2.3156881499437247,0.0,0.0,nan,nan,6548.267072717783,9.99923566878981,193.93267853817915,3269.8662551928874,194.39561559003687,9.704782709608045,1.0791798669143566,6716.2819169506165,2.520066250030851,45.88807518814559,2142.0817837851973,257.7793654225837,6.1961380619367485,1.3917129371994947,6730.665473702983,2.4893801290506556,45.18553716598487,1000.1154032466517,5763874.75263949,1.4656047000909607,25825.179994877068,4686.7476773410535,0.6796620247958414,nan,1321.394558109979,73.61278107458878,3.2206833802939454,0.3900786951126403,5875.599379820671,3.2601671688676257,68.99223274666095
4d45m51pt195s-40d51m46pt433s,4.764220833333332,-40.862898055555554,0.25769317253228463,16.562687142124116,1,0,0,nan,nan,nan,nan,2.2550758540480236,0.1602942300417509,87.85633783864138,19.293084805538058,0.477,macs0018m40,3118.565264064316,73.55654563310992,13.572469299036023,0.874409696622328,5006.819267456664,1.8813207967773233,44.40216851613478,907.7160571626204,206.15352719956329,3.5268921267107065,2.221684901420119,4959.938277905826,3.1986594255706446,80.128669962448,0.0,0.0,nan,nan,3726.03,1.0,24.400668213494743,0.0,0.0,nan,nan,3728.82,1.0,24.382410999599827,4626.138532427362,98.5756913456155,41.56052550549087,1.6962445225591818,6562.912480688325,2.4875995936821877,46.306378204428164,1785.4305494866044,81.76378238042405,7.729750352848458,1.0152299397926106,4861.506905016551,2.5829903295093084,65.11285260919504,881.300480247384,101.91275025970862,3.2610053338178338,1.3353840032906739,4340.741895708083,2.2878821801265423,63.88782336714409,0.0,0.0,nan,nan,4106.192229436,0.4999617834394905,nan,0.0,0.0,nan,nan,3970.305837493864,5.940751675918899,189.177347541722,0.0,0.0,nan,nan,3889.827047187341,9.48066540065403,309.5067547067868,0.0,0.0,nan,nan,3834.1522851326495,4.862854669917619,159.7337901784689,1334.238181595496,171.61844823295542,5.1629183044803755,2.3287797099972987,4361.727570105671,6.15554108536714,178.4418212991916,1127.2609416175435,29161154.534028053,3.1364269692232036,372154.23882661044,3866.789131415005,0.6025751710980363,nan,138.80312942256023,1.1565880410674127e+33,0.8802320849237902,1.4004543527108528e+31,6582.687496342553,0.4999617834394905,nan,135.6907605055711,299.2794420759125,0.8964589382908708,3.7965041453567534,6547.497722247113,2.2178583437105486,40.916522423427345,1104.5186409364594,99.48284111714533,9.714279128529746,1.6364130795284748,6716.961677549369,3.019436036164244,55.674148934536284,331.92652068788925,140.6809237314747,2.7024910759314076,2.1376298094945376,6731.305786194761,4.226185505549479,78.83207559195313,397.7669827597894,162.53066841177437,1.554635902146379,1.9355828250539988,4695.68,7.305494389889993,197.5773225192928,239.09265628234493,51.208493027704634,1.5769605888374765,0.734303287990255,5875.649289295874,1.2689568543722833,22.933326027721435
4d45m25pt785s-40d51m38pt396s,4.7571625,-40.860665555555556,0.32091403750722036,10.459268844430143,1,0,0,nan,nan,8.05491811836954,0.00017569630053492622,7.704612213309848,0.4290395028806716,80.94624047309357,19.218575819454497,0.477,macs0018m40,2557.121027631842,61.506762872063035,19.840097259034334,1.3034663008438345,5006.856215812743,1.9952093063628513,47.50786269639242,368.83886222774555,117.36161711296023,2.469194082401707,2.1798452783166264,4959.0241571588695,1.6965459863137862,39.67512541313543,2573.6760644631454,142.61073285235628,11.791695705186498,3.291532344157004,3725.9611682645113,2.0413216670540337,65.51837252070919,4120.705124748475,199.26358896721496,18.915853287099587,4.599110704924464,3728.7058237675374,2.0413216670540337,65.46934997219981,3154.9400735207964,81.87841188210446,59.27449165088884,2.9466111936684674,6562.616869842037,2.101754282805026,38.44366441869996,1248.647019826891,59.39247751026565,10.877607560354315,1.4839182585347064,4861.481180632167,1.7993247735994833,43.409244789063195,551.318069962603,823325.3997308195,3.628754176908759,19186.0860426815,4341.186730512575,0.5822310597681709,nan,0.0,0.0,nan,nan,4101.832485829395,4.353818944602258,133.37648286547434,18.319764102409156,185.76924192866917,0.10132074385192143,4.420807360801573,3971.129374194603,0.4999617834394905,nan,0.0,0.0,nan,nan,3891.238006022709,9.99923566878981,326.52642944617054,0.0,0.0,nan,nan,3834.753894798085,5.873128778122705,193.5597401040667,186.8443594503452,6.300125266962345e+70,1.2831003785003166,1.515843561556792e+69,4363.607928922972,0.4999617834394905,nan,1829.9872887315826,139.0381062858851,11.121628847802883,3.8683593301805046,3869.823486477961,3.6042752582317923,116.34861514615572,375.45908788677764,187.65717123218525,4.474486543108466,4.26921725590392,6583.995212643404,1.4502204384279354,24.56096215777465,0.0,0.0,nan,nan,6548.505588772781,7.198134166193051,139.28603713665834,744.5406194405591,95.40505188088987,12.333594530105954,2.9560987042054983,6716.362510791615,2.0638973545101607,36.8023573572788,363.0547579933847,135.1195993956958,6.438539116969841,4.473013250690421,6729.891945830391,3.01683932446935,55.50471206538172,85.50364985212603,64.77629363320445,0.5313655173642857,1.231894410166568,4684.430569150028,0.4999617834394905,nan,371.2014058457532,80.24337015384015,4.650280052894816,2.1854542902244427,5875.820293664304,2.4157259459684126,50.09713195342996
4d45m51pt3s-40d51m43pt7s,4.76425,-40.86213888888889,0.3779437694431633,15.702393364967508,1,0,0,nan,nan,8.057248431182282,0.00015288824457157564,8.816954770064491,0.4192752887353714,73.80105347257597,13.569464929324202,0.477,macs0018m40,3384.4681041329873,92.60913635107605,10.96231818936411,0.8193158925832186,5006.848069401512,3.3510462017445097,83.32810628488522,791.932541142617,139.2519965739345,2.1937053926654193,1.0704277477688133,4958.434999164057,2.3533897811853572,57.68401765380714,4151.754541080223,246.5244285012018,9.839081422796387,2.9426678532600112,3726.175849942849,2.3490387647310498,76.61495256829156,5170.137674789476,308.6922346815131,12.274212892861632,3.684741188007076,3728.7116871903722,2.3490387647310498,76.55762727029767,4119.2364053841175,110.9570431484517,24.99686650130442,1.2897389723111068,6562.596734846349,3.3350957106221397,63.255592313382444,1530.9472729717281,54.154841893843255,4.695864476066251,0.47648695500843513,4860.995784627559,2.518905856592905,63.36758031593659,0.0,0.0,nan,nan,4340.781187377278,8.363906600019066,244.46125282767647,418.0506438681798,57.88007539899671,0.8878761291853989,0.49119517308753746,4101.631320092896,1.012159226241115,22.69112732567988,459.7433704922216,27910317.63393085,1.0024248300468592,262001.9462277005,3970.140708860808,0.5091049653330693,nan,0.0,0.0,nan,nan,3889.4258867953586,4.945914517726714,160.27696418157146,174.44582047951505,1.1449343963916287e+57,0.37462087039190706,1.1499107401899973e+55,3836.4431375998756,0.4999617834394905,nan,0.0,0.0,nan,nan,4363.161700948405,3.642588197863172,104.30279135824212,0.0,0.0,nan,nan,3866.261227768816,3.023131262869926,96.77949712916148,367.7102794571775,260.6481154586889,1.852921572510637,2.50747771671239,6583.576970477506,2.9990326575492565,56.39311576598926,19.915690040392796,3.175436791736761e+17,0.09532601705566925,2917820683876641.0,6548.758725284376,0.4999617834394905,nan,432.0135919311474,62.1339984163605,2.6334066822972435,0.7085013103551909,6715.679285534521,1.3468429659615024,21.810495481401524,650.8215249588162,116.55473469576262,4.146648501750861,1.3861307808815273,6730.318479327731,2.6829171835290397,48.98836822064468,0.0,0.0,nan,nan,4685.519007646545,4.470566440664257,119.96725270266805,369.59295644750773,57.971135915342046,1.6649965466685308,0.567861815223378,5874.97495431801,1.6318663418030404,31.940221106731823
4d46m00pt975s-40d52m15pt046s,4.766937499999999,-40.87084611111111,0.37783915290273096,43.4047624887473,1,0,0,18.22511150929649,0.08470471106155428,8.62837469795239,0.004180047812355862,9.727528494293692,5360.493807727351,107.78046733780914,22.586869313692553,0.477,macs0018m40,3070.501735265598,95.65673922328723,12.360064384740516,1.0517589025207588,5006.821905210438,2.8938057822839585,71.39629177392537,1008.378014823062,10021920.342629794,3.6776243738969816,101426.53704217101,4958.498664228212,0.5762547187955382,nan,13283.388614505473,414.55225771680483,29.55987681337243,4.641252383118961,3727.8124515385057,6.051308747504866,205.37171066832423,824.2121313269207,268.7130113236166,1.841829606686277,3.008462457905103,3733.82,6.051308747504866,205.21804621877595,4090.250957904632,114.71849624371434,34.58295982422062,1.8579307422466949,6562.513335697358,2.98452272326897,56.28104727940547,1869.5890232127824,75.15447817568624,7.762138127787471,0.8950087326343706,4861.13571674723,2.416123165338984,60.56049413803693,507.83005790711064,81.37868813543467,1.561129581209651,0.8861934039650855,4340.019686837021,2.154220084546669,59.75661920050946,61.94531405496189,283.04882433074357,0.12651266482466753,2.3104513306391823,4101.172321861143,0.4999617834394905,nan,0.0,0.0,nan,nan,3973.45375141722,2.066795010965032,62.359683900588806,5.2705901105264195,249.03587139506678,0.008655124773352634,1.85364386678984,3885.6326169451354,0.4999617834394905,nan,0.0,0.0,nan,nan,3835.302250477457,5.72436241715489,188.58528853471378,701.9880028902134,213.9136580774303,2.0765991369369794,2.2230446070043763,4357.833551918279,9.99923566878981,291.0428046557292,1562.9048035687222,99.79863653731013,2.769322826920837,0.8097568642606285,3869.400320298696,1.52887665888983,44.72808305857449,270.7076481446117,7891836.617040201,1.8345941765509508,102093.60287797614,6584.309004315056,0.5774860502249758,nan,18.09202547176698,449.53522147227125,0.10898168555070067,5.199097224024429,6547.913775777462,0.4999617834394905,nan,1146.1136085896803,131.95437270922196,10.55973370130596,2.2739878236199953,6716.473529108153,3.3401091244701386,61.90579801478426,495.81918544525905,112.07441062958956,3.9626349248190866,1.6719280140540012,6730.1426120058595,2.103813365968186,37.5253057763348,0.0,0.0,nan,nan,4684.276962123871,9.99923566878981,271.0131455203778,0.0,0.0,nan,nan,5875.792833564849,5.067298639119224,108.74315866486559
4d45m11pt76s-40d51m34pt377s,4.753266666666666,-40.85954916666667,0.4348181586672504,24.947951661732578,0,0,0,8.514403338256164,0.0,8.07089482933437,0.00012305864502434004,10.489631170624138,0.48815173875863876,73.23487725413865,19.33810829957854,0.477,macs0018m40,4317.006707340033,94.12560112091997,39.329388367667,2.3422215006989715,5006.846897255975,2.804070697709647,69.04239684824678,975.1891018751116,158.49199228191415,6.486513613822176,2.924583759940053,4959.34934889727,1.8461940908690178,43.858279222411014,3835.3972964082536,167.05591589769085,45.916827470253,10.072488425861515,3726.3241753035572,2.3605614659954415,77.02729777494108,6194.96436082893,257.481812856895,74.29638460787952,15.524637759366918,3728.855963404615,2.3605614659954415,76.96966394955071,0.0,0.0,nan,nan,6562.8,1.0,13.853480493619768,1460.7336728256603,58.787627342449795,13.270266439834476,1.5316845367893546,4861.547446153227,2.5430987570171144,64.02686914897131,802.0625860231241,76.9689547584415,5.707776411088808,1.9399666160634905,4340.399101983981,1.8236635163203514,49.392508741855075,174.94043576305788,0.0,0.9871097573740559,0.0,4104.278674729197,0.4999617834394905,nan,0.0,0.0,nan,nan,3967.9104905862337,0.4999617834394905,nan,0.0,0.0,nan,nan,3889.57613286833,4.235284491188493,136.73717895476693,0.0,0.0,nan,nan,3833.9249750158406,4.784705175261753,157.1119853181083,433.3918260699098,11391035.808552947,2.9217001155582905,268533.9756045174,4367.811415792164,0.5439570331411023,nan,2012.3538845353019,350.9641282636307,15.929142114260149,12.733483866651117,3867.9189023697663,9.99923566878981,328.2406140748108,0.0,0.0,nan,nan,6583.45,1.0,13.810026928666252,0.0,0.0,nan,nan,6558.05,9.99923566878981,193.93267853817915,0.0,0.0,nan,nan,6716.44,1.0,13.536579167464883,0.0,0.0,nan,nan,6730.82,1.0,13.507659064352907,263.7077483785069,56.20541252947738,2.3076154058761293,1.5044838650765655,4685.507994911306,2.126463548650411,54.55598315796683,512.1249807161421,63.18075479632717,8.752054585236571,2.346758108977565,5877.050033005109,0.9107586811420195,12.624589190583807
4d45m30pt465s-40d51m24pt25s,4.7584624999999985,-40.85673611111111,0.43670101717402066,16.206735365029783,0,0,0,nan,nan,8.064004728368811,0.00013937204094438104,9.784120326106912,0.4812259217465559,41.881689205740344,7.6563385203961465,0.477,macs0018m40,3341.2742864949296,81.64509836388189,33.69163198578479,2.248672735668145,5006.843430359256,2.450217994532086,59.70567904320222,975.5617548066426,150.42419072750158,8.889086918495995,3.8030461707443495,4958.812210817088,2.251442895580127,54.936608215974104,4325.510155804686,194.87158742984482,58.07887427217417,13.177835455356819,3726.3198823913585,2.161419883462086,69.87067403951346,4544.404622134801,213.3526416540864,61.119581344724956,14.427583018973598,3728.70363323653,2.161419883462086,69.81839498593344,0.0,0.0,nan,nan,6562.8,1.0,13.853480493619768,1347.7707121053008,56.71040752996038,15.107355888913682,1.8233009480111155,4861.228401654373,2.203483223686518,54.71631354056699,851.9877725247644,77.0784495825832,7.860112291988595,2.5190111001875644,4339.997878112289,1.5901789464699978,41.87941329797925,607.8906180134012,4659.11519747472,4.5520689216075825,139.2440855645017,4103.79927568358,0.711400599630149,3.9371766943139055,410.7617187670335,83.71485060807882,2.9914647447666063,2.6242423613850363,3970.513712393017,1.934812820935064,57.84144976251922,416.68719651603743,68.95445990487276,2.8476717799801765,2.1314324056358815,3889.02257161968,1.1235179735893501,28.767974335710193,0.0,0.0,nan,nan,3835.398102456854,3.5584741739715637,115.81010630299289,668.2179745082015,1912966.366283317,6.112679805455919,61403.987669366834,4360.3698326404965,0.5791231674182746,nan,646.5540751345324,91.13166089003956,4.348085788489494,2.809127101439841,3867.8739520431354,2.2467164865990377,70.25331896954694,0.0,0.0,nan,nan,6583.45,1.0,13.810026928666252,0.0,0.0,nan,nan,6548.05,1.0,13.88468655302385,0.0,0.0,nan,nan,6716.44,1.0,13.536579167464883,0.0,0.0,nan,nan,6730.82,1.0,13.507659064352907,0.0,0.0,nan,nan,4687.966977661866,3.7328527598244516,99.62255351368631,305.6799749720562,2326336.875870566,4.350700035245234,71951.86686302259,5877.831349974141,0.5344896364049223,nan
4d45m17pt925s-40d52m02pt348s,4.754979166666666,-40.86731888888889,0.4467027633214524,29.32482148037976,0,1,0,nan,nan,8.090189421702092,0.00012723163093486536,8.239607561412784,0.2833838248347858,76.06588572903495,18.495452788334354,0.477,macs0018m40,5403.114423147418,118.83262512043724,19.47955273459639,1.1701795649165398,5006.873472212441,2.719488229400132,66.81907902428796,1524.4077603452995,222.13585329930893,4.6872626184124915,1.8950461927956208,4959.010439190474,2.3857033122158775,58.552360228136024,5491.649328019218,217.52537414861493,15.29853855757596,3.0519116007222666,3726.319308520647,2.4693639889963563,80.91169201591232,4972.012485829045,220.6076686395267,13.876556501339847,3.0951566260462053,3728.9666636539623,2.4693639889963563,80.85115178583298,0.0,0.0,nan,nan,6562.8,1.0,13.853480493619768,2110.6811055888497,54.046601734096605,8.079301103169701,0.5933957292219432,4861.217128726216,2.370519061583153,59.311579876597875,1150.4567207825603,65.79369867656663,4.046558649060522,0.8193972475119151,4341.014400281321,1.9117695723937953,52.180071657715416,177.85497330353334,0.0,0.4560078086830921,0.0,4100.827639378587,0.4999617834394905,nan,0.0,0.0,nan,nan,3970.3372837138522,5.968909866962167,190.0866116278038,585.5826771155733,14014451.873299977,1.7401439802829424,188196.104961695,3890.467506463342,0.5223596183829163,nan,0.0,0.0,nan,nan,3835.6530849268815,3.6848436200810983,120.08538674806942,0.0,0.0,nan,nan,4365.941770268492,9.802682535974581,285.293370849942,592.6109631107956,98.45143480338344,1.7737166956093278,1.3495763233085833,3869.138990556537,2.8341586916673323,90.37507912119054,0.0,0.0,nan,nan,6583.45,1.0,13.810026928666252,0.0,0.0,nan,nan,6548.05,1.0,13.88468655302385,0.0,0.0,nan,nan,6716.44,1.0,13.536579167464883,0.0,0.0,nan,nan,6730.82,1.0,13.507659064352907,239.23369729413545,2382930.840330053,0.7680113090947394,23395.043750666016,4686.117606060948,0.5299747606105013,nan,922.728221262791,184.59087129139243,4.937156566497402,2.147424415173134,5875.371267966512,9.99923566878981,216.12712798001303
4d45m39pt18s-40d51m33pt895s,4.760883333333332,-40.85941527777778,0.46470272553593994,6.270993110826676,0,1,0,9.450482447880717,0.005839139030715932,8.21508957341206,0.00011916993117979313,11.371761818456463,0.342623251327132,51.61923381719211,11.404047095656406,0.477,macs0018m40,20450.841612881348,308.85692739512467,117.08121641825967,4.829712809911369,5006.8313031565995,1.9486605328027091,46.24178693511374,6377.353442844538,857.1818869463362,19.681012575122573,7.3396931929316285,4958.906436625517,1.8441811731930517,43.80242640476084,3810.228257571104,169.37590560044845,16.070955188139965,3.5981686126429797,3726.239186290982,2.069337763307025,66.53649020910933,5400.453634958943,216.26580229238377,22.82089510447353,4.594282870623642,3728.9173912955616,2.069337763307025,66.48670587849443,0.0,0.0,nan,nan,6562.8,1.0,13.853480493619768,3169.155098708147,45.980781573479995,23.403340907401695,0.973892518060158,4861.379030201129,1.8613230119098956,45.166513460518544,1674.9201544513896,72.66789057495083,8.983362684840188,1.3803525429306334,4340.484183089562,1.7413777642697974,46.76800701410041,0.0,33.97163451212681,nan,nan,4101.73,1.0,22.16567686891332,638.205381229232,106.78534390359634,2.5140756562272233,1.811892165896011,3969.3652823687858,4.036970132066482,127.49413408188582,674.2142266935739,82.22595708595584,2.4063136921588115,1.326193179436132,3890.4454781261234,1.378560347587064,38.87710282837779,0.0,0.0,nan,nan,3833.6491330492313,5.148920299461691,169.32359457164426,539.0762055300531,76.0569638498893,2.646397352324584,1.3087725910581094,4362.633843930037,1.5635808874033745,40.79494792935899,2024.1674835528065,75.18111120025087,7.410083472020364,1.260807051679863,3868.7666483804082,1.6717997825028668,49.959688717087744,0.0,0.0,nan,nan,6583.45,1.0,13.810026928666252,0.0,0.0,nan,nan,6548.05,1.0,13.88468655302385,0.0,0.0,nan,nan,6716.44,1.0,13.536579167464883,0.0,0.0,nan,nan,6730.82,1.0,13.507659064352907,0.0,0.0,nan,nan,4684.244288388963,7.569670395671888,204.7870091111164,287.0978569215555,70.04825404640948,4.771767102717982,2.530993730633556,5876.021629852295,2.279620685330109,47.00739394342499
4d44m59pt43s-40d51m24pt731s,4.749841666666666,-40.85686972222222,0.5169270395281391,39.587095364175575,0,0,0,19.29950598567855,0.07606540873927399,8.824004714754082,0.004181069520784087,7.2450619842071715,18170.787138229967,65.19434616876852,17.860262788312262,0.477,macs0018m40,2539.0435455749084,76.63390646578283,235.6931612068838,19.430181959185134,5006.894362550988,2.3944684247088945,58.22493786644722,872.5802654161547,13667908.23144894,21.21734948475808,922152.429711053,4958.788655758715,0.5004335251423435,nan,731.8824848081089,106.05968978318158,163.7854777282726,119.59242048178876,3725.645714139793,1.2293847392604251,34.53120708569935,1306.1663940697447,155.78424322725175,292.8440750395455,175.66159922358267,3728.2969304386024,1.2293847392604251,34.505369939425435,0.0,0.0,nan,nan,6562.8,1.0,13.853480493619768,752.1913134419202,75.0500085300892,87.53248773562866,25.054959456930423,4860.708179705327,3.1071724712039384,79.27983828060209,331.2913742286764,46.298139669606535,90.99821990192922,45.04628913034247,4340.1402553190355,1.3063502440291348,32.35134741699916,687.9608019877692,104.46667101024683,88.85926269967509,53.86676425109018,4103.315076150446,4.78433673410358,146.89896506363058,0.0,0.0,nan,nan,3971.657087750921,1.3474315813042375,36.920311773485935,0.0,0.0,nan,nan,3887.717605591522,9.99923566878981,326.52642944617054,0.0,0.0,nan,nan,3836.2471346025873,3.792633286504378,123.72772091934074,628.7353704361603,91.72642702750174,1060.322526080803,542.0342810390566,4363.42066414161,5.851775666865182,169.51761912156186,758.8216348365916,77.72205428312412,65.20227763270977,30.572434751205947,3869.859673296272,2.2795202376752854,71.3884708964332,0.0,0.0,nan,nan,6583.45,1.0,13.810026928666252,0.0,0.0,nan,nan,6548.05,1.0,13.88468655302385,0.0,0.0,nan,nan,6716.44,1.0,13.536579167464883,0.0,0.0,nan,nan,6730.82,1.0,13.507659064352907,220.696864861704,52.32213472208341,13.500574858333426,9.783531333697962,4687.395544189966,2.184664065462548,56.227927189677764,56.88557942031646,160.31474949446581,1.5799121523944537,9.682012877202604,5874.7562806348415,0.4999617834394905,nan
4d45m08pt04s-40d52m14pt082s,4.752233333333332,-40.870578333333334,0.5178050446716436,44.663768664596404,0,0,0,10.652241489843496,0.028580981478218033,8.139015973564103,8.53277046380658e-05,8.64991271437203,0.1898746081737927,36.44314553558573,5.525598344204358,0.477,macs0018m40,28148.404390818294,420.91841115841004,99.59688136356313,4.067885925887926,5006.895686878737,2.1482584130153444,51.64306268793839,7009.2900293804005,982.6943428118326,13.86776091376565,5.394320988588715,4958.989517599822,1.4633236063041366,32.99072381257775,12659.205872109476,143.98259047012456,37.65380143836914,2.157411339837752,3725.9708139114423,2.0472342281150966,65.73338996604144,17040.426217888005,175.0843737341588,50.78144536832783,2.6234353201253278,3728.683194376738,2.0472342281150966,65.68420653589322,0.0,0.0,nan,nan,6562.8,1.0,13.853480493619768,7498.032483314453,105.49109629487181,38.25720049463592,1.5438923803951838,4861.147876918117,2.3126955214104568,57.724700279323606,2976.8620827444756,65.85035035965994,10.161524836532653,0.7961477317478615,4340.323363820805,1.8319136282198736,49.65446514723228,1297.9985230990385,71.17100203967375,3.6718974368062303,0.8044171607729464,4101.799091000729,1.4447805670944718,39.22848273802645,1191.2580660920994,58.108532715601065,3.027091672494887,0.6358035112963529,3969.907766207319,1.5958420913440798,45.98862867609087,765.8082472547429,1214978.9227076946,1.662604192014585,11934.578770578039,3888.5063636437326,0.554315598639874,nan,209.37483496510475,3159.4796956169007,0.46089435488841113,32.55008375264411,3835.3498037842205,0.4999617834394905,nan,235.037623181636,133.754061564846,0.7259246765075317,1.4477930023028636,4363.006945555489,2.602168809276978,73.12755050686873,3345.7860193043653,70.58610074045806,7.778831520849385,0.7518755576616513,3868.5945540890725,1.9399693249961543,59.53840878983065,0.0,0.0,nan,nan,6583.45,1.0,13.810026928666252,0.0,0.0,nan,nan,6548.05,1.0,13.88468655302385,0.0,0.0,nan,nan,6716.44,1.0,13.536579167464883,0.0,0.0,nan,nan,6730.82,1.0,13.507659064352907,0.0,0.0,nan,nan,4689.398507167646,0.4999617834394905,nan,443.03581262127256,105.28155056143927,3.51835495056613,1.8180883607322278,5874.75114562767,2.2385125240657278,46.07056829359212
STACK,0.0,0.0,0.38960986382655205,nan,0,0,0,7.622136325914575,0.005645371314786751,nan,nan,3.745742203178537,0.22330958974373818,45.45403702070791,8.295742966372707,0.477,macs0018m40,29657.71926191296,985.5419965041344,11.03251613474018,1.0013882196482127,5006.812763871489,2.4105085093642047,58.65129182680087,8946.908574093995,1494.3170684120041,3.0235932368044014,1.4011128309608472,4959.031406776829,1.8081923402089897,42.80206707278435,0.0,0.0,nan,nan,3726.03,1.0,24.400668213494743,0.0,0.0,nan,nan,3728.82,1.0,24.382410999599827,21742.309411376635,282.34173711394516,15.913170402434352,0.3958166760491127,6562.743034131188,2.460486584214326,45.75801169884476,10306.269289768019,386.1913391865773,4.24406205139563,0.45612312480962974,4861.385587553229,2.5559975917143216,64.37816852971527,8292.107169574567,572.3981615678605,3.015252194460378,0.7370879602228195,4340.681969780572,2.50761450998954,70.62707407045758,0.0,0.0,nan,nan,4101.73,1.0,22.16567686891332,0.0,0.0,nan,nan,3970.08,1.0,22.900702702093618,0.0,0.0,nan,nan,3889.06,1.0,23.37778840736009,0.0,0.0,nan,nan,3835.4,1.0,23.704860453545347,3409.597072920828,760.0068299089455,1.2255351015812617,0.9570929184597937,4363.660913170073,3.7257998813921813,106.77580396613169,0.0,0.0,nan,nan,3868.75,1.0,23.500516131444996,627.9847312788206,8.689898284375922e+20,0.39546665543538745,1.0448051841129006e+18,6583.160371529469,0.4999617834394905,nan,0.0,0.0,nan,nan,6548.58620050585,8.057178405149282,156.05896934047453,2137.073198667466,1999.8790743789182,1.2595350335088218,2.204912159965105,6715.58927787336,3.117898727953453,57.59106304400581,0.0,0.0,nan,nan,6731.077963986805,0.4999617834394905,nan,699.8657994467382,466.4424127098997,0.27970568181904276,0.5704495383190905,4684.526367969301,1.8867170996583602,47.603449048438044,797.9773112447804,323.4962783355281,0.4280636490328081,0.37730311124299504,5875.385104166106,2.3650244486949648,48.94818101934539
4d47m23pt715s-20d26m37pt477s,4.7899208333333325,-20.44374361111111,0.14184951458797346,26.23130331035466,0,0,0,nan,nan,nan,nan,1.2888020273762286,2874.685637727077,32.23276226432469,5.008728773934613,0.277,s26,2416.9349041587534,95.45854577802277,7.279295807196273,0.7852850563281178,5006.829985242159,2.5466545856067753,62.26014720711716,692.0162167986678,6934546.146686348,1.8089738712619514,50296.23173724438,4958.882705891726,0.7097854666126453,3.0153937958561086,0.0,0.0,nan,nan,3726.03,1.0,24.400668213494743,0.0,0.0,nan,nan,3728.82,1.0,24.382410999599827,6251.016079676783,130.0750661863618,27.124094026285217,1.0811414925656315,6562.513561784961,2.489245290261263,46.339646052030446,2412.279818714044,118.88760453428661,6.575813310521523,0.9296280815695634,4861.045500507369,2.550466559770481,64.22754877722679,170.54345994752117,113.03896512038283,0.39236622444056757,0.9209388673815739,4340.761837178107,0.4999617834394905,nan,0.0,0.0,nan,nan,4101.73,1.0,22.16567686891332,0.0,0.0,nan,nan,3970.08,1.0,22.900702702093618,0.0,0.0,nan,nan,3889.06,1.0,23.37778840736009,0.0,0.0,nan,nan,3835.4,1.0,23.704860453545347,0.0,0.0,nan,nan,4363.918876390221,2.782690131751047,78.58263915245706,0.0,0.0,nan,nan,3868.75,1.0,23.500516131444996,908.3997238432673,409.3560543195267,3.3103190382401477,2.848260117403179,6582.785759568543,2.160646189556376,39.52883598651979,44.453807336325895,480.32217167606444,0.15234947614627098,3.16050225781565,6548.00588009051,0.4999617834394905,nan,1291.1104648760283,142.5875602321398,6.734451500810116,1.3911469489760295,6716.266596213303,2.201680430519748,39.56738879843269,801.0905915090947,139.5502312020466,4.14582711925592,1.3479287987541095,6730.814196151976,1.8974759817777633,33.358320600326465,283.0202654968128,78.05335484265574,0.691460117701277,0.5830459483487536,4686.750576471111,1.9303293510699964,48.87717661142592,69.63384630622114,8.065909944366843e+17,0.26127993507801023,6579947513802148.0,5875.600478979967,0.4999617834394905,nan
4d47m02pt7s-20d26m48pt328s,4.784083333333332,-20.446757777777776,0.2660190867075356,20.422617642207744,0,1,0,8.518824466164736,0.03863665205876124,nan,nan,3.508649602475788,0.3192335413204321,66.32120268027543,18.93912108544029,0.277,s26,1905.3879684749245,90.24269946394313,9.879982122172482,1.2781242437420937,5006.828917184515,2.1226599718591834,50.95409637450849,818.4859423274105,122.07161842969228,3.8411845807764964,1.5891478561132268,4959.617638109685,2.005323514787818,48.24423643575657,0.0,0.0,nan,nan,3726.03,1.0,24.400668213494743,0.0,0.0,nan,nan,3728.82,1.0,24.382410999599827,2412.494269354042,131.32619658651956,23.587266991794912,2.4593090142459966,6562.996646460342,2.4337491834855793,45.216720576315026,776.3311300394042,55.8320919942426,3.2350954469927817,0.6673206850868066,4861.3112426370735,1.4036686451849656,31.862558260199123,0.0,0.0,nan,nan,4343.968238581063,2.082048571510876,57.51368941784178,99.90300761631993,253368679532191.25,0.3041033648509421,3082922354646.7227,4100.930730306568,0.4999617834394905,nan,0.0,0.0,nan,nan,3976.965532137798,9.203424201201921,294.2749767567222,0.0,0.0,nan,nan,3889.8769131851905,0.4999617834394905,nan,0.0,0.0,nan,nan,3835.371960997077,5.1734075116099945,170.1439901489127,88.317844856016,98.22728094280927,0.3186363659517045,1.2416687276053227,4363.597048323818,0.4999617834394905,nan,976.4616752438768,127.77825944509186,3.7179802224584124,2.234776409783368,3864.5481392464303,3.4182816340652162,110.1025961578161,330.1228785092007,185.45776886302332,2.7354736491995943,2.9340203244686665,6583.1409267812805,1.9848761147909888,35.91717667762374,136.47645194288492,146.9288070552711,1.0623259512171914,2.1963834240772004,6546.431906501302,0.4999617834394905,nan,405.99881358852826,140.38162587814662,3.4320739014154342,2.220070979435589,6715.1595693739,2.496519567199543,45.42328080970032,663.7683735326672,122.24259491713987,6.23258701201895,2.142253864174425,6730.972396305111,3.0619555969366776,56.38163937564081,541.5837851607532,22286612.455100816,2.4350287255462018,307054.77613427676,4680.9317813467815,0.5800158389420266,nan,42.130576561508406,109.02292240445612,0.31318187453049473,1.7633556836426667,5871.930044927685,0.4999617834394905,nan
4d46m27pt795s-20d26m26pt867s,4.774387499999999,-20.440796388888888,0.5131634280887227,31.408211814114154,0,0,0,7.512808003325428,0.01520972549369268,7.37929480082174,0.001543656605194571,4.262589669045099,0.22854564145606804,62.30094456875291,17.073643442533655,0.277,s26,2946.777774659059,196.57352088428638,7.797828770856812,1.42081273657005,5006.8484307602475,2.3693718521090927,57.55731973255288,1169.8693157079338,198.00465254509444,3.266967002488548,1.534343425278053,4958.615861342214,3.126911331348872,78.2398316404463,4276.6468409536965,253.11640525868063,11.479901324025718,3.423212719018511,3725.7789627443026,2.1685364012251775,70.12763167833114,7130.186119079796,373.81294348244364,19.176393913494216,5.05554439015945,3728.5209226738143,2.1685364012251775,70.07516036236993,0.0,0.0,nan,nan,6562.8,1.0,13.853480493619768,3641.79554113123,150.41808930378312,10.820367613112792,1.2819999811857297,4860.975378800625,3.6368637374555965,93.46255790459016,1561.7430764053622,92.90694488631351,4.002631121710846,0.8431340062987523,4340.926982793529,2.210266863214551,61.49226281038663,489.5562054235089,2435362.7120930688,1.257594993084446,24990.248891336352,4102.193912056528,0.542926623111574,nan,834.7076919423007,23856013.313909683,2.037081908999298,250917.3477751289,3968.3706952548905,0.511057833765812,nan,0.0,0.0,nan,nan,3890.5429544946996,9.99923566878981,326.52642944617054,902.2166619141917,988967.2081058073,2.2360064515665203,11470.75910590684,3835.39094767459,0.567196268744542,nan,640.1743191517065,141.20906696055746,1.641093477329893,1.2712499384827494,4358.59458980019,3.80383726475612,109.09319960798683,1929.0266210628486,118.84868623492675,5.3620701710066445,1.5123196770984841,3869.8878633773516,1.9059007577054192,58.334708582862284,0.0,0.0,nan,nan,6583.45,1.0,13.810026928666252,0.0,0.0,nan,nan,6548.05,1.0,13.88468655302385,0.0,0.0,nan,nan,6716.44,1.0,13.536579167464883,0.0,0.0,nan,nan,6730.82,1.0,13.507659064352907,0.0,0.0,nan,nan,4684.963304359602,1.5204499507074491,36.672194039667396,0.0,0.0,nan,nan,5875.619111799516,4.268845143668069,91.24327422506067
4d46m49pt32s-20d26m10pt793s,4.780366666666666,-20.43633138888889,0.5147200693323397,20.01326461025499,0,0,1,7.565452770155201,0.006401480975777518,7.699545236712884,0.004854434903728284,5.472281593831261,0.4639341605498021,60.894696183385186,15.832329285585935,0.277,s26,2303.536839928291,127.01640437050973,15.04711134363313,2.2662430546718824,5006.825747143068,3.096200107197672,76.68940281568311,325.8764552184283,113.99612095444901,1.6308825746384465,1.5828418367060337,4959.047037538595,2.3844366812293227,58.51834397241857,4156.171053796461,159.04483484850283,25.936436808076365,5.0006329244231935,3725.74705984059,2.45207012198692,80.29533394490824,4571.512682205406,176.64885813570035,28.583795001919093,5.554132562032463,3728.527758032855,2.45207012198692,80.23525488995084,0.0,0.0,nan,nan,6562.8,1.0,13.853480493619768,2075.3860773449783,167.62641089075552,12.64846267261116,2.9300990633651947,4861.374429053631,4.892525922686943,126.8089063290875,680.8011709716197,72.89683898444821,3.1582381041204273,1.1974748750305375,4340.825394203381,2.760082055809844,78.30918053891227,303.9859391596177,89.36422173253798,1.0667612883305213,1.2533469277716611,4101.240281795995,0.4999617834394905,nan,0.0,0.0,nan,nan,3971.409630033573,0.4999617834394905,nan,1142.2320129722123,71.57935889131868,4.018179891312706,1.1398947853236878,3887.6504287775715,1.4418851649043518,41.265277527961956,0.0,0.0,nan,nan,3838.523274210517,9.025283980901389,298.67783119052336,299.89676155008544,67.42833434843669,1.425892464193896,1.1252772579268597,4359.742201700588,2.36380315509494,65.87767513642297,0.0,0.0,nan,nan,3868.5271536887594,1.8036742555714798,54.70180795817126,0.0,0.0,nan,nan,6583.45,1.0,13.810026928666252,0.0,0.0,nan,nan,6548.05,1.0,13.88468655302385,0.0,0.0,nan,nan,6716.44,1.0,13.536579167464883,0.0,0.0,nan,nan,6730.82,1.0,13.507659064352907,161.16348274455746,59.82099429917831,0.8349904085382678,0.9483774644469234,4684.645739576427,2.532700196040129,66.13308478976577,43.244362685651,232.27604303439156,0.39238290150896094,4.5843726733744585,5873.312786913629,0.4999617834394905,nan
4d46m46pt155s-20d26m28pt315s,4.779487499999999,-20.441198611111112,0.514903449999977,13.019807424077172,0,0,1,8.923993335606621,0.04426589111786466,8.089047984625973,0.0011131809749302056,8.890917115661022,1.299383765121911,53.81821998811254,15.794472776273656,0.277,s26,2028.7457715186556,88.73814022706354,15.893427386769883,1.8988480705544788,5006.816758490584,1.4026797654331027,30.907548346669383,743.9881417568713,123.50387028584632,5.927836454253248,2.73037209458121,4958.8153951153345,1.8960115804046043,45.2374126697816,1734.2076479805282,118.76593285822155,8.671926167145564,2.991508232403721,3726.0919842120375,2.302028416804464,74.9305876745596,2250.2412191522917,144.84721689560564,11.274248646122153,3.648450623473344,3728.87664826857,2.302028416804464,74.87452266213958,0.0,0.0,nan,nan,6562.8,1.0,13.853480493619768,760.0096472056655,107.7073067028056,6.705775621864734,2.7257488612035425,4861.310110138307,1.5346118264620574,35.76442024921334,322.86147885232083,52.00029015955477,2.954422991260492,1.6853234929964314,4340.393743237829,1.2775451226609567,31.34609040691032,0.0,0.0,nan,nan,4099.817999596064,1.5855241813104468,44.15592963499142,0.0,0.0,nan,nan,3971.92060933878,7.328689375667813,233.93752057394232,0.0,0.0,nan,nan,3889.185816728104,7.03216213080292,229.05766249672095,486.11457701327345,7227681.678499635,2.582588648183075,179741.91616413047,3835.0863869319423,0.5221083400744344,nan,45.12636897978758,107.90774899972324,0.3431416276599051,2.880293148746477,4359.548895201557,0.4999617834394905,nan,0.0,46.07380532895571,nan,nan,3868.75,1.0,23.500516131444996,0.0,0.0,nan,nan,6583.45,1.0,13.810026928666252,0.0,0.0,nan,nan,6548.05,1.0,13.88468655302385,0.0,0.0,nan,nan,6716.44,1.0,13.536579167464883,0.0,0.0,nan,nan,6730.82,1.0,13.507659064352907,80.609115435097,0.0,0.6651388757708414,0.0,4687.029330454707,0.4999617834394905,nan,0.0,0.0,nan,nan,5875.700990313327,3.5958820074815803,76.42331673252463
4d46m35pt34s-20d26m04pt362s,4.776483333333333,-20.434545,0.5281643173109969,33.71796440119023,0,0,0,nan,nan,9.127627555086473,0.001353397172330448,5.649086981654453,0.3040330069783813,49.040615570484825,12.796590573888835,0.277,s26,6228.778788338162,125.74057611634852,7201.58220092841,397.0880821684763,5006.842189217474,1.8072016208162445,42.36500403453211,1913.2298940587884,246.26683275814784,29.77024844148575,10.632162576843369,4958.889660661423,1.5720692222085526,36.13790830715717,519.5547382476107,69.42891045430139,22.599612508345185,15.20375418087949,3726.8932408166543,0.9954335156241744,24.18170367425463,521.4307065079821,69.7206795456017,22.71120063428617,15.267646664755185,3728.786784119692,0.9954335156241744,24.163610295316744,0.0,0.0,nan,nan,6562.8,1.0,13.853480493619768,1625.5713811762039,70.3909631358336,247.05141729491632,30.685373691529936,4861.162027163471,1.6873355679506419,40.206567772518945,1186.2795129807391,60.96288182123639,67.97075441688965,12.372664824461868,4340.189391045485,2.2252592261387814,61.95569453224651,1127.4781742047917,81.19902310173615,55.61721932378189,16.0051961222481,4101.599353639016,2.1803722502368017,64.09227488591068,830.3427744131969,92.13688363399275,31.659980376495415,15.150220424473192,3967.308699595025,3.9858701770270155,125.82995670165415,427.4246098731448,74.02053223218758,19.04970377828731,14.921993225840247,3888.9617475478212,1.3788182059213396,38.886900787548896,694.061953781374,139.9206999519526,57.83763132659434,54.44424289518709,3838.9150334058504,4.28535248329457,140.33505824676124,0.0,0.0,nan,nan,4363.049483884991,8.36525768922594,243.22618033428677,1223.5324748510563,72.16292468550883,298.2415453135625,80.57299462042481,3868.913872946064,1.486808807703605,43.16505773951698,0.0,0.0,nan,nan,6583.45,1.0,13.810026928666252,0.0,0.0,nan,nan,6548.05,1.0,13.88468655302385,0.0,0.0,nan,nan,6716.44,1.0,13.536579167464883,0.0,0.0,nan,nan,6730.82,1.0,13.507659064352907,199.38732010984143,402653.52930431534,24.837529080147302,153352.24988095494,4686.833442078697,0.55872631211567,nan,161.9035505527503,88.63560717550705,11.919697696431601,14.191124821993519,5874.341997108787,1.4564558026551497,27.67396189086416
4d47m28pt35s-20d26m36pt271s,4.791208333333333,-20.44340861111111,0.8005609710519437,30.268186539002446,0,0,0,nan,nan,8.07792400241369,0.000359179484424951,7.875977260827015,0.5808893002187949,45.59075814747345,12.557088226231656,0.277,s26,3213.2172611282526,98.68714659185572,53.81839011621399,4.514734668497662,5006.880411745445,2.259110815102833,54.61580917264694,988.0318312569797,138.96052991729658,10.804691434001905,4.216443140245079,4958.799516916525,1.800400393060729,42.58502438789255,2752.1214769887533,102.11001518120203,102.31764363465739,19.120418330889475,3726.216327601656,2.2945739518305226,74.66318042531286,4515.539850735093,153.9809005594209,168.1888773906479,28.833403152849893,3728.8711278749183,2.2945739518305226,74.60731549394406,0.0,0.0,nan,nan,6562.8,1.0,13.853480493619768,1456.1888690502374,102.54886301855029,45.19619084242775,9.128589767068307,4861.455583624998,2.725081665702375,68.97069656758042,754.9216226656026,108.49947526763458,10.61292584905211,5.3998389229163815,4341.381462276958,2.8946364653372867,82.38269669681495,183.96410593493044,63.25337346498587,1.8801946093188104,2.5822591773253074,4102.288219315949,1.6598643828045647,46.713711145524385,0.0,0.0,nan,nan,3966.3999143743386,7.826162158635467,249.9587620752039,0.0,0.0,nan,nan,3887.055557144776,0.4999617834394905,nan,24.970277226355517,100.6874167641596,0.4211013262523984,7.942629844330072,3836.180841353472,0.4999617834394905,nan,1317.890520965432,83.35402642369556,27.43311451705241,6.084379068286416,4361.770582635302,1.7441873861364752,46.61367388801916,324.36611879092226,52.06119411473523,5.278955841618138,3.8735676882112364,3871.964840831521,0.8248593641740588,14.358787477303721,0.0,0.0,nan,nan,6583.45,1.0,13.810026928666252,0.0,0.0,nan,nan,6548.05,1.0,13.88468655302385,0.0,0.0,nan,nan,6716.44,1.0,13.536579167464883,0.0,0.0,nan,nan,6730.82,1.0,13.507659064352907,179.95041724224092,73.41939125378993,2.973735771755766,3.7113695117851107,4685.477777928906,1.2061820825815865,26.688608356498154,0.0,0.0,nan,nan,5875.62,1.0,15.473706908126772
STACK,0.0,0.0,0.46848297672564126,nan,0,0,0,nan,nan,nan,nan,2.4759615268893036,0.48760713731182054,54.94284583653585,15.29611635280864,0.277,s26,3906.852016754665,392.05006793497256,3.790421525249564,1.0389283654050783,5006.862642291022,4.57982084374109,115.08393280284164,0.0,0.0,nan,nan,4958.675868325222,5.265901026084869,133.99173828371724,0.0,0.0,nan,nan,3726.03,1.0,24.400668213494743,0.0,0.0,nan,nan,3728.82,1.0,24.382410999599827,6765.0188196895115,291.3424226232117,7.947401892831322,0.6556132715853058,6562.455972398881,2.6121965496700086,48.820039314188705,1577.9130549185363,267.38053585021765,1.4218823602508333,0.6910537461877273,4861.371615814898,1.4445729354661614,33.092677669500674,1211.3084195745198,9465851.66222092,0.9847497372827801,27270.75675622971,4339.190141150768,0.685698460964052,nan,0.0,0.0,nan,nan,4101.73,1.0,22.16567686891332,0.0,0.0,nan,nan,3970.08,1.0,22.900702702093618,0.0,0.0,nan,nan,3889.06,1.0,23.37778840736009,0.0,0.0,nan,nan,3835.4,1.0,23.704860453545347,5151.2743741544255,585.4603533860594,4.3649837308041874,1.7355463335604884,4366.865233861231,7.8964668076118985,229.4967404335479,0.0,0.0,nan,nan,3868.75,1.0,23.500516131444996,360.74727550735014,18838.609227720794,0.394209980879852,39.30630606665336,6582.7382277615925,0.4999617834394905,nan,0.0,0.0,nan,nan,6547.573761122512,0.4999617834394905,nan,1320.5340239644079,530.8438023366454,1.5243462649191575,1.1462358064179776,6715.949965420903,1.5674635067680622,26.583955380287772,1390.7261934722562,43362551.14189944,1.6354549701498016,95168.1548753732,6731.230234587664,0.6956720759855072,nan,1466.0301126078007,51404644.84525492,1.2770794556899403,136931.16078598658,4686.371004197052,0.6596064883378798,nan,4834.946000517566,306.38386934669154,5.117534444890832,0.7045413134581846,5878.97849551327,5.929713675674701,127.58382572403772
4d54m58pt005s3d36m09pt248s,4.916112499999999,3.602568888888889,0.7169738631598275,21.816413968382165,0,0,0,9.481795995263413,0.022511928766016404,8.12956284748738,0.00025057287169533404,9.17204953812344,0.7107452980557575,38.39434364968721,7.717398459276441,0.266,rxj0019p03,4588.24617996031,97.26257079202527,299.13910280532735,17.320562307783604,5006.818133684623,1.9722558324722284,46.88409181821965,1466.6195873069507,196.7318064401981,25.69594181796447,9.563658170056273,4958.875602886764,1.7721754924146005,41.79740689144885,2358.964117121054,48.10342228655559,71.30122698808121,7.325822861139951,3725.693477770708,1.7823147548634617,56.00436089256024,3350.5721641636524,58.77516630153453,101.4948229057863,8.95105662948696,3728.8246731062377,1.7823147548634617,55.96245697472826,0.0,0.0,nan,nan,6562.8,1.0,13.853480493619768,1282.6361218017269,96.11281185175623,94.59896697198216,20.328689586698015,4861.742920135288,1.7474217322649974,41.929827150952065,738.8311815034565,72.19424678618448,49.70217163626895,17.198208920976004,4340.740242822663,2.318821926992605,64.84037347280739,123.65319400985798,41.65728934133187,3.0649124523703284,4.125683376532466,4101.670979484744,0.4999617834394905,nan,302.8077064369142,287688.3619486206,11.56213255994696,47285.55267004064,3970.406159034333,0.500185642257797,nan,144.74361466996382,93.43596205770864,5.031366582859987,14.701650388280225,3887.784579995215,0.4999617834394905,nan,0.0,0.0,nan,nan,3834.05416608832,4.07887005372478,133.38305817413942,108.04088549904274,47.42329644778943,4.198474332906621,6.459940505868389,4362.568700211887,1.2997036119491654,31.952733025078984,885.062271749403,41.536167009732196,37.68706331708414,8.104160296745547,3868.4034881220773,1.6493741644789792,49.1458794851255,0.0,0.0,nan,nan,6583.45,1.0,13.810026928666252,0.0,0.0,nan,nan,6548.05,1.0,13.88468655302385,0.0,0.0,nan,nan,6716.44,1.0,13.536579167464883,0.0,0.0,nan,nan,6730.82,1.0,13.507659064352907,0.0,0.0,nan,nan,4684.469606172487,3.210538757857313,85.131858694055,0.0,0.0,nan,nan,5875.62,1.0,15.473706908126772
STACK,0.0,0.0,0.7169738631598275,nan,0,0,0,9.460147159422846,0.022111569768376495,8.129510442317782,0.00024835716592141544,9.17204953812344,0.7107452980557575,38.39434364968721,7.717398459276441,0.266,rxj0019p03,4588.24617996031,97.26257079202527,299.13910280532735,17.320562307783604,5006.818133684623,1.9722558324722284,46.88409181821965,1466.6195873069507,196.7318064401981,25.69594181796447,9.563658170056273,4958.875602886764,1.7721754924146005,41.79740689144885,2358.964117121054,48.10342228655559,71.30122698808121,7.325822861139951,3725.693477770708,1.7823147548634617,56.00436089256024,3350.5721641636524,58.77516630153453,101.4948229057863,8.95105662948696,3728.8246731062377,1.7823147548634617,55.96245697472826,0.0,0.0,nan,nan,6562.8,1.0,13.853480493619768,1282.6361218017269,96.11281185175623,94.59896697198216,20.328689586698015,4861.742920135288,1.7474217322649974,41.929827150952065,738.8311815034565,72.19424678618448,49.70217163626895,17.198208920976004,4340.740242822663,2.318821926992605,64.84037347280739,123.65319400985798,41.65728934133187,3.0649124523703284,4.125683376532466,4101.670979484744,0.4999617834394905,nan,302.8077064369142,287688.3619486206,11.56213255994696,47285.55267004064,3970.406159034333,0.500185642257797,nan,144.74361466996382,93.43596205770864,5.031366582859987,14.701650388280225,3887.784579995215,0.4999617834394905,nan,0.0,0.0,nan,nan,3834.05416608832,4.07887005372478,133.38305817413942,108.04088549904274,47.42329644778943,4.198474332906621,6.459940505868389,4362.568700211887,1.2997036119491654,31.952733025078984,885.062271749403,41.536167009732196,37.68706331708414,8.104160296745547,3868.4034881220773,1.6493741644789792,49.1458794851255,0.0,0.0,nan,nan,6583.45,1.0,13.810026928666252,0.0,0.0,nan,nan,6548.05,1.0,13.88468655302385,0.0,0.0,nan,nan,6716.44,1.0,13.536579167464883,0.0,0.0,nan,nan,6730.82,1.0,13.507659064352907,0.0,0.0,nan,nan,4684.469606172487,3.210538757857313,85.131858694055,0.0,0.0,nan,nan,5875.62,1.0,15.473706908126772
6d23m40pt83s-12d22m45pt62s,6.394674999999999,-12.37933888888889,0.4839823680283768,40.1436163309741,1,0,0,nan,nan,8.016514661688229,0.0001407326695507801,7.73410863968336,0.42683000187059095,82.66514843401704,18.90844800531714,0.5847,macs0025m12,2431.078705008758,101.3035410289963,4.06001643223268,0.4621013385306524,5006.860461149154,2.9532487651601116,72.95305104312135,607.3941641501908,100.76764179934233,0.9858974933780377,0.4537718465774814,4959.202961240059,1.3901410689135147,30.83425701392164,4648.185398592537,176.37011470565093,7.825413093832286,1.4955752257927102,3726.1724368270097,2.3866067676855054,77.95863081170278,6342.967268085499,245.87105618709535,10.696655428390622,2.0849261281402653,3728.586254682182,2.3866067676855054,77.90030013873796,0.0,0.0,nan,nan,6562.8,1.0,13.853480493619768,1813.9938536487082,90.27826813617219,3.080511776699856,0.4397955779899144,4860.849497996708,2.422125372209013,60.72470696305938,348.4341956022678,91.6274386606432,0.47625781563312064,0.4438735079349624,4338.964642507101,1.8648261635194618,50.69752367350267,0.0,0.0,nan,nan,4099.8450224456765,9.99923566878981,309.59640827210086,186.20665704455942,0.0,0.25774091585628445,0.0,3969.935347329169,0.4999617834394905,nan,0.0,0.0,nan,nan,3889.0609131580723,4.179542402691301,134.8866442428517,0.0,0.0,nan,nan,3836.526539994451,6.31768151991334,208.41438906894876,738.701938831608,115.66886463833312,1.0034739240600665,0.550802664647567,4362.522462510385,2.9397373304398275,83.30871366010406,2398.77500787063,216.80888469711604,3.4737902666715756,1.439531532524187,3867.433745325309,6.025905615932107,196.95382960038302,0.0,0.0,nan,nan,6583.45,1.0,13.810026928666252,0.0,0.0,nan,nan,6548.05,1.0,13.88468655302385,0.0,0.0,nan,nan,6716.44,1.0,13.536579167464883,0.0,0.0,nan,nan,6730.82,1.0,13.507659064352907,745.5464189047473,86.14724189277253,1.122277584321701,0.39659467472402554,4686.0412251064145,2.4698711585008697,64.35495400476586,1093.379292147444,395.8773980697235,2.8447715564429106,2.237605616007908,5879.250916329601,9.99923566878981,216.12712798001303
6d22m50pt385s-12d23m03pt222s,6.3806625,-12.384228333333333,0.48444356498732444,28.621476802728512,1,0,0,nan,nan,8.018018405268265,0.00017867337715389166,7.037151805122057,0.3594708913965766,73.82464192328985,19.779715514524277,0.5847,macs0025m12,2670.773345240865,94.6220849125686,9.873290449091545,0.9554541722136431,5006.798889010665,3.1123031991535415,77.10968498141891,947.162028663744,140.50071023635417,3.0287567565478644,1.2465007141918991,4959.07374873951,2.9719717423141585,74.15285566610284,4620.242808337105,206.269913647508,11.913143327601942,2.6793530917560826,3725.931639011967,2.605599878015779,85.7546407125226,8202.043847991716,333.68404038505446,21.193007234909025,4.334405097988261,3728.930219169217,2.605599878015779,85.69047686240702,0.0,0.0,nan,nan,6562.8,1.0,13.853480493619768,2336.2039764819715,102.73496984633306,9.065369867764845,1.143385215384848,4861.384377302042,2.655202684154035,67.0753810332315,0.0,0.0,nan,nan,4342.719125844985,0.4999617834394905,nan,460.4325677991173,66.16354496517746,1.1614309254391706,0.6668245850776408,4101.78391364007,1.1328182710104135,27.64447874623944,91.19925884360667,1.070207505586801e+17,0.21953372617861158,1109496618361571.9,3969.5781945388007,0.4999617834394905,nan,0.0,0.0,nan,nan,3889.3024179300974,5.253807237824158,170.45236910094343,0.0,0.0,nan,nan,3835.134695180114,4.27165465800383,139.87416991503943,0.0,0.0,nan,nan,4364.074350701305,4.524672430321488,130.43180939608362,3282.3987997121135,456.60960030967374,7.968363516848712,5.109554475225779,3858.9940114999335,9.99923566878981,328.2406140748108,0.0,0.0,nan,nan,6583.45,1.0,13.810026928666252,0.0,0.0,nan,nan,6548.05,1.0,13.88468655302385,0.0,0.0,nan,nan,6716.44,1.0,13.536579167464883,0.0,0.0,nan,nan,6730.82,1.0,13.507659064352907,81.72532297993236,73.06887970212608,0.24323344186745394,0.6650429133575791,4686.217010086677,0.4999617834394905,nan,153.07262635489118,642597.1292557805,0.6740565171992048,6153.327361117905,5874.636880890262,0.5377866385690515,nan
6d22m52pt2s-12d23m00pt972s,6.381166666666666,-12.383603333333333,0.5919474098504891,28.236771720596586,0,1,0,nan,nan,8.06260444737782,0.00017360180542854543,7.071340233879204,0.2069171117410667,60.06544091626332,13.195850825284872,0.5847,macs0025m12,6208.085710089302,127.48724027421092,52.251022451957276,2.930835819731789,5006.832998575401,2.235343013643815,53.97981646789456,1925.3481247454404,257.979336907387,13.476327192455583,5.009969906893901,4958.976311688289,1.9404615102066178,46.46311470639333,7436.105312209657,198.66040325477212,25.558030826202593,3.4398604539240427,3725.881684925193,2.180284803592277,70.55161969242658,9559.993854911178,234.35827892391288,32.922855586011195,4.057979156954637,3728.712058072851,2.180284803592277,70.49883113761786,0.0,0.0,nan,nan,6562.8,1.0,13.853480493619768,3553.715727261788,85.26173326761126,31.0004629909128,2.1333567623607976,4861.22383651429,2.2633928048219802,56.36850819141194,1773.5713444925861,67.21935262017092,10.277377107968247,1.3795959744695758,4340.379514977392,1.6941843613135186,45.252177205383575,0.0,0.0,nan,nan,4100.06131125998,4.383956169384514,134.32412982751285,0.0,0.0,nan,nan,3970.2387783307922,4.8267759364055065,153.1458012686275,340.45627205334927,604807.2347251395,1.2706262031531037,10210.290040929098,3888.8928285268203,0.5002738212711539,nan,312.40943232647516,0.0,1.266277986031134,0.0,3836.569430403057,0.4999617834394905,nan,0.0,0.0,nan,nan,4363.95940348114,7.1943904103473955,208.92256994403232,895.1195061138161,113.42333574506408,3.533281910118758,2.0516595401714044,3868.249120311847,2.8680980673629475,91.52719751027576,0.0,0.0,nan,nan,6583.45,1.0,13.810026928666252,0.0,0.0,nan,nan,6548.05,1.0,13.88468655302385,0.0,0.0,nan,nan,6716.44,1.0,13.536579167464883,0.0,0.0,nan,nan,6730.82,1.0,13.507659064352907,451.77650351843187,87.87840199770172,3.751909822927592,2.2340169202252045,4683.670732689749,3.0820755773608135,81.5517383340359,0.0,0.0,nan,nan,5865.62,0.4999617834394905,nan
6d23m36pt795s-12d22m50pt684s,6.393554166666666,-12.380745555555556,0.5944524612248088,33.66887402383172,0,1,0,nan,nan,nan,nan,nan,nan,47.810635598317106,10.035433174177824,0.5847,macs0025m12,3276.758571798366,105.61796061033598,121.55241309900835,10.701386782032337,5006.865344221473,1.8320209398968041,43.04871005337065,923.7928391381253,174.7836856837928,26.02098097215145,13.660972949339614,4958.672278917214,1.9995333124245236,48.08557421246023,1057.9613464484637,129.9148552631308,7.669716705738237,4.7423384883901525,3726.6182113155173,1.535142461558876,46.68200693440733,1925.6650644711879,198.29176355453907,13.983555101034028,7.238330522947686,3729.018314865858,1.535142461558876,46.64707824400474,0.0,0.0,nan,nan,6562.8,1.0,13.853480493619768,0.0,0.0,nan,nan,4863.12075756976,4.925695938037527,127.68654195915002,699.3214967240149,94.20143154601969,11.207893458662939,5.348143384081773,4340.014064342059,2.355892904780543,65.98001475290175,7.360831128356761,177.33300203333084,0.10093557724758696,9.721209002248568,4100.734759025728,0.4999617834394905,nan,651.2932802584812,106.51201157230743,12.5133415295318,8.800650435480243,3972.0240370405622,2.4976549758080995,76.8834197329108,321.43768825335746,2.082213305255917e+22,4.927311478316405,1.4463354915943932e+21,3886.0728075793186,0.4999617834394905,nan,0.0,0.0,nan,nan,3834.5088123107607,3.3042711460779643,107.19071145382904,0.0,0.0,nan,nan,4358.893386654937,2.8484231709021266,80.56278665967541,0.0,49.10940934424603,nan,nan,3868.75,1.0,23.500516131444996,0.0,0.0,nan,nan,6583.45,1.0,13.810026928666252,0.0,0.0,nan,nan,6548.05,1.0,13.88468655302385,0.0,0.0,nan,nan,6716.44,1.0,13.536579167464883,0.0,0.0,nan,nan,6730.82,1.0,13.507659064352907,465.65904486187327,127.89615276569388,16.622491156954073,13.969250456597196,4684.796708167048,5.859712985942427,158.0685771186157,0.0,0.0,nan,nan,5875.62,1.0,15.473706908126772
6d22m50pt715s-12d23m04pt187s,6.380754166666666,-12.384496388888888,0.7467484723953484,27.881226764854965,1,0,0,nan,nan,8.514359582587032,0.004305402786457144,7.824652975042888,721.6285721602064,74.03509986718788,20.314798430465764,0.5847,macs0025m12,4183.8264004668945,143.91995778658423,22.0284230463685,2.069810452259894,5006.746638558425,2.53852090071639,62.04501637847867,1512.6285700761073,1024084.450198454,7.898587708872274,14837.123844354723,4958.914534394131,0.5000008721368615,nan,2042.8403052993435,142.9782177435698,9.510548738558452,3.3526300650000582,3726.221338836399,1.969017636792152,62.88197627716817,3364.9070471608643,202.38514113294917,15.696000690879364,4.745635521129027,3729.0086376108798,1.969017636792152,62.83492634882266,0.0,0.0,nan,nan,6562.8,1.0,13.853480493619768,1419.1303254496531,129.35342562932658,9.606460668191087,2.511645970110292,4861.121409432265,3.246208995451,83.01277671783322,341.1275752932436,80.17036139709685,2.140892186502953,1.7825578984932333,4339.751978881662,1.4189052962203033,36.20085562518674,338.7615668948046,268768.32739861985,1.842872443875442,5846.953425391162,4100.154598960864,0.503152658194916,nan,411.2154639115072,362510.6404295276,2.4420257674399513,9265.666559570329,3970.639782036502,0.49999394570071193,nan,361.01941168935537,96.0111308435321,1.6909578348359895,2.0347532772218737,3888.4384725124683,3.113057127076324,99.29760946138454,0.0,0.0,nan,nan,3834.2468192775177,6.708871012453624,221.4750317656854,0.0,0.0,nan,nan,4361.255122346132,6.078124928635736,176.16802706855609,2271.041899999227,174.10262820999682,10.996944674563762,3.854613265185902,3871.8041325925115,9.99923566878981,328.2406140748108,0.0,0.0,nan,nan,6583.45,1.0,13.810026928666252,0.0,0.0,nan,nan,6548.05,1.0,13.88468655302385,0.0,0.0,nan,nan,6716.44,1.0,13.536579167464883,0.0,0.0,nan,nan,6730.82,1.0,13.507659064352907,626.4854867832682,90.83987950244418,4.266970927598018,1.8931357851506323,4684.742846543278,4.341261541828552,116.40882477620114,0.0,0.0,nan,nan,5875.62,1.0,15.473706908126772
6d23m02pt565s-12d23m18pt413s,6.3840458333333325,-12.388448055555555,0.8036702568970742,13.102172963331746,0,0,0,nan,nan,8.111630335398797,9.675668058445516e-05,12.61921820281252,0.5201049426873399,38.39049480613019,5.795427712058035,0.5847,macs0025m12,11859.049101279701,164.29153247722226,90.21782902587782,3.413856766955543,5006.833508823097,2.4239206866335126,59.00759385080735,2379.75799386972,488.57818952376994,11.29662302939151,6.434590303140592,4959.093994858259,2.523819857559971,62.25197087985685,6564.705353917323,88.8971503834139,35.759544991472445,2.4390668503863915,3726.1734799703795,1.9316690916923873,61.51475421213404,10098.754630293119,118.64430214697893,55.11580040335438,3.2552380262564062,3728.9170022136536,1.9316690916923873,61.46872727485848,0.0,0.0,nan,nan,6562.8,1.0,13.853480493619768,2448.825797502455,91.54320796817369,23.022907280302945,2.4682716635859108,4861.614997374424,2.680835791670464,67.77104024130432,1443.5442164491421,98.78819626667634,10.037726320171831,2.4327501611948334,4340.560007251819,1.7614535813381254,47.41039231309785,482.2947492788749,72.62845522048434,1.999901522237686,1.2032585115104968,4101.8238433402175,1.5681620854207883,43.5545329143986,292.1048127634712,48.16475665710911,1.3022454948095248,0.9246035955769695,3969.873689464995,0.818537689124114,13.60519392844726,557.7623923030286,69.93958192635966,1.987775459292935,1.127529737303235,3888.8108641080944,1.7687117975234776,53.17210252719533,146.32340913853812,71.76774333903347,0.5382134496191104,1.2359364868000684,3834.7581818991894,1.629363393239044,48.83865769248976,0.0,0.0,nan,nan,4365.103314746193,2.8920399623034276,81.87506852065476,1965.2358048671394,80.9640728315155,7.6621751007395025,1.445682615212525,3869.203070341011,2.74953997758223,87.49859929133153,0.0,0.0,nan,nan,6583.45,1.0,13.810026928666252,0.0,0.0,nan,nan,6548.05,1.0,13.88468655302385,0.0,0.0,nan,nan,6716.44,1.0,13.536579167464883,0.0,0.0,nan,nan,6730.82,1.0,13.507659064352907,479.163321777957,76.3405072967232,3.4040051976321095,1.6589358187782555,4685.513751911732,1.4391804081452548,34.16561816690343,0.0,0.0,nan,nan,5875.62,1.0,15.473706908126772
STACK,0.0,0.0,0.6175407555639035,nan,0,0,0,7.669003178353417,0.008545409230460667,8.003825382970712,0.000840877792072235,6.891616020471225,0.49282380662271347,86.77546887161763,22.239620121332283,0.5847,macs0025m12,4876.831827801008,257.2169034075041,3.737814570895765,0.5383291039323612,5007.68335853894,3.345055694084375,83.17234166959882,2287.9605122261537,362.2335821740205,1.6960189523415607,0.7446565870234173,4960.386038068021,3.4742072851623393,87.36414126216197,11573.596646624266,664.7252247848195,7.8225662560922755,2.2621259607193465,3726.718765129244,2.8615893257134553,94.80366908244567,17240.35770291426,1011.9206239725846,11.675232135343384,3.4436663877419624,3729.485774178216,2.8615893257134553,94.73273451420692,0.0,0.0,nan,nan,6562.8,1.0,13.853480493619768,5220.654572554899,323.04453033728896,4.163368531885278,0.7386831022034526,4862.200331269011,3.361321975368814,86.09745147844288,0.0,0.0,nan,nan,4343.133155091933,0.4999617834394905,nan,0.0,0.0,nan,nan,4101.160991479078,0.4999617834394905,nan,0.0,0.0,nan,nan,3970.611292510473,5.824479442964651,185.4221155966274,0.0,0.0,nan,nan,3889.814475018374,9.99923566878981,326.52642944617054,0.0,0.0,nan,nan,3835.8225342414366,4.894110057802169,160.7821121209525,816.0440213964686,269.78831554037595,0.4802997720679343,0.5563536530565923,4363.585745184913,2.003318395185312,54.768484695397625,7354.019674784641,908.1932529630053,4.402189465496837,2.5000890867143597,3862.707560067639,9.99923566878981,328.2406140748108,0.0,0.0,nan,nan,6583.45,1.0,13.810026928666252,0.0,0.0,nan,nan,6548.05,1.0,13.88468655302385,0.0,0.0,nan,nan,6716.44,1.0,13.536579167464883,0.0,0.0,nan,nan,6730.82,1.0,13.507659064352907,785.8700381288966,192.86340426373843,0.518423984271191,0.3890762824487354,4686.217048214699,1.3702195260919199,32.00420852506209,644.7679960424966,478.33581863956255,0.6576407348110805,1.060544530334082,5876.386301375245,2.245378854642653,46.22717388773014
6d51m50pt4s26d06m42pt363s,6.863999999999999,26.111767500000003,0.21937983084223722,48.03043628690804,1,0,0,nan,nan,nan,nan,3.2694048050108915,0.1733128267236618,34.61225588667781,4.82157451100491,0.365,macs0027p26a,11877.637302102674,188.0408231106041,10.460341873150224,0.45232837859710845,5006.845888884622,2.462959234608994,60.04366566881221,2703.7768117825376,551.5351704788463,2.121613812814262,1.2007638431358012,4958.96949760688,2.3502825292484477,57.60045808274101,0.0,0.0,nan,nan,3726.03,1.0,24.400668213494743,0.0,0.0,nan,nan,3728.82,1.0,24.382410999599827,15696.884541741605,175.33790377427482,24.34953323858315,0.5209790777832719,6562.752676081728,2.728551761326438,51.15901941814798,4459.959834749382,155.3394715174431,3.9596995846263567,0.3955812061742064,4861.2324097528335,2.2276311285768307,55.38285036051839,302.77554140332995,1029.7208340684622,0.2052376766510288,2.472402951164849,4340.185691022766,0.4999617834394905,nan,0.0,0.0,nan,nan,4101.915164285612,2.0350250046616045,59.30908997095855,0.0,0.0,nan,nan,3969.568858281944,0.4999617834394905,nan,0.0,24.256040319731422,nan,nan,3889.06,1.0,23.37778840736009,0.0,0.0,nan,nan,3835.4,1.0,23.704860453545347,1319.0773552139945,5814020.913788721,0.8811777537694094,13621.73490104018,4361.42916224537,0.6669274002136364,nan,0.0,0.0,nan,nan,3858.75,0.4999617834394905,nan,1077.3989790350815,793.2986891392339,1.382655790624488,1.9435864313475106,6583.600583203124,1.566946159760001,27.109786903361357,0.0,0.0,nan,nan,6548.0169043506285,0.4999617834394905,nan,3063.7572931840373,208.8730274789497,4.629229698973701,0.5903096601433068,6716.410562314313,2.571649378962881,46.90503495184713,2701.956101220162,238.0417656999876,4.0712930637073335,0.6694588938131689,6730.662389496469,2.6872183461462558,49.0726366257776,0.0,0.0,nan,nan,4681.607595202367,1.3021750652637818,29.833400708441552,301.9264991693762,61.35180541262406,0.381205190849154,0.1683951331933943,5876.020031281015,1.2148737221003993,21.514423422239105
6d51m50pt85s26d06m52pt972s,6.864125,26.114714444444445,0.3397488459051534,37.44881163678763,0,1,0,nan,nan,8.113076459483597,0.00041468880549921195,7.807720067170501,0.3416654936633868,67.42276445987271,13.228081793679484,0.365,macs0027p26a,6994.3578596329035,124.26024818479645,48.01624005228421,2.3300160247931543,5006.842198908091,2.0164766805069108,48.0849137768615,2354.5407644500024,354.8957868859457,12.218394948252527,5.109573488647765,4959.060087171113,2.433221684816117,59.827295563297156,4496.100609813642,209.96724256976447,22.130570238881106,5.206034319012912,3726.0423658925547,1.7758772470769681,55.76510798597086,6105.891341339469,255.409098357739,30.105725559334775,6.332742741986207,3728.494716052683,1.7758772470769681,55.72338308337945,5531.755229608842,105.7764356032168,133.8541808561399,4.902603174910115,6562.730546168742,2.560485112502309,47.778005911480435,2555.2773925802608,91.6010876756478,21.618213031393157,2.2226938074540863,4861.399130198657,2.2551099550914695,56.1403672117523,796.1002320957223,111.68152109839545,5.771225042639333,2.86786815971008,4340.116246150514,1.8739152666637429,50.98503465627809,333.337132399652,1217.2630265927114,2.380816104050517,34.79448219090094,4098.744763615391,0.4999617834394905,nan,1898.956989361432,204.39280936912232,13.567457472417756,6.300062174779336,3966.673392820193,4.504610978491214,142.69638985558265,0.0,0.0,nan,nan,3888.925212307033,4.267695343270196,137.81284332999584,0.0,0.0,nan,nan,3835.2493544645154,6.3616512125751274,209.88287380277805,0.0,0.0,nan,nan,4363.842108653174,0.9022727797390989,16.61092478464797,1914.16394071299,128.31846610987108,11.268098480166072,3.458980965666725,3869.4056354372124,2.063524798846816,63.87861864848516,0.0,0.0,nan,nan,6583.159323420631,0.4999617834394905,nan,160.33095680281767,440.04393272213713,1.748469846485306,9.21578947941482,6546.5092720620705,0.4999617834394905,nan,635.7487836304306,88.16159394678054,12.050727569458552,3.1258866027366614,6716.059310308289,1.8930669519588021,33.339809389227995,723.8532481478052,116.83281276488563,15.487856899885237,4.665710908571666,6730.731530473535,3.1995916043434827,59.05260960706963,982.2929128019399,196.00864083087694,10.057537599941067,6.142976816169393,4683.805756019034,5.950686202096949,160.557875762775,0.0,44.678930916392225,nan,nan,5875.62,1.0,15.473706908126772
6d51m17pt91s26d07m08pt163s,6.854975,26.118934166666666,0.4010518031575405,38.1252075806048,0,1,0,nan,nan,8.058585333334484,0.00010543319111038838,9.535852242656697,0.2768012691768769,78.02248840324525,17.56589452958005,0.365,macs0027p26a,8954.013222877302,150.6797825106245,27.059226952799165,1.2437716229328148,5006.83069133175,2.5993176944841103,63.651719600109104,2302.8119737314037,368.719736744302,5.753108627249051,2.5560218881929155,4958.724926146703,2.1853351811981776,53.14802395543918,10605.783035043201,303.68738736703165,38.269384458422316,5.519083663618006,3726.264568466768,2.43684180267974,79.75227338228018,14180.005644759129,397.88689407694284,51.26182953257044,7.231024890782667,3728.9336518164123,2.43684180267974,79.69260065934463,9960.557051639917,132.8393977178728,48.505107720168915,1.2390607646294611,6562.831159803345,3.0856551509898953,58.297263269995035,3779.6950874701824,86.81771818695076,11.928151928201368,0.7858372716140449,4861.329247709655,2.406088976710079,60.285887726792076,1356.4611384595091,96.54141108340347,3.6953751060659954,0.9315451353465266,4340.305283318324,1.9726509228865252,54.09448474634808,455.3076456525735,49944.11698818383,1.0066820205828084,441.1675962174478,4101.926171481852,0.6860686615585855,nan,0.0,0.0,nan,nan,3970.346013581312,4.6229230897097064,146.5357910521326,698.5394088200488,923962.5235930445,1.2962138113977029,7752.5482043375105,3889.483474336942,0.5776831288557307,nan,0.0,0.0,nan,nan,3832.4758195981412,4.30051139246064,140.845060352828,0.0,0.0,nan,nan,4359.622429284694,1.9814736476089216,54.087694438722444,5111.770107396656,390.0861241679037,11.00020106695875,3.839336591839683,3871.3022664990726,9.99923566878981,328.2406140748108,650.9491249705,685.6717196150493,2.1319433157033134,4.28719299732353,6583.621163467298,3.6302367773334545,68.8837238357498,0.0,0.0,nan,nan,6550.027568892968,9.99923566878981,193.93267853817915,0.0,0.0,nan,nan,6716.44,1.0,13.536579167464883,0.0,0.0,nan,nan,6730.82,1.0,13.507659064352907,137.30790437127263,54.80775057337887,0.3672577303505659,0.448564063487202,4684.679666473189,1.7337247185066365,43.09516324688744,543.8296288753661,75.49405442293236,2.4369933634204597,0.7354301163247787,5876.100492951544,1.5861499699688795,30.84006255022325
6d51m29pt46s26d06m44pt452s,6.858183333333333,26.112347777777778,0.7041310756022197,49.863585430650204,0,0,0,9.629535252919293,0.008425200430756005,8.134216987353337,8.442624656292479e-05,8.202650013668526,0.16547126484469307,36.12506505928153,5.741213881078316,0.365,macs0027p26a,24785.196365947795,329.8751409820183,92.03566997047699,3.3458063096701247,5006.835056750545,2.105088882311085,50.48059648115331,7214.214997225007,938.2255917205594,16.134949051712088,5.822133937599916,4958.917342088457,1.9289478963633961,46.14604415477811,12275.188382576118,160.60092515892066,34.53234892471046,2.275711061765038,3726.1339105292136,1.9043919809691094,60.51370363624129,16378.109339352708,190.65116160887627,46.16175711507142,2.7015221548838895,3728.841223422539,1.9043919809691094,60.46842571101424,0.0,0.0,nan,nan,6562.8,1.0,13.853480493619768,7394.282211728245,81.4009300108121,37.15925737123862,1.1733497873057954,4861.2021153055875,2.3865272466322454,59.750234519139795,3302.5049528917884,70.60000927097458,12.44563917777632,0.9422675849025208,4340.517936592971,1.9071238965934545,52.03361263425171,1509.7508738056415,57.86354422116705,3.9529653402895506,0.6053582436762095,4101.681315575221,1.5244751891362212,42.03378401482726,0.0,52.41646195851435,nan,nan,3970.08,1.0,22.900702702093618,759.2018476541874,81.4810077021108,1.6743838907017905,0.8129745406753384,3888.6785931773516,1.3043032754898414,36.026952561877636,653.7113030127517,82.47750090976258,1.4956208000108204,0.883256019912972,3835.1508706223763,1.2652586453144319,34.985314262215105,439.45502623234665,87.93453174568717,1.465256165340851,1.0275650070162128,4362.980037306243,1.0907049749653313,24.405817177586556,3703.8054466293975,94.12373732754791,9.162706379602172,1.066695029168178,3868.758389244215,2.9006631332992767,92.6318510435589,0.0,0.0,nan,nan,6583.45,1.0,13.810026928666252,0.0,0.0,nan,nan,6548.05,1.0,13.88468655302385,0.0,0.0,nan,nan,6716.44,1.0,13.536579167464883,0.0,0.0,nan,nan,6730.82,1.0,13.507659064352907,904.6678223904497,106.54171688531368,4.038065265906212,1.4520508250218813,4690.254632025376,3.464283015574377,92.18318823092025,0.0,0.0,nan,nan,5875.62,1.0,15.473706908126772
6d51m52pt995s26d07m16pt522s,6.864720833333332,26.121256111111112,0.8129630864732706,14.440787059984471,0,0,0,10.809841433017377,0.0015880602565482137,8.194523437001699,9.599161389775492e-05,9.811681878072822,0.36622774214209863,26.776386539875116,3.7953714653356987,0.365,macs0027p26a,14818.507766106472,211.680134663724,211.1591676241696,8.23893772577622,5006.847493012381,1.7732734297459518,41.42767119627472,4789.1107292784045,549.4900291557638,30.702924094344148,9.773773226044403,4959.048127744638,1.6214573643511387,37.54868492336883,3608.9468303954254,106.1653569969766,84.5119493235624,12.523753043560022,3725.9924779267003,1.8032607192616532,56.78174719154031,4982.371923093704,127.79479079041771,116.90160704570387,15.075260380447725,3728.7856787606165,1.8032607192616532,56.73926161308268,0.0,0.0,nan,nan,6562.8,1.0,13.853480493619768,2874.0166669990676,87.28840434065374,67.6690241339628,5.894690595229108,4861.355848092021,1.7607660897803048,42.310957780489424,1304.698017602293,70.18524158754903,80.371521247277,15.314000293007295,4340.248452360426,1.4628188725727165,37.67454452288199,633.0427938821277,39.277901120980225,12.519767303745983,3.104044381665982,4101.56804127749,1.0287422750294621,23.3985429408353,530.5179698491087,49.38266230044317,8.742818857447082,3.504479583208528,3969.7741531535626,0.9754651216182366,21.785359218475733,784.2444704525672,58.62745824959738,12.723696558337728,4.302798098450654,3888.806488075024,1.3723900317920543,38.64245554555348,377.2632471757889,64.20987826301597,6.919615687119352,5.511714498101694,3835.3933217015096,1.1904951525855783,31.963730400062907,115.43028500713511,0.0,2.425199975089812,0.0,4360.232352074139,0.4999617834394905,nan,1645.1238809620977,48.23485129431868,26.758402261972854,3.593840466219458,3868.864642474864,1.3093370760255796,36.41224980980734,0.0,0.0,nan,nan,6583.45,1.0,13.810026928666252,0.0,0.0,nan,nan,6548.05,1.0,13.88468655302385,0.0,0.0,nan,nan,6716.44,1.0,13.536579167464883,0.0,0.0,nan,nan,6730.82,1.0,13.507659064352907,359.9938598536599,489.06055678906074,14.62787677139011,60.817874416784136,4684.228575519238,0.4999617834394905,nan,0.0,0.0,nan,nan,5875.62,1.0,15.473706908126772
STACK,0.0,0.0,0.49545492839608424,nan,0,0,0,7.867315304443778,0.009652449666104646,nan,nan,3.699000046199628,0.2673175168301333,66.06250304444006,18.14484713021056,0.365,macs0027p26a,12532.994085654665,325.26017756112185,6.975057163883279,0.49444741253212754,5006.77174496779,2.488393472580461,60.71790235984494,2424.5977179813167,594.5852714540921,1.23949169776026,0.8433599806696898,4958.927683270488,2.1086791983742517,51.066238858879416,0.0,0.0,nan,nan,3726.03,1.0,24.400668213494743,0.0,0.0,nan,nan,3728.82,1.0,24.382410999599827,15526.001373478102,309.4789906715119,14.51651335937467,0.5542454867303945,6562.7382374999615,2.783577461482101,52.26264325250163,4043.685216766485,227.654532091671,2.269892504462433,0.36651381640293595,4861.472835750199,1.6339417459781311,38.664533613878035,996.1565414031331,256.8564679696981,0.41897786769679146,0.3826487151643253,4340.270066533706,1.5139344890391238,39.3735278579914,686.8489935335945,inf,0.23830178358566706,inf,4101.529937458425,0.4999617834394905,nan,0.0,0.0,nan,nan,3970.3538913885377,5.526767875629824,175.80177903436353,0.0,83.18532352153046,nan,nan,3889.06,1.0,23.37778840736009,0.0,0.0,nan,nan,3835.4,1.0,23.704860453545347,955.6469489096334,254.71617529625482,0.3953567379477223,0.3693132301544407,4363.00021688568,1.1926384413592759,28.174410639124858,0.0,0.0,nan,nan,3858.75,9.99923566878981,328.2406140748108,719.2353577282886,1793.6659482057464,0.6013160052867328,2.862877944364388,6583.601598223936,0.4999617834394905,nan,0.0,0.0,nan,nan,6550.079183002374,9.99923566878981,193.93267853817915,2980.4112485651776,271.7980847059545,2.7093275648958115,0.4621554170762878,6716.208415565328,2.3086590949243764,41.7006034390234,3265.3314358424323,349.66203239998714,2.9877200909458623,0.5971517877731044,6730.555260140927,3.5669367061733372,66.15492102289157,988.2778188686015,290.33798100765335,0.472956294990947,0.4245078612810824,4688.680953489814,2.3620397704082814,61.293789479261605,587.2663237798686,129.0868085266654,0.4307246939737174,0.20582166207344252,5876.02079461997,1.2309099977305877,21.93818759961102
6d56m36pt285s26d16m00pt993s,6.943412499999999,26.2669425,0.3049626065288087,51.14114865523023,1,0,0,10.890674750820118,0.08449990343743284,7.6504168365582625,0.004512472230817896,3.722845439549491,1652.6261217832873,76.51400562127124,14.174785702265957,0.36,macs0027p26b,2069.0446292165084,72.73644114000555,535.1995146259098,51.39012843528021,5006.874895351774,2.086699506207897,49.98451891282635,880.6045751452965,110.25273950328092,54.49461418089109,18.927080955820713,4959.437208419726,2.1032966634751022,50.91972259397597,0.0,0.0,nan,nan,3725.210484295076,3.383245084626229,113.09659422185632,715.3272604700933,1626937.1983808442,48.200438447199524,550959.5878588749,3729.3292803581417,0.6429183740955289,nan,2277.3297404880677,94.05688646196141,167.441320359281,13.246615654104351,6562.603659088695,2.3410730837488347,43.33623716697498,984.4557138733658,76.21757623600946,55.06103444379983,12.228143049881787,4861.003750629314,2.0238201491464993,49.72921266595199,1163.5896542938306,139.96334547378976,249.890517407844,106.43461252581172,4340.896563378067,6.368074340156515,185.6502523001767,498.7285395506326,71167.4851948559,38.974189392742325,22219.35563057869,4101.904686580958,0.7321030335961229,6.6551228808137965,353.2869734171169,81.8175803790942,93.84565155024502,93.62496300777791,3969.1488353738855,2.004030488009848,60.216205524047226,1615.3066938306279,158.87949309715725,67.3712669989836,29.89844974076067,3892.9650227969355,6.290958393266119,204.65851772462148,2030.5014460593236,125.31061380481192,82.18045604041174,23.732510197136804,3835.595273393976,3.361103268170399,109.12021065961865,0.0,32.38927741561002,nan,nan,4363.21,1.0,20.83732430562082,625.5607955580258,85.26493666429324,64.99759757074801,40.61429418780312,3867.613093745447,1.5180104624667972,44.32548915282282,0.0,0.0,nan,nan,6584.062605018343,5.373293398068974,103.02273907507825,0.0,0.0,nan,nan,6545.806104104089,4.1428097687397685,79.38824661333149,503.1157164867573,81.34837077313185,30.01295140273866,9.076241466235256,6716.821636884123,1.525321201235645,25.688082839991573,706.8571251338412,667.4876782136046,29.41044302063115,51.9121647972276,6720.82,9.99923566878981,188.66659273341497,0.0,0.0,nan,nan,4687.097884101928,4.416185550125753,118.47103743303045,50.21165408853511,3981.213916785503,2.046402191448098,352.84369776471084,5874.5511558253875,0.4999617834394905,nan
6d55m56pt13s26d16m02pt84s,6.9322583333333325,26.267455555555554,0.415384105695892,44.87459104946611,0,0,0,nan,nan,7.343418094997981,0.003335254242993098,7.548453658269763,55545.36437843676,93.89505336725693,20.467401736682042,0.36,macs0027p26b,3782.9383181498583,76.28958906107468,4625.551435938433,254.79281302541358,5006.8332713089385,1.8146606791316995,42.57065200278879,1223.0045842062354,195.36863987214824,79.09562632400247,35.05747734575253,4958.882421797869,2.192517464378878,53.34263418190699,1227.1793485340668,39624464.494940124,33.90321244574849,5512038.631670745,3726.6451789925723,5.0704335967015695,171.58650113988406,1390.934151690999,39715251.39475427,38.420485992425505,5524667.7209317265,3726.3928689976656,5.0704335967015695,171.45811566185608,2242.4175903216938,127.15412283899713,157.78111580783192,17.13654139945346,6562.941848258058,2.026696478677173,36.89589046886203,1010.0156598601582,67.65767710018497,44.64294525640411,8.577815366094546,4861.150972888081,1.5493328954331425,36.197094833926684,771.5850475783254,76.80716067535722,71.40573154279029,25.181813380428434,4339.829572013143,2.907327154126908,82.7662615439285,0.0,0.0,nan,nan,4103.487030496721,6.6927588164228435,206.59156160413707,546.4459418880153,42464.33947572014,86.90997832012997,29064.484395972282,3970.8704862472755,0.678066009032115,nan,0.0,0.0,nan,nan,3890.6078109696705,6.5400843878104125,212.86277073951595,1254.075931057996,142.3595851849256,137215.65119209737,72925.80826220229,3834.7987141767194,4.399617354457556,144.17817176319468,0.0,0.0,nan,nan,4364.99650292639,9.99923566878981,291.0428046557292,0.0,47.579381977418066,nan,nan,3868.75,1.0,23.500516131444996,295.38528076490235,188.1417422076456,24.870940033462,30.24305775684542,6583.490170814673,1.6172574969469227,28.19306030733532,0.0,0.0,nan,nan,6548.562402309784,8.355520057959566,161.88068734429663,0.0,0.0,nan,nan,6716.44,1.0,13.536579167464883,0.0,0.0,nan,nan,6730.82,1.0,13.507659064352907,55.44308248288055,2522192124370.4575,6.9174645816970965,962568545694.5841,4685.597487892417,0.4999617834394905,nan,0.0,0.0,nan,nan,5875.627615300879,0.6077020586732135,nan
6d55m57pt39s26d16m08pt949s,6.932608333333333,26.2691525,0.46490969376313274,38.695775662881864,0,0,0,nan,nan,8.032427493689529,0.0001111685329580142,7.0157985828259015,0.15275096082809106,86.13327602296421,22.02246740713834,0.36,macs0027p26b,5185.203190436989,126.61680970187003,16.899179232151702,1.1271413284967855,5006.836609546656,2.6724976784866095,65.58180201930118,1273.7700240566835,209.93239415657752,3.6092151115477638,1.6504530776370876,4958.878558831375,2.042118873343641,49.25103747795466,6685.313189033099,171.8820385571984,15.805316636572488,2.047078631895075,3725.9642978192655,2.545464867885307,83.61957939602794,12645.467346121653,301.62098103310706,29.9537964461436,3.5922419258405096,3728.7206060817934,2.545464867885307,83.55701305425899,0.0,0.0,nan,nan,6562.8,1.0,13.853480493619768,3675.9541262743232,52.306116250925704,12.021542629299132,0.4906354587582717,4861.273299137922,2.2396476916288557,55.714238074446044,2590.9345658142543,107.2241559591416,6.838374351491707,1.0021173113248876,4340.843251012866,2.758060717094589,78.24788712799284,67.25829307127347,85.10231920746301,0.15812280976060109,0.7997862964732446,4100.859260628377,0.4999617834394905,nan,182.37821502572473,128.54020861254338,0.3936464563909272,1.1943502294818327,3970.312191647169,0.4999617834394905,nan,653.1876722985206,85.71892451033442,1.3386581419238084,0.7948625869515478,3888.4543479193308,2.362654652059499,73.8700470129502,0.0,0.0,nan,nan,3834.5708432203282,9.99923566878981,331.09476865566154,0.0,0.0,nan,nan,4359.780122931238,8.10789239648848,235.68947869064903,430.0138281646626,146.1923817377408,0.8738989821360162,1.3603810551960387,3869.5165262743712,6.067235971814372,198.32310697635862,0.0,0.0,nan,nan,6583.45,1.0,13.810026928666252,0.0,0.0,nan,nan,6548.05,1.0,13.88468655302385,0.0,0.0,nan,nan,6716.44,1.0,13.536579167464883,0.0,0.0,nan,nan,6730.82,1.0,13.507659064352907,1477.635017908738,229.66719070041432,4.433010746865832,2.1064401019994783,4687.008847337402,9.99923566878981,271.0131455203778,477.41592567588924,98.38715382562445,2.424447734770494,1.0862154758520637,5875.835514804334,2.0599389584916525,41.977708223213625
6d56m10pt83s26d16m21pt408s,6.936341666666666,26.272613333333332,0.5458434164027401,23.87228555862266,0,0,0,8.745633516855897,0.010098046924327328,8.05030615676101,0.00011238281793088158,7.953003546912493,0.22785582043829003,40.544078060112284,7.768785233768066,0.36,macs0027p26b,5785.5535458987515,129.81325945402799,31.086758887728223,1.9051803886700795,5006.841275392548,2.7536652787556912,67.7180148397518,1818.8347616056437,271.43601032807777,7.664422672903317,3.173657391846591,4958.84800558722,2.7345253009850974,67.8643447406117,7958.749458269446,191.50322739760603,42.074882094165886,5.099597037508411,3726.0990877399686,2.536557918906955,83.3029991947889,10460.564484952058,248.20867565866573,55.40783371108969,6.6096234735762,3728.863677164289,2.536557918906955,83.24066972655136,0.0,0.0,nan,nan,6562.8,1.0,13.853480493619768,3272.18541991331,76.18239565453412,18.658963818394014,1.245970351927054,4861.358245519285,2.3293928759664277,58.18333116386397,1187.3154378148047,55.19954436292687,5.064854778157235,0.83393590282524,4340.5153303994275,2.2400450228747113,62.41240527722443,620.1183241289951,68.40517333605972,2.688951347469679,1.1851511949011573,4101.737561770704,1.3666410647564093,36.431283191570856,355.8501942038523,334753.1192995609,1.236685053652245,5009.880408426538,3969.7229485370003,0.5657260175922421,nan,549.5934679431905,53.595051359185106,1.774105971209039,0.782633984328915,3888.777187026468,1.113443660004376,28.345135505032907,0.0,0.0,nan,nan,3834.362316801649,4.296136492099463,140.6978774727765,179.15247248974464,45.53575759288141,0.7291294443131104,0.6494039845711916,4363.329243486772,1.0529716323233214,22.951665651248966,631.9650519429849,63.17925171478325,2.162444712422099,0.9896300853022892,3869.9187315941226,1.6394332200741644,48.784358176369565,0.0,0.0,nan,nan,6583.45,1.0,13.810026928666252,0.0,0.0,nan,nan,6548.05,1.0,13.88468655302385,0.0,0.0,nan,nan,6716.44,1.0,13.536579167464883,0.0,0.0,nan,nan,6730.82,1.0,13.507659064352907,0.0,61.126528480088915,nan,nan,4685.68,1.0,19.403292965701418,295.72879799942115,50.36822920790847,3.42985444798353,1.2699612741773747,5875.943099257131,1.2697432187363906,22.953751089625747
6d56m26pt34s26d16m22pt562s,6.94065,26.27293388888889,0.6019750785021702,27.575412905849944,0,0,0,8.503476721442366,0.008086541231095742,8.146269657219513,0.00015850269132028843,13.571270935288702,1.4900400586777804,51.11862423932479,14.265435103346988,0.36,macs0027p26b,4120.305722775474,107.80565063454637,13.105489039280968,0.9365956781490455,5006.8390374976425,1.728090702853498,40.1742182559185,1329.3933297531512,196.06976569395744,4.106161240911061,1.6803149905738985,4958.909222536698,1.5668534609570983,35.98829895865734,1713.892890219071,112.92580039749679,4.138430986139695,1.3736150262382831,3725.973428114821,1.7427474447928963,54.53125372128569,2509.729685200886,141.74502113221942,6.072349165560354,1.7241683498042801,3728.8691117949656,1.7427474447928963,54.49045202051108,0.0,0.0,nan,nan,6562.8,1.0,13.853480493619768,712.7793464645617,75.32772540013269,2.3473640846475354,0.7115562709485178,4861.189445369083,1.3280151003336553,29.55483309452193,388.2846561268729,51.52405887650921,1.240422426718834,0.5829049510456594,4340.652787711822,1.1290574938259281,25.983559500081807,572.8185663103751,94.15751404094345,1.4184940573579126,0.9319637716641165,4101.072046341653,3.846534979056891,117.39577308461146,0.0,46.4645908266638,nan,nan,3970.08,1.0,22.900702702093618,484.481546206375,108.5603644080844,1.166006982840008,1.1808596623543806,3890.2257787095095,3.8836228489264117,125.04996651972353,662.0750872253486,2579151.6752249864,1.5282262180337995,27876.193596580506,3834.5803377125994,0.4999617834394905,nan,259.3029504466335,61.162916296155814,0.8604405867624662,0.7111686104217417,4363.37695363898,1.7581436082581505,47.057927371631216,649.8633099497938,69.39559638497882,1.5327630086174506,0.7492966641170793,3869.8371147205653,2.486693390983352,78.52129759062929,0.0,0.0,nan,nan,6583.45,1.0,13.810026928666252,0.0,0.0,nan,nan,6548.05,1.0,13.88468655302385,0.0,0.0,nan,nan,6716.44,1.0,13.536579167464883,0.0,0.0,nan,nan,6730.82,1.0,13.507659064352907,789.2430867571827,198.58033120873966,2.6046152714058546,2.005799429610023,4684.012516652147,9.99923566878981,271.0131455203778,0.0,0.0,nan,nan,5885.62,0.4999617834394905,nan
STACK,0.0,0.0,0.46661498017854874,nan,0,0,0,nan,nan,7.458342481284577,0.008107067644084897,4.604162322864795,1.1199481632878083,84.26190114019604,18.289951358181547,0.36,macs0027p26b,2083.0016470984756,250.35211232865547,2.8736933018200532,0.9435977442418718,5006.140803768531,3.6109770471658873,90.07546474400786,1136.260184391721,176.02569730872634,1.4723621986565627,0.6326845863203057,4959.766011285152,2.4925387191296564,61.41565837019362,2230.845348218243,303.4716580579675,3.0603934370253216,2.0955399985757315,3727.1266983940636,1.4279141231083898,42.52396509490023,1188.1894227621383,203.34053073270377,1.6326703742442576,1.404112061761648,3729.454009915207,1.4279141231083898,42.49214755942928,2270.51253993877,190.3540867280792,4.474047276968943,0.7184976622927935,6562.475504089623,2.828820407205984,53.16895198799254,1441.803337276803,335.0927395824756,2.0284087533116932,1.3527805626750744,4859.976900191703,2.9607779262801377,75.33963639879957,1245.4836767535007,252880.9958707414,1.6226728176788454,1166.9132006876196,4340.352641836698,0.6807915469463417,nan,2315.7605356740205,305.3787261563379,4.31761620395956,2.2778774783972184,4099.347617682437,4.257976243614834,130.36159109666818,0.0,0.0,nan,nan,3966.9776821759892,9.324526010516964,298.1695311193628,0.0,0.0,nan,nan,3888.3156082038636,7.305583009870947,238.05121107788221,3371.270094270975,285.17072942635775,4.910191853319517,1.9437892353529802,3835.422033110982,3.5719854903325405,116.26749622476909,188.14103967746732,1.0666481894507644e+18,0.24188772123349928,4805827340958999.0,4363.149461532158,0.4999617834394905,nan,1234.6069441615505,177.74885204207584,1.7609879650750002,1.1603399773953609,3870.2669031970527,1.4131372148698367,40.39640448541136,520.327211381967,272.4126620548536,1.0206905487219695,1.0203449950295096,6582.543828636884,2.9420906402698463,55.2600654728503,0.0,0.0,nan,nan,6546.425699579533,4.272396140278787,81.94333929236929,606.2759573574078,43667847.6487422,1.2232643102036038,164786.11062409432,6716.936758046223,0.5913506789824604,nan,244.29751070050494,0.0,0.4975916411612128,0.0,6727.952253827568,0.4999617834394905,nan,0.0,0.0,nan,nan,4686.222194472992,1.7765487904316961,44.36399583706278,2170.4080037671215,326.43531834417837,3.8705731627033138,1.265983433099579,5874.371679394832,2.9737336255125477,62.62286062163359
7d03m32pt925s-75d37m59pt602s,7.059145833333333,-75.63322277777777,0.23105237846602522,139.92084975613827,0,0,0,9.497198482464302,0.002122119192108796,nan,nan,7.359628849308802,0.5220979669902566,52.83010018027977,11.365182008571702,0.388,macs0028m75,9433.541243683738,178.7170679705364,114.9135329725047,5.946333762223476,5006.839091581446,2.224487121618183,53.68908497231127,2663.379034994318,424.9336743484738,17.056820398449975,7.550282579982039,4959.052463068768,1.9862547972377074,47.72147498053138,0.0,0.0,nan,nan,3726.03,1.0,24.400668213494743,0.0,0.0,nan,nan,3728.82,1.0,24.382410999599827,5262.516413857346,99.1274437379778,1776.355379564464,64.09136406917001,6562.724949313873,2.4557321792323354,45.66179849513147,1643.6861866769502,98.35229543096024,23.69844180107386,4.066727431011606,4861.647193433216,2.0221396303097494,49.6823049816524,2034.2194945973756,150.04445730111394,30.131870007013866,7.871167095653619,4340.541809087838,2.0661632726937005,57.018715428656385,0.0,84.07091717767824,nan,nan,4101.73,1.0,22.16567686891332,0.0,0.0,nan,nan,3969.755403878327,4.036539687607424,127.48011851676786,0.0,0.0,nan,nan,3888.8627343322073,0.4999617834394905,nan,0.0,0.0,nan,nan,3835.4,1.0,23.704860453545347,218.18566948961447,0.0,2.66027576817238,0.0,4365.117447218126,0.4999617834394905,nan,668.7723449748086,238.26667216173448,25.777941948907493,42.11498000459069,3867.1673935877425,2.868091971378481,91.52699065226783,0.0,0.0,nan,nan,6582.423861951713,9.99923566878981,192.88987927331783,0.0,0.0,nan,nan,6547.239233460051,0.4999617834394905,nan,674.1528828430785,125.54153775442903,193.02005398878248,67.23897623462288,6715.698020853615,3.8847095977377095,72.42936436214012,83.49738233873643,1.183102473348222e+39,341.64587297906286,9.034958109968206e+39,6730.912498884101,0.4999617834394905,nan,0.0,52.08792705631482,nan,nan,4685.68,1.0,19.403292965701418,339.99190829479517,100.90544433747978,14.536277519399244,9.381001931380473,5874.879803484214,2.233449638112634,45.95506190072476
7d01m01pt38s-75d37m22pt757s,7.017049999999999,-75.62298805555555,0.4005106205372235,39.10105683874975,0,1,0,7.879857686156618,0.005223155154843974,8.106028401276399,0.0001858505144991505,9.791301680765816,0.6478904117958275,80.2156060665099,17.490844903026616,0.388,macs0028m75,5477.032169481605,108.06260144632834,93.72577984445535,5.050986579918781,5006.837675831702,2.3531922443735844,57.12655312488489,1406.7413596869253,222.8886489639081,12.066890100872396,5.305289505051468,4958.6141145079255,1.8818185529682268,44.84510167980567,4042.849942577122,333.6343474602275,53.13357619603573,22.075308119029703,3726.847772766745,2.616754911628847,86.15026436731695,4583.381108046431,404.49309661246895,60.35013185160792,26.76376040930607,3729.524117807842,2.616754911628847,86.08580450130442,4272.156135459787,95.57128339248895,285.054833088296,12.214669659729516,6562.670073804532,2.526112825381361,47.08443774295584,1584.0595137886696,86.48081381856389,50.96626996937271,7.98043537560902,4861.411063012065,1.8603389948942783,45.138700804704754,918.6266924106135,142.17127764814006,11.129490876618979,6.098567931278061,4341.087485474728,3.724644464900893,107.30095233787166,1751.7297142240964,154.27098769107326,69.83479325437088,24.563097189753197,4102.509870894674,3.142838420799013,95.09755316302815,0.0,0.0,nan,nan,3971.5033737589624,9.99923566878981,319.8627926142355,0.0,0.0,nan,nan,3891.5555045115707,6.066342590440839,197.2579540753032,708.518657180471,112.25434244424775,9.450726123087884,7.013782308481854,3834.0154336555065,1.1690758313763858,31.080450445695202,649.0497542504286,155.95215620211104,7.553409254208688,6.349558929217576,4366.783580927807,4.357894770751014,125.50394045459869,1025.627569003133,160.16051956039453,30.6220332010435,21.92324724493254,3867.5243825643633,2.2763802622501244,71.27988899659911,0.0,0.0,nan,nan,6577.133929218062,0.5485947073544194,nan,91.77112995636519,1894088703305.6736,1.5012051082215585,59480396852.15439,6548.750797893997,0.4999617834394905,nan,164.70681032642096,0.0,1.9184751665458881,0.0,6706.44,0.4999617834394905,nan,0.0,0.0,nan,nan,6730.82,1.0,13.507659064352907,0.0,0.0,nan,nan,4689.326410537166,2.387482601650515,62.01721569546828,296.68026220316966,103.2468300638558,11.411571786022485,8.634730130537822,5875.255950310681,2.6127247505814157,54.54164012905297
7d01m18pt435s-75d37m47pt064s,7.021787499999999,-75.62974,0.40038739037551063,14.112450189234808,0,1,0,10.725883487205271,0.04406151980967432,8.02699998449878,0.002998685701083532,37.954714423705866,66.54629536800046,114.98284565340305,19.88965434510386,0.388,macs0028m75,16253.722750483263,308.7371403209578,18.022977971217603,0.9350301308034853,5007.008722832581,6.203722364641947,156.73615316403024,3174.9119812088907,658.8912864127046,3.0187868504315403,1.7380918596178097,4959.182826346047,4.950602084928122,125.81990147449874,3194.921001793678,38217.25916099652,12.779382416624767,770.8681105186664,3724.487914213221,6.819467728267613,231.77522211029213,11802.252454746742,46522.822485780125,47.2875474766577,938.3969717590162,3726.900343756804,6.819467728267613,231.60180186751086,5572.518149687288,336.2181956345271,7.148517984536026,0.8262327851083034,6562.039496700676,7.703696845917203,148.8238954174469,907.0232436456115,111.00875001339423,1.035047237889077,0.3633047944276348,4861.564807970141,2.9949952855225686,76.26156597394159,400.4180474955254,128.4674120020357,0.47306467479510145,0.5381398562676385,4338.067513379202,2.374022054210293,66.53670616481905,0.0,0.0,nan,nan,4101.607336330044,5.124844664546611,157.5749211534678,0.0,0.0,nan,nan,3970.1123853040403,2.2955718601164747,70.10706339704515,315.17586647068606,297.82057496665306,0.4591261355808598,1.9571293592149746,3893.243402687737,0.4999617834394905,nan,0.0,0.0,nan,nan,3835.8544626449966,3.921227744742286,128.068321202187,190.7081682222109,123.59228330125815,0.21732999977004588,0.4935844351964229,4363.134355369807,0.4999617834394905,nan,0.0,76.01326540670595,nan,nan,3868.75,1.0,23.500516131444996,3682.0770447465356,456.1753996628575,4.7740652970166,1.1294335873872938,6582.0903242543645,7.364348776864605,141.76628129232125,269.0671959128805,334.37795141145466,0.3201459470118489,0.7642372307405588,6544.966512217888,0.4999617834394905,nan,0.0,0.0,nan,nan,6716.44,1.0,13.536579167464883,0.0,0.0,nan,nan,6730.82,1.0,13.507659064352907,1222.4473912342473,229.25419199783033,1.3668525506732463,0.7853489306036109,4681.406986213077,9.99923566878981,271.0131455203778,546.3303719823573,236.9559053639641,0.7340049214868402,0.6920022378444511,5876.542570682637,9.858102313126965,213.0614886600535
7d03m48pt42s-75d37m25pt939s,7.06345,-75.62387194444443,0.40330237114644785,159.12294565329398,0,1,0,nan,nan,8.419678271036059,0.003661622868899347,7.283854751844589,293.46373107801026,53.18606305068621,10.018451550940622,0.388,macs0028m75,3446.1930000298908,99.21064231644112,12.59784048650699,0.9906018606731658,5006.856606948906,2.805668721582957,69.08435792985425,780.7394368906806,566535.1636134048,2.4394473501511587,4910.865953401976,4959.268492620483,0.6333710018303733,nan,5124.345782764557,359.5619526933013,17.65367834086931,6.238840263198199,3726.2584026416735,2.3947466252004315,78.24949970270983,4710.304516027793,349.6971941422344,16.258629909563243,6.067674620186962,3729.0239733273957,2.3947466252004315,78.1909513940839,7243.842077310421,121.1711100969357,53.42418944473709,1.7116125302382712,6563.184405055301,3.3757143186878737,64.0612706224808,1930.5138851309353,93.9507740759344,7.73885112696114,1.0801996837950336,4861.380316827079,1.7739973047547057,42.688321879678575,926.429607782332,94.4111671849199,3.379107255922495,1.2197916093272776,4340.14018998205,2.0695516499536,57.12433570932056,193.79286091253493,0.0,0.6330623647718937,0.0,4101.741325828202,0.4999617834394905,nan,63.59814972693886,30935.6698743534,0.19249492844207236,402.94578212640903,3970.884241637555,0.4999617834394905,nan,1346.7285862114477,142.10622380591408,5.756271697672532,2.7481449603246326,3888.521788668968,1.801681355188341,54.34534262195641,462.89788886408974,189.23443149581573,1.8209128753093935,3.4825332056314546,3835.948783503982,0.4999617834394905,nan,103.45914738570575,2679516.4342677146,0.3712368417684102,33689.22709915937,4363.469110996012,0.5256411222081973,nan,1166.9184096676433,199.52471945872207,5.015591193362045,3.925392096725264,3870.0706999620147,3.755012620087246,121.40128570554165,537.8610959593448,396.3565815581496,2.666287362406098,3.7509590841111313,6583.748728098072,2.5041793128035863,46.49515424969645,26.005151407251123,624.2369974824419,0.12238966764994166,5.639659250774066,6549.060986216439,0.4999617834394905,nan,0.0,0.0,nan,nan,6716.44,1.0,13.536579167464883,0.0,0.0,nan,nan,6730.82,1.0,13.507659064352907,192.4924556683175,72.93302702064125,0.7260505671835576,0.8421685131973173,4683.395038212869,1.1578749085669053,25.05947742122345,631.6978823538227,172.84833700887734,3.6611676839707066,2.1769530773792294,5877.870840098302,6.226002800599812,134.04671029192932
7d04m12pt555s-75d37m54pt293s,7.070154166666666,-75.63174805555555,0.4039137907583561,179.64355579577895,0,1,0,nan,nan,7.830011572531124,0.005037791242930286,7.0113862362776915,0.5760217204947019,64.0550072261606,12.792831252190334,0.388,macs0028m75,3310.4967807111634,90.31877626022253,81.08762135252566,6.042625549709141,5006.843223094033,1.9158548515474736,45.34683209300047,1365.1603627103616,195.87039896171328,16.477467934343576,6.5588235107237205,4959.2375269738295,2.719947510280596,67.47711639881042,940.8757098905625,202.01151843536783,6.404905296962502,6.929822823829328,3725.493245752794,1.0860293860578112,28.37076946463439,1989.85915221543,339.94841229031084,13.575121947813535,11.661623478998077,3728.596602192982,1.0860293860578112,28.3495417178388,3214.0864339751424,80.13757765652853,93.84908116998514,4.482063735901853,6562.723098571159,2.7141660947004103,50.870238358967946,1084.8627859311473,61.77651486256529,54.075638402339706,8.831832602082944,4861.377274838268,1.5699038958676257,36.799951712606806,184.7923023332399,99.21416210074173,11.172121751032035,21.242696337913916,4340.574765289527,0.4999617834394905,nan,1040.4904405351112,121.82060112225713,17.65507147689559,8.255567658900189,4102.506881789754,2.046528987958037,59.68921357459139,0.0,0.0,nan,nan,3969.0955288800355,5.6381455031944,179.4017868633382,0.0,0.0,nan,nan,3889.268641086018,3.7117767943960165,119.32638747108757,0.0,0.0,nan,nan,3835.3020033741464,4.183134606930303,136.89474973746704,0.0,0.0,nan,nan,4365.8782750122855,0.4999617834394905,nan,1303.2444989470603,120.01642573822824,39.5289973389285,16.66380034891596,3869.929626683314,1.7175429433055702,51.61260561503638,101.82223718016157,317831.6590149757,25.81049373897529,153820.4172954281,6583.112131636917,0.5446521794708079,nan,0.0,0.0,nan,nan,6551.422366216726,8.809611053131189,170.73886177851463,0.0,0.0,nan,nan,6716.44,1.0,13.536579167464883,0.0,0.0,nan,nan,6730.82,1.0,13.507659064352907,0.0,0.0,nan,nan,4685.923142421139,1.6597552658756505,40.88877379272122,626.358808175313,160.0887302386383,20.009226925898815,11.115679836133117,5876.847699347399,5.1329413466895355,110.17906326045767
7d01m44pt475s-75d37m58pt35s,7.029020833333333,-75.632875,0.565741778146726,31.518064387141784,0,0,0,7.57093583015679,0.008559319842007912,7.33878851847447,0.0027138566867808468,4.273799827000158,0.35656652309167997,52.672896899966766,10.759386172939411,0.388,macs0028m75,3576.7964561899958,119.98892006477078,173.73393014100319,15.919400771282408,5006.7797495156265,2.1218434564051054,50.932103881470155,1148.893361327638,164.155299995461,23.964483227056892,9.500266705652407,4958.944165195756,1.967115756438248,47.196069374062105,868.7455228166285,183.44313091623803,10.598342872794529,11.272824184386835,3726.085228044027,1.9011980519660812,60.3963441689717,2313.7360483331045,447.7575178610353,28.264756443331844,27.515294526834225,3728.0180961434326,1.9011980519660812,60.35115405514712,0.0,0.0,nan,nan,6562.8,1.0,13.853480493619768,1850.3841332733234,93.54490851260098,50.18258148686099,7.277026905030731,4861.099222221019,1.9674335816392101,48.152327924387954,536.6368376518766,79.05331605824198,19.042730059528324,9.939624205251262,4339.51004863528,2.0119438073168747,55.32547876510451,691.8525519665286,79.71994900781026,44.56849951213697,20.535028272111735,4100.309346879631,1.5929559549687495,44.41286451385206,0.0,54.251284613664104,nan,nan,3970.08,1.0,22.900702702093618,281.97613996457784,110.82868881625379,8.042398824337912,14.296564100770134,3889.1080477869255,2.9208437688619684,92.8286923411041,0.0,46.60140049974562,nan,nan,3835.4,1.0,23.704860453545347,633.2553069965603,117.8050409516177,20.06647749013431,13.080843669489187,4363.33409827626,3.62696494043823,103.83823829146485,1041.8738788828841,148.83529944327216,44.25830072411216,29.007887656042517,3866.342484398112,5.326909184185962,173.774130413145,0.0,0.0,nan,nan,6583.45,1.0,13.810026928666252,0.0,0.0,nan,nan,6548.05,1.0,13.88468655302385,0.0,0.0,nan,nan,6716.44,1.0,13.536579167464883,0.0,0.0,nan,nan,6730.82,1.0,13.507659064352907,0.0,0.0,nan,nan,4688.058755445646,6.728148621799278,181.81203205118285,525.4323464285663,93.08726036630267,13.243615208001941,5.098992212699419,5877.53848595268,3.391964303114866,71.91340375664304
7d00m41pt115s-75d37m57pt766s,7.011420833333332,-75.63271277777777,0.7988030933328676,31.974569532057863,0,0,0,14.429488015603962,0.0764204949776618,8.432393786027298,0.003961035496139842,7.141500189858957,262.9872279036598,62.483100191577826,17.673938108336667,0.388,macs0028m75,9195.70184470972,122.19901175182326,97.63432725230457,3.5438000552331355,5006.860231538697,3.113140850132315,77.13154404175948,1078.0179106457879,767744.6055357985,6.678702238345202,13189.956505690916,4960.557582728136,0.5008725750688077,nan,3941.6250147187975,186.61256720569912,36.67385530224228,8.750127506263343,3725.405316019419,2.5233232852087184,82.83243026244729,6633.013004765495,295.12482256624247,61.83402880695618,13.838188212005377,3728.1601711087674,2.5233232852087184,82.77045288611048,0.0,0.0,nan,nan,6562.8,1.0,13.853480493619768,2919.3246825708693,111.2324913076432,37.22206715480603,4.068227122723626,4861.015342371749,3.493822903852475,89.64216895755122,717.5690434907098,100.26712564623953,6.445961720594896,3.189915924501806,4340.513621151592,1.667691857002135,44.39748346382025,77.58940834638163,4.0665571291884444e+34,0.39839731895127917,8.341225373957881e+32,4102.107829048714,0.4999617834394905,nan,0.0,38.38402135457138,nan,nan,3970.08,1.0,22.900702702093618,0.0,0.0,nan,nan,3888.6038561811533,4.6886848935645125,151.76603709410344,0.0,0.0,nan,nan,3835.137498512367,9.99923566878981,331.09476865566154,416.7926760148805,79.90139927061571,3.567158257908257,2.3955803846879777,4363.958834617645,0.8455767934514586,13.840386929568055,1602.6304332182542,120.60396648747508,12.700623564581832,4.37844966626683,3868.752546050924,3.9931119360268927,129.36774720013463,0.0,0.0,nan,nan,6583.45,1.0,13.810026928666252,0.0,0.0,nan,nan,6548.05,1.0,13.88468655302385,0.0,0.0,nan,nan,6716.44,1.0,13.536579167464883,0.0,0.0,nan,nan,6730.82,1.0,13.507659064352907,0.0,0.0,nan,nan,4682.678635262248,2.93236197331469,77.36904233147412,0.0,0.0,nan,nan,5875.62,1.0,15.473706908126772
STACK,0.0,0.0,0.45767306039473665,nan,0,0,0,nan,nan,nan,nan,31.5751451328348,6.621556444522876e+103,81.34448318444694,18.19241204211065,0.388,macs0028m75,8400.184009271768,326.9591373909479,7.355153490664839,0.7819601910796414,5006.829130933032,2.0934006480636995,50.165354385772474,2109.1914199326957,490.84610181479474,1.7968977557679042,1.160133789275359,4959.20258123488,1.9541643310968806,46.840107099400704,0.0,0.0,nan,nan,3726.03,1.0,24.400668213494743,0.0,0.0,nan,nan,3728.82,1.0,24.382410999599827,5482.5143386193,238.09726285736434,5.6930200576585674,0.4735702890650634,6562.75540057351,2.421641483827161,44.97142824845717,332.8369635354686,6.979853082549688e+104,0.29031460750810967,1.745965827058165e+102,4861.697072245035,0.4999617834394905,nan,9662.83990750136,762.3817487244811,11.314906283700896,3.1674254858303064,4336.634714459667,8.730961251791202,255.26364484708282,1439.051284135947,438.7840040802287,1.817198494508114,2.212240146457466,4103.097772240816,1.7473980947022687,49.69401747036876,0.0,0.0,nan,nan,3969.3724936999406,5.870509855042425,186.90888268297755,3922.818177606453,626.8553801382359,2.5396371195412457,1.8327271782260928,3891.5029134657316,2.0511202085464584,63.11318739663982,0.0,0.0,nan,nan,3835.4,1.0,23.704860453545347,0.0,0.0,nan,nan,4361.945781802224,6.3930206896238,185.41456959202318,0.0,0.0,nan,nan,3868.530489520214,3.8900582663976726,125.92174098059543,0.0,0.0,nan,nan,6581.202763250333,6.88151067647155,132.3837334144258,0.0,0.0,nan,nan,6548.496177250256,0.4999617834394905,nan,911.675533106399,419.8614443100398,1.011894213908969,0.8717740170062761,6715.490978384454,4.713159077880877,88.34712516676751,0.0,0.0,nan,nan,6731.01545427321,0.4999617834394905,nan,709.5521235787699,11110196489.086695,0.6719742908710156,32151981.14790958,4688.214359344445,0.4999617834394905,nan,266.3833937976402,587998306.9008443,0.27083085229080794,1299461.4680072672,5876.54249942514,0.5804769577383555,nan
8d03m05pt94s18d09m03pt012s,8.051649999999999,18.150836666666667,0.21909970669067147,27.25737201470808,1,0,0,nan,nan,nan,nan,1.234730476415054,0.1256860241544078,86.26935107792792,21.555499966325957,0.377,macs0032p18,1710.9477361816391,102.03225015457893,3.738399694153435,0.6089467382442781,5006.796131827617,3.4811965572350423,86.70924392644937,324.17739781213817,110.73639764595033,0.6917370417842137,0.6554247999540709,4959.766932206391,2.248610884556127,54.86010550816753,0.0,0.0,nan,nan,3726.03,1.0,24.400668213494743,0.0,0.0,nan,nan,3728.82,1.0,24.382410999599827,6740.131704604491,207.2449305064106,18.813470168054405,1.1081205470324809,6562.243393785512,3.5698323189518715,67.9058954742284,1648.2343093227994,115.22748300138987,3.486171942215063,0.6991843744330367,4860.683213632453,2.7865309738623054,70.63452966768828,481.5939889953106,68.92277718263932,0.9956358578155187,0.5047981937414014,4339.831870511519,1.3182666738230546,32.76456556762368,680.773481358416,21556167.301945254,1.2402181103678453,156984.25466883354,4100.83712606276,0.5881583057667114,nan,0.0,0.0,nan,nan,3969.359413426233,3.5479890105941503,111.53844038950078,0.0,0.0,nan,nan,3899.06,9.99923566878981,326.52642944617054,0.0,0.0,nan,nan,3835.4,1.0,23.704860453545347,872.7768373331712,124.63404812883756,1.9000441040812788,0.950908350631189,4363.026009285536,4.233473449850215,121.82437074970633,0.0,0.0,nan,nan,3858.75,9.99923566878981,328.2406140748108,1604.2368314333826,33242584.565531414,3.8385098873767576,151835.62428637643,6584.254288167171,0.6183716112252375,nan,50.24029240628231,740.014875121272,0.12051754173226581,3.408085745419207,6548.286011809884,0.4999617834394905,nan,1347.8479871867376,114.7644083152348,3.9716870667249706,0.6325752737040663,6715.985276443706,3.0813265973483417,56.879453571897656,1144.872705389267,132.9819972951609,3.347024216184262,0.7256139886253166,6730.747751761125,3.4308535662911566,63.527842884500444,0.0,0.0,nan,nan,4685.511837722538,3.0680911691610393,81.16153704325858,380.9090506168281,82.46217587519062,0.9759084112975992,0.4592416337745959,5876.517039245602,3.65765116512841,77.78735143206072
8d02m30pt165s18d08m22pt984s,8.0417125,18.139717777777776,0.25205397171687616,31.254074605794933,1,0,0,nan,nan,nan,nan,3.9072974592795027,0.1525045815612641,46.133838339765695,9.191037296684597,0.377,macs0032p18,19651.43159073408,314.4630786873078,41.73771552199308,1.8242759916428979,5006.842133686276,2.4287389063462173,59.13554860900915,5499.349707484858,852.7574302732406,9.105503020162775,3.9174024603867847,4959.030801382511,2.1239377682838874,51.48133711286859,0.0,0.0,nan,nan,3726.03,1.0,24.400668213494743,0.0,0.0,nan,nan,3728.82,1.0,24.382410999599827,18703.4696994727,126.20398537680965,102.55445460255366,1.32547991546183,6562.746364925729,2.562738441935239,47.82344725065333,6436.873967321824,94.9225618284963,16.439036646587525,0.6952987837049274,4861.376749760394,2.234624199452145,55.575725930510515,3143.6871476329643,109.20281259759933,6.103247050869542,0.7508371102848124,4340.544885690384,2.5836470971873204,72.94662931382373,1588.2460466916357,107.5286605012951,2.4617210774211733,0.6659581759223316,4101.6307300193,1.8525103347794556,53.23559085099735,1342.2377293380098,2438969.077911641,1.9397482899468819,15166.67159573586,3971.0563462025893,0.666682726554658,nan,1055.6931981302573,215.5333958533132,1.3410964260820126,1.2385050149665517,3888.9065282129186,4.782650640162616,154.87621666044737,0.0,0.0,nan,nan,3830.379616637459,0.4999617834394905,nan,0.0,0.0,nan,nan,4363.538181782316,0.4999617834394905,nan,2662.843215786529,121.23863445584136,3.2516196570416045,0.6781784425953912,3868.819116777669,2.1251248449711495,66.02943642546887,198.61093877799965,1872.850287695038,0.556497317937474,10.019093514426332,6583.078590846401,0.4999617834394905,nan,0.0,0.0,nan,nan,6548.715179131163,0.4999617834394905,nan,2699.29229125552,214.67122106602852,16.0000081374872,2.3800760929962226,6716.355794747485,3.127110110739916,57.770224866080426,0.0,106.86549776432736,nan,nan,6730.82,1.0,13.507659064352907,973.9456889603717,484057.6463715848,2.071677392549979,3147.9413505134366,4686.867205726376,0.7074723183365775,2.7863647466972323,757.6301188228213,130.03539938945448,4.141922790832908,1.545543423943319,5875.692859690835,2.5970996128499766,54.190153392247154
8d03m20pt31s18d08m49pt991s,8.055641666666665,18.14721972222222,0.4491729640993778,25.73868618022103,0,0,0,9.261475472146426,0.012298080540007904,8.093415813935945,0.00010083613621036189,7.4662484972142185,0.14481289153780302,73.34673313289231,19.243559105889307,0.377,macs0032p18,14893.371074294242,216.80557696645957,24.068116356706888,0.9569852850189807,5006.8469910485355,2.918238566196619,72.03639830931206,3648.343799190931,606.7277417778514,4.938316200032943,2.2786039234369717,4958.9489575271955,2.5680629755634987,63.43336019731785,11112.202318884385,237.42537174900818,19.953151654357857,2.1474548063775316,3726.08638418249,2.8944717678405736,95.96197310245672,15828.291403351053,351.2755002957778,28.47648472326422,3.1772015598665315,3728.860858503233,2.8944717678405736,95.89017186105708,0.0,0.0,nan,nan,6562.8,1.0,13.853480493619768,6091.708387778786,57.34498807993422,10.657656460410161,0.28775932818043704,4861.306336950744,2.8665833810401087,72.79838928140911,1969.5685057149924,97.9101783177451,2.9930264432475955,0.5269736807787948,4340.3910147148645,2.3365595536955923,65.38588841664348,1248.2146624163872,85.40083997189524,1.7893713099346518,0.4891878230403743,4101.627987917627,1.9734766268982686,57.270318023352445,0.0,0.0,nan,nan,3970.906339608785,9.199645528866071,294.15345240856254,816.7054071751388,6097625.636925757,1.1064379717325192,37365.695358445555,3888.944285979257,0.5513350215550211,nan,0.0,0.0,nan,nan,3835.7436901217975,9.17824737081315,303.77029693693896,317.15302240217704,85.71983786601355,0.4703630877876859,0.44540128997952,4363.7015363029295,1.379494978418034,34.683979968135766,1344.900234936129,101.81028093031324,1.8895125128116328,0.6553003383641572,3868.6727779598955,2.4674210695484544,77.86014840495045,0.0,0.0,nan,nan,6583.45,1.0,13.810026928666252,0.0,0.0,nan,nan,6548.05,1.0,13.88468655302385,0.0,0.0,nan,nan,6716.44,1.0,13.536579167464883,0.0,0.0,nan,nan,6730.82,1.0,13.507659064352907,0.0,0.0,nan,nan,4684.982891052019,0.4999617834394905,nan,953.2798134757525,135.6704212838887,2.2997665313316444,0.7116059603929212,5875.517544546154,4.291967730452698,91.75112040768983
STACK,0.0,0.0,0.30677554750230845,nan,0,0,0,nan,nan,nan,nan,0.7998989770289253,0.19842069268982604,73.6965132671215,21.011431898698806,0.377,macs0032p18,1241.346494035399,249.41471787733644,0.8724690126768425,0.4787989689653035,5006.929504485964,1.5412587822734722,34.914841384898715,0.0,0.0,nan,nan,4961.283855819496,9.99923566878981,256.08064588829484,0.0,0.0,nan,nan,3726.03,1.0,24.400668213494743,0.0,0.0,nan,nan,3728.82,1.0,24.382410999599827,6823.523139377367,399.2279971163507,7.6247186159494875,0.8545516596937408,6562.248966456618,3.7671956871826437,71.80621590680228,1551.8790868393753,225.75669431546635,1.0864491129160427,0.45349182719786146,4860.211437705806,2.578455826995654,64.98947631285658,603.708934749484,138.9495626061326,0.405639336979317,0.3309319181979118,4338.686695210245,1.834348108448112,49.73172575376356,543.1096554435159,1.0790753235895287e+28,0.33359865889749485,2.650024431895466e+25,4100.531423572676,0.4999617834394905,nan,2572.741172361975,211.38174320834779,1.5742382588069486,0.5558133309530058,3973.3189099711767,2.429187878366539,74.59343926739176,0.0,0.0,nan,nan,3899.06,9.99923566878981,326.52642944617054,0.0,0.0,nan,nan,3835.4,1.0,23.704860453545347,674.7159611242065,116.26809940490513,0.45584861365826446,0.2752489740920221,4363.40424633501,1.3025446868612494,32.051075091526286,6917.275135507498,3.2610668486731745e+90,3.8625818566352823,8.34199950008151e+87,3868.75,3.53223,113.93081459502383,885.719762362389,1.4278290202187891e+17,0.9359000348824341,288024253912236.3,6583.744416001104,0.4999617834394905,nan,401.2642398848105,453.08791777184103,0.4145814175857688,0.898880442492921,6547.308147217576,2.183821455870865,40.218512095238104,0.0,0.0,nan,nan,6715.16845981446,0.4999617834394905,nan,0.0,0.0,nan,nan,6731.9048121163505,0.8063831702822798,7.571801046186929,0.0,0.0,nan,nan,4685.552826612126,4.033876768818012,107.93780908627187,98.77906539199839,1050.5034360286472,0.08775716767186346,2.0290894073768393,5875.5719643495095,0.4999617834394905,nan
8d28m23pt955s-7d52m12pt971s,8.473320833333332,-7.870269722222223,0.3455692887419646,15.467068584456326,0,1,0,7.862721048606199,0.009195559215731338,7.8644330096975255,0.00959919145722191,7.198392572791627,0.26863428780914106,80.3763486746171,15.231282700197829,0.3524,macs0033m07,12099.324401149586,208.6741269885942,66.87183249528985,3.1501961946589283,5006.838613200292,2.0671971668125564,49.457811247659926,3991.589274643146,514.9361993163686,14.844147510679736,5.313121258714802,4958.983432542362,1.9068224496347528,45.535925624722694,2662.7214309989827,211.03867271737707,9.626066763819646,3.8441418564213703,3725.662328362794,1.6994007581542916,52.910012579098776,2860.094803017412,207.14589367520466,10.361421340518328,3.7732335500852363,3728.682918058656,1.6994007581542916,52.87042393306714,4219.6209181367385,106.34483530534132,37.70677073638954,1.8202202914843255,6562.8342852699625,1.5622126878583842,27.092415725580913,3002.5772686397195,70.07471664579204,19.863447554181693,1.329597944777161,4861.390685856312,2.247082856341577,55.91918532239436,1165.192145764126,101.00199009664979,5.396657149337182,1.6563453247691655,4341.019163154951,1.9528956718941133,53.47425721510225,738.3799082759188,95.58585594499365,3.663245608727769,1.8946151337254926,4101.88676567491,1.8265732604144165,52.36505656229726,0.0,0.0,nan,nan,3969.6068130881968,6.198400192997009,197.49499153075323,1388.6193187375698,98.31860661156372,7.966219061637796,2.5504538577099107,3889.452775625952,1.7096420784797384,51.05970787865192,0.0,0.0,nan,nan,3836.0944461826525,3.293075849004672,106.81044022454346,2047.7380139070626,239.49893017530206,10.538185886219381,4.321213037896449,4362.184599787466,8.685597150255786,252.60475211633582,0.0,60.828124256719036,nan,nan,3868.75,1.0,23.500516131444996,0.0,0.0,nan,nan,6584.747629600928,0.4999617834394905,nan,0.0,0.0,nan,nan,6550.643547619854,9.99923566878981,193.93267853817915,371.7553214242625,138.4055082359766,3.8323428031517266,2.66829777320319,6717.475285624363,5.910108347595529,111.23757330623496,228.33233297151932,67.18186427155914,2.3652327992341844,1.2990192697772005,6730.039471307313,1.326355122863134,21.30900143458319,0.0,0.0,nan,nan,4688.724777172243,5.573383044614596,150.22995248218425,463.1551458475262,178.99057899516197,4.297694502869352,3.611780300410298,5874.532581934204,5.11205725774559,109.72227163950816
8d28m41pt88s-7d51m59pt549s,8.478299999999999,-7.866541388888889,0.5528741824798336,34.37300277293504,0,0,1,8.297808176973682,0.22098414448422357,8.145629998089685,8.854908417228212e-05,9.280373515259727,0.18056386378630163,44.41873773769825,6.724290282787858,0.3524,macs0033m07,60311.89216475377,851.5947204337072,112.3832223910113,4.334248437435893,5006.871249795024,2.6605586919399267,65.26719255840578,17377.34198283634,2420.8699196348043,17.962427997997832,6.943017690297109,4958.926198747551,2.462990775653445,60.62485812886932,24855.30762627386,159.77161226753765,38.32131533392121,1.240774917732002,3726.130613985117,2.3450249219836548,76.4712692033965,35836.13337766829,213.98815898852106,55.35856457198846,1.6618167432647941,3728.9099142566324,2.3450249219836548,76.41405141302918,0.0,0.0,nan,nan,6562.8,1.0,13.853480493619768,14911.110519850608,82.90197099512095,48.01076843754528,0.7655728616891888,4861.427263105384,2.6496559307818304,66.92478168390828,7236.203291358699,69.12556354690199,16.056680078937923,0.5432541939638768,4340.40187867127,2.310452237730332,64.58282168993382,3613.6279084571634,75.6122981787483,6.598831854192866,0.5516497628437801,4101.860653303244,1.854477828089714,53.30154244195468,3115.216806133561,96.26285893973599,4.869186996130704,0.647998778907188,3969.5812863363753,3.192419207364827,99.88127300607033,2671.4162255183423,164.31643273133804,3.7796684764500066,1.05158346783734,3888.944534870361,1.6440377447683914,48.69622721218882,0.0,0.0,nan,nan,3837.6735779970845,0.4999617834394905,nan,553.7100559296133,388186.0736697545,1.0616940276291844,2609.1020902471014,4362.564986470071,0.5827817401832154,nan,6708.668624907557,123.07986046859533,9.927892910255071,0.8343885845277446,3868.776164476895,2.130750180210486,66.22546082766526,0.0,0.0,nan,nan,6583.45,1.0,13.810026928666252,0.0,0.0,nan,nan,6548.05,1.0,13.88468655302385,0.0,0.0,nan,nan,6716.44,1.0,13.536579167464883,0.0,0.0,nan,nan,6730.82,1.0,13.507659064352907,0.0,0.0,nan,nan,4686.162048653422,1.4926854846103674,35.82028002348379,1511.5683843566826,86.28776485163432,8.074367390871409,1.0020695371464965,5875.767676274209,2.9078836856982373,61.153826620233396
8d28m03pt495s-7d52m12pt65s,8.4676375,-7.870180555555556,0.5529855920565461,6.3697720342456705,0,0,1,8.453263863440704,0.023104972484822326,7.919301386236091,0.00468683370395834,6.666801054657267,0.4885775658333084,55.654478303464046,17.46550646559165,0.3524,macs0033m07,2525.7767461751655,82.22868266660603,27.317924446127897,2.42921358848529,5006.819114563153,1.8774665936846957,44.29656862956716,603.5164934723665,98.0421886063074,4.619416597423954,2.0820614831511293,4959.013488039013,1.0119554998871239,18.761575777451068,2083.9000876596892,123.70476703668615,24.54308960798781,7.339804610272221,3725.8880487545366,1.9297239653904856,61.44344139391797,2385.414114857453,130.27272619517578,28.14850532350127,7.729502906193714,3728.6563191933856,1.9297239653904856,61.39746781474573,0.0,0.0,nan,nan,6562.8,1.0,13.853480493619768,1139.7681406521751,76.69688903280438,13.322977141249678,2.5714484266659237,4861.280154977844,2.1624464735693265,53.58170792941129,912.125699061417,128.03548431627436,8.068248956842986,4.002509811094511,4345.031975776642,9.701371880108075,283.809471400263,0.0,69.3168917239299,nan,nan,4101.73,1.0,22.16567686891332,108.88151788388028,85.57305583793026,0.7140842496952118,2.416838307843098,3969.7056607925956,0.4999617834394905,nan,0.0,49.87647087004391,nan,nan,3889.06,1.0,23.37778840736009,0.0,0.0,nan,nan,3836.6568314337096,0.4999617834394905,nan,115.15122337765047,54.30717845765189,0.900737783759459,1.4863022282686806,4366.619438008917,0.4999617834394905,nan,424.99241700080074,57.30975334883446,3.442514313023148,2.1266534232296785,3868.7289332189134,1.0549132328364124,25.97055513549784,0.0,0.0,nan,nan,6583.45,1.0,13.810026928666252,0.0,0.0,nan,nan,6548.05,1.0,13.88468655302385,0.0,0.0,nan,nan,6716.44,1.0,13.536579167464883,0.0,0.0,nan,nan,6730.82,1.0,13.507659064352907,0.0,0.0,nan,nan,4685.931770016507,5.2982232112025285,142.69103536660376,738.8796323059888,170.64273136783893,14.953063604702297,7.500059513214811,5880.615287008052,9.058708552056117,195.692888531494
8d28m02pt205s-7d52m20pt125s,8.467279166666666,-7.872256944444445,0.7349193674835264,12.72425612805456,0,0,0,9.265816417656788,0.19692052893518963,8.172180123069124,0.0004199339240205674,nan,nan,36.4943639830181,10.005657071741094,0.3524,macs0033m07,1498.6766895660714,73.0574571095046,296.0510625863067,39.419439044951226,5006.8363165209785,1.7445218903482935,40.630765443393564,417.2479930655287,69.66243022646911,36.983809164445134,17.132303962175627,4958.893941653414,1.1183275049989294,22.390872495276025,372.1400325283808,53.042291250290766,4.84148679384164,3.4769730452624383,3725.687156954,0.9419280000000001,21.534597245939114,731.6415003428517,87.07969089549051,9.536499268272985,5.708157225047207,3728.3859536687496,0.9419280000000001,21.51848450080361,0.0,0.0,nan,nan,6562.8,1.0,13.853480493619768,0.0,51.1690128590665,nan,nan,4861.33,1.0,18.702211490174054,577.6993728957822,76.11931399184468,13.769379732833261,6.422842143795572,4341.381463872577,2.987298426524965,85.18100902383908,24.53008662351016,72.09559536778977,0.3091818470657052,3.6317338859586887,4101.255064994051,0.4999617834394905,nan,0.0,0.0,nan,nan,3969.7619837245365,1.7995182339169398,53.1609940663792,275.2474725130174,37.80223585725548,3.8124800739209554,2.3678203225872445,3889.3263355798235,1.0286414708913962,24.67356945370059,0.0,0.0,nan,nan,3833.5407957894163,5.991966837931203,197.53213695847467,363.158778313909,53.64564807585448,8.802894260302047,4.555302731145988,4363.960107823421,1.3494769761479906,33.66357729662183,0.0,25.58930140557203,nan,nan,3868.75,1.0,23.500516131444996,0.0,0.0,nan,nan,6583.45,1.0,13.810026928666252,0.0,0.0,nan,nan,6548.05,1.0,13.88468655302385,0.0,0.0,nan,nan,6716.44,1.0,13.536579167464883,0.0,0.0,nan,nan,6730.82,1.0,13.507659064352907,0.0,0.0,nan,nan,4685.420795440419,3.8670572984662552,103.33240643906083,0.0,0.0,nan,nan,5875.62,1.0,15.473706908126772
8d28m38pt715s-7d51m40pt821s,8.477420833333332,-7.861339166666666,0.7636730122322595,41.22664170242419,0,0,0,8.13130004164773,0.00862457448659184,8.114791935455493,0.00276893793326854,8.117407919907725,0.5199942102752017,41.13668972329506,12.791536906589235,0.3524,macs0033m07,4129.896414553989,100.43245744425217,257.15323629674333,17.08084461330437,5006.870517179416,1.1215985925009178,22.28307812399058,2062.8490341711904,208.53527139785496,52.04850108111946,14.599892129776972,4958.6884001098915,1.6816066138319632,39.25369145026802,1864.765832520542,142.44506494012012,3.854397923155018,1.4833414189674625,3725.836154678938,1.7132038544336925,53.427155594468985,2201.0663771282657,150.84897246822374,4.5591736328416275,1.5708549044142823,3728.873549406788,1.7132038544336925,53.38718000859771,0.0,0.0,nan,nan,6562.8,1.0,13.853480493619768,1263.7750572094697,71.32744183049377,247.8068375119033,40.11753771766281,4861.156013007464,1.7600820506820491,42.29143411628869,270.82259122627306,2190.9175954170764,1.4819644771024303,42.47015447425582,4339.982319183712,0.4999617834394905,nan,3221.115554273136,161.04641693320985,20.630806612494514,4.11254405708248,4105.667607686695,6.216320027450762,191.71591948751248,0.0,0.0,nan,nan,3969.6523473229554,1.0779596154802615,26.287383805610062,0.0,0.0,nan,nan,3889.034195553843,5.110387638648147,165.7140266180223,163.1699354513811,116.43278528046352,0.47287629572877327,1.5865115824794518,3828.255382422502,0.4999617834394905,nan,352.8065242954135,88.67325995963705,1.807013849619596,1.590717089863102,4364.350516731038,1.0014791774536853,20.897716976002762,622.7164593547855,292536.30021430855,2.536687983118081,5459.03644683998,3868.780135497114,0.50005467581562,nan,0.0,0.0,nan,nan,6583.45,1.0,13.810026928666252,0.0,0.0,nan,nan,6548.05,1.0,13.88468655302385,0.0,0.0,nan,nan,6716.44,1.0,13.536579167464883,0.0,0.0,nan,nan,6730.82,1.0,13.507659064352907,184.47125766918379,344454.71571876353,38.08561693636394,217438.7891251813,4686.6846386008965,0.500147975707161,nan,0.0,0.0,nan,nan,5875.62,1.0,15.473706908126772
8d27m53pt28s-7d52m14pt418s,8.4648,-7.870671666666667,0.8121889271903835,16.454670311623182,0,0,0,nan,nan,8.131402101299432,0.0005086651907087627,8.210372879120856,0.4468789819157014,36.39250343608706,7.4389877907335435,0.3524,macs0033m07,4792.517956666716,92.60196171215703,80.15596973612645,4.23038598756768,5006.8329821690195,1.7178977891015994,39.8905771923406,1861.6327075818322,195.2409426701936,15.646864301487392,4.5526319368586,4959.181938528689,1.8169749469283343,43.04650686616663,2466.661499381969,66.96543529637557,111.8463431233054,15.295775518402904,3726.0104865800317,1.6944820051084741,52.725521621457766,3566.3543117349054,83.31557922053408,162.01811079376432,19.030360831716667,3728.738142170799,1.6944820051084741,52.68607101635377,0.0,0.0,nan,nan,6562.8,1.0,13.853480493619768,1545.2606918291303,78.81430636136892,49.35982600077409,7.220841221498014,4861.309355842064,1.9828435161507258,48.583901603067794,0.0,55.76191900527353,nan,nan,4340.46,1.0,20.94654063936261,429.7977408412181,58.48278757337607,7.217158483909381,3.9248676770313926,4101.236180702557,2.051912030370836,59.86698674043036,76.54155181863747,52.998950709770725,0.9709346378537064,2.8952443206095233,3969.666981255267,0.4999617834394905,nan,0.0,0.0,nan,nan,3889.052355787371,3.892752500882817,125.35379414584105,610.4763838395322,40.26160695912409,6.331729396668333,1.9543651044250945,3835.3445363710193,1.075499739770501,27.103004778966064,0.0,0.0,nan,nan,4363.623234634944,3.68165482785079,105.46409420618002,466.66049539825775,42.14642186519222,5.1554595945353014,2.133192101527529,3868.6224160223874,1.191386008258665,31.724427360232976,0.0,0.0,nan,nan,6583.45,1.0,13.810026928666252,0.0,0.0,nan,nan,6548.05,1.0,13.88468655302385,0.0,0.0,nan,nan,6716.44,1.0,13.536579167464883,0.0,0.0,nan,nan,6730.82,1.0,13.507659064352907,151.87618734514962,28516.74362264866,3.624677355430945,2084.2295531407017,4682.531133332276,0.4999617834394905,nan,0.0,0.0,nan,nan,5875.62,1.0,15.473706908126772
STACK,0.0,0.0,0.6270350616974188,nan,0,0,0,8.083728743482956,0.05413900443983104,8.308752564416503,0.006564222209696687,11.061765903189043,1.5930323167826617,73.22362175781892,19.751362110872012,0.3524,macs0033m07,16731.852373913793,387.669154754304,16.95498142652333,1.0728475467532361,5007.290639999344,3.0309143428121024,74.98425172812424,4680.681050755561,622.1591902916875,4.329055031501015,1.596567059855547,4958.881300357532,1.9818580936288481,47.60084086919065,1040.1727929793244,1582.4268861085447,0.4464452277094851,3.4236026309482024,3725.0602068082635,0.9419280000000001,21.534597245939114,2386.8693320523203,2518.5810528007864,1.0269752003753168,5.448985222836771,3728.5840850391346,0.9419280000000001,21.51848450080361,7288.834356251754,260.0762908289452,19.42720558844043,1.3277604730682098,6562.76102601208,1.5618973759889663,27.08557359464368,2245.5343719161415,166.97934255394082,2.0980730779033876,0.44746519970094034,4861.410051979019,1.7400465250093833,41.718944585734434,0.0,0.0,nan,nan,4337.274892326814,9.464429954348867,276.84110341496006,1304.5704602789294,340.32957540351407,0.8249582380642101,0.8603591709990676,4100.724687031214,1.3470119660151998,35.72006633994388,1532.8225799334887,192.04466301289503,0.9120314612744908,0.4923056964671865,3968.9304439187317,1.5205380447940886,43.28547533247253,2484.114456874334,246.4894014549259,1.3311074357356654,0.5978032982202276,3887.9574141772346,2.2465008187069686,69.87900229021523,349.82267222871377,411.0710140932205,0.17062645203949076,0.940401631576181,3832.018093103724,0.4999617834394905,nan,3913.4443103209564,499.5162217787719,3.027450552520326,1.3547359777862131,4362.301323996993,8.441612559135454,245.4618396423374,541.6429602937291,526.3612981922265,0.2743655169770265,1.2215365428517602,3868.6108459543975,0.4999617834394905,nan,0.0,0.0,nan,nan,6583.358670646941,2.071645915462182,37.705032399971316,1235.2990278910136,609.4647490784661,2.6391335290941345,2.500158347355046,6547.457649118611,2.090559585691693,38.29935355365982,968.8472296264652,72183357.27441761,2.457400114252566,342467.32689225674,6716.129266758489,0.5725985505448313,nan,257.47512849124615,1060405196893.3442,0.6712807136823994,5159681713.185877,6731.194584920211,0.4999617834394905,nan,0.0,0.0,nan,nan,4686.571430374986,2.3273324048471515,60.30572515919206,0.0,0.0,nan,nan,5873.2975997053345,9.38858984840264,202.8612792257339
8d36m42pt195s2d25m48pt406s,8.611720833333333,2.4301127777777776,0.3108075067604852,28.679750520336185,1,0,0,8.159504379911143,0.0068840493260904365,8.091875519493565,0.00012230880892272276,9.447525532269527,0.31910811023180863,68.94298150486406,12.308892069161615,0.388,macs0034p02a,9565.830617287711,164.90642672453717,29.745571372230682,1.400633540843761,5006.835634723492,2.112028914158947,50.667672135933735,2694.4272142558966,394.0005661122437,6.614873885619544,2.6837115394905666,4959.004384652952,1.7562003429068744,41.350598376760594,8718.706406325477,368.23833904946895,19.37901357923125,4.122391178453684,3726.234572925057,2.328314828646347,75.8728385480627,9405.424435864757,407.61106344416856,20.943276140103304,4.563164869035079,3728.82978305623,2.328314828646347,75.81606851905912,8715.329071753633,99.38851068687808,48.78515379493931,1.0656370423535,6562.724643925424,2.4201903375932594,44.942021714646785,3216.121361085623,79.84990024762683,10.522198163415197,0.749332791022459,4861.20750004738,2.0599207243183923,50.73562043960889,1280.066687297563,86.0888514465854,3.1329721403119186,0.746084693711896,4340.903263309796,1.522280638843717,39.64940771843611,299.82855681777767,4829.246652470522,0.580959728328489,37.392817587463774,4101.486286471548,0.4999617834394905,nan,0.0,0.0,nan,nan,3969.5652278341586,4.0968650228903165,129.44390763708643,0.0,0.0,nan,nan,3889.027250149213,4.659665975314933,150.80525439247722,350.8567701840377,291.4565293167164,0.6261144128386718,2.4342675827879035,3835.3105246019204,0.4999617834394905,nan,629.928342166616,144.8164007207877,1.5946791479780622,1.2842677497136379,4363.950888927182,3.118103287231823,88.65803940887761,2792.3390775429775,157.45740537223725,5.801943737435121,1.498446753745528,3869.095218036719,3.261495678194552,104.82592889503687,381.0232352102076,454.1266367298185,1.5064907794735607,3.4282785927739923,6582.807005390586,1.0821409431821238,15.95850657567989,0.0,0.0,nan,nan,6547.653206486991,9.99923566878981,193.93267853817915,1648.2011319664705,138.69176280142167,8.849438502415296,1.392844998087524,6716.357528962838,2.5390601171252403,46.26273528575048,623.2825115937711,135.38963764757415,3.1206035654174196,1.2652746030228008,6730.214629919269,1.4144505322331808,23.24769231411722,0.0,0.0,nan,nan,4685.58620459158,5.694825347461432,153.55531397364481,181.93357408482098,65.5287896993018,0.8734629358242653,0.6838944147178984,5876.229271266549,1.3178131152079102,24.19236411905945
8d36m43pt32s2d25m48pt406s,8.612033333333331,2.4301127777777776,0.31096668303871033,28.83847195862945,1,0,0,nan,nan,8.061756577948836,0.00013293932198502336,11.922363772090874,0.6052262196230992,67.5372274602175,13.197700657186395,0.388,macs0034p02a,5372.950050686011,119.03610727074765,12.260780756570135,0.741944969434028,5006.83318881654,2.3109304230286045,55.999998758424866,1550.8934144640723,222.9435727976924,3.1403173772109865,1.2525851937132175,4958.748286378672,1.6338998164696497,37.902512755972374,6831.612981031587,308.9126471943311,10.564970458885172,2.406524331841976,3726.007306418141,2.3793102228974923,77.69781742821705,7822.033801104992,359.0743935806469,12.118820756271141,2.7972997316281027,3728.6319344434237,2.3793102228974923,77.6396819026018,5432.7720291679225,110.27850754531522,23.638841041243868,0.9191272228010312,6562.5684907723535,2.674072757344132,50.064814198990234,1809.8332394283698,80.08182051676293,4.060017314229361,0.5152566763165514,4861.378705230706,1.802269652397127,43.49294898757765,718.8780695006585,3025134.2432967694,1.1992858111749856,17878.088686226085,4339.962286162598,0.6063676468222426,nan,0.0,0.0,nan,nan,4101.773540146166,6.318407875352664,194.90448983351274,0.0,0.0,nan,nan,3968.518393373934,4.887785059043603,155.12284395645725,0.0,0.0,nan,nan,3884.605939534001,0.4999617834394905,nan,0.0,0.0,nan,nan,3835.441352613517,5.022155302637115,165.07538514155698,0.0,0.0,nan,nan,4363.352258396797,1.3922026030610026,35.11359907484286,1501.7300981666226,143.41592031071627,2.0665257985902654,0.9039740242070754,3868.961496670086,2.1151908666605674,65.68311539767987,374.0219625705931,1737452.1008664696,1.3399096267036734,11884.779856385234,6582.577234625371,0.6425189533430676,nan,139.05485130272402,5386526.63383844,0.49720095551183957,36977.64744524634,6548.103681247723,0.4999617834394905,nan,1046.8364854880635,133.44694178693453,4.475899123621055,1.0672437958958998,6716.250751952838,2.4813454310773917,45.12355683607272,284.64189308091085,119.39818391231105,1.1492147077596886,0.8998409071657884,6729.906979200093,1.5688760309537466,26.557017169867823,364.1510799725757,117.07917141216268,0.7403016643953304,0.7280153046935182,4685.718438847749,3.4918102000989033,92.94672734578373,277.3345670076295,59.540419259699945,0.9842162391187461,0.4594170068533438,5875.327061715651,1.3419850638494537,24.808358036139726
8d37m13pt41s2d25m30pt884s,8.620391666666665,2.425245555555555,0.39564265773743856,36.39443914911723,0,1,0,nan,nan,8.02806157107938,0.00025133865501655194,11.834486936377148,1.0340472885062295,71.33486877750451,19.484337018696845,0.388,macs0034p02a,1053.0491047091266,61.765161651158145,28.588185409190878,4.579997598771473,5006.86136628857,1.6691369821795379,38.5289288293564,850.5301570016268,137.85623876169456,22.23349393572228,9.996386650329201,4959.596992784489,4.25940574927136,107.86494391493919,2352.7357885957244,150.457388013223,12.57264384605161,4.051835009368953,3725.429866548174,2.330684963991733,75.95774483333827,3653.9072613595913,201.04917189033802,19.573503554796012,5.4142776504821075,3728.918255564075,2.330684963991733,75.90091127524616,2496.9193474956624,90.77076339755334,885.6904918194149,61.67135675727735,6562.8573578657615,2.2344173230144952,41.162950313589214,668.404330005336,52.89294469424654,18.99622317152626,4.311278283042873,4861.511095439386,1.640599201930913,38.85739704941849,168.03369449308104,72.96693496232217,3.009027835245139,4.626473589015714,4341.016811560796,1.8526964190187445,50.31347076098625,1260.3540583095464,101.952658252127,33.244660615963134,10.752161487424253,4100.503745896312,2.171761169953498,63.809999251518505,0.0,0.0,nan,nan,3974.2289053605086,3.4268920016094593,107.57447658177372,449.0115235449911,13187151.858847255,3.1882219934707363,424105.65130608925,3886.8035377650904,0.5303024220444432,nan,120.14792471244188,1.0363903652667614e+16,1.784752414431707,720513313749022.1,3835.359385933255,0.4999617834394905,nan,137.5575736537263,1315552981029.6873,2.4624975496799153,82576742536.19621,4361.948559732532,0.4999617834394905,nan,2803.1418837761257,560.8461207010772,31.436645680903318,28.820888604289337,3868.3693572713964,9.99923566878981,328.2406140748108,726.1804553747968,228.38168402024942,64.01087823326696,38.43456550103065,6583.282146721196,3.6150967994353334,68.58532469074227,201.59697371789096,197.21576838809102,8.103449859353399,15.220439051333878,6547.889092095839,2.8554528432824733,53.822977121146984,332.6747485620078,1.0143526939079254e+47,6.2541614285545775,3.572174069754327e+45,6706.44,0.4999617834394905,nan,331.9566861255493,2.981839562057455e+47,4.4491211552131915,7.47021402482097e+45,6720.82,0.4999617834394905,nan,0.0,28.44357309435561,nan,nan,4685.68,1.0,19.403292965701418,91.882527636818,1033806168.1477852,4.560584650788646,111565874.29909748,5875.370227125476,0.4999617834394905,nan
8d36m51pt21s2d25m03pt878s,8.614225,2.417743888888889,0.4682820327220931,20.35897825035465,0,0,0,7.77613729654303,0.0,8.099124468771208,0.00012140658462415404,9.496313663902438,0.4543759382814045,47.16389911099924,9.679177075048726,0.388,macs0034p02a,4172.767894843664,96.8785984006686,74.53195654287583,4.72641338257593,5006.848100918408,1.9883837614057263,47.322482430907954,1306.2335948602504,193.7180953591974,12.784943370581148,5.261039704505747,4958.729504185274,2.0741115831170513,50.12446101880273,3963.09966051941,147.85197721628887,39.50786724847978,7.425712278746262,3725.8331281209544,2.071156318447182,66.60251493362368,3470.7902514807015,129.14634539556724,34.67418533767333,6.486241312526836,3728.8987781976816,2.071156318447182,66.55268120159455,0.0,0.0,nan,nan,6562.8,1.0,13.853480493619768,1359.7793689975456,57.319517259971995,21.823655135863646,2.638879859174095,4860.998095028425,2.072938632171054,51.09796066846469,1151.8394544786584,71.62722114291749,31.876588462968773,7.022635039362937,4339.799683695344,2.0833795050945234,57.555138295604415,425.21521905202474,98.92469931240446,5.232723754227981,4.872109881347494,4098.70445103738,2.989354166023255,90.20436958574822,30.819678695194323,111.94943512368737,0.2366917935315442,3.690726898182403,3975.082449635594,0.4999617834394905,nan,0.0,0.0,nan,nan,3885.599162026161,4.971692183000429,161.12934317345338,141.57692025316695,144.20685728403402,1.0795228834681045,5.14361155856216,3836.1204594098667,0.4999617834394905,nan,423.23630848114254,7083082.084873348,6.697222497364786,392702.0481725984,4363.5854085438405,0.5394408428969878,nan,1000.445680293701,98.6306802924228,7.665130249774043,3.4621034862716944,3868.6257469452985,2.0353732272683316,62.892946394267675,0.0,0.0,nan,nan,6583.45,1.0,13.810026928666252,0.0,0.0,nan,nan,6548.05,1.0,13.88468655302385,0.0,0.0,nan,nan,6716.44,1.0,13.536579167464883,0.0,0.0,nan,nan,6730.82,1.0,13.507659064352907,296.4704570016054,1374836.3643787242,4.162237032351817,59027.815912206584,4686.1586360662,0.5403159394388137,nan,752.6588680804774,117.21118626525252,26.634765299627855,9.01681543830883,5876.141093640804,3.744872269088624,79.71195497739205
8d37m02pt79s2d24m57pt689s,8.617441666666666,2.416024722222222,0.5133134583394461,32.79382826391661,0,0,0,nan,nan,8.021302428493389,0.0031076903268883464,7.104372224276769,0.6858963970434612,55.00161327586024,13.712465380921362,0.388,macs0034p02a,1052.5139050743378,68.35888650935955,23.85661439265894,4.232223853891691,5006.7973657659295,1.472387938930396,32.93712583067687,797.846305029453,105.37678659874335,15.042744544164607,5.511990677949504,4959.200344149392,3.2688320595104683,81.97397029700586,1452.9104324573043,112.52555502740711,75.65800937072412,29.51831605834613,3725.9584959438557,1.5103119309747066,45.72666546021663,2181.8506807327344,143.41893364343912,113.82464867608545,37.62243528598357,3728.5816573871507,1.5103119309747066,45.69245158112511,0.0,0.0,nan,nan,6562.8,1.0,13.853480493619768,772.0768493168613,67.71496984280317,55.04018807671112,13.84609841636232,4861.227069910277,1.86245675433861,45.1985550134948,554.1402425570916,49.68348766001579,20.595040434653942,6.539188898192803,4340.650065873804,1.1837309231796804,27.998745940486113,1208.9967542724557,161.79702622727052,47.882739742141595,25.582377323433242,4103.262567899212,5.782816019646743,178.1681018121991,0.0,43.78851553957457,nan,nan,3970.08,1.0,22.900702702093618,0.0,0.0,nan,nan,3887.00813560156,0.4999617834394905,nan,319.55241864375455,76.50555491981807,4.9565942670356815,5.556735775963062,3834.5472081766993,1.5380735368208551,45.46011759483427,0.0,0.0,nan,nan,4364.637403071355,6.240289924396575,180.93055505844484,887.7998385515156,105.33037289950288,138.01449071845803,75.03081634734157,3868.355191352696,2.145310417142384,66.73254775728772,0.0,0.0,nan,nan,6583.45,1.0,13.810026928666252,0.0,0.0,nan,nan,6548.05,1.0,13.88468655302385,0.0,0.0,nan,nan,6716.44,1.0,13.536579167464883,0.0,0.0,nan,nan,6730.82,1.0,13.507659064352907,199.70672247343313,55.18354891705076,4.130373770908376,3.4919571218611036,4684.9461946760375,1.6832976061733878,41.59316628219916,0.0,0.0,nan,nan,5874.349949012925,9.99923566878981,216.12712798001303
8d37m21pt135s2d25m43pt101s,8.622537499999998,2.4286391666666667,0.6511125384160417,48.344193776340745,0,0,0,8.749023125734249,0.01657913495572868,7.779119360292483,0.003606665738074611,7.010647748139686,0.48891715079089104,56.36016933316742,12.744909850179544,0.388,macs0034p02a,3459.9005955264174,74.57296482803623,107.73253903147612,6.342375752974913,5006.835830208242,1.7024647369037338,39.46047684213926,1015.4861606438499,144.55308206324278,24.096466312409667,9.516997626389532,4958.939195989717,1.6096145188508761,37.211330189718744,763.4262226276574,111.45431199420926,16.177378724186422,11.886773653952877,3727.2717698489737,1.5179356660206271,46.020430501471566,1345.2861317966988,174.28401343437415,28.543575614501506,18.58765786741857,3729.095868120582,1.5179356660206271,45.985996819744074,0.0,0.0,nan,nan,6562.8,1.0,13.853480493619768,939.1570290122978,53.6720239709168,74.98525571972397,12.291338190266242,4861.291824384559,1.4024712988489578,31.826377234313554,519.620409622055,44.9322757038828,53.50545454173697,16.38715352719381,4340.33393129871,1.4473104509167585,37.155676023296095,585.5886978441034,98.37674530448643,11.027913875767531,7.400216535907673,4102.267589137909,4.66060483625515,143.0156497044787,0.0,0.0,nan,nan,3971.637209673097,6.863103748217661,218.93413970928307,0.0,0.0,nan,nan,3888.621346948655,4.726860920477198,153.02979497245047,0.0,0.0,nan,nan,3833.918050014639,3.358481295863129,109.03122560372137,141.91940597001386,50.25978165708466,8.380471429578497,10.39952395939071,4363.400684025894,1.0533374975096763,22.965953852466004,1101.8077320185243,88.56582839337428,418.49042160124424,153.93783931013107,3870.4535613418566,3.696661219568323,119.44628246673922,0.0,0.0,nan,nan,6583.45,1.0,13.810026928666252,0.0,0.0,nan,nan,6548.05,1.0,13.88468655302385,0.0,0.0,nan,nan,6716.44,1.0,13.536579167464883,0.0,0.0,nan,nan,6730.82,1.0,13.507659064352907,0.0,0.0,nan,nan,4685.606194280837,3.580824618267214,95.41408296143914,0.0,0.0,nan,nan,5875.62,1.0,15.473706908126772
8d36m38pt745s2d25m47pt843s,8.610762499999998,2.429956388888889,0.65173217965947,27.903034686398506,0,0,0,10.765549866816624,0.06223787124620585,8.03713801972963,0.00010515544480605605,8.556015456711398,0.359610888013846,44.2077858842318,14.549237467199946,0.388,macs0034p02a,3297.8007610132504,88.43679083534808,41.01644022396057,3.004398427123692,5006.809355555163,1.9506501919475914,46.295992763147844,587.8304836223846,107.32634849531988,5.526028110332889,2.799556580129099,4958.740066533691,1.0165631546266878,18.92504096952352,4327.495122401566,116.2355836220284,90.40413109127675,12.23196275248768,3726.0210693044237,1.8393325204693238,58.11679631495836,6683.362455206001,154.72206706652142,139.88254163922562,16.282058405623413,3728.7156206492004,1.8393325204693238,58.073311818061555,0.0,0.0,nan,nan,6562.8,1.0,13.853480493619768,1741.0544543322783,67.6689868464413,28.04470478099807,3.126423130876947,4861.252030214312,1.4594969491056209,33.53877453671035,556.7802952343122,49.51141148786674,5.638636671526285,1.7758125667471452,4340.4894743528375,1.24571835308419,30.223968520315665,233.7270254690291,40.88822658602084,2.020547984176076,1.4129109492994723,4100.976092924415,1.1372558622752587,27.81945073276998,492.33402712863887,405541.1427519971,4.4984767347426535,15957.428599073242,3969.67807087869,0.5001461523544002,nan,242.2178928364362,63.199971898432274,1.7792814492475735,2.1001882897371047,3888.751752321669,1.3362628204609857,37.260915770589484,0.0,0.0,nan,nan,3836.3826566220314,5.69000872259934,187.43629576815547,0.0,31.66150420075529,nan,nan,4363.21,1.0,20.83732430562082,436.3219766020423,58.56247772358727,3.274825134297248,2.014878395631233,3867.730380238907,0.7699056684301046,10.548561549150559,0.0,0.0,nan,nan,6583.45,1.0,13.810026928666252,0.0,0.0,nan,nan,6548.05,1.0,13.88468655302385,0.0,0.0,nan,nan,6716.44,1.0,13.536579167464883,0.0,0.0,nan,nan,6730.82,1.0,13.507659064352907,0.0,0.0,nan,nan,4685.428513329377,9.99923566878981,271.0131455203778,0.0,0.0,nan,nan,5875.62,1.0,15.473706908126772
8d36m43pt41s2d25m28pt151s,8.612058333333332,2.4244863888888886,0.8128020153309754,9.465970353045604,0,0,0,nan,nan,nan,nan,nan,nan,50.21949801035223,12.328844010455324,0.388,macs0034p02a,1683.2192464228606,64.25902618527729,8.50732009985305,0.8871091938924626,5006.810386631857,1.933033819871161,45.81576882482968,5.819816835223026,156.7738069681768,0.02922365554295424,2.186370609158197,4955.940677755772,0.4999617834394905,nan,768.520015300845,58.6538671518526,3.821821029232804,1.4693995639489632,3725.9461509438243,1.6090730367492039,49.503380252435775,443.3772478541148,41.440498815191944,2.2123006990794805,1.038169413982915,3730.751246406034,1.6090730367492039,49.466340537216404,0.0,0.0,nan,nan,6562.8,1.0,13.853480493619768,0.0,0.0,nan,nan,4859.802895556431,2.350046421366446,58.75017731560343,380.8151745317035,90.57628394533032,2.5848532654039795,2.1787818037280227,4339.135038315579,2.473907584244687,69.59689340293383,0.0,0.0,nan,nan,4101.691973938199,3.797189241089936,115.83781639173814,784.9236419872702,104.19080169763251,5.465413117575442,3.105364627629263,3979.957221094072,5.914143699716324,188.31808613174383,0.0,0.0,nan,nan,3889.5329787170804,1.9254894114304897,58.71894615987829,279.5704357632664,16558.25867749961,1.5385632156684277,426.05647459376166,3836.8832605606767,0.4999617834394905,nan,0.0,0.0,nan,nan,4364.94167141446,1.2212616685410924,29.199674952435668,420.2563170081935,103.81738064950684,2.473841972782891,2.797158511592011,3870.1266941857557,5.525680776341661,180.37030159790945,0.0,0.0,nan,nan,6583.45,1.0,13.810026928666252,0.0,0.0,nan,nan,6548.05,1.0,13.88468655302385,0.0,0.0,nan,nan,6716.44,1.0,13.536579167464883,0.0,0.0,nan,nan,6730.82,1.0,13.507659064352907,389.4785163417292,52.99641146072562,2.5403891168298256,1.0571389248334835,4686.107391857079,1.142323531293103,24.526937514713662,0.0,0.0,nan,nan,5875.62,1.0,15.473706908126772
STACK,0.0,0.0,0.5143323840005826,nan,0,0,0,7.862937136073663,0.015720343843426268,8.086404957571412,0.0001453950939761323,8.196816208185002,0.4125996304799192,65.84656848648785,14.297284288840244,0.388,macs0034p02a,15052.210985400388,304.8630107719292,13.802938798576518,0.7635548465314854,5007.000069266743,2.3189293980045713,56.21337991889393,4095.4224355104125,630.1331679000381,3.323152310592937,1.4185736730651493,4959.114624272843,1.8401544099538134,43.690664183884756,14549.587264557498,860.7568025382994,8.724542116703214,2.5991724451214733,3726.4914490401834,1.9020981149727185,60.42941969590327,15759.159827186917,878.4919532942876,9.467019343460345,2.652726149279377,3729.0925024987887,1.9020981149727185,60.3842048341101,14817.87166317131,262.66697993038764,24.33573634875644,0.8262668060709902,6562.913454820772,2.606053087846767,48.69632837094856,6033.608569052716,249.86712588738342,5.733408913285999,0.6809773724916036,4861.4617834419705,2.165949033938946,53.678644822856285,600.7909307007028,4.075249946559067e+19,0.42193177643256974,1.0134653150132757e+17,4340.812456954833,0.4999617834394905,nan,0.0,195.02024471468778,nan,nan,4101.73,1.0,22.16567686891332,3227.5722846810563,417.1051431220341,1.9840215284652343,1.1050455333982803,3968.349397717779,3.3752716254200448,105.88292807294418,0.0,0.0,nan,nan,3889.0564958253312,7.624045077296668,248.52237222785084,0.0,218.813902665821,nan,nan,3835.4,1.0,23.704860453545347,2938.946810398421,544.2022677311253,2.265568287988916,1.4716703833176024,4360.921226086367,6.415851219549342,186.08473590651658,3413.067507190018,376.7068466445258,2.177907211634418,1.1009751133659267,3869.0711149956146,2.061939407855728,63.823156473039994,1479.0151467511816,916.885259391052,2.0198884340581955,2.3905656147399545,6583.581474380259,2.2806349443758034,41.97392877600453,0.0,0.0,nan,nan,6549.267921537134,0.4999617834394905,nan,2541.75477352433,366.7400820219969,4.080998867789129,1.101278331306436,6716.982299089867,2.28824149551072,41.294285382605445,1127.3609403289158,359.12178665757455,1.7383839818835032,1.0336236868127942,6730.33390657403,1.7993638941395753,31.35309966628772,228.22532382314532,601.8056921860089,0.17505306578999721,1.4117663502589586,4685.916857040655,0.4999617834394905,nan,1262.3618790790763,305.7027032851446,1.7121956213384166,0.9010897335623894,5877.593710915897,4.546671682173605,97.34054710247649
8d44m37pt995s2d33m12pt952s,8.7438875,2.5535977777777776,0.26743770906174213,7.676516291455468,0,0,0,nan,nan,nan,nan,3.970883045962331,19304.573253560982,68.0963903285378,13.864648705577023,0.39,macs0034p02b,2943.802203178758,112.37017803181446,31.28340889697632,3.2616742423480236,5006.858738809783,2.3094748599015262,55.96116206418191,1120.8577706761857,19760472.744421914,9.869667547982244,482700.3625469364,4959.390827909822,0.621063704745738,nan,0.0,0.0,nan,nan,3726.03,1.0,24.400668213494743,0.0,0.0,nan,nan,3728.82,1.0,24.382410999599827,3359.1232252089926,138.8191910404702,100.11743863979528,7.925220526380816,6562.597352334101,2.8204412277005413,53.001172650632206,1023.6161394851372,93.3492757417972,10.995773768180568,2.87621534832523,4861.237430666882,1.8745716378211958,45.54074395538583,1966.4018351484044,161.33420020366782,16.607278587683755,4.827036633058028,4339.8691528205945,2.711807562566585,76.8444846812977,0.0,72.87276008984492,nan,nan,4101.73,1.0,22.16567686891332,0.0,0.0,nan,nan,3970.085131376022,4.971523865703449,157.83562025159816,0.0,0.0,nan,nan,3884.9509145319416,2.2445539067656837,69.81192691346362,0.0,0.0,nan,nan,3834.657630069667,5.107250525637379,167.92736179442934,0.0,0.0,nan,nan,4362.848347802366,6.884442155447528,199.83380168730108,0.0,108.40605911940332,nan,nan,3868.75,1.0,23.500516131444996,153.69292111104699,0.0,2.764611911523467,0.0,6585.195067575659,0.4999617834394905,nan,0.0,0.0,nan,nan,6545.961059285184,0.8975017702568827,10.92086811273936,321.9561262762046,112.57947264068346,6.637355067968703,4.341129097574557,6716.380227014976,2.433974930985565,44.186846251041615,221.2848616137806,90.06215401768141,3.956845601358913,3.0063248109193554,6729.43643344184,2.135965548654513,38.16958938784964,0.0,0.0,nan,nan,4685.3223527146565,4.423991756417686,118.68584321952918,0.0,0.0,nan,nan,5874.37467241072,7.447877579083379,160.6627230593156
8d44m28pt575s2d33m16pt087s,8.741270833333333,2.554468611111111,0.29722217042421395,3.0558981771280123,0,0,0,nan,nan,8.044782550480631,0.00015277140156581126,9.184875338014828,0.5049983282582395,75.05524298030474,17.84981011238619,0.39,macs0034p02b,3831.618058620206,111.43239456776095,8.97729966032606,0.7131209894009157,5006.8289812559315,2.1137382780511014,50.7137381139763,1482.646619375758,188.42827778829286,3.245925911126931,1.144494633883165,4959.123542191495,1.924879575005431,46.03393930572492,5900.975248137007,334.31770870040884,11.122307283471722,3.1729886131347835,3726.5726372293393,2.028608110123884,65.05574640307876,7870.950183811785,413.5427112277008,14.861155894847487,3.9249081924830027,3729.061854343075,2.028608110123884,65.00707000344975,5903.133648973704,160.68452754683128,21.957493533698358,1.1447795669540632,6563.036235032678,2.7640573239242037,51.87131068101757,2078.002085771362,95.56849444316215,5.68231835662353,0.7494887578109348,4861.573826575407,1.7254811701215134,41.30196122167443,473.0121123480359,112.73990734037172,1.142536955227141,0.9646601178341968,4340.012926706227,1.2044943045595637,28.750486208352275,603.5590126279162,7808991.333559679,1.1133331804387236,57557.39776053248,4101.63437763939,0.6202817710467081,nan,0.0,0.0,nan,nan,3969.19105187659,3.113837599785956,97.29686401109312,0.0,0.0,nan,nan,3890.2384867210976,6.477116754447963,210.78947073475697,0.0,0.0,nan,nan,3835.3749469377285,4.635840447474143,152.11515162469843,186.1702977978738,1.729311070928996e+23,0.46637035438685914,1.517322030530391e+21,4364.307191066143,0.4999617834394905,nan,4481.528008745484,553.7097621036436,10.53595897608642,5.980938482338008,3864.135062511419,9.99923566878981,328.2406140748108,486.05840602938633,317.79634884395773,1.5202770033592936,1.8977134538769225,6583.34052387616,1.8123401842358906,32.327154078578985,651.0338988257604,312.6859997577522,2.0470603494106623,1.8875793187562382,6548.317987613595,1.4875341522056507,25.51896822855572,1148.2334716400667,155.20859987116626,4.170212145431782,1.05425810031378,6717.023277968077,2.61289368550974,47.716986194549435,1085.1039816324783,187.12561962965324,4.094224803660696,1.3177431962159245,6730.962782619203,3.4480374762341537,63.859816116487025,0.0,0.0,nan,nan,4685.7443555485015,3.84871128717403,102.82553071007271,430.28161761294945,137.37700932235893,1.3461197398546798,0.9341807779219643,5876.654785060229,1.0386053109375115,16.62480891491281
8d44m21pt975s2d33m47pt915s,8.7394375,2.563309722222222,0.3104328435966821,32.32554445796824,0,0,0,nan,nan,8.08660461949541,0.0003371659978832446,10.747441333167174,0.9367805109090781,80.65060911669251,11.490084156348304,0.39,macs0034p02b,5551.030967231504,127.04520698444719,28.963260601928358,1.8105792674813914,5006.848859281753,2.2621342876246824,54.69666156934974,1723.2169257379119,297.1279501677035,6.762554654865402,3.2351043172189025,4959.073395226318,2.7476794426954925,68.21363254916926,4824.878148563581,690.9992042488711,20.779600869361893,14.980028671156616,3727.0797769536407,2.6267281816359773,86.50386557603944,6700.989507569981,1076.9163957618098,28.902474390449665,23.346247558253843,3729.209481191315,2.6267281816359773,86.43914113641588,4912.800676359156,135.79157318333324,44.273555358355054,2.3440141390445763,6562.682544310456,2.4418764015202368,45.38130969575965,1749.2643101093117,90.38378088149567,8.447022602697114,1.2518212800797315,4861.357327650131,1.8937990537230507,46.083096643815175,248.03344245540305,115.846290737475,0.9062432438556123,1.4992013486773834,4340.284651994985,0.4999617834394905,nan,0.0,0.0,nan,nan,4101.325976032963,3.661438952717237,111.54810607915404,0.0,0.0,nan,nan,3969.24707995799,4.7820096747864325,151.6947792809843,127.75012742148206,500.42705565164334,0.38466571088602186,6.795428468317937,3893.7307612502677,0.4999617834394905,nan,0.0,0.0,nan,nan,3836.6735929008514,4.481178931297108,146.91976502575545,0.0,0.0,nan,nan,4363.078120124228,4.024747250335639,115.64463006196335,1658.131882150844,240.89453147546297,5.15396681479772,3.4295310386554587,3869.0501899251217,3.442660147164504,110.92206950010622,826.7310186122853,401.7944851136307,5.474099056561815,5.080601660951786,6581.662511271388,3.2279131818221765,60.935650921885596,52.68581907203791,1561.4557094075437,0.3459263474177589,19.684948333878,6547.672318367309,0.4999617834394905,nan,909.3360133400851,146.14783388881665,8.616448866321514,2.590231366965115,6716.424439047515,2.7820694328024627,51.037589791006305,1768.9381372097246,375.44383359454986,18.380503951993468,7.284953750122589,6727.265217357428,9.99923566878981,188.66659273341497,0.0,0.0,nan,nan,4688.080000116691,2.927291573598217,77.22717055996335,335.1945955804884,93.03491994051012,2.535123164214433,1.5301146866041762,5874.599258128758,2.4024675994754285,49.79690297568255
8d44m25pt035s2d33m44pt62s,8.740287499999999,2.562394444444444,0.3735641597064474,28.343646299658015,0,1,0,nan,nan,8.070790901475027,0.00011018406631783257,8.900418039628802,0.23903942504437867,72.92456721540539,15.751714642778813,0.39,macs0034p02b,10035.36545611172,164.6970436726191,55.27271600720037,2.47770862587425,5006.839166080372,2.428533567577759,59.13009601267204,2518.0694013733396,411.2145893472193,9.779292781002162,4.430648880074568,4959.176810332805,2.015790225243783,48.53088274762617,9421.210012934458,321.33776836034593,32.44044907198507,5.574271605880576,3725.8865427370615,2.118014011879327,68.30122090066153,14429.511781686684,434.11979523492255,49.783399891256025,7.530710319165029,3728.699481906702,2.118014011879327,68.25011615269491,11187.504984314826,160.93475054275652,183.93780425393368,5.068152110166733,6562.828379182123,2.9030002453918855,54.65290209001234,4090.162562030004,76.86022229845152,24.26602058520893,1.307910391072499,4861.259957343961,2.265014441709537,56.41316383101341,1669.4259882056106,128.0851333381016,7.098502519481157,1.929009820261941,4340.319734216146,2.4801423237871427,69.787535529603,2519.209064763417,679.777955651329,10.141115858312107,10.880760655643027,4110.680895972004,9.99923566878981,309.59640827210086,395.31799413579176,164.62562665649685,1.3131069335315404,2.356275477562965,3968.695637063541,0.4999617834394905,nan,840.8828205755253,149.2307522365991,2.618299580082875,2.101566211350947,3889.1277392144143,2.256177402806367,70.21228940094292,1059.6034318498089,135.26840030791857,3.0234681860426216,1.8067148309941818,3835.0954418062256,1.732578521960028,52.60745502808181,0.0,0.0,nan,nan,4364.490897831085,6.023770558914182,174.57135009689162,1505.2032246713889,145.13684721248146,4.560039897633736,2.01344955270373,3869.3981567197807,2.1320951688269556,66.27231995610803,166.80347445845808,35214481.268382974,1.0282456404453781,414451.2477327495,6583.152618627486,0.4999617834394905,nan,12.628484662154005,965.609705506092,0.06974857410981915,10.243499714020581,6545.549583077412,0.4999617834394905,nan,1803.3584561385223,122.65919514416807,36.25793864755,4.612713363599546,6716.530951022921,2.8538574983735914,52.442372081731925,1290.2767307474967,161.98309961149465,26.520861100882666,6.213791111398419,6731.194425966428,2.9326967086795372,53.8672045943249,621.0505473044607,85.59820535319047,3.1600609879839663,1.332365567582335,4685.379918319373,2.098233757152745,53.74304140576965,621.5710723374042,89.41218128176178,6.893033025839889,2.1556437409031823,5875.845601752013,2.6003752260488078,54.263851777061866
8d43m56pt64s2d33m30pt474s,8.732399999999998,2.558465,0.3910378632686655,37.352151203994595,0,1,0,8.793569606659622,0.009910252286907667,8.058230274918792,9.535043033312901e-05,9.468748389557788,0.15732569826610768,66.92426917718278,12.83180739708897,0.39,macs0034p02b,17842.261710151106,291.2857401181881,29.18623540828358,1.3014754339636234,5006.826633365926,2.350030048492633,57.04232928144021,5597.828068075089,769.8628117050458,7.600249322566362,2.9000487808577327,4959.005758875345,2.210006388141376,53.81621083445978,20211.895209260863,277.8067575388904,20.148379429190527,1.3949499822730882,3726.0955975050533,2.282862598373709,74.24288923767644,31451.326570310666,399.63779991829585,31.410696895765955,2.0066997176396666,3728.7530096812034,2.282862598373709,74.18733877909351,19132.659563837846,169.5778668585146,79.62197556878536,1.3517381979627878,6562.774083027696,3.0291285287615084,57.170792575331454,7931.704219812436,84.66871590725538,14.120966112155642,0.4323351553582604,4861.383235936349,2.56308538550133,64.5711430484669,3558.89264468752,123.0352072449449,4.5553170442023,0.5578200201448691,4340.197874993148,2.1757900789974194,60.42520109686353,432.10551112348406,311.2166895485207,0.44317045867649485,1.275432689217284,4101.579875891393,0.4999617834394905,nan,0.0,0.0,nan,nan,3973.9617930634154,5.917968150076889,188.4415939121068,224.16764163630364,196.93883456073635,0.192305234548707,0.7644620849040631,3888.3704808578304,0.4999617834394905,nan,515.5695969756478,634734.9725111083,0.43309285963632843,2496.1499450140373,3834.9060170608805,0.6325543647208178,nan,587.5915195222633,139.84355779676608,0.7403702395037826,0.6176661807384525,4362.546252883839,1.417211832414117,35.95528554360978,2610.8178487143155,194.30730663476837,2.2412315728999355,0.7641802758405906,3868.645587162878,3.1642902816672107,101.54840725879697,856.0700611728732,877.9366585781729,2.034704852169668,3.9836724798505894,6583.619141950225,1.581399744713738,27.421839960380748,0.0,0.0,nan,nan,6548.284793909939,0.4999617834394905,nan,3258.4371634380113,210.05253175168517,17.56095690785659,2.1174646698950657,6716.314389091686,2.876722224627481,52.88931617163316,0.0,0.0,nan,nan,6720.82,0.4999617834394905,nan,0.0,0.0,nan,nan,4685.785157466733,6.745785933483884,182.29384652102124,628.3598536263486,66.05894276091672,1.9471726636819868,0.44504709012522,5875.655366325904,2.008130951143356,40.782112614044
8d44m20pt61s2d33m16pt81s,8.739058333333332,2.5546694444444444,0.5311919378471475,10.87701421513342,0,0,0,nan,nan,8.101147119554172,0.00018584827735196148,7.8192664010486945,0.31200073189765654,45.091142531430606,8.891117271728016,0.39,macs0034p02b,7345.812742473064,171.57658074918186,104.32905792880536,6.655931516830697,5006.849234375399,2.628966350655278,64.43417826153676,2675.5581790460956,307.86605414898867,20.872544586235637,6.66365644162928,4958.963249865964,2.3569905848840507,57.78083632520234,5213.1764179353295,286.87065901679017,53.97256293614384,14.961347847425028,3725.9926939355805,2.5518101320516875,83.84505415520896,8077.309178531329,421.99716054044586,83.7891399886173,22.008686183210333,3728.798126464823,2.5518101320516875,83.78231910736727,0.0,0.0,nan,nan,6562.8,1.0,13.853480493619768,2981.3355016091164,88.66296981751967,54.360269518177894,4.636889880086655,4861.2903297766325,3.3242461153057237,85.10448030374198,1365.389748786538,90.53361556578261,17.8373604474503,4.18875528656568,4340.491385089764,2.060407082129121,56.839235662871594,113.7653366469244,604.118279861817,1.311743041514932,27.81415150034527,4102.887377826261,0.4999617834394905,nan,0.0,40.68427505907996,nan,nan,3970.08,1.0,22.900702702093618,0.0,53.04468231052876,nan,nan,3889.06,1.0,23.37778840736009,653.5909226932488,101.20686709897953,4.5090346382075825,3.2689110505086636,3834.7957182228624,1.902730004350716,58.728775657638906,0.0,0.0,nan,nan,4362.272859672528,2.2209503603385774,61.50019194716936,112.07167984486465,154.58507932873556,0.7488245519094061,4.724210775476286,3871.2617608801315,0.4999617834394905,nan,0.0,0.0,nan,nan,6583.45,1.0,13.810026928666252,0.0,0.0,nan,nan,6548.05,1.0,13.88468655302385,0.0,0.0,nan,nan,6716.44,1.0,13.536579167464883,0.0,0.0,nan,nan,6730.82,1.0,13.507659064352907,0.0,0.0,nan,nan,4685.600702976195,5.373515710446951,144.75457082843252,111.79548062213712,5416.999500222422,8.92589460421825,940.3663029782865,5875.304352569648,0.4999617834394905,nan
8d44m15pt375s2d33m55pt31s,8.737604166666666,2.5653638888888888,0.6041535908888775,41.54101242666326,0,0,0,8.389580273008418,0.010512200150794673,8.043842799220146,0.0027914846874123158,7.087485585179399,0.3623347827851193,58.667854441660815,15.499045816517949,0.39,macs0034p02b,5361.711533000429,117.15784892863489,15.552388405851193,0.928221287498375,5006.8415215165705,1.8654000932819619,43.96573552449703,1902.6581885731912,243.517573061583,5.169964584609367,1.835914673595329,4958.924342024542,1.9067021170359453,45.53260442476836,4708.555213985686,127.44250786234777,17.950696767037996,2.447564805055462,3725.9522315710233,2.116648571047343,68.25178713559828,5342.207745013092,134.90158382070808,20.407270506278657,2.5908181990771584,3728.823954077514,2.116648571047343,68.20071937525901,0.0,0.0,nan,nan,6562.8,1.0,13.853480493619768,2443.0571988435468,116.01651770044369,7.953396219016947,1.0833153980185035,4861.274832348154,2.727431942061431,69.03438145344813,932.8097286474003,70.74800401198134,2.367317466065347,0.635849890684663,4340.610183848519,1.709560949502098,45.74698222863359,132.74239513664656,89.5044645063654,0.2711892571493926,0.7312065074518247,4100.230268347918,0.4999617834394905,nan,444.79665154151536,79.90413333237287,0.8974462793452749,0.694064935330656,3970.2165227923097,1.3624991276548788,37.48463297296373,0.0,0.0,nan,nan,3889.6962795478535,7.314164522041258,238.33342771822353,130.30408651894132,3119.9556184056564,0.2572526121065765,28.81129476497356,3836.228057542579,0.4999617834394905,nan,265.1487373437002,74.19573417201323,0.668026766828775,0.6548733815419358,4363.8590912473965,1.7740494782299883,47.563433471041535,2221.9659204355785,114.17061520971195,4.658974423323969,1.0966155808897609,3868.8251612699137,3.3316415448883503,107.18811545832092,0.0,0.0,nan,nan,6583.45,1.0,13.810026928666252,0.0,0.0,nan,nan,6548.05,1.0,13.88468655302385,0.0,0.0,nan,nan,6716.44,1.0,13.536579167464883,0.0,0.0,nan,nan,6730.82,1.0,13.507659064352907,81.61291523385334,260.5314954927877,0.22543504914391596,2.201465693015133,4685.386409508524,0.4999617834394905,nan,0.0,0.0,nan,nan,5885.62,9.99923566878981,216.12712798001303
8d44m45pt72s2d34m00pt454s,8.746033333333331,2.5667927777777777,0.6055900106350369,45.707197325033256,0,0,0,8.99802707535727,0.0029450385279128645,7.724707776287208,0.005552037906448103,6.433563670365442,0.7543653143437454,53.24283149817056,15.708529519696883,0.39,macs0034p02b,2693.656712929162,94.65042474496823,652.477520042,62.62276670502544,5006.842292140926,1.8316789790464043,43.03930086547314,932.1855716603479,149.21401866438342,34.24108521668683,15.206057879691866,4959.157339667232,1.9911828213150844,47.85664215408988,721.1507174611838,121.17845170320324,9.860367508984346,8.34231796557673,3726.7169155165216,1.6173688012031333,49.81798901755348,1522.4441898645177,217.27871613468903,20.84761656042299,14.95817211452247,3728.8551004104506,1.6173688012031333,49.780713903882415,0.0,0.0,nan,nan,6562.8,1.0,13.853480493619768,912.315085797824,95.88294605859487,390.30006315209647,117.64725146339656,4861.469200759824,1.8335833863460609,44.38152420231302,2180.032552781483,176.00741026920744,93.36963863929716,26.662552172691782,4343.307078010663,9.99923566878981,292.5682705754515,578.7512955907221,5563.7993717897025,26.912100409109456,1033.329542001926,4102.435069165669,0.628402007331046,nan,117.19706146019136,181.56678983773654,10.711615285501821,71.45676658953413,3969.8867357515524,0.4999617834394905,nan,0.0,0.0,nan,nan,3888.643606848446,2.5813089205439397,81.33396648699734,568.5596731841267,86.39487029645385,19.531928794336235,13.890782677740424,3835.314101269302,1.4950638914160432,43.850738605246015,80.64244142702589,0.0,4.312819471500951,0.0,4362.938714181297,0.4999617834394905,nan,1017.4236616836452,119.42699558428379,49.42684393909275,26.595902978353035,3867.7201493508173,3.349151504684167,107.77740534197989,0.0,0.0,nan,nan,6583.45,1.0,13.810026928666252,0.0,0.0,nan,nan,6548.05,1.0,13.88468655302385,0.0,0.0,nan,nan,6716.44,1.0,13.536579167464883,0.0,0.0,nan,nan,6730.82,1.0,13.507659064352907,0.0,0.0,nan,nan,4685.416668391675,4.250095436588824,113.89827669882905,0.0,0.0,nan,nan,5875.62,1.0,15.473706908126772
8d44m37pt425s2d34m05pt035s,8.743729166666665,2.5680652777777775,0.7142541134396285,48.3810283581482,0,0,0,12.422698515068085,0.018715827935640975,7.082207632275037,0.0033830586950475455,6.7877604625459345,761111.3315773995,123.57572352641458,25.96525014839289,0.39,macs0034p02b,14799.17638334806,322.3513819063106,9.312473265930922,0.5540563658723248,5006.767164546796,7.857171857883955,198.99177028847063,3720.9341434036505,635.9873513755344,2.1492322737767187,1.0195034630695954,4958.135961445396,8.509338966485137,217.719896258579,16451.515257227722,3329000880.5548196,10.620740376753211,10814092.412496604,3727.5975806463066,6.177262096501523,209.7037424684475,7020.226864360052,3329887112.1423073,4.531774154765296,10816971.291364416,3727.4927402181393,6.177262096501523,209.54683668015875,0.0,0.0,nan,nan,6562.8,1.0,13.853480493619768,6186.407561086694,198.8437337539328,3.9598897164371984,0.36514164044188885,4860.689120566427,5.036860475618934,130.62693740700794,1271.161544894495,134.85262787067356,0.739362924291654,0.2777727034257209,4340.628567980845,3.8040853946910143,109.6724028676451,0.0,0.0,nan,nan,4099.606821729275,0.4999617834394905,nan,0.0,0.0,nan,nan,3970.0678524631717,0.4999617834394905,nan,0.0,0.0,nan,nan,3890.1858319058897,8.954759841782037,292.2411004040247,0.0,0.0,nan,nan,3837.0118515446698,9.99923566878981,331.09476865566154,774.5996211858252,155.11522776950594,0.4376221482547386,0.30724208191916286,4362.216361811947,5.508933281594057,159.43722813451737,8079.03548445422,262.7624381581761,4.701710094077593,0.70080719933933,3868.127993514642,9.64007353092655,316.3914009700757,0.0,0.0,nan,nan,6583.45,1.0,13.810026928666252,0.0,0.0,nan,nan,6548.05,1.0,13.88468655302385,0.0,0.0,nan,nan,6716.44,1.0,13.536579167464883,0.0,0.0,nan,nan,6730.82,1.0,13.507659064352907,526.1433396836255,129.025672625126,0.3092564747989592,0.2319689874264117,4685.686517726474,3.3297069946658655,88.4465237520339,0.0,0.0,nan,nan,5875.62,1.0,15.473706908126772
STACK,0.0,0.0,0.4549871554298269,nan,0,0,0,nan,nan,nan,nan,2.200505549639594,0.769641060010454,71.95776645258583,13.443122569275063,0.39,macs0034p02b,3519.553099431431,493.15997197285105,1.2420560563621699,0.47537627651338776,5006.77364740111,2.1743678835233236,52.3447792416897,123.58290576015908,719.7123832706948,0.0454124124028453,0.7334689793947434,4960.236812706533,0.4999617834394905,nan,0.0,0.0,nan,nan,3726.03,1.0,24.400668213494743,0.0,0.0,nan,nan,3728.82,1.0,24.382410999599827,2538.5526989597533,525.1286704884553,1.2775604692914369,0.5061982273372236,6562.863697200587,2.444427094042638,45.43295514916158,1655.5904645585986,422.0236685551713,0.5973666878967087,0.4368547796693633,4860.640908855059,3.411190273960437,87.43225172425089,193.2729834825809,27319835106018.6,0.05616377966445511,28118027734.60316,4340.391093157455,0.4999617834394905,nan,0.0,0.0,nan,nan,4101.726455455172,3.680706654051656,112.15731773569695,0.0,0.0,nan,nan,3969.339337827661,7.706135209621269,246.09407829804533,3089.4025504256074,521.5407283768601,0.810716161036109,0.6191015025257891,3888.8387859098993,1.5358053580768551,44.749471154836,0.0,0.0,nan,nan,3834.9979803937313,1.6966900824224314,51.30247563549819,0.0,0.0,nan,nan,4361.867385549695,3.0117978086541695,85.47201495650593,1541.1892445164763,628.8105575793734,0.4200594682454472,0.7845959560379004,3869.827882366785,2.106567866165938,65.38233590724879,1779.1172964596883,671.6777479784921,0.8927216077314055,0.6434134202511468,6583.7740871809,3.346925524255281,63.29113797613112,0.0,0.0,nan,nan,6547.581073732056,6.764364212428996,130.80972752631993,6644.896562914711,474.76491496263776,3.184937537298956,0.42558404437019665,6717.1643462502025,3.3358192578184718,61.822634347906956,0.0,0.0,nan,nan,6731.0012354971295,9.339257459729096,176.15055129078942,0.0,0.0,nan,nan,4685.325632430501,2.0743541836852377,53.05430616837991,2612.3527956057505,211.14273540989942,1.1070576449117728,0.19465751420835012,5872.645977047375,2.100824070359801,42.918446273575725
8d51m41pt55s-20d15m44pt023s,8.861541666666666,-20.262228611111112,0.3255779241047341,9.262275527975818,0,1,0,nan,nan,8.597850408604408,0.027467361631730417,4.423414952712893,0.5168574370537546,74.26311562408091,16.479395701186917,0.3524,macs0035m20,2767.7627366262554,77.17900844883684,58.71039369306832,4.471687641966935,5006.844056461464,1.886225220210106,44.53649277950057,1116.3830460854701,142.02234695053414,18.847851497370904,6.653205042959154,4958.714392930712,1.844842835566127,43.820786809477525,502.43465556919114,269.3078180869515,4.842427491999627,13.073204464759538,3726.205007338707,1.4577711172953192,43.690633652914485,558.4606284169372,265.9175836921326,5.390186064345287,12.908629861089407,3728.2753796012485,1.4577711172953192,43.65794318571798,2359.4915536750673,111.60445139356757,187.11603983140213,16.952556666918667,6562.84218919101,2.449932128562811,45.544402612360564,1117.9238483301338,91.68941831769018,2329.6343868163112,548.092786734182,4860.989716749277,2.343163681337649,58.56133188000548,1469.4009723467384,116.56467909247124,31.822500095422495,8.941850944472888,4340.170834780742,3.1823231667570293,91.0546695465903,0.0,0.0,nan,nan,4101.757929723735,3.000586779401384,90.56294067886219,51.29298218479937,208.41076900836,0.6869356526788177,12.026305071587647,3968.777854376417,0.4999617834394905,nan,0.0,0.0,nan,nan,3889.3865015057104,2.2759974061917676,70.89446978983871,1897.507989565369,234.29519088330542,20.170248544433765,11.649387042321074,3836.2299731331464,4.956183638051113,162.86368029615676,0.0,0.0,nan,nan,4365.614841946997,4.828151193883298,139.38775285324195,1510.353509000815,107.84677655290419,16.355826813763603,5.346040620376626,3869.9742919084765,1.1773556529278963,31.15204954281321,0.0,0.0,nan,nan,6585.433900040994,0.4999617834394905,nan,102.77968012089138,246.38401194459928,3.313423485289154,15.240867510557496,6551.7986965008795,0.4999617834394905,nan,313.08422225525004,767.0167376670787,7.482002196840385,34.283327623274225,6716.7431233990055,0.4999617834394905,nan,78.3529689206812,1560.3562788397342,1.6811757900314312,62.49274838894129,6730.1764406377615,0.4999617834394905,nan,733.1353843668343,320.87269347246803,36.684606719446805,48.95495006823571,4693.946786306547,9.99923566878981,271.0131455203778,317.5782270202039,96.35224054994691,12.737530510741925,8.402870196392284,5875.081892869528,2.4764163896540996,51.469550837437126
8d51m02pt73s-20d16m09pt18s,8.850758333333333,-20.269216666666665,0.43485241710699496,38.58280006381564,0,0,0,nan,nan,8.015760250018221,0.0003753251117572514,12.775171322832536,1.5764302241094437,95.39535086568331,21.101261798420502,0.3524,macs0035m20,1848.1907405076404,88.7148254564075,9.537986419326296,1.250541710873016,5006.801728278665,2.659872211226423,65.24909962637616,601.8328773925554,93.33378097143111,2.6526567023594576,1.1414289420744113,4958.858400783739,1.9651300892197963,47.14151672128458,2614.8142733011146,478.7224779281445,11.529623877613522,10.634803927643405,3725.803518037777,3.557434123643435,119.17323083209602,6388.834188813863,1007.775075286474,28.221633063575265,22.387689784740797,3728.396703747756,3.557434123643435,119.08406232462676,0.0,0.0,nan,nan,6562.8,1.0,13.853480493619768,896.5572195141133,67.16402902597353,4.199020008258204,0.9022677718907641,4861.19126608489,1.6337266038306484,38.65829811117193,711.7853092360045,110.33510455039166,2.540130348814903,1.3951199203968179,4339.5605694648875,2.926193491056035,83.33628990369854,0.0,74.93297834930034,nan,nan,4101.73,1.0,22.16567686891332,0.0,0.0,nan,nan,3968.9064084559923,9.99923566878981,319.8627926142355,0.0,0.0,nan,nan,3889.0813211983273,4.400726757338154,142.22563295249483,0.0,0.0,nan,nan,3835.051757792996,4.559453528107088,149.54969581410032,0.0,0.0,nan,nan,4363.022864855824,4.142236751257048,119.12426698136521,3225.6608253415006,428.69246232062864,14.114992191420118,8.611502842564331,3865.469511100012,9.99923566878981,328.2406140748108,0.0,0.0,nan,nan,6583.45,1.0,13.810026928666252,0.0,0.0,nan,nan,6558.05,9.99923566878981,193.93267853817915,0.0,0.0,nan,nan,6716.44,1.0,13.536579167464883,0.0,0.0,nan,nan,6730.82,1.0,13.507659064352907,0.0,0.0,nan,nan,4685.587876552913,3.943929718629014,105.45541629620928,178.14009906680923,507.33356266852746,1.400186193727165,8.667225250000751,5876.910068861033,0.4999617834394905,nan
8d52m04pt08s-20d15m21pt437s,8.8678,-20.25595472222222,0.7060579653353312,39.206214364311045,0,0,0,nan,nan,8.009785995883036,0.00013747236107251626,18.35426340474553,1.2085473539361293,53.29427147061796,14.19125133159827,0.3524,macs0035m20,3796.398368984056,104.83767776744959,37.71061880056709,2.844439196078016,5006.835139300297,1.9924301085847735,47.432391110322556,1171.77973281391,166.91830576788146,9.199923053592158,3.6361455834310172,4958.898699482813,1.6764545974615215,39.10817416607969,6369.4982964832725,378.14965663257266,4.7904547783268985,1.432528597718122,3726.14396960938,2.6032312770937653,85.67061917574146,13151.150283337087,654.0909812483379,9.916616112838943,2.477865627306883,3729.8675512703385,2.6032312770937653,85.60651819272263,0.0,0.0,nan,nan,6562.8,1.0,13.853480493619768,1334.230970842812,76.86602745490403,15.158568588225583,2.504865383917001,4861.230812395124,1.5560712476992278,36.39479157419269,1521.1743845452952,164.56293935478243,2.598268385943951,0.9964066269783802,4338.53687882868,1.326218959844569,33.03950364719012,121.20119278402609,138.39406035935218,0.17304284606391454,0.7897860354830036,4101.02280746678,0.4999617834394905,nan,0.0,0.0,nan,nan,3966.9939724290175,7.283984423100543,232.49732396861063,546.2234676262734,84.329859844478,0.5046875229003466,0.35235603729294096,3889.3222363647615,1.278320917604141,35.01476027726954,376.6099573222318,779936.0063500247,0.3039856825858364,2945.445520862265,3835.808153926998,0.4999617834394905,nan,0.0,0.0,nan,nan,4367.42567790255,5.863904581009913,169.87407185731135,1677.1266445719596,164.82744969908168,1.4651438437062474,0.6592615496390871,3869.6737416286146,4.351779575412806,141.34055311434653,0.0,0.0,nan,nan,6583.45,1.0,13.810026928666252,0.0,0.0,nan,nan,6548.05,1.0,13.88468655302385,0.0,0.0,nan,nan,6716.44,1.0,13.536579167464883,0.0,0.0,nan,nan,6730.82,1.0,13.507659064352907,4482.099923103599,259.00437691547825,7.936147588274727,1.4028852161878058,4685.400245704159,1.085635858776091,22.54631174269955,0.0,0.0,nan,nan,5875.62,1.0,15.473706908126772
STACK,0.0,0.0,0.48882943551568675,nan,0,0,0,nan,nan,6.657297619920932,0.003979446066355875,3.3699180786616036,199517861.42964333,89.21302428344849,24.573813524189116,0.3524,macs0035m20,3083.646695132369,148.3404810161349,3.331039102574129,0.43770811114922736,5006.675424300675,2.0076490878500546,47.84549618331752,2206.768353279864,345.2109258402897,2.1740987421942055,0.9430090504915907,4960.917045533944,6.088368439008209,155.27019459528464,729.1035769425808,356388925467.1996,0.2615151387555083,643926029.6754812,3726.024974493466,0.4999617834394905,nan,0.0,0.0,nan,nan,3730.4565213549745,3.8328271484961847,128.66023951927707,1916.021567674127,158.38449825304235,8.591684998652417,1.3603750203476794,6562.742173991652,1.9757052222914395,35.84000893953649,1786.2507292003743,189.6158421666493,1.8851061606144675,0.5740785835059021,4860.699393533681,2.967102352599045,75.51008435661937,3969.8486154517,298.6839802176055,2.7909726470287337,0.7431262777055876,4342.122515622567,4.653938732419172,134.9518637952552,3477.7792285408605,562.2694889949352,2.1507510715816163,1.3927251064451132,4097.27043921711,9.99923566878981,309.59640827210086,2320.205739835109,3995142.4652037285,1.2472425433312975,9244.251433692496,3970.4843377859956,0.6251305360321763,nan,0.0,0.0,nan,nan,3888.79742398367,1.4236387795997376,40.580703854192386,1938.7638116514606,105517984.75732516,0.8285881276986387,210890.7004950292,3836.5675885212336,0.5585704009157918,nan,0.0,0.0,nan,nan,4366.586180815305,0.4999617834394905,nan,7273.544021342937,672.8258186897224,3.4169903475497803,1.4489567026790184,3867.706006310109,9.99923566878981,328.2406140748108,367.4341168646556,195.85365824475733,1.649941297243344,1.6793509520015204,6582.273567576841,1.6519502310636829,28.93547545845445,299.0569280643837,172.76995123653737,1.180745242259636,1.308887294024626,6551.7379613197045,1.5628241778450778,27.166741499237798,142.6335504688937,361.1180247684993,0.5419681762798699,2.5678619042712536,6712.9268614895545,0.4999617834394905,nan,0.0,143.92883783642222,nan,nan,6730.82,1.0,13.507659064352907,756.2632112491416,253.61145339028636,0.6633017407267008,0.6803645149393385,4685.713143796349,3.0063993106548823,79.4389885648792,0.0,0.0,nan,nan,5876.314102600851,1.2280917882011064,21.863910357857353
10d12m52pt83s-44d08m06pt786s,10.214674999999998,-44.135218333333334,0.1875822578015267,21.437399526634895,1,0,0,nan,nan,nan,nan,nan,nan,50.08552012363049,14.399973599715652,0.363,macs0040m44,2062.436394523529,74.79521185413536,467.12512533026006,46.271502334745804,5006.836858590544,2.1447401422872234,51.54842924576219,1201.4754791357484,3642897.7807979095,64.58366745972369,543247.3839906189,4959.289414868998,0.689261623075343,nan,0.0,0.0,nan,nan,3726.03,1.0,24.400668213494743,0.0,0.0,nan,nan,3728.82,1.0,24.382410999599827,2258.123907014827,85.83298018708209,215.58497303850103,15.696375852911958,6562.648924373341,2.1706321720081063,39.85791848576067,0.0,38.607582832339794,nan,nan,4861.33,1.0,18.702211490174054,403.42070996409905,114709.23914622194,56.48477308864232,56853.15933832745,4341.562690577478,0.7214609816963932,5.1229425336312024,536.3396050377721,80.3630013891442,19.65201130669129,11.764934648282301,4101.7807508375045,1.2091795223440072,30.60234861161853,0.0,0.0,nan,nan,3960.08,0.4999617834394905,nan,0.0,0.0,nan,nan,3889.06,1.0,23.37778840736009,0.0,0.0,nan,nan,3835.4,1.0,23.704860453545347,0.0,0.0,nan,nan,4362.802852080688,7.0560858338239765,204.86748829085025,0.0,0.0,nan,nan,3868.75,1.0,23.500516131444996,0.0,0.0,nan,nan,6582.2736766020225,2.535439259454824,47.12442578391592,0.0,0.0,nan,nan,6550.319816780368,9.99923566878981,193.93267853817915,34.63073409368729,189.80772639633082,19.819614236595957,203.18495727022318,6716.395079566083,0.4999617834394905,nan,680.4406592523835,75.59054156175803,154.51832313576188,32.0354522500619,6731.325815360865,1.9634374748989387,34.69709639065748,38.5118746100165,108.91157752354357,2.047475972936403,17.71429871563151,4685.166970480515,0.4999617834394905,nan,0.0,0.0,nan,nan,5876.178959296084,4.925131610887218,105.6320585257237
10d12m40pt95s-44d07m36pt244s,10.211374999999997,-44.126734444444445,0.31001876550765783,11.404008604700051,0,0,0,7.7779115203183835,0.017274344612554428,8.015317392026738,0.000104726581592584,7.797674347054962,0.20982939366531697,82.37739840261672,20.155869142644956,0.363,macs0040m44,4633.205194178953,88.41585355838433,10.467416086599563,0.5456001110075247,5006.842470366879,2.3402216386495054,56.781015725454296,1042.3998144335073,178.86171032956017,2.13230203542756,1.0150978239955406,4959.05827538436,1.6616672057582473,38.689980001318695,9042.315860475272,212.7081562427917,14.71623787204103,1.7438533057944856,3726.0101270233963,2.2533469889934126,73.18264623324268,11805.54729611198,260.9459531729058,19.24988253613942,2.1393230570568953,3728.7311457925634,2.2533469889934126,73.12788907602116,8920.373739461731,143.76459767672782,32.88595341454617,1.015188879960777,6562.749554877803,2.6020221668698773,48.61514536938065,3401.458817681599,76.54511597157486,7.900909101794495,0.5099595434493205,4861.338947529419,2.17884775781256,54.03547316061443,1108.4448583198846,64.36815140125893,1.988267020023833,0.40885847188128904,4340.78508380213,1.695155815653518,45.28346481672676,134.30955190987288,5.129608641931569e+17,0.1959764010800136,2990224400472336.5,4101.965252369624,0.4999617834394905,nan,0.0,0.0,nan,nan,3970.020811819631,5.671132576786519,180.46779611308472,158.40588864013625,6867580919010.886,0.22869473713036415,44851616376.05785,3888.801324178126,0.4999617834394905,nan,0.0,0.0,nan,nan,3836.088724413136,8.416183727224603,278.39416576292933,708.9115940911432,223.17697151739165,1.2638165327456128,1.3923885792322048,4366.125589395782,9.99923566878981,291.0428046557292,1174.290008868569,105.94874037785021,1.7377059305210012,0.7182813473592439,3868.640715488726,2.6199922691711897,83.08269752956626,1033.059859729434,453.5216217090755,2.949978599751507,2.472521474058472,6583.322595389125,1.5675250907107645,27.12229967791234,159.53165719839768,681.8701796596054,0.43197931915869986,3.544868199645254,6548.137285743825,0.4999617834394905,nan,2157.263097067214,152.98893703646462,8.22741927025337,1.0913430143100904,6716.447772520201,2.973843140537847,54.78534428828076,1594.9875059848318,169.2631777337592,6.067351514001279,1.2017607887633273,6730.708782433945,2.7180327019895287,49.6760675496459,234.9580916137607,2104102.396768245,0.4685190221274466,12824.397798357335,4687.520346239477,0.6125897035076108,nan,358.88790468910787,73.96087409028064,1.1452476305180317,0.513048588058201,5876.330998787704,2.241073430527066,46.12898288457694
10d11m49pt875s-44d08m18pt6s,10.197187499999998,-44.1385,0.33941884660994015,62.67326702320006,0,1,0,8.713398336739612,0.00284104298677264,8.114221036921684,9.71901219503242e-05,34.91400259096559,1.7871740302784163,148.40103287866899,18.8818553112473,0.363,macs0040m44,31955.550111119457,601.6390262960105,16.22933575966013,0.8345477858575876,5007.024842582297,5.262818379584401,132.62996273009603,6876.4465358353455,1216.5305689630593,3.0205835913593972,1.4823850756364856,4959.509410384062,3.7100148851686443,93.5364971416075,22128.836477739267,235.27377092771243,15.327517786329855,0.8203167024303226,3727.044994292649,6.0978669985615515,206.97317078622586,21921.458387497558,238.0952311467482,15.020971883876735,0.8212464437776434,3727.046895590694,6.0625217867549415,205.60346668973747,16112.96917449852,1197.3083031091437,8.84810327111409,1.2596794599313343,6561.133613483612,8.448456831958744,163.32600528426894,2373.8983033024806,114.72976914683751,1.2618122113226302,0.17491836314499773,4861.205144737049,3.054926936454308,77.87487093332552,342.13056436565716,27853466.626294766,0.18638803614590502,53748.37617357754,4340.202961179212,0.5641855334147464,nan,0.0,0.0,nan,nan,4111.73,6.1217443837774,188.76138267917145,0.0,0.0,nan,nan,3970.3314806642543,2.9672237531892534,92.46547748082352,0.0,0.0,nan,nan,3889.717227657537,6.495083522664008,211.38107643490468,0.0,0.0,nan,nan,3834.958624377473,9.99923566878981,331.09476865566154,2037.8661378564989,162.29545620397047,1.0871764087910656,0.30356941941296706,4362.101776206336,5.285506978603484,152.86251937954708,6883.312128261418,752.734740403418,4.183154074096411,2.0971241463512453,3867.630792520654,6.306952964696244,206.26254408494134,13485.28591053967,1287.8638033777165,7.353731162762121,1.3413424251984867,6580.798702429731,8.013122504195277,154.3646212555991,426.8988136697454,686.6421357790973,0.21580267909687584,0.6663855422326773,6548.411294742695,1.8417196594357457,33.12032239903827,6079.492644263373,675.3538419625575,4.171623461168695,0.8668855701947878,6715.6516514678015,9.99923566878981,189.07053077254085,4759.383380989159,728.9305705867496,3.244333040206055,0.9282990161250528,6724.340956646338,9.99923566878981,188.66659273341497,2845.233334426119,250.89828924364048,1.4617982023122837,0.3943688944811209,4685.109100391566,9.99923566878981,271.0131455203778,1196.0054846550286,202.95827039214598,0.7235578032435572,0.26690367636222584,5876.419096463919,3.261134943447027,69.01370261209757
10d13m11pt19s-44d08m10pt964s,10.219774999999997,-44.13637888888889,0.4019786164780488,36.02474553659694,0,0,0,7.980964669910318,0.1516619825988842,8.037075253978088,0.00015691591393733313,10.940171945073965,0.8105263498104185,83.07019310209431,26.252469527551607,0.363,macs0040m44,1828.2681996385993,55.40946750387515,22.496465976654825,1.8622630403822134,5006.868829925293,2.3082806596041947,55.92929708885837,395.08768945054885,73.87758424460948,4.115062848897848,2.1347604834889937,4959.215544585453,1.1222773554855057,22.520752014188314,1976.00853220059,117.72137969780763,11.029371645206627,3.3098936996987254,3726.049454842358,2.198747484271998,71.21739067302086,4337.307141402403,228.77319497810328,24.252612586038374,6.43226369468106,3728.6106164172697,2.198747484271998,71.1641039710675,1853.5611348468406,75.33882071196848,57.078805182091095,4.443903318219698,6562.600626480245,2.226449656569971,41.00016277717894,780.3050633528618,52.13196009363449,10.500215705844019,2.012105634247403,4861.295813868463,1.6286696510441119,38.51167818601186,166.51748137153336,72.33689021248806,1.1166123004354112,1.7174964311540513,4341.020345931536,0.4999617834394905,nan,128.40862232544404,51.15529672452358,0.638309366149569,1.015998266290344,4101.784583700106,1.4313517042283856,38.751329662539774,0.0,0.0,nan,nan,3968.764216334949,9.90721144491823,316.90448985773986,0.0,0.0,nan,nan,3885.7800957702552,9.846947216902318,321.52874711140436,0.0,0.0,nan,nan,3831.9659578600676,0.4999617834394905,nan,447.31717634073937,59.99770232766517,2.981754062574213,1.4019767506803786,4362.486446750236,2.2499312447356674,62.390580502234606,1783.2833823999274,122.01843685990161,7.643390799623614,2.3957920088753797,3868.785845199968,5.487093946778212,179.0901264553523,64.95442236223495,120.67516752012689,1.4161899029525349,5.022877826450227,6583.712254691518,0.4999617834394905,nan,55.072130814560616,149.95502688697454,1.0938883216582067,5.7228321904011015,6543.453131089392,0.4999617834394905,nan,0.0,0.0,nan,nan,6716.44,1.0,13.536579167464883,0.0,0.0,nan,nan,6730.82,1.0,13.507659064352907,22.18959277454747,37.99684085112118,0.25645455798766437,1.3424192003664637,4687.242632957309,0.4999617834394905,nan,119.92170579094687,250022.8399264341,3.5435243022469907,16057.261353204976,5876.998996641463,0.595762136905208,nan
10d13m12pt315s-44d07m59pt31s,10.220087499999998,-44.13314166666667,0.4808684643862291,30.69024648711953,0,0,0,11.511231680963961,0.13968339933633275,nan,nan,9.343769142470073,11627.649660218945,87.99156964436517,23.356468000562206,0.363,macs0040m44,2272.3145196809796,59.103160062414865,25.12710899726167,1.7851338560147927,5006.844949868365,1.9082651258882377,45.13944898473544,924.9245382004657,3978734.3670887803,10.526373987288629,125677.9532685884,4957.908100254361,0.5503937535438191,nan,0.0,0.0,nan,nan,3728.0467272163496,9.99923566878981,340.8133793077146,0.0,0.0,nan,nan,3728.8776369684806,3.5773111597250336,119.77616317095146,0.0,0.0,nan,nan,6562.8,1.0,13.853480493619768,342.1787299248533,47.94165470504335,5.474545117000468,2.197886372814548,4864.040984560787,1.8518443922672292,44.89850454771621,0.0,0.0,nan,nan,4340.332232205898,4.802089458962289,139.34571166771153,0.0,0.0,nan,nan,4104.759491643795,5.012331753809373,154.04893594934939,303.48448750797456,1969437.2901198452,1.8234970747408907,50941.45451400652,3970.307138640639,0.5441861688393972,nan,0.0,0.0,nan,nan,3891.4959448390327,3.0226848791780307,96.25906068368654,0.0,0.0,nan,nan,3833.7564823859,4.7500332119225215,155.94849278080733,219.06667180560424,2762259.265812408,2.277075454428467,100670.79686779859,4362.048748220384,0.5247340999154285,nan,348.1245031907186,99.31618151402073,1.1348528449908108,1.479147921051986,3873.0503985261357,1.953665297175209,60.021409134029994,0.0,0.0,nan,nan,6583.45,1.0,13.810026928666252,0.0,0.0,nan,nan,6548.05,1.0,13.88468655302385,0.0,0.0,nan,nan,6716.44,1.0,13.536579167464883,0.0,0.0,nan,nan,6730.82,1.0,13.507659064352907,636.904104823984,230.70389125557213,5.855075004821763,6.478487573569171,4689.1591060614855,9.99923566878981,271.0131455203778,0.0,0.0,nan,nan,5874.19917748568,0.4999617834394905,nan
10d12m58pt305s-44d07m44pt763s,10.216195833333332,-44.12910083333333,0.5007782792885858,14.39773480211718,0,0,0,nan,nan,8.03167778823637,0.00011378742082658173,9.738588970250332,0.3908794825098692,64.94907397863668,19.724776178881143,0.363,macs0040m44,3069.3178545172764,73.10907134337731,13.641000575294727,0.8874841033559233,5006.852438964811,2.6521561506351405,65.04571064179025,1071.02286241498,128.32209975498904,4.291269313485738,1.4264533951376175,4959.1070757827165,2.3163333934803303,56.68679411966531,5087.830019715676,177.5544932224578,25.55827216327212,4.493321778612299,3725.9169388057344,2.41620115966473,79.01571414225158,7435.943268454309,241.46811441427653,37.4278522960892,6.110765870502232,3728.7537090948504,2.41620115966473,78.95659253207546,0.0,0.0,nan,nan,6562.8,1.0,13.853480493619768,1711.1425542250695,59.4963980171987,7.721387461925948,0.7700157803704512,4861.382448747053,2.0925957019694086,51.644542394500014,477.9620371753076,53.25786782599508,1.6970365100997473,0.6697597361286292,4340.31318285922,2.504996504775729,70.54710285660278,234.44254301858783,72.5347863298838,0.7267044660321461,0.8982501865062629,4101.936012403816,0.4999617834394905,nan,0.0,0.0,nan,nan,3971.6055125768357,0.4999617834394905,nan,0.0,0.0,nan,nan,3888.9185687574295,0.4999617834394905,nan,0.0,0.0,nan,nan,3838.6979838859415,0.4999617834394905,nan,1029.9902395565678,114.43476870502427,3.827480624289947,1.4887787260150527,4365.262691090174,9.375843959199639,272.8057034307111,1842.009564131371,120.6568587721697,5.267563091769015,1.5824620307121682,3866.949314602729,8.480108779061553,278.1051689248262,0.0,0.0,nan,nan,6583.45,1.0,13.810026928666252,0.0,0.0,nan,nan,6548.05,1.0,13.88468655302385,0.0,0.0,nan,nan,6716.44,1.0,13.536579167464883,0.0,0.0,nan,nan,6730.82,1.0,13.507659064352907,172.45276672008154,33.2174094166812,0.6330179392640795,0.37286871643045394,4686.254452571784,1.1927415617379118,26.23889914096374,354.92912969609574,91.50359292731811,2.2129066513201434,1.2402838513845797,5875.837383061728,2.699715103560704,56.49559724630971
10d12m15pt3s-44d08m14pt824s,10.204249999999998,-44.13745111111111,0.5955100115743377,39.91728761548158,0,0,0,7.621074478231801,0.0021506482218031243,8.028783045363404,0.0010659296441550175,7.366936557597347,0.5287179618263047,81.16173773769833,19.291669852384157,0.363,macs0040m44,6377.8128441133085,134.48046794235378,16.817984409438537,0.9686085590012272,5006.838456005947,5.134330727350607,129.3328441847036,747.2558080226066,156.75646612101784,1.652818770493334,0.9622236176981216,4958.234927811146,1.8228050831567233,43.20865883716748,6310.112666550988,939.5876624596859,22.674655815312583,17.014845051331527,3725.422213997939,4.22926820802706,142.5115909062443,14621.574287591024,1615.7627230401536,52.63693974750702,29.259592766763564,3728.03673965375,4.22926820802706,142.40496003142914,0.0,0.0,nan,nan,6562.8,1.0,13.853480493619768,3808.469828254956,97.73765375448785,10.051341882805385,0.7399015725513508,4861.126985946158,4.8769278353843335,126.39615831569228,752.9356836914772,46.452424631407034,1.6649383010480987,0.36408987635398843,4338.731121267924,1.4484559057769537,37.194057044428874,294.2178186879725,36.29554608383226,0.5495017866843714,0.2709828382581594,4100.840496028718,1.0927883401165628,26.045920636629297,0.0,0.0,nan,nan,3972.3472333445807,9.99923566878981,319.8627926142355,0.0,0.0,nan,nan,3889.235750924623,2.4825718756689947,77.97061699270542,0.0,0.0,nan,nan,3831.438784025508,0.4999617834394905,nan,619.9484226767668,96.91787079559818,1.3534830144749317,0.7411298572988108,4364.261901306006,5.552769256100552,160.72664705696445,1829.8249230456106,102.51585325065243,3.522999112834268,0.9049310585412134,3867.464839260747,6.387857376414404,208.94122975367947,0.0,0.0,nan,nan,6583.45,1.0,13.810026928666252,0.0,0.0,nan,nan,6548.05,1.0,13.88468655302385,0.0,0.0,nan,nan,6716.44,1.0,13.536579167464883,0.0,0.0,nan,nan,6730.82,1.0,13.507659064352907,0.0,0.0,nan,nan,4685.527687227811,2.277521640649287,58.88510843526119,0.0,0.0,nan,nan,5885.62,0.4999617834394905,nan
STACK,0.0,0.0,0.4023078916637609,nan,0,0,0,7.982314955113182,0.06799312573934116,nan,nan,6.895919833830757,0.9585271363740185,77.42538306844463,16.316944773117097,0.363,macs0040m44,16789.31803333238,442.26890133102194,6.202993054715151,0.44623652766785765,5007.383269905592,6.400622664770675,161.7739651934167,1549.419776374363,480.4972252064096,0.5482358435192101,0.471817663310476,4958.301837185328,2.0757013853898543,50.167817860892484,0.0,0.0,nan,nan,3726.03,1.0,24.400668213494743,0.0,0.0,nan,nan,3728.82,1.0,24.382410999599827,2432.8964244285135,390.93600410713947,1.0804860033597528,0.33260575358027694,6561.8680712169935,4.738866956039066,90.91965955179764,2659.360643918533,357.31212488204164,0.9996016899903022,0.38481390830530904,4864.331263091721,6.528298054752423,169.97959041387026,8860.207988199081,228.66473512995637,3.3670395738244396,0.30804695996206705,4338.4688993300115,1.387775349155533,35.147335450901615,1963.8863774028064,1301959.8905195335,0.6639125750045589,1760.0028155770915,4100.27806498589,0.7146430453889452,4.4671964189200635,0.0,0.0,nan,nan,3970.08,1.0,22.900702702093618,0.0,0.0,nan,nan,3889.06,1.0,23.37778840736009,0.0,0.0,nan,nan,3835.4,1.0,23.704860453545347,5697.938005772905,1184.552181394097,2.1085074355452122,1.539114104353205,4358.962282579082,9.99923566878981,291.0428046557292,0.0,0.0,nan,nan,3868.75,1.0,23.500516131444996,1158.473794246018,232.2548682647964,0.5139728459269404,0.19666472099782056,6585.376663980638,1.862393761196549,33.37405725610337,0.0,0.0,nan,nan,6551.852109489623,7.451014016767335,144.22525542531073,0.0,0.0,nan,nan,6714.515789755678,6.99758772092774,131.9739683252556,7436.9308896486,481.82646345122544,3.452266078673034,0.417644669793413,6727.74705816596,8.679852222406046,163.6403594870049,0.0,0.0,nan,nan,4685.734965274851,4.497141099907782,120.69825039118848,0.0,0.0,nan,nan,5875.616718060994,4.0419568308627385,86.25583709940784
10d31m40pt245s-28d31m44pt378s,10.52784583333333,-28.528993888888888,0.28732327707512284,41.443675542125625,0,0,0,nan,nan,7.679824465707019,0.01214413774838785,5.741519545213363,1.0187852070392862,71.18744072359375,11.413092370983852,0.1087,a2811,2517.7904141475956,91.3072566810131,22.067878683844526,2.185926982076294,5006.821151927447,2.476082109878128,60.39161536661168,854.4403241379227,129.3373086281995,7.4710839744546895,3.137577002819581,4959.10991308137,2.0027300369543655,48.17317825589864,468.1392261883083,231.43890704817647,1.9052331492658927,4.745677082772949,3725.7463697035105,1.1154826828535842,29.674892244943468,1774.5151066707838,694.9408381907665,7.236196833153813,14.249828828471085,3728.5749836166824,1.1154826828535842,29.6526887196021,2078.051527532462,107.48787387045981,50.13963190855489,4.967399172674097,6563.078154294633,2.7063637093691475,50.71356603810539,977.9440837792974,114.35308052258253,12.94121663223766,4.340848447510724,4860.947826397501,2.031676364704938,49.94843026421888,961.5164282694271,126.89268689724084,8.429283531532208,3.938983539744401,4340.921234359769,2.205770568346337,61.3532090239842,0.0,0.0,nan,nan,4101.525211354628,4.875084561489579,149.74567137137186,610.4275485316202,154.40786804635542,4.650016033948064,5.0632283067940556,3970.396031933185,4.332932393017056,137.12067010715737,0.0,0.0,nan,nan,3887.9927580893095,5.830236738715816,189.47481933174438,596.3260383001049,467764805.63472724,3.4717892763915836,12746820.232529556,3835.1895231291037,0.5534423173779208,nan,0.0,0.0,nan,nan,4362.790526995058,3.7787913545519185,108.3496237990443,1077.94062709054,139.9041322907537,6.037773308743114,3.588670585393501,3869.283503435947,2.936194527881555,93.83625292819322,7.228282480896744,250.20039839912013,0.13477816953958244,8.908010703247536,6582.455010953609,0.4999617834394905,nan,0.0,0.0,nan,nan,6547.7337072504415,4.224733305684006,81.00381654213389,323.28608650414475,131.8990598468166,5.963585920619483,4.55122807988654,6716.053505532626,4.7894997007305635,89.81012745722953,226.30512160676216,84.74378852436885,4.13946063827924,2.8921937352507228,6732.923892399995,2.0704976441464664,36.856410948720445,707.0683830794562,115.66626540347455,6.215054278689493,3.1106766473250653,4684.933958978152,4.170955574748962,111.71769455241659,394.86221628616437,72.96194659976086,7.96293894048273,3.1983882485930213,5876.427543005996,1.3392435251459158,24.738706796905586
10d32m44pt1s-28d32m04pt231s,10.545583333333331,-28.534508611111114,0.5465821551421428,30.626610038321612,0,0,0,8.069132064423753,0.10696301613870934,8.424114399143665,0.003938741078639657,9.996360458213305,0.4392598562271232,41.287418526347125,10.992154843588363,0.1087,a2811,8977.182273029714,133.2639056606148,805.8220893486899,32.67374159001167,5006.836376870114,1.7585266343439485,41.01924094494507,2622.8667895599847,360.0466272630767,39.41196582125848,15.010362804040545,4959.0272945661745,1.5837512602945898,36.47255397858144,765.2644979281025,98.65559588064872,15.385818452942555,9.978374733936816,3727.9217185766356,2.413776175464013,78.92914127829245,808.333741746174,102.67380780713512,16.285102113689472,10.384790852606471,3730.8643231395854,2.413776175464013,78.87008444418235,0.0,0.0,nan,nan,6562.8,1.0,13.853480493619768,1317.8443651899445,40.93309542603705,45.82415541826559,4.082333898414201,4861.357423740098,1.7356996333487698,41.59457128594642,612.8670493631381,38.75181238321102,11.041777194830805,2.472662152509166,4340.496875125878,1.3234381456395394,32.94343438837803,490.03800727015573,41387.45284626111,12.352974973478265,4169.114054305682,4101.496823385923,0.6020274029077755,nan,558.8033504097723,96.48205867683457,12.013906082382286,8.92365427126915,3971.4343264214936,6.502229302977863,207.29777316622616,543.7936649267155,54.50688013947467,9.22754104669859,4.181442372862885,3889.783729098543,1.417979658146074,40.36782010335472,500.56482169893604,45942.79394188088,7.6751437047365565,3294.410878574083,3836.507009556128,0.5945963106410809,nan,339.7139230835518,168216.4368800967,7.246220762934972,12573.720198312316,4363.246656340287,0.5006908218788451,nan,1063.2808342904318,62.05108994573286,16.604797788126906,4.438277490021535,3869.0713406924715,2.208516366108344,68.9291751723698,0.0,0.0,nan,nan,6583.45,1.0,13.810026928666252,0.0,0.0,nan,nan,6548.05,1.0,13.88468655302385,0.0,0.0,nan,nan,6716.44,1.0,13.536579167464883,0.0,0.0,nan,nan,6730.82,1.0,13.507659064352907,116.5745737907591,41.42593061802401,2.5347828488544426,2.7547893551333122,4686.045431367174,1.3426960952406042,31.131142758346712,200.17774414684007,41.32774529918747,6.672712263584219,2.994586880376551,5876.409833600329,1.0523634601017964,17.026163746497343
10d32m06pt135s-28d32m14pt359s,10.535037499999998,-28.537321944444447,0.7802748022138457,9.528635969550383,0,0,0,nan,nan,nan,nan,nan,nan,69.10827638809914,22.58407971379482,0.1087,a2811,1289.343227118849,56.508819231849394,2.6111021685448237,0.31257763548585066,5006.842512450261,1.5634530773573065,35.54711706584771,128.7553131576025,739839390.9217892,0.25808485918589685,4113211.2991987243,4959.961454314154,0.4999617834394905,nan,0.0,0.0,nan,nan,3726.36955728119,3.813170184877898,128.0733938324312,14.954770428910452,80.48812912360148,0.01651904901282612,0.4468311013744356,3729.3176290894303,0.4999617834394905,nan,0.0,0.0,nan,nan,6562.8,1.0,13.853480493619768,0.0,0.0,nan,nan,4861.930353522818,7.64260814814019,199.30588625534267,67.61889454632637,74.37118507623515,0.10559305271965923,0.41146336904514946,4339.71585102435,0.4999617834394905,nan,683.4216437947682,151.63393998343176,0.9962077397703788,0.8815692718662018,4105.034091963487,9.99923566878981,309.59640827210086,0.0,0.0,nan,nan,3969.830817721502,4.053126024674096,128.02014759728416,167.8134900059583,29.8814642332702,0.23354195601948577,0.1880558253339452,3889.326855497159,1.1798118318970272,31.089304138160458,248.58247920351846,131251.62575288682,0.31781470093410163,784.8657790151435,3836.318272832939,0.4999617834394905,nan,0.0,0.0,nan,nan,4363.267876030305,0.6667984506584842,nan,0.0,0.0,nan,nan,3866.8247857190963,0.4999617834394905,nan,0.0,0.0,nan,nan,6583.45,1.0,13.810026928666252,0.0,0.0,nan,nan,6548.05,1.0,13.88468655302385,0.0,0.0,nan,nan,6716.44,1.0,13.536579167464883,0.0,0.0,nan,nan,6730.82,1.0,13.507659064352907,0.0,0.0,nan,nan,4685.652474439682,4.505412393540787,120.92574954506574,0.0,0.0,nan,nan,5875.62,1.0,15.473706908126772
STACK,0.0,0.0,0.5380600781437038,nan,0,0,0,nan,nan,8.143993809044664,0.0015520339954894604,11.163986040071432,2.2140524814157287,77.91765415014319,15.444734069017372,0.1087,a2811,2917.7348295528805,128.14034558223656,5.077534661154798,0.6090975368750845,5006.7888621410275,2.6354992285800902,64.60649629915734,1083.028917025965,141.83059064557818,1.79941566737264,0.6537929646281561,4959.039058608143,1.6708953391927024,38.95104845702222,874.7565904341149,263.11323674485965,1.1360297780842572,1.7224449077163004,3725.0498420383256,2.137978665662106,69.02356972960929,2082.587750077561,501.0213217101381,2.712480398549688,3.2798867700972,3729.208379468456,2.137978665662106,68.971924501482,2048.4325582837946,151.01279041337003,5.751158018047363,0.812087168883419,6562.92612100054,2.8150270905645463,52.89274604466545,623.2637753321662,111.42642342747752,1.1595102592288338,0.5946294377126249,4861.014894678277,1.7812705363669907,42.895538040925274,929.806256972206,125.17373974948902,1.3729400848950561,0.6545316920333331,4340.701705665343,1.9080395105483619,52.06248255220335,0.0,0.0,nan,nan,4101.823850504385,6.573547336872873,202.8706782519588,0.0,0.0,nan,nan,3973.1315040507834,0.4999617834394905,nan,0.0,0.0,nan,nan,3889.40157487906,4.365964410540211,141.07287752613442,146.83397970932074,243.1493016162943,0.18555787602259172,1.4377668586182226,3835.6946525877065,0.4999617834394905,nan,0.0,0.0,nan,nan,4363.110121169297,5.051119536036928,145.95990346889113,1272.701102994603,167.12554391852194,1.5140886822097435,0.9102288333033958,3869.786297673547,2.039841669397827,63.04952019117332,0.0,0.0,nan,nan,6583.5162597187755,0.4999617834394905,nan,0.0,0.0,nan,nan,6547.417566650434,9.523232740054896,184.65411212572906,93.49051121753646,161.00234916430333,0.2700136255938571,0.869559607882266,6717.855357236967,0.4999617834394905,nan,337.8755594824379,134.9729448809287,0.9968052821783348,0.7430175542718878,6732.481344133013,2.3158345494639243,41.75391506319628,265.8154168142197,64971.02858547174,0.42399138845478074,316.92926263196074,4686.126198441541,0.4999617834394905,nan,688.3415482298931,4221896.823687698,1.8090176018012425,24119.612690609163,5876.244149955957,0.6404778389698885,nan
10d51m32pt73s-20d37m36pt819s,10.859091666666666,-20.626894166666666,0.2309004709473259,28.863294379542012,1,0,0,8.964087241951479,0.02900718867305504,nan,nan,5.122511239756066,0.35457681115319833,82.48349179288732,21.15870687292169,0.2934,a2813,7171.184154173925,180.40636703065582,78.65515475714085,5.404727849512784,5006.847443895281,2.3688735795919467,57.54405793188354,2346.682191128237,324.68705190390835,14.050924083870598,5.394226577347941,4958.797776731114,2.0486246665521306,49.42879484563243,0.0,0.0,nan,nan,3726.03,1.0,24.400668213494743,0.0,0.0,nan,nan,3728.82,1.0,24.382410999599827,3932.454851047453,86.78414603861042,90.47321019493407,3.824529269175394,6562.549879934203,2.108870210943916,38.590032017197785,1858.046942178189,106.22305211402198,20.3717991675,3.340764324405068,4861.022455776478,1.7995957361734105,43.41694755247902,1326.3854389820435,144.73391052266402,11.676541889733713,4.514265336847819,4339.6516107403,2.2096708797598392,61.47383306174059,1778.23858773647,233.32642111503168,16.302529805886202,8.547987579215615,4101.489586181273,4.202757457116298,128.62374412910705,564.8387587335347,183.10436597525285,4.073026153550745,5.685923422130973,3969.7277071324656,1.0623010016199306,25.623504771891238,0.0,71.43292558967183,nan,nan,3889.06,1.0,23.37778840736009,0.0,0.0,nan,nan,3825.4,9.99923566878981,331.09476865566154,275.6558671624464,187.21326181029409,2.076731548038494,4.94540467601882,4361.978386767525,0.4999617834394905,nan,1374.3135374183842,1660.5138756208542,6.529825693173392,36.27765934930555,3862.896880394402,9.99923566878981,328.2406140748108,352.70394915896213,248.35191545816363,4.942592716430401,6.64524103528549,6582.594360128567,1.8122428687348275,32.32511386708825,0.0,0.0,nan,nan,6549.639153141101,7.8336001359099106,151.6950877075785,533.694416120652,116.75010233597533,10.110376180597896,4.136641794432915,6716.827336303875,2.6245917176212856,47.947095619055716,915.9217624508236,108.17037289896139,22.01172376850243,4.8523261013471926,6730.210448130744,2.67560835551626,48.845150955487696,1653.7637554427868,248.32887535401068,26.307824501734224,12.109014136499098,4680.114518689216,6.93634558958827,187.49868541195826,566.2167495118384,81.64272656246573,12.083301960998055,3.7873818186423884,5876.300779811214,2.198702059857307,45.16153763571943
10d51m09pt885s-20d37m03pt785s,10.852745833333332,-20.617718055555557,0.3804203608296717,13.046479043779472,0,0,1,nan,nan,8.033571006201344,9.128947433811749e-05,7.12769536967879,0.08704091036472643,65.60497279288546,14.609533864569114,0.2934,a2813,20561.346519954204,308.1734858573579,17.452043940552972,0.7144582435121816,5006.839031347337,2.447169670196366,59.6247931420077,5549.008494538625,845.6607313123812,4.1449381596831705,1.7526201701509345,4958.968940766038,2.099731521148983,50.82265130125762,33252.670502574765,343.4396478420413,20.076417972662796,1.0445624327611502,3725.9587392471967,2.4238532048389203,79.28884301421569,43938.44304904103,430.5738285474467,26.580725131244932,1.3095786949958168,3728.8039104186496,2.4238532048389203,79.2295170419216,35609.58249909222,415.30235234896196,54.566804391800595,1.2189631500635696,6562.792374702191,2.8250263049005646,53.092985341302345,14492.969074625858,96.9860040385626,12.79308495963199,0.24554495634988938,4861.354499739129,2.182910018779039,54.147800377006085,6088.741721792525,112.63308365313966,3.942756620576278,0.258296788780295,4340.592307826958,1.9679310018606895,53.94638255913345,2238.519244246397,137.77498126391438,1.2440376159339737,0.3059254562206021,4101.753890086824,1.7828039534214168,50.89112368233461,254.0552726204131,278.5302652757924,0.1280454922535482,0.6043911788821746,3970.116420544935,0.4999617834394905,nan,516.9233247379738,621.51891777099,0.25413725095939127,1.3822545939938802,3888.793859907894,0.4999617834394905,nan,0.0,0.0,nan,nan,3834.7878343582506,3.2165262062783846,104.20860017486565,0.0,0.0,nan,nan,4364.999952371744,1.384177344404036,34.842438552998416,7396.333426564259,446.0786364559887,3.807727002251735,1.0518403416426878,3869.036272156148,8.713677529762286,285.81689860707843,3967.6174017053086,1989.87916252288,4.076879827206087,3.9035277506994683,6583.559250924304,2.2692483638471708,41.74250833432296,533.1530662138459,2401697.5352985747,0.5314538154469899,4596.270846999839,6548.261242251673,0.6556821861854554,nan,6046.353461308733,319.92679191162205,9.34920376586629,0.9252696463493705,6716.510973011374,2.8616420588919036,52.59456481803435,4443.099271735661,447.559851143811,6.680461812058779,1.2559606233498632,6730.851234312032,3.0116230500129912,55.40327558588412,512.7243245390931,157808.31730552646,0.38379328059589163,361.46398257341326,4684.592187104897,0.5903487297283575,nan,1435.5916645521697,79.14645756697436,1.9976311627674284,0.2394279420805381,5875.86462166142,2.839770958885953,59.63215494669005
10d51m22pt5s-20d37m00pt409s,10.85625,-20.616780277777778,0.38023914486809307,19.286479990908735,0,0,0,8.24027623506297,0.0891573543200412,8.100741493325886,0.00010335527074583007,8.72869994186263,0.19293323104216337,47.682545507495476,7.276200445259733,0.2934,a2813,21653.703073592398,308.90271888414185,23.814122728725906,0.9279203959543264,5006.840852851876,2.0547027174755037,49.12003136412095,6039.851021748778,930.6566942596926,5.606055444423887,2.396737290303688,4958.89395323854,1.9290440851116661,46.148694254129865,15775.927103177266,298.5110025177711,20.029192172571488,1.9091820861510218,3725.977878860452,2.1418780485856592,69.1645595121507,21056.73025076666,365.25245694651954,26.784502918224405,2.336039348108881,3728.6964653389778,2.1418780485856592,69.11280879180516,15788.80953120748,112.87707017021864,29.00465383747069,0.39718422616711885,6562.743039100156,2.3880774593496485,44.29085739785078,7392.419475873949,105.630125959734,9.391369301670835,0.38491041153862193,4861.186171498352,2.0612411601674774,50.77238695155066,3687.7391563696974,108.72118789100875,3.4503345011328768,0.3602838732793196,4340.351712543874,1.7616605173209805,47.41700660451598,1454.8874742751796,112.37212620932631,1.3917880861951384,0.42963102183477486,4101.242600015534,1.3400357495376967,35.4663842497017,0.0,71.92753919402982,nan,nan,3970.08,1.0,22.900702702093618,1083.9476357094275,99.39436246772115,0.9626035175107213,0.3991908293654753,3889.2059943338054,1.0042626139278612,23.572784719570727,0.0,0.0,nan,nan,3833.8836075785443,3.9147519853473782,127.84985336518058,604.0445011210402,18419.852374948154,0.5530656018452279,59.05965649418169,4364.740665408339,0.7487572503039848,7.754865624744543,1446.0577198949666,141.57233333458345,1.2904271690586677,0.5788384531526529,3868.5198816716097,1.5836971607322252,46.74802830602778,211.13824761725223,1164.7752229408989,0.30725578611623844,3.236148572641256,6583.257456487693,0.4999617834394905,nan,0.0,0.0,nan,nan,6548.210582791973,6.364303597029548,122.98692155714716,1840.873681447458,164.64155969141711,4.506241689262064,0.7538203170312753,6716.491585665364,2.3942121699281596,43.39930582369616,1460.8014194550274,164.4474002471193,3.6618620349954636,0.7693960085844058,6730.732647296748,2.015929802025275,35.75778707554162,547.9295594606925,89.30897287385974,0.6018353700136303,0.2998268889278157,4687.585038650316,1.7024492354139682,42.164665299872176,1063.697812143395,103.64123087300577,1.8093300615067571,0.3832971612230269,5875.382767574507,3.2615660515091505,69.02326655020931
10d51m29pt295s-20d36m50pt04s,10.8581375,-20.6139,0.6517582892132683,31.68321534250361,0,0,0,7.767835973414151,0.0,8.06766441794567,0.00025701923880499546,10.028692510310814,0.9887054734273094,51.27763664887791,10.49497130077975,0.2934,a2813,1881.7987364768317,90.08102745389866,67.1990027859836,8.78641315910417,5006.826210739355,1.8346882515774,43.12209189903825,627.5746915605262,106.32194639315156,14.13296417265228,6.642809757368256,4959.162959903941,2.354223979054067,57.706448903795575,2665.6128922779817,234.89929961230803,31.788215706311213,14.109481132579772,3726.169748472629,2.7607869824737485,91.24742490415998,2307.45189924837,277.45120711449886,27.564222780589873,16.665407595742302,3728.624233740714,2.7607869824737485,91.17915121020785,0.0,0.0,nan,nan,6562.8,1.0,13.853480493619768,746.1030649679188,62.47776645239624,67.88410547567298,16.30449463958828,4861.298161044131,1.223192780778337,26.269400224318247,268.782877925289,81.82282737489489,6.296226845224061,6.7884252659151905,4340.419628213792,2.3997251492207,67.32527937209123,0.0,0.0,nan,nan,4102.321221240738,3.2187856072907928,97.51406555714573,132.50701827763555,960.7587797636955,3.5379997816771396,110.50563593527384,3969.177411026543,0.4999617834394905,nan,0.0,0.0,nan,nan,3888.38352771088,5.135367068159434,166.53948192691246,0.0,0.0,nan,nan,3835.360396498903,1.703049717335693,51.5341269526345,572.8976214872619,81.68321974578022,13.885910121630246,6.943851043150191,4361.391173682237,2.401156926645064,67.01791672017656,412.5890338237766,1652155.6174720128,27.692958374962995,508173.6672377175,3868.2348611269667,0.4999617834394905,nan,0.0,0.0,nan,nan,6583.45,1.0,13.810026928666252,0.0,0.0,nan,nan,6548.05,1.0,13.88468655302385,0.0,0.0,nan,nan,6716.44,1.0,13.536579167464883,0.0,0.0,nan,nan,6730.82,1.0,13.507659064352907,0.0,0.0,nan,nan,4686.368094416206,4.863059931460218,130.7535695429455,0.0,0.0,nan,nan,5875.62,1.0,15.473706908126772
STACK,0.0,0.0,0.41082956646458973,nan,0,0,0,10.464850234747963,0.06308375344783738,nan,nan,8.34947349269224,3.1200233026139843,56.438878654123684,10.780320753083064,0.2934,a2813,7992.86541904009,284.36979832750205,3.5732729959229355,0.34723418822587154,5006.9211519566,2.3138733377273866,56.07851276870493,2430.7850786727986,408.9508659264956,1.048674164243136,0.48955541672327774,4958.637141361119,1.9253466519193172,46.046811699082696,0.0,0.0,nan,nan,3726.03,1.0,24.400668213494743,0.0,0.0,nan,nan,3728.82,1.0,24.382410999599827,4015.93379152515,218.1962122031691,3.2472335741245497,0.33794786409766064,6562.633993692515,2.134223446738399,39.111030757870836,1248.420095810358,462.67826423633034,0.5389937720005412,0.5730363533823125,4860.852771808062,2.2329448162460652,55.529412955347674,5443.472904263675,475.0078745975796,2.1165864916741826,0.654432649400207,4339.495082878447,3.171369596886692,90.72529478311681,978.0292455220808,313.1766274245139,0.4603155415990682,0.589527181081752,4099.899543697787,1.341769607806619,35.52947992859565,0.0,0.0,nan,nan,3969.858780400284,0.4999617834394905,nan,0.0,0.0,nan,nan,3890.3259242411877,3.9291585534224462,126.56512381154532,0.0,0.0,nan,nan,3835.4,1.0,23.704860453545347,0.0,161.848560581144,nan,nan,4363.21,1.0,20.83732430562082,152.98013949328868,634.5335114099698,0.06618561658719717,1.257073682236981,3869.441661326262,0.4999617834394905,nan,463.5954570810113,540.239256393654,0.3725267035750248,0.8279864990565486,6589.588314250623,0.4999617834394905,nan,0.0,0.0,nan,nan,6551.068760092615,9.218132459168132,178.7055903796383,2487.455057813285,265.69921144586004,2.0730098199703897,0.4140648346914115,6718.116804093153,4.005480585909302,74.75549780275216,1740.2975896646285,324.43921824246365,1.4431972032866278,0.5022006628479562,6730.275250205498,3.9391692883633476,73.32160039650728,0.0,0.0,nan,nan,4685.23717345607,4.356812095452676,116.83691560121744,476.4557214040572,134.45800062140225,0.3080135395082051,0.18893209276380502,5876.807899332293,1.525532435487331,29.369280917586394
12d54m32pt97s27d19m43pt228s,12.909158333333332,27.328674444444445,0.14902209239798458,31.042989320499256,1,0,0,nan,nan,nan,nan,2.0897759114147236,0.22003367868774396,59.85409278693159,17.45227041780113,0.364,macs0051p27,3943.573613010513,183.91838037844815,76.9463447220248,9.801951139371047,5006.821055203037,2.3049104275898697,55.8393598100222,1222.6801987550796,295.7556670513673,93.04371806772178,62.46616327536677,4957.936443404295,3.025702790056621,75.5714861787048,0.0,0.0,nan,nan,3726.03,1.0,24.400668213494743,0.0,0.0,nan,nan,3728.82,1.0,24.382410999599827,5885.982945930602,109.50221014547458,560.7466723882136,19.9821570037772,6562.687971067398,2.5164964573129778,46.89025837390842,2472.1568391838596,199.94625593512444,71.96987009327286,16.69649109785315,4861.135431071073,2.3844341485459193,59.6928955264824,1997.436091794814,326.1282423617919,125.19554963675154,72.46534632135611,4338.407451095104,3.3312282935635804,95.52678961946633,0.0,0.0,nan,nan,4091.7299999999996,9.99923566878981,309.59640827210086,0.0,0.0,nan,nan,3970.08,1.0,22.900702702093618,0.0,0.0,nan,nan,3889.06,1.0,23.37778840736009,0.0,0.0,nan,nan,3835.4,1.0,23.704860453545347,758.2783320484303,5.82286998947001e+57,36.489702479038655,9.82054149631535e+56,4362.950503806101,0.4999617834394905,nan,0.0,0.0,nan,nan,3868.75,1.0,23.500516131444996,0.0,0.0,nan,nan,6584.700820428537,9.764926596507536,188.34742038562743,0.0,0.0,nan,nan,6546.075979121744,0.4999617834394905,nan,0.0,80.01359512131359,nan,nan,6716.44,1.0,13.536579167464883,155.8452756684179,137.5487827196107,42.31010415727096,69.68324834447677,6732.135822816527,1.6888638001828293,29.070930740836086,0.0,0.0,nan,nan,4686.596776181172,2.3529303019689602,61.034595182616435,116.1078252951583,258.9366130733866,10.968584370678647,53.17049100872626,5876.631517321129,0.4999617834394905,nan
12d54m48pt795s27d20m21pt085s,12.913554166666666,27.339190277777778,0.77698208856646,13.953982976935464,0,0,0,nan,nan,nan,nan,nan,nan,72.39214411290705,19.243759035946493,0.364,macs0051p27,1731.046047080593,116.91909593006814,21.855768575011027,4.032065364365785,5006.854585875977,1.498405899695944,33.68721240491755,25.473208991135035,167.3849209890285,0.44516183891877364,8.112181134345569,4960.372892322115,0.4999617834394905,nan,265.31296253345397,2.4922953998892408e+51,1.4252752260999952,6.741513457126809e+49,3726.6399406978558,0.4999617834394905,nan,0.0,0.0,nan,nan,3731.1835348596946,2.0957850707856855,67.4454605728511,0.0,0.0,nan,nan,6562.8,1.0,13.853480493619768,0.0,0.0,nan,nan,4865.005699739555,4.1502475881235315,107.13095106956376,454.6573515257651,203.94272109545486,5.097173077533081,8.097011910795631,4340.63751842449,4.9658301136852145,144.1985099332864,796.7726149818317,107.10598790381094,7.777416497142809,4.179071728648718,4100.938689035315,2.0037574858444502,58.27445019019073,0.0,0.0,nan,nan,3971.2350859473113,6.996206193161269,223.2243356497591,137.119051971821,163.0094764680961,1.0343258301923222,5.564066145049363,3888.3209006867214,0.4999617834394905,nan,0.0,0.0,nan,nan,3836.879290484141,3.0110184960492177,97.20768155004204,0.0,0.0,nan,nan,4363.275602169707,4.998809379845252,144.4185639131769,304.01501965026904,0.0,2.2759210462255095,0.0,3869.4401073280114,0.4999617834394905,nan,0.0,0.0,nan,nan,6583.45,1.0,13.810026928666252,0.0,0.0,nan,nan,6548.05,1.0,13.88468655302385,0.0,0.0,nan,nan,6716.44,1.0,13.536579167464883,0.0,0.0,nan,nan,6730.82,1.0,13.507659064352907,0.0,0.0,nan,nan,4685.336957354088,9.99923566878981,271.0131455203778,0.0,0.0,nan,nan,5875.62,1.0,15.473706908126772
STACK,0.0,0.0,0.4630020904822223,nan,0,0,0,108.11287021148462,0.1621043499073829,nan,nan,1.232773936316993,5.0395776659164766e+25,37.68788920902269,10.940963107404185,0.364,macs0051p27,3380.2063162805603,238.56207980739143,31.53232596024421,6.078422292405991,5006.911557470368,2.2557861834007515,54.52689003749212,248.35647821205166,1.4833558270328576e+29,1.829995058822608,3.037776294379347e+27,4953.784144911545,0.4999617834394905,nan,0.0,0.0,nan,nan,3726.03,1.0,24.400668213494743,0.0,0.0,nan,nan,3728.82,1.0,24.382410999599827,5837.937807727118,189.2714574000577,96.94223257594038,6.020228640260339,6562.65144261049,2.390705177581082,44.34417103378485,2943.4129710214534,249.21585807519236,19.030628386137856,4.6215921537594555,4861.2886431280585,1.8167944649316932,43.90544439303945,0.0,158.81879379544318,nan,nan,4340.46,1.0,20.94654063936261,1026.168934074266,2.1599809993368818e+48,8.978048412028683,7.509956472385271e+46,4111.73,0.4999617834394905,nan,0.0,0.0,nan,nan,3970.08,1.0,22.900702702093618,0.0,0.0,nan,nan,3889.06,1.0,23.37778840736009,0.0,0.0,nan,nan,3835.4,1.0,23.704860453545347,0.0,183.3302014806969,nan,nan,4363.21,1.0,20.83732430562082,0.0,0.0,nan,nan,3868.75,1.0,23.500516131444996,0.0,0.0,nan,nan,6584.228525669833,9.99923566878981,192.88987927331783,0.0,0.0,nan,nan,6546.4329577600165,0.4999617834394905,nan,0.0,126.26445535356845,nan,nan,6716.44,1.0,13.536579167464883,0.0,0.0,nan,nan,6730.712283085273,0.4999617834394905,nan,0.0,0.0,nan,nan,4687.066587496674,2.660977588265521,69.75245158674193,0.0,0.0,nan,nan,5877.78420036873,0.4999617834394905,nan
16d23m25pt32s-24d39m00pt368s,16.390366666666665,-24.65010222222222,0.2006489752163252,19.09941824871568,0,1,0,nan,nan,nan,nan,3.2008691931086433,0.12007619576960094,38.20006180115074,4.6352582472773864,0.216,a141,35289.513047020126,581.8607053343427,35.287144464373824,1.58919364653777,5006.838275677316,2.6139438322377813,64.03780416173831,10301.488317432844,1571.4190114554108,8.061920983716796,3.4122069197328524,4958.8590099763,2.3181429943928373,56.73552883661048,0.0,0.0,nan,nan,3726.03,1.0,24.400668213494743,0.0,0.0,nan,nan,3728.82,1.0,24.382410999599827,33307.088159188635,278.6962550247148,67.50057853067122,1.0818451262797422,6562.81281438153,2.8405881345204134,53.40452678558277,14243.319115510487,106.93104333927185,15.879719451590756,0.34193897980162097,4861.294103241484,2.513948574435824,63.23242284931364,6663.593087501996,104.07383978214706,5.585201989988474,0.30896503163454153,4340.3138782988335,2.192019521433301,60.92774201182739,2658.931282328443,103.32223671873736,1.7460217582938895,0.2710947466766566,4101.702270269512,1.3502064882372207,35.83606874147307,336.5142439616175,802991203.3891463,0.2165918718658351,2225226.727681967,3970.057558935803,0.4999617834394905,nan,0.0,0.0,nan,nan,3889.06,1.0,23.37778840736009,0.0,0.0,nan,nan,3835.4,1.0,23.704860453545347,724.3899780051277,13289997.806408906,0.5806252177845475,37332.62996889371,4363.0323517092,0.6440097760037266,nan,0.0,0.0,nan,nan,3868.75,1.0,23.500516131444996,1780.6260585414777,1835.5901447100089,2.2039563240398534,4.337561300310008,6583.454328994403,1.8711936583144564,33.55762275875797,38.3806476690479,3565.231891890387,0.046121969771807804,8.225720686163239,6548.0179459675455,0.4999617834394905,nan,5025.467270051162,269.7729895567441,10.64808123789443,1.0691105159595715,6716.624206846484,2.726709482428298,49.952615470418166,3502.985127785161,358.88494003782273,7.22152118131395,1.3808447738610492,6730.931509162289,2.6790434801787932,48.912466155138844,288.0359173825228,85.239146500608,0.2615534864875433,0.23679178820925456,4685.239373456453,1.8607449075683462,46.84269844900873,1247.4624709904112,58.22702944761667,2.1156976629195854,0.21469852403466216,5875.655429588165,2.624008753385034,54.795371995398874
16d23m23pt1s-24d39m06pt476s,16.389749999999996,-24.651798888888887,0.21562811101515766,22.353317459365158,0,1,0,7.506279636312395,0.0,nan,nan,3.8591965854574086,0.14837067244752566,46.26679316031442,7.711835156139358,0.216,a141,22744.582748980643,370.37775080807006,69.09577008890842,3.0732902817911265,5006.8506474217465,2.4750988521877346,60.36555012393479,6735.44844621006,1018.2871455292737,13.61884183148479,5.712880208623898,4958.814512668966,2.218617503360216,54.04923414326716,0.0,0.0,nan,nan,3726.03,1.0,24.400668213494743,0.0,0.0,nan,nan,3728.82,1.0,24.382410999599827,16389.922047123495,106.07019222135567,158.66400584505763,1.966808872305853,6562.752962532736,2.568336007973576,47.936315580659034,7638.903730968294,86.1292347424097,34.0221024484757,1.1002823199232545,4861.22648329616,2.5525324832802734,64.28381062077186,3764.9157087415992,74.86825663786338,10.994195246451339,0.7743689389256101,4340.290906980074,2.316016040392525,64.75404126896404,1357.7130074049135,73.34962765672586,2.9968785653503716,0.6470082546607707,4101.4228927032755,1.8951372202971264,54.66192965875378,1797.3557752105573,138.7366946134438,4.038472162802067,1.3436096127153456,3968.2154098433316,4.191198904898588,132.51305886271072,0.0,0.0,nan,nan,3879.06,0.4999617834394905,nan,0.0,0.0,nan,nan,3835.4,1.0,23.704860453545347,385.41970167650584,85512656.71958856,1.012644554405558,788663.1739860304,4359.563787455999,0.6175178272037859,nan,0.0,0.0,nan,nan,3868.75,1.0,23.500516131444996,112.61921786936007,6.229715508564201e+22,0.4192597818967434,4.427737193166076e+20,6583.406644570484,0.4999617834394905,nan,0.0,0.0,nan,nan,6547.618489447954,0.4999617834394905,nan,1944.0379808946059,112.38507930449035,15.394945412733078,1.6646686761041973,6716.370873193845,2.675777552427316,48.95305201988026,1347.0537496423005,147.09455872045487,10.294989640858434,2.0981922902323418,6730.801000240689,2.6257064504445897,47.8665361873281,33.260706210724095,124.26473634788516,0.12250119446915823,1.3998665002763107,4685.741725699301,0.4999617834394905,nan,885.9414796298827,51.395547671502776,6.151611533025754,0.7757827629352778,5876.169957630657,3.2558613920594555,68.89670630067616
16d23m11pt7s-24d39m07pt602s,16.38658333333333,-24.652111666666666,0.2159182761969547,19.99496830304603,0,1,0,8.645201571479387,0.013461127091110709,nan,nan,1.953109193421363,0.07458196562321939,67.0395878490939,18.092227212619328,0.216,a141,26528.074150228287,411.0058616363032,14.291223045314272,0.6047821537043475,5006.835883259324,2.3933801252692506,58.19600068382175,7384.900662024706,1189.9509295963512,3.5604478106634225,1.5917618611318864,4958.968243117832,2.1167274085276153,51.28523034924449,0.0,0.0,nan,nan,3726.03,1.0,24.400668213494743,0.0,0.0,nan,nan,3728.82,1.0,24.382410999599827,45052.00602186464,509.9049527215322,43.426414291535025,0.9414664374190663,6562.630240831014,2.5443970001643446,47.45347363609944,17363.583626804742,155.4186681081782,9.82680581545777,0.25228882101721395,4861.237182447341,2.2765538196173027,56.73083111159621,6655.923850043696,123.13629176635007,2.9360443513131202,0.1923874313591073,4340.318676740024,1.8718825602389821,50.92075484745095,613.5610891583939,210.61091296527664,0.21956088599250376,0.30111141619060183,4101.852950027023,0.4999617834394905,nan,0.0,0.0,nan,nan,3972.8010957662186,7.521016469289561,240.1325478815408,0.0,0.0,nan,nan,3879.06,9.99923566878981,326.52642944617054,0.0,0.0,nan,nan,3835.4,1.0,23.704860453545347,821.33485078047,268.6655766296424,0.35356275300240003,0.4049662918357506,4364.9222929320085,1.88784610675551,51.15713041708737,0.0,0.0,nan,nan,3868.75,1.0,23.500516131444996,4813.749801027772,2729.400776256925,3.3688298157035494,3.646822670706611,6583.2777533289645,2.0417051803871735,37.08927653118434,205.15005190314307,3301030.1547237076,0.13858745930802271,4281.766466462791,6547.579316692405,0.4999617834394905,nan,7955.721258170878,411.85297454016205,7.999234205574392,0.7745850791440169,6716.181850788107,2.597541158185364,47.41486891759043,5612.716140880795,554.9805155110334,5.585435330357912,1.0308300906253478,6730.5277868940075,2.5374049206273304,46.13132738218976,739.9293808205899,119.33683639480398,0.35548368222424054,0.17534252018074115,4686.020688769855,3.8985455824756556,104.20219633737914,1643.4139897913706,76.0251117950999,1.330085523860328,0.1337836288596252,5875.276638669828,2.8796633435223056,60.523645793344336
16d23m19pt305s-24d38m41pt64s,16.38869583333333,-24.6449,0.33072184958064144,10.149626123150535,0,0,0,7.689977497606114,0.0037427345007549784,8.052792009427945,0.00010874430498804381,7.858869910955254,0.19475226105968063,82.44639321395599,18.23097521506687,0.216,a141,6814.028384295011,117.2682550696142,6.243240777476517,0.2934767745658938,5006.836942095143,2.828994196415537,69.69666164067394,1752.586800688276,302.2778749560576,1.5048998624074321,0.7202203905577911,4958.676991388121,2.5707533339680637,63.50514514009081,8313.980553949383,159.48162701225047,3.375849898426673,0.326210431519759,3725.995681526472,2.559835403778773,84.13016158307279,11827.109486364352,214.6360087530057,4.812165596278837,0.4390255250507225,3728.9246804816567,2.559835403778773,84.0672132104464,11198.511447822008,157.24009594537696,20.19532079311022,0.5431480701047655,6562.79329967014,3.766400470287361,71.79051621970495,3652.9050042269464,73.0388870378136,3.1990775222727583,0.18346361064722266,4861.319064128718,2.655498670546762,67.08341666856147,1420.4842295857152,65.38003424801059,0.9209439620129976,0.1501121781233699,4340.624809638031,1.8055197153315778,48.81568398528751,501.61976134178013,7184371.7852156665,0.2679320908813263,15324.539174427751,4102.703019294433,0.5848633515645152,nan,0.0,0.0,nan,nan,3970.1110575443236,9.99923566878981,319.8627926142355,691.7178776805026,81.52259112505253,0.3248143525204531,0.1732017061937993,3888.5120337045764,1.3992541931646296,39.66143192615403,0.0,0.0,nan,nan,3837.241062680212,6.882590095238481,227.27220814484667,811.9982620074582,149.4568136480707,0.5315801278633482,0.3428580737018521,4363.306988607862,5.522221111447412,159.82810231805104,1157.2113221860345,86.53671523050913,0.5399649051172133,0.1849311086821727,3869.153975861194,2.2538297510576064,70.49961723027103,741.9233584022995,513.6193204823085,1.1272543082209727,1.4901451392084057,6582.221228793248,1.9935073366737326,36.095492093002676,39.35623698990741,869.0868915325551,0.058661888831397245,2.487345083688182,6547.447498941104,0.4999617834394905,nan,2303.2478464244255,152.77384232162595,4.151556574732104,0.5150554531936558,6716.5402630559,3.6793508547467884,68.46829836431422,862.7843351737672,129.1528684989295,1.5119093771357894,0.4224540283188162,6730.119255070837,1.526540194690232,25.659149747061992,225.03301349076517,2295048.250450387,0.17519378645748926,5463.649055102211,4686.40930425639,0.4999617834394905,nan,357.60526677201375,130.74715772645652,0.5141862133655217,0.408814233520572,5874.585304034632,2.305628846941254,47.59918696543267
16d23m41pt415s-24d38m36pt656s,16.394837499999998,-24.643515555555556,0.576182279389597,32.23426857304498,0,0,0,10.134685142983862,0.032170899827365644,8.087687451951826,8.909212589396164e-05,8.286576107083818,0.11952179914729419,40.4653480507639,5.75559086013305,0.216,a141,37613.21677311186,529.7363265672335,56.425484631516824,2.1705934776500206,5006.859826813283,2.2481996448574044,54.323931415959905,11071.585830846292,1483.2282863200437,11.801642084224728,4.386641923168752,4958.950855959055,2.0505363698714896,49.481013973840994,31769.881500869,220.51719757232178,26.03063249995404,0.9101134338645818,3726.0916850221333,2.1718310264922107,70.24655814633589,43938.0416467955,277.9238430543256,36.0699384074009,1.1470408019857832,3728.8483452172754,2.1718310264922107,70.19399784650155,0.0,0.0,nan,nan,6562.8,1.0,13.853480493619768,15011.353802119183,94.45556938504137,27.367225627888104,0.4939125846928913,4861.304506017108,2.244848682474916,55.857608936153014,7191.45494497617,57.13108360640762,8.755708316525155,0.24635315144154096,4340.442464714265,2.138161357826713,59.258352044065376,3308.937470153487,59.92532792019845,3.1648358580318012,0.22900477582150464,4101.758488294811,1.62845299183091,45.63621390193097,2001.6846227901624,69.95856303918434,1.7023426100330215,0.25622266830771256,3969.6664481723387,1.9100187672042337,56.98776029408659,2306.8042017491903,124.89627535238579,1.761779783812081,0.43147225324110927,3888.9007018815105,1.4686755572818018,42.26561215539526,0.0,0.0,nan,nan,3834.699423574465,0.4999617834394905,nan,450.29645849618373,254.1075233821444,0.5119170924092354,1.0118729849042882,4364.191275542405,2.5152590863538116,70.4910792276727,5564.106947992662,110.90140601748209,4.343536438917651,0.3965659094929035,3868.88628940968,2.3688411843894714,74.47097227529328,0.0,0.0,nan,nan,6583.45,1.0,13.810026928666252,0.0,0.0,nan,nan,6548.05,1.0,13.88468655302385,0.0,0.0,nan,nan,6716.44,1.0,13.536579167464883,0.0,0.0,nan,nan,6730.82,1.0,13.507659064352907,20.805888638416388,5.7128918730703185e+44,0.03205258982366634,2.6912477456041525e+42,4686.39547434145,0.4999617834394905,nan,960.6767951200355,94.63691669429186,2.8643198714927562,0.613444779878057,5875.73798826966,2.457233227022977,51.03608054015087
16d23m28pt59s-24d38m50pt08s,16.391274999999997,-24.647244444444443,0.5941523750280886,17.66152375757375,0,0,0,9.8754718757959,0.029715973448466323,8.015277685594505,0.00021412517620536824,nan,nan,62.47820671580554,20.250642399200643,0.216,a141,1961.4766495134304,79.25968325504971,10.866020217726396,1.1992954947941854,5006.841395557963,2.088858521646371,50.04278961071947,437.2315329559009,102.16754103675905,2.078316083605741,1.3473448357523707,4959.13072040136,1.9215250320365993,45.941475859999876,3600.440561980583,93.21048715818706,12.29393655196533,1.603150492067564,3726.1237914295766,1.8925639666030352,60.0789333319735,5177.8147475528685,117.64544616336185,17.713082518046935,2.0234134661931744,3728.803694052782,1.8925639666030352,60.033980713183595,0.0,0.0,nan,nan,6562.8,1.0,13.853480493619768,0.0,44.216405849921784,nan,nan,4861.33,1.0,18.702211490174054,553.3795213353568,49.584114488270124,2.1123883342298084,0.6703705620594014,4340.3906458921,1.5723337842270981,41.29568073060982,27.323446097043405,113.56451813850033,0.09316231596996832,1.5473609551006169,4101.45072505487,0.4999617834394905,nan,0.0,0.0,nan,nan,3970.5259147140137,9.99923566878981,319.8627926142355,363.33798604126383,752849.3238593526,1.136072895608796,10632.13730099793,3891.2809108686197,0.5188842047818317,nan,0.0,0.0,nan,nan,3836.1437126345318,5.34091107413583,175.75397645690248,108.98145850463933,42.30240969714327,0.4165225719824673,0.5668780541355534,4362.045486537915,1.3202828497523011,32.663132922236784,1232.6895004263886,92.53719860451822,4.073125096527864,1.4003655806829172,3869.174628707704,5.790796079580395,189.1621082315314,0.0,0.0,nan,nan,6583.45,1.0,13.810026928666252,0.0,0.0,nan,nan,6548.05,1.0,13.88468655302385,0.0,0.0,nan,nan,6716.44,1.0,13.536579167464883,0.0,0.0,nan,nan,6730.82,1.0,13.507659064352907,56.43883149783234,72.67925559432989,0.2765538951756407,1.089099171622417,4686.189371983936,0.4999617834394905,nan,0.0,0.0,nan,nan,5885.62,0.4999617834394905,nan
16d22m47pt115s-24d38m29pt905s,16.37975416666666,-24.64164027777778,0.6856885987581363,29.81639333389075,0,0,0,nan,nan,8.118587363160707,0.00011142270164130357,8.710045642992478,0.2990891449603352,40.020080958408464,7.165807479568209,0.216,a141,5390.8003429587825,114.14540591606242,44.26306300981559,2.5599626771721855,5006.837998156879,2.0267228706038316,48.36262597948959,1599.9122179563415,210.71531374157033,11.379207173255699,4.158187182839771,4958.9473156970635,1.658680373144398,38.605414286960325,2723.7765404929723,100.93937462150402,13.275650382243015,2.4779246079463024,3726.2261220647897,1.8315563797752326,57.82937949191908,4817.127258368952,149.99194698173744,23.52407907816813,3.682098663811659,3728.998236708586,1.8315563797752326,57.78611004775646,0.0,0.0,nan,nan,6562.8,1.0,13.853480493619768,1668.3743065649971,45.76256504020804,27.19688916545605,2.1395553577737525,4861.4640572133785,2.13063183417928,52.700351441322326,497.6959951985537,74.16474464864213,3.8754075196800843,2.0442469526228426,4341.5645743666155,2.2356153863402275,62.275615094125435,1294.0406296800138,50.927407886295406,11.385157482080986,1.7906491542437657,4101.350664627011,1.9447677285318714,56.316264298196856,271.64183128224386,151182.1467200973,1.9517578005454486,4681.051231875158,3968.5460370999426,0.5019146182543565,nan,69.62772076140676,60.64317713814733,0.5277511105433077,2.0786197949263516,3889.3295713421367,0.4999617834394905,nan,244.60357286413168,51.57622253640561,1.5638224539452652,1.5411765640551884,3837.417705498835,1.9969070319563937,62.07828713476146,0.0,0.0,nan,nan,4363.394616871017,3.6188091423323874,103.59569728571174,858.2350137896738,66.00986767998633,6.497647885884851,2.2892117285367073,3868.897812150242,3.0221283911465133,96.74557307585475,0.0,0.0,nan,nan,6583.45,1.0,13.810026928666252,0.0,0.0,nan,nan,6548.05,1.0,13.88468655302385,0.0,0.0,nan,nan,6716.44,1.0,13.536579167464883,0.0,0.0,nan,nan,6730.82,1.0,13.507659064352907,15.437977101746508,142.796242409423,0.173673939208786,4.913821916259114,4685.570835167264,0.4999617834394905,nan,0.0,0.0,nan,nan,5875.62,1.0,15.473706908126772
STACK,0.0,0.0,0.4027057807407001,nan,0,0,0,9.321853429735008,0.054188876392770396,nan,nan,4.883017207495825,0.8346144073881002,42.93632941819175,7.986818444843447,0.216,a141,34391.55867434145,1021.7234403645987,6.4196595885533005,0.5209288583593858,5006.852683216574,2.583003124358898,63.22086505957363,15165.136996190266,2604.7747889477987,2.696316168655686,1.2845677684740244,4959.849083763558,4.153347724785405,105.10360489644464,0.0,0.0,nan,nan,3726.03,1.0,24.400668213494743,0.0,0.0,nan,nan,3728.82,1.0,24.382410999599827,29917.664729084216,2301.598138466294,9.75671311920047,1.437701630949388,6562.808599735786,2.7078311463177,50.74303471543136,10148.785794663636,1637.27628043662,1.7624263753905014,0.8155223978985974,4861.268771445039,2.1643196015483284,53.63355091688413,6820.284559383106,263.53535415846943,1.0094472010969766,0.13815800856078111,4340.22194889715,2.3224876049753225,64.95314417436907,1958.9256342278381,386.56430107680654,0.23319529540366596,0.18385432654180472,4101.84833934777,1.3884669798090672,37.21784938900451,3160.196359284806,3233218.5734467604,0.38451224666810807,1694.397442953386,3969.437984969524,0.7164226494739302,4.890820949219796,0.0,0.0,nan,nan,3889.06,1.0,23.37778840736009,0.0,0.0,nan,nan,3835.4,1.0,23.704860453545347,452.60910178842107,1412.176284044724,0.06760140040452728,0.7391015699077547,4363.318049504638,0.4999617834394905,nan,0.0,0.0,nan,nan,3868.75,1.0,23.500516131444996,498.0309521527825,3358.262154008202,0.14800977170803267,1.9054517439279501,6583.313737010005,0.4999617834394905,nan,0.0,0.0,nan,nan,6548.556964468866,0.4999617834394905,nan,12068.91584728301,2103.506965007378,4.031807245294764,1.3138783985199978,6718.918997324328,5.358938214262333,100.70837233563908,1342.494381052483,1203.0477278850294,0.4444782194273728,0.7433947386715161,6730.940952213778,1.825191236099915,31.882715917748584,935.9902845297447,234518335.99497977,0.15851759152587672,121432.85099957697,4686.8006122958905,0.4999617834394905,nan,2548.4362736795674,192.52648194828964,0.7300513788995533,0.11991064630064453,5875.554650276575,4.5857496146806,98.19739754949977
22d58m08pt31s-13d36m35pt054s,22.968974999999997,-13.609737222222222,0.4161413873607225,22.67086897038117,0,0,0,9.685796779483624,0.034594006475257885,8.21395013660419,0.0012164515694572861,nan,nan,61.45215842275653,13.24433227452109,0.206,a209,4405.66930000519,100.19228510410649,9.477621169998068,0.5887192194355708,5006.841550725798,1.7628687522055395,41.13956731048468,1109.0472586020212,189.03136101902393,2.069479622464781,0.9786437720077968,4959.0335869350565,1.4806841416910674,33.4973779971686,462.82999435928826,202.15422535776156,0.8076710352921309,1.7782597253076347,3725.052455019966,1.6124316682534134,49.630798309450164,1506.3675080327457,525.1616468648513,2.6352185206091048,4.619610617800723,3728.58973669571,1.6124316682534134,49.59366325673017,2351.0584351494635,170.8300843156818,6.449442956290527,0.8976774256425489,6562.32135049029,2.3265025316049224,43.03994444125025,0.0,79.85132642879489,nan,nan,4861.33,1.0,18.702211490174054,1757.2477195372044,176.9675782456323,3.6024586616930416,1.28370896962325,4342.428194064582,4.592535962596403,133.12985111160322,0.0,60.79912969359596,nan,nan,4101.73,1.0,22.16567686891332,1243.5790137705471,124.82936879912037,1.8135240764047766,0.7848981177205075,3967.6411709689187,1.274071805064062,34.137231892141784,1588.0301056097496,130.58500186465253,2.278615361565536,0.8470972408614758,3889.7662927236693,1.4960981733511531,43.28401357102303,0.0,68.05198921899984,nan,nan,3835.4,1.0,23.704860453545347,286.6414103373063,105.78725352142735,0.5664873495896379,0.7327544467261828,4362.865071184809,0.9859237513316828,20.258204181898286,0.0,0.0,nan,nan,3868.772254439068,4.856893528628441,158.15859594703565,0.0,0.0,nan,nan,6586.10082522194,9.515183669285195,183.50513009660077,0.0,0.0,nan,nan,6547.910544647873,4.815857169849372,92.63767474609129,0.0,0.0,nan,nan,6716.44,1.0,13.536579167464883,0.0,0.0,nan,nan,6730.82,1.0,13.507659064352907,0.0,0.0,nan,nan,4685.603901428371,3.7732285022702516,100.73915899194571,569.1698882717961,309.8877593264196,1.7551267427866097,2.073148549117711,5885.62,9.99923566878981,216.12712798001303
22d58m21pt285s-13d37m09pt294s,22.972579166666662,-13.619248333333333,0.43804869816958614,28.07295870747188,0,0,0,7.729617198285896,0.0019886855772684843,8.086458699086084,0.0001235007423647203,8.422965698794863,0.3268971707704612,71.30985451118141,20.275632614435615,0.206,a209,9184.654133696384,162.603543681123,28.185142985954716,1.3629246760696907,5006.856293977305,2.58971896396677,63.39825080454051,2829.9188923534675,386.8849825794782,7.326938319776348,2.779142649700547,4959.028401904361,2.3288565597624142,57.02398010380505,7458.71798354068,345.54240333149653,23.857855911342924,5.567523728037396,3726.060149890809,2.4387819938187096,79.82147982206786,11488.678316842865,488.09971497370356,36.822825946723704,7.86446675882306,3728.9628546660015,2.4387819938187096,79.76175531707604,0.0,0.0,nan,nan,6562.8,1.0,13.853480493619768,3675.89877884263,113.2657575513103,13.134703147002012,1.1607813230865973,4861.413711087074,2.5149235512556367,63.25900680065321,1607.967459112275,121.16082535476338,3.997564503022306,1.0668231603405596,4340.438300477419,2.0309542856323137,55.91985097031546,0.0,0.0,nan,nan,4100.944595138044,9.99923566878981,309.59640827210086,0.0,0.0,nan,nan,3974.3430513851044,8.844101117298894,282.7175803736854,1175.5803188748055,17877396.301152714,2.552060305450369,175900.71551028395,3885.726707938875,0.5479220488583468,nan,0.0,80.62982113403187,nan,nan,3835.4,1.0,23.704860453545347,1173.0120352949448,152.5436065034383,2.8737103897587133,1.3097574923865014,4362.95206577942,3.047256227096971,86.5354004760732,415.39695917810803,213.4369409033972,0.7875456153172138,1.8555567826044181,3867.2077339479347,0.4999617834394905,nan,0.0,0.0,nan,nan,6583.45,1.0,13.810026928666252,0.0,0.0,nan,nan,6548.05,1.0,13.88468655302385,0.0,0.0,nan,nan,6716.44,1.0,13.536579167464883,0.0,0.0,nan,nan,6730.82,1.0,13.507659064352907,436.480873384411,125.96375319660538,1.2546537822192225,1.1066206194206272,4687.753196509743,4.226431577361229,113.24637560027482,68.33425180198199,265.47062289741154,0.3424739801967279,2.893390254197968,5874.323827757691,0.4999617834394905,nan
22d57m45pt48s-13d36m58pt283s,22.96263333333333,-13.616189722222222,0.4677451109796469,12.242052181917927,0,0,0,nan,nan,8.079144192304593,0.0008424567697790077,7.526624482171889,0.4672937603262648,78.43865494748783,20.890473682311576,0.206,a209,2899.512755788992,97.8913802801492,12.065292261074019,1.1126216320924034,5006.81487802848,2.0529938058995874,49.073811121750744,882.1841167978416,125.43066101825269,3.3838789462997245,1.3347831897626259,4959.229869288944,1.3729977252506838,30.323753912720203,3253.7512044579453,171.08554610231283,11.853412861691249,3.138301643857548,3726.6245369464523,1.858911592787809,58.83956131526874,2948.974932127065,156.97878428163642,10.761174863998685,2.879534758986628,3729.0319625662923,1.858911592787809,58.795536026821026,0.0,0.0,nan,nan,6562.8,1.0,13.853480493619768,1326.5472500749406,73.37911572880331,6.039911515067723,0.9582583497645568,4861.366030311718,1.900873282732461,46.28242050041679,0.0,0.0,nan,nan,4340.8059969833175,2.4832647177867693,69.88299461210103,587.577612270767,12499328.878608039,1.8836480646857405,160032.16458461713,4102.543984288316,0.5087354569583905,nan,0.0,0.0,nan,nan,3970.065704574788,4.498181059021109,142.487659813086,0.0,0.0,nan,nan,3888.4547918726807,7.5981027528348495,247.66952385347338,0.0,0.0,nan,nan,3835.204832154269,9.99923566878981,331.09476865566154,0.0,0.0,nan,nan,4363.596807678656,3.519408860202149,100.63793070202341,0.0,0.0,nan,nan,3869.6814292220183,1.8194918009732506,55.26615438025804,0.0,0.0,nan,nan,6583.45,1.0,13.810026928666252,0.0,0.0,nan,nan,6548.05,1.0,13.88468655302385,0.0,0.0,nan,nan,6716.44,1.0,13.536579167464883,0.0,0.0,nan,nan,6730.82,1.0,13.507659064352907,0.0,0.0,nan,nan,4687.546081548548,9.99923566878981,271.0131455203778,495.44461611511537,91.16316072256022,3.7980085721162724,1.518843541100778,5877.230018357222,1.9232308962891966,38.813406328670396
22d58m14pt595s-13d37m01pt096s,22.970720833333328,-13.616971111111111,0.5792081137063434,18.465640318373758,0,0,0,9.202864947848939,0.011369847131052055,8.088979481808801,9.428564966054924e-05,10.348249133658332,0.33336544683014047,37.988735587729266,6.955683183140427,0.206,a209,11901.041121403006,202.41379461282466,57.330856351858465,2.663362159312147,5006.8403841336785,1.9020090634728002,44.968410768415076,3960.5384622625133,477.5838239313193,12.462456510110032,4.1695929969704695,4958.92960307657,1.7898607668753395,42.291179047191605,9990.669240263906,142.82603931693222,40.36824551537101,2.9070838312077334,3726.02268705935,1.924865758483594,61.265280658619254,14337.209678376386,180.22910668851821,58.0408427148225,3.6683865524309254,3728.7402515186786,1.924865758483594,61.21944038393786,0.0,0.0,nan,nan,6562.8,1.0,13.853480493619768,3883.6964575569673,112.45735901501219,19.53020579879428,1.6220518171805343,4861.280138462824,1.7836063116734948,42.96205197747906,1895.8653058026375,86.46290954708932,6.67564923866127,1.0782700160306384,4340.439945632693,1.7058693012760662,45.62827106039711,1000.8530223631172,75.56689456330919,3.1208534940475205,0.941197754218444,4102.289055942394,1.4540703444348502,39.55776820945774,0.0,60.07304995576856,nan,nan,3970.08,1.0,22.900702702093618,1522.7236874291575,118.89675406763702,4.155663917229764,1.4691426860613575,3887.3825816848207,2.620206291154121,82.65608167787394,0.0,0.0,nan,nan,3835.138143614296,4.03573166989659,131.92934691999696,312.5970318395238,85.19113756452104,1.037491732976131,0.9910671665012947,4362.690752254016,1.2851537121833538,31.447701991253542,1715.1504349694558,105.49936851975093,4.754389951593538,1.3393734625679303,3869.1447363457532,2.132126009973505,66.2733944134374,0.0,0.0,nan,nan,6583.45,1.0,13.810026928666252,0.0,0.0,nan,nan,6548.05,1.0,13.88468655302385,0.0,0.0,nan,nan,6716.44,1.0,13.536579167464883,0.0,0.0,nan,nan,6730.82,1.0,13.507659064352907,0.0,0.0,nan,nan,4685.658268358265,0.9658874176684338,18.08264973730453,131.99851452998521,151.99700651588677,0.6670204290097406,1.6698875391496746,5875.614416910814,0.4999617834394905,nan
22d57m55pt32s-13d37m11pt705s,22.96536666666666,-13.619918055555557,0.7342398770668448,16.982169009893163,0,0,0,7.546668186134425,0.031181185349385774,7.311330184503065,0.001323904462369226,4.050876971591784,0.23859657855812588,60.682903460992634,16.73747587496719,0.206,a209,4260.15366941971,106.17368963506233,84.40378206313521,5.745667659378033,5006.838215396235,1.7244406924322444,40.07268648003309,1086.368206954278,156.5217942211412,11.754602914466737,4.698761259579601,4959.047676398147,1.0920615869036532,21.51941023098791,2106.708917170776,147.02418518667298,31.249042366817452,10.985443021060282,3726.0498901328174,2.0157938149605004,64.58905781766494,3979.00398006312,234.31096928034427,59.139338976374646,17.507390358739087,3728.919852890494,2.0157938149605004,64.54073060656027,0.0,0.0,nan,nan,6562.8,1.0,13.853480493619768,2822.1629177534887,144.18023922193808,59.310441747358176,8.691110825056562,4861.246055123719,3.0355970037618776,77.35472378196461,720.5038489310152,58.331521530193754,10.368201093993337,2.9727227696011798,4340.5756998408915,1.2794020779658273,31.411180306895474,343.87766026271834,69.47873313694728,3.566676890944757,2.878360456890762,4102.343057481584,1.8955586228768804,54.6760042919469,607.6656035097083,1861640152.5483987,6.759886402221237,89118656.60649757,3970.939221100043,0.4999617834394905,nan,471.6473673355128,62.37002957488385,4.754621740089168,2.8436897195147632,3889.102647781975,0.7992643471032602,12.628567427791248,0.0,0.0,nan,nan,3833.9492904092576,6.529621638609729,215.49156928112305,1104.970233273069,244.89540690102237,14.87540785450659,11.546170380430024,4364.531683757636,9.99923566878981,291.0428046557292,1192.278729077959,114.90330525698536,13.339556529177097,5.882965207435543,3870.4511163524444,4.053136923236904,131.37360548961237,0.0,0.0,nan,nan,6583.45,1.0,13.810026928666252,0.0,0.0,nan,nan,6548.05,1.0,13.88468655302385,0.0,0.0,nan,nan,6716.44,1.0,13.536579167464883,0.0,0.0,nan,nan,6730.82,1.0,13.507659064352907,0.0,0.0,nan,nan,4685.837034865592,4.6496588943786445,124.89158973428904,0.0,0.0,nan,nan,5875.62,1.0,15.473706908126772
STACK,0.0,0.0,0.5270766374566287,nan,0,0,0,nan,nan,7.311851996257604,0.004629016619908552,3.9929357761901842,0.7380683790594564,99.24345153309069,22.98869450221979,0.206,a209,4485.504091790138,214.009471767474,3.436689836044096,0.44785927578495793,5006.89132573975,1.7593025117896859,41.04074572274849,934.7514090637296,260.8759956308896,0.6890284745824556,0.5335007367171072,4959.1712806829655,1.237413999640148,26.196450913460378,0.0,0.0,nan,nan,3725.6175843247493,3.2646766239744953,108.95240554473314,4648.351499078639,428.4795605986778,2.938864009225667,1.3613032471093562,3729.522549077399,2.3957247731550786,78.22587205542594,2444.4156968498824,362.67553197159475,3.3074393395710375,0.9400334304184109,6562.161783322613,2.7980065401414804,52.551792843897374,2521.6050455836175,445.63989557603156,1.9491143091115937,0.9873200682784739,4863.271524716476,5.782009425476071,150.30742612232922,1495.9935870748282,28351990.96172205,1.040795235470997,69863.87962290864,4340.332346381214,0.5415028656012713,nan,0.0,127.66700250675065,nan,nan,4101.73,1.0,22.16567686891332,6540.577812324999,880.8792799615442,4.2383288627962274,2.4599592361695524,3968.470784562849,9.99923566878981,319.8627926142355,0.0,0.0,nan,nan,3890.257139208664,1.1660403853703902,30.527457207447288,1505.6574640906472,534.7142574788109,0.7574996139609123,1.2585035174371346,3836.0010677836053,2.6496874120857594,84.82755500557177,0.0,0.0,nan,nan,4363.474315672331,9.99923566878981,291.0428046557292,10438.579741025467,579.367510431354,5.820339141777873,1.4848690707932377,3863.454063383616,6.941213229001193,227.252140299748,0.0,0.0,nan,nan,6582.491052682397,6.885027249611611,132.45209097139593,0.0,0.0,nan,nan,6550.164911151403,9.99923566878981,193.93267853817915,0.0,0.0,nan,nan,6716.44,1.0,13.536579167464883,0.0,0.0,nan,nan,6730.82,1.0,13.507659064352907,1427.7373840121832,54158623.379481524,0.9553420398681423,110812.80159090813,4686.449792991089,0.5247698871639498,nan,101.79703307007223,1.1754134614017057e+23,0.12427053172094982,3.1184202851419836e+20,5877.467018711542,0.4999617834394905,nan
24d30m56pt79s-21d55m46pt848s,24.515774999999998,-21.92968,0.30849196232119125,20.43238879446017,0,1,0,7.848737077682575,0.015524286029543989,8.112118910203723,0.0003895502070357567,7.911965283854853,0.36582071699810315,75.62063439617107,17.334061508433926,0.35,macs0138m21,5306.247682526666,103.35730711428414,98.81347782677918,5.2572245354887555,5006.840184288486,2.2104891667513993,53.31397533359782,1600.9456358957182,241.87059978517962,16.20830709572027,6.794569982640506,4958.76846618274,2.1072562988892165,51.02751108542225,4199.303336117777,169.31110122420847,36.91554631939038,7.497390282708426,3726.0630200823903,2.344382859414221,76.44828308720949,3753.066725647504,154.96994000254557,33.06100857500391,6.862338700097394,3729.0249743811814,2.344382859414221,76.39108249565147,3654.3843399700363,72.92605599843797,97.90541948216797,3.7423628181874,6562.70421469319,2.5182758459691454,46.9261935077695,1878.1128135774397,74.79254546469663,43.86400341768993,5.009636519787882,4861.63641995788,2.711657035414916,68.606857808982,982.7628441613255,105.4780296334637,15.434919921853286,5.868605855720536,4339.921521747996,3.24318332490351,92.88370673632258,195.13886795171862,8361326.554336862,4.647775305870702,797239.6514358675,4098.201394406713,0.4999617834394905,nan,179.52171815454918,0.0,3.4463237929432258,0.0,3971.3386147854108,0.4999617834394905,nan,0.0,0.0,nan,nan,3887.1129759583428,4.939303438165705,160.0583438776018,947.6856892986058,5253767.320733275,51.24273986607661,1329682.8320150555,3835.173629255281,0.6169252463143368,nan,1112.6658304080022,253.8946047096586,17.596473439053845,14.02286094618163,4370.602282221339,9.99923566878981,291.0428046557292,0.0,49.77251296151876,nan,nan,3868.75,1.0,23.500516131444996,32.92580247928224,379.62116944328153,0.5221681750693979,11.49253487054823,6584.157283306298,0.4999617834394905,nan,0.0,0.0,nan,nan,6549.860189037712,9.040869432856821,175.24898624665082,649.2749943609415,96.33078766137643,14.041085909709889,3.8960850375661145,6717.206224378592,2.9212500166112716,53.75907860917288,0.0,27.084353422968803,nan,nan,6730.82,1.0,13.507659064352907,0.0,0.0,nan,nan,4685.673588896394,2.9633059693711092,78.23454916544259,64.4723515037172,54.54030562528509,1.3431671550921656,2.469378666992207,5877.438631773923,1.3338387793101891,24.60123692955795
24d30m57pt75s-21d55m49pt018s,24.516041666666663,-21.93028277777778,0.30893260200385386,22.80427518181665,0,1,0,nan,nan,8.081674515697292,0.00010734928510480994,9.928207368431817,0.27388932628686563,74.55896517006579,14.320868638292847,0.35,macs0138m21,9368.522952809944,156.78281217427076,27.308810190881786,1.2482871675333118,5006.856370016307,2.2506097752625416,54.38841628085579,2802.120226860255,418.8087759206751,6.434562303017567,2.6684516432666423,4958.813666073534,2.1579051559987503,52.40410335819499,8265.672054885355,195.72881357484874,22.176656392317607,2.6458170130271075,3725.751554649071,2.2409409460526044,72.73656395938205,12038.713718278846,258.9184666494102,32.36275685423608,3.5000001866660813,3728.5470031663203,2.2409409460526044,72.6821405725072,8106.124709014483,95.90188088356341,23.710836121169585,0.5373306132470161,6562.5566382052,2.549316019762369,47.55271865811233,3270.986165749669,71.02840294396738,9.662864994216822,0.601835560997324,4861.258440899193,2.3325796386591517,58.27082555024581,1367.4263081927922,80.21092709157175,3.408635293171006,0.7081856957429894,4340.315482757337,2.284213580215835,63.77479007430355,0.0,0.0,nan,nan,4099.522077252985,8.755479911398877,270.8840334115461,983.4492863501725,80.02611361784447,2.0309206047634945,0.7119936749176504,3968.9741856266455,1.5874001834325755,45.68720115932711,0.0,44.85765324825521,nan,nan,3889.06,1.0,23.37778840736009,0.0,0.0,nan,nan,3836.188337958615,4.198814371967651,137.4226305405918,470.5145571014593,1596843.360909988,1.1816152902205461,14092.049328283143,4357.227936300142,0.6428514291035679,nan,2328.9179092179284,125.79789201934965,4.924502016022297,1.2186729974184503,3868.612316259817,2.590392942298335,82.07147498815253,247.5056854308358,1276.4670555851078,0.5872726753945262,5.782328446920646,6583.470605412011,0.4999617834394905,nan,0.0,0.0,nan,nan,6549.14629005873,8.840913612953983,171.3493837610503,1135.4936201547312,104.89864518104477,3.342648691072673,0.5775577978984848,6716.772924870138,2.2882285694308346,41.29402803120061,983.1889277422979,133.71943401904878,2.8537529609354744,0.724413792953691,6730.722410234431,3.0547053139555893,56.24076416582031,0.0,0.0,nan,nan,4686.014663449235,4.748530758860708,127.6082574087831,211.24419994435243,60.438496824665506,0.8990221066391579,0.5592777224353994,5875.114676871148,1.9258882375538533,38.87521790381605
24d30m34pt44s-21d55m39pt935s,24.50956666666666,-21.927759722222223,0.3350235739356706,18.950710863735452,0,1,0,nan,nan,8.001353419070865,0.00013154138789782662,6.951183828611751,0.20627135185994017,72.95637687543932,9.957871244576568,0.35,macs0138m21,3518.515244719889,75.04838996059414,21.520243254559606,1.2537648637988787,5006.838027230805,2.1602209308438445,51.96468997764664,1151.724027479122,182.9679103868167,5.90710106634395,2.603521391873419,4959.168601308717,2.4892368048066262,61.32732866681625,8744.599777138434,285.107172609224,25.66127155414017,4.215291526217487,3725.7710185633387,3.018698148479198,100.33078333280453,11492.827760037939,398.846465499298,33.7939933475716,5.896919782461457,3728.6551731476384,3.018698148479198,100.25571323408738,6324.940075428059,186.7098686488619,68.59976214239643,3.8789848995039304,6562.502496160219,3.0403378983611797,57.39426664483947,3583.2266018995206,74.31051369990386,25.247424050844085,1.5018972493897988,4861.069967241125,2.281679141517887,56.871871907707266,1501.2631007317411,75.60625930360514,5.498839509019707,0.9807442924636032,4340.576653599658,1.9701647483794398,54.01647968501905,140.49530749959942,177.41189208663374,0.4084032525523637,2.0600232728686536,4102.222139771018,0.4999617834394905,nan,0.0,0.0,nan,nan,3969.388796251008,5.3493393824117454,170.06436440681415,854.3068039943067,144.0838667689873,1.9333806380883147,1.4761126691553095,3887.655074414409,3.495690062127961,112.11521300419255,0.0,0.0,nan,nan,3836.029469344951,3.5926724213869687,116.9676640264045,0.0,0.0,nan,nan,4364.327655312467,4.097249611248818,117.792258794274,880.9986345593405,144.29049554315029,2.0215440138237506,1.518358816676947,3867.0752972364376,3.471934007811928,111.90576769844245,1832.1514822998702,390.2000483842663,14.027542502019715,5.7036113813519025,6583.414376336736,2.4986570606419547,46.38392128225667,194.0797426761227,880.5439242015484,1.2933539250466826,11.265945532515236,6548.178504992926,0.4999617834394905,nan,1301.7050161865955,121.79587877864509,20.624453941384534,3.609478079955858,6716.429294352663,2.568047076417667,46.83406989863187,1047.982947656054,159.96557419833277,19.241288151271036,5.481907106324828,6730.530671767927,3.2336070999864157,59.71179485365179,208.63171651304273,6021.866273253469,1.0769771239905819,95.13190545524417,4684.309183718636,0.4999617834394905,nan,402.8672593512,90.66105864721631,5.209826512842408,2.5492392061676727,5875.1122207408425,2.379594804398365,49.278596344319
24d31m00pt6s-21d55m27pt317s,24.51683333333333,-21.924254722222223,0.3445759436875988,11.520790960334612,0,1,0,10.43294205006244,0.0019969129866303763,8.125472068884813,0.0005048433712748208,11.336969600720911,1.059890526264613,125.51285479720137,28.729186294906985,0.35,macs0138m21,5785.377467039332,106.2268044317465,8.047506548077287,0.40359823323494276,5006.848543359411,1.960271295022182,46.55799315749593,1867.3195818641861,249.53785905694917,2.419642724372325,0.8971193889997103,4959.0229409244,1.8266207915125052,43.31473545809854,2640.311058972486,575.7869391497334,3.122815172034549,3.4319493397699294,3725.4196769633854,3.263925585230036,108.92613304724499,5038.683098511601,1089.9092746716021,5.970939575448758,6.496349884458923,3728.17129870726,3.263925585230036,108.84463168456142,2303.729386917079,117.00914312759531,5.193872532469649,0.5053278501768219,6562.372691889909,2.006864175683882,36.48566516478877,1352.3623813380138,59.92388269864551,1.8870348984379255,0.23982828938979864,4861.291281587417,1.9269445755895853,47.01601358591065,2364.8988910894727,419.90156059696096,2.8218144736973447,1.7773771297476166,4336.9850164396885,9.99923566878981,292.5682705754515,3168.73663759992,345.86124779541285,3.4755497847474786,1.5191069527095582,4097.6238110655,9.99923566878981,309.59640827210086,117.31523243437579,263.9139928689252,0.12522996649438464,1.2088950602781985,3975.71699712686,0.4999617834394905,nan,5715.04317335798,641.0019092948645,7.231980173699623,3.6892997152424787,3880.139673740374,9.99923566878981,326.52642944617054,0.0,0.0,nan,nan,3835.2269954171,4.101618626274773,134.1494686579111,57.22622982304409,0.0,0.06425688268094222,0.0,4361.167836872628,0.4999617834394905,nan,3321.1799437942745,318.48415804583914,3.6886653645981626,1.6143473502490626,3874.7078620227708,9.99923566878981,328.2406140748108,102.00150274725402,254.17691798562757,0.22285838834667898,1.0602719295610097,6583.176391140348,0.4999617834394905,nan,0.0,0.0,nan,nan,6548.020073605868,3.549721774398215,67.66007445997738,358.8609358514476,96.33219267946075,0.8248002352269796,0.41417986908292576,6715.6161510212405,3.0006557062082453,55.30813269236609,0.0,0.0,nan,nan,6730.069369931986,0.6704563345523368,nan,0.0,0.0,nan,nan,4685.582579846319,3.8554277270068655,103.01110647833335,388.65652167526576,2165863.3486905852,0.7819708720131712,9475.0753932656,5875.128555691571,0.6170011348529978,nan
24d30m56pt88s-21d55m21pt771s,24.515799999999995,-21.92271416666667,0.344908191789989,9.92050037123224,0,1,0,8.303678800510413,0.021048081161789883,8.118500836529043,0.0006488013049843205,13.182793165224249,3.4133307043909498,99.89522853505726,20.14949744780063,0.35,macs0138m21,2119.406924641489,62.76336640865075,2.7982515704645126,0.22634089612674563,5006.856426883759,2.103842524520835,50.44699153393908,674.4296611002541,107.91964152592107,0.8405543290659913,0.37320593957624226,4958.760800442108,2.047831060650712,49.40711521423519,1164.297637919544,236.58860408873355,2.006142290251757,2.0525024305652395,3726.7239590442214,1.7825585329448639,56.013417906971696,1842.4720979147562,349.4195917030905,3.1793465619951036,3.031357169632413,3728.8333138323924,1.7825585329448639,55.971507212446234,660.5652347997164,14132119.659126788,1.1316907511058545,46384.200751820295,6561.548253790683,0.5528097118762361,nan,440.0134515405917,108.92955239146657,0.5493112775343467,0.39017059170040624,4860.350367650007,4.323738477428953,111.73772145592962,2024.9837981151456,185.05302411538915,2.602689464890577,0.8424972511975334,4340.146175958993,6.120939781979259,178.35554660466272,0.0,0.0,nan,nan,4101.378896795065,9.99923566878981,309.59640827210086,919.046032330706,107.52843151350768,1.3382691980561834,0.6731214222912314,3972.6301057273436,1.9483627467696236,58.30728987771193,991.1177899795142,118.5435022471229,1.8555302043246964,1.0033586928035878,3889.7366880358973,2.260053032554252,70.34573350958476,0.0,0.0,nan,nan,3836.3079628365354,2.8167399131022055,90.56412379327965,216.42509413162645,109.2288691954931,0.2717913432730558,0.4807851529022749,4362.806521611645,2.1803112607104054,60.24945122186006,2466.0914624399857,479.69541642704104,4.976159899884268,4.426793939021392,3871.403459797172,9.99923566878981,328.2406140748108,182.72794303139213,72.5071189372708,0.3127039520318624,0.2369027679061511,6583.142287059677,1.2945019143994803,21.05732959388875,0.0,0.0,nan,nan,6548.266148297831,1.7695945952038863,31.599006250050465,300.58771413426905,107.75230752682326,0.5317522651957391,0.3564751015690382,6717.617464096513,3.6037529996510234,67.00810626934539,0.0,0.0,nan,nan,6726.886029954464,5.6115523388047475,105.31069636772413,0.0,0.0,nan,nan,4685.197002378927,5.111323357221106,137.56638356259066,769.8694261695465,244.06129719857114,1.236965364789809,0.8517728303703684,5879.9216780260995,9.99923566878981,216.12712798001303
24d31m01pt47s-21d55m55pt85s,24.517074999999995,-21.932180555555558,0.3694743435013905,30.548747468265514,0,0,0,nan,nan,8.061951407797524,0.0001831799870933047,8.22551575112682,0.4968599586354976,82.08009837983742,19.689029463970616,0.35,macs0138m21,2348.9706151931537,79.25917548046041,28.218705027149273,2.600742134992586,5006.828965159386,1.9269429810006549,45.64957926211165,733.3881991067583,119.97490920239362,6.34042212399127,2.877909976818969,4958.874811836121,1.9780807431451914,47.49716973868331,2555.8822338276414,181.0856500836984,18.377510192968984,6.5599495021003085,3725.8059828875244,2.0177919443481565,64.66185499609354,3969.045887235916,246.04496861626643,28.593476106738056,8.913144518202005,3728.560189369107,2.0177919443481565,64.6134733162487,2858.1162509377323,96.53065832085606,58.65554979949277,3.7945879976414223,6562.711602713875,2.8211183927163943,53.01473298151273,1167.9859629528225,57.38081039359277,16.511918039626597,2.3267731054453575,4861.199946012932,2.183632644273735,54.167779471917434,176.5905910494455,60.55782322747628,1.5457019167880266,1.876477387625704,4341.406058907143,0.8408306852710494,13.66322833777508,366.58375297147774,8267995.691077554,2.930991756918236,264007.9354029228,4102.589345128404,0.5566123737452064,nan,752.7830852304088,4798555.356658698,6.248255959775845,171657.53264986552,3968.352618800905,0.590216986105719,nan,0.0,0.0,nan,nan,3887.809045995935,2.894185138082739,91.9295622387188,0.0,0.0,nan,nan,3835.5436004299236,4.907698664184168,161.2378372687822,0.0,0.0,nan,nan,4363.645932055114,9.99923566878981,291.0428046557292,2865.0910875070417,250.09282368671523,26.416362958813366,10.563018031646022,3868.8067520658024,9.99923566878981,328.2406140748108,496.5445609019671,233.245552415505,6.478956454280623,5.810594093025332,6583.15315464462,3.695298598041404,70.16551081161826,0.0,0.0,nan,nan,6547.800791849367,3.3848674178829,64.38747538310905,637.1845448170951,77.58385766651395,11.76926628903347,2.6804491654504323,6716.274142016541,2.1181192303318275,37.893078921786476,512.2973773409092,121.51249768190495,11.246188072233927,4.9780949671823045,6731.55190738896,4.0670272689839795,75.7778252602354,0.0,36.88940153687189,nan,nan,4685.68,1.0,19.403292965701418,258.3979537358426,115.61065253682197,4.154659411678326,4.04835724357725,5867.486693276725,3.58468913139729,76.17604953207676
24d30m45pt615s-21d55m55pt448s,24.51267083333333,-21.93206888888889,0.3715152506995385,27.74710118999978,0,0,0,7.779334127324635,0.005313078676997621,8.045299795663611,0.00019246943197760073,8.789954649361773,0.492327639490364,87.21322913599677,18.959282179607587,0.35,macs0138m21,2426.8065511997634,72.5587566849156,42.356827630410365,3.4590976634337753,5006.854071901132,1.7119332613869334,39.72444557370556,830.3169502102936,131.45067025960304,11.685343045111837,5.133349200014344,4958.611295047311,2.009358831103751,48.354773926004654,2747.590163239055,232.68932552383353,34.43641407542948,14.6981569403225,3725.312357265779,2.2773948331505127,74.04658840307589,5629.544595631029,404.8247726094846,70.70826515153857,25.571340789911392,3728.3823169218726,2.2773948331505127,73.9911848218774,1310.7428609676422,78.95518508014008,30.692027234737047,3.541819790189714,6561.735730010013,1.3526136799538746,22.452024401751036,1323.5856980359836,48.80828229785152,43.898734337386884,4.643753784799183,4860.881486275844,1.7273799028073276,41.35635786652467,1030.9651057865397,69.2280537261624,17.917380482479924,4.261034203454971,4340.485618634986,1.6182300243099668,42.793837022794605,398.768489697362,697759.3933253998,4.70817711784739,32944.69884143986,4100.165223587991,0.5951306404592134,nan,2187.8871512972883,194.90965355457706,92.80097965911379,35.62262747755442,3968.7350942297685,8.003377336764757,255.6639514246516,0.0,0.0,nan,nan,3889.266466940586,2.169724147025836,67.22894967261139,0.0,0.0,nan,nan,3833.03270932321,8.104314167180725,268.00475501205153,280.7226581279703,75.2331167081973,4.2126195465199165,3.9565518956008123,4363.068046810912,1.648149063748768,43.53695036846053,1302.0697206085326,184.7712571187577,22.021241490749556,14.283573996874313,3872.2911931308345,6.689151115984214,218.913337589523,365.50680020845203,188.80153454527598,7.955889136375551,7.845197164291305,6583.957693133693,3.820924029673614,72.63812754728811,18.703867798907034,212.65914411786778,0.32620943684049764,7.122561067769312,6546.634415145888,0.4999617834394905,nan,375.20283301419175,74.81286693392366,17.928945154057047,6.687141120455949,6715.913514512177,1.9075497448606662,33.63509478660213,212.4994235350794,73.63197208944591,11.52016207562219,7.451213164191334,6729.998464779979,1.7654013751477993,30.654585337531568,0.0,0.0,nan,nan,4686.524732961221,7.637045911970552,206.62541268613813,844.0607489447395,128.107808554577,24.675282389970988,8.139136730722047,5877.430578803828,5.4646955705373665,117.43097714334652
24d30m47pt7s-21d55m50pt224s,24.513249999999996,-21.93061777777778,0.4582486401916275,22.34759042636126,0,0,0,7.835340206785306,0.003447098602196263,8.074820993907307,0.0001157823120007717,9.390379028940373,0.3534451824354087,47.19863735330316,10.757307074980123,0.35,macs0138m21,4216.7851539001995,84.20193827377484,37.66080207473238,2.054075316589409,5006.8436715227235,2.0314423031483844,48.4904770869937,1262.363414432763,187.6470793760946,8.460583898902005,3.4894451779034417,4958.901820159421,2.0258881768167534,48.807236643359,4394.347918015862,150.3685622822726,23.598499879898814,4.068090286390741,3725.895117686424,2.0575419801780606,66.10804776814858,5530.3918629669415,171.81576033906455,29.757969287162453,4.648325521474981,3728.723545069963,2.0575419801780606,66.0585840092991,0.0,0.0,nan,nan,6562.8,1.0,13.853480493619768,1640.3904785783677,52.35697176326248,13.282987940714118,1.2159490013461964,4861.431908201233,2.1197240471413346,52.39781160231698,0.0,36.60187615193568,nan,nan,4340.46,1.0,20.94654063936261,0.0,37.58574176600311,nan,nan,4101.73,1.0,22.16567686891332,0.0,0.0,nan,nan,3970.0793427017775,4.665434521182455,147.91477656116214,618.3328617940878,384293.36631125817,3.7887138078489064,10651.23915107704,3888.8812506899408,0.5678266488140206,nan,0.0,34.62253032242614,nan,nan,3835.4,1.0,23.704860453545347,408.19393397098776,68.79775185526356,2.6872546759445184,1.5879845607633467,4362.089562320031,1.969416223716134,53.711469320355725,1209.3586263624054,133.38110489260967,7.769851926978675,3.920917864224852,3870.68539907513,5.24989476968973,171.21729485861266,0.0,0.0,nan,nan,6583.45,1.0,13.810026928666252,0.0,0.0,nan,nan,6548.05,1.0,13.88468655302385,0.0,0.0,nan,nan,6716.44,1.0,13.536579167464883,0.0,0.0,nan,nan,6730.82,1.0,13.507659064352907,0.0,0.0,nan,nan,4684.7856744545115,3.9875287708464535,106.65890169356334,227.03872102355103,5104435.431921036,2.8979023204929177,141617.4470747202,5876.662724951064,0.5331184692469066,nan
24d30m30pt195s-21d55m03pt284s,24.508387499999998,-21.91757888888889,0.6015856760880158,31.05063770398896,0,0,0,nan,nan,8.101429965623714,0.0017333513429824553,7.901289595143884,0.6201427517101403,32.377728206407845,4.845930189504248,0.35,macs0138m21,3133.5393156637842,82.57197956532369,133.32270056796,9.595948021471134,5006.843298797331,1.8280304794814568,42.93889221617234,896.7260996258627,143.28052428706317,13.529468321856742,5.9977432366551025,4959.032793294529,1.725645009738572,40.49383506690354,2081.8192607185288,117.90935630758052,33.58334343392084,9.581857166598203,3725.971120607302,1.9449984616055225,62.00314957348046,2384.2916322211313,124.34203088825709,38.537311076902654,10.104605920059821,3728.7458641140333,1.9449984616055225,61.956757206106865,0.0,0.0,nan,nan,6562.8,1.0,13.853480493619768,1075.3151376012293,78.83239092813895,23.55838632338871,4.953880194572507,4861.176430452564,2.2159741639766026,55.061192321917034,0.0,42.85484827231354,nan,nan,4340.46,1.0,20.94654063936261,0.0,0.0,nan,nan,4102.469716292814,1.2020112876536277,30.329077153232713,351.06750426601167,62.115728704167005,8.246710915585087,6.2873409500351904,3968.694946827693,1.979553695068325,59.37781475227379,0.0,40.818419091519324,nan,nan,3889.06,1.0,23.37778840736009,0.0,0.0,nan,nan,3834.6252332519557,2.152289949534115,67.55784951220323,233.3968292726714,491534.5151308393,3.971526233235864,29330.012094936294,4361.761428674981,0.5225772329319526,nan,741.9431300450659,59.63814136398672,12.11632833474624,4.460175205936996,3869.260543732075,1.5413281747581806,45.18848218805234,0.0,0.0,nan,nan,6583.45,1.0,13.810026928666252,0.0,0.0,nan,nan,6548.05,1.0,13.88468655302385,0.0,0.0,nan,nan,6716.44,1.0,13.536579167464883,0.0,0.0,nan,nan,6730.82,1.0,13.507659064352907,151.73859999459464,66.41772608196953,5.229502760757479,7.001667732556374,4685.602005251037,2.116077410694345,54.25704597583757,0.0,0.0,nan,nan,5875.62,1.0,15.473706908126772
24d30m57pt66s-21d55m23pt218s,24.516016666666662,-21.923116111111113,0.7661408382491954,9.770770377386143,0,0,1,7.7961355977378,0.015580441929767031,8.090148110391045,0.0008817252887765796,7.800235321399527,0.5057015389038271,61.10105238024582,17.150653860327882,0.35,macs0138m21,2098.3236475302533,79.3499383969971,10.111685779000334,1.044443348360757,5006.836402762489,1.6140974241303228,36.981653720998146,895.6393003042543,150.1735056819568,3.3821897743988956,1.573266560790185,4959.280408007276,2.467749841721303,60.75228191233223,1368.9051615068097,86.20639727890057,4.2964083025801045,1.3627029038167717,3726.2711085397173,1.6079965502122109,49.46252793418038,2961.102610651328,151.02444956967727,9.31135895909247,2.38731071558537,3729.001189794298,1.6079965502122109,49.42551878572688,0.0,0.0,nan,nan,6562.8,1.0,13.853480493619768,938.9422777925334,52.29133384195362,5.871161579248011,0.9378338374051481,4861.308265400066,1.750061218937129,42.005257704931545,669.9039705902794,85.52657325960654,3.0679141274597264,1.3862336047847863,4341.947355718898,3.4182150705541803,98.134935282566,0.0,0.0,nan,nan,4099.1232992153,0.4999617834394905,nan,411.9027313372817,202389.73221525998,1.662246387550554,3517.5173815140383,3969.5820833835896,0.5000210017742568,nan,126.72314052816847,144.43780920586548,0.5722721793685576,2.949827307980672,3889.245316882942,0.4999617834394905,nan,0.0,0.0,nan,nan,3835.1791858376378,4.132718469807215,135.19703163004326,483.9734491100337,118.29400998832946,2.089950278845088,1.7934936620144775,4359.14360747988,7.255577135442445,210.71632061462984,473.44438822057896,54.28550567119386,2.0663226925726677,1.0886772592285736,3863.965124920383,2.0117418690569813,62.06413062338423,0.0,0.0,nan,nan,6583.45,1.0,13.810026928666252,0.0,0.0,nan,nan,6548.05,1.0,13.88468655302385,0.0,0.0,nan,nan,6716.44,1.0,13.536579167464883,0.0,0.0,nan,nan,6730.82,1.0,13.507659064352907,0.0,0.0,nan,nan,4685.130032186152,9.99923566878981,271.0131455203778,0.0,0.0,nan,nan,5875.62,1.0,15.473706908126772
24d30m27pt42s-21d55m04pt409s,24.507616666666664,-21.91789138888889,0.8295912867728552,31.977685498244316,0,0,0,nan,nan,8.159461026321402,0.00017788514137109083,10.103536508792867,0.8915780099513045,46.42946462164295,17.162433764253816,0.35,macs0138m21,3852.0609757312063,82.56049487908514,106.3425457607845,6.225443394298994,5006.858513438046,2.027709123735346,48.38934725075383,1159.796456245635,156.60838475895062,14.486212035144003,5.427302282271324,4958.92053473582,1.935653364720435,46.33073892578105,1164.7031448645794,98.39940339464482,12.564644004367054,5.346388158651489,3726.25930374282,1.593734835802348,48.92069067515311,2175.1965552397965,151.86634120401894,23.507500300317687,8.251436292296479,3728.8096371362794,1.593734835802348,48.884086943413934,0.0,0.0,nan,nan,6562.8,1.0,13.853480493619768,826.6172072336138,68.50570700993927,24.133323701510438,5.736237126181066,4861.46262879502,2.229101358488156,55.42340619007307,105.06732133353344,0.0,1.3105820015916487,0.0,4340.566255406888,0.4999617834394905,nan,23.28744739527118,110.7206993435397,0.2418591063905718,4.59370129856398,4102.089343399626,0.4999617834394905,nan,147.43813035066034,49.4279956204376,1.8908905045569897,2.728853448289906,3970.3458951175676,0.7433738438821901,8.023559770138204,0.0,25.133191996014986,nan,nan,3889.06,1.0,23.37778840736009,371.1701321434894,43.852575783010614,4.987018048092367,2.74953060987268,3839.849494694895,1.4082052445806321,40.559101818896025,95.99559376301659,4761062461.869754,1.590155462623923,276856458.641342,4359.442380016524,0.4999617834394905,nan,612.6721055704026,123.24177233220013,7.711173632497257,7.127365858977906,3863.9917563079935,9.99923566878981,328.2406140748108,0.0,0.0,nan,nan,6583.45,1.0,13.810026928666252,0.0,0.0,nan,nan,6548.05,1.0,13.88468655302385,0.0,0.0,nan,nan,6716.44,1.0,13.536579167464883,0.0,0.0,nan,nan,6730.82,1.0,13.507659064352907,0.0,0.0,nan,nan,4685.56296580193,3.873662887703645,103.51489001793868,0.0,0.0,nan,nan,5875.62,1.0,15.473706908126772
24d30m31pt845s-21d55m29pt888s,24.50884583333333,-21.92496888888889,0.8614118537062954,17.361899535732682,0,0,0,10.941476394956423,0.06495396080308692,7.7996278317641625,0.0030929382031649627,6.542196472711103,0.32373925917128216,48.17967498672089,13.239883768096984,0.35,macs0138m21,2440.4699787086874,100.50971605937966,340.20778796587274,38.271469570180564,5006.771503935171,1.9605457932217953,46.56546547843349,1072.7015755462971,109.13439415287843,42.03912099119649,11.86753777305522,4958.7236441785135,1.7969318736633664,42.488355995515505,1255.8461781415053,77.31303878824963,61.98127926757136,19.222225761877027,3725.950269382094,1.691104699295842,52.59878299656111,2548.633366183946,128.42303134627363,126.02776268952816,31.929627139916104,3728.704001450969,1.691104699295842,52.55942722058898,0.0,0.0,nan,nan,6562.8,1.0,13.853480493619768,1118.5312347472168,44.992851414023576,42.895426451912904,4.949261541566872,4861.15668635936,0.9551984705278763,17.02048564175658,817.2068409769491,69.81582096147777,38.67941432831682,11.705837255990735,4340.002715022931,3.3666923721852022,96.59048361468606,644.3399062650567,49.86393586070651,27.969796119724787,8.6481993929739,4101.786533651804,1.4057424010256874,37.83743049050836,702.7090230526022,53.65538793453022,25.682902663536396,8.435063056619583,3971.685526336086,2.078700023047913,62.76527622633995,0.0,0.0,nan,nan,3889.352483996515,4.51202048519103,145.91468615239876,114.85665376106462,32.54645119470885,6.550695597472594,8.687881711345412,3835.2809823438906,0.7630527692324272,10.08171445804646,0.0,28.618000909237782,nan,nan,4363.21,1.0,20.83732430562082,834.5594345566941,60.866797677969366,146.21362925735133,48.843670572841454,3869.0065349975157,2.280850216014653,71.43445750505053,0.0,0.0,nan,nan,6583.45,1.0,13.810026928666252,0.0,0.0,nan,nan,6548.05,1.0,13.88468655302385,0.0,0.0,nan,nan,6716.44,1.0,13.536579167464883,0.0,0.0,nan,nan,6730.82,1.0,13.507659064352907,1038.585598425713,304.7789596588048,38.11684400876276,34.24041704160284,4683.647566179558,9.99923566878981,271.0131455203778,0.0,0.0,nan,nan,5875.62,1.0,15.473706908126772
STACK,0.0,0.0,0.49165834691226845,nan,0,0,0,8.039854166701762,0.07377666453297395,8.102151736284243,0.0002047031871400673,11.133868463411766,0.8103677419147564,82.27759521298977,18.49524222976389,0.35,macs0138m21,13694.291415411888,520.9235948712899,5.278996403617814,0.5482768661070454,5008.070451463165,3.2511045266369405,80.72771351706007,8034.608018571174,621.2331538048073,3.0893458939183516,0.6625889594272956,4959.672727867331,2.7952141008112408,69.47488692915378,9025.357413328196,912.632401276152,3.7813759485530785,1.9254990972104888,3726.4936680566148,2.5702684437606758,84.50069999218117,19458.10786106702,1729.7080890452835,8.169924875727851,3.6493897863336846,3729.5696696007135,2.5702684437606758,84.43747437309034,13652.030718119515,323.3777059435043,7.891901001772182,0.3579894071145609,6564.0753563491835,4.10088043005263,78.38445369148495,4509.875868696193,267.56204322523735,1.7481102097559542,0.2973467588988298,4862.473594279531,2.203580992896994,54.71901382614576,1836.0471379656367,278.0485798435512,0.638194505431404,0.34266838331332966,4338.122350238589,1.754851979117478,47.199308596880066,3614.5636728764944,27505112.227280606,1.15713159944703,35164.46993977201,4102.638393804742,0.5998922172565536,nan,1857.606617451695,109173874.63959104,0.6399164788949201,161857.6476786871,3970.757087702056,0.5485059573794152,nan,719.5823915285274,504.9233495989433,0.23992798149948869,0.7608260394840776,3890.3863910604373,0.4999617834394905,nan,0.0,0.0,nan,nan,3834.707980548458,5.242183450553421,172.44780786137818,5254.359800294326,1088.483029895424,1.9296505572482805,1.3955695024476278,4371.358794692505,9.99923566878981,291.0428046557292,1890.8674152384665,398.29768712740827,0.6228553201146051,0.600573008868708,3869.9716206546846,1.0016866092953711,23.57817138670576,645.5252316330757,700.0880126864943,0.34831008747745823,0.7210830476024075,6584.325695664402,2.376517233668866,43.91805765674395,0.0,0.0,nan,nan,6549.250162989839,9.99923566878981,193.93267853817915,1507.318193539626,661.8121263663581,0.7665102323609627,0.6294305422151988,6717.071499189142,2.9335871267515152,53.99991516781193,869.5465124183793,563.2144627074183,0.44562126604183555,0.5385700783300735,6732.534841474678,2.1314181000761807,38.078537215292336,789.2828642354933,47188896.199530564,0.2714895645543959,49650.456988944,4685.543303898382,0.5398240584703365,nan,465.4471087171057,5629973613746.772,0.23229894998453482,6106640876.45249,5877.378648558903,0.4999617834394905,nan
25d00m06pt75s-5d55m21pt934s,25.001874999999995,-5.922759444444445,0.4381111141655081,46.2201259230155,0,1,0,nan,nan,8.027398356842625,0.00010465062123132403,7.444196218057959,0.18773981323062797,67.3350355736447,19.71391424089695,0.451,macs0140m05,5067.612665734984,103.92099579077748,27.78775479340627,1.556466955548418,5006.840990329262,2.1567135301854847,51.87041093222311,1621.1442128604697,225.1169647959556,7.686211140961592,2.9614464902559825,4958.857538598754,2.1560378464276306,52.35342074421905,7813.344940078598,216.1589910269959,30.771315128607792,4.288353421450715,3726.0116910502757,2.43730379988552,79.76875322925538,13431.365531580173,336.8847316040705,53.00281499645213,6.683417536994316,3728.8808969907122,2.43730379988552,79.70906817567017,0.0,0.0,nan,nan,6562.8,1.0,13.853480493619768,3752.38192707681,70.39179319462603,21.437941532605848,1.1534621243035266,4861.34638457513,2.284140974314048,56.939605956912395,1996.298023280042,99.70548636763247,9.14617227204467,1.6177517295619226,4340.601139931107,2.1322828076438287,59.07584170873021,974.5207883345784,80.28663010654137,3.540373569243589,1.1652512744420565,4101.983447842523,1.5802035733139213,43.9718040905177,0.0,0.0,nan,nan,3972.389601779659,7.537895733507912,240.6761763790505,813.8087602907508,18763999.310431495,2.1487138011632045,224168.51984171354,3888.4198478317535,0.4999617834394905,nan,388.6890347299996,84.50511401686931,1.0167221748580775,1.032944077135369,3837.718150361048,1.1435383312338543,30.0153892674915,0.0,0.0,nan,nan,4362.89285974128,4.314456247066344,124.21964166115457,2426.3048754402585,236.64567099179047,6.678804019851636,2.980317918292342,3870.7767643823604,9.896094942544957,324.8380959732525,0.0,0.0,nan,nan,6583.45,1.0,13.810026928666252,0.0,0.0,nan,nan,6548.05,1.0,13.88468655302385,0.0,0.0,nan,nan,6716.44,1.0,13.536579167464883,0.0,0.0,nan,nan,6730.82,1.0,13.507659064352907,6.745190323767361,91.06545547070452,0.03077915125437642,1.269895081119502,4688.009684406262,0.4999617834394905,nan,99.95358967523535,117.39264312431789,0.9789366891258988,2.500046825261804,5874.868439497209,0.4999617834394905,nan
25d00m17pt34s-5d55m07pt627s,25.004816666666663,-5.918785277777778,0.4398014788458313,36.07166845270165,0,1,0,nan,nan,8.032755379760573,0.00010224229829831385,7.081223173733509,0.1358109481934177,62.311916274041934,12.664162565651846,0.451,macs0140m05,8578.564273983038,160.99838639949667,19.836917930372817,1.016880597286921,5006.824670426703,3.1751777400899797,78.74958511799981,2398.1728405965823,344.2571911572281,4.6296089338016015,1.8439813210894316,4958.825124966169,2.69518489809425,66.81901084980423,12502.810735510717,289.4555795994825,18.32772288879639,2.1374697383332992,3725.9820597802795,2.611472349449425,85.96292969113435,20309.637229470012,450.67971773315037,29.82924767760563,3.3280210375220016,3728.750734363558,2.611472349449425,85.89860999379358,0.0,0.0,nan,nan,6562.8,1.0,13.853480493619768,6183.844797038491,73.91959271052576,14.779432175041608,0.5067439293887342,4861.184343486083,3.031232174271469,77.23724542282227,2645.308812476097,109.39103023918274,4.613602712734178,0.6756732348942398,4340.540403161147,2.899121861590264,82.51827569366083,165.75701559847093,107.02323503814274,0.22197011905199598,0.5724355917281516,4102.37494217452,0.4999617834394905,nan,224.54311242689775,71.35548832523452,0.29378265116052815,0.40210356624052557,3969.4379051650403,1.2095813648498432,31.632941156027453,0.0,0.0,nan,nan,3891.6447851002085,7.053469639274388,229.7586444328091,0.0,0.0,nan,nan,3835.1595988610557,4.084339796431237,133.56734823032872,0.0,0.0,nan,nan,4363.598609267316,3.3215971117489564,94.74125166424889,1814.3869269306545,129.29015894613423,2.172697638616058,0.7091374639005626,3869.0126365281512,2.9819252726149337,95.38509281571763,0.0,0.0,nan,nan,6583.45,1.0,13.810026928666252,0.0,0.0,nan,nan,6548.05,1.0,13.88468655302385,0.0,0.0,nan,nan,6716.44,1.0,13.536579167464883,0.0,0.0,nan,nan,6730.82,1.0,13.507659064352907,87.5774247089687,69.59515435618538,0.16598764663351037,0.40346623883177607,4685.653376764986,0.4999617834394905,nan,561.9836070362552,84.06101361410511,1.985837448090766,0.6458664417123551,5875.117273195342,2.547044851839123,53.06304193132233
24d59m51pt81s-5d54m55pt49s,24.997724999999996,-5.91541388888889,0.6061804689568695,20.67346965365264,0,0,0,18.097980781203994,0.07907286504757552,8.622120740091908,0.003994470211555261,9.462648328749177,3297.251457099383,33.97067991590603,5.682489392525155,0.451,macs0140m05,3564.818969272327,76.2062864304483,87.86487441505174,5.1304545586798245,5006.836188774706,1.6679857768966249,38.496681902112655,1665.9582037633968,3997047.5065321163,23.224452852494302,154612.76684444744,4958.721006504577,0.5133788407552877,nan,2342.0555304837126,116.31842128499822,39.53926079064843,9.892472643821156,3725.956338357612,1.9549977192163155,62.36920037494382,3898.1322894918508,164.58329830926203,65.94340948686488,13.997230689411145,3728.8708708633967,1.9549977192163155,62.322534118850456,0.0,0.0,nan,nan,6562.8,1.0,13.853480493619768,1212.2362149040764,100.70803708173612,50.40184525131502,12.009242952570858,4861.431807526073,2.534627054714239,63.79606324848451,0.0,40.79040261360107,nan,nan,4340.46,1.0,20.94654063936261,353.0865744037942,59.85107898974815,7.859350983028571,5.32240253680522,4101.933134893328,1.883545860877521,54.27458892657745,343.53424296244805,49.528883485446826,5.586333987208983,3.4674027545072286,3970.1971459007527,1.2101644373823295,31.655865286108646,311.8630922459707,83.06169439726598,5.9680772668766195,7.1863168736701395,3889.738850799943,2.3685126837272645,74.070803036584,394.9174140498496,79.13825773057583,8.460372537251242,7.9256273154244825,3837.1125656052413,2.5407961027105497,81.07389012582667,259.33213265087676,54.233567288283524,5.7366676571863575,4.201766523235368,4364.425275546121,1.4970593507504553,38.612070279748835,519.1567679020736,211.78686042834605,11.094455736517542,20.73587534828978,3868.5752610705304,0.4999617834394905,nan,0.0,0.0,nan,nan,6583.45,1.0,13.810026928666252,0.0,0.0,nan,nan,6548.05,1.0,13.88468655302385,0.0,0.0,nan,nan,6716.44,1.0,13.536579167464883,0.0,0.0,nan,nan,6730.82,1.0,13.507659064352907,0.0,0.0,nan,nan,4685.706080754259,1.4261081210361828,33.758541348360446,0.0,0.0,nan,nan,5875.62,1.0,15.473706908126772
24d59m48pt405s-5d54m54pt526s,24.996779166666663,-5.915146111111111,0.606962806991717,21.332997991967087,0,0,0,nan,nan,8.124131574994449,0.00031865619828196567,8.396753218415407,0.4398143656113497,53.03491744036959,16.612787900282004,0.451,macs0140m05,4814.611091944343,94.5299694952759,62.172856090873445,3.3341898842236586,5006.879151556742,2.0711424907781075,49.564415528943485,1643.6795487881404,207.04521741918862,18.76417525095239,6.558324473014109,4958.785526590943,1.9393799404522085,46.43334168771296,2642.9338822086543,166.97086111583994,22.25871178451704,7.082929362879743,3726.175529465549,1.91889356385201,61.04617364860682,3854.78346029579,215.38428497041966,32.52376059996111,9.136634177513502,3728.772066860409,1.91889356385201,61.00049731548277,0.0,0.0,nan,nan,6562.8,1.0,13.853480493619768,1542.9782972330725,68.8745744020151,23.185973326600433,2.9684762301276626,4861.320848385528,2.0112628403097728,49.37857625597283,817.732129514815,60.098269534010676,10.619496376251044,2.7632217820067235,4341.180027246473,2.1569043352206703,59.839862572653736,777.3558929764979,63.69426333853263,7.6346901536825715,2.499113755198633,4102.001197066061,1.9875745296713931,57.738082479829615,0.0,0.0,nan,nan,3971.8136621264653,9.99923566878981,319.8627926142355,601.0453602662003,1277690.563735087,5.570867435946987,53560.818555160455,3889.109125924267,0.5189100434455938,nan,0.0,0.0,nan,nan,3835.7191432791706,0.4999617834394905,nan,0.0,0.0,nan,nan,4363.68750903213,2.0513483273352526,56.26175892084662,1207.8269495134596,101.85891640568566,14.051664461974784,5.433011794848182,3867.475472137377,3.398482652087698,109.43687378711387,0.0,0.0,nan,nan,6583.45,1.0,13.810026928666252,0.0,0.0,nan,nan,6548.05,1.0,13.88468655302385,0.0,0.0,nan,nan,6716.44,1.0,13.536579167464883,0.0,0.0,nan,nan,6730.82,1.0,13.507659064352907,59.55563026524647,59.62177176251119,0.7499987709415651,2.296378270499113,4685.915786296895,0.4999617834394905,nan,0.0,0.0,nan,nan,5875.62,1.0,15.473706908126772
25d00m32pt685s-5d55m30pt293s,25.009079166666663,-5.92508138888889,0.8268190722179016,63.397374860085684,0,0,0,7.851716045420651,0.004656614171279394,8.13746460051265,9.870700713627463e-05,8.818977622116135,0.5032752382661441,48.51490882708342,14.571917537921111,0.451,macs0140m05,5747.339788354628,96.49390401483203,309.74391606843716,14.204296551622523,5006.859649316819,2.078340930637637,49.75885299069254,1693.9121400807865,221.3206854833866,25.687871947997007,9.312475943315988,4958.85124941701,1.9273614389068865,46.10233271961057,2565.665178116017,79.67329070849617,96.3007200323917,15.067306609606383,3725.7312155309924,1.8336216285119473,57.90573415375476,3843.495856471034,102.0685147235023,144.56199927789484,19.302549108369323,3728.693850558049,1.8336216285119473,57.86240757905043,0.0,0.0,nan,nan,6562.8,1.0,13.853480493619768,1570.5236543846706,84.06926946765782,48.16649596207247,7.394838890718972,4861.441346906567,2.077032679967769,51.21185351797032,478.62206540896494,46.42455882462851,14.882974690161781,5.111860099228433,4340.820439774107,1.0155695542227237,21.581366194748902,316.300590937271,52.39792414987574,7.656440022560195,5.065340299981447,4102.621934966837,1.8820972566949805,54.22615518772786,244.66138085766852,81.25830581826834,4.621157478665542,6.609796928559336,3969.6289065481706,2.384587136256294,73.09858702968698,281.38517011260035,49.14684374607968,10.277096522035803,8.12000312577627,3888.7944393016587,1.4540432692142935,41.71994053671,0.0,0.0,nan,nan,3836.5268691900333,9.99923566878981,331.09476865566154,843.714107497269,68.59608555746988,54.72673564203226,15.61037636451144,4360.697441062884,2.331981765102517,64.90494801494778,942.7044384669662,43.278294349926924,43.86795529409769,9.225821006236357,3868.767320429866,1.4941547234029051,43.43886795651349,0.0,0.0,nan,nan,6583.45,1.0,13.810026928666252,0.0,0.0,nan,nan,6548.05,1.0,13.88468655302385,0.0,0.0,nan,nan,6716.44,1.0,13.536579167464883,0.0,0.0,nan,nan,6730.82,1.0,13.507659064352907,0.0,0.0,nan,nan,4685.229572754378,1.6916017379273822,41.84113171642227,0.0,0.0,nan,nan,5875.62,1.0,15.473706908126772
STACK,0.0,0.0,0.5835749882355655,nan,0,0,0,nan,nan,7.941664509247574,0.0013054082532280758,20.681985923650664,6.9977978880727285,74.50361141606496,24.570206153734897,0.451,macs0140m05,4209.2317633878465,324.7662707830819,4.8859750783100155,1.0296556246917299,5006.939984723306,2.054975355567246,49.12740482944111,2225.168466909734,298.5777308138865,2.797385470118291,1.0414550863904695,4958.936004805803,2.6770028301064026,66.33551580443992,26778.51597028356,12649.28965563958,27.641658112860526,65.65280798157056,3728.646171462454,6.211771633782547,210.89045780490096,29215.742753376187,16181.57135425376,30.228337757806823,83.98618625096135,3732.0171721031984,6.211771633782547,210.73266408536622,0.0,0.0,nan,nan,6562.8,1.0,13.853480493619768,3018.504082945328,237.5307841706972,3.8312156366311028,0.8646726986719465,4861.466794667461,1.917289219601072,46.74451110305709,1338.9542263440578,154.11623701311183,1.3583580544326528,0.5536168408334762,4340.9273955266335,1.2032153430898396,28.704376834840424,77.33704477306478,341.5168063799164,0.06924982315066293,1.2218163436423346,4101.795487594122,0.4999617834394905,nan,666.3755542423318,373851.8654377599,0.5503160625557866,1328.3610882326172,3971.229901531188,0.5755608121756651,nan,943.8354757696616,2129601.5360608906,0.6631469212672015,6762.810436357951,3890.180342481725,0.5626953211920962,nan,1296.534488302581,4522550.709922959,0.9162688874781705,14939.99376182535,3837.2401585502153,0.5798160077942635,nan,0.0,0.0,nan,nan,4363.286961387908,3.7732873417074577,108.18619449699005,5877.290561212239,1226.239941365333,4.2942041655934,4.102646576707217,3869.42159567116,9.99923566878981,328.2406140748108,0.0,0.0,nan,nan,6583.45,1.0,13.810026928666252,0.0,0.0,nan,nan,6548.05,1.0,13.88468655302385,0.0,0.0,nan,nan,6716.44,1.0,13.536579167464883,0.0,0.0,nan,nan,6730.82,1.0,13.507659064352907,158.01077860626293,0.0,0.17740631187959288,0.0,4684.277922040467,0.4999617834394905,nan,180.4814755265118,3.426936729301996e+18,0.3749488670625096,1.548001490821676e+16,5875.1407809945795,0.4999617834394905,nan
25d01m56pt37s-34d10m24pt019s,25.032324999999993,-34.173338611111106,0.3789715531161877,26.54769109823896,0,1,0,8.52240853059451,0.015639271257597814,8.038482347971161,9.593740768448933e-05,7.553913339618239,0.12798333682413585,83.38744529127494,22.854240211890758,0.395,macs0140m34,6575.083286324124,111.83508203886531,25.09271046229592,1.1657706091030062,5006.825570118931,2.201876925723149,53.08305789715219,1415.4594828398126,252.36733621270022,4.328620899992713,2.141288483103178,4958.962321104298,1.4784773230541726,33.433069985903195,8908.837867145889,159.70313934221033,20.9886453282722,1.895316274368664,3726.02263531781,2.104528631025372,67.812829999365,13361.149672926875,212.3041381847162,31.539404739110584,2.5195715618030707,3728.814598210409,2.104528631025372,67.76209067815928,9657.677501964483,119.42532275090214,61.4055929328776,1.4544428875367388,6562.785566939955,2.4702852735365872,45.956252766619784,4005.9408876890834,45.103193033849536,16.345695187963184,0.5278613158175347,4861.290793229203,2.0958810977874887,51.735832028306525,1981.1188193199914,66.60535414449356,5.379886556028674,0.6405056510799219,4340.736572348418,1.8139051218725222,49.08239684034073,197.19073166723766,143.0320563785448,0.4300953206635752,1.2467889789976343,4101.293283472492,0.4999617834394905,nan,0.0,0.0,nan,nan,3968.749024705584,8.129575240101913,259.72611487763123,98.27868875032678,3.864266051422053e+19,0.1944873520887023,3.4598407310441824e+17,3888.552201974746,0.4999617834394905,nan,0.0,0.0,nan,nan,3835.729302439396,7.710171500323681,254.8702015910979,232.14030631924595,89.82789806583575,0.5901690913418147,0.8003723988217875,4362.958996693871,1.7776830791869835,47.6787951755413,4552.848199076632,305.54832075720606,10.329420423713366,3.179457156160587,3866.8880475329697,9.99923566878981,328.2406140748108,935.7109083127694,513.7483290430049,3.9137441032524545,4.102520875723093,6583.3088134394,1.7158034112793141,30.29319398779313,15.50197186107325,971.6099785101653,0.0580365420875978,6.9855925729401545,6546.495551997528,0.4999617834394905,nan,1772.8451197734983,108.38640018406997,11.127770655506842,1.2724955229390722,6716.396073464124,2.4828244356785807,45.15277748940198,1241.832035781579,142.53315359052567,7.212628538824585,1.5450898023875053,6730.80971621778,2.4652048703876135,44.70884737127573,250.24781322527733,3776353.904117648,0.8240603679732627,38043.95867965366,4685.1758597143435,0.5793245435783808,nan,482.4224398306426,42.09696369810151,2.6832650012254398,0.5091066110258127,5875.1838052052035,1.8904794776329523,38.05049518827507
25d01m50pt835s-34d10m27pt958s,25.030787499999995,-34.174432777777774,0.39230824765067474,19.76043393085732,0,1,0,8.59298990129355,0.013372461953684267,8.105675893740466,0.00014025595068178898,9.178286207071146,0.4997735941473359,66.825650038293,17.542440663794974,0.395,macs0140m34,3280.5625177012093,69.32910583123272,56.44383209443552,3.2581496362547955,5006.8360435976965,2.1089093303629327,50.5835899991584,1046.2192848854872,139.85848467095795,12.186840978930608,4.520206104993953,4958.8854008794615,1.7714120775723585,41.77607208079541,2543.1310153884383,139.34821237451916,54.24694971882204,14.969609689868257,3726.360155573687,1.9552767416811119,62.37941080315533,2891.582505474327,148.4045325017203,61.791660085102485,15.942493196736187,3728.9591579754106,1.9552767416811119,62.3327369073543,2378.056172175796,57.39380546663091,100.37729567201829,4.640172879116735,6562.919300089207,2.7425843781381927,51.440609928421246,1063.5422673929038,50.72051389550639,20.04699700328512,2.7420943311834667,4861.353565711921,2.348401370097167,58.705046076306004,0.0,26.09643216066031,nan,nan,4340.46,1.0,20.94654063936261,287.4837250250786,61.249143248403904,2.673463334257695,2.2761582137184986,4101.462193793032,1.3781215079763043,36.84555799324396,0.0,0.0,nan,nan,3969.59034958328,1.4854585338732789,42.01425213434742,0.0,47.832277776882954,nan,nan,3889.06,1.0,23.37778840736009,3781.205304214319,214.38310208811194,150.0827949088945,40.08296415866363,3825.4,9.99923566878981,331.09476865566154,152.7463223691852,49.42446308773034,1.7190851557475262,1.9483790289476526,4364.203822482491,1.1910736747665895,28.11799919022394,1000.6518504589691,129.1139935409689,15.949218242565987,9.429761254843921,3868.3749610279046,3.7307456376689667,120.58838148878853,146.85007863574845,107.18029781513818,3.6232586318119404,5.048608362745923,6583.571954490559,1.2679676562478728,20.44467532475504,0.0,0.0,nan,nan,6543.908626215871,5.7503807080865625,110.97003539951668,0.0,0.0,nan,nan,6713.618585785035,0.4999617834394905,nan,0.0,0.0,nan,nan,6740.82,9.99923566878981,188.66659273341497,0.0,25.429948926619048,nan,nan,4685.68,1.0,19.403292965701418,76.74194218323119,46.93588115890302,1.4122494154980412,1.8780912553124605,5875.062657236015,0.4999617834394905,nan
25d01m24pt12s-34d10m43pt954s,25.02336666666666,-34.17887611111111,0.5813029535488656,11.400416578719584,0,0,0,nan,nan,7.91340891599892,0.0045519622268744295,6.241015588614473,0.47268298664322767,45.78642905436946,10.234143642541756,0.395,macs0140m34,1698.1478855118764,71.68189523018233,8.530419826303103,0.9834953882874761,5006.9736070792615,2.2798034705057493,55.16893602205332,670.4134091202623,92.96945670015216,3.1919007331802822,1.2282024413332584,4958.732634489487,2.1386069559898817,51.88005907040092,2562.32116718594,268.3465861124788,16.152136618325283,8.519758644743275,3726.2536296953735,2.418520817369414,79.09851936026273,3856.7527420238584,430.9115323848638,24.347809885186773,13.68104698606707,3728.3703972281296,2.418520817369414,79.03933579307119,0.0,0.0,nan,nan,6562.8,1.0,13.853480493619768,1408.045706515023,66.35409907497763,6.862394420907272,0.9276825503327526,4860.901410674923,2.619768661794273,66.11290420244768,0.0,41.9755784615644,nan,nan,4340.46,1.0,20.94654063936261,0.0,27.05014158866493,nan,nan,4101.73,1.0,22.16567686891332,0.0,0.0,nan,nan,3970.102948514111,1.7546144525090535,51.594359272461645,66.71952860747638,1633512555847074.8,0.21692714021811826,24019003179189.074,3889.2357780482894,0.4999617834394905,nan,0.0,0.0,nan,nan,3837.5591279220193,3.1370561352475814,101.5042339311528,439.4043906384668,5735391.318067258,1.9114867477321764,87402.40171923672,4363.962080494096,0.5011562263157222,nan,398.6346178718555,43.90479575539871,1.33801390582659,0.6750384669722259,3868.884038883938,1.0987951343109938,27.871355453166675,0.0,0.0,nan,nan,6583.45,1.0,13.810026928666252,0.0,0.0,nan,nan,6548.05,1.0,13.88468655302385,0.0,0.0,nan,nan,6716.44,1.0,13.536579167464883,0.0,0.0,nan,nan,6730.82,1.0,13.507659064352907,198.77637572484034,47.47264626251173,0.8734388960090789,0.6383486727105022,4684.442053121238,2.15149138043918,55.275619055380844,1227.9732881177913,162.53712229771753,5.9005583812394224,1.6987699301598425,5873.497806149756,8.828623857880796,190.6921801572184
25d01m58pt62s-34d10m37pt121s,25.032949999999992,-34.17697805555555,0.645624935764133,24.47971972532535,0,0,0,nan,nan,8.112949725771463,0.00013434149418251173,11.032781148543846,1.0941929107103567,44.62193969114119,12.220120402785318,0.395,macs0140m34,2118.6190656620533,56.59076446585836,125.71295195075068,9.171915480614924,5006.835469149882,1.7931486090469848,41.97715027888538,671.2999661460501,80.0734682798997,14.7305942526232,4.875082522206579,4958.963975129091,1.3444907719761527,29.469833464464738,1289.0981903105755,66.44085792700146,26.073105839105416,6.769180550164653,3726.0581889224845,1.8592811658967787,58.85319194136279,1925.212651345136,85.00569544214208,39.01992332709485,8.660618152649095,3729.0306240989835,1.8592811658967787,58.8091564541265,0.0,0.0,nan,nan,6562.8,1.0,13.853480493619768,544.2172551620205,52.3309774633625,166.19870544608705,45.83877816051239,4861.256687562291,1.7440182039190137,41.83252984637747,133.67551471948545,32.146716832892984,4.339068135481574,3.695557871498997,4340.5031447416995,1.377759446426397,34.80668340881354,0.0,0.0,nan,nan,4105.540284708441,5.5994387695526235,172.43285004442367,91.37189537368813,66.87743446241728,2.5528193745742302,8.041887906501067,3970.6559183529375,0.4999617834394905,nan,85.24372159401479,50.04268945021645,5.982721266359962,15.87763918355174,3889.835464954071,0.4999617834394905,nan,322.0706386540024,716192.1864680012,10.674314662756657,111181.69162161638,3834.0879198007324,0.5058210907181465,nan,34.665688134204466,7.181356257073433e+18,0.8816592795927838,6.398521992405848e+17,4363.8683646253785,0.4999617834394905,nan,0.0,0.0,nan,nan,3871.5151673853497,5.2532192947389955,171.32768104115968,0.0,0.0,nan,nan,6583.45,1.0,13.810026928666252,0.0,0.0,nan,nan,6548.05,1.0,13.88468655302385,0.0,0.0,nan,nan,6716.44,1.0,13.536579167464883,0.0,0.0,nan,nan,6730.82,1.0,13.507659064352907,290.9848213123322,49.27835991564333,10.288349368629902,5.328590917263572,4686.036031818834,2.4925687056502857,64.99775915453212,0.0,0.0,nan,nan,5875.62,1.0,15.473706908126772
25d01m45pt495s-34d10m28pt2s,25.029304166666662,-34.174499999999995,0.6702455998367791,15.36477084762953,0,0,0,7.63926173745645,0.0030673882099658653,8.052765869377623,0.00035288958414728767,7.012589459260258,0.2557900626136186,39.750347424222376,8.94031095852518,0.395,macs0140m34,2142.548344544173,69.28522304442959,34.513659294170324,3.048544142381023,5006.805852516885,1.6860692712139007,39.002684700383185,479.2609024213994,86.20142263943103,6.10804525957109,3.04771391050241,4959.382201310402,1.059680462409327,20.424530521866085,2334.7993286259425,80.13760778152425,24.07016004560942,4.161326798220932,3726.1506941106077,1.6488531648760973,51.00867835900299,3759.8050876369193,108.5111795449745,38.83672136967819,5.6346887790574955,3728.947861472906,1.6488531648760973,50.97051234063214,0.0,0.0,nan,nan,6562.8,1.0,13.853480493619768,1242.966483902497,37.90524316924061,24.91844067884211,2.179441388750776,4861.483634910844,2.1158624916055255,52.290661465331986,755.0419537530696,47.46540828898834,9.927426484313365,2.2101683294634125,4340.582884550198,1.792269183566353,48.39377878029199,352.7252796101532,39.07441152291549,3.3517145652496123,1.483525781237153,4101.755431720324,1.471101396261557,40.15981539886534,120.7658708694076,218041.0325529376,1.2462442590046723,9683.825782643828,3970.7382996070914,0.5014926840825682,nan,319.3693746476486,46.05431206020583,2.9949629661229733,1.953701715377497,3888.8002021367956,1.3489836261895525,37.748912900910945,0.0,0.0,nan,nan,3835.6651387057673,5.218061022571938,171.6398319540217,228.4476325198674,43.389293388966145,2.7101856494836154,1.8040210271488546,4363.000395015518,1.1376636567827443,26.167372605584546,964.8288224428285,80.17417995308199,10.5315067464337,4.007228857194817,3869.471582429989,3.6610477472867418,118.25252929414546,0.0,0.0,nan,nan,6583.45,1.0,13.810026928666252,0.0,0.0,nan,nan,6548.05,1.0,13.88468655302385,0.0,0.0,nan,nan,6716.44,1.0,13.536579167464883,0.0,0.0,nan,nan,6730.82,1.0,13.507659064352907,0.0,0.0,nan,nan,4686.491263127707,2.137780207777295,54.88150104815679,0.0,0.0,nan,nan,5875.62,1.0,15.473706908126772
25d01m35pt88s-34d10m56pt975s,25.02663333333333,-34.182493055555554,0.7124492526945103,18.453007966164225,0,0,0,9.994678719864549,0.054761506472870536,8.253915538179843,0.004400978286032466,6.154591387364659,33.56128083395674,48.6268427203875,12.573102767045658,0.395,macs0140m34,940.6667283140803,45.57285303372707,2844.670340946503,376.434673507365,5006.8361461764935,1.6029121644495903,36.665761121885794,103.8257038594347,18502.914017057068,17.09257204404686,8452.626425193217,4958.551757282621,0.4999617834394905,nan,877.5995404216228,88.94836049689629,41.4110538398665,21.131720926488416,3726.7738096845965,2.147111246186185,69.35372776209857,1471.9399839065638,133.0722582114573,69.58486730504538,31.614363748506012,3729.4301200963578,2.147111246186185,69.30183550115376,0.0,0.0,nan,nan,6562.8,1.0,13.853480493619768,551.4634104661488,63.72408074194764,1029.3280352179565,341.1760567617558,4861.1312626310755,2.282776524223272,56.90206586710322,454.94096626311955,68.90793204253056,99.13566606288975,53.13721620151577,4342.193056614366,4.510528729169447,130.6955311792299,82.76700353224862,66108.81402576585,3.0467464841409853,9717.395608067493,4102.860231048863,0.4999617834394905,nan,0.0,0.0,nan,nan,3970.2832428540314,4.754168173116999,150.79219500895894,240.82616288418035,27.8816708018903,9.282525974086159,4.867014457670314,3886.9899451141005,1.240282164023831,33.51668799234499,0.0,0.0,nan,nan,3835.204314563727,5.171374654696383,170.07588607231258,231.88524831078772,36.62328769701857,14.771180784200554,8.177056220480043,4362.747033064742,1.114020161874493,25.28649662624529,126.37843921919678,45.108811384485605,7.51829669380399,12.292733129153369,3868.8489432295264,0.4999617834394905,nan,0.0,0.0,nan,nan,6583.45,1.0,13.810026928666252,0.0,0.0,nan,nan,6548.05,1.0,13.88468655302385,0.0,0.0,nan,nan,6716.44,1.0,13.536579167464883,0.0,0.0,nan,nan,6730.82,1.0,13.507659064352907,28.79090207767548,118.1030637458552,2.33616815291745,29.33732590004148,4683.461312125072,0.4999617834394905,nan,0.0,0.0,nan,nan,5875.62,1.0,15.473706908126772
25d01m37pt92s-34d10m19pt922s,25.027199999999993,-34.172200555555555,0.8160672954646586,19.047783556735112,0,0,0,8.530153722234019,0.007436987141995722,8.122184455738822,0.00013467247944199152,26.29720240326307,5.860534328871546,41.72989610101926,12.326593298835611,0.395,macs0140m34,2158.7032921652217,53.491906478270366,125.91967656351306,8.522678046402097,5006.835287879215,2.0492657585086187,48.972962542363724,706.6006197197678,85.1737418027881,22.847716071799976,7.640717180697844,4959.172976213153,1.4517320977856711,32.651444480982505,1094.4596242020953,62.602949976496376,25.47859192819061,7.33980185697877,3726.32266647862,1.6186225717577223,49.865504531851855,1861.529103978779,89.32235594932503,43.41314948629643,10.472484033303795,3728.882297505328,1.6186225717577223,49.828193865838514,0.0,0.0,nan,nan,6562.8,1.0,13.853480493619768,221.36547267642175,49.00931135216838,91.26637110332594,57.93603287213839,4862.24404370122,0.9254813081830369,15.854557981399982,298.1013461156556,34.19002265243607,10.147799397250191,4.124434821795993,4339.2354521189145,0.9040403683055587,16.780037108710065,209.95376698694324,28.18684530475381,5.561348545344669,2.9837143279339315,4101.407720052039,1.3891998938722496,37.244187833338586,0.0,0.0,nan,nan,3970.257287829715,5.862969550062831,186.6653449485741,0.0,0.0,nan,nan,3888.2412281634233,6.518500821415973,212.15212713438922,178.7718623694316,85235.03702528254,2.431521954030138,5424.755510937051,3835.6222547763027,0.500995013478737,nan,172.10608129399031,35.26036473643582,8.553281754351016,6.141551345279697,4362.960160672923,0.9313780443584847,17.926489147419424,412.28003164195184,26.592003096996166,5.88315235929059,1.738336260100959,3868.7604352300305,1.048689911520313,25.696170542550206,0.0,0.0,nan,nan,6583.45,1.0,13.810026928666252,0.0,0.0,nan,nan,6548.05,1.0,13.88468655302385,0.0,0.0,nan,nan,6716.44,1.0,13.536579167464883,0.0,0.0,nan,nan,6730.82,1.0,13.507659064352907,0.0,0.0,nan,nan,4685.218337652417,2.207927134342396,56.894762787712544,0.0,0.0,nan,nan,5875.62,1.0,15.473706908126772
STACK,0.0,0.0,0.5995671197251156,nan,0,0,0,15.563555962843266,0.0809107531452596,8.49102433455697,0.004175022616757788,9.570735205537307,971.171495213149,73.85946144921367,18.16642683569908,0.395,macs0140m34,7320.405579175395,228.52007106493426,10.636520396287652,0.9069552137182703,5006.766186010112,1.9898226662083003,47.361570216741036,1891.6143876423716,3391419.121452472,2.527288646453332,12571.734172001468,4958.951483913295,0.6222335376216174,nan,11581.373185247698,437.39749280747554,14.517993434482847,2.7615586233493765,3726.2647189228505,2.238003637432179,72.6309086581859,12628.487358587485,459.2193117366581,15.861907475737322,2.8993331493400354,3729.094242917388,2.238003637432179,72.57656432535236,8413.13801462446,240.59105776793947,20.70382007098117,1.1340518154538444,6562.844385723082,2.58932207198381,48.35930026739642,3492.0912336302194,143.0474783083881,5.069699070736354,0.5956538218528176,4861.268104392243,1.7698148151780388,42.56909088731673,2578.1525867882706,178.86208094868488,3.5900921696152475,0.8818615148656733,4341.061127740437,1.7444498390239176,46.86639830728161,222.20319264565958,1075.7050406008175,0.23814746076638876,4.606372472548977,4101.764002340566,0.4999617834394905,nan,0.0,0.0,nan,nan,3969.3493334685036,0.4999617834394905,nan,71.40283241824345,571.1989460988839,0.07870022591329591,2.850006028256313,3887.6654244570473,0.4999617834394905,nan,0.0,0.0,nan,nan,3837.753855181047,9.777553644705932,323.7178695753073,1096.0317958584346,287.11928664038027,1.4109978832667625,1.2957383562338223,4362.4775348903,3.5968842317689314,102.94357810053711,2451.3663564830395,307.2058795405587,2.8134886003656647,1.61506840589227,3868.907615309135,3.8551169144390505,124.75265731169154,977.0581288888313,486.94570466350376,1.975028559132183,1.8792431932299647,6583.31135378107,1.8329651447006758,32.75912692985354,0.0,0.0,nan,nan,6547.848932293774,5.717119174543941,110.31847582650454,1734.4785589802157,214.39754090761903,3.6893016784172334,0.8530018733588721,6716.229626205684,2.2604315538954642,40.74025224276122,1662.0979173243547,328.7977023928423,3.240940430710974,1.1965437697840997,6731.145304637159,2.9420791186952835,54.049932676315606,846.0207679131296,164.55352437547305,1.1991357577764297,0.7130370758957385,4687.014558191013,2.3905948719029837,62.10565786217369,71.96218482837577,0.0,0.1451042002680519,0.0,5876.745082867435,0.4999617834394905,nan
