object_id,ra,dec,z,angdisp,foreground,cluster_member,lensed,Z_dir,Z_dir_e,Z_j19,Z_j19_e,R23,R23_e,mean_vel_disp,sterr_vel_disp,zcluster,name,oiii5007_flux,oiii5007_flux_err,oiii5007_ew,oiii5007_ew_err,oiii5007_centroid,oiii5007_fwhm,oiii5007_vel_disp,oiii4959_flux,oiii4959_flux_err,oiii4959_ew,oiii4959_ew_err,oiii4959_centroid,oiii4959_fwhm,oiii4959_vel_disp,oii3726_flux,oii3726_flux_err,oii3726_ew,oii3726_ew_err,oii3726_centroid,oii3726_fwhm,oii3726_vel_disp,oii3729_flux,oii3729_flux_err,oii3729_ew,oii3729_ew_err,oii3729_centroid,oii3729_fwhm,oii3729_vel_disp,halpha_flux,halpha_flux_err,halpha_ew,halpha_ew_err,halpha_centroid,halpha_fwhm,halpha_vel_disp,hbeta_flux,hbeta_flux_err,hbeta_ew,hbeta_ew_err,hbeta_centroid,hbeta_fwhm,hbeta_vel_disp,hgamma_flux,hgamma_flux_err,hgamma_ew,hgamma_ew_err,hgamma_centroid,hgamma_fwhm,hgamma_vel_disp,hdelta_flux,hdelta_flux_err,hdelta_ew,hdelta_ew_err,hdelta_centroid,hdelta_fwhm,hdelta_vel_disp,hepsilon_flux,hepsilon_flux_err,hepsilon_ew,hepsilon_ew_err,hepsilon_centroid,hepsilon_fwhm,hepsilon_vel_disp,hzeta_flux,hzeta_flux_err,hzeta_ew,hzeta_ew_err,hzeta_centroid,hzeta_fwhm,hzeta_vel_disp,heta_flux,heta_flux_err,heta_ew,heta_ew_err,heta_centroid,heta_fwhm,heta_vel_disp,oiii4363_flux,oiii4363_flux_err,oiii4363_ew,oiii4363_ew_err,oiii4363_centroid,oiii4363_fwhm,oiii4363_vel_disp,neiii_flux,neiii_flux_err,neiii_ew,neiii_ew_err,neiii_centroid,neiii_fwhm,neiii_vel_disp,nii6583_flux,nii6583_flux_err,nii6583_ew,nii6583_ew_err,nii6583_centroid,nii6583_fwhm,nii6583_vel_disp,nii6548_flux,nii6548_flux_err,nii6548_ew,nii6548_ew_err,nii6548_centroid,nii6548_fwhm,nii6548_vel_disp,sii6716_flux,sii6716_flux_err,sii6716_ew,sii6716_ew_err,sii6716_centroid,sii6716_fwhm,sii6716_vel_disp,sii6731_flux,sii6731_flux_err,sii6731_ew,sii6731_ew_err,sii6731_centroid,sii6731_fwhm,sii6731_vel_disp,nev3426_flux,nev3426_flux_err,nev3426_ew,nev3426_ew_err,nev3426_centroid,nev3426_fwhm,nev3426_vel_disp,fevii3760_flux,fevii3760_flux_err,fevii3760_ew,fevii3760_ew_err,fevii3760_centroid,fevii3760_fwhm,fevii3760_vel_disp,heii4686_flux,heii4686_flux_err,heii4686_ew,heii4686_ew_err,heii4686_centroid,heii4686_fwhm,heii4686_vel_disp,hei5876_flux,hei5876_flux_err,hei5876_ew,hei5876_ew_err,hei5876_centroid,hei5876_fwhm,hei5876_vel_disp
16d23m19pt35750823s-24d38m39pt98629732s,16.388710418951817,-24.644440638143095,0.22555806137294443,11.241840978724264,0,0,0,nan,nan,nan,nan,0.2907399171210021,0.004457650469419158,52.88601349272618,8.713974257938535,0.23,a141,22241.177958388525,265.6661545847836,2.5855545535496978,0.08435644147309591,5006.844264095019,3.713439250970598,92.72974439400936,7431.289402853528,339.866307089853,0.8257074237777273,0.10476910837323525,4959.148634708989,4.159926544548734,105.27495017211783,0.0,0.0,nan,nan,3726.03,1.0,24.400668213494743,0.0,0.0,nan,nan,3728.82,1.0,24.382410999599827,289428.70951698895,10533.54149530372,36.46053893383492,2.541703487229822,6562.72808383961,3.463229972932216,65.79570213111143,102058.45710856677,497.0480822631558,11.761514669665251,0.16430456030841148,4861.137253490032,2.9873220491184074,76.05487715331465,36896.199719977114,688.8734611460753,2.985494642875095,0.19743401620879875,4340.2621923907245,2.3551056741993603,65.95583195410316,3195.7148187214075,1039.3783523531517,0.21117799920974217,0.2744628371960578,4101.513989948502,0.4999617834394905,nan,0.0,0.0,nan,nan,3969.0712508083143,0.4999617834394905,nan,695.7879620158465,1262.6466916590923,0.04075307974367664,0.3346465638185268,3888.316708194022,0.4999617834394905,nan,0.0,0.0,nan,nan,3835.4,1.0,23.704860453545347,2446.86875065545,1749427713.7772865,0.18469235362969239,462563.73809672485,4364.042097699478,0.6025554147849054,nan,0.0,253.36492543126846,nan,nan,3868.75,1.0,23.500516131444996,65361.59124358825,25539.49619547293,5.673446504534831,4.232319495083125,6583.423428091453,2.6940317547103323,50.30757960433734,2797.4568459931024,115791.0299361398,0.2463187000268339,19.576201591426795,6547.603137534945,0.4999617834394905,nan,33369.514345753814,3053.249100619467,6.933575327216259,1.1866291066506025,6716.376034002364,3.432211894225257,63.69015708561552,25937.186688826372,3577.5224069451538,5.288449131245765,1.3614349309954128,6730.779818265324,3.2565286975788323,60.155798856480146,0.0,0.0,nan,nan,3426.0,1.0,26.53754284399528,0.0,0.0,nan,nan,3760.0,1.0,24.18021855944889,2803.6556817131805,395.0523046425904,0.26140470345208283,0.1126681673692456,4685.573601112304,5.242704447635689,141.1691045464451,9587.20652710441,247.3091012260015,1.7696236614515297,0.09924758607984478,5875.517877821574,3.9443777245303036,84.10827977000764
16d23m11pt21592155s-24d39m07pt58635986s,16.386448867097652,-24.65210732218444,0.21592613716986486,19.97068937545787,0,0,0,nan,nan,nan,nan,2.1230182169313676,0.02335175962237377,47.38060081421887,9.1677210643917,0.23,a141,34463.63366204167,105.07599937096472,16.795480384076903,0.13986912057731535,5006.838211810485,2.4115726390769088,58.67956765692425,11309.487366174963,103.48816922706332,5.460035841125315,0.13862163226895574,4958.977591619748,2.3306774102109777,57.07299139543979,0.0,0.0,nan,nan,3726.03,1.0,24.400668213494743,0.0,0.0,nan,nan,3728.82,1.0,24.382410999599827,52771.00479626645,842.7080869959798,40.68205745060028,1.2444027269535647,6562.623410862522,2.534679778864966,47.25737491435312,21560.399559066227,226.7470718672731,11.342788939758302,0.342157633341884,4861.23925072878,2.3204016890726575,57.93640876487137,8605.680568238884,164.48890239463813,3.317417741432614,0.22458269906178718,4340.375641500968,1.940420602624337,53.08212037574935,1103.7954708128411,809.1995977731341,0.3471736205764895,1.0168915833516257,4101.8034071208795,0.4999617834394905,nan,0.0,106.10319177380806,nan,nan,3970.08,1.0,22.900702702093618,0.0,0.0,nan,nan,3879.06,0.4999617834394905,nan,0.0,0.0,nan,nan,3835.4,1.0,23.704860453545347,0.0,0.0,nan,nan,4363.29631728898,3.643740271805402,104.33704490855604,0.0,0.0,nan,nan,3868.75,1.0,23.500516131444996,1860.1391408850986,32305870.71205441,0.8360589125796878,27721.547422622927,6583.3827003088945,0.4999617834394905,nan,0.0,0.0,nan,nan,6549.044496021251,9.99923566878981,193.93267853817915,9130.690453479468,695.6978638384336,7.400027006651618,1.0546468801517155,6716.202536705915,2.5779361669742444,47.028865107309876,5896.630803263382,927.9670837699191,4.570477570166128,1.3424930075788437,6730.583108559128,2.389301987580901,43.20945920076532,0.0,0.0,nan,nan,3426.0,1.0,26.53754284399528,0.0,0.0,nan,nan,3760.0,1.0,24.18021855944889,1203.8802032530375,89.96936129031792,0.5066129391357588,0.11578543967767785,4686.122724575515,2.4131267574998407,62.745632906895764,1926.5125962583384,91.00316038082282,1.357338480585263,0.13940716980478027,5875.287353600704,2.5319571105296745,52.72295261171051
16d23m34pt54069919s-24d38m44pt18585516s,16.39292797199671,-24.645607181989106,0.4996283137543249,23.689153969890622,0,0,0,nan,nan,8.2885913079776,0.0038911320050745725,9.422731968796187,111.36794289318729,101.61704889957011,23.929161710405154,0.23,a141,230.21214708159494,72.43684001996441,5.374885863900199,4.619391333982716,5006.857470427602,1.7094308550890607,39.65471083582765,286.74241114384785,100338.11120001492,41.088644900355696,39909.53867185803,4957.635553920205,0.6198891326726297,nan,3906.3504843211745,1115.0426305828914,248.25460389031966,357.8979176437269,3722.281219070595,9.99923566878981,340.8133793077146,4067.972733455202,884.834406093012,188.59091436153426,207.05685553397083,3723.1253242469525,9.99923566878981,340.5583738828702,0.0,0.0,nan,nan,6562.8,1.0,13.853480493619768,901.1481812409692,156.14187763286193,11.655326788319913,5.783783063807786,4865.580178399422,3.0473611652752535,77.67130630371584,1504.4283352490404,588.0390694211494,32.44117490188372,44.984103805701416,4336.928187548491,9.99923566878981,292.5682705754515,216.0394086244765,1.9497166017132652e+18,4.150347325070818,1.4961946079679152e+17,4102.2089788133935,0.4999617834394905,nan,0.0,0.0,nan,nan,3969.752189745253,5.250243463609162,166.8585272039872,0.0,0.0,nan,nan,3889.360106573974,4.24996205808216,137.2243322582277,566.1355542252676,143683.84256633895,22.678163829246326,26947.733935838256,3834.755585159065,0.5705152015936296,nan,0.0,0.0,nan,nan,4362.756372423897,4.649400295469157,134.1142696199316,898.0984152814963,96.59251647883299,21.70294632497429,10.754850227836656,3859.6951297540304,2.3219937934887294,72.85572605953293,0.0,0.0,nan,nan,6583.45,1.0,13.810026928666252,0.0,0.0,nan,nan,6548.05,1.0,13.88468655302385,0.0,0.0,nan,nan,6716.44,1.0,13.536579167464883,0.0,0.0,nan,nan,6730.82,1.0,13.507659064352907,1715.7666872758969,75.92941687571476,33.23374539491765,9.37128178082499,3424.8277500819877,1.3624673489489505,43.43615760558671,0.0,0.0,nan,nan,3759.8332951195634,4.619964092822968,154.62173029275513,0.0,0.0,nan,nan,4688.872357785885,3.427275565687216,91.15628067606137,0.0,0.0,nan,nan,5876.001892787257,3.405606896891335,72.21548116261206
16d23m25pt29930915s-24d39m00pt18617469s,16.39036091920871,-24.65005171519112,0.20066348541652523,18.963005963219288,0,0,0,10.307107429634597,0.03563138392586453,nan,nan,3.231574459742297,0.02586312775031178,45.430182545527884,8.874062739806362,0.23,a141,46414.11595383298,143.02403993696433,36.84808327650168,0.3101416513939451,5006.84331163216,2.6596058877230777,65.24208029260636,15723.733679629864,152.60417210141327,12.040856508337122,0.3242408011902431,4958.895413135478,2.629271586229135,65.06509209854416,0.0,0.0,nan,nan,3726.03,1.0,24.400668213494743,0.0,0.0,nan,nan,3728.82,1.0,24.382410999599827,42993.828526946476,519.4251608608979,58.969923149810235,1.3646099801979266,6562.841885124649,2.8469157496288378,53.53117138374809,19228.351507152973,139.61796238952144,15.423585485755876,0.3212150627396743,4861.3064532260805,2.5794228655077753,65.0157892726811,8617.292015632725,151.8252167935704,5.139816890747873,0.3207474459967908,4340.288728562848,2.2249720791787246,61.94682172346044,3381.5203152388485,181.41935105118648,1.5337373392598335,0.32878276666708245,4101.695147172236,1.613981568750522,45.13823532777175,1645.677545846722,6822528.675151535,0.7788163577286512,13900.026696197594,3970.2319371326107,0.6154249277684509,nan,0.0,0.0,nan,nan,3889.06,1.0,23.37778840736009,0.0,0.0,nan,nan,3835.4,1.0,23.704860453545347,485.65460827123087,396.819058295209,0.2570247073081892,0.7358909299727312,4363.363997083516,1.1885315533156557,28.026269588964638,0.0,0.0,nan,nan,3868.75,1.0,23.500516131444996,4491.909350374809,3311301872.5104184,2.875986345644722,4047521.3650839203,6583.528739284776,0.4999617834394905,nan,0.0,0.0,nan,nan,6547.950407228365,9.99923566878981,193.93267853817915,6397.6224755728,504.0215631373625,8.66084114766531,1.2761945385249067,6716.669145305724,2.699152827299822,49.41197155860386,4218.336920146773,671.0194311228636,5.431782492715581,1.6126172801938083,6730.9951389619,2.56443740665655,46.663045408367765,0.0,0.0,nan,nan,3426.0,1.0,26.53754284399528,0.0,0.0,nan,nan,3760.0,1.0,24.18021855944889,123.0568274905238,94.91241585518657,0.07747616130380516,0.18274183838157423,4686.205018734632,0.4999617834394905,nan,1869.8237774541888,91.41463011233184,2.3049908350241477,0.24500171983020916,5875.5840737593035,3.0600896688159485,64.54649010874104
16d22m51pt19268571s-24d38m24pt38599595s,16.380886857140663,-24.640107221096084,0.20275376312663207,30.593823391867733,0,0,0,nan,nan,nan,nan,1.0658360804053288,0.026436874923957583,52.18970671643117,13.506317060256015,0.23,a141,7363.118265889348,121.39766444418991,3.838516560565767,0.17286155009348825,5006.841925157468,2.5106062495830987,61.306256316961814,2883.2861761605154,164.55653721909815,1.4455828223854972,0.22891241951468397,4958.899364196306,3.6570140883073834,92.15054998311959,0.0,0.0,nan,nan,3726.03,1.0,24.400668213494743,0.0,0.0,nan,nan,3728.82,1.0,24.382410999599827,27308.265841786128,742.838600870024,20.702408265671025,1.0786713625647812,6562.743393309024,2.3733359800792093,43.9916654902272,9613.489945051624,141.59604926462316,5.116481159671771,0.2161583190199537,4861.179766271108,2.1850804655661364,54.207806447680156,3134.500430958882,179.1690555865304,1.299157846850201,0.2629910989243283,4340.573440224777,1.8206772129709305,49.29763772754473,127.40413584149226,0.0,0.04580040104946071,0.0,4101.211984749827,0.4999617834394905,nan,0.0,0.0,nan,nan,3969.9430018161293,0.4999617834394905,nan,0.0,0.0,nan,nan,3889.06,1.0,23.37778840736009,0.0,0.0,nan,nan,3835.4,1.0,23.704860453545347,3844.0196122366574,668.2266110621993,1.556955253300263,0.9477512689774257,4364.825275438832,9.99923566878981,291.0428046557292,0.0,0.0,nan,nan,3868.75,1.0,23.500516131444996,4360.23403231158,2365.367105046745,2.484573439748534,2.57324200732816,6583.448612516812,1.667369580057196,29.264336501137205,0.0,0.0,nan,nan,6547.9481924549555,0.4999617834394905,nan,6187.183561775485,494.48373498731405,4.9881097124930465,0.7456498360338636,6716.460213245444,2.416259619414684,43.83612410080306,4125.248122110975,633.5892438551285,3.229365596655409,0.9257254252660804,6730.8076845581245,2.259189631223348,40.62850759300164,0.0,0.0,nan,nan,3426.0,1.0,26.53754284399528,0.0,0.0,nan,nan,3760.0,1.0,24.18021855944889,970.6771481404622,160.75442781832345,0.42341412298028375,0.2145481276795224,4684.894396503606,3.742728299884545,99.89570519006845,1226.3417005443298,117.68401862787479,0.858205469908948,0.1790410601746346,5875.903645627731,3.219453877993922,68.08873471346116
16d23m41pt80164201s-24d38m36pt18549406s,16.39494490055822,-24.64338485946044,0.5762005650841973,32.759328529190164,0,0,0,nan,nan,8.095235160953711,1.231984060747382e-05,8.169792572186966,0.033870503821152954,61.7367809379144,13.738071159835151,0.23,a141,90220.55325228604,275.8312744599267,67.7629752807984,0.565867753507277,5006.855961654468,2.3884500159569866,58.06489680098777,30666.45837037372,226.06446710346555,22.92794705302657,0.4689471876553534,4958.961241157075,2.344405938319005,57.44239658444182,72073.79673088921,389.2436199818702,25.45051829052698,0.692339978094741,3726.1090138316545,2.189466292461421,70.88278741469337,99966.78057531624,493.410238965304,35.367895293715584,0.8776190963717544,3728.861418460544,2.189466292461421,70.82975107159099,0.0,0.0,nan,nan,6562.8,1.0,13.853480493619768,35854.96037269055,119.47082155031613,28.454538496287352,0.27194160379039495,4861.305197845398,2.3865598868475035,59.7511286380271,16326.698169111647,106.31621845911695,8.611820777983192,0.1986124693131658,4340.446237068786,2.1949344903514842,61.01795830093788,7982.992356720413,98.90381463691679,3.378034139188882,0.16721766679249067,4101.761426420842,1.7430865826927462,49.54793036769088,4218.84876830022,120.98446749463834,1.5705965559750728,0.1939599325696718,3969.7194392093543,2.0323916954809604,61.18587253764914,4890.882654569358,374.2013563164354,1.5781189757921144,0.5461596244539119,3888.9035106619226,1.4326755662913653,40.920090587036334,1050.7822437386565,3989561.8588674837,0.3552271980916628,6313.6161605311645,3834.9949567086255,0.4999617834394905,nan,0.0,0.0,nan,nan,4365.131654656313,0.4999617834394905,nan,12015.357199983184,274.70991544386084,3.899807376899001,0.4084430385453182,3868.8122371623676,2.2690980923475035,71.02800763818381,0.0,0.0,nan,nan,6583.45,1.0,13.810026928666252,0.0,0.0,nan,nan,6548.05,1.0,13.88468655302385,0.0,0.0,nan,nan,6716.44,1.0,13.536579167464883,0.0,0.0,nan,nan,6730.82,1.0,13.507659064352907,0.0,0.0,nan,nan,3425.555080596185,5.617860378943324,207.13273021041027,2579.000777052019,381.71053886792197,0.9660137684392478,0.7030845571208365,3760.929239159991,7.81385698998343,263.5062221288994,517.0487389058812,130.245273385186,0.32943029731935897,0.2537827846481566,4686.111784703638,3.6891729439197176,98.4140763940728,2480.0532225503016,132.06243986699735,3.208959643882157,0.371494339267426,5875.749328267489,2.7738017713910645,58.15611881445357
16d23m22pt87887854s-24d39m05pt98623242s,16.389688577373406,-24.651662842339338,0.2156099182804314,21.82152953199808,0,0,0,nan,nan,nan,nan,4.164540051413164,0.058116633405194816,56.5084609507442,10.777331526625106,0.23,a141,33297.48984468203,102.83672423844429,96.46880744523311,0.8137849565267016,5006.844922842618,2.518399511249809,61.51257329520801,11267.31729381838,115.41061120577108,30.55016462583729,0.8682600809597962,4958.81544041459,2.459995246922178,60.54464189252409,0.0,0.0,nan,nan,3726.03,1.0,24.400668213494743,0.0,0.0,nan,nan,3728.82,1.0,24.382410999599827,22914.57215958552,215.3629668496846,144.8474479372033,2.60758025224533,6562.748817055033,2.6337707104484482,49.254301195320664,10701.015379448234,144.64734423252426,34.235097933232,1.3273398532205922,4861.215604598112,2.589086757901897,65.27869928214191,5998.815837771346,115.10012786295665,12.334109387744508,0.8382046178976881,4340.340183813366,2.5523727539120245,71.99321527537565,2504.1319293798597,131.5184938891805,4.128658784346875,0.8664984425897869,4101.514214918136,1.9938470232099297,57.94605042916387,1748.7724096454428,151.89196336851077,2.605748230733861,0.9763149260559332,3966.8282652221783,2.098526662888967,63.44009439389068,0.0,0.0,nan,nan,3879.06,0.4999617834394905,nan,0.0,0.0,nan,nan,3835.4,1.0,23.704860453545347,0.0,0.0,nan,nan,4361.495989175897,0.4999617834394905,nan,0.0,0.0,nan,nan,3868.75,1.0,23.500516131444996,0.0,0.0,nan,nan,6583.884417087665,9.99923566878981,192.88987927331783,0.0,0.0,nan,nan,6548.466518031058,9.99923566878981,193.93267853817915,2495.0386317860225,204.07963736683558,11.792238310192525,1.8041050536962466,6716.410252996288,2.4227353472353097,43.96435554918379,1767.747782209104,279.36986308098074,7.84344005572028,2.3135606155925967,6730.687518731483,2.553926538161564,46.45635534508634,0.0,0.0,nan,nan,3426.0,1.0,26.53754284399528,0.0,0.0,nan,nan,3760.0,1.0,24.18021855944889,704.2947708917245,95.197072794375,1.8136034403429326,0.7511167256736977,4681.155315222781,2.137461337725306,54.87233176467448,1448.706448958055,90.95950318642022,7.237429800601178,0.9878843464621934,5875.91788051275,3.6621329255278874,77.88628653003278
16d23m13pt19641962s-24d39m05pt18635586s,16.38699900544912,-24.65144065440608,0.21575831393865164,17.694839653301567,0,0,0,9.481064583334582,0.051408524718324876,nan,nan,2.788091716575295,0.06982025230364342,60.49060422197914,17.429351182142817,0.23,a141,12109.374177161755,113.59090748175582,24.623389309353836,0.6308939581444616,5006.840232833796,2.2177261829820925,53.50794170594728,3954.2082690935067,90.42030769057351,7.979540380866756,0.5062557716686451,4958.99191152246,1.9846735648927185,47.67809445266342,0.0,0.0,nan,nan,3726.03,1.0,24.400668213494743,0.0,0.0,nan,nan,3728.82,1.0,24.382410999599827,14310.027193945836,219.5475777120408,47.15140155637279,1.3856437393033847,6562.731148109463,2.3300624475877143,43.112352378366914,5761.497138260103,134.55642751820605,13.0749199211175,0.8758313133151245,4861.29973374236,2.112154244455514,52.18774269456367,2356.1029821610196,106.91636935123336,3.436670116931071,0.5522701651038022,4340.674847793112,1.8715202765761276,50.90929724391382,131.20569100121054,0.0,0.18700500637112222,0.0,4103.292002360763,0.4999617834394905,nan,139.46326147312033,5.077175481490335e+90,0.1635096744815163,2.5568482785318243e+88,3974.0517163336613,0.4999617834394905,nan,0.0,0.0,nan,nan,3879.06,9.99923566878981,326.52642944617054,0.0,0.0,nan,nan,3835.4,1.0,23.704860453545347,167.9509192973042,306.2104178492978,0.22237832184828005,1.4208120990728899,4363.199513253473,0.4999617834394905,nan,0.0,0.0,nan,nan,3868.75,1.0,23.500516131444996,210.97209873947813,1597.3076814200467,0.3918365411478767,5.663521482263702,6583.768676523379,0.4999617834394905,nan,0.0,0.0,nan,nan,6547.810363568683,9.99923566878981,193.93267853817915,2433.5338653229473,183.8158760922024,7.718736887219253,1.0905284497167387,6716.380150136783,2.0778191597409377,37.08275005121623,1527.4105789395403,263.88007999315073,4.530143052184127,1.460733526993185,6730.792085555367,2.1297939290432355,38.04601125106117,0.0,0.0,nan,nan,3426.0,1.0,26.53754284399528,0.0,0.0,nan,nan,3760.0,1.0,24.18021855944889,852.629258268129,190.87452766868864,1.3977707055714665,0.9586577379961747,4681.490571663144,4.529980044162768,121.60141383495933,619.1706502643659,56.31966672256854,1.958746932394832,0.3873031666970599,5876.253906841898,1.8896244868803151,38.030551419033046
16d23m11pt43597948s-24d39m09pt38635975s,16.386509994298763,-24.65260732215406,0.21594062796274027,21.772933682504014,0,0,0,9.714200606725472,0.03666763619328615,nan,nan,2.604036239273651,0.04195134136991093,37.10602365844576,4.587692159909183,0.23,a141,21432.76056782237,115.58797297255039,19.07072014684463,0.28092310387234304,5006.846197032441,2.278687748316521,55.139125576211455,7217.417306363747,106.04859320058763,6.257641669816476,0.2551126058341024,4958.905295476114,2.378416065510058,58.35663279825747,0.0,0.0,nan,nan,3726.03,1.0,24.400668213494743,0.0,0.0,nan,nan,3728.82,1.0,24.382410999599827,25608.178576097253,356.3484791065104,42.814620926404075,1.1412029520534326,6562.647728029721,2.2845583379689147,42.1859624892643,11002.219340149262,166.6965406568421,10.970985309834086,0.47678037319021915,4861.206607813015,2.2756607798483683,56.706252676672996,4361.665945108732,156.96885613823034,3.130084056862075,0.3989959214136928,4340.245031774677,1.7007886886977577,45.46481024441467,518.8864927251058,7638.103512203787,0.30037057469343653,17.664520899885684,4101.928689117406,0.4999617834394905,nan,0.0,0.0,nan,nan,3967.872731006389,0.4999617834394905,nan,0.0,0.0,nan,nan,3879.06,0.4999617834394905,nan,0.0,0.0,nan,nan,3835.4,1.0,23.704860453545347,324.41419274448646,269.4378083957317,0.21118495366764628,0.6150356396784593,4361.846553506901,1.8813155459372752,50.95189853773116,0.0,0.0,nan,nan,3868.75,1.0,23.500516131444996,4280.5303685159915,11118368046625.68,3.957228545388026,19624520227.071774,6583.0932296775345,0.4999617834394905,nan,0.0,0.0,nan,nan,6547.370562532986,0.4999617834394905,nan,5163.329036393283,373.75127340139824,7.911148812384404,1.0711474099005596,6716.201135929004,2.3892393204050433,43.30072893669459,3319.6322476568453,549.3283839697018,4.864684364805862,1.502507002595951,6730.614623511633,2.433711919674394,44.087249462068854,0.0,0.0,nan,nan,3426.0,1.0,26.53754284399528,0.0,0.0,nan,nan,3760.0,1.0,24.18021855944889,1015.1214728113648,105.98084022545893,0.7822723951577261,0.2498502996263172,4685.246278366029,2.818857682959087,74.18944086607179,1266.6354822590579,80.94914019359317,1.743195982008968,0.24219621187215934,5875.847690908343,2.447680267715747,50.82010706310714
16d23m07pt47497254s-24d39m05pt98634781s,16.385409714594214,-24.65166287439066,0.21589298033162918,18.72482854727207,0,0,0,7.365727564934163,0.004456486745358851,nan,nan,2.3727109708495018,0.13084117212387927,43.17621368728743,8.344434664637433,0.23,a141,4181.6474213317415,94.71281426260744,27.035033786601772,1.672532866667664,5006.842025935485,2.130686551592951,51.17023411137945,1178.329753058243,92.29843603045236,6.936251522917606,1.5074104763498584,4959.03689402677,1.9690091075244665,47.24807837045663,0.0,0.0,nan,nan,3726.03,1.0,24.400668213494743,0.0,0.0,nan,nan,3728.82,1.0,24.382410999599827,5189.623170111406,161.37487123161029,55.51340449169418,3.3064138716331155,6562.86862062135,2.3233647893857285,42.97611428581387,2259.0097320074983,111.40631282769517,26.297974777499523,3.719689918393019,4861.429056436412,2.092361544118555,51.63803528024715,786.4236027583007,78.3130165532498,4.598341473529161,1.621812942648583,4340.388519077495,1.9168981202875326,52.341689688492266,0.0,64.86129987068477,nan,nan,4101.73,1.0,22.16567686891332,0.0,0.0,nan,nan,3970.6351812300227,1.7333949572333616,50.851432488790415,0.0,0.0,nan,nan,3889.06,1.0,23.37778840736009,0.0,0.0,nan,nan,3835.4,1.0,23.704860453545347,584.7914823129529,106.48327033524751,3.0810048209984027,1.963780434845581,4365.621746163707,2.468404754904081,69.06659220392285,0.0,0.0,nan,nan,3868.75,1.0,23.500516131444996,0.0,0.0,nan,nan,6585.550660147987,9.99923566878981,192.88987927331783,50.11365777444877,961.7843255102367,0.2792535076414142,10.288648025571032,6548.772452406954,0.4999617834394905,nan,1163.1305753630563,143.30784128101692,13.836099952955637,3.1884672212286755,6716.661726100172,2.8305884781048216,51.98728967211222,897.8257169872077,125.09323093428806,10.741787977552498,2.793196829914251,6731.178885813991,2.1123481124995305,37.69644691614045,0.0,0.0,nan,nan,3426.0,1.0,26.53754284399528,0.0,0.0,nan,nan,3760.0,1.0,24.18021855944889,808.2631917678798,101.58723057509931,6.893017331238402,2.6526462239562325,4683.023688187515,2.5486897389079033,66.58501266456038,121.22876592005913,8523051.619564146,1.6190977880460953,247400.57863001822,5877.17198410226,0.6005095654136896,nan
16d23m11pt21592114s-24d39m05pt98635988s,16.38644886698423,-24.65166287774384,0.21583278800078065,18.3707180856151,0,0,0,nan,nan,nan,nan,1.9704955392239176,0.054568449654390054,41.032810180704026,7.691436057492876,0.23,a141,10428.912528217175,108.26484810393528,10.011398638033938,0.2838775825470856,5006.831461153464,2.3475779894221085,56.977012058948986,3845.802586204098,105.87088518763792,3.4723290796396387,0.26521875966955094,4958.9353738211,2.3035172219939177,56.34152919357064,0.0,0.0,nan,nan,3726.03,1.0,24.400668213494743,0.0,0.0,nan,nan,3728.82,1.0,24.382410999599827,17687.108224661108,340.80060492275055,28.033472803355412,1.0346354918990182,6562.757716987525,2.28681405928273,42.231929383463275,7244.226048866565,185.31047864953334,8.207687450625892,0.6021797961839337,4861.39836120309,2.1990238584242023,54.593136106338505,1713.3885846058085,250.9741686163972,1.290166140317649,0.6693680116494802,4340.270572555006,1.077926988916275,24.04297116440214,1424.6575620145804,179.6835696877571,0.8561690532599514,0.43140375977408374,4101.948947022061,1.9279998360021346,55.75806978075645,0.0,0.0,nan,nan,3968.8183051250953,0.4999617834394905,nan,0.0,0.0,nan,nan,3879.06,0.4999617834394905,nan,0.0,0.0,nan,nan,3835.4,1.0,23.704860453545347,0.0,0.0,nan,nan,4363.640985243872,4.766810051529389,137.57857259025903,0.0,0.0,nan,nan,3868.75,1.0,23.500516131444996,1486.145524988455,1483.7491175545292,1.6195667697571496,3.0870642162678714,6583.337534824837,1.7430593909138696,30.86959761789041,0.0,0.0,nan,nan,6546.89205528625,0.4999617834394905,nan,4094.9765440934366,300.0302950329128,6.746413243439562,0.924548840206084,6716.409463953749,2.4200890311081,43.91195735792002,2239.6318602143997,386.7061456688684,3.4962571502339554,1.1267333319160147,6730.713887514058,1.8694009095360793,32.78631844763515,0.0,0.0,nan,nan,3426.0,1.0,26.53754284399528,0.0,0.0,nan,nan,3760.0,1.0,24.18021855944889,0.0,0.0,nan,nan,4687.381129864083,4.681455246385355,125.7653890562398,613.7918831142646,1478.8112878299119,0.8927273501682468,4.676450291836357,5875.357251453249,0.9247531571730931,13.093503655126964
16d22m47pt01172308s-24d38m29pt78582689s,16.379725478634004,-24.641607174134943,0.6857187455461295,29.9702848075513,0,0,0,nan,nan,8.09976565552659,0.00010600736261037255,8.616318533135509,0.2931472270735199,62.288833791939915,13.61910067652077,0.23,a141,6666.947237481129,188.9563504697348,31.76801566565294,2.459317709344425,5006.815945929303,2.1671337312500487,52.1504537990753,2558.8602459766216,163.74424605090093,19.094521808106954,3.3901985250127784,4958.914120850617,2.2937993292709566,56.07960110919034,4404.1886633466665,194.3296795683197,12.981450368306898,2.884619795661317,3726.394256053893,2.2080976451139476,71.55431934642176,8050.972104615019,312.8418614266677,23.775976996278146,4.643808544261179,3729.1421494563797,2.2080976451139476,71.50078054568145,0.0,0.0,nan,nan,6562.8,1.0,13.853480493619768,2516.2681913443207,68.26368633625952,21.385212731291638,1.6639279985096864,4861.459337717168,2.6638487410611944,67.3100824638439,0.0,0.0,nan,nan,4339.422995673356,2.859802344518514,81.32932486659753,1706.32081219475,83.14887295638796,8.673623220949986,1.6891478154992854,4101.335320117939,2.2703312007790646,67.03382143863686,0.0,0.0,nan,nan,3970.6722785760257,5.242704389795641,166.6145877063019,513.2644573292564,390484.72290922806,2.088383614949253,7186.124192977954,3889.051476117161,0.5156437311269845,nan,0.0,0.0,nan,nan,3834.3228121000075,4.510691594950442,147.91148615838014,0.0,0.0,nan,nan,4361.369730897106,0.4999617834394905,nan,959.5781939832061,88.35986763877595,3.8447784379974577,1.6222367940609157,3868.3849269363573,2.8058292932359534,89.41271382119798,0.0,0.0,nan,nan,6583.45,1.0,13.810026928666252,0.0,0.0,nan,nan,6548.05,1.0,13.88468655302385,0.0,0.0,nan,nan,6716.44,1.0,13.536579167464883,0.0,0.0,nan,nan,6730.82,1.0,13.507659064352907,506.06167477036985,82.45151037696922,1.783188862548402,1.847692259212116,3427.0268459225813,2.0569713968709915,71.87487413638917,0.0,0.0,nan,nan,3763.864937645939,7.6803468806790445,258.96712427519833,178.84480843653276,104.40664549670355,1.0411785730669159,1.8585854970085554,4686.487228999006,1.0776081924330512,22.260200848569117,0.0,0.0,nan,nan,5875.62,1.0,15.473706908126772
STACK,0.0,0.0,0.30712364166540435,nan,0,0,0,6.755702421511701,0.03928031258441849,nan,nan,0.16404169628256005,0.0044920626784175875,94.45281559195666,22.32078858057387,0.23,a141,19504.006328470525,514.3299071304505,1.027247673652938,0.07399521778390805,5006.670130461023,3.2737318796948696,81.31678448906455,0.0,0.0,nan,nan,4958.931408503467,9.99923566878981,256.08064588829484,0.0,0.0,nan,nan,3726.03,1.0,24.400668213494743,0.0,0.0,nan,nan,3728.82,1.0,24.382410999599827,290258.5859870698,10732.200995500896,21.66041116712032,1.534050036439697,6562.726527003791,3.4802345540242094,66.13248669456034,118896.63890621494,877.4467932799761,6.201286403094995,0.13127796877806902,4860.992858650418,3.544799034109911,91.00436813411329,38195.994489473866,762.3890931699826,1.4510551964403926,0.10258863357612233,4340.22001440877,2.4904764848634726,70.1034361217012,2924.8427456982313,1971.4829333642247,0.09114789968129715,0.24554668913894084,4101.227393176635,0.4999617834394905,nan,0.0,0.0,nan,nan,3969.3740600184647,9.444017630547767,302.01202179469277,20630.67569071979,18631554824.12451,0.5877397554927923,2401202.3245981545,3888.7328782645354,0.5641460117457716,nan,0.0,0.0,nan,nan,3835.4,1.0,23.704860453545347,1772.195204689732,1877.3985432548295,0.0651335476074136,0.24178193225239897,4363.360899784077,2.119169067039924,58.362581304801985,0.0,0.0,nan,nan,3858.75,9.99923566878981,328.2406140748108,65822.65015916343,25668.47534860864,3.7782579168149946,2.8129524821130767,6583.360615317358,2.7532693751728,51.492933136517735,0.0,0.0,nan,nan,6547.492317339281,0.4999617834394905,nan,33263.272270621484,3011.8244324455172,3.314440237639582,0.5613347914245592,6716.350270308092,3.374709819164877,62.57639189302453,25861.05441346594,3633.857225659729,2.566210700215752,0.6730137346179798,6730.76561886544,3.25525171976006,60.13106710372932,0.0,0.0,nan,nan,3426.0,1.0,26.53754284399528,0.0,0.0,nan,nan,3760.0,1.0,24.18021855944889,7065.261411252462,1016.2856130740398,0.31740036996145893,0.13981090993782005,4682.6499638495125,9.452940090891449,256.1316473578724,9735.765763226662,452.3140652289178,0.7860655668365433,0.0793940926030848,5875.859583609079,3.8607152442694446,82.26563277586574
22d58m06pt50286053s-13d36m36pt13305433s,22.968473016813828,-13.61003695953594,0.20058098305205618,20.872357183399544,0,0,0,nan,nan,nan,nan,0.9467924713350114,0.022716105969763263,40.961967513839845,5.175040570872774,0.2048,a209,14644.831324942406,266.63857642640426,3.79985720554742,0.18896891069316116,5006.855851321377,3.000602922275091,74.19187434331835,4474.798668847309,283.19114357129064,1.1363569801199425,0.19952638243816428,4959.035644860696,3.183098184268376,79.71919135529599,0.0,0.0,nan,nan,3726.03,1.0,24.400668213494743,0.0,0.0,nan,nan,3728.82,1.0,24.382410999599827,54225.01839404688,1446.3809323107866,18.528488188521273,0.9466086319161057,6563.038629475888,3.309584301510917,62.749338160623665,20194.108606324626,256.8564261325533,5.226521289464113,0.1906658007313659,4861.418526735113,2.785307277878426,70.60142093713746,5302.3611893495545,336.2177871098516,1.298156806159367,0.2915568858826445,4340.277386650128,1.7302806190316713,46.412311404669985,911.1004680043419,494.00020995727505,0.19956421541263797,0.43235135879059805,4101.666144169028,0.4999617834394905,nan,0.0,0.0,nan,nan,3967.6223449200197,0.4999617834394905,nan,0.0,0.0,nan,nan,3889.06,1.0,23.37778840736009,0.0,0.0,nan,nan,3835.4,1.0,23.704860453545347,0.0,0.0,nan,nan,4363.36470420288,1.4762074367012508,37.922408108646565,0.0,0.0,nan,nan,3868.75,1.0,23.500516131444996,6983.976821445772,4402.5698587406,1.8383178000351927,2.21230928004868,6583.714491287239,2.2591069957062975,41.53629276135709,0.0,0.0,nan,nan,6549.257019415053,0.4999617834394905,nan,10687.725286305667,847.3651636693883,3.89622490576317,0.5777772482398496,6716.595593817197,3.1800026042662557,58.79845525203337,6875.781788242393,1122.0955287537176,2.4589655823071537,0.7489552691227913,6730.986219341858,2.938380435824002,53.97790279589559,0.0,0.0,nan,nan,3426.0,1.0,26.53754284399528,0.0,0.0,nan,nan,3760.0,1.0,24.18021855944889,1630.4710327620282,265.1593106702919,0.3636373288920744,0.18103722379982873,4683.490684849844,2.576030336635002,67.35723308681142,2069.1761285849484,163.41519843245587,0.6686704599040042,0.11479864796106258,5876.18198673026,2.6726829922694315,55.88891646211825
STACK,0.0,0.0,0.20058098305205618,nan,0,0,0,nan,nan,nan,nan,0.9467924713350114,0.022716105969763263,40.961967513839845,5.175040570872774,0.2048,a209,14644.831324942406,266.63857642640426,3.79985720554742,0.18896891069316116,5006.855851321377,3.000602922275091,74.19187434331835,4474.798668847309,283.19114357129064,1.1363569801199425,0.19952638243816428,4959.035644860696,3.183098184268376,79.71919135529599,0.0,0.0,nan,nan,3726.03,1.0,24.400668213494743,0.0,0.0,nan,nan,3728.82,1.0,24.382410999599827,54225.01839404688,1446.3809323107866,18.528488188521273,0.9466086319161057,6563.038629475888,3.309584301510917,62.749338160623665,20194.108606324626,256.8564261325533,5.226521289464113,0.1906658007313659,4861.418526735113,2.785307277878426,70.60142093713746,5302.3611893495545,336.2177871098516,1.298156806159367,0.2915568858826445,4340.277386650128,1.7302806190316713,46.412311404669985,911.1004680043419,494.00020995727505,0.19956421541263797,0.43235135879059805,4101.666144169028,0.4999617834394905,nan,0.0,0.0,nan,nan,3967.6223449200197,0.4999617834394905,nan,0.0,0.0,nan,nan,3889.06,1.0,23.37778840736009,0.0,0.0,nan,nan,3835.4,1.0,23.704860453545347,0.0,0.0,nan,nan,4363.36470420288,1.4762074367012508,37.922408108646565,0.0,0.0,nan,nan,3868.75,1.0,23.500516131444996,6983.976821445772,4402.5698587406,1.8383178000351927,2.21230928004868,6583.714491287239,2.2591069957062975,41.53629276135709,0.0,0.0,nan,nan,6549.257019415053,0.4999617834394905,nan,10687.725286305667,847.3651636693883,3.89622490576317,0.5777772482398496,6716.595593817197,3.1800026042662557,58.79845525203337,6875.781788242393,1122.0955287537176,2.4589655823071537,0.7489552691227913,6730.986219341858,2.938380435824002,53.97790279589559,0.0,0.0,nan,nan,3426.0,1.0,26.53754284399528,0.0,0.0,nan,nan,3760.0,1.0,24.18021855944889,1630.4710327620282,265.1593106702919,0.3636373288920744,0.18103722379982873,4683.490684849844,2.576030336635002,67.35723308681142,2069.1761285849484,163.41519843245587,0.6686704599040042,0.11479864796106258,5876.18198673026,2.6726829922694315,55.88891646211825
0d47m48pt01092374s-6d05m28pt46077468s,0.796669701037554,-6.091239104079102,0.636493019604309,5.757052238071843,0,0,0,8.051488450321063,0.04670390598507297,8.194280078460604,4.317020526085312e-05,9.34684105154491,0.29342762983932913,50.442793430092024,14.182920357225328,0.234,a2697,18342.768660540885,68.24873114911351,18.176749889907224,0.18472790563508096,5006.840834445676,1.7061578651961724,39.563471126068784,6172.784618032881,89.03133378757333,6.295586619562051,0.25193775875344065,4958.924971485399,1.7981981248530818,42.52365054994582,4359.128474228522,106.39051998493038,2.732583602124368,0.3359585599918988,3726.0091038026912,1.6836752121110488,52.31979523028367,6417.408417895022,133.62000423887005,4.030920483279635,0.421943460907614,3728.881789659576,1.6836752121110488,52.28064820020646,0.0,0.0,nan,nan,6562.8,1.0,13.853480493619768,3775.830783477803,116.50194399291375,4.206492539599995,0.3722564704818713,4861.371327364013,1.8034392727729245,43.52618711699272,2185.848799375212,63.61464499085943,1.9143725990705724,0.19732923149516468,4340.3598773307995,1.8542161242411976,50.361610546177126,1251.8394210932784,50.881327147908294,1.007479578360665,0.16363694661317896,4101.488238052665,2.094953179418254,61.28624229314098,744.8375528380597,75.14481076179464,0.6066342173497835,0.26390666894784565,3967.487954972221,1.2241567950879033,32.20435165392934,0.0,0.0,nan,nan,3888.107811255905,5.686648518778757,184.73926975163056,0.0,0.0,nan,nan,3829.647593186112,0.4999617834394905,nan,348.6968479733355,879396.1802210708,0.29090044560440836,2570.6612486351783,4363.412061091764,0.5168278941495127,nan,1692.2004200527167,122.80409121045744,1.346209896620447,0.4475338055983583,3868.8073746476443,1.6826668009224734,50.35320412650667,0.0,0.0,nan,nan,6583.45,1.0,13.810026928666252,0.0,0.0,nan,nan,6548.05,1.0,13.88468655302385,0.0,0.0,nan,nan,6716.44,1.0,13.536579167464883,0.0,0.0,nan,nan,6730.82,1.0,13.507659064352907,255.4780357811572,214413.68032214537,0.1390770985918311,741.8096938157773,3427.8196912486587,0.4999617834394905,nan,818.4189937801627,66.59956848575254,0.523425349322099,0.20977464772622065,3758.698904152189,1.4921435978326003,44.6181533713262,1355.3459761042184,469.4712072075178,1.467562774940182,1.5494444112296206,4694.811977830021,9.99923566878981,271.0131455203778,0.0,0.0,nan,nan,5875.62,1.0,15.473706908126772
0d48m10pt33722465s-6d05m57pt46071002s,0.8028714512914789,-6.099294641672274,0.5081774652974029,32.12194215369499,0,0,0,7.120801662873409,0.1204696847246091,5.336662464499506,0.05211945718437837,8.023032852476433,28670.194382451555,68.55395242896883,21.11542387913887,0.234,a2697,1761.5583930657979,82.72286268633098,25.226101461833178,3.2356572480992773,5006.860223559952,1.9313368870459533,45.769475704569665,939.1369639242889,76.59640933620571,19.00872888086018,4.301322269918005,4959.104787754279,1.7443758191806498,41.01938511745206,844.6056493678326,1696.286682561901,13.016716969101463,131.74659929854906,3725.403836527263,4.224626336900394,142.35076792742342,2017.5833431404958,2977.9813681478568,31.151239847683033,231.29281274281496,3728.029768075795,4.224626336900394,142.2442573845392,0.0,0.0,nan,nan,6562.8,1.0,13.853480493619768,693.3642740577019,2477727.3862455958,10.770468955377615,110423.54794079154,4860.490368831173,0.5124781526497829,nan,0.0,0.0,nan,nan,4336.621863580239,0.4999617834394905,nan,23.705574012205194,158.2668892708946,0.5636400667096678,15.034196367006757,4101.897063451465,0.4999617834394905,nan,0.0,0.0,nan,nan,3969.1413619203554,9.99923566878981,319.8627926142355,0.0,41.244549646109064,nan,nan,3889.06,1.0,23.37778840736009,358.62144571294334,65.2793710709417,3.174539431183496,2.7121007335565808,3830.9997459108304,1.2939449564889587,36.1228491150013,0.0,37.738461902976795,nan,nan,4363.21,1.0,20.83732430562082,0.0,0.0,nan,nan,3868.923630947949,0.6385914491141975,nan,0.0,0.0,nan,nan,6583.45,1.0,13.810026928666252,0.0,0.0,nan,nan,6548.05,1.0,13.88468655302385,0.0,0.0,nan,nan,6716.44,1.0,13.536579167464883,0.0,0.0,nan,nan,6730.82,1.0,13.507659064352907,0.0,0.0,nan,nan,3425.6853367749636,7.213353964361549,266.78306424130005,126.6894321410385,93.59265621434339,2.671744031269437,9.726141684616206,3757.883759088729,0.4999617834394905,nan,0.0,0.0,nan,nan,4686.399036353664,2.4402862159307297,63.51631730182846,0.0,0.0,nan,nan,5875.964136628419,3.012854520812849,63.494689394980945
STACK,0.0,0.0,0.572335242450856,nan,0,0,0,10.72163905789076,0.05647197314780649,8.190840215965942,5.928165687459608e-05,9.94716911400539,0.4500607022333295,44.90194028539412,10.24219341009194,0.234,a2697,18424.6955339129,92.07183795323952,17.22948012274357,0.23517176077266908,5006.841386917299,1.707815012170501,39.6096711014986,5981.851496581002,94.54061372883176,5.665613164112831,0.2484423575862568,4958.9205846341065,1.740040458349695,40.897841110327505,4654.886035321108,153.17270363901298,2.7528015044056184,0.456281636121461,3726.085642145198,1.8763902634260432,59.483726334985676,6525.98458553673,186.92008287155332,3.8671129386673853,0.5568107058917813,3728.972370682443,1.8763902634260432,59.439219065534594,0.0,0.0,nan,nan,6562.8,1.0,13.853480493619768,3577.642768860284,159.48644447664302,3.7216050619527916,0.47584625442446976,4861.3179728482055,1.783910473894424,42.970712184335156,2127.8394423621703,81.07892443423431,1.7695936544058957,0.2388248942211846,4340.315931227642,1.8676093855869211,50.785588167035144,1257.7748361446568,83.77137954321375,0.9430190660219508,0.25097698944635105,4101.550238528623,1.7640784111237828,50.25855380681092,0.0,0.0,nan,nan,3971.5209458797303,6.893304209759056,219.9076445069437,332.37102194550874,294.2505110478426,0.24259953217564642,0.9733260406201896,3885.912062842447,0.4999617834394905,nan,389.73419704631306,119.43115674551807,0.2871140883989759,0.412018196049305,3834.4504030321827,0.8015639646115705,12.96265780302839,73.84952407160594,261.95814334194966,0.05769684440834829,0.7169678344098874,4363.912319898036,0.4999617834394905,nan,2759.481078049662,146.12920311032678,2.1149342628221497,0.5132056554488839,3868.3241506914133,2.1465142600258322,66.77445531582329,0.0,0.0,nan,nan,6583.45,1.0,13.810026928666252,0.0,0.0,nan,nan,6548.05,1.0,13.88468655302385,0.0,0.0,nan,nan,6716.44,1.0,13.536579167464883,0.0,0.0,nan,nan,6730.82,1.0,13.507659064352907,1401.5686195565008,128.00075196430373,0.7190483368460773,0.41755069816885715,3427.249825950373,1.556782817008428,51.67207210074579,1169.284003952243,100.5060975862936,0.712968828805964,0.30171667569572824,3759.1918158621065,1.8865439078255344,59.31669819801526,415.3505147226067,202.82202141208205,0.4054590612984816,0.6051316236413649,4687.705178558615,3.9200390146040602,104.79576718293792,0.0,0.0,nan,nan,5875.62,1.0,15.473706908126772
10d51m12pt20802915s-20d36m51pt92323091s,10.853391119208057,-20.6144231196972,0.6430103527409736,24.72105661161585,0,0,0,nan,nan,8.10098351159298,0.0027032135240669533,12.968516228563658,5.316115979372559,146.44400911998704,27.215274936146727,0.2924,a2813,34082.62125816577,14915.10038456225,0.6047364256634167,0.7220369477335323,5010.31080179196,9.99923566878981,253.6292103805842,21158.245654185608,15526.399590518127,0.3612687724949048,0.7360001090579611,4957.111620883436,9.99923566878981,256.08064588829484,32083.750033359694,6561.71697134022,0.44391765100159863,0.45894134826109717,3721.03,4.8270302200299895,163.18542831504905,31836.469815109172,6678.474317821403,0.44391765100159863,0.4671076215471145,3732.1086834139396,4.8270302200299895,163.06332873797132,0.0,0.0,nan,nan,6562.8,1.0,13.853480493619768,9188.490391704438,3303.010643883481,0.15042635062680612,0.15545400063484,4854.71418169042,9.99923566878981,261.2208748844296,0.0,0.0,nan,nan,4341.5529502296085,0.4999617834394905,nan,2530.0497904436806,1230.6858797739005,0.04151634399420483,0.08071066571466418,4101.241103146322,2.2095089975908455,65.04645235647723,82340.8259644319,20288.679682136273,1.131536994417814,1.195083849134307,3977.59691557344,9.99923566878981,319.8627926142355,0.0,0.0,nan,nan,3889.530568747212,0.4999617834394905,nan,72884.42340208692,18317.371113166206,1.1218165786351495,1.310967171661659,3845.4,9.99923566878981,331.09476865566154,73404.44899384966,14894.279513766485,1.3184229646584384,0.9337669304004402,4371.7805581873445,9.99923566878981,291.0428046557292,77901.68491946958,6208.515790246618,1.1507239956471937,0.4216417283187333,3863.076171379341,9.99923566878981,328.2406140748108,0.0,0.0,nan,nan,6583.45,1.0,13.810026928666252,0.0,0.0,nan,nan,6548.05,1.0,13.88468655302385,0.0,0.0,nan,nan,6716.44,1.0,13.536579167464883,0.0,0.0,nan,nan,6730.82,1.0,13.507659064352907,0.0,0.0,nan,nan,3425.859685911226,4.524346338929655,166.10022019398843,19613.43563122475,4363.145669612352,0.3004783583951047,0.328590341614354,3761.4223829480566,3.6611936801858627,121.67776612686444,0.0,0.0,nan,nan,4683.507053507043,9.99923566878981,271.0131455203778,0.0,0.0,nan,nan,5875.62,1.0,15.473706908126772
STACK,0.0,0.0,0.6430103527409736,nan,0,0,0,nan,nan,8.102143154602464,0.002441736423893445,12.968516228563658,5.316115979372559,146.44400911998704,27.215274936146727,0.2924,a2813,34082.62125816577,14915.10038456225,0.6047364256634167,0.7220369477335323,5010.31080179196,9.99923566878981,253.6292103805842,21158.245654185608,15526.399590518127,0.3612687724949048,0.7360001090579611,4957.111620883436,9.99923566878981,256.08064588829484,32083.750033359694,6561.71697134022,0.44391765100159863,0.45894134826109717,3721.03,4.8270302200299895,163.18542831504905,31836.469815109172,6678.474317821403,0.44391765100159863,0.4671076215471145,3732.1086834139396,4.8270302200299895,163.06332873797132,0.0,0.0,nan,nan,6562.8,1.0,13.853480493619768,9188.490391704438,3303.010643883481,0.15042635062680612,0.15545400063484,4854.71418169042,9.99923566878981,261.2208748844296,0.0,0.0,nan,nan,4341.5529502296085,0.4999617834394905,nan,2530.0497904436806,1230.6858797739005,0.04151634399420483,0.08071066571466418,4101.241103146322,2.2095089975908455,65.04645235647723,82340.8259644319,20288.679682136273,1.131536994417814,1.195083849134307,3977.59691557344,9.99923566878981,319.8627926142355,0.0,0.0,nan,nan,3889.530568747212,0.4999617834394905,nan,72884.42340208692,18317.371113166206,1.1218165786351495,1.310967171661659,3845.4,9.99923566878981,331.09476865566154,73404.44899384966,14894.279513766485,1.3184229646584384,0.9337669304004402,4371.7805581873445,9.99923566878981,291.0428046557292,77901.68491946958,6208.515790246618,1.1507239956471937,0.4216417283187333,3863.076171379341,9.99923566878981,328.2406140748108,0.0,0.0,nan,nan,6583.45,1.0,13.810026928666252,0.0,0.0,nan,nan,6548.05,1.0,13.88468655302385,0.0,0.0,nan,nan,6716.44,1.0,13.536579167464883,0.0,0.0,nan,nan,6730.82,1.0,13.507659064352907,0.0,0.0,nan,nan,3425.859685911226,4.524346338929655,166.10022019398843,19613.43563122475,4363.145669612352,0.3004783583951047,0.328590341614354,3761.4223829480566,3.6611936801858627,121.67776612686444,0.0,0.0,nan,nan,4683.507053507043,9.99923566878981,271.0131455203778,0.0,0.0,nan,nan,5875.62,1.0,15.473706908126772
36d28m16pt31991583s-41d54m50pt94375995s,36.47119997661891,-41.91415104443093,0.21927181627865866,38.97864313385986,0,0,0,nan,nan,nan,nan,0.9991571259708394,0.005694853524890017,91.86169074412354,17.256001012504985,0.2195,a3017,175760.63001286972,914.8233265550325,18.379517217876284,0.26129737734713543,5006.849814750775,4.751207319208216,119.49173022747061,59251.72941844221,404.63412575600637,6.112500743841664,0.1158213817437227,4958.834360123037,4.8827384966693925,124.05970726311826,0.0,0.0,nan,nan,3726.03,1.0,24.400668213494743,0.0,0.0,nan,nan,3728.82,1.0,24.382410999599827,519671.25071190606,26888.38055657723,28.241611217096434,2.799141443784747,6562.2888172356925,5.166844920539126,99.30624288025827,235210.6123478429,891.5954423423468,23.821335762063907,0.25902194551730023,4860.988387244218,4.507721890484858,116.61767478146024,114840.13451022953,590.4857180980063,9.236290651875123,0.1682188466085483,4340.195991747636,4.030645294133876,116.42643657865749,52473.498282944,414.0107818483254,3.5941392601196314,0.11332937089086902,4101.316181334152,3.501342679758861,106.48123552709178,20759.44545724896,631.9840781680423,1.3917651721645612,0.18247696992939913,3969.5639767173516,2.8002109409591363,86.94453477688259,0.0,0.0,nan,nan,3899.06,9.99923566878981,326.52642944617054,0.0,0.0,nan,nan,3835.4,1.0,23.704860453545347,0.0,0.0,nan,nan,4363.75395054987,9.99923566878981,291.0428046557292,0.0,0.0,nan,nan,3868.75,1.0,23.500516131444996,157553.46245245633,51412.29959721804,6.853008222574751,4.269709977715484,6582.895327592754,4.2547681201461405,81.15714168991177,0.0,0.0,nan,nan,6546.520726293978,0.4999617834394905,nan,131126.31161646065,11560.868146679606,13.287796821597595,2.191485704288235,6715.767818856511,5.506548731533805,103.52985344178194,75490.38122204207,14208.053357498435,6.891400735782838,2.421112388668519,6729.925035177243,4.816264183742025,90.12995434122375,0.0,0.0,nan,nan,3426.0,1.0,26.53754284399528,0.0,0.0,nan,nan,3760.0,1.0,24.18021855944889,2438.403102695346,263.38292414814646,0.22446990702687142,0.07420617726875262,4684.124245004216,3.070852322331871,81.23858807906365,26061.465352528165,718.9108810111289,3.8862318399632345,0.23308420795801948,5875.3350471658105,6.099994886321031,131.29864548036912
STACK,0.0,0.0,0.21927181627865866,nan,0,0,0,nan,nan,nan,nan,0.9991571259708394,0.005694853524890017,91.86169074412354,17.256001012504985,0.2195,a3017,175760.63001286972,914.8233265550325,18.379517217876284,0.26129737734713543,5006.849814750775,4.751207319208216,119.49173022747061,59251.72941844221,404.63412575600637,6.112500743841664,0.1158213817437227,4958.834360123037,4.8827384966693925,124.05970726311826,0.0,0.0,nan,nan,3726.03,1.0,24.400668213494743,0.0,0.0,nan,nan,3728.82,1.0,24.382410999599827,519671.25071190606,26888.38055657723,28.241611217096434,2.799141443784747,6562.2888172356925,5.166844920539126,99.30624288025827,235210.6123478429,891.5954423423468,23.821335762063907,0.25902194551730023,4860.988387244218,4.507721890484858,116.61767478146024,114840.13451022953,590.4857180980063,9.236290651875123,0.1682188466085483,4340.195991747636,4.030645294133876,116.42643657865749,52473.498282944,414.0107818483254,3.5941392601196314,0.11332937089086902,4101.316181334152,3.501342679758861,106.48123552709178,20759.44545724896,631.9840781680423,1.3917651721645612,0.18247696992939913,3969.5639767173516,2.8002109409591363,86.94453477688259,0.0,0.0,nan,nan,3899.06,9.99923566878981,326.52642944617054,0.0,0.0,nan,nan,3835.4,1.0,23.704860453545347,0.0,0.0,nan,nan,4363.75395054987,9.99923566878981,291.0428046557292,0.0,0.0,nan,nan,3868.75,1.0,23.500516131444996,157553.46245245633,51412.29959721804,6.853008222574751,4.269709977715484,6582.895327592754,4.2547681201461405,81.15714168991177,0.0,0.0,nan,nan,6546.520726293978,0.4999617834394905,nan,131126.31161646065,11560.868146679606,13.287796821597595,2.191485704288235,6715.767818856511,5.506548731533805,103.52985344178194,75490.38122204207,14208.053357498435,6.891400735782838,2.421112388668519,6729.925035177243,4.816264183742025,90.12995434122375,0.0,0.0,nan,nan,3426.0,1.0,26.53754284399528,0.0,0.0,nan,nan,3760.0,1.0,24.18021855944889,2438.403102695346,263.38292414814646,0.22446990702687142,0.07420617726875262,4684.124245004216,3.070852322331871,81.23858807906365,26061.465352528165,718.9108810111289,3.8862318399632345,0.23308420795801948,5875.3350471658105,6.099994886321031,131.29864548036912
2d55m43pt77956828s-15d22m53pt40661766s,2.9288276578549586,-15.381501838238446,0.15226339045625004,26.798460078270857,0,0,0,nan,nan,nan,nan,4.6209537491805195,0.11963448097071984,63.729264753912815,16.251713148685912,0.378,macs0011m15,40225.54470700291,211.86763909181812,238.89148924113576,3.43676995189782,5006.837205867413,2.460969999504728,59.99090745343379,13697.528709656544,207.37763305134442,71.21925111734903,2.9916923097327053,4958.893513725618,2.6486500921942056,65.58108062630517,0.0,0.0,nan,nan,3726.03,1.0,24.400668213494743,0.0,0.0,nan,nan,3728.82,1.0,24.382410999599827,26475.565431815307,177.0025715023307,207.22055676096608,2.6535727466166312,6562.802726206701,2.6199611477830675,48.9763629142523,11669.25192147231,295.2209426782842,77.26888652721635,5.606895420956627,4861.291012475947,2.747468811422157,69.57715975364997,7387.902440838945,270.89459562658317,20.419274821868484,2.6519682278521963,4340.257544986981,2.6766386706028102,75.77625875108133,0.0,0.0,nan,nan,4091.7299999999996,9.99923566878981,309.59640827210086,0.0,0.0,nan,nan,3970.08,1.0,22.900702702093618,0.0,0.0,nan,nan,3889.06,1.0,23.37778840736009,0.0,0.0,nan,nan,3835.4,1.0,23.704860453545347,2316.144905774654,32777276.63869397,5.458911877527895,270760.934618649,4362.870322488102,0.6923943294644065,nan,0.0,0.0,nan,nan,3868.75,1.0,23.500516131444996,0.0,0.0,nan,nan,6583.243819255599,9.99923566878981,192.88987927331783,0.0,0.0,nan,nan,6548.119339152202,9.99923566878981,193.93267853817915,2363.263266687795,303.05703739587335,12.561195416511417,3.01278584741345,6716.688763630654,2.477236367174552,45.042366259987396,1496.740512817934,281.93177876677225,7.042264656314132,2.4756653692794153,6731.196071635714,2.338814371720769,42.20967129869225,0.0,0.0,nan,nan,3426.0,1.0,26.53754284399528,0.0,0.0,nan,nan,3760.0,1.0,24.18021855944889,506.66703997876766,115109863.15493445,2.1975864467719046,1526808.513558481,4686.228168364773,0.6208775545935048,nan,521.2787786127408,104.3542746983127,3.7164057901987166,1.6174980748160648,5875.6322921037945,2.0503653063074254,41.75707838018662
STACK,0.0,0.0,0.15226339045625004,nan,0,0,0,nan,nan,nan,nan,4.6209537491805195,0.11963448097071984,63.729264753912815,16.251713148685912,0.378,macs0011m15,40225.54470700291,211.86763909181812,238.89148924113576,3.43676995189782,5006.837205867413,2.460969999504728,59.99090745343379,13697.528709656544,207.37763305134442,71.21925111734903,2.9916923097327053,4958.893513725618,2.6486500921942056,65.58108062630517,0.0,0.0,nan,nan,3726.03,1.0,24.400668213494743,0.0,0.0,nan,nan,3728.82,1.0,24.382410999599827,26475.565431815307,177.0025715023307,207.22055676096608,2.6535727466166312,6562.802726206701,2.6199611477830675,48.9763629142523,11669.25192147231,295.2209426782842,77.26888652721635,5.606895420956627,4861.291012475947,2.747468811422157,69.57715975364997,7387.902440838945,270.89459562658317,20.419274821868484,2.6519682278521963,4340.257544986981,2.6766386706028102,75.77625875108133,0.0,0.0,nan,nan,4091.7299999999996,9.99923566878981,309.59640827210086,0.0,0.0,nan,nan,3970.08,1.0,22.900702702093618,0.0,0.0,nan,nan,3889.06,1.0,23.37778840736009,0.0,0.0,nan,nan,3835.4,1.0,23.704860453545347,2316.144905774654,32777276.63869397,5.458911877527895,270760.934618649,4362.870322488102,0.6923943294644065,nan,0.0,0.0,nan,nan,3868.75,1.0,23.500516131444996,0.0,0.0,nan,nan,6583.243819255599,9.99923566878981,192.88987927331783,0.0,0.0,nan,nan,6548.119339152202,9.99923566878981,193.93267853817915,2363.263266687795,303.05703739587335,12.561195416511417,3.01278584741345,6716.688763630654,2.477236367174552,45.042366259987396,1496.740512817934,281.93177876677225,7.042264656314132,2.4756653692794153,6731.196071635714,2.338814371720769,42.20967129869225,0.0,0.0,nan,nan,3426.0,1.0,26.53754284399528,0.0,0.0,nan,nan,3760.0,1.0,24.18021855944889,506.66703997876766,115109863.15493445,2.1975864467719046,1526808.513558481,4686.228168364773,0.6208775545935048,nan,521.2787786127408,104.3542746983127,3.7164057901987166,1.6174980748160648,5875.6322921037945,2.0503653063074254,41.75707838018662
4d45m34pt18986889s-40d51m43pt60755318s,4.759497185801797,-40.86211320921588,0.13365588427521424,4.651889447392343,0,0,0,nan,nan,nan,nan,4.638583282085889,0.05727480867588277,47.640250142177266,10.085231661364896,nan,macs0018m40,45443.10758002027,129.3530537272749,60.538272514339305,0.4706803878718115,5006.8348975828285,2.4941565341875163,60.870592494270895,15408.686614201197,159.1782108873355,19.858244678507823,0.5691777835368071,4958.968170723047,2.43772684126837,59.94805177606539,0.0,0.0,nan,nan,3726.03,1.0,24.400668213494743,0.0,0.0,nan,nan,3728.82,1.0,24.382410999599827,29863.245561010284,209.32632905591606,57.06595557215201,0.7661793669061832,6562.764074987195,2.4519362495610526,45.58496979279136,13118.6162872681,155.82962324377186,17.639247382713304,0.600966641773447,4861.326189267597,2.4371590428867713,61.135847174183695,5561.399190902239,250.15730580202646,5.666429532583649,0.9026281168515723,4340.643222612162,1.8728122093756625,50.950154334527596,0.0,0.0,nan,nan,4101.73,1.0,22.16567686891332,0.0,0.0,nan,nan,3970.08,1.0,22.900702702093618,0.0,0.0,nan,nan,3889.06,1.0,23.37778840736009,0.0,0.0,nan,nan,3835.4,1.0,23.704860453545347,0.0,0.0,nan,nan,4363.979368540064,0.4999617834394905,nan,0.0,0.0,nan,nan,3868.75,1.0,23.500516131444996,0.0,0.0,nan,nan,6583.574478271815,0.4999617834394905,nan,0.0,0.0,nan,nan,6548.173703387749,9.99923566878981,193.93267853817915,4047.5297383565253,341.87398393530674,7.890238917139448,1.2465622731810928,6716.339010615047,2.2367852420428846,40.268599417865204,2496.092446158528,457.97524083055816,4.535357615255076,1.5530876295629183,6730.871971048805,2.2968124760940785,41.37630885211181,0.0,0.0,nan,nan,3426.0,1.0,26.53754284399528,0.0,0.0,nan,nan,3760.0,1.0,24.18021855944889,1694.5779674322182,302.29935646254097,1.9268154327511384,1.050116111449538,4688.791336744988,5.937238386153931,160.18993763051753,1844.8771436257225,104.98162706700558,3.032870319664826,0.3752337166287047,5875.397295084892,3.3524304186719047,71.03772779531378
4d45m39pt2142948s-40d51m33pt60754707s,4.760892859665771,-40.85933542974102,0.4647039597293725,6.540986241852113,0,0,0,10.210796996099026,0.013117696417668474,8.219485175668726,8.494508687540025e-05,12.132982481420813,0.23335909398162574,52.972893215434965,10.96356190796499,nan,macs0018m40,27389.211751852763,135.42323567339992,324.574078474996,4.383435780421721,5006.83669530268,1.9702848275535816,46.83048064736008,10189.879430802604,123.47077860818837,118.57062398156421,3.986280213132528,4958.923059657202,2.103000377562816,50.91165613699249,4953.3986175984255,234.565028127148,21.431541075290895,5.111951212821828,3726.12668437766,2.049457983213677,65.81423819936036,7296.610706814323,304.8531877321153,31.631232299843273,6.643763715343987,3728.9139083761547,2.049457983213677,65.7649942764635,0.0,0.0,nan,nan,6562.8,1.0,13.853480493619768,4106.912754829344,70.75464577937234,27.68056484653942,1.3677735539622988,4861.382628537102,1.772961310032938,42.65879343524986,2145.259852608014,136.18932065163096,10.259679720492645,2.306836427779942,4340.399712496492,1.8186500123028366,49.233220797827975,835.8979681357179,86.50080304392182,3.1835201824289205,1.3158697304059945,4102.322147387134,1.152480085497354,28.41661992847738,985.8062976537232,178.7978206676046,3.053150412625023,2.3850642473774997,3969.449122655846,5.0317171166134464,159.78504832681608,830.5856294656033,2361.211390199968,2.4738928792682007,31.780406113247118,3890.502390772727,0.7564375780096226,9.38530643938182,233.9370153182197,261.25766928690325,0.6350673031791771,3.312590551821788,3838.4869622462006,0.4999617834394905,nan,428.28518093577475,126.92147723707619,1.6143474848971775,1.6769379647498985,4362.645837388067,1.2009052504519444,28.471797754411174,2851.1588471690466,113.39714979898757,8.18126089628507,1.4903518843563874,3869.040716552895,2.007959574090565,61.9313520634756,0.0,0.0,nan,nan,6583.45,1.0,13.810026928666252,0.0,0.0,nan,nan,6548.05,1.0,13.88468655302385,0.0,0.0,nan,nan,6716.44,1.0,13.536579167464883,0.0,0.0,nan,nan,6730.82,1.0,13.507659064352907,3871.6790399233314,255.91662806589397,23.67659828456334,9.937042047903981,3428.878630453314,4.016394870087563,146.9649654153359,0.0,0.0,nan,nan,3760.1721250219684,3.6398114317038255,120.94009374301375,0.0,0.0,nan,nan,4684.5363089377415,6.663194004148694,180.0374877006808,432.3094057134155,104.87531428236782,11.930229665437263,6.291966060560876,5875.864606227097,1.9598971631623376,39.66516366759488
4d45m51pt11481506s-40d51m45pt80729101s,4.764198559739286,-40.862724247501895,0.2577321594106601,16.233492546043177,0,0,0,8.383358528129577,0.0,nan,nan,1.9459398975695041,0.0766609115404796,81.75409956936453,17.487863873273884,nan,macs0018m40,5271.772821416564,122.63046680418213,6.482005299548114,0.41184970381499014,5006.833000132198,1.8307506706256498,43.01375657715915,2714.207076469319,181.69526191802385,3.5786956763768667,0.6645667407665015,4959.495571773875,3.5083113269585717,88.25784295287175,0.0,0.0,nan,nan,3726.03,1.0,24.400668213494743,0.0,0.0,nan,nan,3728.82,1.0,24.382410999599827,10878.757029420627,254.09471505670317,21.076360912683317,0.9428811597665119,6563.075018299417,2.886012694062388,54.31328372106908,4103.919092188017,115.97105043688136,5.2256695031703755,0.42349377561058876,4861.682746325731,2.3992988660075034,60.100002248168934,1466.256295465753,155.22460976218522,1.554258471156752,0.5825592786263484,4341.1541157025595,2.5012627680720736,70.43303756125295,201.4619409426922,368.52618975646163,0.1843833864024481,1.347094878614558,4102.480452797365,0.4999617834394905,nan,0.0,0.0,nan,nan,3970.167358273616,3.287560700157112,103.00602960409884,0.0,0.0,nan,nan,3887.8875067316008,6.420063419735468,208.91070200335787,0.0,0.0,nan,nan,3835.7652165707746,4.3653508586639544,143.02595552076562,1262.7722030294426,18460292.012330443,1.249149728355049,64038.29587130873,4361.681999670434,0.61614748563552,nan,2468.115157016849,302.4342798785913,2.0889872047195914,1.172244050284852,3869.299611600069,3.629762071320855,117.20347936210425,1075.832892618954,843.7067556018442,1.506623490726731,2.255819012136735,6583.2627125077515,1.9206248212904875,34.58620895478918,0.0,0.0,nan,nan,6547.665367859949,9.99923566878981,193.93267853817915,2771.7162750910857,297.6388659196086,5.834616536495353,1.1717980095828502,6717.0792985629805,3.1475798622000424,58.168263189838655,1804.818251313431,395.89840829623023,3.5993470327880988,1.4736333289072694,6730.68157210896,4.1948681148261935,78.23136276208942,0.0,0.0,nan,nan,3426.0,1.0,26.53754284399528,0.0,0.0,nan,nan,3750.0,9.99923566878981,337.7342754526394,0.0,63.73474858308222,nan,nan,4685.68,1.0,19.403292965701418,630.7823472623159,73.56740795060162,1.1508817150477693,0.29184547825745305,5875.243774574543,1.6008781986147258,31.195297485479863
4d45m49pt52797661s-40d51m43pt60734478s,4.763757771280492,-40.862113151328316,0.2582620629949093,13.978054358658635,0,0,0,8.023526374655505,0.1460763082854384,nan,nan,3.887822700286924,0.3359527318569076,93.11719562535393,20.175965259263535,nan,macs0018m40,3465.7422748492186,195.22453372848966,5.461878954933139,0.8403382986142608,5006.930818461058,5.381060328566085,135.6628826019589,2929.6313137112343,259.18321977161554,4.478162050282638,1.0998999110636953,4957.090106663736,9.337588447878863,239.04942256115658,0.0,0.0,nan,nan,3726.03,1.0,24.400668213494743,0.0,0.0,nan,nan,3728.82,1.0,24.382410999599827,5858.2440767512735,190.28964035028628,15.24588596786866,0.9484102060190926,6563.78437488385,2.789634106381926,52.384026806013146,1644.9756281551806,115.06262612630113,2.4724512513378833,0.495938410791753,4861.874784964994,2.2505629378468206,56.01508724988111,0.0,66.56717338731413,nan,nan,4340.46,1.0,20.94654063936261,0.0,0.0,nan,nan,4101.331160756443,4.719441662011926,144.86252387117472,0.0,0.0,nan,nan,3970.3453474450107,6.133170394951641,195.38962924177773,365.02425737105455,5.830263224515277e+90,0.39387316091259567,2.8447799198021327e+88,3889.40435457051,0.4999617834394905,nan,0.0,0.0,nan,nan,3835.34609624581,4.477648110738192,146.8011071361775,2102.8169718217673,777.0004121280311,2.687701270887922,3.471251102603912,4368.788949537886,9.99923566878981,291.0428046557292,2479.7741758736797,251.54480403799363,2.847080239492991,1.3238414536950447,3867.786035627991,3.6298675722800438,117.20701753004558,328.68605006146146,671.0966432193593,0.668812629029263,2.606833714490961,6583.957863702251,0.4999617834394905,nan,0.0,0.0,nan,nan,6547.225727609429,0.4999617834394905,nan,943.4211392211009,119.71051488818064,2.3939464150666314,0.5680274606399919,6718.17445583896,1.4819921095417516,24.76005544481935,650.3581646357131,137.48396310880403,1.6961738988214905,0.6691292369492464,6731.842567436736,1.7084560924666365,29.477650547076777,0.0,0.0,nan,nan,3426.0,1.0,26.53754284399528,0.0,0.0,nan,nan,3760.0,1.0,24.18021855944889,1037.8647167703987,33334993.77297929,1.4485170286983802,142306.60042841977,4685.670110001411,0.6174501262318914,nan,1638.6662623796522,1009.0254665072896,4.005863892938425,5.357543888089221,5880.208631979519,9.99923566878981,216.12712798001303
STACK,0.0,0.0,0.278588516602539,nan,0,0,0,nan,nan,nan,nan,4.525317720936319,0.09860700810863633,38.756961354086755,8.96057631148905,nan,macs0018m40,44957.36321025573,306.3406267233699,17.59010658593145,0.32738727989480026,5006.819573969697,2.4698574957355,60.22659144332225,14258.459189024805,250.1053705894111,5.783956325058307,0.28149073528136753,4958.970993641399,2.250968114750367,54.92378341378338,0.0,0.0,nan,nan,3726.03,1.0,24.400668213494743,0.0,0.0,nan,nan,3728.82,1.0,24.382410999599827,30826.39241087397,244.6705039773182,20.0961264329519,0.30552002039694676,6562.736644282479,2.484112056192962,46.2358711803436,13085.450801679486,271.41048145365534,5.29620697584257,0.3150722848076608,4861.332766611523,2.300439009574467,57.387835084976444,0.0,311.04001918910484,nan,nan,4340.46,1.0,20.94654063936261,0.0,0.0,nan,nan,4101.73,1.0,22.16567686891332,0.0,0.0,nan,nan,3970.08,1.0,22.900702702093618,0.0,0.0,nan,nan,3889.06,1.0,23.37778840736009,0.0,0.0,nan,nan,3835.4,1.0,23.704860453545347,1176.1762796370601,287407921.6813988,0.3984353966637849,341259.2208733149,4362.734095659341,0.6507620826061118,nan,0.0,0.0,nan,nan,3868.75,1.0,23.500516131444996,0.0,0.0,nan,nan,6583.742842252587,0.4999617834394905,nan,0.0,0.0,nan,nan,6548.328996391471,9.99923566878981,193.93267853817915,3609.667296746782,415.7562531942317,2.457601520674392,0.5294515152801808,6716.41121813435,2.4004356442614703,43.522646924287564,0.0,196.44433062322955,nan,nan,6730.82,1.0,13.507659064352907,0.0,0.0,nan,nan,3426.0,1.0,26.53754284399528,0.0,0.0,nan,nan,3760.0,1.0,24.18021855944889,320.9720167646669,0.0,0.11973948963394085,0.0,4687.423596494781,0.4999617834394905,nan,2152.7369129512326,238.27314962828723,1.1455308597490625,0.2756805951461686,5875.255659638531,3.274277438325091,69.305235613231
7d01m34pt1974354s-75d38m08pt43216435s,7.026165954278846,-75.63567560120777,0.27319768917090204,22.775231584006406,0,0,0,nan,nan,-9.467360734468445,0.0469300179680824,4.8498002745741005,6.407828546568487e+82,136.3196953500838,21.994978659383364,nan,macs0028m75,63847.68519142041,443.8871667957493,7.420514727272858,0.14091306201509646,5006.81798949545,5.509028335135593,138.94398629438697,22005.61831860525,587.5330073539294,2.473849298764399,0.18325486202680244,4959.006493602632,5.588639394663899,142.3472561448606,1040.202744648809,9412649025945.826,0.08051694543933567,3657373982.3879304,3731.03,0.9419280000000001,21.534597245939114,1045.4505835749198,1.161898894966502e+87,0.08051694543933567,4.514668269157909e+83,3723.82,0.9419280000000001,21.51848450080361,43021.13914441475,7869.9136482842405,3.3881896836870125,1.1866179674017745,6565.818261407664,9.99923566878981,193.49681168128302,18132.490383013148,988.0912792147511,1.6668738259833782,0.2603147486283222,4863.649507083269,9.99923566878981,261.2208748844296,0.0,0.0,nan,nan,4338.980211739418,0.4999617834394905,nan,0.0,0.0,nan,nan,4100.753405967314,3.2742244912046936,99.27623910733277,0.0,0.0,nan,nan,3969.5505887453232,0.4999617834394905,nan,0.0,0.0,nan,nan,3889.3818289239584,9.99923566878981,326.52642944617054,0.0,0.0,nan,nan,3834.955264095662,2.126790290045641,66.6621295053071,17010.931906234535,1271.5942010224333,1.598233835038629,0.4191849119343954,4360.5231384421495,9.99923566878981,291.0428046557292,21687.199341421765,888.734917615883,1.9379294352187135,0.36389175823402253,3868.3949411400704,7.620580881241354,249.7125733265589,34625.44979628489,8198.653588455241,2.7993503728273206,1.2657350887466867,6582.016207172819,9.53011179903404,183.7945919848529,3689.692718698924,4204.095981000223,0.30938355007335977,0.6767604761970485,6548.524535528454,3.098226857698487,58.67952279157131,5798.126118732752,609.0627749835517,0.8738300291925245,0.17167512481929817,6716.980495022946,6.902516280659378,130.1626780186379,2995.2474334828376,860.9800924987603,0.45497101353325003,0.24406817291508312,6731.428519427073,5.529405759140516,103.7445187068688,0.0,0.0,nan,nan,3426.0,1.0,26.53754284399528,0.0,0.0,nan,nan,3759.5542752269976,1.915529255715316,60.3722877126417,7861.652125317381,846.9534427308957,0.8086472470182615,0.2663417256857203,4686.91386253442,9.99923566878981,271.0131455203778,8490.650603409891,2136.9744111965015,1.1776838073274318,0.6447548385748199,5873.1762588316315,9.99923566878981,216.12712798001303
STACK,0.0,0.0,0.27319768917090204,nan,0,0,0,nan,nan,-9.553283504334056,0.0365746465646101,4.8498002745741005,6.407828546568487e+82,136.3196953500838,21.994978659383364,nan,macs0028m75,63847.68519142041,443.8871667957493,7.420514727272858,0.14091306201509646,5006.81798949545,5.509028335135593,138.94398629438697,22005.61831860525,587.5330073539294,2.473849298764399,0.18325486202680244,4959.006493602632,5.588639394663899,142.3472561448606,1040.202744648809,9412649025945.826,0.08051694543933567,3657373982.3879304,3731.03,0.9419280000000001,21.534597245939114,1045.4505835749198,1.161898894966502e+87,0.08051694543933567,4.514668269157909e+83,3723.82,0.9419280000000001,21.51848450080361,43021.13914441475,7869.9136482842405,3.3881896836870125,1.1866179674017745,6565.818261407664,9.99923566878981,193.49681168128302,18132.490383013148,988.0912792147511,1.6668738259833782,0.2603147486283222,4863.649507083269,9.99923566878981,261.2208748844296,0.0,0.0,nan,nan,4338.980211739418,0.4999617834394905,nan,0.0,0.0,nan,nan,4100.753405967314,3.2742244912046936,99.27623910733277,0.0,0.0,nan,nan,3969.5505887453232,0.4999617834394905,nan,0.0,0.0,nan,nan,3889.3818289239584,9.99923566878981,326.52642944617054,0.0,0.0,nan,nan,3834.955264095662,2.126790290045641,66.6621295053071,17010.931906234535,1271.5942010224333,1.598233835038629,0.4191849119343954,4360.5231384421495,9.99923566878981,291.0428046557292,21687.199341421765,888.734917615883,1.9379294352187135,0.36389175823402253,3868.3949411400704,7.620580881241354,249.7125733265589,34625.44979628489,8198.653588455241,2.7993503728273206,1.2657350887466867,6582.016207172819,9.53011179903404,183.7945919848529,3689.692718698924,4204.095981000223,0.30938355007335977,0.6767604761970485,6548.524535528454,3.098226857698487,58.67952279157131,5798.126118732752,609.0627749835517,0.8738300291925245,0.17167512481929817,6716.980495022946,6.902516280659378,130.1626780186379,2995.2474334828376,860.9800924987603,0.45497101353325003,0.24406817291508312,6731.428519427073,5.529405759140516,103.7445187068688,0.0,0.0,nan,nan,3426.0,1.0,26.53754284399528,0.0,0.0,nan,nan,3759.5542752269976,1.915529255715316,60.3722877126417,7861.652125317381,846.9534427308957,0.8086472470182615,0.2663417256857203,4686.91386253442,9.99923566878981,271.0131455203778,8490.650603409891,2136.9744111965015,1.1776838073274318,0.6447548385748199,5873.1762588316315,9.99923566878981,216.12712798001303
8d03m05pt19704876s18d09m02pt80585028s,8.051443624655189,18.15077940285534,0.21917441201368448,26.855557484630214,0,0,0,nan,nan,nan,nan,1.8753097593758126,0.18425182613712454,43.14444083370924,7.8597112431254175,0.3892,macs0032p18,3092.0015254650893,168.2990393268465,4.826444183962162,0.7175542002748119,5006.848650575518,3.383866695715441,84.18127807176089,1491.9806098074762,170.69048497690173,2.1977402287229375,0.6975242843895162,4959.331301601954,3.5909897021093045,90.42296864530881,0.0,0.0,nan,nan,3726.03,1.0,24.400668213494743,0.0,0.0,nan,nan,3728.82,1.0,24.382410999599827,9386.343224054513,326.44367899483035,17.172210458580892,1.1439915481209582,6562.500191604802,3.5128605455151862,66.77846806588886,2444.3866472482505,203.32297008251376,3.9093803337753097,0.9329190167275873,4860.592889070715,2.6507511929441985,66.95452090733463,601.517749370099,128.469044579033,0.8522344068327095,0.6447925331869916,4339.952896881228,1.0580346931022868,23.270381156307554,1288.9702275395546,281.84558998203454,1.6251088807926426,1.420555813952281,4100.759377241551,4.1325292771242745,126.41257611390131,205.58481471423195,135.48760006832305,0.3264930382157768,0.9258746914022493,3971.049664548094,0.4999617834394905,nan,0.0,0.0,nan,nan,3879.06,0.4999617834394905,nan,0.0,0.0,nan,nan,3835.4,1.0,23.704860453545347,950.6537785964135,10459334.809731225,1.2514878649418875,48206.34024855269,4365.2449246350625,0.6528982019219364,nan,0.0,0.0,nan,nan,3868.75,1.0,23.500516131444996,1729.8747437950065,451661054.7893156,2.3863040354114493,1189406.8763089783,6583.934372247718,0.6132861131770964,nan,0.0,0.0,nan,nan,6549.83133752017,0.8286746306449227,8.622932494836418,1902.6164803188847,202.23730171448528,3.4370238654312506,0.6833832892679109,6715.9712078021885,2.8436809639044895,52.243374729927474,1601.6366962951386,280.47528144295393,2.9141412735654555,0.9524955780371851,6730.583591337949,3.5782906882691474,66.37392089512376,0.0,0.0,nan,nan,3426.0,1.0,26.53754284399528,0.0,0.0,nan,nan,3760.0,1.0,24.18021855944889,0.0,0.0,nan,nan,4685.268730465372,1.7856628979946259,44.63329672484732,292.8217045241154,2598673.2421500185,0.5312165708688432,10247.534110277331,5876.509956296725,0.677969405843895,nan
STACK,0.0,0.0,0.21917441201368448,nan,0,0,0,nan,nan,nan,nan,1.8753097593758126,0.18425182613712454,43.14444083370924,7.8597112431254175,0.3892,macs0032p18,3092.0015254650893,168.2990393268465,4.826444183962162,0.7175542002748119,5006.848650575518,3.383866695715441,84.18127807176089,1491.9806098074762,170.69048497690173,2.1977402287229375,0.6975242843895162,4959.331301601954,3.5909897021093045,90.42296864530881,0.0,0.0,nan,nan,3726.03,1.0,24.400668213494743,0.0,0.0,nan,nan,3728.82,1.0,24.382410999599827,9386.343224054513,326.44367899483035,17.172210458580892,1.1439915481209582,6562.500191604802,3.5128605455151862,66.77846806588886,2444.3866472482505,203.32297008251376,3.9093803337753097,0.9329190167275873,4860.592889070715,2.6507511929441985,66.95452090733463,601.517749370099,128.469044579033,0.8522344068327095,0.6447925331869916,4339.952896881228,1.0580346931022868,23.270381156307554,1288.9702275395546,281.84558998203454,1.6251088807926426,1.420555813952281,4100.759377241551,4.1325292771242745,126.41257611390131,205.58481471423195,135.48760006832305,0.3264930382157768,0.9258746914022493,3971.049664548094,0.4999617834394905,nan,0.0,0.0,nan,nan,3879.06,0.4999617834394905,nan,0.0,0.0,nan,nan,3835.4,1.0,23.704860453545347,950.6537785964135,10459334.809731225,1.2514878649418875,48206.34024855269,4365.2449246350625,0.6528982019219364,nan,0.0,0.0,nan,nan,3868.75,1.0,23.500516131444996,1729.8747437950065,451661054.7893156,2.3863040354114493,1189406.8763089783,6583.934372247718,0.6132861131770964,nan,0.0,0.0,nan,nan,6549.83133752017,0.8286746306449227,8.622932494836418,1902.6164803188847,202.23730171448528,3.4370238654312506,0.6833832892679109,6715.9712078021885,2.8436809639044895,52.243374729927474,1601.6366962951386,280.47528144295393,2.9141412735654555,0.9524955780371851,6730.583591337949,3.5782906882691474,66.37392089512376,0.0,0.0,nan,nan,3426.0,1.0,26.53754284399528,0.0,0.0,nan,nan,3760.0,1.0,24.18021855944889,0.0,0.0,nan,nan,4685.268730465372,1.7856628979946259,44.63329672484732,292.8217045241154,2598673.2421500185,0.5312165708688432,10247.534110277331,5876.509956296725,0.677969405843895,nan
8d27m50pt12046461s-7d52m03pt00122377s,8.46392235128097,-7.867500339937108,0.7604079697024868,19.837794502778188,0,0,0,nan,nan,8.129064617875907,0.0003943805592351454,10.244723809376518,1.286036900641156,56.80351493743026,14.983811168251641,0.352,macs0033m07,1989.8580137627048,134.16176075728023,203.3195200534202,37.43974560240887,5007.121845676737,1.8539984054224898,43.65280756902757,1658.5674299868408,204.0925579157993,70.60151702974557,24.106066546244254,4958.765273007327,4.5508673414337,115.44405013078826,1789.4140553721531,178.02644303375604,38.10251978744106,19.085513657441567,3726.775585115182,1.9586074361345085,62.50127629541273,1679.3674985561543,164.93054327747925,35.82518460226236,17.68155383329615,3729.4154960138662,1.9586074361345085,62.4545112166843,0.0,0.0,nan,nan,6562.8,1.0,13.853480493619768,694.7192652635306,80.47314119992325,22.15431006771492,7.360033513405585,4861.513413648567,2.039375311406966,50.163148716775225,1420.7680351178408,136.4030393346567,38.62045347857881,13.13438177237356,4340.048549721534,2.335473556363116,65.35250075666887,48.122219633186646,136.10681358380347,2.9104350127257916,32.93084454200461,4099.476376113568,0.4999617834394905,nan,333.31195442246025,109084.8844982292,40.20563756180133,56615.68291756837,3971.1806651850725,0.500105809107412,nan,1866.8802919249777,159.60897189995407,18.333265495228225,7.067359701090333,3894.0169121591357,6.908306163851457,224.98257795368443,241.89219243400512,52.88113060814982,5.913291970294664,6.04813474764313,3835.8701544139403,0.8218058181884058,14.291109661417583,1880.865788525341,254.21328251608705,143.11976431136426,67.78603291690355,4363.231595126094,8.08208142100637,234.93353206509764,307.51479207358125,53.97967659212756,4.579775977492086,3.683882542413339,3868.2794198096954,1.0076144109716274,23.8501193568782,0.0,0.0,nan,nan,6583.45,1.0,13.810026928666252,0.0,0.0,nan,nan,6548.05,1.0,13.88468655302385,0.0,0.0,nan,nan,6716.44,1.0,13.536579167464883,0.0,0.0,nan,nan,6730.82,1.0,13.507659064352907,434.67144792143085,16407.08606628253,13.82833408279265,3319.636702524309,3426.991814867822,0.4999617834394905,nan,0.0,0.0,nan,nan,3759.882312073836,3.7962875293070066,126.33474662366608,286.635803809974,71.59951664950457,6.5132333844785295,4.97622283905692,4685.779693834553,1.247136784251732,28.043779287249816,0.0,0.0,nan,nan,5875.62,1.0,15.473706908126772
8d28m41pt604992s-7d51m59pt20098902s,8.478223608888783,-7.866444719172139,0.5529390342408789,34.21074570644662,0,0,0,nan,nan,8.143089655804662,1.564237910298921e-05,9.962823220510733,0.07507321002615076,42.838640755190006,5.992115942294363,0.352,macs0033m07,71282.23310896214,337.7411823661295,176.51470169838535,2.284368427237017,5006.869617776149,2.517043093287809,61.476667661796434,24254.959548794905,155.9260259745065,61.53706407087681,1.0976159244633852,4958.92309956032,2.578816156541831,63.720243819508795,31796.266853244553,210.2048401599054,44.21324514400871,1.4723011946458544,3726.1122541444706,2.2569600414270234,73.31251070901943,45263.25130329642,274.09295809784317,63.06175998204635,1.919781625125697,3728.8970341949343,2.2569600414270234,73.25765638382322,0.0,0.0,nan,nan,6562.8,1.0,13.853480493619768,17324.076418315693,120.1881145226831,44.63558811473696,0.888154808962036,4861.407645906519,2.454255055228373,61.60311144161985,9061.20696922027,98.77629722639917,16.342547117976423,0.6309638921832226,4340.408448153653,2.257985543409096,62.966123369995834,4767.9482300529835,117.48466469651171,7.815669082939018,0.7694445746158789,4101.800676973996,1.9003344244073024,54.83547921268526,3577.6060214864788,140.2916553183873,4.555546322562419,0.7692327001675129,3969.8507939220394,2.6656430163123095,82.4802691461904,2772.2708090936003,268.90514486415043,2.987228592104559,1.3106942311065655,3888.8750027168544,1.6812021888310056,50.037514179004255,263.3324192551861,152.65907022449602,0.3062901041389884,0.8310101246244235,3835.3660436132413,0.4999617834394905,nan,163.1875260211105,3.591949415773267e+35,0.21538995144796638,1.6605535445863048e+33,4364.3067288480215,0.4999617834394905,nan,7736.878462207185,193.07475182309645,9.094333920058684,1.0397072106060268,3868.7040587698048,2.111982428539801,65.57121936467712,0.0,0.0,nan,nan,6583.45,1.0,13.810026928666252,0.0,0.0,nan,nan,6548.05,1.0,13.88468655302385,0.0,0.0,nan,nan,6716.44,1.0,13.536579167464883,0.0,0.0,nan,nan,6730.82,1.0,13.507659064352907,1348.7495900690096,106.41130467796134,1.5029397966217315,0.7548470796154766,3425.904468499623,1.6661545322820495,56.1850110244765,0.0,85.62711034338011,nan,nan,3760.0,1.0,24.18021855944889,404.7951410976151,130015.53508707961,0.8971805793174861,881.3865141220261,4685.761390203956,0.4999617834394905,nan,1872.959034813075,123.43557191677783,7.988935720774256,1.1446884081126467,5875.56891286506,2.791590280103136,58.55435802442652
8d28m23pt63602941s-7d52m12pt40126884s,8.47323223039076,-7.870111463567701,0.345569302265889,15.030240248513156,0,0,0,12.418437808684114,0.07077224366239565,7.882713267872067,0.0048190501006669904,7.654111663854095,0.29112687947551474,81.68228197438528,16.280395044669483,0.352,macs0033m07,16176.244983569355,91.47297717965036,61.49254964342425,0.9497836822458696,5006.837110928742,2.118362838843181,50.83834333236324,5529.824980970031,81.92754935683104,18.23817614314719,0.7496996025120529,4958.980607355644,1.9829277900879423,47.63019405865572,3153.7216171478563,345.981148172907,8.623116486127225,4.7662050260212165,3725.777115798887,1.8282836865566972,57.70835400924771,4898.256400739671,462.87117234423437,13.419020025733737,6.37647143400104,3728.5424451191025,1.8282836865566972,57.665175119495515,5568.649990846021,150.58294844957715,19.9625914038005,1.0339407914581147,6562.960903750963,1.7740503826684468,31.62207805613631,3887.8512999695076,126.13324803780147,12.192892948635327,1.1345264137071285,4861.46084239549,2.569748319069685,64.75251096406154,2138.637865318241,141.20087140629124,4.9819052574483225,1.164872442320708,4340.581670050066,2.0227431275504553,55.66321833776522,864.7445030023148,131.53284709134104,2.4233928189359855,1.472944405426444,4101.569456839128,0.9346838497929507,19.22447097758291,0.0,0.0,nan,nan,3970.9719597832113,0.4999617834394905,nan,1521.7752475425038,117.94582820877727,2.8770953524587592,1.0083379422149072,3889.426706945727,1.3261799269993837,36.87286731088335,0.0,0.0,nan,nan,3836.9685512379265,2.988795991705001,96.44909918196865,0.0,67.61526801202487,nan,nan,4363.21,1.0,20.83732430562082,0.0,79.38147323749124,nan,nan,3868.75,1.0,23.500516131444996,0.0,0.0,nan,nan,6584.094507619129,9.99923566878981,192.88987927331783,0.0,0.0,nan,nan,6547.598448104743,9.84639143755793,190.95358975927067,572.6925004099321,269.2340789754949,2.5976926503398023,2.2839285965140257,6717.284101390745,6.250596966471956,117.73476999907012,102.37252695060026,152.93132201989147,0.46237498025718027,1.2892783555792655,6730.312709068826,0.4999617834394905,nan,0.0,0.0,nan,nan,3426.0,1.0,26.53754284399528,0.0,0.0,nan,nan,3760.0901194756693,4.599375788677459,153.91644998897976,1566.032321094841,496.97696050442727,4.518380361314937,4.3950790098856904,4680.244389923272,9.99923566878981,271.0131455203778,1307.1380820830261,426.97327706944526,5.5625871657524115,3.954778730323795,5870.38315378893,9.234745445618366,199.51839229185362
STACK,0.0,0.0,0.5529721020697516,nan,0,0,0,nan,nan,8.007414399708187,0.01953420247593806,6.14628642308139,1.2958914761654654,66.66101988147162,16.598697426081532,0.352,macs0033m07,1803.5606090803653,332.1584159063966,2.086470738464753,1.0494826733801488,5007.112558387625,1.4860609687405744,33.331780786158625,2247.6284473475985,362.98595090057256,3.3504068622809333,1.5020499213539173,4957.35346424542,4.8812446865405645,124.02095625430617,725.7228403973116,426.86574949435055,0.42218921084199135,1.2508698879827993,3726.0898556495713,1.96422342770201,62.70668901651478,926.7867269285076,480.71095706498716,0.5404702472008236,1.4086556762360785,3729.5734249219413,1.96422342770201,62.65977024265171,0.0,0.0,nan,nan,6562.8,1.0,13.853480493619768,927.9910227311341,144.68426588449333,1.1741473760907086,0.525016490466721,4861.560584724604,2.4337012192683494,61.04130311006235,1937.523984229578,262.30889649040347,2.5354601577882154,1.216025789103465,4339.907880972865,2.3435477168088803,65.60069444711557,961.0473617453598,109.59422184334194,0.9074182132426232,0.41266324973687113,4105.260756255394,1.1256936139232823,27.362667023074238,0.0,0.0,nan,nan,3970.055929252909,3.500803721596051,109.99457173874467,0.0,0.0,nan,nan,3888.0823695947374,2.075759095485999,63.97059904064354,0.0,0.0,nan,nan,3836.5641450478606,3.937845910962348,128.62890161302715,0.0,0.0,nan,nan,4363.7980848525685,0.4999617834394905,nan,0.0,0.0,nan,nan,3868.585526984249,3.897370869413901,126.16636459314297,0.0,0.0,nan,nan,6583.45,1.0,13.810026928666252,0.0,0.0,nan,nan,6548.05,1.0,13.88468655302385,0.0,0.0,nan,nan,6716.44,1.0,13.536579167464883,0.0,0.0,nan,nan,6730.82,1.0,13.507659064352907,0.0,0.0,nan,nan,3424.345550157347,9.99923566878981,370.65991701749095,906.4572831276063,145.78265581715877,0.6905271109088841,0.546126104732407,3760.888303466031,2.1283045609451885,68.05321269143988,1437.238911351268,225.87200113079754,2.1852043094923173,1.0499704466802184,4686.81062351904,2.964891092704199,78.27887070274849,0.0,0.0,nan,nan,5875.62,1.0,15.473706908126772
8d36m53pt7396396s2d25m16pt72513846s,8.614927677665994,2.4213125384601866,0.3531498011062424,15.379405198363983,0,0,0,nan,nan,7.40772324301248,0.0037710219128647407,4.303633874299252,0.45988687211967627,87.94447230922503,14.190694535086648,0.382,macs0034p02a,2123.8898027513433,145.61244117251692,1.994779674404669,0.37354772249365,5006.854565012886,4.262320442163321,106.90749659308659,186.14788124421275,96.81587866590093,0.16451482770556974,0.23736581865390738,4959.416124743772,2.61695350564216,64.73695000733755,3045.079238201844,474.7367347566827,2.660467666954687,2.0891185163432007,3726.2007229453975,2.5080187629265835,82.28800777891851,6088.626822697438,931.7656147322044,5.327984305321067,4.100312143796139,3728.4577246867984,2.5080187629265835,82.22643775362816,9146.469997109585,458.0605671528783,9.169990499167236,0.8797456822477361,6562.008058187619,3.226366823660021,61.09665730746863,2659.088593301443,141.58764276952132,2.495369685646924,0.38119677690167114,4860.577711352954,2.3696496955936306,59.28774955146873,0.0,0.0,nan,nan,4342.241054457171,5.245391514045783,152.4765646119083,0.0,0.0,nan,nan,4097.718773260873,3.12336987280771,94.47761444626772,0.0,0.0,nan,nan,3970.465485505578,2.3521894229875064,72.01108938736837,0.0,0.0,nan,nan,3889.084776010257,4.1507242211319735,133.92965612334783,0.0,0.0,nan,nan,3835.017069779248,2.2706615192715254,71.70017277513293,1487.2653192506054,262.5618754452267,1.2796962738951885,0.7910285067125273,4365.014849187957,3.700270292190268,106.01729790409817,2534.2133173062593,274.0785900079406,2.0588837189779268,1.0199836875040862,3868.889419704287,3.846515857154307,124.46482418912852,3195.830317164826,1053.2605681082546,3.0092819696738426,1.8937129310463643,6582.58814842744,3.937989601971356,74.93971680828912,2.512470632362424,1087.6934546051789,0.002326868314694148,1.9341344060113088,6547.749552394157,0.4999617834394905,nan,1606.8725835433968,219.18980055502405,2.0967981679946046,0.53503714757798,6715.716494504124,3.781368257160163,70.437017503721,1380.9625525890986,288.7582562812405,1.8033635528980037,0.7037711364899968,6730.986671530814,4.282567829323739,79.91325545632284,0.0,0.0,nan,nan,3426.0,1.0,26.53754284399528,3893.8474782800768,729.7843953266226,4.1236713216883105,3.7954365509277936,3762.887542583639,9.99923566878981,337.7342754526394,574.2449913323209,99.97084779312308,0.4584045694411985,0.24423747273584562,4684.199825901498,1.1741549612201942,25.612575462704847,1038.7696552120958,242.25594675009575,1.2238045447706243,0.6200576723478486,5879.049906575523,5.0325768087903375,107.98348884611852
8d37m24pt36688605s2d25m06pt32494849s,8.62343524612455,2.4184235968031413,0.3825469970904676,47.65327011348364,0,0,0,nan,nan,7.669872934019271,0.00299853937303422,4.997793244021193,0.1995317768481729,81.13960314627278,18.63580459461096,0.382,macs0034p02a,881.8160501367955,105.71941117288486,1.2795560451264256,0.41905387783611225,5006.504269581681,1.4906839604019342,33.46498189776926,945.7346938718705,158.65865254420956,1.3105586223354426,0.609407554564214,4961.973894655107,2.784006663381007,69.17764808746615,7284.27236333991,300.5350981160355,10.670781614967263,2.217166245634236,3726.3914164332987,2.159707553232239,69.80883180522979,8009.171128933854,313.5140396406409,11.755931764417658,2.3129170289297867,3729.2274304476773,2.159707553232239,69.75659902361615,11921.055338957673,407.0730266071791,22.495252271983073,1.4711874574390547,6563.442652918372,2.7240689680225736,51.069042420649936,3425.7107888094597,98.48387574791002,5.311645964788993,0.4379091465308468,4861.774032556787,2.2093909427771745,54.8794546257529,1262.8176579051665,114.89353083792915,1.6051790967375594,0.5171176766718641,4340.934301875502,1.0733565474875144,23.866412245447908,295.66514132157465,11062.155871710922,0.32412819994052366,48.44334497437053,4102.155925252814,0.4999617834394905,nan,0.0,0.0,nan,nan,3969.6717366155035,4.24002528421368,134.1008370032651,0.0,0.0,nan,nan,3888.6863430356375,5.736312145810103,186.3773808248446,0.0,0.0,nan,nan,3832.9435153094996,0.4999617834394905,nan,0.0,0.0,nan,nan,4364.835241517687,1.5869957764945282,41.55758675660845,3481.1626860804845,930.5230000773612,3.685637950616312,4.5207922785321175,3866.0938223490975,9.99923566878981,328.2406140748108,2565.831212704515,914.5060088391181,3.8106302673658052,2.5927108473941227,6584.049282290345,1.88281544624129,33.79983798243992,540.4211761446476,268493750.884917,0.7857719193142292,749405.647645037,6549.051758842847,0.4999617834394905,nan,1770.7498740798085,220.66486963959218,4.293989330086419,1.0008196808161491,6716.78271973311,2.5639966721477774,46.75426773470186,753.095443655394,1970482.5248938845,1.7509906998526699,8553.06578704704,6729.139899488746,0.5813992651122898,nan,0.0,0.0,nan,nan,3436.0,0.4999617834394905,nan,0.0,94.92561141524862,nan,nan,3760.0,1.0,24.18021855944889,0.0,0.0,nan,nan,4685.209287109112,5.581935724151685,150.46418108903887,1158.2390924442648,210.09791614041572,2.418157532051322,0.9535394444485302,5876.17226880477,6.637444528986879,143.01496250181924
8d37m10pt15434495s2d25m24pt52506028s,8.619487318043038,2.423479183410281,0.3877289964241779,31.786767366563463,0,0,0,nan,nan,7.396852767257873,0.0016693050836242092,4.169538584398102,0.21757808932481756,97.49528764810636,16.9217745963455,0.382,macs0034p02a,1692.3697172808402,173.10049377639217,1.334101595677033,0.37274702980178537,5006.586835901064,3.8665293884974954,96.69057785609947,518.1410534645274,149.16714882180233,0.3983110113690816,0.317833631890596,4962.0058335432295,3.359236963284283,84.34852146892788,7991.469617527527,419.74274034389447,6.652730349995653,1.759928325923893,3726.2413764581693,2.426999577366225,79.40112550164329,6685.7662645611435,410.1657481386313,5.575778699321284,1.7197732065157865,3728.818317358499,2.426999577366225,79.34171551667498,19127.5375387848,804.9755336574322,16.936447209840267,1.365335845628632,6562.373394367823,4.156291663453877,79.47515479114773,4050.2675082624005,147.83743683674294,3.31766599786528,0.34736857757362993,4861.00402933938,2.9364228316428322,74.6830459521814,109.04452412563595,6.783788742210461e+139,0.069428931322059,1.5301407133044876e+137,4339.896225475954,0.4999617834394905,nan,0.0,0.0,nan,nan,4101.795645527379,3.0058232194444416,90.73007354425135,0.0,0.0,nan,nan,3970.821550756858,0.4999617834394905,nan,0.0,0.0,nan,nan,3888.89185765855,3.078637200898,98.14090010249936,0.0,0.0,nan,nan,3835.674785169959,4.637438181506687,152.1688008402421,4791.840049411266,799.7187478497594,3.2584253402857453,1.9027926698643507,4366.476505600719,9.99923566878981,291.0428046557292,3939.8900986308504,385.76834380023445,2.5625328123003377,1.148066243783612,3870.6153798129426,6.746982455082176,220.8268269497417,4004.7431055769916,1536.2536348927313,2.8819053697097443,2.1107452501085073,6583.043846795352,2.9394575958119935,55.20764108206373,0.0,0.0,nan,nan,6547.438320145949,0.4999617834394905,nan,2686.432956099558,409.20578054694124,2.8989646506024753,0.8261071201902043,6715.114081718014,3.917151591101327,73.05444889581182,1382.8181329649958,289.0773370214511,1.3661243815477657,0.5330198686485242,6730.855212880262,1.6807907450100712,28.90305802252907,1043.78593763723,269.00484006819414,0.7845575778767253,1.2853496751750597,3427.528493714149,0.9216014973519262,22.275837131970263,2411.329420542258,294.3272435553752,1.6537736529340494,0.9955021546927681,3756.7120194521217,3.3231095493448928,109.99280502249442,191.03215596034946,230.46433315091642,0.13476144999636736,0.4976205458744879,4683.911281525901,0.4999617834394905,nan,3129.8173330105687,490.3145705557005,3.082752247748771,1.0509613326845897,5871.180255525878,9.99923566878981,216.12712798001303
STACK,0.0,0.0,0.3744752648736293,nan,0,0,0,nan,nan,7.220184469169488,0.0030713064118147422,3.387011140953728,0.4196481501394806,92.59053455509166,16.278541667468485,0.382,macs0034p02a,1388.2252080468704,354.8576640799263,0.4565208880161353,0.31885203785373084,5005.788574857336,3.922487140805759,98.1369865289515,0.0,0.0,nan,nan,4956.266666080322,7.702377923040507,196.9248990135171,4962.353157833564,613.6942743268897,1.612512912652183,1.0036589497758706,3727.296445268215,2.887105917135294,95.70257861456318,3128.6980314969833,478.444761222012,1.0190733395302514,0.7824667536625434,3730.685785253944,2.887105917135294,95.63097145885853,8656.574414029921,598.2448269853799,3.6538896704256096,0.48374601446956195,6561.860531904647,2.9832090753717426,56.254832580130575,2798.714265435869,237.65674509457725,0.8826865039633298,0.21503711881888926,4860.620042304742,3.111795743394194,79.40410378034468,1748.6705962615904,48451972.6352985,0.4786634550241499,46994.97417850447,4339.428882578741,0.561071118093619,nan,4188.488822385027,346.9832051252929,1.0607109865392943,0.35079552635416034,4103.3075989294175,3.0449887684109904,91.97960771281988,0.0,0.0,nan,nan,3971.4697159306384,5.438872877831799,172.95995761516429,0.0,0.0,nan,nan,3894.0999312293275,4.958823186865814,160.7038208640476,0.0,0.0,nan,nan,3835.3860817969785,4.6029014973677045,151.0090204070663,0.0,0.0,nan,nan,4364.880459754174,0.4999617834394905,nan,6345.6745855980935,767.8361513786379,1.9181618733035688,1.0599961637985948,3873.6278841616318,9.266277774897342,304.05691357240465,3696.5316522844614,1213.7173337647175,1.5452094911656857,0.9688124343592578,6582.150605613138,4.46699153207012,85.3150469770865,960.871481527227,919.8666462656968,0.40297348512497916,0.7407423507244986,6547.436456809945,2.5448169975684958,47.5688598084233,0.0,0.0,nan,nan,6713.839519234121,0.4999617834394905,nan,22358.99952496965,1683.225258887264,9.001152014027204,1.264937559608653,6729.668522420108,4.825006461832457,90.29708159685617,0.0,0.0,nan,nan,3426.0,1.0,26.53754284399528,0.0,162.7501462647122,nan,nan,3760.0,1.0,24.18021855944889,1506.3747638156042,154.6462490820512,0.43837206316242094,0.13771485971706143,4684.533000734415,1.4795163345685756,35.414655962207455,0.0,0.0,nan,nan,5874.886925059758,1.9628473446468162,39.733593205947805
8d43m55pt93713655s2d33m29pt99165659s,8.732204760152287,2.5583310157194243,0.3909780116823054,37.84063307417366,0,0,0,10.021295886916315,0.05173567880828125,8.082299971573608,4.831148353156761e-05,9.796540408435709,0.22122408040005703,56.20595073372813,11.074725115145894,0.38429,macs0034p02b,15967.498049557325,144.3394845965014,67.15473040088763,1.658105085653663,5006.836695407092,2.207115604854901,53.22353304633202,5315.313109796867,159.86484651612224,23.70650193335751,1.9782670305445573,4958.938777844413,2.240357302651596,54.63708771638537,14445.334904350617,323.3369243745473,24.420485717122727,2.7534612202630804,3726.048692410994,2.102592699433947,67.74268590491637,20832.596329620428,414.7591881235034,35.2876541942216,3.531991721808327,3728.8618336563277,2.102592699433947,67.6919990673445,13191.17051494465,204.28646588582282,187.65123794043976,5.5663731716164,6562.791269125763,2.618158630472998,48.940076264190374,5773.542499209345,116.76076380227742,18.9209318404847,1.0975232077403563,4861.271376212865,2.148360887403702,53.19168850751438,2702.5463437728567,158.95124648685996,6.7278712963014815,1.4015401152730345,4340.315184074658,1.5615613997326165,40.94251612248253,0.0,81.17602204686499,nan,nan,4101.73,1.0,22.16567686891332,105.69325044099331,395.2403960157812,0.1947584166031429,3.131546563543784,3972.30023001777,0.4999617834394905,nan,530.7511625704553,362.72552068359903,0.9224809881246384,2.852319429871762,3888.5650973483657,0.4999617834394905,nan,2101.275228252818,185.09304340159304,2.851816970275297,1.175432615264959,3835.672209599459,2.192209768894743,68.95760172231053,31.923831549222665,330.83130090013293,0.07360809615708652,2.673347272504967,4363.04232572072,0.4999617834394905,nan,2925.3290936233943,230.35027815132028,4.9457957553434,1.7838472105525909,3868.969405804511,2.058252105303821,63.694141028781566,219.86367598938338,120721.67510814751,0.6466783836167278,677.8046640126713,6584.258307562534,0.4999617834394905,nan,0.0,0.0,nan,nan,6548.305867793314,0.4999617834394905,nan,2549.070600382089,331.84647763382463,274.995363144599,66.96738900304527,6715.804826204386,2.6257905078756387,47.970672303986056,0.0,0.0,nan,nan,6730.82,1.0,13.507659064352907,0.0,0.0,nan,nan,3427.6102196358243,5.987563311884591,220.97205971740678,3094.08101644021,203.42650296203507,7.2639052904553045,2.355126880860363,3756.79260689578,2.079334572895208,66.29493662969226,0.0,0.0,nan,nan,4686.319864758176,3.5551980255395055,94.70400775597264,682.9871006259917,95.58462830198768,5.266278938474771,1.6023872952285252,5875.549686452058,1.4321059376678642,27.070771486524784
8d43m58pt33951374s2d33m32pt39167439s,8.73287208715128,2.5589976873294926,0.39170222134730537,36.5364302156818,0,0,0,nan,nan,8.03841465857057,0.0001287159080073382,10.086389181025678,0.4807860818984704,98.3645623698219,18.914736716978567,0.38429,macs0034p02b,8290.556388997124,122.92268938317449,27.692614061098546,1.121500339152733,5006.837285818244,2.4803056307978797,60.503566749189055,3089.81597454836,154.20116227320335,9.512029777416505,1.317131393524169,4958.886296515702,2.6420247205106233,65.40470008614352,12986.897492384283,785.4927347134882,20.859902743634866,6.355553672525634,3726.024393069919,3.049192453172996,101.40159754520378,18850.472132077157,1241.945382469257,30.332423016969607,10.048788725598891,3728.5908209953122,3.049192453172996,101.32572623547279,10875.663317628587,219.16911618457078,82.82083975820986,3.196952534519276,6562.670926917934,3.109943625858637,58.78093989679055,4284.758520849791,141.7960189928362,14.150594769138099,1.3432238960192262,4861.143393898299,2.426902554250443,60.85537813460842,539.4113566973624,230.05607297695698,1.3149315259160304,1.9864053808964808,4340.246180204964,0.4999617834394905,nan,201.3887262111617,822.5558885557734,0.35554507435771476,5.801698793463233,4101.933148021954,0.4999617834394905,nan,302.83904295937384,300.4343115534091,0.5042362808650147,2.153577386246223,3970.1977768673923,0.4999617834394905,nan,0.0,0.0,nan,nan,3892.257595925937,8.440808236838452,275.3618614915675,0.0,0.0,nan,nan,3837.0592393632064,2.548444835535279,81.3379664110914,134.26821522542286,5.092781651860904e+59,0.3064337955807101,4.080898078890625e+57,4359.071270681296,0.4999617834394905,nan,1716.6581719942333,197.20165733653891,3.6603904231547455,1.9272379878135841,3867.9744235983203,1.710243495007847,51.349450867267585,0.0,0.0,nan,nan,6581.158714142906,9.99923566878981,192.88987927331783,0.0,0.0,nan,nan,6550.497682094019,9.99923566878981,193.93267853817915,1796.645938984019,276.4014182069297,57.58919649917378,16.5721165254902,6716.164575773877,1.8490147453392731,32.439400111521294,0.0,0.0,nan,nan,6740.82,9.99923566878981,188.66659273341497,0.0,0.0,nan,nan,3427.397741502043,0.4999617834394905,nan,5816.854974677188,369.8383597707757,11.244414077922324,3.509510820762678,3763.482882958148,5.59210164988145,187.8541246780246,603.5429212740933,4376313.646151891,1.5827435331044617,35133.02177338899,4683.496374847679,0.5383592533268144,nan,330.83715241765685,70.92241301778448,1.8380377657583642,0.8566051328323869,5875.885855963579,1.1618973158959804,20.093697535179793
STACK,0.0,0.0,0.3913401165148054,nan,0,0,0,nan,nan,8.064391630644984,0.00011043585591631365,8.83052347704409,0.3089865833889112,108.15680853530085,19.383576065902925,0.38429,macs0034p02b,24598.551971676694,498.0117765071344,46.32931486927046,2.5614855112945847,5007.415491996232,3.808068282695851,95.17870341162478,8560.148906504306,292.7978265494526,15.242627330672521,1.4462660011427968,4959.574782041873,4.037092655969401,102.07439745524958,23068.929946897137,1180.1147295058054,20.583243385514113,5.3025132154204115,3726.463397628786,3.148989434609816,104.9019223640795,44926.96986539008,2240.779387110113,40.1684717861949,10.068311170023891,3729.406567930896,3.148989434609816,104.82343202037941,25763.396730898206,828.2161042011413,160.2829077911809,9.86760738875778,6563.954410890949,5.507254541200094,105.96736765313652,11455.108063913836,272.2647636435124,19.978077815314034,1.361603635175292,4862.009705976204,4.300566760169187,111.1227356756415,3722.5503735185475,279.3509326860254,4.585809233749183,1.2186016189915347,4340.810245430725,2.7599028635929193,78.30374698641812,0.0,0.0,nan,nan,4100.137107580344,2.280214080574659,67.35620414461464,0.0,0.0,nan,nan,3970.1525086317724,4.091312241212426,129.26318317384857,1549.2307128019108,340.83196703159354,1.3556858163654182,1.3493087064506024,3888.6591602476306,1.8590648384845807,56.3784128935871,3391.118196562844,368.16892527449085,2.6196990645985934,1.3317599010695247,3834.601163487914,2.776542374663491,89.18595715419353,0.0,0.0,nan,nan,4363.655516962639,9.99923566878981,291.0428046557292,3523.791277304441,258.1523618410526,3.283288278815272,1.101404428487579,3869.462498643814,1.3067588605458609,36.31181613559671,0.0,0.0,nan,nan,6584.959881542792,0.4999617834394905,nan,0.0,0.0,nan,nan,6546.752769226897,9.99923566878981,193.93267853817915,1388.6247967721374,311.9419168026299,8.963659220658649,3.766692659531503,6715.75297552762,1.3700756724342054,22.32435272192945,0.0,0.0,nan,nan,6730.82,1.0,13.507659064352907,0.0,0.0,nan,nan,3424.9487687663045,4.191091353748289,153.55328584691438,9267.706966198157,1189.9595244140148,9.885480224145539,6.235179003901183,3762.450706885941,9.99923566878981,337.7342754526394,0.0,0.0,nan,nan,4684.853760892404,9.99923566878981,271.0131455203778,0.0,67.70663499035071,nan,nan,5875.62,1.0,15.473706908126772
24d31m02pt27310359s-21d55m20pt2923582s,24.517298084329358,-21.922303432833232,0.33173262534725456,15.226398507443978,0,0,0,nan,nan,7.96479232418619,5.2108497331413936e-05,10.713574722468815,0.2777628455638578,137.4394594540715,17.06172171006863,0.338,macs0138m21,23796.45096278128,438.2466138246102,44.65253239078475,2.2462442860259446,5006.713060406375,5.291064080681233,133.35457677870068,8396.885399005236,146.78242055154436,17.346735984772856,0.8413669900360493,4958.809755022675,4.766878228442894,121.0534126349374,153710.1199339586,1930.706101809248,147.57352918633438,9.320835601279702,3728.569919343294,6.304443426245651,214.07684338824916,61402.05576049601,1883.1839364259913,59.16653516774647,9.091413686396294,3733.82,6.304443426245651,213.91666553223752,45868.369241105414,1679.1356242216716,56.2736447999675,3.945309555474982,6563.6732056368755,7.4404463691575415,143.69519562906868,23083.379587355186,541.2272234665451,41.889972647066486,2.816168094635932,4862.250626045508,6.5444445038355115,170.40488489162564,12568.590407804764,319.4527890739911,15.360272781332368,1.382036100255394,4341.477503232766,6.307393734865224,183.85947129166132,1730.9402296682467,155.49041196914862,1.5113834557519374,0.5422849336256093,4102.352173878441,1.6742127066000916,47.204414704552626,5360.279765382956,315.1712840406521,4.847556972600739,1.2256486338158048,3972.1626950572163,6.370542983217057,203.04973521388024,3454.366333444522,251.5169981311231,2.447831068622141,0.8057842664954794,3889.726788918544,3.284100254206764,105.03599261944437,528.4847109940384,117.43771358127447,0.39817425982764265,0.41436929342991535,3834.356437794546,1.2667030256490748,35.04285435462774,0.0,0.0,nan,nan,4362.743178098615,9.99923566878981,291.0428046557292,5400.715005691017,417.6047634430153,3.84565930777365,1.361699363659734,3869.3738666101226,7.565245354938087,247.8838422171487,0.0,0.0,nan,nan,6583.647557162604,5.9758753573086185,114.76535661822074,0.0,0.0,nan,nan,6547.8370045069205,9.224005328267456,178.8201037794604,7454.338988255652,2422.0488635936485,13.25022407088756,8.045912729420708,6722.013141945978,9.99923566878981,189.07053077254085,7949.562423110821,1093.869735521033,13.223541910597824,3.3946093913058975,6733.703697671962,7.315612092739658,137.7362848048508,0.0,0.0,nan,nan,3426.0,1.0,26.53754284399528,0.0,0.0,nan,nan,3759.946196728037,6.838898535730667,230.3426244886992,966.4412617834629,198.49314066317692,1.6576309100324726,1.041819330542686,4684.51527090475,5.884275078367841,158.740723315888,0.0,98.66131805249731,nan,nan,5875.62,1.0,15.473706908126772
24d30m35pt75502313s-21d55m44pt49235452s,24.50993195086999,-21.929025654033342,0.33346293128152293,21.274355039228844,0,0,0,nan,nan,7.966916083992657,0.00016003685255767388,9.421121376208255,0.5925128865539404,142.35104585683774,22.11622712596541,0.338,macs0138m21,22017.429892873144,343.5388216666282,2.172112429980835,0.09257280659979197,5006.802722062635,5.858097175263073,147.88800465857423,6966.910955947485,426.62453624231324,0.6536653890174202,0.11104497099148057,4959.324388226746,5.689769697993956,144.9638137418852,90434.16375707932,6252.59424268623,4.975681694572989,1.7326551593696184,3726.2634370948167,4.168282120201294,140.39825470882352,98238.63608138027,8713.542984154596,5.415525537740924,2.4146081805235147,3729.0291566398387,4.168282120201294,140.29320508705644,99963.04433871922,5751.534497702802,13.550321738803222,1.4932764174203381,6563.055257687518,6.694893525627373,129.1607354172213,23103.1033351235,901.0710772726619,2.253887597652429,0.252136556068123,4861.283235772934,4.71846832238093,122.20146704415906,0.0,0.0,nan,nan,4340.680115305901,0.4999617834394905,nan,0.0,0.0,nan,nan,4101.656596553396,0.4999617834394905,nan,0.0,0.0,nan,nan,3969.971317135778,0.4999617834394905,nan,0.0,0.0,nan,nan,3888.984912746967,0.4999617834394905,nan,0.0,0.0,nan,nan,3835.4285045121073,0.4999617834394905,nan,22702.234175972502,4930.394101590102,1.5442239633465065,1.1733329802344403,4366.729692681095,9.99923566878981,291.0428046557292,74996.97083433944,15450.944506746926,3.727477769983688,3.5307003046879153,3863.065284460175,9.99923566878981,328.2406140748108,0.0,0.0,nan,nan,6583.094612186987,1.515222445604764,25.987001608545565,0.0,0.0,nan,nan,6544.495750255875,9.99923566878981,193.93267853817915,8468.336917041943,1205.4994319818195,1.5992190952147505,0.4259290737854434,6714.61206384004,3.4065352694438986,63.19292580841747,14015.751654436446,1927.0639913131963,2.7430318957352258,0.7039002278440353,6730.911837896711,6.764060653692774,127.25192199632696,0.0,0.0,nan,nan,3426.0,1.0,26.53754284399528,19777.096819726972,2760.6780159864466,1.008035331388816,0.6919345924750038,3760.94778920748,6.326545430829964,212.89574334704471,3081.367551132285,636.6515637302657,0.24039434240948057,0.15176185390236424,4688.439888089058,9.99923566878981,271.0131455203778,7178.303215597252,691.5730360163664,1.149433851408633,0.2408063021207004,5874.689319608157,9.133532775251835,197.31896637193304
24d30m37pt04859018s-21d55m45pt69238209s,24.51029127504925,-21.929358995024447,0.6515907327578208,21.47030132664267,0,0,0,nan,nan,8.16343186466654,6.24370479486551e-05,11.51323554316846,0.5423906311657939,58.932613769686796,13.272682444513437,0.338,macs0138m21,11163.248538916061,104.74050925854306,2.7999733176302706,0.07175720885231784,5006.833882979474,1.8403824656477712,43.27868778937701,3641.8095702939822,119.95167733708675,0.8837829459457927,0.08076617910270328,4958.92826270337,1.9088857531900179,45.592868076934536,4528.532028491747,136.7015175199434,0.38891443469708376,0.05913979635670036,3726.006204739597,1.6764517729158297,52.04829811124338,4857.0990947748805,135.25046921775615,0.41799700537182594,0.05851204399043588,3728.974078722833,1.6764517729158297,52.00935422236423,0.0,0.0,nan,nan,6562.8,1.0,13.853480493619768,2101.119979850543,96.57935690107739,0.47559674398784135,0.06270166272278933,4861.336716473909,1.3657089840611922,30.71034207253688,1537.9311411408694,126.59375881708766,0.23709976203672964,0.06912316926163414,4340.413109416446,1.8397622485571763,49.9034862472642,0.0,0.0,nan,nan,4101.008661566657,7.798754542954243,241.08191509216041,0.0,0.0,nan,nan,3968.852024391603,0.4999617834394905,nan,1825.5751443290244,291.61886849418386,0.1883281332613143,0.13617212455078628,3887.815427431241,5.230673777785717,169.68824180162866,1216.2921404726096,128.93873183902528,0.11722947084274145,0.05812372995781521,3836.3753823081684,2.0843423091793,65.16814731796006,0.0,0.0,nan,nan,4362.061523546808,4.3538549440217365,125.38451382439104,2157.3879894400447,92.99170135445563,0.2152152948463883,0.04249450555600106,3868.8376213106794,1.9294713144146949,59.16784222588116,0.0,0.0,nan,nan,6583.45,1.0,13.810026928666252,0.0,0.0,nan,nan,6548.05,1.0,13.88468655302385,0.0,0.0,nan,nan,6716.44,1.0,13.536579167464883,0.0,0.0,nan,nan,6730.82,1.0,13.507659064352907,1704.826569307388,190.22557505020433,0.10562162736170769,0.07505187463603752,3425.483551381065,2.1817092385583368,76.78602643572997,2903.4528484165917,228.55707205668577,0.25877155469329677,0.10010155114929564,3761.933148846556,4.272235417308799,142.6990268306968,191.19658417817502,2520989.559685406,0.03768935513700269,1518.8660877066945,4687.660918208171,0.5015204871479552,nan,0.0,0.0,nan,nan,5875.62,1.0,15.473706908126772
24d30m57pt53061573s-21d55m48pt89244417s,24.5159807265927,-21.93024790115726,0.30889541782183505,22.605383488620408,0,0,0,nan,nan,8.077628642257876,4.948228412904312e-05,9.775235019169354,0.20653124624116112,92.27744212176971,16.136052896609502,0.338,macs0138m21,16307.613963970616,115.87045840172259,28.0017821320661,0.5434412426775729,5006.854821030017,2.4419275239159073,59.4856741540614,5291.193660547624,93.79310216004342,8.10523734524054,0.3986390861344891,4958.913873887553,2.578771477701254,63.719052032484726,15587.11913936103,397.2505534462897,22.577835172822486,2.899269604229507,3725.6839919862628,2.458594565028732,80.5279116951451,22298.876573036127,531.1277127585132,32.36479707856554,3.8763506311210163,3728.5649343471623,2.458594565028732,80.46765861947252,13840.213917798948,145.45768660412674,20.11807904034704,0.40500315795172853,6562.597724483017,2.696008768172357,50.5055881920589,6085.255568819059,108.13803618390789,9.262117710051044,0.47211408442095026,4861.136950807476,2.3195192901522366,57.91217055220525,2279.8961237749877,144.17741185400578,2.87830463166032,0.6447143056316607,4340.259645051431,2.1174116997797454,58.613868294051734,0.0,63.94001653071582,nan,nan,4101.73,1.0,22.16567686891332,606.212855168016,1.2161782746275405e+81,0.6235094836895441,5.388383920115833e+78,3969.207642273247,0.4999617834394905,nan,439.1863390322749,266.1718146727117,0.4034453919319766,1.1060253234806767,3888.8838557857903,0.4999617834394905,nan,0.0,0.0,nan,nan,3836.692291079186,4.731445223147438,155.32465534157762,0.0,0.0,nan,nan,4366.93096836411,7.491435224483138,217.62944024601606,3344.1071597071905,194.46397997435955,3.1009007345094193,0.8261714999764741,3868.5480646385085,2.7233304936487124,86.60643066643087,0.0,0.0,nan,nan,6582.754851394047,0.4999617834394905,nan,0.0,0.0,nan,nan,6548.955434848997,9.99923566878981,193.93267853817915,1921.879364229995,250.0781007522562,2.771161009187163,0.6744283581372222,6716.696390990581,3.0173681931320195,55.633854418172305,1729.985325053646,265.119901370505,2.61944126232297,0.7492686248224959,6730.472719266192,2.7257463830356405,49.82704618771155,0.0,0.0,nan,nan,3426.0,1.0,26.53754284399528,4864.797923469004,408.2297782843427,6.13281846447834,2.534876756234936,3758.515729381463,7.74102809095236,261.0302535693579,0.0,0.0,nan,nan,4686.774399119203,6.1660447575112896,166.44864336343366,1269.3989359262036,199.5803907132916,2.8011345459505255,0.9577606293274689,5874.30366693455,7.379784642669352,159.1806968521269
24d31m00pt33295145s-21d55m27pt09239796s,24.516759153179958,-21.924192332766825,0.3445782434349487,11.268383408376957,0,0,0,nan,nan,8.130102047478518,0.0002800329481571722,11.163567546150478,0.815333795782226,107.08455574212391,21.382446757497128,0.338,macs0138m21,7045.254115752577,77.052367131285,4.720912353563866,0.1410265833143491,5006.846951901478,1.9778619540231086,47.0365357359295,2626.1554861646277,86.50872667114635,1.7045700083933117,0.15579350880319304,4958.926848750755,2.047592485381048,49.400597626216204,4373.091236461745,630.7629254747936,2.2934119691011405,1.6682865669013287,3724.355714227294,3.347854354375218,111.86033535949942,4724.4844655785255,708.0139352519302,2.4839924872101604,1.8726055220678057,3727.9890649397985,3.347854354375218,111.77663855041423,2598.9552673575067,167.47988754676044,2.6340164215959403,0.3251490617102702,6562.277970032008,2.1982251172313036,40.42298721327181,1681.2712626466407,88.06475651076904,1.0651517292012516,0.1600279033979106,4861.249873700731,1.804113762713736,43.545352951202204,377.6946277732394,131.42116031209585,0.18461846276789645,0.22739972506122083,4341.526784637215,2.617026620689899,73.96321335593112,2810.3186319520983,483.6430518065939,1.2433596654667498,0.8572966872502321,4096.712128488493,9.99923566878981,309.59640827210086,0.0,0.0,nan,nan,3970.5463892205044,1.834868109108044,54.38937904409932,5555.881810030835,601.1239881792475,2.5792450065234207,1.269298284782973,3880.0915718594497,9.99923566878981,326.52642944617054,878.0765425214443,245.03976324917022,0.4301549525182612,0.5612866606492315,3836.7864904953985,2.432069463643305,77.31266792206156,0.0,0.0,nan,nan,4363.1353966942725,4.117678302008189,118.39717824067112,9844.48346042605,1585.3028575761637,5.131254100977502,3.7685463435148034,3875.807942607359,9.99923566878981,328.2406140748108,0.0,0.0,nan,nan,6584.431017740467,0.4999617834394905,nan,0.0,0.0,nan,nan,6548.867984415805,3.2527104556549604,61.75886014269619,235.25848971876022,167.62596095814425,0.24704431833998003,0.32931727025518953,6714.869254933068,2.2684860009089136,40.900787082109396,0.0,0.0,nan,nan,6730.953211296138,5.329532393905381,99.93218480006266,0.0,0.0,nan,nan,3426.0,1.0,26.53754284399528,0.0,0.0,nan,nan,3760.252522078949,0.4999617834394905,nan,0.0,0.0,nan,nan,4684.897780453721,6.843132058518318,184.952895279053,903.4568901267082,244.85326183644324,0.8409206122704699,0.49534725519742234,5876.975942209552,6.601193475036867,142.2250626443068
24d30m58pt17739765s-21d55m47pt69243466s,24.516160388235388,-21.929914565184216,0.3087744999888289,21.758663467546537,0,0,0,nan,nan,8.060814161533012,8.623146132077267e-05,9.842528257544695,0.29915708410773584,63.553478464237166,12.262199437656296,0.338,macs0138m21,7800.608588346703,111.61165337792232,30.61068292327186,1.1962962731826063,5006.8544177752565,2.5957679348519624,63.55799147669558,2161.6304660701944,110.12884094347115,8.74273937289391,1.235756630269066,4959.1300022500145,2.412218903100183,59.26406874431527,9135.78884172343,359.7825741849842,34.12811031109105,6.770698326446437,3725.9492556871214,2.5287242049283067,83.02448932927,12186.45264062774,467.6908907170989,45.61334713429686,8.801409957794073,3728.7481364280657,2.5287242049283067,82.96236824934962,7905.237693569479,143.39676876016344,54.28729789546318,1.8862209844670015,6562.714865451209,2.8466379319247714,53.52561135843563,3178.5004541680896,74.06290194931515,11.816743029033287,0.7897644285676164,4861.240365608004,2.1861303177172164,54.23682913141637,2053.859538733134,154.78011593550372,6.308632177650485,1.6839203664557394,4340.291405451346,3.089220942720047,88.2531756119921,271.79969329087817,159.15738157836043,0.7498565786784037,1.754738089808681,4101.39946580456,0.4999617834394905,nan,380.3606117963406,86.45621682029939,0.8381722048947654,0.8197938240386597,3971.0460583893173,1.1172754161140699,27.924505805999626,1251.856345790977,999822.1013348541,2.8245798734939425,10192.980003118586,3890.6832447133716,0.661624051321544,nan,0.0,0.0,nan,nan,3832.0281288173364,6.758628311011896,223.13564501367648,0.0,0.0,nan,nan,4364.634748142178,3.893116551731245,111.74239653013221,0.0,72.95117572145291,nan,nan,3868.75,1.0,23.500516131444996,0.0,0.0,nan,nan,6583.752383857813,0.4999617834394905,nan,0.0,0.0,nan,nan,6546.5762081795065,0.4999617834394905,nan,1479.825387219687,258.4080623909897,12.273490823957898,4.0087060971963755,6716.450872833054,5.059855353812477,94.98732744798738,675.7690995022722,167.37727338164308,4.623265987888567,2.1372350751943427,6730.838597074198,2.3105203525305846,41.64845495732875,0.0,0.0,nan,nan,3426.0,1.0,26.53754284399528,286.7476199202837,268.98907659122216,1.2802712592122552,5.919904170345864,3757.4339656830957,0.4999617834394905,nan,0.0,0.0,nan,nan,4687.847047671244,0.4999617834394905,nan,486.32912182698107,117.275416297794,3.0062435727403707,1.5763991345877608,5874.714163427477,2.2401627623591973,46.10821125999249
24d30m53pt43392294s-21d55m16pt69248821s,24.514842756371863,-21.921303468945958,0.33143147347546886,12.036739331093662,0,0,0,8.178852397081144,0.08917724525637914,8.01859731135325,0.0002517645056034959,17.038667576986217,2.7500165676439847,82.09869108764951,14.868574450216173,0.338,macs0138m21,2508.751252786559,79.66547479219989,64.41413591704135,5.587001278847426,5006.85183176377,2.3146903302213087,56.10030752270493,1074.4918525321455,62.83448268856875,15.107412094069582,2.45117992649211,4958.960440701522,1.9025556144630622,45.418140260215274,7657.036694773859,742.5001348558186,48.63396938616923,23.728633707994383,3727.6968025349643,4.508106091635537,152.16370083882293,5004.302174405918,876.5743812420135,31.864201760304944,28.01334495965117,3731.266601617121,4.508106091635537,152.04984800459107,2779.4479624139562,192.33281093477032,47.887975825539066,6.346683756202928,6563.355644676419,3.4330927435820504,65.19864489791532,953.3950880313969,138.19136250364622,10.035400487150007,4.17158530540582,4861.655424056603,3.194569468277149,81.62729492249044,597.3107895816652,98.04047989559551,8.197945446695423,4.767156492531742,4339.764331612487,1.9254040043057474,52.609592739186546,763.2184474351723,566.3100571923445,10.292690612715129,30.520242115797277,4101.410616195419,0.9420724815976044,19.5688264884813,0.0,0.0,nan,nan,3970.7234588732617,4.1167665364116015,130.09157501660292,1237.8581956019264,806.4562644409922,145.33468417188385,428.12070451080587,3889.547437058062,9.99923566878981,326.52642944617054,0.0,0.0,nan,nan,3835.527562941388,4.350384297034458,142.52262799321093,668.5858981408306,79.54559585842362,5.851651699660069,2.443068055593346,4360.258450585021,1.4181400045068808,35.98642911441178,0.0,0.0,nan,nan,3868.852066687971,4.9186301691131105,160.2113437483204,0.0,0.0,nan,nan,6579.318951104899,2.0167970609674737,36.576105468499236,0.0,0.0,nan,nan,6547.572963036112,3.6619401311734494,69.88419714245828,499.3294505660282,235.68775733928123,12.158864241371695,10.735001960033312,6716.163285718066,0.9892648599732441,13.250142615867682,734.3151685597913,170.33493864402809,15.15350850095843,6.5571507353771,6734.304495433898,5.020930561339601,94.04094490661741,0.0,0.0,nan,nan,3426.0,1.0,26.53754284399528,578.6303869419237,143.45193001683356,11.494940649502837,14.013418333389646,3760.960880918375,1.301187530204202,37.13847016129273,0.0,0.0,nan,nan,4685.981273680034,3.3433225275946685,88.82487895959653,0.0,0.0,nan,nan,5874.784021442616,4.756657307450681,101.94285192448734
STACK,0.0,0.0,0.37292370344395426,nan,0,0,0,nan,nan,7.976384176709629,0.0012088124874496762,19.76479333801786,6.690728697119426,180.2439749055395,24.398232609656986,0.338,macs0138m21,58955.098924442485,3002.182038414183,3.2026786519542614,0.4450812536269216,5009.52431170917,9.99923566878981,253.6292103805842,21742.953110862498,1167.6194347876956,1.12699363682188,0.1678700202261864,4959.803680286462,9.99923566878981,256.08064588829484,175677.48739760823,118742.04696328702,6.225528357740437,21.145332690935586,3729.503897002136,7.47809748617047,254.38803381476396,293040.236169325,139596.57457841936,10.406211168666385,24.859062880129805,3732.497880742505,7.47809748617047,254.19769407877698,182774.19205245454,22672.632434955336,16.376080558406457,3.886822073018663,6569.544465803754,9.99923566878981,193.49681168128302,27797.69897949953,1595.0347303780636,1.4522684962843833,0.23859807384067055,4866.278904077607,6.530386900052003,170.03461089917417,0.0,0.0,nan,nan,4338.405431763303,0.4999617834394905,nan,0.0,0.0,nan,nan,4100.770577857283,0.4999617834394905,nan,0.0,0.0,nan,nan,3971.533707117455,0.4999617834394905,nan,0.0,0.0,nan,nan,3888.9753629905226,0.4999617834394905,nan,0.0,0.0,nan,nan,3836.799515388782,0.4999617834394905,nan,55064.05351888981,9563.244554914518,2.1795661475623693,1.3204078115769853,4373.21,9.99923566878981,291.0428046557292,106999.04232520639,20506.101499471435,3.007120356296104,2.6411839698325874,3868.1073162468674,9.99923566878981,328.2406140748108,0.0,0.0,nan,nan,6583.394081648478,6.024874208785675,115.71940616227839,0.0,0.0,nan,nan,6547.836723500327,7.307949012593704,141.43112085922291,0.0,0.0,nan,nan,6714.818810235013,0.4999617834394905,nan,23245.706383021356,9056.133193341348,2.3317979705988128,1.6946113283016713,6734.329202295175,9.99923566878981,188.66659273341497,0.0,0.0,nan,nan,3426.0,1.0,26.53754284399528,28171.404960467826,4807.110526362497,0.8436385044562755,0.7064113435818455,3764.02549767186,5.781360696170429,194.31138243629007,255.29909437764542,551397.7094566962,0.010963747353489142,72.45130793465594,4684.892738139324,0.4999617834394905,nan,7350.039747232808,3674.996200201376,0.612911710679806,0.6657363092987922,5879.350252253617,9.99923566878981,216.12712798001303
28d07m06pt27061441s-28d53m28pt16925471s,28.11840850400225,-28.891158126309538,0.6380541441955105,50.200829660445535,0,0,0,nan,nan,8.118189055608786,5.029130924424499e-05,10.348044648081473,0.4865523311469691,74.44875701246114,18.790892750067542,nan,macs0152m28,10767.626232220191,104.88980738934222,120.63236198665824,3.209690655305062,5006.844767114408,2.880226447754079,71.04038653126325,3681.1646559713895,110.66157984600004,41.5022469191619,3.4616009094962465,4958.935660894523,3.244375465478743,81.33106824601481,6820.744686032204,147.9130272730469,38.930327397722046,4.252117347390314,3726.228081172071,2.4867193254144326,81.52986178600581,8825.993268195429,185.57274021739644,50.47464836425299,5.334736787074977,3729.0440197729527,2.4867193254144326,81.46885902524424,0.0,0.0,nan,nan,6562.8,1.0,13.853480493619768,2908.3300145983544,134.00180091098846,30.91194504801529,4.08481289170961,4861.520441513574,2.6461367945135175,66.82922170957674,1581.8422786704464,64.53092732500102,8.704071644539123,1.2575689512497563,4340.474457399692,2.2119255924461005,61.54355320315973,531.4576546025384,61.080673862989364,2.4611721157760083,1.1296641580746702,4102.60267018487,1.1098021043859772,26.729974614065853,941.4776194173147,122.4512278903984,4.781658362058342,2.6775000646099216,3970.162473265966,3.4943265974553017,109.78257804833225,105.3371199531105,96.49222071258743,0.4517915044357887,1.871584920865392,3889.2761955505543,0.4999617834394905,nan,0.0,0.0,nan,nan,3837.0364801481683,7.4682032767757605,246.8040491138949,0.0,0.0,nan,nan,4361.778293373506,2.9616189598940346,83.96594018255279,2589.4802367756893,147.26860677854592,14.63129409342734,3.811890030968582,3868.778233677366,2.9021093709226182,92.68089150426843,0.0,0.0,nan,nan,6583.45,1.0,13.810026928666252,0.0,0.0,nan,nan,6548.05,1.0,13.88468655302385,0.0,0.0,nan,nan,6716.44,1.0,13.536579167464883,0.0,0.0,nan,nan,6730.82,1.0,13.507659064352907,3042.6140957736075,7139.202325027539,25.98533413798987,388.069730927671,3426.122357281313,9.99923566878981,370.65991701749095,1366.3135235299235,105.56856326637842,9.063169735723813,3.4469231693600797,3759.4924506018806,3.178865412215933,104.99145716455966,41.92155585999951,154.99177092383985,0.47815403762587694,5.406584679727489,4686.017044196709,0.4999617834394905,nan,0.0,0.0,nan,nan,5875.62,1.0,15.473706908126772
28d07m28pt65921543s-28d52m52pt17091043s,28.124627559841763,-28.881158586229237,0.5529154406743906,31.313678000949665,0,0,0,9.464689681349515,0.05402807617026355,8.606887471052701,0.016477393200334277,1.3512830822308748,17.268884804496526,102.19320570006204,25.777463063668776,nan,macs0152m28,1377.819529272008,19477.50814965893,25.326254278356814,977.916168564862,5006.819291711372,0.6237798733370363,nan,350.95890570468134,27949.587489582216,7.185380817641225,1587.4426349805187,4959.385008677728,0.6293498288439751,nan,0.0,0.0,nan,nan,3725.1105172168227,2.5172771814931716,82.61738749608598,937.3733907277847,62.990368511015845,11.594637221605835,3.9172355992827077,3728.8065913255964,1.177974064344257,32.347336063164356,0.0,0.0,nan,nan,6562.8,1.0,13.853480493619768,1973.0520279309958,451.5241469453296,18.996075207372606,12.480609136328738,4858.549467065279,9.99923566878981,261.2208748844296,0.0,0.0,nan,nan,4339.952008197133,1.3347609924975632,33.33412330517348,311.0355963725329,313812.75679455796,3.2163461164375775,12957.250508096737,4102.952849107466,0.5690286613984209,nan,0.0,0.0,nan,nan,3968.541890590331,0.4999617834394905,nan,0.0,0.0,nan,nan,3889.6022527550895,5.1952632156644345,168.51846670845262,0.0,0.0,nan,nan,3832.097951693388,8.87520863303714,293.6810066590596,899.7393770737036,119.48353432643134,20.849723648697683,9.689821157441681,4366.100633495582,6.24450326026612,181.05427246044056,0.0,0.0,nan,nan,3873.6997289902,0.4999617834394905,nan,0.0,0.0,nan,nan,6583.45,1.0,13.810026928666252,0.0,0.0,nan,nan,6548.05,1.0,13.88468655302385,0.0,0.0,nan,nan,6716.44,1.0,13.536579167464883,0.0,0.0,nan,nan,6730.82,1.0,13.507659064352907,1074.1056473846675,260.57569313224076,12.292323315966996,18.818396663731324,3436.0,9.50119100093007,352.1046680934694,0.0,0.0,nan,nan,3760.084863909429,3.771267816377285,125.47272216435599,0.0,0.0,nan,nan,4686.4866264695775,6.935658491501251,187.47992112082923,0.0,0.0,nan,nan,5874.754566809287,2.5466654272299056,53.05449143852824
STACK,0.0,0.0,0.5954847924349506,nan,0,0,0,9.484079267419096,0.016734447074337133,8.11964991193725,6.490751795001717e-05,15.8067780546779,1.1460516477468627,56.288397160142644,10.800718843691804,nan,macs0152m28,10817.130652700625,132.35848597184426,157.0490039447238,5.248865255843184,5006.812755565705,2.9209277187118587,72.10683039718474,3738.4009766153677,142.48573440939037,51.965688039772964,5.495187023863521,4959.029287453751,3.560717396830916,89.63045392448889,6688.801334932752,198.47610219959563,70.44774655058418,10.528523179400961,3726.2350901189984,2.4174368441149574,79.05982548666597,8805.838846952567,249.26103553460362,92.926750631152,13.22250165769785,3729.0436513793975,2.4174368441149574,79.00067087123593,0.0,0.0,nan,nan,6562.8,1.0,13.853480493619768,1901.094056439173,135.79843183832256,29.084994711143246,5.957010119844375,4862.251016636418,1.249449953105197,27.10366315480856,1486.3725611744187,83.94226610942798,8.510238587694452,1.701901385902044,4340.793442266854,1.6996524763120493,45.428240784728736,764.5047432464487,76.29047151381074,5.4067149110358,2.155084939701375,4102.312033723324,1.5819317672826219,44.03162667275771,1243.3283916746923,241.8575939873553,7.574506691274217,6.34449207841489,3969.887019226014,5.182483521655862,164.66580862974783,532.0228383512066,829024.4393915229,3.813974204164802,26880.532940486868,3889.046019143072,0.4999617834394905,nan,924.7171007401256,176.20134789349842,5.960498099469399,5.324578122767428,3832.712583236618,3.116433635578012,100.80187455742904,295.5545194627292,100.13268278709596,1.8022664297649524,2.13871802911042,4364.246489188721,1.3174776432796709,32.56655705802872,2269.830199976144,177.4178387400324,21.667359919280553,7.758735470215724,3868.70193520189,2.8438601675616493,90.70449899060083,0.0,0.0,nan,nan,6583.45,1.0,13.810026928666252,0.0,0.0,nan,nan,6548.05,1.0,13.88468655302385,0.0,0.0,nan,nan,6716.44,1.0,13.536579167464883,0.0,0.0,nan,nan,6730.82,1.0,13.507659064352907,1949.774290240292,370.6141760330578,34.95259830526008,42.393097667669295,3423.215016626441,4.683572632883159,172.08668899901718,1467.7575908088706,140.67928985745084,18.718560406919003,8.832702615667962,3759.22904611817,3.058333800212165,100.80346172104701,138.68791018564758,3275499982514529.0,3.759334297493758,271553280024165.4,4685.890103264325,0.4999617834394905,nan,0.0,0.0,nan,nan,5875.62,1.0,15.473706908126772
29d46m00pt19654s-34d13m31pt49453773s,29.766721261111446,-34.225415149368395,0.24933333764156984,50.96876656754685,0,0,0,7.522851890455285,0.0024180473398501216,nan,nan,3.7407594927740124,0.16617255296825828,68.25869399400415,16.260126023417726,nan,macs0159m34,8105.096533073717,109.81222972468709,57.085623107212,2.1125480082211885,5006.835554380677,2.1686103298945696,52.1901246389221,2917.230275396203,122.8533667614219,25.223210793308564,2.9472613687725953,4958.878897777717,2.4192127793756444,59.451671402982946,0.0,0.0,nan,nan,3726.03,1.0,24.400668213494743,0.0,0.0,nan,nan,3728.82,1.0,24.382410999599827,6191.516684325731,122.28030279498441,81.8528103916634,3.0964780765068975,6562.64205429664,2.3422163598011183,43.35947802145851,2946.547841357253,123.25733702081367,26.705926264249523,3.204478671740602,4861.048205552558,2.4697863327208736,62.02735875853411,1303.6055784981775,112.42301660087284,13.84738036315533,4.228996876659978,4340.689985572697,1.0731114209592627,23.856927223472784,340.8352338777,374.4727012255303,19.351998283894197,84.9971991220075,4100.77784086724,0.4999617834394905,nan,0.0,0.0,nan,nan,3966.3454472294748,7.180501721674795,229.16324852428636,211.0726453712149,578.5551619944474,1.0651886530964623,13.208942042753181,3888.656816537184,0.4999617834394905,nan,0.0,0.0,nan,nan,3835.922905470219,5.561866932820506,183.1495122111372,1118.2329870607666,133.40235234371616,11.144345770179639,4.665861557222587,4360.020466271399,1.4994211946135927,38.69001472388985,1827.4754535670143,1112.1872201755655,8.1165474728606,22.634765822353213,3868.3482860532777,1.001740569514156,23.580653770406048,209.45711558751862,1796.3819472027305,1.132652853953695,18.54799911640004,6582.624086716647,0.4999617834394905,nan,0.0,0.0,nan,nan,6548.853115076744,9.524928070573463,184.6871628947243,1025.3932237007602,169.1466213479297,12.197736446289587,3.763428208029786,6716.589282700085,2.9816735969335406,54.9380498906356,509.32683979908643,155.03633915589953,5.025063446671276,2.854791196687979,6730.983549904417,2.0523044059924245,36.49055481534692,0.0,0.0,nan,nan,3426.0,1.0,26.53754284399528,0.0,0.0,nan,nan,3760.0,1.0,24.18021855944889,133.33281293223956,7.715832086377178e+31,2.378558866700241,4.209235508299193e+30,4686.258901693429,0.4999617834394905,nan,785.9103328171001,371.80415421070865,9.347434094846593,9.618238862796554,5873.669684491891,9.525207488338586,205.82958839374322
STACK,0.0,0.0,0.24933333764156984,nan,0,0,0,7.525844291165522,0.0028272094579332254,nan,nan,3.7407594927740124,0.16617255296825828,68.25869399400415,16.260126023417726,nan,macs0159m34,8105.096533073717,109.81222972468709,57.085623107212,2.1125480082211885,5006.835554380677,2.1686103298945696,52.1901246389221,2917.230275396203,122.8533667614219,25.223210793308564,2.9472613687725953,4958.878897777717,2.4192127793756444,59.451671402982946,0.0,0.0,nan,nan,3726.03,1.0,24.400668213494743,0.0,0.0,nan,nan,3728.82,1.0,24.382410999599827,6191.516684325731,122.28030279498441,81.8528103916634,3.0964780765068975,6562.64205429664,2.3422163598011183,43.35947802145851,2946.547841357253,123.25733702081367,26.705926264249523,3.204478671740602,4861.048205552558,2.4697863327208736,62.02735875853411,1303.6055784981775,112.42301660087284,13.84738036315533,4.228996876659978,4340.689985572697,1.0731114209592627,23.856927223472784,340.8352338777,374.4727012255303,19.351998283894197,84.9971991220075,4100.77784086724,0.4999617834394905,nan,0.0,0.0,nan,nan,3966.3454472294748,7.180501721674795,229.16324852428636,211.0726453712149,578.5551619944474,1.0651886530964623,13.208942042753181,3888.656816537184,0.4999617834394905,nan,0.0,0.0,nan,nan,3835.922905470219,5.561866932820506,183.1495122111372,1118.2329870607666,133.40235234371616,11.144345770179639,4.665861557222587,4360.020466271399,1.4994211946135927,38.69001472388985,1827.4754535670143,1112.1872201755655,8.1165474728606,22.634765822353213,3868.3482860532777,1.001740569514156,23.580653770406048,209.45711558751862,1796.3819472027305,1.132652853953695,18.54799911640004,6582.624086716647,0.4999617834394905,nan,0.0,0.0,nan,nan,6548.853115076744,9.524928070573463,184.6871628947243,1025.3932237007602,169.1466213479297,12.197736446289587,3.763428208029786,6716.589282700085,2.9816735969335406,54.9380498906356,509.32683979908643,155.03633915589953,5.025063446671276,2.854791196687979,6730.983549904417,2.0523044059924245,36.49055481534692,0.0,0.0,nan,nan,3426.0,1.0,26.53754284399528,0.0,0.0,nan,nan,3760.0,1.0,24.18021855944889,133.33281293223956,7.715832086377178e+31,2.378558866700241,4.209235508299193e+30,4686.258901693429,0.4999617834394905,nan,785.9103328171001,371.80415421070865,9.347434094846593,9.618238862796554,5873.669684491891,9.525207488338586,205.82958839374322
34d18m39pt1087464s-52d45m32pt50304245s,34.310863540665665,-52.75902862290355,0.2827114589658719,6.138965420821951,0,0,0,nan,nan,7.056395998187597,0.044368356185158296,3.5061458099312004,16004.169135288399,91.4410932855782,18.33107823778298,nan,macs0217m52,536.8227449083945,153.1782805082807,1.5005810888578226,1.1690412154270673,5008.141903813269,4.030786518478668,100.9344312224434,0.0,42.396540661609066,nan,nan,4958.91,1.0,18.334194769319836,0.0,0.0,nan,nan,3722.9415786038767,1.94912508425577,62.15424980840995,731.3639995150718,4397295.417332778,7.942416583169671,240024.55238308417,3729.170069823768,0.6109093060005649,nan,0.0,0.0,nan,nan,6561.142939367499,6.349465672505581,122.42090806392406,361.703937363732,1073769.5190163837,1.188985684355055,10126.71914046266,4860.49511067031,0.6575368194653629,nan,183.14437894757407,2.944520991989209e+107,0.5731775397669538,3.2634953952662054e+105,4340.630775421007,0.4999617834394905,nan,588.9830849992809,158.46396207740693,3.5598126982180855,3.8290397277894295,4100.642755746623,1.4761011250607698,40.33616482622443,0.0,0.0,nan,nan,3969.9719962211793,4.5335103162456205,143.6344385596737,0.0,101.26378135438391,nan,nan,3889.06,1.0,23.37778840736009,0.0,0.0,nan,nan,3836.7465863281977,7.371456800053631,243.57831252694479,0.0,0.0,nan,nan,4363.480351195153,5.2802887326924735,152.7089064625774,3326.9270975703557,367.0007993171129,98.55250655498811,49.89075241673869,3865.9865367654006,5.3760368008383725,175.40479870161533,976.7386221773957,368.72178005414526,3.45477414974583,2.491800021252399,6578.603961960717,8.735839506001911,168.3896278858722,1606.6770625330275,129.06337929233058,5.715464300711389,0.8815137884692821,6547.83810988282,1.4837644660780451,25.43587454525369,0.0,0.0,nan,nan,6715.6319401632945,4.578350553096596,85.76231291996112,0.0,0.0,nan,nan,6726.451158323411,3.3458386738515697,61.884368453906255,0.0,0.0,nan,nan,3426.0,1.0,26.53754284399528,1939.776148014305,7552754.975734345,26.398712352118377,507405.6632765624,3755.27644625487,0.5981929581517961,nan,797.921696298568,426.52327869717107,2.69304535081649,4.407505529190138,4683.124896926601,9.99923566878981,271.0131455203778,0.0,77.2266053762946,nan,nan,5875.62,1.0,15.473706908126772
34d18m15pt97052766s-52d45m56pt5021961s,34.3044362576841,-52.76569505447286,0.3445669157972413,33.446462670948094,0,0,0,nan,nan,7.658834520637058,0.004725259165645172,5.0395088944874376,0.37552187622810285,127.24400608385046,21.312187822776803,nan,macs0217m52,2549.700616984588,126.45456994527366,1.2560694532861707,0.17016292869431887,5006.702762622222,4.215555393788766,105.70183717072074,967.2301117642537,176.25759283430256,0.4631644404610582,0.23400955439428334,4961.115025644153,4.464997593912919,113.21244398977919,9333.511915012003,968.7150543207626,5.288148410754744,2.7657734137825143,3725.5049157276094,3.501335888932497,117.21762729879063,14590.373265598086,1602.9176087223868,8.28267724261072,4.576481894148675,3728.2941391845316,3.501335888932497,117.1299220246922,18962.52678961487,1356.9473296682363,8.810966622999917,1.2078571869849013,6561.915918472164,3.4131017969715707,64.80247349300376,5445.1369139115095,157.03298398656145,2.8326481705547226,0.23429678395661702,4861.436462036767,2.849251260646939,72.33022956362059,666.328185176226,82204442.4459749,0.2841681246693792,124118.1767499346,4341.219292539731,0.5619727833367409,nan,0.0,0.0,nan,nan,4105.292524760512,8.32713837112323,257.54419904095136,0.0,0.0,nan,nan,3969.7530936183457,0.4999617834394905,nan,0.0,0.0,nan,nan,3889.3569341754915,0.4999617834394905,nan,0.0,0.0,nan,nan,3836.7045265049983,0.4999617834394905,nan,6273.288244273757,604.6660565025195,2.8513611832856984,0.9626286366616228,4364.2967443974285,9.99923566878981,291.0428046557292,11914.261719293454,1569.5010959072033,5.102704381898644,3.093201512323426,3861.69393966416,9.99923566878981,328.2406140748108,10484.158876087033,2501.2514030222187,4.859884457709626,2.2136867094292367,6583.063959025072,4.385525825136788,83.71959115174349,483.50825413891175,2102.115039307549,0.22371396700083712,1.8673003084129107,6548.33589214101,0.4999617834394905,nan,4580.859537449431,426.88834275022566,2.808850208227454,0.4896084168405615,6716.25993648715,4.111214450006808,76.7901840317171,2872.234418689614,726.0923699399756,1.7409273406751031,0.8215205917409436,6729.9044820031195,5.956541266324704,111.88435326520664,0.0,0.0,nan,nan,3426.0,1.0,26.53754284399528,5308.284502309784,518.5162958154648,2.4631580570339016,1.1828556607982699,3761.3018045268477,6.038905321948517,203.0934518312573,0.0,0.0,nan,nan,4686.272945988763,5.904175490064169,159.2852722008034,3109.7953887847025,393.2734089102209,2.02387607759945,0.5565201195638678,5875.050889097324,7.502871444806677,161.85956287248635
STACK,0.0,0.0,0.3136391873815566,nan,0,0,0,nan,nan,10.089468482777265,0.05369339265144405,4.432205325646311,11262.531127689921,100.74416540597032,24.274144225185292,nan,macs0217m52,261.55808329152995,230868.72527691917,0.10738395764493602,258.8516168486366,5007.354462159344,0.5855538198532371,nan,736.7642722207052,8294693.054784834,0.29396390748789053,9185.477488784301,4957.947666199693,0.6191453568566516,nan,2432.9749417883695,525.9786500371438,1.5128452429742716,1.649426995461805,3724.365074752066,2.6176583388807817,86.18229954281402,1471.8335005257338,381.782432555591,0.9179819975047352,1.1972391856699844,3728.712476456411,2.6176583388807817,86.11781570725091,0.0,0.0,nan,nan,6561.076399050716,3.791115332132083,72.27839798546269,1106.2508249460118,2096895.443961353,0.43621858748817416,2372.2915710736943,4860.452730734712,0.663813057884952,nan,240.19774703304654,4789210.516980395,0.08316360535833321,5873.8825693159615,4340.021283183785,0.6369640475463954,nan,10322.109126119727,1288.8184729153957,4.8151154593340095,2.404312207007369,4100.110399933484,9.99923566878981,309.59640827210086,0.0,0.0,nan,nan,3971.2156451408277,0.7749133737082574,10.659250177941248,0.0,0.0,nan,nan,3885.9894850175374,9.023981503578204,294.51400443970664,0.0,0.0,nan,nan,3837.280085504747,8.283532619646394,273.97546274327243,0.0,0.0,nan,nan,4367.747639693879,3.6800057664840495,105.41508331100435,2839.7490222174456,386.5030930447514,1.6366679640753243,1.0220453017032993,3866.3207952060793,2.4290150925783633,76.54124703947147,179.95161535597921,564.5624113593134,0.10243160262949434,0.6142129487308506,6576.342338186549,0.4999617834394905,nan,2059.530631445979,197.08175335276118,1.2047196552250024,0.2213438705460795,6547.8354193042205,1.4059923441478586,23.707151865395407,703.8576284610482,261.7066773518728,0.425306929007884,0.2959246049165515,6713.260365144395,3.876854102223381,72.27798038338409,418.0922628064097,665.9154707075674,0.2608613947000588,0.7753060333547139,6732.209993649252,0.4999617834394905,nan,0.0,0.0,nan,nan,3426.0,1.0,26.53754284399528,2505.6784195459973,302.84156405168545,1.5624104543459092,0.9299370393550388,3758.814463479591,1.789603123980157,55.7666252856365,801.0176559863548,149.54029045943017,0.30623202208169104,0.1747299918691847,4687.715748178081,1.144762008662051,24.610722726217197,1120.4821557183866,439.6766934377088,0.5994317394581222,0.5111199622320987,5878.077241046085,9.002477298828722,194.47081957784226
34d34m55pt73093721s-31d41m56pt42873486s,34.58214748255707,-31.699007981905503,0.27871773729472715,4.981161730713526,0,0,0,7.824353246254394,0.08665702615972089,7.9857790750893765,0.004477391437953485,7.074238601674871,0.4921665853348776,68.4332663754243,13.420644814542696,0.275,rxj0218m31,4829.216122175562,88.27958566674567,32.58370580521349,1.6269294155991223,5006.85502275917,2.4037495797378456,58.47166806573224,1354.60512322335,97.67902374262461,15.660364036461464,3.133119941732224,4958.985650864034,2.174263652965005,52.84788767887631,2749.6315571870996,366.3952485499526,13.305071767992223,8.927938413130184,3726.504722453501,2.0456579029223985,65.67607306016548,4596.908908808852,537.027495293161,22.28434772444776,13.085727566363989,3729.1159600174765,2.0456579029223985,65.62693251601536,4008.717040595563,169.76597983360526,96.24614934436353,7.80714188431309,6562.808259752627,2.61773823782347,48.93161302272194,1912.6244495331928,94.41647738254981,13.643432739317035,1.9317870305532583,4861.265629583734,2.4176332122391915,60.60181062808059,0.0,49.32643037765822,nan,nan,4340.46,1.0,20.94654063936261,107.97626155091749,102.50650362195888,0.5182724344656919,1.966750548518876,4100.926330026238,0.4999617834394905,nan,0.0,0.0,nan,nan,3965.966468982256,7.113964685558602,227.01927113192818,0.0,0.0,nan,nan,3889.9490677658537,4.944495107843651,160.2300265395859,0.0,0.0,nan,nan,3835.3600199120247,4.3287545300602215,141.7951345002861,165.25088849803169,308266.24490836996,0.8736726052116517,5699.953327287869,4367.515491939475,0.4999617834394905,nan,1014.1608116104046,168.23781777036908,4.518123966192094,3.438322338110877,3866.556389247585,3.635225949330982,117.38671530462524,889.7103401904094,21330701.40115368,7.0722467711067605,323766.9757011334,6582.304401390499,0.6010048838245259,nan,59.13655170500527,593.163434209487,0.6456420723612155,12.432517634652736,6548.617276021759,0.4999617834394905,nan,523.5571370666756,83.83420791274962,13.98144155193207,4.187218126998881,6716.8202316000425,2.056233776927141,36.64790415052288,426.22151181657335,105.64290694698833,37.538584144951315,17.364645451522783,6731.1810680777035,1.6081415420979701,27.38438502835246,0.0,0.0,nan,nan,3426.0,1.0,26.53754284399528,114.22446546590956,118.7105082392149,0.7114924355814575,3.6413076129411985,3758.8522636787857,0.4999617834394905,nan,0.0,0.0,nan,nan,4683.597931031392,2.446361296442496,63.6885992839259,478.49739325845513,123.3518329953551,13.677291644709483,7.664986001708507,5876.013395845206,2.767129109629318,58.00669036346098
34d34m31pt75522611s-31d41m36pt42835792s,34.57548756280794,-31.69345232164579,0.33222509390511523,28.895688975794727,0,0,0,9.785868110682257,0.01624482529414881,8.16587493319508,5.602814550608729e-05,10.179147697615662,0.1798208084506181,66.26699517270106,13.610340657671927,0.275,rxj0218m31,28564.700212282227,94.01552954705635,21.385107507174478,0.19225112364594982,5006.834131273791,2.2288376488408006,53.805614970194256,9292.101621238431,96.84994516823397,7.752644539968223,0.224194356614876,4958.96615575919,2.133038114100338,51.72873188758244,9613.064301786984,278.3360473680459,8.2560205386516,1.2040570982182688,3726.1418661318485,2.6042813919345127,85.70787070300568,13711.514226523597,394.1596860120095,11.798217315944063,1.7050999044571802,3728.853964639869,2.6042813919345127,85.64374184742634,15029.420364302403,171.65719137041722,15.724497719776808,0.34399862402249026,6562.85583183393,2.6033071510472983,48.64102609450762,6010.46199341053,94.07941833550932,4.445050197840469,0.19955586650132748,4861.374108519428,2.250103185254379,56.002418585343136,3914.7262939842835,114.58677010740168,2.376131359153154,0.24632529024606434,4340.470235864692,2.1798839161917387,60.55200622606468,1251.4494398302327,94.85682891325628,0.8533667346202587,0.2584250949243406,4101.876263602731,1.196635794229652,30.123601220175857,301.17604656919696,665345615.4265585,0.1914943226358153,1821726.876719149,3969.7631143302847,0.4999617834394905,nan,1129.560176710658,141.81270983187227,0.6437493326192536,0.3656342193501335,3888.6731181596374,1.6277521763554916,48.1063821633884,783.8550368172555,91.33001581455669,0.46270566891909015,0.25222964513521046,3835.8691780622717,1.3286311267097286,37.484506548602255,548.2578037586165,166.4391443774162,0.31711032432666364,0.33765319217090656,4361.293706265121,1.3857571835109614,34.895861117913505,2949.486659172589,123.23547509720055,1.6894620122726685,0.3233607741063044,3868.8162210995347,2.04348890901285,63.17728518298893,0.0,0.0,nan,nan,6582.649023201466,0.4999617834394905,nan,0.0,0.0,nan,nan,6548.463498226691,9.717440744101276,188.44002792222608,867.9559027185712,161.05687726908207,0.8956052621711027,0.3108406214808808,6716.466362044073,1.9294245799179888,34.08043618743406,1262.0812407547653,280.6213186517114,1.2853084319799204,0.5333592373012366,6731.241848319795,4.975856270067164,93.17990131438935,0.0,0.0,nan,nan,3426.0,1.0,26.53754284399528,0.0,0.0,nan,nan,3760.0860742113146,0.4999617834394905,nan,1689.1544737397737,391.6969884659988,1.0922739039957954,0.773681822962688,4689.221112232379,9.99923566878981,271.0131455203778,1115.6491398797982,213.47705863263445,1.0930959412850516,0.45474608272229106,5875.5601869028305,2.6874239816047654,56.21980311840552
34d34m43pt74198831s-31d42m20pt22870196s,34.578817218975026,-31.705619083879018,0.29927889406049935,23.398463227115744,0,0,0,8.123478428684297,0.007081624929483821,8.087412126998048,9.098821461627369e-05,11.040239077477636,0.7096256935414265,73.88056566721737,13.514318772628304,0.275,rxj0218m31,6270.044751907629,68.58921500683512,27.99628390239048,0.8365133334551659,5006.835812350308,2.390208135779,58.11165249339045,2178.224482868067,89.47512401267817,8.98214940835,1.0237671198870943,4958.744797484161,2.4481283143554835,60.226776460713715,5703.472532869731,256.5674167291682,18.50761047740745,4.193603760652403,3726.1214767149595,2.417587470685191,79.06520239828414,7483.760666339433,333.5511112030692,24.32896743726169,5.451905047582592,3728.7369009300032,2.417587470685191,79.00604375970916,5853.803363122196,150.45058783010228,48.6517309332579,2.395031853100833,6562.897919781214,2.8274211602486004,53.140936623566795,1959.6951009984762,119.62141886450803,7.146334947678377,1.2511576873523806,4861.32675103611,2.132427888171107,52.75014898386732,221.68946408847467,132.45707487708444,0.6919391147260961,1.464404601742155,4340.187440241261,0.4999617834394905,nan,309.88612105741095,144.7072003202931,0.9532700717783875,1.7797753938855456,4100.531931935077,4.626316821152717,141.9391100523345,110.17620701195281,66737.7678176283,0.28164337292243075,734.6796673418104,3969.7081618891143,0.4999617834394905,nan,0.0,0.0,nan,nan,3889.1798111309017,4.547038170919178,147.07494511570485,0.0,0.0,nan,nan,3834.2758732766915,7.27430015611371,240.33851226966837,480.94561297678524,110.97367742038995,1.5204587595245587,1.2294071931491988,4363.24692088478,3.407187609109193,97.29450442450837,1281.3076543416962,95.62946424223627,2.8576491151452514,0.9765664747964495,3869.5253087133165,1.8353145422507564,55.829834015509995,0.0,0.0,nan,nan,6583.434394480858,0.4999617834394905,nan,0.0,0.0,nan,nan,6548.962536006249,0.4999617834394905,nan,725.0421748796402,69.81842932748934,4.824844518640575,0.8690389617623383,6716.319072489432,1.6879181394521021,29.113474362738724,311.6214032307062,144.01240433760174,1.7052120811464244,1.4707724795498602,6731.004920619627,2.297482445920779,41.389613781022526,0.0,0.0,nan,nan,3426.0,1.0,26.53754284399528,0.0,0.0,nan,nan,3759.4076463263445,3.6568984875569996,121.52959824680106,177.9285995302757,79.89242507898418,0.6281357214863584,0.8621483676455486,4687.308029847918,1.8491423219761622,46.502286178097634,93.17716710664212,109.04213711491026,0.6514409157625582,1.6572064912841415,5876.321695362631,0.4999617834394905,nan
STACK,0.0,0.0,0.30340724175344724,nan,0,0,0,8.320025089304417,0.20333686597202136,7.716378768861689,0.004581158646950036,6.037181016188013,0.5330522648526653,91.42983692459606,19.540024704131923,0.275,rxj0218m31,4925.683437546973,142.6798995224646,2.7851093662566537,0.220361943936728,5006.759158924804,2.236673494266233,54.015437443774466,953.7322986373466,206.08781724873876,0.5301277646779218,0.3178382324072603,4958.894007615695,1.9722583175042,47.33731499066537,3354.0811090624707,418.21904863548855,2.1054845029434874,1.3222295231987067,3726.2874191380315,1.5246344732612886,46.27822637517645,4224.455663725522,466.3697770496231,2.65673871516809,1.474461505171823,3728.9256323549216,1.5246344732612886,46.24359980387863,4079.4570897651515,282.5478249471572,3.701153860198945,0.4909994868541033,6562.940361995635,2.924276778838476,55.078093843707855,2229.178232835217,162.0181829438052,1.1814008716411641,0.24630960421173945,4860.951624169498,2.763274444787618,70.00512404451163,0.0,0.0,nan,nan,4337.725128082401,8.97271884169086,262.376923253132,0.0,0.0,nan,nan,4101.271673033065,4.376130153339498,134.07806197378636,6701.665350990585,1240.6762455944681,4.009957112122626,3.1794034069938273,3979.0080674530777,9.99923566878981,319.8627926142355,0.0,0.0,nan,nan,3890.7268821142534,0.5936592166859866,nan,0.0,0.0,nan,nan,3835.337783408081,4.386899619854726,143.75056345906648,361.67751218995676,12093.14247386458,0.17631845115162667,20.649588083876928,4364.248092350375,0.7957579672733539,11.042692647485854,0.0,0.0,nan,nan,3870.2532229976828,6.769842604894104,221.58316067718525,1404.0339164564093,85740744.45496742,1.204430444253492,140445.980887988,6582.314650932443,0.5797980355213574,nan,0.0,0.0,nan,nan,6548.728478771146,7.437358309965211,143.95857337744323,758.3943695466522,186.1280418173329,0.7297472420628304,0.3349624964296301,6716.965051288299,2.623951667371654,47.93450737206203,795.4452384718683,213.15910309790138,0.8017262122646479,0.4009586664677701,6731.229361857697,2.5217919010557392,45.82401396384708,0.0,0.0,nan,nan,3426.0,1.0,26.53754284399528,1808.327695300646,173243705.00072852,1.0133236102910423,477938.70661376364,3759.234504032794,0.5820238517146848,nan,0.0,0.0,nan,nan,4685.356512109317,4.883168141492853,131.30563588354445,212.08055100491623,155.7028946739863,0.17406736482545251,0.27780713258993084,5876.176095815819,1.2099768676698364,21.384473924423528
38d04m57pt55184527s-44d20m25pt65671619s,38.08265329035348,-44.34046019894167,0.2081103804136355,23.082554395083015,0,0,0,7.993203714277252,0.015095829271006153,nan,nan,3.5577103983425533,0.052754710672776414,58.233195359022716,14.568970612623916,0.2836,rxj0232m44,55282.12299851553,291.8302632993306,29.499654912970634,0.4253528637468751,5006.839201191327,2.592056520058822,63.459984247598484,17477.99401609436,345.7152020188876,9.944452219538556,0.5457592907171733,4958.938318420156,2.65803699240768,65.83092188131253,0.0,0.0,nan,nan,3726.03,1.0,24.400668213494743,0.0,0.0,nan,nan,3728.82,1.0,24.382410999599827,49528.808623825054,664.943779875061,45.020768620494046,1.1577273543925193,6562.766433014848,2.911514319524576,54.82307079571832,20451.388355979445,275.3083825211594,11.914589385885828,0.46003720707681844,4861.267362522759,2.4478111724366336,61.42702291484196,7880.687458373903,342.9935887907712,3.4928666704601077,0.5384248294886288,4340.393214607067,1.9874903148276788,54.55978621144381,507.57807078408973,479.0213354019546,0.17463948673055818,0.6586243760781079,4101.4541987898565,0.4999617834394905,nan,620.5813053983507,732191.6528364017,0.1987908988061603,1009.4316924451954,3970.720521106597,0.4999617834394905,nan,0.0,0.0,nan,nan,3889.06,1.0,23.37778840736009,0.0,0.0,nan,nan,3835.4,1.0,23.704860453545347,4210.733804472313,1634.7295912205923,1.7645411866186251,2.3956004805001836,4367.744793235219,9.99923566878981,291.0428046557292,0.0,0.0,nan,nan,3868.75,1.0,23.500516131444996,770.2056657696081,4334.68263160654,0.3837752209240345,4.123637918962161,6583.259979551627,0.4999617834394905,nan,0.0,0.0,nan,nan,6548.808208479416,8.80527060930116,170.65420511324615,7988.7037116607025,685.0011629612957,7.503418148387195,1.2034061446029096,6716.488422261951,3.1159414502951246,57.55299029217583,5363.216543859642,781.125091645202,4.750509922482461,1.2913518643084803,6730.779131698234,2.6311266922855925,47.97289870703759,0.0,0.0,nan,nan,3426.0,1.0,26.53754284399528,0.0,0.0,nan,nan,3760.0,1.0,24.18021855944889,1065.5236222408776,187.9940421320959,0.5027811991124573,0.2714054194722164,4684.97089775738,1.1667924570810815,25.362980425253134,3025.657564103756,266.630752780457,2.5412027559186487,0.4868416254472849,5875.876021611609,4.754392390446804,101.89323632720802
38d04m12pt5165831s-44d21m10pt25253581s,38.07014349530422,-44.35284792661314,0.4029405823417198,66.85119936486566,0,0,0,8.838995775314872,0.006827607879343208,8.140563114166767,4.800929906263092e-05,8.960061223281459,0.2246601782352553,60.78030789771851,11.170470038291473,0.2836,rxj0232m44,28345.375371004407,154.53941802758376,189.58957796280893,2.8233114899721783,5006.835890382661,2.0887357737830605,50.039476914578174,10026.732628396747,135.0482092901036,70.33152769135499,2.628370001617196,4958.843291805465,2.022435802994368,48.71277557914197,14878.542796177924,384.3488953115601,46.53343545239573,6.054081264354343,3726.309375463871,2.1177576802428324,68.29194109121444,17021.42574270863,416.30610621092893,53.336170942733716,6.557456073354529,3729.0189059702375,2.1177576802428324,68.24084328664235,17394.86417088579,162.47107844096126,1738.8193620627976,31.108025872016743,6562.815252509256,2.698565381459293,50.55694282826278,7842.8120954905535,184.78775913439276,42.196763125953254,2.8516400183384967,4861.287588262637,2.1064001416719083,52.02799901069767,3074.8171257738472,197.4638478929379,8.685227430559248,1.9755849797642737,4340.2702934853005,1.3860415821158585,35.088428754653116,552.3725582394956,255.5526198509037,1.399251167083889,2.5862463994028277,4101.951243052055,0.4999617834394905,nan,1458.5480870299266,239.3516597260846,3.211807914415277,2.265546731590784,3972.848731859798,1.188494284862288,30.800041499925303,1319.6545177500354,260.42951056836347,2.408391795421023,2.1484201738089874,3890.007980963755,2.3728359172933975,74.21893069997564,0.0,0.0,nan,nan,3835.039855315645,3.4535383224115432,112.2553345400543,1078.958362063835,205.10762698478544,2.40346852459262,1.6022302754309352,4361.6936598107495,1.2172712755650097,29.057471935947735,2132.2534249381065,200.92728919479976,4.028245580232404,1.7391741383394113,3868.53474563845,1.6838190379034799,50.394897434655164,0.0,0.0,nan,nan,6583.182851235239,9.99923566878981,192.88987927331783,0.0,0.0,nan,nan,6547.733365368436,9.99923566878981,193.93267853817915,0.0,0.0,nan,nan,6716.44,1.0,13.536579167464883,0.0,0.0,nan,nan,6730.82,1.0,13.507659064352907,0.0,156.52367757076777,nan,nan,3426.0,1.0,26.53754284399528,0.0,0.0,nan,nan,3760.214765863365,3.2908463581394454,108.87507516143616,0.0,0.0,nan,nan,4685.678629784709,3.8452021735241377,102.7285692171856,0.0,61.34446126900062,nan,nan,5875.62,1.0,15.473706908126772
38d04m36pt85454668s-44d20m47pt45540542s,38.076904040744495,-44.34651539039307,0.29642600094945104,36.81547877733084,0,0,0,nan,nan,nan,nan,nan,nan,163.54960327309888,22.724096624974923,0.2836,rxj0232m44,1394.6700028328396,387.7753916461671,0.1771096384183637,0.134570421493415,5005.330296632884,4.385658467367067,110.08557261156822,0.0,0.0,nan,nan,4959.042826953046,4.660551445117103,118.29307360660144,0.0,0.0,nan,nan,3726.618421215938,6.53238517696858,221.91185516365766,0.0,0.0,nan,nan,3728.690133988955,6.036166855253832,204.69756576806188,0.0,0.0,nan,nan,6563.033180120198,7.786437589042905,150.4355588175131,0.0,0.0,nan,nan,4861.35947564794,3.995526511052494,103.0178374856251,3248.699155368024,639.7165012235411,0.39815770214704105,0.2777371494349146,4340.00243050286,4.217812836718462,121.9971214199385,5920.083403480406,819.6053673903966,0.8190401241023346,0.4523187682354024,4104.7641186194705,8.32030941923853,257.3314874529633,34099.585519725144,8394.792426172457,5.734903520344945,6.042870013148915,3980.08,9.99923566878981,319.8627926142355,27521.844256492634,3728.7774235393035,6.171816289724685,3.775466487009836,3891.8288182566166,9.99923566878981,326.52642944617054,0.0,0.0,nan,nan,3835.4862407674595,4.716078039876529,154.80887100005916,0.0,0.0,nan,nan,4359.787755216636,0.4999617834394905,nan,0.0,0.0,nan,nan,3868.100606426737,9.99923566878981,328.2406140748108,0.0,0.0,nan,nan,6583.865545488638,6.059535812549963,116.39423295924797,24390.10412599986,2075.4613237748376,3.494399259518661,0.5706795868161806,6550.485693759093,4.211315313922383,80.73926953442601,0.0,0.0,nan,nan,6716.217808575544,5.3649948611755915,100.82416708123418,392.6216323529651,166.2283741302399,0.06536685424828671,0.05166037800349259,6729.854447487304,1.8071416922154855,31.51273117503593,0.0,0.0,nan,nan,3426.0,1.0,26.53754284399528,24992.512982062435,1718.4125525207496,5.261742569892801,1.7801814917044387,3759.9988163961402,9.99923566878981,337.7342754526394,0.0,0.0,nan,nan,4686.19615195568,9.99923566878981,271.0131455203778,15683.274545332886,5832.928376879232,2.5362310650027866,2.0464359137848933,5885.62,9.99923566878981,216.12712798001303
STACK,0.0,0.0,0.30249232123493547,nan,0,0,0,nan,nan,nan,nan,3.5700673783672268,0.10447049878173076,49.87557142599053,10.22501482492241,0.2836,rxj0232m44,54138.89742580244,426.00449531964745,5.583304714028252,0.1200003415725058,5006.842299426852,2.5606857870269315,62.631131975055936,15212.817507503625,590.4900168279977,1.501686613318436,0.16171515836067213,4959.111128197293,2.338099452634125,57.27272913935528,0.0,0.0,nan,nan,3726.03,1.0,24.400668213494743,0.0,0.0,nan,nan,3728.82,1.0,24.382410999599827,50699.47955845313,730.9500025381238,6.842378583445993,0.18895453472295407,6562.770687149497,2.962610989420651,55.84369579461909,19425.884047326897,530.6108628298083,1.9706110458109503,0.1543858010164036,4861.3078833503505,2.259297385465719,56.25571596821284,5164.917044456749,802.0187392754007,0.5311585125169543,0.29210845342806724,4340.502967812,1.2277189558548993,29.583559474276402,1324.559154774892,1190.9074703013162,0.20915648644420076,0.7514759375789305,4101.480734908032,0.4999617834394905,nan,0.0,0.0,nan,nan,3969.679247892621,3.764187059687892,118.6021467243184,0.0,0.0,nan,nan,3889.06,1.0,23.37778840736009,0.0,0.0,nan,nan,3835.4,1.0,23.704860453545347,0.0,0.0,nan,nan,4364.043532470589,0.678356499243302,nan,0.0,0.0,nan,nan,3868.75,1.0,23.500516131444996,661.566124284176,3755.1474378178787,0.08065181296139291,0.8739990324588779,6583.404328713102,0.4999617834394905,nan,0.0,0.0,nan,nan,6549.040802493259,9.99923566878981,193.93267853817915,8166.957855475944,902.978624627838,1.1123539869200976,0.23003411806451565,6716.58042991725,3.052363504053452,56.31557303289918,8758.797998694052,1315.3982288896264,1.1904154706070227,0.3337104421172629,6730.017446217164,5.019449872260501,94.01266210816053,0.0,0.0,nan,nan,3426.0,1.0,26.53754284399528,0.0,0.0,nan,nan,3760.0,1.0,24.18021855944889,0.0,0.0,nan,nan,4686.233362672877,0.4999617834394905,nan,2181.467861172833,287.036239291323,0.2620942661088161,0.07497557028135647,5875.698295807292,2.548771827114798,53.1019587298541
4d46m59pt15152699s-20d26m28pt35221793s,4.78309764638728,-20.441208949424723,0.27149637244901204,0.14207125679894123,0,0,0,7.520068782627766,0.05913127152524843,10.376147692294456,0.007294861203184751,0.6116638304328812,0.04688777986164676,91.49152637247174,14.750748169898142,0.272,s26,3878.4155004056297,226.90532703437881,0.848349830599704,0.1355621368644559,5006.937125842003,4.796301927310334,120.65089183326764,820.9818271421497,198.9754456927733,0.17027423466911698,0.11447219644649018,4959.69074187338,1.7643526346645941,41.57870405219397,0.0,0.0,nan,nan,3716.03,0.4999617834394905,nan,0.0,157.9531665145112,nan,nan,3728.82,1.0,24.382410999599827,0.0,0.0,nan,nan,6562.84826784445,3.781091802911689,72.08054296357793,7682.974035299691,191.6700728262646,1.5782267412570392,0.11290376155709216,4861.948203170066,4.104525510689504,105.91596416717123,5016.567564622175,305.04664310257095,1.0338334711976522,0.2226494008443963,4340.441393551623,6.503834580700564,189.65600553704215,231.63308995829868,1475.8451669316378,0.04904861384063228,1.2485681878642283,4101.8692792736865,0.4999617834394905,nan,0.0,0.0,nan,nan,3969.467054388205,0.4999617834394905,nan,0.0,0.0,nan,nan,3891.8224392431507,0.4999617834394905,nan,0.0,0.0,nan,nan,3834.9349532027945,3.0281273336235817,97.79148665901822,208.95436000569325,312.13122545738196,0.042066057824564525,0.219871176160815,4366.466661733028,0.4999617834394905,nan,2736.6548275553373,196.30056074506243,0.8636408973851905,0.28391199784043697,3868.0913305838803,2.6614185495953944,84.49650540364621,42546.01600863068,1501.0386415110993,9.87846382761091,0.6652897316579404,6584.200157474804,5.90826876931857,113.44881926569252,9954.296173529963,1324.9300549221084,2.3142749605314137,0.5913540382954533,6548.598179440638,4.84738208376828,93.25713203623589,7687.624959858771,663.3601290413029,2.043488124719482,0.3297852300713645,6717.043424706805,5.828601096850349,109.68149635113616,3937.467665721814,824.3288888597937,1.0383287774141987,0.4056803630424577,6731.450749822945,4.422823777789631,82.60112270885114,0.0,0.0,nan,nan,3426.0,1.0,26.53754284399528,0.0,0.0,nan,nan,3759.704486143268,5.278604790342035,177.15019553057854,442.94611592450417,260.59574031458544,0.08783606794927955,0.15794985615843654,4687.54046893707,0.4999617834394905,nan,7493.196179882892,1692.5953332638999,2.0321732864340616,0.9987345290587509,5872.141732470911,9.99923566878981,216.12712798001303
STACK,0.0,0.0,0.27149637244901204,nan,0,0,0,7.5677178791868105,0.06006453960566862,10.375212481314167,0.007532690634668939,0.6116638304328812,0.04688777986164676,91.49152637247174,14.750748169898142,0.272,s26,3878.4155004056297,226.90532703437881,0.848349830599704,0.1355621368644559,5006.937125842003,4.796301927310334,120.65089183326764,820.9818271421497,198.9754456927733,0.17027423466911698,0.11447219644649018,4959.69074187338,1.7643526346645941,41.57870405219397,0.0,0.0,nan,nan,3716.03,0.4999617834394905,nan,0.0,157.9531665145112,nan,nan,3728.82,1.0,24.382410999599827,0.0,0.0,nan,nan,6562.84826784445,3.781091802911689,72.08054296357793,7682.974035299691,191.6700728262646,1.5782267412570392,0.11290376155709216,4861.948203170066,4.104525510689504,105.91596416717123,5016.567564622175,305.04664310257095,1.0338334711976522,0.2226494008443963,4340.441393551623,6.503834580700564,189.65600553704215,231.63308995829868,1475.8451669316378,0.04904861384063228,1.2485681878642283,4101.8692792736865,0.4999617834394905,nan,0.0,0.0,nan,nan,3969.467054388205,0.4999617834394905,nan,0.0,0.0,nan,nan,3891.8224392431507,0.4999617834394905,nan,0.0,0.0,nan,nan,3834.9349532027945,3.0281273336235817,97.79148665901822,208.95436000569325,312.13122545738196,0.042066057824564525,0.219871176160815,4366.466661733028,0.4999617834394905,nan,2736.6548275553373,196.30056074506243,0.8636408973851905,0.28391199784043697,3868.0913305838803,2.6614185495953944,84.49650540364621,42546.01600863068,1501.0386415110993,9.87846382761091,0.6652897316579404,6584.200157474804,5.90826876931857,113.44881926569252,9954.296173529963,1324.9300549221084,2.3142749605314137,0.5913540382954533,6548.598179440638,4.84738208376828,93.25713203623589,7687.624959858771,663.3601290413029,2.043488124719482,0.3297852300713645,6717.043424706805,5.828601096850349,109.68149635113616,3937.467665721814,824.3288888597937,1.0383287774141987,0.4056803630424577,6731.450749822945,4.422823777789631,82.60112270885114,0.0,0.0,nan,nan,3426.0,1.0,26.53754284399528,0.0,0.0,nan,nan,3759.704486143268,5.278604790342035,177.15019553057854,442.94611592450417,260.59574031458544,0.08783606794927955,0.15794985615843654,4687.54046893707,0.4999617834394905,nan,7493.196179882892,1692.5953332638999,2.0321732864340616,0.9987345290587509,5872.141732470911,9.99923566878981,216.12712798001303
224d52m14pt93999625s-18d10m45pt80766572s,224.870816665625,-18.179391018255398,0.23413309420801087,13.238982459383472,0,0,0,nan,nan,nan,nan,0.39434921645594984,0.0053563278708071834,89.9708451086102,15.27111189150751,0.2357,s780,214263.95378197878,2568.8781674494703,7.675508422808569,0.25135563258843013,5006.837315580791,4.172267883297131,104.58549507541306,66140.73287976625,2259.193459195263,2.286132599922506,0.21665175614823415,4959.056492972765,4.569600316141603,115.93075008217697,0.0,0.0,nan,nan,3726.03,1.0,24.400668213494743,0.0,0.0,nan,nan,3728.82,1.0,24.382410999599827,1300152.653184221,108252.12648922425,16.433868086821697,2.6209578399781357,6562.595953758994,3.8993298164962718,74.41330489196046,711056.7866262444,4245.327276389215,23.251674047543904,0.39818408541113215,4861.23079183676,4.10029362462845,105.80348865824332,342818.87724293023,2627.285675970412,10.412142171812633,0.28261207590613097,4340.457601938841,3.824772192866936,110.28965054032683,170208.87944010846,2099.4368362455643,4.712627580966693,0.23224742655233188,4101.776701547294,3.291472102376421,99.82417458345407,80264.91177935705,2860.36510395545,2.2833947372468852,0.3503601587067844,3970.006209630869,3.1090881040550675,97.14055294828036,115448.45710830543,3621.299554727216,3.2101205416723344,0.455501314951296,3888.792071333799,2.8762264710011327,91.32357126708598,0.0,0.0,nan,nan,3825.4,9.99923566878981,331.09476865566154,0.0,0.0,nan,nan,4363.956440113333,8.80842785824299,256.2002501177486,59196.396429537184,6589.715626823796,1.595502324679571,0.813422508921858,3869.1880364515896,3.270226617127158,105.12007674022317,967893.032173781,156251.41465109354,13.160623642447854,4.056268370136892,6583.250965212159,4.095022617572347,78.02362130702184,117146.39738550244,118176.22821323255,1.663221545025516,3.221447239706446,6547.887226937363,2.4919088904540527,46.497991872223686,436162.0034574826,37496.96118794979,14.37727827753658,2.311939255967908,6716.282625250943,4.981935773443606,93.49579398194157,258732.1472967621,43659.255125954754,7.718152812886826,2.430871870443246,6730.568449246342,4.036195323455545,75.18575052475822,0.0,0.0,nan,nan,3426.0,1.0,26.53754284399528,0.0,0.0,nan,nan,3760.0,1.0,24.18021855944889,19673.678023018125,1958.9050232951213,0.6313846950219527,0.19231699413689174,4685.346560563451,3.5066470666037026,93.35816208420216,72596.44618464012,3529.571289328565,3.286146910275304,0.34733127400553204,5875.958310330755,4.282409199974493,91.54119355077397
224d52m16pt41356234s-18d10m42pt80767292s,224.87122598953792,-18.178557686921437,0.23327373775613336,9.939781509165833,0,0,0,nan,nan,nan,nan,0.41485511704963496,0.012536386883085568,92.50202322532428,14.632869306476591,0.2357,s780,102547.04492919674,3094.7383310870396,4.029413409842039,0.33216194863235443,5006.693425587598,6.838786770446091,172.97815869817788,37298.815495972856,2560.134693860093,1.3790122917018506,0.26258191912356327,4959.386460675813,6.196469983321404,158.06368699067937,0.0,0.0,nan,nan,3726.03,1.0,24.400668213494743,0.0,0.0,nan,nan,3728.82,1.0,24.382410999599827,511327.4867205364,62003.27568416229,8.716138191186799,2.024364710328479,6563.014654779798,4.193381577686865,80.20498531505689,337095.66226330976,3167.7934548438216,12.740165271189452,0.3433620839801551,4861.555446176362,5.093265231055665,132.11839632352542,143702.09407398745,2377.587161177409,5.79655450258029,0.3396407759548999,4340.612260817769,4.304277482877953,124.56815194314962,83497.96086548599,2194.1831673305346,3.548089180598037,0.37245810917445976,4102.121017265869,3.610605318037355,109.94024468433915,60908.74378772515,4227.502041197366,3.287923338743753,0.9827685706306912,3969.6662913270693,4.848964210959904,153.86488865589936,53080.56626983629,3722.7688890993454,2.853731615584598,0.9049726994093784,3889.5297930320194,3.779033353014768,121.56755449745356,0.0,0.0,nan,nan,3835.4,1.0,23.704860453545347,0.0,0.0,nan,nan,4364.354961873763,9.99923566878981,291.0428046557292,30127.71271622653,3526.577949589113,1.560847884617249,0.8369635781091119,3868.7832977792646,2.0511272408652537,63.44476253197885,623546.1348442436,74699.23922700653,12.649995168050378,2.893160030947684,6583.5291599519305,5.002724532811043,95.79049238000111,80004.09713180298,54219.948261420825,1.687065778364009,2.195062025838333,6548.344117351842,2.8735662921376335,54.186157951787635,241587.6005487161,17506.792222623848,8.836000275220552,1.1976512260174255,6716.417471729476,5.997401257944167,112.90376753941618,76868.3208584929,20758.05379294488,2.5189384650806934,1.2694228350544732,6731.698669371412,3.661748255125484,67.98285058761464,0.0,0.0,nan,nan,3426.0,1.0,26.53754284399528,0.0,0.0,nan,nan,3760.0,1.0,24.18021855944889,9405.779531484644,3156.4545172094304,0.35159330471736916,0.36110708092481564,4684.179060800886,7.346645513533352,198.70053947244332,17657.113360591324,1669.9685404786287,0.7472298422133993,0.1536341667091042,5876.01567500398,3.1696798728532323,66.98339088512222
224d52m28pt20175298s-18d10m30pt40761811s,224.8745004869401,-18.175113227253682,0.2312070680020264,9.556509106466308,0,0,0,7.6958797845426306,0.004233677237647746,nan,nan,3.1187236669761997,0.07863985768548348,63.62391152541689,14.757651168860951,0.2357,s780,126627.1353485898,1296.5895502815506,30.98470988697715,0.86658256767234,5006.839430489929,2.5874818819905583,63.33916670919502,53699.47347842271,1223.1594747522859,14.268177624454388,0.9017676210698673,4958.801465704171,2.6397683251807407,65.3446227552654,0.0,0.0,nan,nan,3726.03,1.0,24.400668213494743,0.0,0.0,nan,nan,3728.82,1.0,24.382410999599827,145819.99711367508,2003.4390507069172,56.07760102153425,1.4758048382336202,6562.562665353493,2.645932438109654,49.49898253648511,57820.64334088649,1341.2738003807217,12.282096328675115,0.8172235170847364,4861.157866812155,2.285972646649514,56.9899970699389,23960.53262969382,1646.8358835162805,5.043768851414513,1.2278221019995432,4340.367468196593,2.157228501388926,59.849914713920434,3347.0994040250766,11219945957.173914,0.545671450465954,7308467.649385749,4101.752337948645,0.4999617834394905,nan,0.0,0.0,nan,nan,3975.4501703356423,0.4999617834394905,nan,0.0,0.0,nan,nan,3887.7954607547135,7.842437689191425,255.70102881135296,0.0,0.0,nan,nan,3835.4,1.0,23.704860453545347,12274.49953818548,1684.643746636184,2.2334668254251113,1.0738032397059831,4364.024259643557,2.058148893154459,56.47281134826015,40928.309861947455,4699.199373378706,10.590477442859383,5.568286062700502,3869.3386084371573,4.0459512045984445,131.13352888140454,4319.915927712668,18306819.794910297,0.8430593448355105,6820.493484629771,6583.7398586563495,0.7296748387589503,3.983109614561938,0.0,0.0,nan,nan,6546.958151525593,0.4999617834394905,nan,27463.635971590375,2085.041851386333,11.583031177338055,1.6449089015037706,6716.107967435093,2.6482846539306366,48.412914745754726,18740.04917192626,4797.179411861021,7.890064789690621,3.7693322269959193,6731.403883976498,4.794243520180376,89.70895338574903,0.0,0.0,nan,nan,3426.0,1.0,26.53754284399528,0.0,0.0,nan,nan,3760.0,1.0,24.18021855944889,11248.126005031272,2813.75167502845,2.5506566859921467,1.9495490971231653,4688.460897036952,8.181743301356496,221.4832375796967,9466.101030837055,1406.9057114673626,3.5311060829352323,1.1409976224118816,5875.635846095035,2.294861160195906,47.3542612866685
STACK,0.0,0.0,0.23287129998872355,nan,0,0,0,nan,nan,nan,nan,0.32295059828909795,0.015161385160687355,93.51583201644402,14.002963565719423,0.2357,s780,256482.75920242936,13530.344546632881,4.21802371100995,0.6078815969165713,5006.322691658576,4.632807790810981,116.44707709032889,78471.54176754222,7002.67558033928,1.2743444576081004,0.3155642842446049,4958.550517716471,4.817214127595681,122.35969889324517,0.0,0.0,nan,nan,3726.03,1.0,24.400668213494743,0.0,0.0,nan,nan,3728.82,1.0,24.382410999599827,1504726.294478504,148523.26674950917,10.01935618240243,1.894525672487562,6561.93832612248,4.790851870394896,91.93916398239854,1037168.8510393413,12058.395425096793,16.455797548016452,0.5488911425118747,4860.5417642161665,5.398981896346995,140.19690745177502,492287.52414409234,5495.255384691259,7.802612956945253,0.3085630874297388,4339.835285196186,5.13324590638912,149.15687435204774,259403.48975045525,3840.761752468019,3.9821242971492428,0.23564434209370388,4101.211582129359,4.25817462992025,130.36783357163733,125708.85777418525,8883.392837105574,2.065469469797708,0.6284595598392454,3969.9766943208083,4.314541038638643,136.52302282646366,158755.20567781117,5563.597682507831,2.63898386790979,0.4184449323711016,3888.490465009692,3.0653636149262553,97.6946434689714,0.0,0.0,nan,nan,3835.4,1.0,23.704860453545347,0.0,0.0,nan,nan,4363.031298605402,9.99923566878981,291.0428046557292,71016.86289462789,14014.426726485683,1.1543306394194233,1.04458417433637,3867.1819167172566,5.712590047052185,186.56928388865532,1487899.2961502844,242246.44354210055,12.392461175667465,3.8527888808012922,6582.084226122121,6.0433962587749805,116.08001852202851,231408.74997200372,145551.96037447374,1.8549872645883296,2.2404056323572594,6547.202440942177,2.629738140290188,49.28391757743063,648170.3080110819,53441.618742969695,10.627359266734073,1.6391901166756646,6715.331808212012,6.731175554943336,126.89765164112373,281761.124792454,59711.88823099939,4.232581233294701,1.6743617009917453,6729.928692856869,4.358936014672016,81.37706140659931,0.0,0.0,nan,nan,3426.0,1.0,26.53754284399528,0.0,0.0,nan,nan,3760.0,1.0,24.18021855944889,21625.128552448452,3097.130787670661,0.3449782925834748,0.15113066949806928,4685.5611302666875,2.7041450570441667,70.96741036556254,86294.83901717998,7277.1333266204965,1.7814560796847358,0.32664019857766335,5875.215136002503,5.616879513732713,120.75506561413181
57d56m48pt79154107s-73d58m48pt60684687s,57.94688653918589,-73.98016856857441,0.27518057123325623,39.248131084847024,0,0,0,nan,nan,7.787963057583736,0.0010066941076600742,6.626805074523425,0.11830017073806444,82.02814383670133,17.757048023005616,0.127,BLANK,19219.065637970107,108.18122953664741,117.43846827453073,1.8055775966157914,5006.8440133410595,2.6397817192971744,64.71943815781913,6967.136108399569,156.11761616285642,39.286053762378536,2.44247596802334,4958.932099242395,2.552980403853781,63.03081017092129,10239.26835553471,366.27374974807225,24.378960866805453,4.389467212069559,3727.1605714384905,1.8444088410816717,58.30431290832494,14200.654660239872,481.1007536713505,33.857266154307354,5.765567380667746,3729.1319157322914,1.8444088410816717,58.26068810664124,21288.95502511588,300.6210758883675,115.57872315507579,3.126140237123915,6562.778844372808,2.7485613074451427,51.56051753262757,7639.597693430737,97.22396080799388,41.40591020237308,1.5113827238538413,4861.319768223093,2.6319444051371965,66.44373865485593,3860.3026775704307,94.54618098334626,14.815075172226283,1.2850964645688514,4340.451806819618,2.450703543440327,68.88700394558599,2843.911205703502,113.3510259532846,12.481678192854545,1.9879491213480722,4101.540945454418,2.5106559648463507,74.8360343038936,2454.6267931365455,133.98474557623575,8.87031792055673,2.084298634504153,3970.345017484817,2.1558757399133373,65.38761982840936,132.72671437209806,230277439.268712,0.3248694134288014,2551121.875843945,3887.917694242912,0.4999617834394905,nan,0.0,74.27351948702074,nan,nan,3835.4,1.0,23.704860453545347,0.0,0.0,nan,nan,4361.477933318056,0.4999617834394905,nan,3098.3202839254254,225.23503132049666,9.88524358603416,3.290166351506667,3869.6480914025883,6.7694332988343175,221.56961892817097,258.8566216550539,2195.0559027961745,0.44364022026885025,7.182350305999773,6583.312871413154,0.4999617834394905,nan,0.0,0.0,nan,nan,6549.123664188079,9.99923566878981,193.93267853817915,3062.3102482917575,260.7807545943629,18.627056569447802,2.9669173705213066,6716.537709340889,2.8231657485614865,51.84206912481715,2018.0885901937263,302.90613452750875,11.122719099664625,3.115926884703878,6730.789325706467,2.3682071149780626,42.7919742262024,0.0,0.0,nan,nan,3426.0,1.0,26.53754284399528,4761.7246003241235,451.32143179559307,17.607903454591998,8.2271860088759,3757.285321111844,9.99923566878981,337.7342754526394,0.0,0.0,nan,nan,4685.891300099936,4.595408070466323,123.40039484812417,822.3709566356762,76.84658168021242,6.608467159856018,1.3425710497811718,5875.639793210902,2.306513249037344,47.619298709274105
57d57m19pt18502289s-73d58m03pt20516538s,57.955329173023635,-73.96755699038196,0.26927454889705293,60.81267437445762,0,0,0,nan,nan,nan,nan,0.6340207489509695,0.03427370074902344,84.54781536105993,18.532727694946775,0.127,BLANK,3805.036431191798,98.81030775063275,2.4971505542889325,0.17712378294753667,5006.825603139886,2.2677654994377003,54.8472185405306,2363.850099150106,305.93474999162027,1.5253948676106273,0.5474176737548885,4960.785936106638,5.483966307598973,139.6382399463187,0.0,0.0,nan,nan,3726.03,1.0,24.400668213494743,0.0,0.0,nan,nan,3728.82,1.0,24.382410999599827,29901.790829543745,1135.14636757454,21.847943526962716,1.58869856147505,6562.623037146753,2.7635557981701493,51.86125379835672,9729.786510218706,139.7127512373274,6.42238360708817,0.2645198998805891,4861.187299739311,2.397135909151442,60.04077907142115,665.2810840921921,9.13454759509265e+81,0.374640836660756,1.8220976741225724e+79,4340.13063328964,0.4999617834394905,nan,752.0588536118569,125.49295667621327,0.40240092313878034,0.2682654955218515,4101.898947596167,1.2787731143733945,33.21605757364611,0.0,0.0,nan,nan,3970.0204996386497,0.4999617834394905,nan,0.0,0.0,nan,nan,3888.73334233752,3.7615202483190098,120.98411102519965,0.0,0.0,nan,nan,3836.563105552926,0.4999617834394905,nan,2503.7349293057146,431.4477616322869,1.4286822827412538,0.8626195621435612,4363.512294417784,7.89653389947222,229.49870578325363,5899.443967872969,746.8666511451345,3.1532884729224464,1.834757882026204,3863.613732684995,9.99923566878981,328.2406140748108,8340.069333274347,2778.960683296183,5.016868727216193,3.191547527951372,6583.218631687828,2.4002571753489796,44.39822483874982,725.4082617175826,5339.2512087798605,0.42494588312524245,6.005440006217924,6547.6917647557,0.4999617834394905,nan,4494.460707411071,342.54301739014784,4.508315013866386,0.6426998233436314,6716.207479030806,2.6980828080267107,49.39097051960163,2907.679419805226,459.80580144612276,2.8640626039410124,0.8453240320201648,6730.722407331955,2.55108391009893,46.40044489801939,0.0,0.0,nan,nan,3426.0,1.0,26.53754284399528,3190.7749617649342,346.7955943291658,1.6947909401194896,0.9089030583384058,3755.9316827505295,3.9743816233163582,132.4652196892528,836.2235291918776,178.5818316848199,0.4712029689109928,0.30772194116260293,4686.307106847431,4.347134088568807,116.57049476344737,2150.2135813258683,255.78876960012173,1.970034673803619,0.5095986857911814,5874.8305294805805,5.744225652787902,123.53553528044081
57d56m58pt90723155s-73d58m01pt20641911s,57.949696453207565,-73.96700178308524,0.26954626238508683,42.71287069211503,0,0,0,nan,nan,nan,nan,0.7769693923966212,0.11933323985783838,69.25306047575555,19.881719510326928,0.127,BLANK,1180.039215204379,84.44711319343477,1.3287687782191757,0.25973431645780476,5006.805431516165,2.0674418351922537,49.46442305297696,94.31375578850067,155.79572507936408,0.10105893548094184,0.46296266654932616,4960.347048047232,0.4999617834394905,nan,0.0,0.0,nan,nan,3726.03,1.0,24.400668213494743,0.0,0.0,nan,nan,3728.82,1.0,24.382410999599827,7435.442103267742,360.1501480675873,11.139705823680156,1.0335190090768465,6562.743297049386,2.873579707495573,54.06464200255194,1640.1585229271914,106.94791171008147,1.9291508557134958,0.3607972502086907,4861.311530733407,1.8029999070180376,43.513701723323194,600.2514569985507,1582511.9214565041,0.6274050021586244,5858.189718005424,4340.488860981421,0.6337021723547208,nan,0.0,0.0,nan,nan,4101.391658299458,0.4999617834394905,nan,0.0,0.0,nan,nan,3969.252378484725,0.4999617834394905,nan,0.0,0.0,nan,nan,3887.6688664255134,0.4999617834394905,nan,0.0,0.0,nan,nan,3832.4767153919083,0.4999617834394905,nan,771.3462435119689,161.3322899571145,0.8032564825965681,0.5888070926665648,4362.99926961804,2.425197109597438,67.75087849278584,3590.523565478153,744.4809287581761,3.340408232170953,3.171475689361521,3869.483702580668,9.99923566878981,328.2406140748108,2309.1750088040058,669.529190180763,3.1450800889420654,1.7409723805474744,6583.339952108595,2.3107817922061717,42.586057267109986,192.43178198871433,4.9666373946702745e+66,0.251721413952189,1.247446614033172e+64,6547.651513758443,0.4999617834394905,nan,1656.695331703217,141.64489201378947,3.11035561222089,0.49739953227232714,6716.504112324363,2.5669555268804958,46.812564889991,869.0300756197896,165.9396551978105,1.5677479146981188,0.5587182066948486,6730.900884257351,2.1503238101655318,38.45692817952058,0.0,0.0,nan,nan,3426.0,1.0,26.53754284399528,0.0,0.0,nan,nan,3759.8724708534983,5.050027502828119,169.33865123766475,345.12430838184457,105.1366829854549,0.3415194471416324,0.3181018013321119,4686.68842832283,2.0704565849350876,52.94179577406054,577.0169702631663,173.41425115853772,0.9013731308114413,0.589013193670995,5875.158732228518,6.478814388641081,139.55808886020333
57d56m53pt83982568s-73d58m04pt00664979s,57.94828884046664,-73.96777962494207,0.26927015150880207,36.925470724294264,0,0,0,7.571639925441885,0.047142201047169686,nan,nan,2.2671833248415107,0.1938445022620282,75.82727223386217,16.936988386061223,0.127,BLANK,2256.0870251270744,110.88570668153764,5.89195533963237,0.7909552224410413,5006.939545956708,2.1315735114071104,51.19411187803257,1478.5247352285855,201.9252536449528,3.652235744691774,1.3834168293521742,4960.058755352411,4.371517644370762,110.78182945953895,0.0,0.0,nan,nan,3726.03,1.0,24.400668213494743,0.0,0.0,nan,nan,3728.82,1.0,24.382410999599827,5842.334724294937,240.39549553761222,18.821832949888606,1.483462884658994,6562.643154196364,2.614431391695639,48.86503675510179,1647.24736611969,97.52599781104462,4.250695261012083,0.7218584849248418,4861.179773875868,2.2564227221059143,56.17653170721936,81.46690984974538,119.17292700658726,0.1519641656688869,0.7874540527275217,4340.066842328147,0.4999617834394905,nan,296.85689062868556,99.33294667357785,0.5414395924866122,0.7243328293081699,4100.613393821317,1.371295123550879,36.599373162902324,0.0,0.0,nan,nan,3973.6005774285586,0.4999617834394905,nan,0.0,0.0,nan,nan,3891.922815658415,9.99923566878981,326.52642944617054,0.0,0.0,nan,nan,3836.5626137737972,3.670135307314365,119.58807471115962,736.3787767163398,107.82988130696658,1.3793010773334038,0.7070308391287651,4365.516055452212,1.9894307345525464,54.33579849499271,2056.027691865754,250.10734007465825,3.325346141201278,1.8555900347756882,3866.6433304125203,5.445269923050718,177.70238428461025,2186.4795958487884,93565905.36280362,5.77569446173929,471899.45876856404,6582.967712781604,0.613163152489432,nan,0.0,0.0,nan,nan,6549.43727810709,0.4999617834394905,nan,1451.1863685506003,144.5450107356549,5.27793573583127,0.9833021665332412,6716.413222797728,2.652762787504975,48.50092243623774,1021.119066827744,192.72830509498922,3.7407635954181035,1.317758560781596,6730.819875189139,3.1889363850112367,58.84605050785214,0.0,0.0,nan,nan,3426.0,1.0,26.53754284399528,0.0,0.0,nan,nan,3759.995047931774,2.131464423062161,68.16649562874073,0.0,0.0,nan,nan,4685.120908703478,4.908931786709018,132.01290129398183,0.0,0.0,nan,nan,5876.183913943043,3.581319826524264,76.10161061975116
STACK,0.0,0.0,0.2708178835060495,nan,0,0,0,nan,nan,8.058441321197572,0.013868295615554109,7.804229615154827,4.224596580172885,120.79602035192046,22.844761591676583,0.127,BLANK,19152.350145520893,547.9808633448745,6.325371064581861,0.49432337675097443,5006.874757286113,2.6465946229829176,64.89908590961733,4986.509011915334,475.5403166542208,1.5376655063472617,0.40686013961335854,4958.9441857385455,2.1877936295875626,53.21464595143756,1762.4680853786926,2388.48110942125,0.4444814617734392,3.033419938454441,3726.4397729258135,2.547565473273726,83.69422809097276,21699.122602935317,24722.972577182976,5.480191204516751,31.398681638165105,3728.488992849516,2.547565473273726,83.63160589511084,18505.02136289125,1447.3208084928913,8.014634445771668,1.2006698451734785,6562.790602607664,2.5029559668180386,46.616735113638185,6099.314370929858,873.6652791720612,1.823744968277067,0.7492992630727985,4861.202032601604,2.6967762510254363,68.2034034793943,5948.6598100975625,465.32264182701067,1.6788010828041209,0.4649605512735925,4341.0774039830285,3.447138595317803,99.00150133358328,8353.281642474818,851.0844777927385,2.2350885605019593,0.9100916113805458,4101.3208997696565,9.490080380689838,293.7522067894514,4244.733794504789,530.6385687461653,1.0743087643044447,0.5780926187629283,3970.4653054079026,2.3911459518929683,73.31857600837196,10613.687026312666,1025.557998302803,2.694053183960398,1.1762167024535017,3890.653161024443,9.99923566878981,326.52642944617054,18856.015753833355,3112.0629961036,5.313046215347892,4.087675600095095,3841.4944382073563,9.99923566878981,331.09476865566154,0.0,0.0,nan,nan,4364.578870725069,6.174194519364249,178.98963578610693,0.0,0.0,nan,nan,3869.4864640998826,5.651909427081822,184.55712119645077,780.6064620925474,8218.841907164338,0.3409049350135053,6.852258287140316,6583.712016381592,0.4999617834394905,nan,0.0,0.0,nan,nan,6547.510530273217,8.175035128596395,158.35896377776817,1771.2373326925212,462.017664577821,0.9025379151480246,0.44034125015228465,6716.426878866715,2.083429224719879,37.19567152656758,2172.688575261102,307.227312231703,1.1909348231292274,0.3143203546479856,6730.577631739588,2.4691322162131772,44.78631466883861,0.0,0.0,nan,nan,3426.0,1.0,26.53754284399528,17757.62058577238,1049.9057603469307,5.003963091557986,1.4506217535084391,3765.2142817006165,9.99923566878981,337.7342754526394,0.0,0.0,nan,nan,4684.834592155507,4.937166190987681,132.78790572161643,470.17589010079763,179.13653843163692,0.21360163400195598,0.17697514677524498,5874.513294504466,1.659919157719224,32.61183009485747
77d34m26pt41964476s-45d19m21pt89816852s,77.574005456878,-45.32274949125679,0.5342542479259165,5.2006571031240645,0,0,0,nan,nan,8.115679111958677,5.123213199179252e-06,8.685257884703859,0.02077714185149501,49.82166929197533,8.175986044383318,0.201,BLANK,249308.32288192012,215.24777575033266,60.01883084853585,0.14153873451491678,5006.845825257513,2.4300107539299285,59.16932050977938,80912.18471914898,187.1825512701041,19.306741181884618,0.12392661468456115,4958.86329400616,2.3482172933999914,57.544914244616244,152556.7908883294,381.42652541350174,20.09656282606138,0.25310903518662903,3726.017259518478,2.3017530870364165,74.92071259461422,216121.83700075248,501.71782839419507,28.52482209710671,0.3329325755284513,3728.76874001539,2.3017530870364165,74.86465497098555,0.0,0.0,nan,nan,6562.8,1.0,13.853480493619768,80469.58936257093,175.25019781491832,19.337985681159818,0.12079526972594534,4861.302183474398,2.535063185759595,63.80794689857295,38756.776411874416,251.51991188028055,6.69625487196706,0.15390989079591744,4340.448893000747,2.172255638767141,60.31570093304677,20814.337733270873,203.3329643934597,3.2327147020797806,0.126183171758965,4101.684901087284,2.139566931461451,62.753491698900675,12125.36008243875,268.90900009071356,1.6853512764137253,0.1609664669659093,3969.631718837856,2.4417976432498714,75.01561512191233,13202.617281841412,995.8118873865373,1.6011081549662085,0.5462741782432485,3888.8629907222194,1.7782804294336851,53.51301501966475,4611.007891199343,41389825.860060245,0.5935076660785563,24933.301447431477,3835.363713935077,0.5058343797689566,nan,0.0,0.0,nan,nan,4363.056251565034,0.4999617834394905,nan,29607.96352004574,645.5932691026426,3.649951448841458,0.3645913655804969,3868.74628104767,2.222241400252445,69.40521785855528,0.0,0.0,nan,nan,6583.45,1.0,13.810026928666252,0.0,0.0,nan,nan,6548.05,1.0,13.88468655302385,0.0,0.0,nan,nan,6716.44,1.0,13.536579167464883,0.0,0.0,nan,nan,6730.82,1.0,13.507659064352907,283.9054255321234,0.0,0.02964318468246698,0.0,3424.8116738643885,0.4999617834394905,nan,623.1243175528505,237.0701870596974,0.07988711793092369,0.14943162276705188,3761.192827651989,1.855609318669926,58.1872567999845,1660.4684896018443,204.5133877687701,0.33923085903028805,0.12776150820658128,4686.4389191719765,5.942144538746644,160.32417347047917,8192.306864480055,202.39399934740445,2.721917677691114,0.14620072022679748,5875.603513219343,2.767675780750271,58.01893351126716
77d33m52pt28579072s-45d19m21pt29705831s,77.56452383075523,-45.32258251619784,0.5366391711089196,30.643132446956535,0,0,0,nan,nan,7.413180329814931,0.0006850878871466824,4.335733214331925,0.09008529128435554,60.637834836959236,9.652229463779994,0.201,BLANK,7153.263883989061,121.63889153220653,7.508611124930444,0.3487500241122174,5006.841945047856,3.2590748711541133,80.93523262547575,3490.6614285025908,190.38115537040994,3.587363622334594,0.5428102107631874,4959.195503185504,5.226223441730242,132.96390409778073,20204.710823716003,585.4962676797802,19.534565816955983,2.851738252129514,3725.925342885194,3.1961670177611525,106.55460774532852,27822.980046369492,884.398467473591,26.952626553211715,4.30758158342101,3728.7171682238936,3.1961670177611525,106.47488081948885,0.0,0.0,nan,nan,6562.8,1.0,13.853480493619768,13532.109399313587,128.4283395971402,14.832315747296914,0.4037383565428388,4861.409610627539,3.6154490484931703,92.89099191455563,5416.991428781284,118.66025010071593,4.769955667940847,0.37008466706416937,4340.302576593213,3.2087265403452405,91.84838547839547,1608.5153121670648,145.14282355385828,1.265532934690619,0.4561120682081878,4102.3673774169965,2.300195328822323,68.00755699839068,118.2703014146109,324.0881490344846,0.08975128771560001,1.0596709575896714,3968.820819012046,0.4999617834394905,nan,684.5944251167559,4951997.370999935,0.47203267580843306,15446.352668684483,3888.73731648043,0.5153155010501996,nan,0.0,0.0,nan,nan,3829.9396222376868,0.4999617834394905,nan,0.0,0.0,nan,nan,4363.220853493835,3.6238711609724152,103.74623649717938,1018.9328450673531,122.54348740754872,0.693680727500327,0.3823335994878388,3868.1308171171727,2.139867214414382,66.54302673047957,0.0,0.0,nan,nan,6583.45,1.0,13.810026928666252,0.0,0.0,nan,nan,6548.05,1.0,13.88468655302385,0.0,0.0,nan,nan,6716.44,1.0,13.536579167464883,0.0,0.0,nan,nan,6730.82,1.0,13.507659064352907,0.0,0.0,nan,nan,3428.8747306490804,0.4999617834394905,nan,1511.2744340924185,182.39737300650037,1.2023516838128263,0.7151570876962919,3757.7141753239966,2.9344241555244115,96.48854288309737,0.0,0.0,nan,nan,4687.478914462106,2.4459324565351954,63.676439154583846,1604.3229830300113,131.75559983260916,2.1418727252191188,0.38245790866467383,5875.283231143855,3.4589732642800923,73.39662475034214
77d34m16pt46489436s-45d18m50pt09813663s,77.57124024843284,-45.313916149064454,0.5750586376976505,28.792961809877177,0,0,0,nan,nan,nan,nan,nan,nan,81.59821913919751,19.34043318077365,0.201,BLANK,17575.7975786034,560.7744433041228,79.941852772731,6.967282682548658,5006.630839558185,6.1507486562083065,155.38044504016614,382.6346301124486,263.0249643174031,2.218583133725273,4.232591191808004,4958.073007032777,6.068632451775395,154.7601188769085,2099.6413933143936,412.49328172516834,5.289677984530446,5.247211102581565,3722.6561532137393,4.087933258496824,137.61256780183936,761.5574396373781,265.1859420189006,1.92743792801115,3.37335583597997,3729.2262897244577,4.087933258496824,137.50960250338912,0.0,0.0,nan,nan,6562.8,1.0,13.853480493619768,0.0,0.0,nan,nan,4861.5900748237145,4.334025559216414,112.01071581839656,604.3384357407067,58.07827812373684,1.7296662814472057,0.5889957044579629,4339.435731196996,1.5785521722101707,41.49927290183551,0.0,0.0,nan,nan,4101.844964263902,2.390437010696514,70.94231465189768,547.2014742796721,90.09233555876374,1.4047884014161962,0.9962830580703003,3969.254766362292,1.6899064679878522,49.32320101034305,162.88348935699935,0.0,0.38992714777455956,0.0,3887.971346619873,0.4999617834394905,nan,0.0,58.159487381077355,nan,nan,3835.4,1.0,23.704860453545347,246.6749803997018,2839082.0400699694,0.7020532066017239,28328.86180523756,4362.20637773147,0.5035852004679034,nan,0.0,0.0,nan,nan,3868.4341661392077,3.3918301290384716,109.21315046338707,0.0,0.0,nan,nan,6583.45,1.0,13.810026928666252,0.0,0.0,nan,nan,6548.05,1.0,13.88468655302385,0.0,0.0,nan,nan,6716.44,1.0,13.536579167464883,0.0,0.0,nan,nan,6730.82,1.0,13.507659064352907,5210.151665864219,643.6762076465274,12.33001944850303,9.66755114634489,3429.417420169918,9.99923566878981,370.65991701749095,161.01383600646267,375.26643582915716,0.4186406647200711,4.805666039835236,3758.587248108077,0.4999617834394905,nan,0.0,0.0,nan,nan,4683.081447157613,5.414710178775572,145.88337168158301,208.59428169276444,133.71026154833356,0.9458385141611394,1.3187861893360422,5873.311343299178,2.6274356424699716,54.872412356040314
STACK,0.0,0.0,0.5486506855774955,nan,0,0,0,nan,nan,8.118318236707582,3.1357830053600274e-05,8.668310043927937,0.08406580517579293,67.09300144153059,15.613943978545809,0.201,BLANK,247832.63975352404,510.8722811260847,45.26026533222084,0.2548336881007236,5006.84564367671,2.4272695650340608,59.09653057979293,79805.33250052268,338.2996026090167,14.47945132351949,0.17030439574152773,4958.863299211106,2.3307592930006864,57.075195320941305,144941.69601789644,2448.8456615869827,12.558907777541247,1.0688389272766676,3726.0640619264022,2.2755451958606114,73.9801725845663,209707.03166744806,3266.841147123984,18.20549579363511,1.4258664978553413,3728.805500126908,2.2755451958606114,73.92481869740872,0.0,0.0,nan,nan,6562.8,1.0,13.853480493619768,78710.46334081303,596.5300416090573,13.896153031298986,0.3020683834348457,4861.309636396029,2.5027425345892276,62.926813791036345,37504.40016641621,307.9381533023388,5.08535923250134,0.1478822203789764,4340.433094568124,2.125603728713989,58.86840369510729,20307.678281383116,272.3123291651718,2.5053233020169943,0.13423371218942118,4101.676743109724,2.1687805027117992,63.712261297956736,10076.399137345548,301.98876133158325,1.127723417758002,0.14554798855782605,3969.6942957839287,2.1546095930761973,65.3446904350375,11656.59209521083,1028.1912452217216,1.149419500202393,0.45863628686494284,3888.808383543544,1.689659472027001,50.34185765764934,1113.3761429539468,694.9042445232767,0.11496201267491375,0.3359544690374036,3834.698201824092,0.4999617834394905,nan,0.0,0.0,nan,nan,4362.138632048795,0.4999617834394905,nan,31352.167079860326,648.5405596642606,3.166606681957108,0.3000678450484718,3868.793821218468,2.2101087751385458,68.98442352399496,0.0,0.0,nan,nan,6583.45,1.0,13.810026928666252,0.0,0.0,nan,nan,6548.05,1.0,13.88468655302385,0.0,0.0,nan,nan,6716.44,1.0,13.536579167464883,0.0,0.0,nan,nan,6730.82,1.0,13.507659064352907,4789.7123216294685,484.07487977423864,0.4059955636249255,0.26130876230540745,3425.45820334809,6.032576885981602,222.65622628502393,0.0,0.0,nan,nan,3756.6331073755955,8.962293753525794,302.5279943542259,1472.4991196101084,268.1051442606922,0.23428614858665694,0.1304180072960723,4686.875102707117,4.783082810828305,128.55733165114003,7335.316705543002,307.4527363386812,1.8052946079852286,0.16450851712355843,5875.628354362976,2.5160351874063833,52.36387819113331
86d54m02pt06828667s-31d52m21pt54405832s,86.90057452407386,-31.8726511273119,0.15075321734996905,24.759792915751184,0,0,0,nan,nan,nan,nan,5.259169015554124,0.10487792294708563,51.292120123350855,12.078567268137032,0.1464,BLANK,24316.490145308035,96.14982327586551,66.21936189027626,0.7151849331046596,5006.846668067292,2.440721006728676,59.45365115244672,7788.652549659581,100.12013913546537,21.375272689674244,0.7623761758411164,4958.90247972884,2.2839958429317244,55.81525050621874,0.0,0.0,nan,nan,3726.03,1.0,24.400668213494743,0.0,0.0,nan,nan,3728.82,1.0,24.382410999599827,14827.025282577071,130.02901820151249,73.93796786087407,1.2420037527496017,6562.726004943886,2.5453929407349536,47.47356877221194,6104.603712110384,118.84175092488894,15.40613641040501,0.8602351239106971,4861.302810206782,2.346240360034738,58.64575505425617,2228.499707173297,125.88464165434986,4.413443905327476,0.8830435379320312,4340.2795055223905,1.1824934659497763,27.953724301610805,0.0,0.0,nan,nan,4101.73,1.0,22.16567686891332,0.0,0.0,nan,nan,3970.08,1.0,22.900702702093618,0.0,0.0,nan,nan,3889.06,1.0,23.37778840736009,0.0,0.0,nan,nan,3835.4,1.0,23.704860453545347,0.0,0.0,nan,nan,4367.059881548262,7.991778302339405,232.28860783726242,0.0,0.0,nan,nan,3868.75,1.0,23.500516131444996,0.0,0.0,nan,nan,6584.229261719352,0.4999617834394905,nan,0.0,0.0,nan,nan,6547.670810680615,9.99923566878981,193.93267853817915,1866.836922503806,195.94384575387878,8.831605603914062,1.7338458611137668,6716.373472756801,2.4789761645104753,45.076744161720335,1333.55503337348,201.3068150270962,6.207910808678441,1.7491037895301225,6730.571360958261,2.049832173599569,36.440806876589065,0.0,0.0,nan,nan,3426.0,1.0,26.53754284399528,0.0,0.0,nan,nan,3760.0,1.0,24.18021855944889,0.0,0.0,nan,nan,4685.476657340168,4.376250753524741,117.37198507719813,604.7569875437609,61.08581401947021,2.474500380795655,0.5433863028954757,5875.83522524014,1.9236641612444045,38.823485256129366
STACK,0.0,0.0,0.15075321734996905,nan,0,0,0,nan,nan,nan,nan,5.259169015554124,0.10487792294708563,51.292120123350855,12.078567268137032,0.1464,BLANK,24316.490145308035,96.14982327586551,66.21936189027626,0.7151849331046596,5006.846668067292,2.440721006728676,59.45365115244672,7788.652549659581,100.12013913546537,21.375272689674244,0.7623761758411164,4958.90247972884,2.2839958429317244,55.81525050621874,0.0,0.0,nan,nan,3726.03,1.0,24.400668213494743,0.0,0.0,nan,nan,3728.82,1.0,24.382410999599827,14827.025282577071,130.02901820151249,73.93796786087407,1.2420037527496017,6562.726004943886,2.5453929407349536,47.47356877221194,6104.603712110384,118.84175092488894,15.40613641040501,0.8602351239106971,4861.302810206782,2.346240360034738,58.64575505425617,2228.499707173297,125.88464165434986,4.413443905327476,0.8830435379320312,4340.2795055223905,1.1824934659497763,27.953724301610805,0.0,0.0,nan,nan,4101.73,1.0,22.16567686891332,0.0,0.0,nan,nan,3970.08,1.0,22.900702702093618,0.0,0.0,nan,nan,3889.06,1.0,23.37778840736009,0.0,0.0,nan,nan,3835.4,1.0,23.704860453545347,0.0,0.0,nan,nan,4367.059881548262,7.991778302339405,232.28860783726242,0.0,0.0,nan,nan,3868.75,1.0,23.500516131444996,0.0,0.0,nan,nan,6584.229261719352,0.4999617834394905,nan,0.0,0.0,nan,nan,6547.670810680615,9.99923566878981,193.93267853817915,1866.836922503806,195.94384575387878,8.831605603914062,1.7338458611137668,6716.373472756801,2.4789761645104753,45.076744161720335,1333.55503337348,201.3068150270962,6.207910808678441,1.7491037895301225,6730.571360958261,2.049832173599569,36.440806876589065,0.0,0.0,nan,nan,3426.0,1.0,26.53754284399528,0.0,0.0,nan,nan,3760.0,1.0,24.18021855944889,0.0,0.0,nan,nan,4685.476657340168,4.376250753524741,117.37198507719813,604.7569875437609,61.08581401947021,2.474500380795655,0.5433863028954757,5875.83522524014,1.9236641612444045,38.823485256129366
91d28m32pt43779589s-35d18m06pt14972423s,91.47567716552496,-35.301708256729235,0.14119220064357707,43.70785513747017,0,0,0,nan,nan,nan,nan,15.549022819819143,3.2006755319989386,63.42128281829541,14.260961799445111,0.1356,BLANK,12816.96444550263,258.2269342957454,1.765851498338818,0.09717525755880492,5006.850951769893,3.037163570910928,75.14755817752925,4443.624867686077,511.980060298904,0.5510132993131642,0.17616476422573313,4958.605276153996,3.733069454284798,94.13913383358938,0.0,0.0,nan,nan,3726.03,1.0,24.400668213494743,0.0,0.0,nan,nan,3728.82,1.0,24.382410999599827,3441.729833540685,1953.5362000371053,0.49628351207820576,0.5395312065050077,6563.117489566418,2.0743827669276813,37.88007664629192,1110.0755020558565,225.5070760968356,0.1387021119090104,0.08080711556763281,4861.652494196606,1.2439103608778972,26.928344760456614,2900.40901892612,454.73075688847734,0.3941355835375472,0.2191171738346927,4337.869586696012,4.58083550113638,132.78259672238795,0.0,0.0,nan,nan,4101.73,1.0,22.16567686891332,0.0,0.0,nan,nan,3970.08,1.0,22.900702702093618,0.0,0.0,nan,nan,3889.06,1.0,23.37778840736009,0.0,0.0,nan,nan,3835.4,1.0,23.704860453545347,9388.166284043691,1062.0770227346934,1.3180865735640572,0.5227186757608833,4362.491953980427,9.99923566878981,291.0428046557292,0.0,0.0,nan,nan,3868.75,1.0,23.500516131444996,25156.288789188584,879.8209041243623,3.9555370827723157,0.2641055060732628,6583.6779654479315,3.4626174006070745,65.5772282643179,7208.517751458754,855.0049790799594,1.1277880162609666,0.2568228266148595,6548.120648762768,3.5493181672421095,67.65207015396095,4016.5208691766693,570.192496802163,0.6497657759232175,0.1725197932597923,6716.909630765573,3.3965761423288003,63.000021710549454,3899.2366693636573,587.5625557762686,0.6442818556788324,0.18119566079293759,6730.960099627289,3.2728763001970664,60.47236827264506,0.0,0.0,nan,nan,3426.0,1.0,26.53754284399528,0.0,0.0,nan,nan,3760.0,1.0,24.18021855944889,1053.9519064275817,248.55603900562065,0.1336597791675946,0.09648687334984953,4683.740109314888,4.209859791071941,112.78978846342773,12558.014747181,4697.270589759886,2.0082481986215703,1.6356227041582954,5868.494585862627,9.99923566878981,216.12712798001303
91d28m04pt50211571s-35d17m59pt74662321s,91.46791725436461,-35.29992961755859,0.3458965720346654,70.75533180227868,0,0,0,nan,nan,8.09769146376557,0.00031845538234595724,8.158460336869377,0.500048838272803,92.35530361775648,16.492831629533104,0.1356,BLANK,4610.153844505675,81.3834422169647,27.07786133755978,1.305628246276801,5006.855383330885,2.133477741656982,51.24537143715002,1285.883973624526,72.83529032894882,7.024984385763466,1.1040077417919287,4958.984868485034,1.7279615713481524,40.55889334799763,3144.124109392051,292.98899179827725,18.880117669987314,8.869879910029258,3724.848061717794,2.922264849814393,96.94036282997507,4940.6315461206805,413.79261677420055,29.743639328711502,12.527060473899681,3728.496887056013,2.922264849814393,96.8678295319624,3611.3031337997627,237.139046888328,35.920267689881754,4.518270828158151,6562.373284524856,2.913410535194671,54.86096582545035,1713.65587333452,83.61023562198284,12.769250315583713,1.7868280872195934,4861.50294867126,1.9576318094239626,47.87756330024866,0.0,48.030528429435584,nan,nan,4340.46,1.0,20.94654063936261,0.0,0.0,nan,nan,4103.347137184511,9.99923566878981,309.59640827210086,0.0,0.0,nan,nan,3970.5459567016087,5.040102157268733,160.056570663989,1067.2665204185257,147.28909014590255,3.1748179246963337,1.9815692485186314,3889.157799862157,5.359437166060838,173.940697959825,0.0,0.0,nan,nan,3835.1275108546324,4.504835594051937,147.71471838802938,0.0,0.0,nan,nan,4361.470244061393,4.014398379805007,115.33798407638865,151.76277461896927,129.35429565782903,0.4690672832190444,1.8323476655756437,3868.061860355726,0.4999617834394905,nan,47.5731676887364,579.0642352664203,0.24908064269322128,5.78696801362375,6584.811961723358,0.4999617834394905,nan,0.0,0.0,nan,nan,6549.622198663774,0.8181097136067915,8.232758570550764,1130.8502237921643,315.142170004566,9.675663771692296,5.043682661597844,6716.06701490084,6.754585998433869,127.34380731923828,113.54296797088206,250.32690959226835,0.8894706050156223,3.6606633079571993,6729.672046428477,0.4999617834394905,nan,0.0,0.0,nan,nan,3426.0,1.0,26.53754284399528,0.0,0.0,nan,nan,3760.5083150137957,3.0909838654142954,101.93877837578447,1992.831201912305,213.35265075435333,8.731159164342547,2.860844067509142,4684.154591309339,5.649189278140318,152.3058279307474,1012.3732859135107,267.55125423057524,9.24383848699337,5.31401949565099,5873.209484189597,5.344451502915159,114.8034510423339
91d28m28pt02579828s-35d18m12pt74935296s,91.47445161063362,-35.3035414869335,0.14163921411758706,43.883954238768474,0,0,0,10.271264523522698,0.04959794521974193,nan,nan,2.7185805727045853,130.86970572340218,63.261664974372174,16.6962354511912,0.1356,BLANK,426.34388330111926,127863.95798601263,0.3271709421230583,268.0301502727183,5006.59687322262,0.4999617834394905,nan,2229.835279901464,500.2329705336334,1.4992120595338758,0.9362735839845295,4948.91,9.99923566878981,256.08064588829484,0.0,0.0,nan,nan,3726.03,1.0,24.400668213494743,0.0,0.0,nan,nan,3728.82,1.0,24.382410999599827,1350.7546265277754,349.5967124033732,1.0269099881382673,0.5092098653620607,6561.218648963247,2.1501222874004613,39.43736321872288,977.0463269955902,169.34536698404872,0.6706938877147618,0.33353254270214205,4860.353985043057,2.0353718288045846,50.05150787095775,0.0,0.0,nan,nan,4341.106845534769,5.301314122799219,154.13147753327087,0.0,0.0,nan,nan,4101.73,1.0,22.16567686891332,0.0,0.0,nan,nan,3970.08,1.0,22.900702702093618,0.0,0.0,nan,nan,3889.06,1.0,23.37778840736009,0.0,0.0,nan,nan,3835.4,1.0,23.704860453545347,2601.3075174036717,610.9196842739501,1.9932402405005643,1.6392117869849223,4364.810691954633,9.99923566878981,291.0428046557292,0.0,0.0,nan,nan,3868.75,1.0,23.500516131444996,4610.1867593923525,320.2332792082384,3.852971234931294,0.5110799230096378,6581.919249982144,4.443375003047786,84.85260899617818,1299.8510423723403,217.21148302559143,1.0517079650953771,0.3375172102138767,6546.2822930991315,2.2667949488624424,41.918027553475625,1143.910054512672,211.05296654947844,0.98154225212367,0.3388113874369233,6714.781028386401,5.342920219960816,100.40211938073816,409.05895061270115,194.48836043113064,0.3614117206844186,0.3207795329163407,6729.428242758585,2.207903611514866,39.60698614885252,0.0,0.0,nan,nan,3426.0,1.0,26.53754284399528,0.0,0.0,nan,nan,3760.0,1.0,24.18021855944889,119.05879110997597,297.2584038590921,0.07902140133039258,0.604429609568701,4681.559778719599,0.4999617834394905,nan,305.72834873724133,162.58143767868344,0.24572549137240113,0.28407507448263014,5875.986980682085,2.6696597473137125,55.82103803570007
91d28m26pt55567156s-35d18m10pt74921944s,91.47404324209927,-35.30298589428815,0.1382824941100782,46.12087106090393,0,0,0,nan,nan,nan,nan,nan,nan,60.81374016944024,14.765671392398753,0.1356,BLANK,1143.2887090458876,10628678.496215895,0.5218955678852523,13252.355665701292,5006.844140249853,0.6850390688853258,nan,0.0,0.0,nan,nan,4958.943520229977,2.6192467416558407,64.79804862445471,0.0,0.0,nan,nan,3726.03,1.0,24.400668213494743,0.0,0.0,nan,nan,3728.82,1.0,24.382410999599827,3177.916367684519,564.7460724647736,1.6220806838081567,0.5518557434450538,6566.003109629727,3.027022641326684,57.12880364768968,0.0,0.0,nan,nan,4864.057300309515,9.8669197983347,257.74710571737245,859.6625861436322,435.50212546309564,0.42294499650046224,0.7588077279883446,4340.567832337351,4.57720988663188,132.67498893086517,0.0,0.0,nan,nan,4101.73,1.0,22.16567686891332,0.0,0.0,nan,nan,3970.08,1.0,22.900702702093618,0.0,0.0,nan,nan,3889.06,1.0,23.37778840736009,0.0,0.0,nan,nan,3835.4,1.0,23.704860453545347,91.58408842322963,inf,0.041354052214676286,inf,4367.149159658701,0.4999617834394905,nan,0.0,0.0,nan,nan,3868.75,1.0,23.500516131444996,3830.002619637124,932.1654723712759,1.788390472726379,0.8312481158683609,6581.49330283606,2.7562792716142357,51.55311354280432,0.0,0.0,nan,nan,6549.877982109376,9.99923566878981,193.93267853817915,0.0,0.0,nan,nan,6719.32427491053,0.4999617834394905,nan,0.0,0.0,nan,nan,6728.971616266251,2.157857061075254,38.607593007869696,0.0,0.0,nan,nan,3426.0,1.0,26.53754284399528,0.0,0.0,nan,nan,3760.0,1.0,24.18021855944889,892.2190422619317,124.54662803465467,0.37912841341570386,0.16204455784225597,4682.999823133205,2.748066486492091,72.20216068212856,0.0,0.0,nan,nan,5875.124378267535,6.154156373677855,132.47992551754476
91d28m28pt76168372s-35d18m07pt54941805s,91.47465602325526,-35.302097060569714,0.14308666406270198,45.883592367274915,0,0,0,nan,nan,nan,nan,nan,nan,73.41214565163861,17.222423852734586,0.1356,BLANK,0.0,0.0,nan,nan,5007.876906802419,0.4999617834394905,nan,0.0,0.0,nan,nan,4959.026705932289,4.3467451919917774,110.13748398825352,0.0,0.0,nan,nan,3726.03,1.0,24.400668213494743,0.0,0.0,nan,nan,3728.82,1.0,24.382410999599827,0.0,0.0,nan,nan,6562.933689155253,6.428757949656111,123.96839554143082,0.0,0.0,nan,nan,4861.462691752124,4.454677518252406,115.21126554551485,91.76389264281873,9.128829905576943e+27,0.00510757148274918,1.798131854442978e+24,4342.148361773116,0.4999617834394905,nan,0.0,0.0,nan,nan,4101.73,1.0,22.16567686891332,0.0,0.0,nan,nan,3970.08,1.0,22.900702702093618,0.0,0.0,nan,nan,3889.06,1.0,23.37778840736009,0.0,0.0,nan,nan,3835.4,1.0,23.704860453545347,29028.856853690177,3683.7085473757743,1.729132427358943,0.771874064566423,4354.9780047449385,9.99923566878981,291.0428046557292,0.0,0.0,nan,nan,3868.75,1.0,23.500516131444996,0.0,0.0,nan,nan,6585.522751222319,9.99923566878981,192.88987927331783,0.0,0.0,nan,nan,6546.919776079043,3.0846609450941886,58.40873503742336,9362.31887032941,4871.453783346302,0.6554556960284205,0.6376385174925283,6719.282524143889,9.99923566878981,189.07053077254085,0.0,0.0,nan,nan,6732.739103230849,7.120338946114698,134.02529404708403,0.0,0.0,nan,nan,3426.0,1.0,26.53754284399528,0.0,0.0,nan,nan,3760.0,1.0,24.18021855944889,0.0,0.0,nan,nan,4690.441054525099,0.4999617834394905,nan,0.0,0.0,nan,nan,5872.279596820627,1.902817579637244,38.338138991581836
STACK,0.0,0.0,0.18201942899372195,nan,0,0,0,nan,nan,nan,nan,10.097274883344893,2.1112240134102604,88.60397055797809,20.30498795561674,0.1356,BLANK,14725.230765800517,834.806564464079,0.5222840242258009,0.08086309758781278,5007.316193025576,3.114554985876155,77.16844614554299,42383.919061450484,7948.7129280886675,1.3956205213761417,0.7284258914489522,4949.724863963363,9.99923566878981,256.08064588829484,0.0,0.0,nan,nan,3726.03,1.0,24.400668213494743,0.0,0.0,nan,nan,3728.82,1.0,24.382410999599827,12750.44741587116,5572.3297388653,0.4794932864302441,0.4012904320215745,6564.231946109832,2.640225504587186,49.384175570655884,5655.897307643924,878.6136351181656,0.18340680560914507,0.08168597344941238,4862.466104093884,1.9011245861177386,46.2894990893073,11183.082120480187,3834.518401027805,0.3902422659104372,0.47359202941294776,4341.868431371634,9.99923566878981,292.5682705754515,0.0,0.0,nan,nan,4101.73,1.0,22.16567686891332,0.0,0.0,nan,nan,3970.08,1.0,22.900702702093618,0.0,0.0,nan,nan,3889.06,1.0,23.37778840736009,0.0,0.0,nan,nan,3835.4,1.0,23.704860453545347,36264.39432690456,3733.4395886779566,1.305877490966265,0.4710403281165359,4363.5959956696,9.99923566878981,291.0428046557292,0.0,0.0,nan,nan,3868.75,1.0,23.500516131444996,76359.99362867167,3605.6311329638374,3.053426495591601,0.27520343782931905,6584.745801311816,5.1289196186336845,98.25448184700969,16322.914449793767,2648.2020239046583,0.6511323468265289,0.20278616996273285,6549.094558495315,3.413721914650053,64.96076459998386,10059.687211145623,1569.8692713679243,0.4214948128921891,0.12299635565845614,6718.285185917516,3.6516184027123497,67.93277359304172,11743.677758930713,2087.802964316464,0.5023827563547564,0.16666215458647607,6732.202183550158,4.909854635554363,91.91880218819261,0.0,0.0,nan,nan,3426.0,1.0,26.53754284399528,0.0,0.0,nan,nan,3760.0,1.0,24.18021855944889,8140.445311934592,1321.805670525579,0.26849711899469,0.13315393647663779,4689.551697975998,9.99923566878981,271.0131455203778,51534.469810468174,22763.73687822748,2.1453695797257097,2.0642733960171236,5866.5733631750645,9.99923566878981,216.12712798001303
99d19m52pt384047s-48d28m52pt49613389s,99.33121779083456,-48.48124892608089,0.44378838225385087,30.666536996666125,0,0,0,nan,nan,8.131616484179146,0.00012779683962049282,9.825793861786446,0.5838986742628933,64.77820969591454,12.109382020055742,0.2026,BLANK,5776.485972292028,97.19913695415173,133.52871451274612,6.13705012240239,5006.84272813074,2.060396721571576,49.273998451057906,1813.923828537137,67.56287465544801,31.160693001997817,3.220273002341312,4958.916577821518,1.6253534018910833,37.65954323455836,2668.4367242132007,179.16404021544759,32.4867544302761,10.987025793363697,3726.1050475783804,2.106232343560108,67.87455352190814,4333.922435838017,258.2275725925771,52.861964064815254,15.835504698490944,3728.786328379881,2.106232343560108,67.82376801755929,0.0,0.0,nan,nan,6562.8,1.0,13.853480493619768,1485.149105115385,81.3675570673816,29.012063949179492,4.558743606768067,4861.477969103574,1.875338847456418,45.56240190439763,502.5351347097662,122.50633455434526,5.506876166812297,4.7535479538635546,4340.88767534656,2.003499480065576,55.06121582392588,549.3963883723563,97875505.92858751,5.372449646107667,3827921.938339102,4099.934208731406,0.5022004463926437,nan,0.0,0.0,nan,nan,3969.687193871607,3.3494338356450806,105.0358159588318,0.0,0.0,nan,nan,3887.902226869273,0.4999617834394905,nan,1262.1336824381967,171.49487256208067,19.59662940484405,12.4848098857186,3832.5264841063567,3.8559237171474767,125.86465376996678,0.0,0.0,nan,nan,4357.950875789293,6.4570471475440145,187.29392678069797,0.0,0.0,nan,nan,3868.953023685533,4.525855757884524,147.14154702440965,0.0,0.0,nan,nan,6583.45,1.0,13.810026928666252,0.0,0.0,nan,nan,6548.05,1.0,13.88468655302385,0.0,0.0,nan,nan,6716.44,1.0,13.536579167464883,0.0,0.0,nan,nan,6730.82,1.0,13.507659064352907,0.0,0.0,nan,nan,3426.8497483555716,4.753040881691511,174.69701696749405,0.0,0.0,nan,nan,3759.6705363228352,2.7669222453021143,90.63777889433197,428.172291777156,59.09677093401409,6.472115821192624,2.730551188875649,4687.366974228147,1.5805397900124136,38.50203397287001,0.0,0.0,nan,nan,5875.418979406242,4.6370378938063705,99.32171708506804
STACK,0.0,0.0,0.44378838225385087,nan,0,0,0,nan,nan,8.131835695724499,0.00013432845598570643,9.825793861786446,0.5838986742628933,64.77820969591454,12.109382020055742,0.2026,BLANK,5776.485972292028,97.19913695415173,133.52871451274612,6.13705012240239,5006.84272813074,2.060396721571576,49.273998451057906,1813.923828537137,67.56287465544801,31.160693001997817,3.220273002341312,4958.916577821518,1.6253534018910833,37.65954323455836,2668.4367242132007,179.16404021544759,32.4867544302761,10.987025793363697,3726.1050475783804,2.106232343560108,67.87455352190814,4333.922435838017,258.2275725925771,52.861964064815254,15.835504698490944,3728.786328379881,2.106232343560108,67.82376801755929,0.0,0.0,nan,nan,6562.8,1.0,13.853480493619768,1485.149105115385,81.3675570673816,29.012063949179492,4.558743606768067,4861.477969103574,1.875338847456418,45.56240190439763,502.5351347097662,122.50633455434526,5.506876166812297,4.7535479538635546,4340.88767534656,2.003499480065576,55.06121582392588,549.3963883723579,97875505.92819992,5.3724496461076825,3827921.938323943,4099.934208731406,0.5022004463926433,nan,0.0,0.0,nan,nan,3969.687193871607,3.3494338356450806,105.0358159588318,0.0,0.0,nan,nan,3887.902226869273,0.4999617834394905,nan,1262.1336824381967,171.49487256208067,19.59662940484405,12.4848098857186,3832.5264841063567,3.8559237171474767,125.86465376996678,0.0,0.0,nan,nan,4357.950875789293,6.4570471475440145,187.29392678069797,0.0,0.0,nan,nan,3868.953023685533,4.525855757884524,147.14154702440965,0.0,0.0,nan,nan,6583.45,1.0,13.810026928666252,0.0,0.0,nan,nan,6548.05,1.0,13.88468655302385,0.0,0.0,nan,nan,6716.44,1.0,13.536579167464883,0.0,0.0,nan,nan,6730.82,1.0,13.507659064352907,0.0,0.0,nan,nan,3426.8497483555716,4.753040881691511,174.69701696749405,0.0,0.0,nan,nan,3759.6705363228352,2.7669222453021143,90.63777889433197,428.172291777156,59.09677093401409,6.472115821192624,2.730551188875649,4687.366974228147,1.5805397900124136,38.50203397287001,0.0,0.0,nan,nan,5875.418979406242,4.6370378938063705,99.32171708506804
42d00m25pt11764436s-3d32m09pt88493573s,42.006977123434105,-3.5360791488145193,0.4121800543242835,46.67686397713839,0,0,0,nan,nan,8.079542614025266,5.623726968442455e-05,7.974470812720932,0.20715812308296339,73.13304676990617,15.297608430306887,0.19,BLANK,17942.518221893275,175.99556576458082,42.59739568899729,1.1412700279669072,5006.837614787989,2.4911431171797753,60.79075692894507,6913.5918494398775,146.50529036651014,15.062118546403454,0.8855776908759373,4958.9546226459315,2.422003407137631,59.52651291540629,18976.431693816518,518.2043292137095,40.25069529527655,5.536458803340361,3726.130359243943,2.228714060372425,72.29666229002572,23592.681604407466,618.54091078761,50.133951575077575,6.60844782202493,3728.7557202161756,2.228714060372425,72.24256804900868,16422.016814121795,272.74395108704755,175.01024537081526,5.567639979197764,6562.583143011376,2.8669113206095385,53.931256020651446,8455.134510242353,192.82125988062742,19.739759608655792,1.2910744141035033,4861.545951787073,2.1793341327115465,54.048923376489206,2478.775171610477,190.71626396504686,3.9717482876226087,1.0823531649314988,4340.31709175998,2.5471196778035097,71.83298038307589,1617.5242229952362,201.00641426756232,2.5255039518325435,1.2538980026624964,4101.828177362945,1.7493771563021057,49.761050975785736,0.0,0.0,nan,nan,3966.721185356048,6.482768839324048,206.67006769751532,0.0,0.0,nan,nan,3888.8049066791878,0.4999617834394905,nan,1621.6524688755178,192812011.01907536,1.9501593901733325,1084271.446251039,3836.6583821547983,0.5197369350898791,nan,0.0,0.0,nan,nan,4363.151571151014,4.845617701179767,139.90281452744892,5270.203364021966,347.84157163693493,6.5570343114133625,1.9817697240482683,3869.3906763420123,3.4504022961418928,111.18226592543883,0.0,0.0,nan,nan,6582.035605540763,0.4999617834394905,nan,0.0,0.0,nan,nan,6547.9054055186725,0.4999617834394905,nan,0.0,0.0,nan,nan,6716.44,1.0,13.536579167464883,0.0,0.0,nan,nan,6730.82,1.0,13.507659064352907,2333.0508575643794,301.03128708296475,3.4710863922186457,2.847074189061773,3427.533493390079,1.521495138645905,50.199663127938585,2203.281066279659,223.7713747249709,3.1912903838577087,1.5919997355934576,3762.6170999581213,1.5091226488204763,45.26809588510096,3211.687842642024,898.4862475761927,6.7878357902479785,5.822455447589402,4679.357926838311,9.99923566878981,271.0131455203778,1433.4608562545031,210.4831556039769,4.309886105706265,1.3756767049287826,5876.296363312098,2.1399640182233775,43.816886773190845
42d01m09pt00113333s-3d31m54pt88505542s,42.019166981481916,-3.5319125153940685,0.37309216561518954,23.629126371205246,0,0,0,nan,nan,8.00803085513167,0.00017516159293741345,9.063643605587353,0.5052570911684463,86.46239885793037,16.843054799376354,0.19,BLANK,7330.545414105135,216.79288218436574,7.48273378125127,0.6044374761729066,5006.870933047453,3.235124199770617,80.3115685723765,1991.7463475407671,201.08046587148465,1.9058490462247364,0.5338448344784807,4958.957007326174,2.6444943187897825,65.47044958218805,14707.556361737139,1075.9525106094345,25.899236872038887,9.545323075913158,3725.8703863252917,3.115514159052204,103.72846715349199,22653.435921101503,1733.349382445976,39.969195808526294,15.377425765296895,3728.6573358527594,3.115514159052204,103.65085481946724,16466.45131311038,404.1502721608343,29.230151400375217,1.3741703152676168,6562.762194818953,3.491238852828977,66.35039551045062,5150.608968749198,175.24160670786517,5.449051950234548,0.5317589547861321,4861.280704543646,2.5805566810086975,65.04663920837409,2472.1124149491634,219.02999189352457,2.192276820380894,0.6880191243229576,4340.154802906922,1.9010588723572224,51.8423237147866,0.0,0.0,nan,nan,4106.053029757375,0.4999617834394905,nan,0.0,0.0,nan,nan,3971.652501613731,9.99923566878981,319.8627926142355,0.0,0.0,nan,nan,3889.9981413396426,7.944395304523054,259.051860101237,0.0,0.0,nan,nan,3834.857889825744,3.0437712617198915,98.32514159787402,0.0,0.0,nan,nan,4362.803887174723,2.185118299808969,60.39753309338835,0.0,0.0,nan,nan,3869.466626196824,2.5425869533329992,80.4363071668773,1100.781373547752,1057.5226993530646,1.2132760586900226,2.2253113472031494,6583.412401868726,1.8697001238450883,33.52647764641278,0.0,0.0,nan,nan,6548.741088329316,0.4999617834394905,nan,4401.983032412235,328.4705082642356,7.604471787702167,1.0613720844438488,6716.296532959333,3.142269077790459,58.065006996725714,2555.5745030037688,468.1641294518978,4.192467501319521,1.4335020838431407,6730.625998169562,3.0682635100289177,56.50418908306755,0.0,0.0,nan,nan,3426.0,1.0,26.53754284399528,0.0,0.0,nan,nan,3762.438564180792,3.9056053158673225,130.09886797002193,558.407210172258,5181729.6389708165,0.5095274047192844,14455.6674873931,4686.838955723094,0.593216994403884,nan,691.0771545401699,176.62343131206185,0.995454455996165,0.5533055273731018,5874.102968785693,3.3074825744311065,70.04155948363673
STACK,0.0,0.0,0.3926361099697365,nan,0,0,0,nan,nan,8.08738547752221,8.107505547842077e-05,8.27288324890523,0.40780900716207724,87.04627805189038,19.33406933023565,0.19,BLANK,18362.01685085415,264.71133862085685,13.534719298382191,0.5329555504534333,5006.819516139066,2.4554278506003024,59.84389952392602,6281.608936810955,188.49642915804006,4.294208168515983,0.3575475982834536,4958.763482394213,2.1994777440477873,53.531159996216886,18586.56238913787,715.7460308869315,9.859130076887663,1.912200735633941,3726.2529453113098,2.3071474087578756,75.11416547929583,19914.23153059508,772.7724422718323,10.583032183447681,2.064553583005857,3728.9156733654886,2.3071474087578756,75.0579631091929,16198.098912985342,378.0813413001968,24.279411498519487,1.0855271326672413,6562.550031272112,2.853271622699162,53.658363320548105,7632.698033754327,351.8683731314203,4.595432836205799,0.6075971188362983,4861.466032803248,1.7760384906870548,42.74649149276921,1759.0136359814587,273.102230852781,0.8557955197114049,0.47057469167930344,4340.484794536395,2.7352372623351626,77.55559110985799,2010.7090712932034,318.26630821939705,1.0322744191753233,0.6527977892966881,4101.883043144156,1.8394860963889295,52.798713997840025,0.0,0.0,nan,nan,3969.4710115629678,3.826527861094599,120.63615071440556,0.0,0.0,nan,nan,3888.6590425955983,0.4999617834394905,nan,545.7107287944282,573.4647852529633,0.25442993781578127,1.2504048015298896,3836.4928231691056,0.4999617834394905,nan,0.0,0.0,nan,nan,4363.403736489623,3.911456049277276,112.28633098773106,6635.0250382856,502.960840008592,3.068730358206973,1.0647880735449506,3870.0410570927875,3.3842685980465137,108.95883363113997,134.12655404154458,1278.1481075755903,0.142447883200994,2.591835238697874,6582.794445385098,0.4999617834394905,nan,0.0,0.0,nan,nan,6551.891379742096,8.149188438547624,157.85458247157786,0.0,0.0,nan,nan,6716.44,1.0,13.536579167464883,0.0,0.0,nan,nan,6730.82,1.0,13.507659064352907,7149.318705515158,2164.376559180977,3.967043928402758,7.606715853804805,3431.7381743066667,9.99923566878981,370.65991701749095,4575.6620167610845,808.3561515390353,2.3764839572510263,2.0590505478081003,3764.8459262946503,7.396449311954642,249.3128868627888,0.0,0.0,nan,nan,4687.37859729083,2.6302933229947225,68.88794833738899,1780.82950767768,231.06447211448545,1.7482397050903413,0.49314609945290844,5875.8125003704945,1.7595539947660057,34.9783247538199
38d39m44pt64316779s-58d31m52pt44420975s,38.66240087994077,-58.531234502708934,0.44225149189779334,84.88729181902173,0,0,0,10.137528455481691,0.05273795214410851,8.090307912082318,4.4351531406465275e-05,10.060074738870135,0.1855487850207526,60.70031251546972,15.215930913906417,0.415,BLANK,20133.23487543524,135.19873045495407,56.735016951764095,1.0406296166146285,5006.845414658196,2.445193050164269,59.57233963099871,6371.334197703156,76.82254411815653,16.64588241022769,0.5568893928690195,4958.865747564006,2.537721454790898,62.62335587664055,16536.388371819114,358.0088668553386,34.7573154098145,3.7904944653424844,3726.050196392073,2.692952925650841,88.84931196431877,23430.959956972587,512.8981766557512,49.34234501301432,5.430417735110032,3728.769012138231,2.692952925650841,88.78283260077201,0.0,0.0,nan,nan,6562.8,1.0,13.853480493619768,6607.497372270584,103.6697212660653,17.4686750565173,0.7861300712598691,4861.252371541388,2.5778296821061226,64.97243859403123,2914.516831146975,107.14394285912293,5.758886367686854,0.7497539818381237,4340.5991803584375,1.4650666050799166,37.74961042363383,1010.1834202821691,143.01062701506666,1.6449792572755386,0.9305559787821345,4101.578452881258,1.7811581521350928,50.83557582128612,951.3694243390788,18175543.010136697,1.2993241791205479,107116.688930512,3966.263918183435,0.5194069648222788,nan,0.0,0.0,nan,nan,3887.2583327401194,0.4999617834394905,nan,0.0,0.0,nan,nan,3837.777543622959,4.874624529943381,160.1285739830656,71.95892589439102,409.86037662535097,0.12276965845134909,2.4507817883715504,4362.922299207352,0.4999617834394905,nan,766.8711688718757,0.0,1.0768625395523004,0.0,3869.701764085803,0.4999617834394905,nan,0.0,0.0,nan,nan,6583.45,1.0,13.810026928666252,0.0,0.0,nan,nan,6548.05,1.0,13.88468655302385,0.0,0.0,nan,nan,6716.44,1.0,13.536579167464883,0.0,0.0,nan,nan,6730.82,1.0,13.507659064352907,0.0,0.0,nan,nan,3426.133412764286,1.8268900045683292,62.706065592294884,0.0,0.0,nan,nan,3759.3974614849535,0.4999617834394905,nan,1994.725371433231,295.09121735419814,5.116890850142483,2.317552057705873,4683.224027220621,9.99923566878981,271.0131455203778,618.5791549021064,150.41535545197507,2.2948118092638476,1.2131301918743442,5875.816283917177,3.6120275827892105,76.77994306390784
38d41m16pt20401233s-58d31m03pt85113782s,38.68783444786991,-58.517736427171705,0.21566747813008047,25.079637491099945,0,0,0,nan,nan,nan,nan,0.3825766410799138,0.015538046130727193,48.387433069768875,7.604679959873545,0.415,BLANK,5230.223203969392,193.36212567929329,2.1120718465351875,0.2132770362662293,5006.857661731302,4.228120989486617,106.0258301360408,1085.5227103069126,142.49516332947897,0.40994457938914597,0.14925956867257445,4959.894547227628,1.917182895475278,45.821754025931504,0.0,0.0,nan,nan,3726.03,1.0,24.400668213494743,0.0,0.0,nan,nan,3728.82,1.0,24.382410999599827,62574.591517770314,2395.2563906580126,27.17461600049673,1.9924141412903047,6562.826044896954,4.029440890628206,76.97759971612497,16508.446246087075,235.29175418787386,6.750728372152082,0.27595878462927603,4861.426760189079,3.242693641702356,82.91849493152216,4679.64918547262,233.0428544933874,1.5680092851034089,0.27653504737926315,4340.599960360673,2.1261191899361016,58.88441563976334,1237.4892379029843,6.2577803485543965e+19,0.36997574381179155,7.474928575594122e+16,4101.828703025055,0.4999617834394905,nan,0.0,0.0,nan,nan,3970.342587833444,0.4999617834394905,nan,0.0,0.0,nan,nan,3889.06,1.0,23.37778840736009,0.0,0.0,nan,nan,3835.4,1.0,23.704860453545347,1279.6105591801281,43947081.150233485,0.4066776500274405,49016.68485006687,4360.043673822616,0.623044808518039,nan,0.0,0.0,nan,nan,3868.75,1.0,23.500516131444996,13136.313418653857,5509.9688709331795,4.180614803971376,3.3477796335433165,6583.433709043934,3.0905735437547994,58.2120582688026,0.0,0.0,nan,nan,6547.644881715819,0.4999617834394905,nan,11096.705640575414,857.9088763594497,6.0033121378184795,0.8681212137260661,6716.422948825437,3.801691021613256,70.82897348224502,6871.308984135883,1299.3591271964654,3.589520337837779,1.2668684505529946,6730.836654208582,4.044791099086692,75.35083164271063,0.0,0.0,nan,nan,3426.0,1.0,26.53754284399528,0.0,0.0,nan,nan,3760.0,1.0,24.18021855944889,0.0,0.0,nan,nan,4686.352465939943,2.0678962729517902,52.86787342547322,3366.3745445892037,253.34335647040473,1.693525779682014,0.27706988441982383,5875.95713961143,5.645927880339073,121.38939144810509
38d39m56pt52055987s-58d31m51pt04612994s,38.665700155519254,-58.53084614720596,0.40656495894492006,73.18639290999755,0,0,0,nan,nan,7.90104633704446,0.002016077643964723,7.365993639275535,1.2390321310746595,108.9267021146043,19.556608779320175,0.415,BLANK,1861.359287561054,127.16906270204875,1.4743137000340527,0.2751391077603811,5006.665666822381,4.583878425351941,115.18833147907539,0.0,0.0,nan,nan,4959.569390801883,5.064565705347847,128.77470610949925,15521.942901407087,2500.727132222987,10.117078021393976,8.205242416399702,3726.9747432116756,4.39826617458058,148.3634648387902,7371.314165868962,3174.5359478667397,4.813815323499227,10.41610525042248,3729.7328040587477,4.39826617458058,148.25245543986497,12162.39366487417,643.595762262791,12.59640548441318,1.276987221469183,6561.619253846667,4.772099258121311,91.57142454987026,3360.662195368361,135.1567048234825,2.7046760326642567,0.31207318589436034,4860.533606557888,3.0745928000949294,78.4038705018291,904.5893971185307,171.20723285319704,0.5952160180186067,0.39910129429254554,4339.820294441288,1.7338120881403651,46.52555318006023,0.0,0.0,nan,nan,4102.4160278306645,0.4999617834394905,nan,0.0,0.0,nan,nan,3970.34178200253,0.4999617834394905,nan,0.0,0.0,nan,nan,3891.3360782057293,3.0297100656959226,96.49544423507253,0.0,0.0,nan,nan,3833.9117217006324,0.4999617834394905,nan,3358.4563954025407,343.60952350149483,2.1675962478953776,0.7768435154345593,4364.080257468235,6.661009363600024,193.27934717315014,2209.3362186154927,209.9683962029037,1.1008370263456912,0.47943763531560646,3868.207815084058,1.9191349708056096,58.80268362647355,3956.4133427826623,1139.3119373499496,3.747340025823752,2.060526261157223,6582.371088465451,3.940679030506677,74.99256578289625,759.080673623374,268991543.6439978,0.7114151244779608,484080.75537478615,6547.251380161724,0.5261802043153949,nan,0.0,0.0,nan,nan,6716.44,1.0,13.536579167464883,0.0,0.0,nan,nan,6730.82,1.0,13.507659064352907,1679.75983588621,10455342.800832618,0.885718393257427,35008.69676798578,3428.7445705503064,0.5188719041764189,nan,3615.794503674923,577.8724701040995,2.2055847097182792,1.733421217830223,3760.8936592998743,7.882693204259657,265.84627941408684,0.0,0.0,nan,nan,4687.274235228091,9.99923566878981,271.0131455203778,2079.507597932315,458.3430942681811,2.431447242060052,1.1656313640926346,5873.623351482553,9.99923566878981,216.12712798001303
STACK,0.0,0.0,0.3548279763242646,nan,0,0,0,7.847886441673971,0.002053928971534206,8.086470994798624,0.00011421856367397346,10.241595068936402,0.4242005420709571,71.41235934764954,16.80285813522599,0.415,BLANK,21307.008696176123,320.1737165660329,5.122988063800726,0.2102649599387628,5006.885129489406,2.53861257695716,62.04744147217407,6924.563792938895,216.88520711869276,1.6030999132323647,0.13932303795280196,4958.719742443225,2.695588144041376,66.82973121768458,16790.95100926372,971.58669593779,2.3980046642004247,0.6991173780126532,3725.729591955909,2.8140664411648677,93.12814062527939,27713.824898321163,1563.3186739251696,3.9658612624139393,1.1249055353293587,3728.5870458101003,2.8140664411648677,93.05845973096308,0.0,0.0,nan,nan,6562.8,1.0,13.853480493619768,7102.052747361124,229.79549794185814,1.5888432130377443,0.14745126965943772,4861.316111996948,2.696489941555639,68.19563936371212,3523.8371614528287,267.01417136130465,0.6530995004664949,0.1752602915615627,4340.567355025512,1.9427196049380326,53.15441450388543,0.0,0.0,nan,nan,4102.097490708607,3.469916394589582,105.4855359921114,0.0,0.0,nan,nan,3967.6057514165527,7.606401833016548,242.88243639247403,2043.0995447121988,10681745.886744525,0.28448424666508954,6719.271646462711,3890.933463710586,0.5665047701471178,nan,0.0,0.0,nan,nan,3835.102900552973,6.117404629186141,201.7239612665518,2209.787008264267,266.7087023478839,0.4139994680906871,0.17490151049703545,4365.687537598997,1.45564163552832,37.23943509055604,455.530383370098,1.4576988717304664e+39,0.06317072182528692,9.264047161717811e+35,3868.1443124681678,0.4999617834394905,nan,0.0,0.0,nan,nan,6583.45,1.0,13.810026928666252,0.0,0.0,nan,nan,6548.05,1.0,13.88468655302385,0.0,0.0,nan,nan,6716.44,1.0,13.536579167464883,0.0,0.0,nan,nan,6730.82,1.0,13.507659064352907,4429.402614337445,120045587.77817635,0.5246587018569321,90477.80423288349,3426.4255858199444,0.5170316717910555,nan,0.0,0.0,nan,nan,3759.4264595786235,0.4999617834394905,nan,4065.800365230309,348.6131137095152,0.8513911519860045,0.22361101797581293,4681.930204273148,8.346962500334525,225.9884421256717,523.6567683298654,137.17446137781488,0.17192648682538889,0.0979202953376559,5875.38411127349,1.9101419790103817,38.508757617149755
40d38m59pt87142409s-21d32m25pt96496864s,40.64996428446892,-21.54054582462238,0.31324023191713035,1.2815242446807678,0,0,0,8.148149244197592,0.03264014833486811,7.907204222820407,3.0185906568121164e-05,18.620276104805225,0.1414946761694953,132.00561378936592,19.786205022612723,0.314,BLANK,44957.7538278849,547.7437204154899,3.8757108620664895,0.12897785186824712,5006.809587107584,7.811312441300891,197.82100889301017,17572.90882629371,504.58550129417256,1.4868117927367974,0.11847737861138237,4958.278578587071,9.192088456187784,235.30329181913467,413427.69589843455,742.7029482558798,38.86862872092908,0.35144407483280754,3727.2210125197244,6.229087029306284,211.4858682752468,414182.10592297406,730.2676403984647,39.13505498757811,0.34729466894226213,3727.220953169808,6.236793744453244,211.59242852468694,91689.69647533075,9561.28412928353,6.2407132575092445,1.246675854020056,6561.939274970334,4.616874349405527,88.52620111671175,47804.901466840965,356.6993711597586,4.1172869430133785,0.08813387193754645,4860.709510034178,4.379706797557736,113.22277789441229,17681.025295003332,501.3616011818142,1.4079891234313489,0.14143784681247323,4339.894871107066,3.320940269149338,95.21811798564859,1490.4909705667633,554.0293682871494,0.11139646074264581,0.16546541810395918,4101.500506733495,0.4999617834394905,nan,0.0,0.0,nan,nan,3969.891984793671,0.4999617834394905,nan,0.0,0.0,nan,nan,3888.216687494812,0.4999617834394905,nan,0.0,0.0,nan,nan,3835.6104450688445,0.4999617834394905,nan,10360.08359237438,1934.8457898019105,0.8125353011182372,0.5312433724385178,4365.382654522371,9.43621894573009,274.5722289282854,36480.06868004901,745.8611926441672,3.1735146687845828,0.2973222879460892,3868.325506329462,8.107323054260508,265.79384442121193,97992.08646824428,12974.906381436867,7.4338397361381015,1.8794424665184248,6582.53771691507,5.432367806501103,104.17482522863814,9416.454974826825,9056.248125594098,0.7178472286181806,1.3256449585719834,6547.390788799823,2.9778564754359054,56.274488829909664,46430.74924608457,3784.7607093055203,5.03601540575207,0.7679500202618461,6715.336730202202,5.160704475035937,96.91711479279202,18995.69582376159,3999.960042465101,1.9532187570459925,0.7676053762871149,6731.12520276149,3.186296815478628,58.79487516581884,0.0,0.0,nan,nan,3426.0,1.0,26.53754284399528,0.0,0.0,nan,nan,3759.2889650332954,2.312675388901935,74.6319489342396,4685.135741447024,378.24683570371826,0.3755618397870406,0.09276555562689554,4685.008739334705,6.702559654042336,181.11297036419688,13165.54348386449,2104.413646171255,1.484219689798305,0.5160733547436033,5873.031685876724,9.99923566878981,216.12712798001303
40d38m58pt36630444s-21d32m23pt56496996s,40.64954619567878,-21.539879158321842,0.3131510882986852,2.4253668658799494,0,0,0,nan,nan,7.832494890336275,0.00039775075281126004,6.879644186534975,0.20248954431846242,99.86915697516154,15.964624803481412,0.314,BLANK,1081.2538028657164,95.65520582083296,0.42961873188646876,0.10379396791534672,5007.401323334682,1.5467847743381204,35.072483702349274,763.6712397764874,251.72765610569417,0.2933491147545701,0.2683458849545694,4958.297106422319,6.262508603478721,159.7699035041754,26280.306423864473,782.7587613813779,13.99935701110707,2.1001657121490047,3726.2102515215583,3.6856387387170235,123.63791919619976,32910.285641873765,1159.031909809366,17.565279664062462,3.1097180847551456,3729.00074168444,3.6856387387170235,123.54541009290237,17502.746251572473,1799.4071913373957,6.8971449307583335,1.358126781457013,6563.03558815375,4.466422830092963,85.57232259109486,8871.900268889021,159.14435644630515,3.449641737508794,0.17747674858152143,4861.428102683013,3.7185876490731107,95.64262963779514,3718.154169811463,192.97862812076033,1.422128355458121,0.26145748371349486,4340.102223806624,3.6859165563812217,106.14419225748095,566.9701454607504,5854953.409646619,0.21178976282514725,8742.608048221542,4100.906198499859,0.5659345287757808,nan,0.0,0.0,nan,nan,3971.4176905246954,9.99923566878981,319.8627926142355,2304.7579717202507,245.8596167402823,1.093931085322693,0.5277610348639882,3889.1845303104733,4.153340754320975,134.01655337475523,897.5915259987945,42545302.956879914,0.507648592148521,112611.83037270972,3835.391317512491,0.5679793268508259,nan,1085.6776270936555,213.01167586775978,0.40371475742844737,0.2777012642582871,4362.233966646964,2.8078570791792976,79.34113128932447,3058.9403282749986,269.60813494737687,1.5706093264624144,0.6345965670285799,3867.6606677335362,4.461995605032934,145.01411272724712,16238.807081364144,2108.6327562647675,6.854151591934225,1.6991536332399861,6583.564005204466,4.475480781658304,85.48126086302878,2201.093448511394,1714.3051975354795,0.8944992836487488,1.3375033335519886,6548.382813206018,3.32770023043797,63.251010972275715,5638.269427443103,521.3088180370579,2.829756712876599,0.48938885190541215,6716.217727576716,4.419962195815878,82.72303882640053,3361.84626578718,601.1145890659185,1.6589988193787781,0.5535277848136313,6732.247775399985,3.726435019534397,69.22894698262583,0.0,0.0,nan,nan,3426.0,1.0,26.53754284399528,1970.9157963727832,301.35366938438216,1.0613278359816165,0.796915566323534,3762.913631760767,6.657174172855268,224.15622380581124,1243.3752254080678,176.16206318600234,0.4496474920997792,0.19489772261071792,4685.175058095152,4.5728826038231,122.78111428856833,0.0,107.35568244178825,nan,nan,5875.62,1.0,15.473706908126772
40d38m55pt57108047s-21d32m25pt76496246s,40.64876974457417,-21.540490267348623,0.3139852199548101,3.026556432402758,0,0,0,7.670641021080868,0.0,7.87677207552514,0.0002749823804624187,5.665385047344171,0.09614644490714076,81.4829025883207,13.020744867014576,0.314,BLANK,1733.9322610791482,177.23443570015974,0.6959153539793611,0.19440544480540864,5005.064036252813,6.851435288502817,173.30147062449112,1669.618659707347,302.80853437625103,0.6376286562217127,0.32098203530662067,4957.766278407723,9.99923566878981,256.08064588829484,27719.587913711282,434.261707900267,13.823393701055156,1.0915386938431801,3725.18309902483,2.915105402199064,96.6883862483842,36438.02997421865,609.7288922139738,18.206446864787047,1.5325843068773157,3727.96052140607,2.915105402199064,96.61604148579632,24273.375031986445,2191.778707026918,8.656350480219686,1.4975023939262713,6561.325435600125,3.118070197751831,58.942725842418525,11925.256314288446,140.23062341411782,4.543288700701922,0.15328909440597663,4860.287518880781,3.1067842886947896,79.26940416197337,6116.012453581818,186.0197304920252,2.353633070441653,0.2536590334829776,4339.412999460246,3.292251878570937,94.35714385392318,2603.135776956864,127.38413650758248,0.9368066992340731,0.18323512167896627,4101.044129476825,2.0593899402813047,60.113840401741804,517.0472404520834,21307169.736523073,0.23868923913804005,42350.84459072187,3970.0228766881314,0.5950196875360847,nan,3524.7962016001934,258.6891742377686,1.6373557684677786,0.5438563171850378,3888.0372183658924,3.694841643618838,118.76183045875493,0.0,0.0,nan,nan,3837.29863608204,0.622663677443463,nan,1151.2771350290711,247.44368300260524,0.4237095702043955,0.319272066585108,4362.256609393168,2.140030658671765,59.00709664511819,2506.8015191517757,267.0680684719843,1.268223473058487,0.6191592902820904,3868.252824897465,3.402169178151641,109.56084272729002,21717.6406563399,2790.7302368717615,8.365142539568525,2.0526598151977207,6582.01661233107,3.4508464739593165,65.3447873671794,3826.5621793151927,2212.7742135096673,1.4354323986889133,1.5940261686785704,6546.672411828584,2.3720840573398516,44.065285903812935,4476.422163359501,595.0363210816532,2.160398565435861,0.5373248658511922,6714.149417239905,2.3235144812070008,41.996002158206956,6590.061126896525,684.6105554663555,3.276634159366813,0.6354479700654656,6729.409871231716,3.4624686500064263,64.13855469148422,0.0,0.0,nan,nan,3426.0,1.0,26.53754284399528,0.0,0.0,nan,nan,3760.6784655902466,5.245512140188813,176.0196609475462,758.43442052417,87.24127301034085,0.2698246145793023,0.09496844618878113,4684.759252704211,2.1302057544524837,54.66364890947216,1203.8963861120276,203.9895473314376,0.5728277442753958,0.21105223832419723,5874.911031044414,1.789143093049402,35.67604319485096
STACK,0.0,0.0,0.3134588467235419,nan,0,0,0,11.001003606781916,0.06377390032120202,7.329291032674663,0.0034388909573128887,8.84523604948237,13141.352287406577,128.70977573041534,18.196754764354672,0.314,BLANK,48125.20623643258,683.279724399015,2.899710575544154,0.11245556102725737,5006.742694145802,7.634411324494989,193.30430684032183,17923.82004744905,684.6375607164091,1.048630341888539,0.11114975987569002,4958.503447273189,7.976783484828018,203.9979763941966,357468.2953912623,628126167.6582276,23.9413471468904,211681.50192253914,3727.6052060361912,6.038854739044867,204.94330305042544,174875.66813678946,629153755.1180785,11.710175760708578,212027.80377725884,3727.3510818997515,6.038854739044867,204.78995914658705,128217.8159743808,13588.543409568905,6.3817658625163896,1.2955152679884343,6562.610549012469,5.062270360073023,97.25835375205041,67651.4438353459,526.7281208312943,4.020075572014871,0.08977806198911004,4861.205772782684,4.584704743760672,118.6580611811804,27445.512502892594,776.609690047179,1.5456809327511438,0.1549230557043044,4340.179352353829,3.8202694785559776,110.15530955892605,5105.484440067444,507.2195297027395,0.27107560376016204,0.10759631073429184,4101.858240612979,2.26136609977237,66.74124947292047,0.0,0.0,nan,nan,3970.148601429122,0.4999617834394905,nan,622.9513143167081,2291.1647546598206,0.03677026484947665,0.6118071420927463,3888.705130414845,0.4999617834394905,nan,0.0,0.0,nan,nan,3835.489162436521,0.4999617834394905,nan,13381.75183946183,2639.3333186880545,0.7373567563843368,0.5090527075304818,4365.703422827531,9.046872704193651,263.1791046832041,40527.621676603536,1087.1759983132838,2.628039081905958,0.3229813182443296,3868.6444508034783,7.504594896991589,245.87933020397844,130749.89235217155,17962.305605127887,7.15167141278158,1.875795031636904,6583.200430295389,5.641211826069893,108.24611141575149,11879.794357751745,12696.089323984093,0.6489371220304958,1.331524682668493,6548.090753630306,3.280545069707101,62.3129036578284,55964.550935250925,4822.764358303322,4.212243939802279,0.6790311963557767,6715.643085179359,5.082363223773466,95.41808782298517,29237.34327569183,5513.162045654364,2.126170553158694,0.7481943667779425,6731.637331352806,3.900733740075485,72.58273456886894,0.0,0.0,nan,nan,3426.0,1.0,26.53754284399528,0.0,0.0,nan,nan,3758.1055563849454,0.4999617834394905,nan,6628.208479132596,441.54376690686775,0.3673907536473235,0.074872950953864,4685.2067021698185,5.760540239876909,155.3542763046581,15738.9503444287,3648.829864647392,1.2013014688310373,0.6057949502545756,5873.303391736269,9.99923566878981,216.12712798001303
44d16m49pt4645361s-23d26m27pt69314013s,44.2804068155829,-23.441025872258386,0.4951022556175857,31.370450478747966,0,0,0,10.17973167809469,0.058510822257857524,8.076077616642058,0.00859927426511385,7.89063147525675,4.2011066994105075,53.25743500657049,14.237126314344508,0.5049,BLANK,7742.446811484215,99.65405248102806,206.30202984006593,7.252805569051758,5006.846405405306,2.1719524175378706,52.27990279806756,3162.80182911192,123.11607722792718,55.28390897127721,5.97073779344083,4958.986365120646,2.2179362171972667,54.03080168164682,7097.368412291278,6944.734380614471,45.54994844377646,224.38818129356721,3726.850396324751,3.539710757490191,118.55552539236747,2379.8252629332083,8270.028126450987,15.255941542441995,267.2091499598566,3725.2137270635953,3.539710757490191,118.46681906815643,0.0,0.0,nan,nan,6562.8,1.0,13.853480493619768,2583.11928262464,133.9558170243826,70.77747890841871,10.52782001000209,4861.2079342346715,2.1742574258168466,53.908515020997854,0.0,0.0,nan,nan,4342.105770125937,1.4326771860148357,36.664529528281335,405.62495780473404,156539.69651858942,3.403344920385908,5249.249953072633,4101.250457229964,0.4999617834394905,nan,199.80719712852436,199.75632125677686,1.1887133415831954,5.113770798550813,3971.030409631759,0.4999617834394905,nan,0.0,0.0,nan,nan,3887.808991487602,1.16649631244226,30.54611701667917,0.0,0.0,nan,nan,3833.868829238748,7.1071942717776455,234.76521831517556,84.16733159210169,108.57310159880076,0.6412645484257148,2.8999386665399114,4362.3723060726825,0.4999617834394905,nan,1570.9676224829097,142.4649680020096,25.50369306635988,10.591399985439315,3869.325851831243,1.260147270053369,34.48162904926396,0.0,0.0,nan,nan,6583.45,1.0,13.810026928666252,0.0,0.0,nan,nan,6548.05,1.0,13.88468655302385,0.0,0.0,nan,nan,6716.44,1.0,13.536579167464883,0.0,0.0,nan,nan,6730.82,1.0,13.507659064352907,1857.0213193401798,29753094.803290956,15.732420855592443,1606359.8400134947,3424.658087618361,0.5093163723466402,nan,1589.9470551990705,221.79749773746622,19.929318332319916,13.68022869959686,3759.965882074978,3.12396373291976,103.08490503393453,69.57813434934818,179.26046714712683,0.7340310339463224,5.78000153282456,4687.709364255893,0.4999617834394905,nan,13.183130833083114,332.76892076708265,0.23701110189027152,13.005337791138908,5876.19170648626,0.4999617834394905,nan
STACK,0.0,0.0,0.4951022556175857,nan,0,0,0,10.187172159981822,0.0568019392809802,8.06248209516494,0.009318812900839068,7.89063147525675,4.2011066994105075,53.25743500657049,14.237126314344508,0.5049,BLANK,7742.446811484215,99.65405248102806,206.30202984006593,7.252805569051758,5006.846405405306,2.1719524175378706,52.27990279806756,3162.80182911192,123.11607722792718,55.28390897127721,5.97073779344083,4958.986365120646,2.2179362171972667,54.03080168164682,7097.368412291278,6944.734380614471,45.54994844377646,224.38818129356721,3726.850396324751,3.539710757490191,118.55552539236747,2379.8252629332083,8270.028126450987,15.255941542441995,267.2091499598566,3725.2137270635953,3.539710757490191,118.46681906815643,0.0,0.0,nan,nan,6562.8,1.0,13.853480493619768,2583.11928262464,133.9558170243826,70.77747890841871,10.52782001000209,4861.2079342346715,2.1742574258168466,53.908515020997854,0.0,0.0,nan,nan,4342.105770125937,1.4326771860148357,36.664529528281335,405.62495780473404,156539.69651858942,3.403344920385908,5249.249953072633,4101.250457229964,0.4999617834394905,nan,199.80719712852436,199.75632125677686,1.1887133415831954,5.113770798550813,3971.030409631759,0.4999617834394905,nan,0.0,0.0,nan,nan,3887.808991487602,1.16649631244226,30.54611701667917,0.0,0.0,nan,nan,3833.868829238748,7.1071942717776455,234.76521831517556,84.16733159210169,108.57310159880076,0.6412645484257148,2.8999386665399114,4362.3723060726825,0.4999617834394905,nan,1570.9676224829097,142.4649680020096,25.50369306635988,10.591399985439315,3869.325851831243,1.260147270053369,34.48162904926396,0.0,0.0,nan,nan,6583.45,1.0,13.810026928666252,0.0,0.0,nan,nan,6548.05,1.0,13.88468655302385,0.0,0.0,nan,nan,6716.44,1.0,13.536579167464883,0.0,0.0,nan,nan,6730.82,1.0,13.507659064352907,1857.0213193401798,29753094.803290956,15.732420855592443,1606359.8400134947,3424.658087618361,0.5093163723466402,nan,1589.9470551990705,221.79749773746622,19.929318332319916,13.68022869959686,3759.965882074978,3.12396373291976,103.08490503393453,69.57813434934818,179.26046714712683,0.7340310339463224,5.78000153282456,4687.709364255893,0.4999617834394905,nan,13.183130833083114,332.76892076708265,0.23701110189027152,13.005337791138908,5876.19170648626,0.4999617834394905,nan
51d42m11pt67972359s-0d44m11pt90717545s,51.70324436766274,-0.7366408820690522,0.3254948479519506,33.77358759422057,0,0,0,7.364556946655312,0.028555608980097118,7.08148547949808,0.0006491616540055662,2.8119036926010614,0.09464691579725132,87.01968676506563,16.26268393562696,0.25,BLANK,5665.6367279399965,196.05539697917092,2.793046178314256,0.2639849289944672,5006.952307652673,4.098521633492029,102.68287352690034,1839.6482975802699,206.54118250478254,0.8496650974609679,0.26469679682538094,4958.6904410289635,3.8215075069334374,96.44963147572619,17681.087770923663,775.0348731447925,8.126408807111446,1.7941174090583083,3726.2367273214545,2.871838247748972,95.16478306033449,18158.602798043044,946.2150280581658,8.361567159620902,2.19037996014742,3728.9275791953414,2.871838247748972,95.09357829723561,51080.627333105724,2234.669378227441,23.479233467434923,1.9676246544176077,6562.261872268804,4.338121516159718,83.05135624411027,15414.815133441532,264.0973794334913,7.833370278454606,0.3849785731044462,4860.971180538942,3.6460833440777667,93.70859261825474,4939.509156607085,241.38950116005964,2.1358049345426675,0.36971443715771624,4340.152372706738,2.8085949240275454,79.77933544438926,417.1736343238206,416.7413815462997,0.16293534555540792,0.650663807679472,4100.826717619395,0.4999617834394905,nan,0.0,0.0,nan,nan,3970.0639537587,0.4999617834394905,nan,0.0,0.0,nan,nan,3888.616762261693,4.9062365657332485,158.96477238862954,0.0,0.0,nan,nan,3835.4589032054864,1.961639922614579,60.826759105614094,1350.517506851302,228.63083001320274,0.5406719143755085,0.32080974291355585,4362.838566069328,1.6865903761324268,44.77279873247705,5421.65833770406,780.7605562927388,2.18998783122151,1.4463085675344005,3867.0578177267766,9.99923566878981,328.2406140748108,11908.261367722107,4397.162561593466,4.277843922438677,3.0158463075419797,6583.156478848885,3.243525656298573,61.244886486904235,0.0,0.0,nan,nan,6547.3901749843835,0.4999617834394905,nan,7018.485935290796,480.55959569335084,4.444238629286673,0.5692360129357797,6715.673990194879,3.8029651850810517,70.85354523543234,1993.4850192189176,482.81622549071665,1.1846760978796194,0.5354759486831656,6731.359918233363,1.5885094191236486,26.971330610729744,0.0,0.0,nan,nan,3426.0,1.0,26.53754284399528,0.0,0.0,nan,nan,3758.584542584991,2.1436830005567957,68.60434878316045,0.0,0.0,nan,nan,4685.2527536340085,0.4999617834394905,nan,2672.644839802264,334.50994033875696,1.6647578080043952,0.4531065128954135,5874.539481176489,7.437060476576272,160.42729960754247
STACK,0.0,0.0,0.3254948479519506,nan,0,0,0,7.416000911189427,0.035699799440835164,7.0830905268890785,0.0006454134088737771,2.8119036926010614,0.09464691579725132,87.01968676506563,16.26268393562696,0.25,BLANK,5665.6367279399965,196.05539697917092,2.793046178314256,0.2639849289944672,5006.952307652673,4.098521633492029,102.68287352690034,1839.6482975802699,206.54118250478254,0.8496650974609679,0.26469679682538094,4958.6904410289635,3.8215075069334374,96.44963147572619,17681.087770923663,775.0348731447925,8.126408807111446,1.7941174090583083,3726.2367273214545,2.871838247748972,95.16478306033449,18158.602798043044,946.2150280581658,8.361567159620902,2.19037996014742,3728.9275791953414,2.871838247748972,95.09357829723561,51080.627333105724,2234.669378227441,23.479233467434923,1.9676246544176077,6562.261872268804,4.338121516159718,83.05135624411027,15414.815133441532,264.0973794334913,7.833370278454606,0.3849785731044462,4860.971180538942,3.6460833440777667,93.70859261825474,4939.509156607085,241.38950116005964,2.1358049345426675,0.36971443715771624,4340.152372706738,2.8085949240275454,79.77933544438926,417.1736343238206,416.7413815462997,0.16293534555540792,0.650663807679472,4100.826717619395,0.4999617834394905,nan,0.0,0.0,nan,nan,3970.0639537587,0.4999617834394905,nan,0.0,0.0,nan,nan,3888.616762261693,4.9062365657332485,158.96477238862954,0.0,0.0,nan,nan,3835.4589032054864,1.961639922614579,60.826759105614094,1350.517506851302,228.63083001320274,0.5406719143755085,0.32080974291355585,4362.838566069328,1.6865903761324268,44.77279873247705,5421.65833770406,780.7605562927388,2.18998783122151,1.4463085675344005,3867.0578177267766,9.99923566878981,328.2406140748108,11908.261367722107,4397.162561593466,4.277843922438677,3.0158463075419797,6583.156478848885,3.243525656298573,61.244886486904235,0.0,0.0,nan,nan,6547.3901749843835,0.4999617834394905,nan,7018.485935290796,480.55959569335084,4.444238629286673,0.5692360129357797,6715.673990194879,3.8029651850810517,70.85354523543234,1993.4850192189176,482.81622549071665,1.1846760978796194,0.5354759486831656,6731.359918233363,1.5885094191236486,26.971330610729744,0.0,0.0,nan,nan,3426.0,1.0,26.53754284399528,0.0,0.0,nan,nan,3758.584542584991,2.1436830005567957,68.60434878316045,0.0,0.0,nan,nan,4685.2527536340085,0.4999617834394905,nan,2672.644839802264,334.50994033875696,1.6647578080043952,0.4531065128954135,5874.539481176489,7.437060476576272,160.42729960754247
59d42m42pt61298438s-29d55m42pt69872441s,59.71183694010491,-29.928527423446457,0.7671875867716398,28.587611887816568,0,0,0,9.470781055876502,0.01922201360922962,8.159207964712479,0.000442961167496581,8.68381075481272,0.4511774417638869,74.25149255637088,21.554237019059627,0.425,BLANK,7091.889116921416,119.68665860660658,79.22688598972516,3.652129746027253,5006.817862621904,2.2534272403086937,54.463790318814404,1634.581200383247,99.132226187519,28.766120509030223,4.840092126953928,4959.142709656893,1.5702743223344313,36.086437167876554,2650.783436944051,96.20564317234667,300.99767750491685,55.020704492673715,3726.247363624957,1.8317642832863616,57.8370665936915,3055.5007300546795,101.07136750198603,347.6240713591459,57.80344749668133,3729.0141498143644,1.8317642832863616,57.79379139783962,0.0,0.0,nan,nan,6562.8,1.0,13.853480493619768,1662.0300570581303,82.93551051396213,43.780481327364534,6.266034545755584,4861.311141777024,2.1132988493831864,52.21951245715509,973.3819579200967,73.69580249782574,114.71436609111316,30.75772949786684,4340.610038382721,1.4988317859144356,38.873253682547954,300.7983294926495,52.87410667726951,31.95336404099715,22.41406703196859,4104.0260094786945,1.1497309587506723,28.309134042979046,151.8409170060359,78.35940267733442,3.174551310130357,7.056604436892813,3969.332985391489,0.4999617834394905,nan,0.0,0.0,nan,nan,3887.932157755506,6.106410307926175,198.57835085382376,0.0,0.0,nan,nan,3836.4136149552637,6.550749084144526,216.1969136629274,156.55567839500446,66.86033091107599,11.767094280272586,17.611359884928046,4363.113227958657,0.8472043924222771,13.924868171165047,35.36202105762836,189.84277042464086,1.4104424107172246,34.7351476070752,3866.610256489236,0.4999617834394905,nan,0.0,0.0,nan,nan,6583.45,1.0,13.810026928666252,0.0,0.0,nan,nan,6548.05,1.0,13.88468655302385,0.0,0.0,nan,nan,6716.44,1.0,13.536579167464883,0.0,0.0,nan,nan,6730.82,1.0,13.507659064352907,0.0,0.0,nan,nan,3427.236801117182,9.99923566878981,370.65991701749095,784.8774962677302,65.49600890235264,55.453533033451656,22.77127579411088,3759.9042976574246,2.443272129562318,79.25902368184516,1327.8371866508937,644.507713769956,77.04376472134813,114.78876313425522,4676.482170256652,9.99923566878981,271.0131455203778,0.0,0.0,nan,nan,5875.62,1.0,15.473706908126772
STACK,0.0,0.0,0.7671875867716398,nan,0,0,0,9.513988920542099,0.020074518633518914,8.159006377298915,0.000475084004189076,8.68381075481272,0.4511774417638869,74.25149255637088,21.554237019059627,0.425,BLANK,7091.889116921416,119.68665860660658,79.22688598972516,3.652129746027253,5006.817862621904,2.2534272403086937,54.463790318814404,1634.581200383247,99.132226187519,28.766120509030223,4.840092126953928,4959.142709656893,1.5702743223344313,36.086437167876554,2650.783436944051,96.20564317234667,300.99767750491685,55.020704492673715,3726.247363624957,1.8317642832863616,57.8370665936915,3055.5007300546795,101.07136750198603,347.6240713591459,57.80344749668133,3729.0141498143644,1.8317642832863616,57.79379139783962,0.0,0.0,nan,nan,6562.8,1.0,13.853480493619768,1662.0300570581303,82.93551051396213,43.780481327364534,6.266034545755584,4861.311141777024,2.1132988493831864,52.21951245715509,973.3819579200967,73.69580249782574,114.71436609111316,30.75772949786684,4340.610038382721,1.4988317859144356,38.873253682547954,300.7983294926495,52.87410667726951,31.95336404099715,22.41406703196859,4104.0260094786945,1.1497309587506723,28.309134042979046,151.8409170060359,78.35940267733442,3.174551310130357,7.056604436892813,3969.332985391489,0.4999617834394905,nan,0.0,0.0,nan,nan,3887.932157755506,6.106410307926175,198.57835085382376,0.0,0.0,nan,nan,3836.4136149552637,6.550749084144526,216.1969136629274,156.55567839500446,66.86033091107599,11.767094280272586,17.611359884928046,4363.113227958657,0.8472043924222771,13.924868171165047,35.36202105762836,189.84277042464086,1.4104424107172246,34.7351476070752,3866.610256489236,0.4999617834394905,nan,0.0,0.0,nan,nan,6583.45,1.0,13.810026928666252,0.0,0.0,nan,nan,6548.05,1.0,13.88468655302385,0.0,0.0,nan,nan,6716.44,1.0,13.536579167464883,0.0,0.0,nan,nan,6730.82,1.0,13.507659064352907,0.0,0.0,nan,nan,3427.236801117182,9.99923566878981,370.65991701749095,784.8774962677302,65.49600890235264,55.453533033451656,22.77127579411088,3759.9042976574246,2.443272129562318,79.25902368184516,1327.8371866508937,644.507713769956,77.04376472134813,114.78876313425522,4676.482170256652,9.99923566878981,271.0131455203778,0.0,0.0,nan,nan,5875.62,1.0,15.473706908126772
61d04m18pt82674285s-27d03m14pt28849662s,61.071896317457764,-27.05396902683838,0.28004886932206263,23.541447199440118,0,0,0,nan,nan,7.3544986843934606,0.005832497434126468,3.994431046067337,0.7310885567431961,88.0230601352226,18.933269294417183,nan,BLANK,1223.1404368552253,230.29012791203144,7.808672032282312,4.014140948782739,5008.053720994064,3.591261692624467,89.56440944718564,755.2056992556082,225.8889686955428,3.971908494707358,3.2961790640730753,4959.018821735053,1.5331666357464009,35.01896072037382,2388.1406736784943,508.20959991167985,3.512433434262043,3.7696699784056755,3724.351396080009,1.2603546601274576,35.81091768860899,3929.940588264719,714.2108231050718,5.795759934502471,5.297694294990667,3728.228615923316,1.2603546601274576,35.78412302961466,1911.824847883313,1866.933838501404,29.866463628603196,55.865973757781006,6562.52958509123,0.9769824416248871,13.22099639679343,2076.9985267919897,299.720351333178,8.897576598113591,3.6843332235783723,4860.014908685157,2.407826385021602,60.333443054849354,2808.2021740795526,520.4553084819885,8.180953216609344,5.3726359994661035,4339.376151494719,5.588552003182803,162.62700677621936,4926.126660330342,510.211918702837,26.427557789347958,10.943365602699139,4100.584289181698,4.936968521879128,151.6862913879913,7945.218207149052,2903.8201033555456,15.043933917714353,23.61635908924015,3974.0965576233966,9.99923566878981,319.8627926142355,2838.4695127122536,117773.3303570223,11.757634873839192,2210.880543500862,3885.8816262226765,0.7831391126196271,11.495079306268972,0.0,0.0,nan,nan,3835.495700070163,3.237770123228036,104.93095726704028,2847.5349430823208,498.6371950193106,9.51448131608866,5.8356076318171235,4364.3009265574465,5.143740130036355,148.68824555713869,0.0,0.0,nan,nan,3868.828244571218,5.560741370209799,181.5333621475671,1419.8578112284217,75488.72540465585,34.1757468157121,3467.0896324606647,6586.8029518757985,0.7283773604831673,3.893291440824885,304.7410698216836,6.673037149824568e+75,3.157203591964462,1.3270647493888707e+74,6549.362914840471,0.4999617834394905,nan,0.0,0.0,nan,nan,6716.878994131241,0.4999617834394905,nan,0.0,0.0,nan,nan,6730.740183363415,3.729616627382083,69.29021526500516,0.0,0.0,nan,nan,3426.0,1.0,26.53754284399528,0.0,0.0,nan,nan,3758.793245220349,7.552758561134216,254.62873900876613,1559.8745441685596,7316.650349626312,12.326726412922147,176.85521498595386,4685.6360969093,0.8834980014809206,14.645856752298917,0.0,0.0,nan,nan,5873.407943858576,5.991505550865881,128.9320321348972
61d04m21pt74797642s-27d02m38pt88862205s,61.072707771228536,-27.044135728346195,0.303106956102156,37.74241526714928,0,0,0,nan,nan,7.971578937555774,0.00016990822568521466,7.184250837284909,0.44529187114678304,80.81249972161935,15.294249863911356,nan,BLANK,4639.478774776692,240.84041479204112,3.126748544835743,0.44334555181821644,5006.822002833528,2.1813936794053026,52.533436217685946,2765.9583982783897,213.2557694779449,1.7980086998422875,0.38438956546264647,4960.806817654945,3.3789322568218605,84.86543950431175,18605.837211651175,1250.9105962118904,12.761814783159544,4.324197052252061,3725.3270704236456,2.71630289960814,89.67527222944108,27100.066831079283,1706.350164262008,18.62894921492527,5.898578501737901,3728.4757223597267,2.71630289960814,89.60817486096522,22695.556161873912,664.8098595003687,20.43157493470811,1.146530437564833,6561.888870737467,3.1368707236233373,59.3169262285073,7392.745940905582,348.17572532511844,4.872530055543837,0.6583082442628195,4860.839716502801,2.567077324290874,64.67980988163558,317.86432988626956,1465.4547424791292,0.1464181191717118,2.389911032021078,4341.202730428653,0.4999617834394905,nan,0.0,0.0,nan,nan,4101.6236045021105,4.024864168353687,123.02051123410095,0.0,0.0,nan,nan,3967.5324509573047,9.99923566878981,319.8627926142355,238.00739133195754,1.674503989482162e+123,0.08517247838988168,2.711155303805708e+120,3888.5437589523276,0.4999617834394905,nan,0.0,0.0,nan,nan,3835.632691672702,2.6667290951958442,85.413923638783,3029.630303990786,466.58656875275443,1.3716547866001922,0.740334588177494,4363.030339544758,4.003404397454019,115.01219570771268,2677.866773996111,432.6769207504224,0.9416126942511917,0.6967077660700769,3869.347174181295,1.8358963037803178,55.85054315626374,3979.1038006508184,1985.519610917474,2.816707266631034,2.6836520552648704,6582.6400808020235,2.575616474571522,47.93226813347278,0.0,0.0,nan,nan,6544.651546607579,0.4999617834394905,nan,3834.436904903795,569.6417669561922,3.5218151954113,0.9787281682538395,6715.610849742516,3.3580441463049038,62.25343473956314,1499.69706474876,499.76687445967127,1.3256599698084135,0.824548690320501,6730.607437134145,2.0628946957460386,36.703570936240176,0.0,0.0,nan,nan,3426.0,1.0,26.53754284399528,8310.42720945011,855.7260061160149,3.8704381254846565,1.9669953864549126,3755.5689654625726,5.136309335711821,172.2880659057494,0.0,0.0,nan,nan,4684.870950189604,3.872021524534359,103.46954730563306,950.9822291049167,196.2347234883469,0.8949762957069975,0.40169073205828626,5873.508444218076,1.4383819206407094,27.22653929409056
61d05m07pt33321354s-27d02m53pt08840245s,61.08537033709344,-27.048080111791975,0.30867044709139013,30.768249251471385,0,0,0,nan,nan,nan,nan,nan,nan,93.98618255303587,14.906232461782862,nan,BLANK,0.0,121.25937829745024,nan,nan,5006.84,1.0,18.158683277981286,0.0,0.0,nan,nan,4962.928726726127,4.6365167646849965,117.6689137556338,2227.3703382382396,710.8089708616533,42.1129932472789,67.67543531972265,3726.5184233275004,2.2291237040339897,72.31140479355888,6698.7082315542475,1691.262376847741,127.03841243754069,161.02345677249025,3730.878030901864,2.2291237040339897,72.25729952181767,7550.034027727089,411.7264220157466,9.813582512706722,1.0245314944745367,6566.067499669679,4.727034687868703,90.6875759460657,0.0,0.0,nan,nan,4862.489567267639,5.153233118689344,133.70372333853228,545.8502169360692,359.60554213944266,0.9529891500850245,2.2241102498382608,4339.930432094022,2.4222329175779986,68.01517386925501,0.0,0.0,nan,nan,4101.8128140664185,3.502606027763049,106.52125515932144,0.0,0.0,nan,nan,3971.934690974321,2.79495562317828,86.77047352531031,0.0,0.0,nan,nan,3893.2430670053127,2.6340684888472365,83.1268872857246,0.0,0.0,nan,nan,3834.887361000956,4.57359361847793,150.02466766216912,2324.4611544507234,433.8860211722184,4.899152080413942,3.200798731352827,4365.801800633137,4.039189600614352,116.07252832547691,0.0,108.56593039212106,nan,nan,3868.75,1.0,23.500516131444996,0.0,0.0,nan,nan,6583.085008986093,3.7850044809090835,71.93144381719436,0.0,0.0,nan,nan,6546.662000574506,8.471398546296966,164.141487935878,1992.1008201764987,449.2901468968449,2.7299263247800023,1.1508624742018496,6720.80521096342,4.859328357294344,91.14788716216614,0.0,0.0,nan,nan,6730.080189920308,7.390335033370776,139.1560809013154,0.0,0.0,nan,nan,3426.0,1.0,26.53754284399528,7754.838991356479,2114.7073445516075,18.170756645504262,24.216669738894645,3770.0,9.99923566878981,337.7342754526394,0.0,0.0,nan,nan,4685.526443083092,3.6824560645330098,98.22819546130881,608.1329414717594,12172058.402583208,0.8707169045497256,37882.54661641857,5876.538712563599,0.5906518582122463,nan
STACK,0.0,0.0,0.2972754241718696,nan,0,0,0,nan,nan,7.118890287060854,0.007639616830754813,2.8654228146075544,0.8642237937788537,103.40070345365605,21.36162499285336,nan,BLANK,1342.8700920079002,374.9116658238025,0.6585846020448366,0.5021731193753571,5007.123383716632,2.5043607354722184,61.14087509810337,0.0,0.0,nan,nan,4955.921930820105,0.4999617834394905,nan,4060.1772779403577,1722.1216371813234,2.642128094432747,5.647039456753032,3725.5506240548434,1.513835520989843,45.862489781418944,5105.790565383769,1881.6144977945212,3.3284427487698918,6.170035311115153,3728.087210431348,1.513835520989843,45.82817427504155,657.8233803917043,780.7458086197692,0.4215887226557061,0.9583978952031671,6562.908442155468,0.4999617834394905,nan,3667.4650183419117,643.4144965599244,1.6835802008502474,0.8470258094871695,4861.790448261879,4.923660677918117,127.6326951468451,5347.246252725427,1229.0836584551766,1.999404858151657,1.6280907572331544,4339.875757721761,6.623664140904219,193.1908903061834,5329.369310676051,810.6478016453426,1.575040441871342,0.9570770536226811,4102.066355313955,2.620965283911751,78.39490455991167,0.0,398.1635050682977,nan,nan,3970.08,1.0,22.900702702093618,22909.388474678213,4685.1128013336665,9.595157590538813,8.909489353587361,3882.899964818306,9.99923566878981,326.52642944617054,0.0,0.0,nan,nan,3835.7872426787835,3.956509610638232,129.25839200221293,6046.331203560273,1910.1711629136048,2.409553299294301,2.6633717003895914,4366.6452315035685,9.99923566878981,291.0428046557292,0.0,0.0,nan,nan,3868.4340163488487,6.117254941329801,199.98007063186128,4395.829970368532,1893.461949332817,2.9465257574653436,2.4217833222500786,6586.8098386909405,9.99923566878981,192.88987927331783,611.4645171090625,698.7686524924355,0.40598596839803197,0.8905594652223191,6549.466680997885,0.4999617834394905,nan,4258.393015732263,892.4742895149992,2.4741322476246883,0.9703599682954809,6713.086435831725,3.2203864420490946,59.58292866325481,0.0,0.0,nan,nan,6730.954722847546,4.434047457956262,82.81611597185012,0.0,0.0,nan,nan,3426.0,1.0,26.53754284399528,345.253126308535,1294.9365028402979,0.13266653746501628,2.4456836492692617,3761.65050983467,0.4999617834394905,nan,949.543855044666,333.48052167481626,0.3645490218942018,0.3915407944300238,4686.126749567466,1.5391969789341544,37.24504116583484,0.0,0.0,nan,nan,5875.750643239532,2.138504886409505,43.78342909564076
61d08m20pt40057355s11d08m22pt22578941s,61.1390001593194,11.139507163725204,0.03261564227282676,41.988281739286066,0,0,0,nan,nan,nan,nan,3.470070736015745,0.05501742201122381,51.53766921065424,13.250369877587621,0.3548,BLANK,40957.51434384267,304.7588688249734,27.468595781194164,0.558268867921496,5006.857878234364,2.6581219759418087,65.2029687340598,14343.806402050717,273.6588072584029,8.934694464506252,0.47293485625412995,4959.054928264803,2.6230744554356296,64.90002112634625,0.0,0.0,nan,nan,3726.03,1.0,24.400668213494743,0.0,0.0,nan,nan,3728.82,1.0,24.382410999599827,44679.35869470107,350.340180189926,39.64137123227597,0.5953718640320721,6562.906849678539,2.671203281266651,50.007136490240725,15936.655173026555,223.40810609462872,10.690119554197045,0.4298161198362511,4861.391763366293,2.405244393806205,60.26276914912267,0.0,0.0,nan,nan,4340.46,1.0,20.94654063936261,0.0,0.0,nan,nan,4101.73,1.0,22.16567686891332,0.0,0.0,nan,nan,3970.08,1.0,22.900702702093618,0.0,0.0,nan,nan,3889.06,1.0,23.37778840736009,0.0,0.0,nan,nan,3835.4,1.0,23.704860453545347,0.0,0.0,nan,nan,4363.21,1.0,20.83732430562082,0.0,0.0,nan,nan,3868.75,1.0,23.500516131444996,0.0,0.0,nan,nan,6583.8478771559,0.4999617834394905,nan,0.0,0.0,nan,nan,6547.408214126451,9.99923566878981,193.93267853817915,5910.773598873278,472.41506377096573,5.293653414166637,0.7913514325692379,6716.54371262843,2.4603237682565973,44.70806819161778,3282.19788729005,632.6538563838957,2.7732838615728905,0.9977145580879438,6730.756319290865,1.9498624903983373,34.4221338110383,0.0,0.0,nan,nan,3426.0,1.0,26.53754284399528,0.0,0.0,nan,nan,3760.0,1.0,24.18021855944889,4807.161136882366,1080.236029997798,2.887667548356798,1.9869438463655245,4682.875384690307,9.99923566878981,271.0131455203778,2006.8512281721128,242.55935177699826,1.6451624617399554,0.43227026408125574,5876.02965120636,4.323591131779244,92.44555094853092
61d08m12pt85847736s11d08m18pt02581718s,61.13690513260126,11.138340504772234,0.21463788655286287,37.0664479959913,0,0,0,17.994956816153092,0.08047232926509627,nan,nan,0.574246273738095,5473.598345019098,71.43358483218613,18.445343735990217,0.3548,BLANK,1034.571835945539,128.16128297319315,0.49682752125516444,0.1681038204946118,5006.918074224557,1.534888846689933,34.73294106921971,1114.6784144335309,20486214.97600264,0.5230582824743457,26676.53477364756,4958.425388146873,0.642305963886116,nan,0.0,0.0,nan,nan,3726.03,1.0,24.400668213494743,0.0,0.0,nan,nan,3728.82,1.0,24.382410999599827,27233.763984934925,1103.0682891090855,12.18912065645473,0.9457258999222992,6562.306763721753,3.003807892869532,56.66581857620247,3742.7326021436415,258.769764089772,1.951000287075269,0.3869245957266831,4861.088988020461,2.341141142591341,58.50582808639238,2050.6366264855415,32642625.639736466,1.0649068170813532,60024.02651525509,4340.903928246822,0.6254323613947554,nan,0.0,0.0,nan,nan,4102.87497181131,6.748111576951389,208.31900570035614,0.0,0.0,nan,nan,3970.535747434935,4.133315495402862,130.63006707806923,0.0,0.0,nan,nan,3879.06,9.99923566878981,326.52642944617054,0.0,0.0,nan,nan,3835.4,1.0,23.704860453545347,1686.6166189460484,210.11489876519158,0.8834251523100252,0.38594530118014014,4361.663060163312,1.7933181499092865,48.17469692004425,0.0,0.0,nan,nan,3868.75,1.0,23.500516131444996,6018.922032728389,2233.5872169426293,2.3417460564371972,1.6591511658728029,6583.129479610552,2.0264681464973813,36.775455801502815,395.0600561424403,0.0,0.15690723532843603,0.0,6548.015831529079,0.4999617834394905,nan,3251.059360197712,299.47928323303705,1.7325447120207094,0.29853685318607287,6715.974053733121,2.9982071279073557,55.260401854979946,2461.817438423223,400.0432971552945,1.3026364070288228,0.3951152460262192,6730.157327372271,3.3941101974519556,62.817759753041045,0.0,0.0,nan,nan,3426.0,1.0,26.53754284399528,0.0,0.0,nan,nan,3760.0,1.0,24.18021855944889,724.7492168974908,143.53520722186823,0.33118841191044135,0.2005712897162181,4686.382700995461,1.8807885864314389,47.429947176202056,3301.245717105529,761.2150794414745,1.7475182940724914,0.8764531603277994,5873.501680301628,9.99923566878981,216.12712798001303
61d08m01pt44341502s11d08m22pt22575939s,61.133734281950744,11.139507155386976,0.6873382214061154,42.75908623861245,0,0,0,nan,nan,7.77941045439717,0.003041387694759842,7.136899020466004,0.3504487080076152,42.57312845082004,7.4872492035429,0.3548,BLANK,7670.396349565628,128.51868532108367,447.98849652048665,20.50238698464887,5006.822922556235,1.6371815533242704,37.632004893954154,2641.3272332912575,125.85695512175364,90.97018239104058,12.027319776717029,4958.789602353261,1.7499429509533446,41.17537749661273,1528.817574818792,203.47483529864084,19.95147428136802,13.377785255180495,3725.86015157532,1.438983432643654,42.957370844778254,2691.684334814585,295.24873682977955,35.19984332892283,19.411610248387678,3728.82009297949,1.438983432643654,42.92522902386522,0.0,0.0,nan,nan,6562.8,1.0,13.853480493619768,2036.210047363313,82.68983120751543,77.34435057778865,9.009327109522522,4861.15526532002,1.763668476962628,42.3937811400534,1150.5690266067759,134.873112161777,49.024202387359225,20.356231964238606,4340.133171029322,2.6457240922439116,74.83640397184385,0.0,0.0,nan,nan,4101.812547688695,3.4793301220949906,105.78383692884258,767.4273112498723,84.46495488329106,14.51548111465875,6.876524847472464,3970.5496240920343,1.7117750968811996,50.09266263103539,0.0,0.0,nan,nan,3889.077136131727,1.5125236707457126,43.89148848437854,551.155000564056,1251774.4165571777,9.377669793543742,99586.28921467824,3836.798267194518,0.5024152358454902,nan,0.0,0.0,nan,nan,4365.047921536058,5.021331957317547,145.0822395716615,450.79219812302944,125.46788529887775,37.12985873926708,47.3211471986458,3869.4482951664854,2.5721177609155585,81.44667455428893,0.0,0.0,nan,nan,6583.45,1.0,13.810026928666252,0.0,0.0,nan,nan,6548.05,1.0,13.88468655302385,0.0,0.0,nan,nan,6716.44,1.0,13.536579167464883,0.0,0.0,nan,nan,6730.82,1.0,13.507659064352907,0.0,0.0,nan,nan,3426.3958655699785,1.3748109219483222,43.96994623507887,0.0,56.96534070790395,nan,nan,3760.0,1.0,24.18021855944889,1059.9767136131131,215.25607262752823,270.7182350515493,168.1588408140087,4685.662325155866,2.8897206868144645,76.17545246694428,0.0,0.0,nan,nan,5875.62,1.0,15.473706908126772
STACK,0.0,0.0,0.3115305834106017,nan,0,0,0,nan,nan,nan,nan,3.4579405188518963,0.08456043838594487,40.2993234501269,8.721251357107882,0.3548,BLANK,40745.68095155966,431.90483522552694,13.4812721901228,0.390316293484438,5006.89260320485,2.6230275218949597,64.27750113848589,14179.6969980201,468.80678953134566,4.490287109650409,0.41189281399591215,4959.009340507078,2.8181863662607824,70.0838993830954,0.0,0.0,nan,nan,3726.03,1.0,24.400668213494743,0.0,0.0,nan,nan,3728.82,1.0,24.382410999599827,44758.33379406103,427.1643771779207,15.792052237594275,0.2886795273129321,6562.911526017251,2.6775281195189224,50.13426243044659,15883.84116214239,341.89433961437135,5.340491597528589,0.3296927300416677,4861.435489000027,2.193235844093804,54.43321643925068,0.0,0.0,nan,nan,4340.46,1.0,20.94654063936261,0.0,0.0,nan,nan,4101.73,1.0,22.16567686891332,0.0,0.0,nan,nan,3970.08,1.0,22.900702702093618,0.0,0.0,nan,nan,3889.06,1.0,23.37778840736009,0.0,0.0,nan,nan,3835.4,1.0,23.704860453545347,0.0,0.0,nan,nan,4363.21,1.0,20.83732430562082,0.0,0.0,nan,nan,3868.75,1.0,23.500516131444996,0.0,0.0,nan,nan,6583.897096375731,0.4999617834394905,nan,0.0,0.0,nan,nan,6547.3640029447615,9.99923566878981,193.93267853817915,4959.3163190146,575.170286369157,1.759046376064877,0.3815841632190614,6716.48321410673,2.127520920311287,38.08184610995915,4345.76737502196,617.0051377691769,1.5220165597097386,0.40331708969325347,6730.843398812918,2.0538769247413513,36.52219399844578,0.0,0.0,nan,nan,3426.0,1.0,26.53754284399528,0.0,0.0,nan,nan,3760.0,1.0,24.18021855944889,614.9710518292374,1129.2647000930565,0.20515664613085938,1.153022726654477,4684.05611014965,0.4999617834394905,nan,2262.741132481645,342.7546076289646,0.7870976949232352,0.25918456927210226,5876.155774280361,3.8434836108895367,81.8859442899226
72d20m10pt1706933s-28d49m08pt25149738s,72.33615852591643,-28.81895874927227,0.32658745796468347,24.596172968873923,0,0,0,nan,nan,7.847938246668533,8.684233511797783e-05,14.506178891581603,0.12206103290433505,145.37230352553664,16.73956298697053,nan,BLANK,15700.495418065508,349.38338998440764,4.543778345334222,0.2761519487301286,5007.158020364927,9.99923566878981,253.6292103805842,6290.215530156808,618.1669714304536,1.7177662146933697,0.4687394107104839,4956.620176098603,9.99923566878981,256.08064588829484,293535.1242161333,604.9376541914739,119.7086614884967,1.2412264164367188,3727.77043056594,6.7800779764666235,230.42217345337187,294378.63772382576,589.3688995657839,122.7725915962274,1.2366798737450517,3727.7702568136633,6.793397971565513,230.7069780900242,51874.055641788065,6010.64066423338,7.832360932479098,1.7382232681656369,6563.113596303707,6.028264531365851,116.14973613518602,42044.46101530765,345.50571566318604,11.518704627677645,0.27148466625767026,4861.412676648654,6.57708411689389,171.2645692625197,23239.00031432243,361.93233417760666,6.771752469030657,0.3734962012004963,4340.619027053692,6.229080801125072,181.54801375995032,9758.825635580582,257.75874806685744,2.9603607030587527,0.3124662498664808,4101.457239939254,4.927890452548171,151.4016437746529,2859.884382532769,284.392062611642,1.143402946177441,0.48949761597183417,3970.2228527995544,2.613013917725508,80.72990021837262,5908.624763858139,450.49809302325957,2.2842764325656173,0.7876525918941643,3889.206586103928,4.859930249594689,157.43309431668098,985.9485885142252,179.77773550246565,0.5372981012664557,0.4586588924776117,3834.8763204892557,1.6601335187702804,49.96736147090238,0.0,0.0,nan,nan,4361.421306821791,9.99923566878981,291.0428046557292,9226.176389133985,500.13566571961786,4.146959320775398,1.0298855328619965,3868.658033312418,4.504665583853955,146.4357016453937,55736.42779747358,7823.350682981249,9.540385492574178,2.556498714916271,6583.65324177037,6.592501503912253,126.76447206876149,2855.171770209663,5036.514504639176,0.5035218745855287,1.7050318823569428,6549.085072621802,3.0919170807547127,58.55358198466028,23607.641726790636,2226.0470943702185,6.889974006370549,1.215149110655064,6716.608591688897,6.9541203367204245,131.14586413748657,13353.467511637675,2827.71937178453,3.725772333950138,1.4726116865503462,6730.4618627400805,6.455253040611748,121.37792598372272,0.0,0.0,nan,nan,3426.0,1.0,26.53754284399528,0.0,0.0,nan,nan,3761.600846688623,5.679878120488883,190.84934859377563,2295.8368544168857,284.4219771045663,0.6205785655932482,0.2350572082259337,4686.792146179435,5.7620383722695445,155.3952844432642,5292.940439059988,1083.9335775406823,1.8407963538273895,0.8194418995291054,5876.429750205697,9.99923566878981,216.12712798001303
72d19m49pt17085008s-28d48m56pt85026178s,72.33032523613272,-28.81579173938281,-0.13224227057385496,39.569224870100676,0,0,0,nan,nan,nan,nan,nan,nan,39.680789954905215,9.540036523090903,nan,BLANK,0.0,0.0,nan,nan,5006.84,1.0,18.158683277981286,0.0,0.0,nan,nan,4958.91,1.0,18.334194769319836,0.0,0.0,nan,nan,3726.03,1.0,24.400668213494743,0.0,0.0,nan,nan,3728.82,1.0,24.382410999599827,28797.09925012728,647.7949075597995,980.5538706987758,42.2514477532171,6562.549727864238,5.625676306762573,108.28298670073315,0.0,0.0,nan,nan,4861.33,1.0,18.702211490174054,0.0,0.0,nan,nan,4340.46,1.0,20.94654063936261,0.0,0.0,nan,nan,4101.73,1.0,22.16567686891332,0.0,0.0,nan,nan,3970.08,1.0,22.900702702093618,0.0,0.0,nan,nan,3889.06,1.0,23.37778840736009,0.0,0.0,nan,nan,3835.4,1.0,23.704860453545347,0.0,0.0,nan,nan,4363.21,1.0,20.83732430562082,0.0,0.0,nan,nan,3868.75,1.0,23.500516131444996,0.0,0.0,nan,nan,6583.5356490934755,9.99923566878981,192.88987927331783,0.0,0.0,nan,nan,6548.061813041443,6.242334505552035,120.600782793723,0.0,0.0,nan,nan,6718.145216053589,2.1341608457328296,38.215101484199934,0.0,0.0,nan,nan,6729.718393727418,5.798393080339603,108.8716109906943,0.0,0.0,nan,nan,3426.0,1.0,26.53754284399528,0.0,0.0,nan,nan,3760.0,1.0,24.18021855944889,0.0,0.0,nan,nan,4685.68,1.0,19.403292965701418,386.1719877961548,5221607.7773990715,4.48790697698669,131951.8972865541,5874.8980602242,0.9002371270917874,12.265175092095467
72d20m20pt67173166s-28d48m43pt05177671s,72.33907548101662,-28.811958826863776,0.5565841194717231,11.642159821686606,0,0,0,10.210634547300804,0.05846560479143239,8.134833742952543,1.973820655118959e-05,9.307907160392379,0.07116034448507853,49.18817829410128,8.761800373781929,nan,BLANK,52513.07243912386,239.0185309732836,199.72403135568683,2.4830293754283317,5006.835078794147,2.3832429151276333,57.92639940587231,18365.05223929169,273.6345744689122,66.82999370752113,2.7628370751375635,4958.857211051854,2.4047088444315783,59.06256437861003,26845.049141063693,220.60414309692393,47.79445437100548,1.9785587819585249,3725.9662679169605,2.1393545844427626,69.07332226819126,36192.90641966788,270.5169646666306,64.5619357504304,2.4262178787583664,3728.736554378085,2.1393545844427626,69.02163981392202,0.0,0.0,nan,nan,6562.8,1.0,13.853480493619768,14387.345934110266,95.75227834713384,47.00897967676603,0.8973793915784948,4861.204040502411,2.2522827915633394,56.06247604301144,7828.630474807022,98.87838103531489,16.71797592396757,0.7478926278671346,4340.300783201353,2.2142447562012753,61.61525804668516,4559.596931476091,143.61286608776794,9.043532156957818,1.1380891075753965,4101.759365578116,2.264791681373063,66.8530561857033,3135.385368490293,150.27821335954232,5.647878938145368,1.165639903657972,3969.8663979384737,3.0194277085313908,94.18726851471315,3050.6803567774477,182.77097891095542,3.7706311818776834,1.0219295481840018,3888.7758826876443,1.4872785750972006,42.95706503668272,982.1552090565042,121.91982277503423,1.7346317109991458,1.0076699634885682,3835.50193421134,1.7340586902232509,52.66116132370713,182.99506737622252,1083.7983117204876,0.3011719001495353,6.249279255491113,4363.698325824904,0.4999617834394905,nan,5702.013093232134,191.2331573892847,7.5247339777169175,1.1561805512701104,3868.634717591697,2.4082640029231563,75.8278525072869,0.0,0.0,nan,nan,6583.45,1.0,13.810026928666252,0.0,0.0,nan,nan,6548.05,1.0,13.88468655302385,0.0,0.0,nan,nan,6716.44,1.0,13.536579167464883,0.0,0.0,nan,nan,6730.82,1.0,13.507659064352907,3616.539642505456,256.1798479826853,5.454462600565071,2.464146992045574,3423.7833339601652,4.9785324870753715,183.16441137270303,387.206217353161,0.0,0.7567643065528704,0.0,3760.4738863112034,0.4999617834394905,nan,351.15584540221437,66.61624299103622,0.8152345850220726,0.47293007650952346,4686.315803464288,1.2009913610668101,26.515238822621463,950.4546562181882,110.68664733594628,4.670699427538448,1.1825353699038692,5875.762751469142,2.3863446178680623,49.431598249289316
STACK,0.0,0.0,0.2503097689541839,nan,0,0,0,nan,nan,7.848364316644086,0.00014914986087006258,14.523766219792497,0.15898156600084895,138.55595576973258,16.275595533096503,nan,BLANK,15413.392440877922,540.786750886593,4.0786469277419,0.3908188819619017,5007.232558363274,9.753820325623105,247.3732399499837,6778.740222359138,1142.18734838393,1.6809269860703249,0.7870616740921504,4954.2309733118755,9.99923566878981,256.08064588829484,294308.6425721834,908.6671362646447,89.92855876272588,1.3969351625371083,3727.7641045837354,6.80983606903967,231.444379746543,295686.14489391434,904.0798318031644,92.8342584075353,1.4281076957235994,3727.76387166186,6.831940765238689,232.02991608605504,51254.90500451633,5933.277258769737,7.549039312224923,1.6737652549111472,6563.094155387455,5.9620409548448565,114.85623356558952,42150.70050460239,444.4373799133217,10.581610926603647,0.3200060336906051,4861.377180142822,6.621533269644952,172.4352228723217,21202.576071008018,535.1486839889967,5.491266206368463,0.49085521222483103,4340.521311939936,5.756277032881023,167.5844543639615,9284.534275863827,574.4106060320838,2.541039496493281,0.628432342308179,4100.855431559703,5.244795738592106,161.3323882250043,3864.5944191898116,372.93114748032417,1.2776531003903007,0.5311521075369866,3969.0605149440285,2.813253895095327,87.37643634255143,3380.4923670818016,444.0172524376716,1.1286470240495894,0.6705670491677445,3888.8944906589195,3.006170023455236,95.70324560108051,201.88965418549915,1463.7447545197228,0.08617128302025824,2.9228129640240206,3835.962869296738,0.4999617834394905,nan,0.0,0.0,nan,nan,4362.960582728269,7.943841898799715,230.88448591054018,11052.019184918769,612.4868689638894,4.288418328451126,1.0885402951423633,3869.024860147811,4.976209524323113,162.12538104478946,56464.70145038449,7948.853854966615,9.517951509037493,2.557978075401103,6583.655199721109,6.65486705352679,127.97728302390227,2759.4296781911835,5187.542055979707,0.4717634115136577,1.7025174104539647,6548.960221155652,3.286876775374777,62.438903722799886,23548.636170564514,2222.623122803304,6.608767000881554,1.1666683473620583,6716.65985055244,6.549294903982863,123.4307824436399,13673.88808773855,2950.945921054311,3.6961875779656475,1.4888672540091477,6730.414522888378,6.3740077575318335,119.83197878197993,0.0,0.0,nan,nan,3426.0,1.0,26.53754284399528,0.0,0.0,nan,nan,3760.030660046379,4.888373603024888,163.81005539158562,6077.0473960046165,482.43950837118933,1.5195855779043652,0.3687300213020734,4687.52151664034,7.568351374869959,204.75101700642193,50552.20563905427,563.7776721958196,16.00971927234576,0.38823856410806246,5874.910191118778,2.8664045539474476,60.22743412307653
73d49m33pt22917319s6d57m52pt30004305s,73.82589699255209,6.96452778973635,0.39130856755430177,13.067333282345581,0,0,0,nan,nan,7.17448250917629,0.0011384853758251517,3.234518555871079,0.1603509539224092,131.09276610797335,24.315379260161443,0.425,BLANK,5081.168864991433,200.64860192539203,1.7600648476822867,0.189843307602224,5006.78716854639,3.3246498538735247,82.64165462214619,2225.903403819552,228.7411368442708,0.7493046996968169,0.21364178419626684,4958.96336131138,4.751071469720618,120.64314309623775,17243.740314703988,1149.8065514578666,5.673379721289262,1.9058264065370196,3725.8799418783733,3.40623065058044,113.89920849445957,19363.940051468955,1593.387248090492,6.38346982975437,2.6410699168480867,3728.6927337495285,3.40623065058044,113.8139861475242,47651.71605743224,2326.8216679284064,16.447319904736847,1.5382902448238807,6562.878369135963,3.9058414754861777,74.54170535521213,13576.905457930625,274.11489704381904,4.828166448455459,0.2795992588963853,4861.236361544029,3.2662119703809243,83.54916223141547,1962.1419404040882,304.6994468050007,0.5745503301095575,0.3159635214129688,4340.656094261341,0.4999617834394905,nan,0.0,0.0,nan,nan,4103.090764130748,9.814784282179586,303.85703152546,0.0,0.0,nan,nan,3969.1884920856096,0.4999617834394905,nan,0.0,0.0,nan,nan,3889.1161656166587,0.4999617834394905,nan,0.0,0.0,nan,nan,3835.2471657122014,0.4999617834394905,nan,4377.506972633601,546.8826439076644,1.280938152668939,0.560657150216021,4363.720658501184,8.46802107854001,246.23504440641534,11927.24886066248,1361.3728272625585,3.3949211726906543,1.7793703486017052,3865.00273804466,9.99923566878981,328.2406140748108,13307.081529309478,4280.1446528734205,3.9437075758912257,2.421674473991017,6583.515757758363,3.1863553147596293,60.112153310912426,1582.4740236062034,4505.742928838852,0.47471593260571887,2.595059399854956,6548.1177673957845,0.4999617834394905,nan,6886.25728673137,513.6176887956074,3.118115480656685,0.4349807518948599,6716.7486719862145,3.479561926880793,64.60667623371653,0.0,0.0,nan,nan,6730.82,1.0,13.507659064352907,2644.6582491252943,159.60006966130152,0.7578456320861561,0.2914522055115032,3424.681754394191,1.3369063308067388,42.32519153994536,5983.458972022286,601.5567885464144,1.8136697536594162,0.8971813133415802,3760.0645603545036,6.668924305621763,224.5562863405208,2623.0658680808688,897.9114936422498,0.8074039345820669,0.8453114727664308,4685.911331326576,9.99923566878981,271.0131455203778,4909.966244200782,558.2337938278532,2.0875083944234643,0.5160468139315102,5875.16915178958,9.99923566878981,216.12712798001303
STACK,0.0,0.0,0.39130856755430177,nan,0,0,0,nan,nan,7.175329484445298,0.0011365661098608896,3.234518555871079,0.1603509539224092,131.09276610797335,24.315379260161443,0.425,BLANK,5081.168864991433,200.64860192539203,1.7600648476822867,0.189843307602224,5006.78716854639,3.3246498538735247,82.64165462214619,2225.903403819552,228.7411368442708,0.7493046996968169,0.21364178419626684,4958.96336131138,4.751071469720618,120.64314309623775,17243.740314703988,1149.8065514578666,5.673379721289262,1.9058264065370196,3725.8799418783733,3.40623065058044,113.89920849445957,19363.940051468955,1593.387248090492,6.38346982975437,2.6410699168480867,3728.6927337495285,3.40623065058044,113.8139861475242,47651.71605743224,2326.8216679284064,16.447319904736847,1.5382902448238807,6562.878369135963,3.9058414754861777,74.54170535521213,13576.905457930625,274.11489704381904,4.828166448455459,0.2795992588963853,4861.236361544029,3.2662119703809243,83.54916223141547,1962.1419404040882,304.6994468050007,0.5745503301095575,0.3159635214129688,4340.656094261341,0.4999617834394905,nan,0.0,0.0,nan,nan,4103.090764130748,9.814784282179586,303.85703152546,0.0,0.0,nan,nan,3969.1884920856096,0.4999617834394905,nan,0.0,0.0,nan,nan,3889.1161656166587,0.4999617834394905,nan,0.0,0.0,nan,nan,3835.2471657122014,0.4999617834394905,nan,4377.506972633601,546.8826439076644,1.280938152668939,0.560657150216021,4363.720658501184,8.46802107854001,246.23504440641534,11927.24886066248,1361.3728272625585,3.3949211726906543,1.7793703486017052,3865.00273804466,9.99923566878981,328.2406140748108,13307.081529309478,4280.1446528734205,3.9437075758912257,2.421674473991017,6583.515757758363,3.1863553147596293,60.112153310912426,1582.4740236062034,4505.742928838852,0.47471593260571887,2.595059399854956,6548.1177673957845,0.4999617834394905,nan,6886.25728673137,513.6176887956074,3.118115480656685,0.4349807518948599,6716.7486719862145,3.479561926880793,64.60667623371653,0.0,0.0,nan,nan,6730.82,1.0,13.507659064352907,2644.6582491252943,159.60006966130152,0.7578456320861561,0.2914522055115032,3424.681754394191,1.3369063308067388,42.32519153994536,5983.458972022286,601.5567885464144,1.8136697536594162,0.8971813133415802,3760.0645603545036,6.668924305621763,224.5562863405208,2623.0658680808688,897.9114936422498,0.8074039345820669,0.8453114727664308,4685.911331326576,9.99923566878981,271.0131455203778,4909.966244200782,558.2337938278532,2.0875083944234643,0.5160468139315102,5875.16915178958,9.99923566878981,216.12712798001303
82d26m16pt12654003s-31d44m51pt16420157s,82.4378129277858,-31.7475456115466,0.2590966504920136,21.677701878491213,0,0,0,nan,nan,nan,nan,2.9963124550207723,0.04528523060360275,56.73763740998401,11.077366028938492,nan,BLANK,15186.787570880577,177.2444531746966,26.631670097639383,0.8489683132303767,5006.842532291898,2.194766123455342,52.89232159385977,5598.71847572147,105.30012146661386,9.662384649732122,0.5042170508659141,4958.941222959062,2.3135617191564077,56.61214219248102,0.0,0.0,nan,nan,3726.03,1.0,24.400668213494743,0.0,0.0,nan,nan,3728.82,1.0,24.382410999599827,16560.716339386225,181.68505950161324,45.92742370709913,0.9651409692376557,6562.589871366698,2.4261973954778817,45.06374040726191,6937.028884211593,79.10732070353104,12.264395361410424,0.40116630640115924,4861.149288004814,2.1201366688819316,52.40925958234816,3819.5742508320473,121.62298230341736,5.139735722172561,0.5796657693632375,4340.31957860805,2.428389357930379,68.2037748947339,1338.538048733251,86.07071403408501,1.470360584909944,0.3777681958940552,4101.735768610064,1.303200302039265,34.11841704088317,486.59173994752234,156461289596718.56,0.5148863879162353,712534981406.1084,3970.727317391829,0.4999617834394905,nan,987.3221327745191,3172324.991047502,1.0000245053640928,14538.927965130719,3888.3832320834836,0.661555233465324,nan,0.0,0.0,nan,nan,3833.77959168941,0.4999617834394905,nan,0.0,0.0,nan,nan,4363.3949203522125,3.711008616885501,106.33636620224854,2143.898205827844,203.99154032608106,2.096152994595397,0.9137191923289726,3868.699245883871,2.628215704668851,83.36348331457839,73.75878605922121,2743.050960034655,0.11128248819539281,7.900981793411653,6583.534866923925,0.4999617834394905,nan,0.0,0.0,nan,nan,6547.057161206864,9.99923566878981,193.93267853817915,2808.9508048118655,239.04879939659196,7.956361349427851,1.2665305328268557,6716.171645322333,2.559169091160782,46.659140156829736,1660.7827502290925,316.8906364945,4.450822130136311,1.5850871147748273,6730.6679516460545,2.5530047178659614,46.43822500689533,0.0,0.0,nan,nan,3426.0,1.0,26.53754284399528,0.0,0.0,nan,nan,3760.0,1.0,24.18021855944889,0.0,0.0,nan,nan,4681.108462520544,0.4999617834394905,nan,1101.4333070459131,202.62062313241287,2.9332103895114368,1.172948348602854,5876.392146632236,6.303987071691344,135.7470838328743
82d26m49pt05349642s-31d44m54pt96351295s,82.44695930456052,-31.748600975820526,0.29920539297176973,31.029720190782733,0,0,0,nan,nan,7.083852044934996,0.0014413632597799527,2.8322465400207477,0.21544997995929552,128.48031355857583,22.48964706550055,nan,BLANK,9920.715169841667,187.89443819960428,2.3613117894615048,0.12215637823816544,5006.803161888365,4.387049172896522,110.1213934969166,3099.459379510938,191.3597221743481,0.7057374945703296,0.12084815765185371,4960.058404912278,4.87649300682406,123.89769101857449,15275.056273491997,2051.132500249112,3.2081190570414684,2.169699912051181,3726.242109738447,3.806095022211335,127.82746409781542,21722.070797867287,3064.4239538898432,4.570110126604334,3.2415655168229316,3728.742150855461,3.806095022211335,127.73182026817683,59559.83432848485,3064.738745304195,14.089413560129135,1.388725709983519,6562.51751060121,5.4907161358360925,105.64391181383387,17659.939173355113,317.1792930595439,4.057741130047155,0.20903567368953369,4861.246190902355,4.348484991488854,112.39440499597399,438.7394753597832,466.8825998566879,0.086018039345907,0.32417869520657155,4340.526827576963,0.4999617834394905,nan,0.0,0.0,nan,nan,4101.776452678447,0.4999617834394905,nan,0.0,0.0,nan,nan,3969.7887303085554,0.4999617834394905,nan,0.0,0.0,nan,nan,3889.0247780758077,0.4999617834394905,nan,0.0,0.0,nan,nan,3835.266843918928,0.4999617834394905,nan,6659.408847619166,834.0430577636278,1.3401112902143766,0.5878587174512581,4364.331070398644,9.99923566878981,291.0428046557292,13876.586081522033,833.718730318429,2.6634718532414294,0.7336136698521266,3867.6068308179197,9.99923566878981,328.2406140748108,14514.266996842982,5548.044434730536,2.965752803599635,2.1643899014198724,6583.220249214088,4.247973765791995,81.02393504668451,0.0,0.0,nan,nan,6548.495180117457,0.4999617834394905,nan,6829.397107885843,597.3755762304419,2.286382237255888,0.3741041288262658,6715.867395203488,4.812170134645848,90.24448765504489,4050.909280347019,786.2015820677707,1.3313129035997395,0.48228756715569193,6730.232782468368,4.648009346901906,86.91208472434573,0.0,0.0,nan,nan,3426.0,1.0,26.53754284399528,883.3640169820837,376.562457171927,0.17372356354907795,0.3653073477565849,3756.34119555181,2.6177500656938846,85.40690230349641,3541.3809491766547,729.1911951107875,0.755872757213917,0.4759330659305798,4686.349912794779,9.99923566878981,271.0131455203778,6041.751498236554,1227.059191619991,1.8810752175549648,0.8308878371232907,5873.975890166942,9.99923566878981,216.12712798001303
82d26m49pt75914006s-31d44m55pt76347245s,82.44715531668409,-31.74882318679089,0.29914207295975515,31.208651671528365,0,0,0,nan,nan,7.215514828080258,0.0006850871720292705,3.462115619136258,0.10508046422010633,119.5976663938978,23.465015358956613,nan,BLANK,8575.022421400676,185.7659649141509,2.263919416058457,0.13396290008877076,5006.797286009224,4.284641865284923,107.48283980617083,3744.8641068571696,266.1148122989978,0.9428322069804724,0.1858204213578873,4960.101621696978,6.128149420965269,156.29826522234137,16928.831667945415,699.74014758134,4.09528813872469,0.8528085702141935,3725.849941204326,3.196558798380332,106.56832705002282,19827.11349027073,931.9985332928117,4.806253868602781,1.1358735658750754,3728.784962717211,3.196558798380332,106.48858985904293,46462.77591854106,2335.020715676974,12.317189088965259,1.1858163944854205,6561.9879747379255,4.134527605978153,79.04680802735616,14175.099010332191,250.99312571373488,3.611979856723587,0.18346257457548937,4860.942769667774,3.4994647438463815,89.79297210580972,1373.6026812331913,182.60163610471926,0.30215462113542574,0.14229782996171736,4339.881186225077,1.6266437256329287,43.067390502307866,0.0,0.0,nan,nan,4101.439679924943,0.4999617834394905,nan,0.0,0.0,nan,nan,3969.582148625969,0.4999617834394905,nan,0.0,0.0,nan,nan,3888.9174218268827,0.4999617834394905,nan,0.0,0.0,nan,nan,3835.407184879593,0.4999617834394905,nan,4681.0859542565695,483.73246095715564,1.0347236492050795,0.3747320155578698,4363.044331673253,9.99923566878981,291.0428046557292,12219.00117534981,733.534513863058,2.621180327849317,0.7216020985918352,3867.12135562576,9.99923566878981,328.2406140748108,13283.464151529543,4429.121650462781,3.148689306884169,2.004619044251467,6582.6371527585125,3.4265048081630467,64.86400329376607,0.0,0.0,nan,nan,6547.165018447335,0.4999617834394905,nan,6222.355799839797,531.2870365505956,2.334226368967256,0.37283307663273424,6715.5834036649285,4.180022547895639,78.11344338637134,3807.146203492236,696.1466209278815,1.4091269584754864,0.4809690805289061,6729.903659236528,3.843018389657137,71.47278594077403,0.0,0.0,nan,nan,3426.0,1.0,26.53754284399528,267.34050944790187,785.9649519474647,0.05835438564764211,0.8437986292151209,3760.6410764812413,0.4999617834394905,nan,1845.6698320469543,376.88115724699423,0.42871254467828485,0.267614719593407,4687.1597297949465,9.99923566878981,271.0131455203778,4293.070172632623,735.1767074660307,1.5031623535979863,0.5595429107026536,5876.4622485910395,9.861292934121117,213.1307964073865
82d26m13pt77483403s-31d44m43pt96416086s,82.43715967611888,-31.745545600239403,0.19629544789501274,29.252016478052873,0,0,0,7.101022083606313,0.026487823281664654,nan,nan,1.0206648003476468,0.027564590656928355,52.20536365085013,13.474281779573882,nan,BLANK,5899.606270629451,110.84782393603243,4.891670647301163,0.25104473912384273,5006.8180969112655,2.5348045080721113,61.946701291843674,1735.9036990052098,101.78707314832747,1.3761495763538085,0.22387482258881367,4959.082639276306,2.1169757951506494,51.29198730698323,0.0,0.0,nan,nan,3726.03,1.0,24.400668213494743,0.0,0.0,nan,nan,3728.82,1.0,24.382410999599827,20990.352816904975,655.4771627631201,24.390936458882667,1.4589382690480541,6562.704747020671,2.4614359274991866,45.777221257312554,7480.918286820455,138.1211999531261,6.712144108532422,0.3554558305704416,4861.256149840498,2.2226131236718403,55.24440814816452,3013.7191670040957,126.65136591497993,2.0015547137070664,0.2979202833409385,4340.371934007498,1.7701259438432626,47.68746271410811,142.6965723199144,2483.779846091531,0.08202860445801093,5.706694374027686,4101.130796933154,0.4999617834394905,nan,0.0,0.0,nan,nan,3980.08,0.4999617834394905,nan,0.0,0.0,nan,nan,3889.06,1.0,23.37778840736009,0.0,0.0,nan,nan,3835.4,1.0,23.704860453545347,1385.1297632952296,403.96117609729777,0.8829126246465351,0.9024738724744208,4362.895382945517,5.75806090903996,166.76309961225056,0.0,0.0,nan,nan,3868.75,1.0,23.500516131444996,4181.16571803898,1855.1667276382402,3.6139968913582714,3.06142412991094,6583.301284376689,1.9612520727908684,35.42855098615439,1292.9066694279718,48367.656144775916,1.1403931976810842,81.90899553523293,6548.039662146374,0.4999617834394905,nan,4375.89459391828,328.55790464551035,5.586423646970118,0.7845625231024221,6716.326690435379,2.4155781736385094,43.82262838128653,2624.4624929230213,449.08631154314463,3.2279978715245874,1.0309624305681269,6730.608762889075,2.170109854628581,38.852516783083125,0.0,0.0,nan,nan,3426.0,1.0,26.53754284399528,0.0,0.0,nan,nan,3760.0,1.0,24.18021855944889,1768.9288669258956,763.9729299792658,1.2416945314729118,1.6425607998952811,4682.093582955641,9.99923566878981,271.0131455203778,737.5718896045656,79.28430656099367,0.857886146335245,0.2005058896129878,5875.262721554878,2.6863431001917,56.19554540654905
82d26m16pt83227649s-31d44m42pt16421161s,82.43800896569063,-31.74504561433614,0.19666246154875466,30.20187769731268,0,0,0,7.072363230904559,0.04616896280407404,nan,nan,0.9133623904283968,0.10164139410040914,60.82294695576442,14.901792008338928,nan,BLANK,3747.8269419409676,127.29153311640248,1.8592607295550967,0.17248593215288344,5006.792282576556,2.774650524737141,68.26959179021611,3132.6368481629506,740.6978803683503,1.5189846037820929,0.9970482440592281,4957.282428364122,9.99923566878981,256.08064588829484,0.0,0.0,nan,nan,3726.03,1.0,24.400668213494743,0.0,0.0,nan,nan,3728.82,1.0,24.382410999599827,21472.792843186548,875.5290283940948,13.742390356091972,1.0733640533551752,6562.240721856024,3.2293134873988025,61.1552124043088,7533.114853652728,160.25226200041996,3.876264384006478,0.23653533779072983,4861.031012671713,2.67248254638132,67.54439494146523,518.9945603066634,224.71096573831161,0.2103551656985208,0.3226155486236247,4340.150355745156,0.4999617834394905,nan,0.0,0.0,nan,nan,4100.2527224718415,0.4999617834394905,nan,839.8635681576548,8.661099217190718e+23,0.2920854467297093,1.2975472625215524e+21,3969.1857671714993,0.5431102835640271,nan,0.0,0.0,nan,nan,3889.06,1.0,23.37778840736009,0.0,0.0,nan,nan,3835.4,1.0,23.704860453545347,1273.796349041564,206.39513087001595,0.5232388074334843,0.2970769451819821,4363.3839746664535,2.684074191431945,75.60591171309856,0.0,0.0,nan,nan,3868.75,1.0,23.500516131444996,5025.5043576904445,1923.5721982606822,2.777405404067573,2.0297575864698447,6582.924239327924,2.4876359855266164,46.16186452762033,268.6534231633782,1763.3733346605904,0.1481208980860245,1.866722274875286,6547.7185619737875,0.4999617834394905,nan,4504.097277624624,406.3961467180791,3.3300318662658253,0.5620382884208821,6715.911481531289,3.0828473690020672,56.90905333096763,3197.8451174519387,485.7592033741492,2.328745343536409,0.6602529034099149,6730.538494684754,2.8924351092104525,53.0826801762996,0.0,0.0,nan,nan,3426.0,1.0,26.53754284399528,0.0,0.0,nan,nan,3760.0,1.0,24.18021855944889,0.0,0.0,nan,nan,4685.682038059613,3.191994100557915,84.61550379835055,3238.9085315001557,398.0495011269172,2.1688830944747726,0.5796390194787573,5874.5221534258,9.99923566878981,216.12712798001303
82d26m15pt89151056s-31d44m43pt56419814s,82.43774764182179,-31.745434499482755,0.1964270101740122,29.04647463907093,0,0,0,nan,nan,nan,nan,0.7421866836658647,0.052940688726099715,60.917341105850966,17.307021609994045,nan,BLANK,3441.06900872276,149.66593159983563,1.1956749103805466,0.14204582803951793,5006.846440927911,2.4374967238736627,59.368066277495316,1166.0782685406407,250.8895958698466,0.38218060352101263,0.22807082383519398,4959.961891929871,4.349811410326934,110.21724332567138,0.0,0.0,nan,nan,3726.03,1.0,24.400668213494743,0.0,0.0,nan,nan,3728.82,1.0,24.382410999599827,23379.587086520092,984.4724479529611,10.557731983964754,0.8515579590539305,6562.6147073416605,2.726182700383967,51.11146978920675,6207.531580204902,202.7908169300595,2.1986496906044133,0.20601208006994834,4861.33293698379,2.364251899576595,59.13977098725152,281.20623357483686,425.70689070247124,0.08121085879051017,0.43540241771070376,4340.541342827502,0.4999617834394905,nan,0.0,0.0,nan,nan,4102.611225025529,0.4999617834394905,nan,0.0,0.0,nan,nan,3974.118414968456,0.4999617834394905,nan,0.0,0.0,nan,nan,3889.06,1.0,23.37778840736009,0.0,0.0,nan,nan,3835.4,1.0,23.704860453545347,5965.272526275452,1099.8653304843292,1.8139667131165116,1.1714862213304587,4364.234745369582,9.99923566878981,291.0428046557292,0.0,0.0,nan,nan,3868.75,1.0,23.500516131444996,6764.906439643593,2200.897550940574,2.7304650380923103,1.6960197620420845,6583.212543713334,2.363164280401317,43.64777968021294,420.3976662228628,13634.320887770571,0.17046030498906878,10.614186666099874,6548.023440242215,0.4999617834394905,nan,4842.660963852316,382.02888874135,2.4348120261098725,0.35927225006749725,6716.36547031898,2.7617905029633074,50.640326603370134,2919.0120688051156,520.656996313428,1.4642425108034882,0.48745897449862513,6730.777077783895,2.4867423623585903,45.133544997477884,0.0,0.0,nan,nan,3426.0,1.0,26.53754284399528,0.0,0.0,nan,nan,3760.0,1.0,24.18021855944889,120.86948321116735,111.94807291272383,0.034350354253846097,0.09734067258925116,4684.94283727812,0.4999617834394905,nan,3305.243075600793,755.4755561225079,1.487976393046086,0.7395657622085754,5874.731167776238,9.99923566878981,216.12712798001303
82d26m12pt36229889s-31d45m28pt76413035s,82.43676730524597,-31.75799003620873,0.29797637711991953,20.047950299260133,0,0,0,9.928571911219906,0.05522003395598891,8.046885552556994,0.0006938251300424249,7.628954744143653,0.6850166202781472,73.9554586403727,19.038733983764736,nan,BLANK,1791.8894561937418,98.66735399246448,16.801244649358217,2.5271897979746805,5006.501978231573,2.7727332032143583,68.21920871520902,717.6099779298243,52.223869324067785,5.3611499998588865,1.0828506467018093,4957.9889211663,1.5713677150679122,36.11779339082641,2165.045984489263,194.424100045741,15.62595728292561,7.071615991155664,3725.415753574168,2.1749583200416436,70.35942507433788,3983.8243092245884,306.41944780915367,28.811825028698195,11.145123812420941,3728.3543262502276,2.1749583200416436,70.3067803245357,2754.3480888544846,104.88080161678835,29.596591526989478,2.158991192389332,6561.818472920418,2.6955269959613313,50.49591045011469,1134.9352589204952,88.92871813710401,9.149864585386394,2.056746734834304,4860.7529980089175,2.0066477028466108,49.24963273973764,415.7922517379126,4104656.598458489,2.8462682139572415,99534.91845821912,4340.010231856922,0.5852730448439101,nan,0.0,0.0,nan,nan,4099.56551344655,0.4999617834394905,nan,0.0,0.0,nan,nan,3970.030681336211,9.99923566878981,319.8627926142355,0.0,0.0,nan,nan,3889.255717175375,4.4658259114754735,144.38375698020994,815.3765025788442,122.2936363943066,4.3071087438117655,3.0241696374226583,3834.9410972154024,2.0779806863950387,64.94391885047982,0.0,36.86603341795843,nan,nan,4363.21,1.0,20.83732430562082,1401.6516528776206,111.81570158391837,11.24111968834037,4.106738567831437,3869.270064917724,2.6883987353878904,85.41640858886248,0.0,0.0,nan,nan,6580.568248439485,0.4999617834394905,nan,0.0,0.0,nan,nan,6547.122390919355,0.4999617834394905,nan,663.9281210242955,98.97339470949123,7.1941073125181285,2.0062265696805617,6715.451863346932,2.302006624238258,41.56825718218695,356.2249223143925,146.19292606545835,4.369293266209749,3.3471057601235525,6730.053073370985,2.5402795012904775,46.187891118775944,0.0,0.0,nan,nan,3426.0,1.0,26.53754284399528,0.0,59.129176723417345,nan,nan,3760.0,1.0,24.18021855944889,2008.1313688108198,473.3362891486094,17.271159207528818,12.436869924793399,4688.849072300653,9.99923566878981,271.0131455203778,0.0,48.484601457123645,nan,nan,5875.62,1.0,15.473706908126772
STACK,0.0,0.0,0.24925791616589107,nan,0,0,0,nan,nan,nan,nan,1.576148569059054,0.16894189055840558,98.23935661420167,24.34275311936831,nan,BLANK,7151.599665121121,1321.9774012687108,0.46431943026385547,0.23443104351878516,5006.906077672071,1.3506303899773409,29.370418354236723,6875.939593536028,374.8325912888918,0.4492820546944994,0.06794964420314968,4959.150710333406,2.662492174562497,65.94947772861778,0.0,0.0,nan,nan,3726.03,1.0,24.400668213494743,0.0,0.0,nan,nan,3728.82,1.0,24.382410999599827,14520.263191241304,830.2901876484258,1.4117446578675075,0.1546271938644855,6562.651467060747,2.241491712269057,41.307434329039765,8899.883890407273,387.2681712851075,0.5697814803846222,0.07111722109073253,4861.123886178032,2.171569572973094,53.83416075063576,6976.996342786089,587.0876923482027,0.36085577545788233,0.10748865744124421,4341.5062421658795,3.1972825666845317,91.50440696601763,0.0,0.0,nan,nan,4098.907630902105,9.99923566878981,309.59640827210086,3104.204225732056,845.6307072880908,0.1534249765249839,0.18000859406817402,3969.50562816796,2.154271457406715,65.33322525882022,0.0,0.0,nan,nan,3887.8014756337316,0.4999617834394905,nan,0.0,0.0,nan,nan,3834.862681032211,9.99923566878981,331.09476865566154,0.0,0.0,nan,nan,4363.149028853692,3.1785975385873093,90.46846648913822,0.0,0.0,nan,nan,3869.5232651612505,4.85690773101089,158.15906824013177,0.0,0.0,nan,nan,6587.032390018024,0.4999617834394905,nan,7597.950912494329,2763.5911098687848,0.7205643746685846,0.5034435997294766,6545.003348012507,6.574034504890945,127.08869406515717,2376.04019499128,521.4137315947078,0.24692135540521726,0.10134941224322597,6716.5525394985525,2.332401221413678,42.17262425331441,1738.2150216770663,895.7785319125684,0.17748500956541466,0.17072702298864975,6730.249608685026,2.612826608299774,47.61372479723085,0.0,0.0,nan,nan,3426.0,1.0,26.53754284399528,0.0,0.0,nan,nan,3750.0,9.99923566878981,337.7342754526394,144.05585934723308,1564.7538477491287,0.008559695169708524,0.2837291322220701,4691.741996490086,0.4999617834394905,nan,2205.400735686216,9174332.619383426,0.1897475387899937,1716.3654719926967,5874.916041672412,0.6522242392718991,nan
86d45m43pt80905047s-39d04m29pt53186516s,86.76216918068606,-39.07486996254395,0.31926669520258844,21.42471699280471,0,0,0,nan,nan,7.911847070417556,2.4760057786415183e-05,13.414858241466563,0.10148194938115947,167.6607225497511,18.53457082012248,0.3142,BLANK,216101.2347842509,2339.3738196378417,19.83334784033482,0.5864400494704752,5006.8505695774,6.657253730065118,168.33723194855213,74208.3639169714,854.1952139966223,7.06176980606746,0.2255441406333663,4958.797007781878,6.8132044456049465,173.98981092261127,1819182.7675500982,4792.225768442626,144.66731458305313,1.91741584896665,3727.737224816866,7.617700447576549,259.1786035359981,1819129.5223851209,4792.544987609313,144.62980157827965,1.917102444895034,3727.7372312749576,7.61753247504737,258.9789200508976,502399.00964193715,29546.520978724962,15.608457813689881,1.7581796301847465,6563.064958402864,6.833861647279155,131.87109662286036,292856.0121860035,2149.044174503996,26.062580592406587,0.5485145546817117,4861.516108378046,7.1387976999639955,186.05227899333025,135452.85309257207,907.1411048194215,11.69385053647543,0.2773380147893883,4340.668108993266,6.358729005256384,185.37447037756633,61857.62407434192,527.1995065275283,5.250784327856826,0.17877662331657404,4102.040991632551,5.246893282180256,161.39807958542352,30651.98285793384,608.5713989985601,2.7994858934259206,0.23934719406384358,3969.776330835111,4.675500086574614,148.24124062836282,31290.579900038818,1691.4369906700124,2.5282000432679985,0.6180925692876279,3889.1314876563315,3.73181736234332,119.99434532157723,1179.92303111703,603.0090548217681,0.11519133944332803,0.2753912057402426,3836.0592093667437,0.4999617834394905,nan,0.0,0.0,nan,nan,4363.1632425019325,9.99923566878981,291.0428046557292,47314.58182370537,2056.0860375856087,3.9560301931379587,0.7874886730993716,3868.856784080554,5.33360363318397,173.9963512824022,173648.71282004833,51268.55149205336,5.168310692485677,2.913034410827893,6583.776517842859,5.06823053926573,97.06966203046841,0.0,0.0,nan,nan,6550.936851345182,0.4999617834394905,nan,281825.55129881,31376.795991920204,19.49778709708003,4.059324484762278,6717.990181695018,9.99923566878981,189.07053077254085,206639.6751137597,59268.28500063012,13.080685822678024,7.007481224345029,6725.944969926341,9.99923566878981,188.66659273341497,0.0,0.0,nan,nan,3426.0,1.0,26.53754284399528,0.0,0.0,nan,nan,3760.0203768716938,9.99923566878981,337.7342754526394,9995.132663721173,389.6597668700994,0.9127502069198485,0.10880271549950637,4686.575541521405,7.658625691949092,207.2142078063912,26261.413287534102,3868.362152200814,3.384624671922075,1.0843427894686042,5873.83032210612,9.99923566878981,216.12712798001303
86d45m47pt4153666s-39d04m25pt13166807s,86.76317093516602,-39.07364768557408,0.31955579690375835,24.88858705156193,0,0,0,nan,nan,7.922960497395196,0.00029567571783536,6.186635343814289,0.16605599283386935,127.44451137847699,16.140033107023143,0.3142,BLANK,2324.752641073704,285.0119717584657,1.3306377160421554,0.4455684396448312,5006.971555344647,9.99923566878981,253.6292103805842,2509.711179237127,434.8731202939371,1.5134085676241666,0.7278358318882971,4957.930570040081,8.67491015942592,221.9847854653072,49025.551114191796,633.1842280528126,10.807892300336734,0.7029086676351658,3726.5322464472156,5.415773944651629,183.4927177286919,3647.8708441124168,345.88095383135914,0.807921160287941,0.3839683770482397,3733.1778401288116,5.415773944651629,183.35542371008466,13935.853474092672,751.2020282544893,11.4412873279575,1.1818489633005984,6559.915017953982,4.62786841489662,88.74196066730114,9295.502738191017,203.9288004287961,4.7829970177381025,0.30119803932691,4859.097116805633,5.634961240105075,146.42719055015286,5001.811261175595,194.77662353996712,1.8509568335344067,0.25548548389313824,4338.7288952926765,5.182566633327148,150.61701117897917,1453.0463239903715,262.3349009428243,0.4522318418042766,0.3263841641865473,4100.827740466177,6.475001022148951,199.79422279426637,3078.4265392797474,334.5893966763166,0.8612912015867207,0.40333522603682237,3968.8601976676932,8.251529033546504,263.6512175437012,1959.4425504432538,225.7626246061378,0.49562303716877626,0.25872195256020725,3886.324120973939,4.330619541210701,139.90055668612953,819.5929019332718,214.49951631057948,0.19716531439086613,0.24150575187768333,3835.317107489958,4.179690815450284,136.77880215998087,0.0,0.0,nan,nan,4361.575667185073,7.227254793961095,209.88604044536947,1405.3288207383318,209.13300271283694,0.346058504637371,0.23600092223820318,3868.198446927214,4.0385532996664315,130.88634933096202,6082.729235065893,1372.5286564359794,5.141152417436799,2.2157849765552093,6580.477795430631,4.108751064209085,78.29305297454991,0.0,0.0,nan,nan,6549.124628348145,5.458003247452273,105.24060008985107,4211.1702056876165,396.77800856693636,5.42507926214261,0.9564681893305493,6713.704605152296,6.195037476490273,116.6749126315961,1564.8795208214406,416.4216664308509,1.929629956243995,0.9588291813146763,6727.608065651745,3.9131436662897467,72.82132293965957,0.0,0.0,nan,nan,3426.0,1.0,26.53754284399528,134.83580880295892,289.2806293356758,0.030362088584639808,0.320634123907777,3759.5034376526855,0.4999617834394905,nan,0.0,0.0,nan,nan,4686.438240447535,1.4921551590504145,35.80396512570913,412.24331117255025,92.29136315392132,0.39546822506556445,0.19239883931895316,5877.765275171332,2.8232341642512115,59.262365079622185
86d46m00pt55633295s-39d04m40pt73068874s,86.76682120359628,-39.07798074687324,0.04832722115383703,40.496965235822316,0,0,0,nan,nan,nan,nan,3.529908951951201,0.02072167000003938,40.69811196824992,8.567412426273295,0.3142,BLANK,315778.4053444027,388.62811289388713,31.955935663226064,0.10742126861931589,5006.838196478772,2.9139079792511824,71.92296677689095,107791.6899111505,384.1844096301177,10.404660871510286,0.10289251116787568,4958.882725711956,2.9399881343530816,73.30770026794204,0.0,0.0,nan,nan,3726.03,1.0,24.400668213494743,0.0,0.0,nan,nan,3728.82,1.0,24.382410999599827,307205.21294729906,3229.7129885960917,48.87867066047644,0.9842876882837884,6562.752359551468,3.0395798470134583,57.379155317383116,119994.62338013551,687.1835506614885,12.24470382806234,0.20113159842924522,4861.242205647129,2.8318335851984218,71.85957457209186,0.0,0.0,nan,nan,4340.46,1.0,20.94654063936261,0.0,0.0,nan,nan,4101.73,1.0,22.16567686891332,0.0,0.0,nan,nan,3970.08,1.0,22.900702702093618,0.0,0.0,nan,nan,3889.06,1.0,23.37778840736009,0.0,0.0,nan,nan,3835.4,1.0,23.704860453545347,0.0,0.0,nan,nan,4363.21,1.0,20.83732430562082,0.0,0.0,nan,nan,3868.75,1.0,23.500516131444996,5262.782800827925,112697.38787492232,0.4354055473122746,17.800366632236067,6583.498924266933,0.4999617834394905,nan,0.0,0.0,nan,nan,6547.7530568329175,9.99923566878981,193.93267853817915,42671.83101871579,3452.827495120336,7.0236726575901285,1.063017678938379,6716.418760650922,2.8937010104710725,53.221060967931145,27071.75093768556,4723.27535487742,4.2584382765735995,1.386714587864946,6730.768322082221,2.7317806570627674,49.9451330195927,0.0,0.0,nan,nan,3426.0,1.0,26.53754284399528,0.0,0.0,nan,nan,3760.0,1.0,24.18021855944889,443.25629780962225,56690644.21891392,0.03698639984948998,14470.925468410649,4685.334712074919,0.7134398134490192,3.7447741773788175,12847.573774021623,308.5079168974256,1.8595929743476451,0.09708209836806933,5875.679692172099,2.9956414909118587,63.111169539228726
86d46m01pt84293669s-39d04m30pt5305709s,86.76717859352586,-39.07514738080678,0.4060094240974872,39.456287575513414,0,0,0,nan,nan,8.11815518400504,5.4759455195346594e-05,9.765903521925562,0.29260410533891085,81.0842713616067,18.469940480073287,0.3142,BLANK,14229.321045244867,67.24813985961794,317.02131040525717,4.092344871969965,5006.833074564699,2.3060363033956643,55.86940617017913,4686.9167036536965,82.12396004076786,100.28037836310726,4.875164933005985,4958.956944687108,2.139721646514547,51.91034387352602,7393.121672290771,219.42611478163283,30.58254776547341,4.572133316716686,3726.0889544628876,2.1574435562921503,69.72705682902382,13110.808678515286,341.9593837892117,54.337802012157326,7.125331882864085,3728.8165476287913,2.1574435562921503,69.67488523357193,9960.205152367527,136.20561135415778,168.53914605852515,4.414580286312136,6562.830391661023,2.705082988248549,50.68784600205869,4036.5100895377336,113.03845235688837,92.82094817797618,7.455881051686551,4861.164627689806,2.00014031746499,49.0677513219972,1903.4168075383773,76.5745321385083,17.153470204802623,2.4437013580922273,4340.763791308015,1.7975679313092314,48.56256081497217,1609.8931389159238,141.35623334064704,19.375347495106844,6.802258815013621,4100.428203897934,3.2116643442421746,97.28760240965757,547.4844121017111,113.51988429927766,5.025948043950795,4.484908654244448,3970.794169073821,1.58444294970213,45.58151871876724,812.1764192802143,82.5487199347266,4.477004311484948,2.058109111067735,3889.0539438157043,1.1486640125472383,29.81315561676909,0.0,0.0,nan,nan,3839.7016628633464,1.1626633566898015,30.814281995724773,0.0,0.0,nan,nan,4363.3400923485315,3.813926097077891,109.39267334797404,1403.331440891079,115.81318986146422,8.159831799381474,3.0833258931757133,3869.5767863118135,2.332787428427564,73.22816005026984,0.0,0.0,nan,nan,6583.911933094091,0.4999617834394905,nan,0.0,0.0,nan,nan,6547.098912993831,9.99923566878981,193.93267853817915,0.0,0.0,nan,nan,6716.44,1.0,13.536579167464883,0.0,0.0,nan,nan,6730.82,1.0,13.507659064352907,3940.8977618580043,435.43917318834764,36.480907686453776,25.561572657061436,3430.336140162738,9.99923566878981,370.65991701749095,0.0,0.0,nan,nan,3760.46959452662,3.421213420971748,113.38849444174825,0.0,0.0,nan,nan,4685.117195409443,0.4999617834394905,nan,1487.3961254814762,314.4949145398631,84.00254250264997,38.6055599398333,5876.822856798389,9.99923566878981,216.12712798001303
86d45m44pt32479652s-39d04m35pt33183885s,86.76231244347804,-39.07648106634725,0.31897381130750047,23.40744214464777,0,0,0,nan,nan,7.884150310744179,0.0021501136403747124,6.5515508453615645,0.9059047632210544,149.6817870196402,23.042241450657293,0.3142,BLANK,2864.650060351319,231.10104883971457,0.9828103270835544,0.2165374018031603,5007.223638950715,6.171552517807072,155.91287747231928,0.0,0.0,nan,nan,4954.919402367189,4.59550339014412,116.60365696809917,13935.965153832769,3279.626943070855,8.174463877987893,9.686126313177816,3726.6866536818807,4.454380255800403,150.30519370695006,27164.31569673141,4907.026992622254,15.962274188428642,14.49252738124165,3729.240283326556,4.454380255800403,150.19273145603898,15211.286409421074,829.0553663227377,5.903490834239476,0.6161314499159969,6564.492021813435,3.8475198623290914,73.39143028251392,6710.614318446792,219.50489103494164,2.1394733522506346,0.20063408227281218,4862.596262393869,2.9770417399946276,75.77791497153201,9264.052353861824,278.4786676043824,3.1680053080043957,0.3370304997132482,4342.007943435883,6.19348322163615,180.4972058436608,5133.826983179448,393.74457766668525,1.8114575486236553,0.5554363313478521,4100.6523684334425,9.99923566878981,309.59640827210086,10535.205252916176,1873.1334925971742,4.501184950709244,3.439619608232361,3973.043328749064,9.99923566878981,319.8627926142355,10534.631345153934,566.1867207655146,5.492702379928901,1.3320800801761747,3892.806778694533,9.568595240994064,312.3929831736559,1652.6282425619577,210.78019366522267,0.9645428049737981,0.5760372601491738,3834.586546713522,3.3274845868441867,107.97901142128121,0.0,0.0,nan,nan,4363.189342656365,5.864448124816952,169.8900456404716,3806.0730047757556,1040.1308249053445,1.902377809632234,2.3686428259301158,3877.412687116112,9.99923566878981,328.2406140748108,5897.209916984256,1452.4560888230892,2.181657345080362,1.0255691332991512,6585.168257103392,3.43393121233331,65.01070143173686,994.5342743338546,1271.270468161718,0.3778059803756122,0.9270019669024014,6549.410984769564,2.5681972875830117,48.04149272453314,3735.7544509027593,316.5696130252297,1.6570525659215334,0.2625791564988064,6718.1000133979605,3.9555962886485156,73.79497135528614,2047.459630498936,433.8970225046269,0.8973500703401792,0.354841066095692,6732.452727040813,4.03226871585069,75.11033674621075,0.0,0.0,nan,nan,3426.0,1.0,26.53754284399528,5816.98524152263,542.7277667955036,3.0134219874303025,1.381993460256817,3761.535898694182,9.99923566878981,337.7342754526394,639.1154453021645,4118319.79873262,0.19397060592397267,3822.9384140106195,4685.797090040987,0.6199497681912323,nan,3185.467501446161,1042.9744743742312,1.302497544978136,0.9252026049768036,5885.62,9.99923566878981,216.12712798001303
86d45m26pt03284796s-39d04m22pt53238582s,86.75723134665522,-39.0729256627271,0.32514688423549853,5.399959746400213,0,0,0,8.315564593269277,0.17993423784549925,7.873167778012062,0.0001554115794348469,9.603988466158533,0.270914370122798,103.46601562947137,16.48114654250889,0.3142,BLANK,1507.0624671234557,93.61595955249682,1.6983633074086222,0.28840708105093743,5004.205192678188,2.613348919607919,64.02210359392512,699.7600202313092,79.18647457478743,0.7788724374530575,0.2446916838042716,4957.148832743318,2.2587308319487356,55.13343410182217,22003.707906138316,307.3572918737127,22.18422358027137,1.5615044390958408,3725.5400363633335,4.961709048325867,167.8349114144733,21546.48171095166,323.6923969927344,20.756287686267424,1.571289795174368,3725.5428859904496,4.91010197349097,165.9293625706325,16488.713831228077,603.9961330967087,22.368707221643273,1.5704072355793834,6559.04796227683,4.118522003430097,78.73175321955178,4764.375995002307,125.45572884911893,5.539885057546381,0.4188060602759236,4858.560833722345,3.322548989198694,85.05901545419592,0.0,0.0,nan,nan,4339.364169058732,4.545501733079765,131.73380730211616,0.0,0.0,nan,nan,4100.911604347917,6.78351116190568,209.42367179585682,0.0,0.0,nan,nan,3970.1380354890484,0.4999617834394905,nan,186.67239468942637,234.8382220923043,0.1468915627263881,0.8334098241216975,3893.6599673166875,0.4999617834394905,nan,0.0,0.0,nan,nan,3843.145090182954,9.99923566878981,331.09476865566154,106.29926732451806,82117.67149722144,0.09688154400454496,262.2124361283282,4363.700901754663,0.4999617834394905,nan,3637.016286620127,233.97004146466452,2.9251770718605523,0.8628127504125667,3867.3634297581966,4.304860582188234,139.77597846626645,0.0,0.0,nan,nan,6583.207588579349,3.885444174063249,73.90692645325356,0.0,0.0,nan,nan,6549.072364105938,6.057936093962224,116.99217011868713,3370.7039119891924,289.9459750278153,5.2994133630532225,0.8531217752609577,6712.676454811393,4.161839478714331,77.76382433687685,1820.8202489242124,409.7878565630142,2.806693870508902,1.1796490272594002,6726.82307113759,4.00221027094669,74.5329631014528,0.0,0.0,nan,nan,3426.0,1.0,26.53754284399528,1056.4285855855442,191.8836893125341,0.8396820601754226,0.7508883654424579,3759.1708507925046,3.0685911930122187,101.1602056329179,0.0,0.0,nan,nan,4686.59600434972,3.0792954107535833,81.47417218086518,689.8235675816258,152.17614772434382,1.0406261421422316,0.4994069957505312,5872.703140523618,4.130980494394217,88.21370134687658
STACK,0.0,0.0,0.28954663881677833,nan,0,0,0,nan,nan,7.91107069466261,2.466591405369314e-05,13.249424807124095,0.1079211704558227,140.82427324818872,19.03073538923203,0.3142,BLANK,225412.79918868604,2530.1201076912043,9.07111221675803,0.27810890373105185,5006.8037392367405,6.182388416958355,156.1901909441872,73762.20438393718,1324.205457089506,3.0189965647892527,0.15038575756754655,4958.735247567285,6.811970402548081,173.9579607461539,1892838.2456464663,4693.164608487894,46.79196120656926,0.5837260942330288,3727.7351828585574,7.467939709340667,254.03943252873808,1891450.8327678964,4659.567881603216,46.6659221294547,0.5784102584713967,3727.7352713960363,7.464045505076002,253.71580863752243,521879.8547376806,31187.37830851495,12.687226176024984,1.452195337067501,6563.002166362787,6.608693480396769,127.47922490199997,308199.34762687545,2450.8077194756174,11.707907779629517,0.2670243995447912,4861.419848173847,7.024526102759786,183.0449674026507,152232.65258271433,1109.8054534377764,5.013071073909041,0.12942641934523444,4340.595157118405,6.54072803332442,190.74441491396175,70089.61560964161,1076.992888248103,2.1409485013308074,0.13143340257612196,4101.890275271875,5.137893864701291,157.98376628948787,384757.37571620237,1569.4093536760927,10.990619015615554,0.192048803376393,3978.577823723329,2.3027842622895363,70.34987351856664,32586.319907535697,4239.510223015754,0.8836037518497213,0.5198784540910573,3889.2640991382436,3.5036879573845625,112.38242752308508,7139.971455470535,522.7041856309629,0.2076501819582586,0.07114190577945415,3835.4420655381605,2.031807001593468,63.31374004546484,0.0,0.0,nan,nan,4362.756445160195,9.99923566878981,291.0428046557292,12278.586860633788,5970.800285321197,0.31408011529351165,0.6996278336598498,3868.842100134533,2.2181491147646466,69.26331413320621,193010.89620004842,55398.57201056052,4.533878873289832,2.484263835619748,6583.870615617199,5.262741179829562,100.86612432303887,0.0,0.0,nan,nan,6550.3764476041515,0.4999617834394905,nan,289811.31730677123,29840.209426565772,13.036397847636605,2.5102181558386447,6717.573947562076,9.99923566878981,189.07053077254085,224023.19929196933,70579.26776612952,9.76235895323303,5.745148682956784,6725.335787062452,9.99923566878981,188.66659273341497,0.0,0.0,nan,nan,3426.0,1.0,26.53754284399528,0.0,0.0,nan,nan,3759.723538988019,9.851195500800305,332.709257989141,2007.6819075083552,1077.472509871962,0.07252167298017377,0.11897951463217316,4687.161582685291,3.6029990022852303,96.02833944650598,12229.965176363534,1383.1039175900078,0.6838958139942205,0.16808759920262994,5877.4108476262345,2.8896946994453936,60.7476971107615
88d20m09pt74633861s-33d42m54pt2999808s,88.33604064961483,-33.71508332800021,0.3241668089670833,16.432846510025794,0,0,0,9.639525990072446,0.05526017307603904,8.033277806549288,5.7474559551588995e-05,7.359731247922568,0.14714498398980067,67.39985303059142,11.02584681695369,nan,BLANK,12338.246890286919,80.12714440329968,13.853142169325569,0.24573183415397604,5006.838414124541,2.729629825878032,67.08590881806055,4931.928800977441,114.10713459913246,5.497640440668648,0.3529119361706918,4958.933926654027,3.2105552555741435,80.44162925883212,19658.902917225423,560.2660983604275,17.4241569993269,2.5017540377996403,3725.8483571163547,2.807135521177259,92.88362144515985,31635.46021820089,895.0327425193534,28.093632435570367,3.9965862366353613,3728.6232448840938,2.807135521177259,92.81412350644679,24082.861028098054,465.2145350671729,36.22413465828681,1.3403293454125105,6562.738017467753,3.131869586203652,59.21739655869601,9316.174261939848,117.25804401093457,10.214313719384702,0.36874102150440513,4861.333471128906,2.7203751333529533,68.8431530905886,3555.8019739181086,121.35176543298402,2.7877541147523472,0.336934403481033,4340.583740493202,1.904424484168105,51.948485788204025,359.3563466483995,0.0,0.26240992005299,0.0,4101.18501640795,0.4999617834394905,nan,0.0,0.0,nan,nan,3970.2253289627433,0.4999617834394905,nan,266.8494749484228,698.6031296677295,0.17515086549872777,2.074189021881341,3888.866164703295,0.4999617834394905,nan,0.0,0.0,nan,nan,3834.829043140382,1.932276325374992,59.78222934159246,69.50919401384024,281.0260106472691,0.05471546913564103,0.7736114269434592,4367.674795572412,0.4999617834394905,nan,3746.6534812728205,208.26324498428642,2.5454972965157316,0.648657332906943,3867.6387628458433,4.325448677517379,140.46257131752944,2156.250415544634,1827.5114209600933,2.0947068743715094,3.389403412194301,6583.462313717069,2.0749928070720003,37.773791723571854,0.0,0.0,nan,nan,6547.860805227756,9.99923566878981,193.93267853817915,4409.353140766315,437.188439821502,7.727327496028186,1.4330796265973107,6716.348285355964,3.4524928156566554,64.08278555099406,3333.9875710598826,454.49121310809613,5.638015062459709,1.4344054614066963,6731.163646210821,2.9409828793124095,54.02858456531231,0.0,0.0,nan,nan,3426.0,1.0,26.53754284399528,156.43092068036876,474.360176352663,0.11257356264592529,1.6803874525555111,3759.4244627517573,0.4999617834394905,nan,548.4533723408969,2931594.7826889777,0.4927651452900578,8054.742193195883,4686.235880153603,0.6235469017510059,nan,1295.4369504691385,188.98685840220813,2.05862957509673,0.6528889530811778,5876.007331950996,2.675982857991813,55.96299917289164
88d19m48pt8284935s-33d42m42pt89990813s,88.33023013708375,-33.71191664114773,0.7300043801847442,12.25088863725316,0,0,0,10.962449155728006,0.054842818643477204,8.154004293330448,2.0296036023334144e-05,9.11329968421809,0.16838553659251476,40.25682289225364,7.06511451902184,nan,BLANK,25714.62837642129,98.80547963602594,1276.7754536260452,13.399904049087736,5006.842235734503,1.937547145553583,45.93886465926384,8617.419116779181,88.2042227351038,225.0460493325536,6.391200058385597,4958.900263101812,1.8804969964318694,44.808548387945386,10527.346981852741,103.497737573993,50.625352601799214,2.507121082370569,3726.054129625856,1.8866863145060069,59.8627248413286,13790.56934978309,120.29974181121123,66.44709291104661,2.914131515995686,3728.8407225836186,1.8866863145060069,59.81793399534856,0.0,0.0,nan,nan,6562.8,1.0,13.853480493619768,6435.645250029809,116.72755699085356,160.94142567936345,8.372510898521147,4861.337709139837,2.003128085637263,49.1512696432077,3007.243284701681,58.59756837759044,29.56644904197753,2.040330277463501,4340.544885624661,1.7489140964602696,47.009318711955565,1748.7833550384307,44.694168480202976,11.258993061517899,1.1497591418172783,4101.66964353798,1.4861596867765257,40.690425897671666,1510.1575417426811,93.13121721451883,7.9786382673818945,2.1196663377888223,3969.1208253179652,2.083804567214055,62.93909183100879,1592.8062690184988,115.6511104491631,6.08913350637359,1.999917736206661,3888.873845817915,1.6194832922962572,47.806382376318595,248.08403148181847,84.80984702969529,1.405500157127883,2.2511594612854426,3833.686489062504,3.269299543241404,106.00262545518095,16.209690337094017,295.45896056744334,0.09215003412807922,5.887472846534109,4362.680338865332,0.4999617834394905,nan,3092.8728188341447,82.61568299661509,14.011308546401068,1.7147516186970306,3868.5526890736037,1.7824637001538406,53.943663385643845,0.0,0.0,nan,nan,6583.45,1.0,13.810026928666252,0.0,0.0,nan,nan,6548.05,1.0,13.88468655302385,0.0,0.0,nan,nan,6716.44,1.0,13.536579167464883,0.0,0.0,nan,nan,6730.82,1.0,13.507659064352907,0.0,0.0,nan,nan,3426.7759720663657,3.8445673895275383,140.4760695267589,0.0,41.84946171360076,nan,nan,3760.0,1.0,24.18021855944889,318.3920852260169,44.060234155885055,3.4820521135334976,1.4754822356089103,4682.840924133129,0.9883319445340945,18.956827243244227,0.0,0.0,nan,nan,5875.62,1.0,15.473706908126772
88d19m51pt9540592s-33d42m44pt29998123s,88.33109834977691,-33.71230555034175,0.7303612048554116,9.66830777097832,0,0,0,nan,nan,8.089721179625627,3.0608783252490416e-05,9.457553915512003,0.3115161421463484,65.7683672835349,15.857330241935417,nan,BLANK,12898.037896835363,99.25003958550862,42.35538478058814,0.8902292975041807,5006.8434771898155,2.7988335988783573,68.904869392955,4492.5403271277655,89.87403070508944,13.455378940717289,0.746847958206427,4958.933814820627,2.7978137239981624,69.54382158908756,10550.415665392418,136.37614907806886,26.170186988996974,1.703837629179014,3726.1952046276465,2.2134527948391782,71.74721774225402,15842.59567878168,185.28630159005985,39.37306153336153,2.3149045852573047,3728.9521072189896,2.2134527948391782,71.69353460992237,0.0,0.0,nan,nan,6562.8,1.0,13.853480493619768,4629.483475248781,149.8674538706295,12.488542342922585,1.1595352039314626,4861.3982883276785,2.6146887457158208,65.97483988933794,2374.4687217500996,66.53519793170013,6.727209650183999,0.667568373068044,4340.615991616953,2.335670524596318,65.35855641783019,1192.7826630606373,65.59721370511664,2.846820222254582,0.6256136481348608,4101.544177375923,2.7636339886649544,82.98091937599726,75.93244644333161,142.80287885158327,0.14952995273576894,1.2116427226451416,3968.8444647348315,0.4999617834394905,nan,611.9055014578429,517674.85092857166,1.199806715835126,4591.576138955868,3888.844337811596,0.4999617834394905,nan,39.19243612601396,61.498760859883625,0.08511341543606665,0.6251840249996609,3835.0437767882995,0.4999617834394905,nan,0.0,0.0,nan,nan,4362.063911559437,9.99923566878981,291.0428046557292,1518.5352686504787,75.43926470323686,3.0584495788274335,0.6960370472441285,3868.783973502605,2.8445872434056962,90.72918439073031,0.0,0.0,nan,nan,6583.45,1.0,13.810026928666252,0.0,0.0,nan,nan,6548.05,1.0,13.88468655302385,0.0,0.0,nan,nan,6716.44,1.0,13.536579167464883,0.0,0.0,nan,nan,6730.82,1.0,13.507659064352907,0.0,0.0,nan,nan,3426.2489218347578,3.0749194472842687,111.26380465357049,1577.4352316853017,148.12113697872593,3.869874671025293,1.7859105476946942,3761.7543420322136,5.253521277800179,176.29328655449433,355.5338516856322,81455.75906619249,0.9996620854057137,699.3831269439553,4689.995310366603,0.5346543014638936,nan,0.0,0.0,nan,nan,5875.62,1.0,15.473706908126772
88d20m26pt81459385s-33d42m18pt69931468s,88.34078183162464,-33.705194254078826,0.32209183262901964,33.90446165499478,0,0,0,nan,nan,8.041555471232458,8.483383199412891e-05,8.654695208193965,0.2834824176587539,54.55974491608895,9.25021614761773,nan,BLANK,6012.608017616492,70.07192953145572,18.43665562441006,0.5868819497795292,5006.834836106922,2.075741206209363,49.68864168019345,2098.299042491073,73.1895137759801,6.257440515349214,0.605573863952314,4958.969368162544,2.3241934890379947,56.89844823395967,7939.316847332877,333.4258684030055,29.316189823387663,6.203013358289875,3725.7782759714933,2.664506196040574,87.84236083891939,13886.84255060271,540.479989975612,51.38377694438504,10.055022466507818,3728.7408349334614,2.664506196040574,87.7766349023656,9494.999142597146,186.20802816220777,43.96635825934811,1.6515423794359398,6562.774903776463,2.282444615050843,42.14288495833154,3459.0549681864914,85.53249369654066,10.981368313204516,0.7788483247025862,4861.230925507033,2.16668965530583,53.69913992194263,1685.246090603445,82.86944462614501,4.206545947215401,0.7325338240803231,4340.639776986993,1.9176475988484716,52.36530272782437,531.4003560986858,92.00815700094687,1.127798523731164,0.7799763289252092,4102.2925297616575,0.9930947576406283,21.86455121426151,963.4470567599254,10286614.680501958,1.714881468674277,78821.61829000128,3970.2837549845226,0.5962813120391108,nan,0.0,0.0,nan,nan,3888.658240543846,4.942357337654055,160.15933333720108,0.0,0.0,nan,nan,3837.082324879969,0.4999617834394905,nan,0.0,0.0,nan,nan,4367.360265942933,4.070805559894343,117.00908200533111,746.7162359705476,107.38157582769739,1.3153144795676708,0.8663879803697692,3868.9651391859406,1.4639410094848404,42.310185886338836,727.9770694917555,750.147822285466,1.862928883024064,3.66475898327138,6583.740603927044,1.6047445722128983,27.924398752638673,0.0,0.0,nan,nan,6548.526817940016,0.4999617834394905,nan,1568.695840707413,176.13666243073138,9.942316209997225,2.088037001588194,6716.4650960836825,2.1563614326307,38.66028083048997,1023.698842698722,189.31996531835972,6.167262662903883,2.128784308541733,6730.688071922406,1.8755178872020908,32.91106290133802,0.0,0.0,nan,nan,3426.0,1.0,26.53754284399528,1112.9147079048685,7892411.299008787,2.1974184558390517,76658.74865404783,3760.390494387873,0.6055109300547795,nan,0.0,0.0,nan,nan,4685.77497966165,3.1801470673949597,84.28555745447005,435.26313187276077,8159753.1713238545,1.8007280246501882,73395.59763282182,5875.455896884275,0.6069972103826007,nan
STACK,0.0,0.0,0.5266560566590647,nan,0,0,0,8.023091165914037,0.009811473236376678,7.9905397362224075,0.0023213492533606973,14.52232100499399,7.526907177149805,76.17662867381061,12.48629774426419,nan,BLANK,11066.460559613528,441.19569666950713,6.471751935639263,0.7047472915147217,5006.823419354027,2.566572354530582,62.78672369166104,4269.767895088985,288.6827569137486,2.6079233780008506,0.48919408711022117,4959.102246927839,2.8567477672583883,71.10546239416348,24427.688186613028,21006.142490696835,9.460815711055309,41.00984418839978,3725.0648390482315,5.806311487375907,196.94171201291917,37769.41341855552,27720.2427904342,14.659111149516752,54.11763907646463,3728.1020291123477,5.806311487375907,196.79435510737906,17776.911548316937,2913.6470397567955,8.372558225942887,2.628497277836165,6562.732014033801,2.62842014390893,49.14662621721373,5338.907605279391,1385.6401151301147,2.176961360842054,1.6205402751478144,4861.308098877373,2.0692662184979183,50.995772683647495,3574.3317368221205,198.3044934045342,1.6102736212365534,0.3163487944179721,4340.846659766398,1.8129362334312078,49.05159069719364,184.24501576380487,15143.910297150085,0.07734569500724037,25.41409107120802,4100.807311214306,0.4999617834394905,nan,0.0,0.0,nan,nan,3969.946479902589,4.067769786422029,128.4968725103551,500.41011812817766,0.0,0.18749233612303304,0.0,3888.3585751655396,0.4999617834394905,nan,0.0,0.0,nan,nan,3834.880315625025,3.037954945980325,98.12675000968427,1244.864255585277,381.12745548655244,0.5810589698959185,0.6231545178433305,4364.092088738559,3.464800662498932,99.01155592297698,3745.890112306295,349.77507710213297,1.3912900061331566,0.5955538935597755,3867.6533463492888,2.440788826208185,76.94576580387617,2038.4965792089276,1889.8380056579897,1.357272611708829,2.4023339038714164,6583.278969199545,2.2429573415801096,41.20770050769548,0.0,0.0,nan,nan,6548.128415862922,3.485667628861718,66.38928789740585,5218.282245898606,714.0642060743546,5.297119790689453,1.3557551551642943,6716.585204744566,4.078325433890135,76.15745862267691,3387.8458036653756,656.517503976889,3.309479813903206,1.196949702712854,6731.0200599820055,3.0409099124201275,55.97266401068715,0.0,0.0,nan,nan,3426.0,1.0,26.53754284399528,0.0,0.0,nan,nan,3759.9505763904917,5.725243301599561,192.39707687131477,850.4322836714722,127.49796864908323,0.4380345872101775,0.2008340069794768,4686.128628444837,1.0686277009365066,21.938278641478107,1489.0079139938805,291.06046496285614,1.1857291795921536,0.5039232147530516,5875.500288229274,1.9616578952946575,39.706005703699475
90d02m09pt29683101s-20d08m25pt42075551s,90.03591578639167,-20.14039465430772,0.34775621463490825,39.575458868583155,0,0,0,nan,nan,8.398712023843089,0.008092102935522134,nan,nan,79.74175648771815,15.84679156846886,0.46,BLANK,561.8771864303847,12897.652142377068,32.5552705846491,2041.1444237567598,5006.8651868390825,0.7468510856890623,6.62019851719034,877.5645246455204,153.5083540718992,11.8026282823224,5.729355424805713,4958.3775739171115,3.7626434241886195,94.91198669402876,217.52172266309256,479.5329981762892,1.2699451715461185,14.109678010883576,3725.326136405185,0.4999617834394905,nan,0.0,0.0,nan,nan,3729.3371609002697,5.142437255033173,173.93990932720732,0.0,0.0,nan,nan,6562.012309289663,3.3117805124348414,62.79292739302928,0.0,76.10096473280184,nan,nan,4861.33,1.0,18.702211490174054,0.0,0.0,nan,nan,4340.808018692831,3.5747283594584838,102.82054191898024,2043.3270013156957,281.6752083133982,19.233981194458657,10.575194959388055,4104.993335052041,4.261399461075227,130.46930581358868,4183.689883764558,538.4994520329133,32.90081874231384,18.230546505662065,3970.2815005066113,7.292232606533645,232.76305025154699,0.0,0.0,nan,nan,3890.5270908750526,2.640898681297895,83.35879355332224,1233.9739060012027,180.21123788108827,28.913974332819244,19.755279160065474,3835.9191072139365,1.6567359453593669,49.84295974486309,0.0,0.0,nan,nan,4363.037467559481,5.7678405386315506,167.05057912814047,1346.6673578860498,7473633.544532631,21.16747982923028,538445.2889064576,3867.9026283147396,0.5954855232749195,nan,0.0,0.0,nan,nan,6585.845528480815,1.8697148637127146,33.526785040994206,186.15251764551618,526.1027072853718,45.652336578567045,247.75730014191686,6546.995979975476,0.4999617834394905,nan,1559.8101129510992,215.53282894161106,709.1870333769851,183.36602686785622,6713.754462775339,3.2781772004804433,60.70469525896052,0.0,0.0,nan,nan,6729.063713027143,5.939951654313259,111.56837331518729,0.0,0.0,nan,nan,3426.0,1.0,26.53754284399528,0.0,0.0,nan,nan,3758.3031438233697,0.4999617834394905,nan,81.56231779657946,338.0799790896941,4.608182688287614,58.419952852113454,4685.911016232545,0.4999617834394905,nan,766.5189887434999,17238973.26507143,68.19593996234941,3334402.361231891,5875.73442282651,0.5590692965691579,nan
90d01m35pt85316203s-20d07m59pt41999829s,90.02662587834072,-20.133172221746328,0.3283239518834278,33.98275305838341,0,0,0,nan,nan,7.584409522808917,0.005144908017358372,3.7122442104958053,282.4639764983018,120.8595863598609,20.34317356622433,0.46,BLANK,3698.5191907196017,218.48585803207288,1.5930518159496199,0.2570415472847109,5006.902210572902,3.742461268643785,93.48105819500724,54.501974179977765,269.0156934187435,0.022241711726585137,0.3042121069137506,4962.767857985832,0.4999617834394905,nan,10989.525741134465,1695441.1281799374,5.55639453102105,4312.65267118762,3727.860350356084,5.54760003946355,188.03410672781916,17054.126230995345,1725974.8591446567,8.618097170391678,4390.320585583258,3727.094257387845,5.54760003946355,187.89341472397595,37324.70033047045,1570.903481808464,16.726547922286873,1.348653361610194,6561.69073654408,4.264700373738316,81.6078332208753,8565.350589578438,250.2390525447703,3.5642380497706077,0.29872354131178297,4860.7688441428645,3.6581223260441917,94.02982945859539,1713.2600117086513,281.7996315901153,0.6249409553620974,0.3640981239630986,4340.19129413407,2.9108809297363107,82.87365274408756,0.0,0.0,nan,nan,4101.670830718668,5.485538002505152,168.86903987675103,0.0,0.0,nan,nan,3969.638801350278,0.4999617834394905,nan,0.0,0.0,nan,nan,3883.1210123194887,0.4999617834394905,nan,0.0,0.0,nan,nan,3835.543137404269,2.4880556347746747,79.25118681062334,3025.652418602778,737.1755190213548,1.078547600320154,0.9209644162904068,4362.975383255428,9.99923566878981,291.0428046557292,11931.944524984834,1157.5748730745684,4.359095641186841,1.9374982398005542,3868.6073452305995,9.99923566878981,328.2406140748108,6654.165346147541,3093.655488077648,2.4123203938352793,2.1416175448269272,6582.1599889767585,3.0038357242611844,56.488630988897725,0.0,0.0,nan,nan,6551.156140969681,9.99923566878981,193.93267853817915,1586.543146243008,377.8169580938453,0.9005176239904981,0.4010611923256293,6717.243552716787,1.9868381834749547,35.24573444397365,5523.3396169561665,555.0036688988722,3.2717454145051046,0.6136680685569957,6729.995463331008,5.96209777540518,111.99018453287654,0.0,0.0,nan,nan,3426.0,1.0,26.53754284399528,0.0,0.0,nan,nan,3760.096485741453,1.563657461824141,47.34250717366435,1877.1367462655328,419.88338032408717,0.6790512469858404,0.46375400322574156,4690.408413644043,9.04629506050933,245.05129251361691,2363.9914270306385,428.28493628865675,1.220846867635022,0.48091077333566423,5875.243174097975,4.909031333101532,105.2796156737396
STACK,0.0,0.0,0.338040083259168,nan,0,0,0,nan,nan,7.987871957067199,0.007265704812083404,13.342647032390609,12.410081869566707,130.39994626169883,25.571832333529283,0.46,BLANK,220.83278006211933,775.8753682925595,0.09089740957373431,0.872268281922968,5006.95794536237,0.4999617834394905,nan,1447.110580509722,246.10866302795154,0.6129751469965568,0.2892135956283645,4959.235272667534,2.0967556993518843,50.741610184739585,4487.272613925077,1150.5550347154854,1.536060181346192,1.982949584576137,3726.7689439626065,3.5091405702042078,117.48977782511997,1130.1470185813785,1296.7403513847871,0.3876038553876979,2.2348959097966468,3729.499786894437,3.5091405702042078,117.4018689209272,0.0,0.0,nan,nan,6561.146720880897,9.99923566878981,193.49681168128302,546.0208139653512,487.15117627071675,0.21308109828189842,0.5446251024872569,4864.695399620364,0.4999617834394905,nan,0.0,0.0,nan,nan,4337.714712663904,9.42353227012788,275.63822361425576,2415.3559509027073,1254047.1858840033,0.7584738616593643,1571.23607623629,4104.3159996967215,0.6446578780240872,nan,5067.719951921541,678.1827004720735,1.5005470614480005,0.8647201803098249,3969.796626850948,6.379231654040435,203.3300533479879,14696.442579034367,2010.3089053243511,5.559168400887105,3.429979393313844,3893.445461700332,9.99923566878981,326.52642944617054,0.0,0.0,nan,nan,3835.1701392943414,2.9807509513744184,96.17439519023144,0.0,0.0,nan,nan,4362.841153961036,7.293763717535162,211.8357265943826,1573.8299459069003,41578791.74652977,0.5091868643737519,61662.70192689687,3867.7924020264545,0.5628140451772649,nan,0.0,0.0,nan,nan,6584.418988816958,3.4743099796026202,65.80808869547764,173.97427558876322,480.11662719954603,0.10203254846986273,0.5407012506216394,6547.066252500903,0.4999617834394905,nan,2126.0766943720196,438.3157899295753,1.324516557204246,0.5109795405260681,6713.4243990838795,3.8802650205188347,72.34371377054937,0.0,0.0,nan,nan,6730.317312179287,4.225177756632236,78.81274748141132,0.0,0.0,nan,nan,3426.0,1.0,26.53754284399528,7502.210628343969,1172.5315395858001,2.754797092263583,2.1147943065169725,3762.6130564393666,9.99923566878981,337.7342754526394,745.901902470286,246.55942933384387,0.26967129008091256,0.2726681015198148,4685.562749023722,1.7280917890191243,42.92782139970937,1323.185985798206,29055325.062533654,0.6269208516990591,29928.04801807434,5875.844536260601,0.5790121797951597,nan
92d56m24pt28316721s-30d36m47pt16236396s,92.9400786575596,-30.613100656654797,0.3065205357417238,15.35237471753992,0,0,0,nan,nan,8.017320585915735,6.832323113906731e-05,8.958953710510269,0.2421330569290539,58.976007134074656,10.25670191847457,nan,BLANK,4821.04879078584,82.73364895508115,17.271734265217887,0.8095920877110037,5006.818936488527,2.2387193472115268,54.070206605426215,1739.83481316793,104.86425336973636,5.303548148211719,0.8870063521630928,4958.609066741024,2.4878001490889035,61.28889346683729,9136.635683007511,215.91568353166292,24.461768201847814,2.9123408183747532,3725.8526356060624,2.1028221858257368,67.75100124445105,14385.952052328574,301.23021075061,38.58975605384383,4.063090851702682,3728.5966426840455,2.1028221858257368,67.70030818512612,7923.10944430446,129.24652357475608,39.61137497032174,1.2377141775926845,6562.609182869247,2.3101549849456497,42.70729632464569,3357.922399353084,79.3895324157638,10.031756721979946,0.6802715035440453,4861.297322041612,2.1006120610294565,51.86725737720695,0.0,76.49058372505795,nan,nan,4340.46,1.0,20.94654063936261,0.0,0.0,nan,nan,4101.0719665876695,3.04244186347497,91.89837913685055,486.3651308882944,26630334.59561152,0.9954461533223935,234697.061583816,3969.859568039159,0.5831289778210166,nan,0.0,0.0,nan,nan,3888.9583396191415,0.4999617834394905,nan,0.0,0.0,nan,nan,3835.543089454628,3.3084336888984525,107.33208528646924,1557.1729088251384,224.3942529744721,3.7288058434953264,1.8823697498304062,4363.927923241164,5.595122871229484,161.9723067503321,985.2980500035286,786334.1203663701,1.8735667019726299,6850.794096302825,3868.515724817534,0.6460658792723666,nan,279.0602343762074,1780.5888944054775,0.8632932600979553,10.517285878203719,6582.872365971335,0.4999617834394905,nan,0.0,0.0,nan,nan,6547.439166588701,0.4999617834394905,nan,647.9217073055984,139.42307095170256,3.5036118846718174,1.410372030697687,6715.453110206079,1.5637818483884938,26.505937091557314,918.1399372357118,154.4921858424732,5.143045132958984,1.6151471695532846,6731.010254387631,1.9055120868529778,33.521800184947914,0.0,0.0,nan,nan,3426.0,1.0,26.53754284399528,0.0,0.0,nan,nan,3760.3524535684883,3.5387202353357536,117.45021262563455,0.0,0.0,nan,nan,4685.492257583797,4.273562401975293,114.54465374237397,0.0,37.443969724885335,nan,nan,5875.62,1.0,15.473706908126772
92d56m11pt9660189s-30d37m01pt76219597s,92.9366572274719,-30.617156165547545,0.2859332592338635,12.598147343177283,0,0,0,nan,nan,8.168470816525252,0.0004383623590268931,8.85410576380934,0.4443856079253585,61.746158149481445,10.880650413539596,nan,BLANK,9425.96900965328,91.61713534264784,6.6277097629927635,0.1759552685190986,5006.8300700969785,2.119053307939528,50.8569446223653,3482.6321513924136,105.78225760305546,2.3379313624819758,0.19702696815935364,4958.970915157473,2.1298727356115044,51.642694960360416,3418.9608922397906,217.06665209473923,3.2434837640672347,1.0374510554753424,3725.8511711150413,1.9347920487714465,61.62922633601237,4170.591604600643,237.16306306801326,3.964937826183895,1.133500091908584,3728.88983493699,1.9347920487714465,61.58311374771969,5286.529478325838,139.20097395063925,5.061008806088282,0.25525408241498054,6562.800444318733,2.4932630089520975,46.42085653291196,2315.1015138842345,109.23752877599615,1.5406549120218598,0.2085152919543317,4861.178484004227,2.212045859317777,54.952754010544524,0.0,97.49096838601551,nan,nan,4340.46,1.0,20.94654063936261,1199.6873957711894,187.21786434987305,0.9591296585254827,0.5981204373036497,4101.501693159611,2.6047111889567818,77.87126534513474,763.5648514657098,130.65994150904552,0.7803358067474244,0.5752457027697381,3969.0834622956345,1.9504840609536405,58.3801759253591,1398.70822218519,181.2285082428086,1.089014453013613,0.6386207666581877,3887.988880311408,3.4169151861364524,109.48190261438303,214.13467226502442,383.366534160598,0.17893807216737814,1.4992558277956283,3835.3990252406356,0.4999617834394905,nan,347.03505733982485,1888106.6712785196,0.23637351884595895,4509.040105339195,4362.077866327759,0.6213499709672501,nan,0.0,65.97542237417683,nan,nan,3868.75,1.0,23.500516131444996,0.0,0.0,nan,nan,6587.538970376204,6.636943562847099,127.628741498051,0.0,0.0,nan,nan,6548.9207453541785,9.99923566878981,193.93267853817915,73.21844840254086,207.32566790929778,0.07464259094078382,0.3952679794306023,6717.496578633032,0.4999617834394905,nan,955.6615360683812,268.8972256687546,1.0194961776001998,0.5357733888208809,6726.090561698255,6.842218529379064,128.73812811215802,0.0,0.0,nan,nan,3426.0,1.0,26.53754284399528,1136.457032313775,125.03746376571894,0.9141371490184707,0.4944676740839115,3761.2742497395393,1.7359489018572667,53.78713205168607,24.23820599761555,103.66607404697928,0.015411564418876622,0.2014130024072281,4688.292677893267,0.4999617834394905,nan,158.8145902489125,77.33729480062098,0.12634695731315798,0.13372615301953555,5877.011868383446,1.3608725854357582,25.286790930479018
92d55m59pt8825963s-30d36m43pt16171806s,92.93330072119318,-30.611989366128352,0.3237833603780751,31.345357089208303,0,0,0,nan,nan,7.193085413910132,0.0032287971467117073,2.544620555344308,23697.746249776195,133.05823646442659,25.491541136410124,nan,BLANK,1869.1320829364163,115.59151854590733,0.8840919788783433,0.14939002011903227,5005.760955842859,4.5285878117397065,113.76555112189807,777.9916659151108,183.03583692510784,0.34917221336140203,0.22853488608225028,4950.9056865031935,5.079292885371859,129.15645033986135,6728.52540166932,123222532.05839124,2.927059697883081,269823.2891607595,3727.1016312335137,4.777674944498801,161.48086286287207,9353.359578194597,123445929.70469713,4.068321011855796,270312.4682638838,3726.8902269269224,4.777674944498801,161.36003868595083,28539.805358451005,1064.9717466380885,15.259828637652642,1.0910981290060404,6560.4463500422025,3.70091123113706,70.49717081554931,7360.236357982755,163.2631895220621,3.482497686880066,0.22168465679123903,4859.743524202594,2.941699703257258,74.82533300434118,1203.8404710720545,143.51899702716565,0.4726849424412921,0.19969874210565933,4339.206069704874,1.780261046041767,48.010947265485854,0.0,0.0,nan,nan,4101.681337705676,0.4999617834394905,nan,0.0,0.0,nan,nan,3970.051895376204,0.4999617834394905,nan,0.0,0.0,nan,nan,3888.1263844494247,0.4999617834394905,nan,0.0,0.0,nan,nan,3834.4089957487845,0.4999617834394905,nan,3637.238240034072,834.1789214450706,1.44764787609601,1.1617554559283219,4366.398780768576,9.99923566878981,291.0428046557292,6748.554044557874,770.2705957722892,2.763522747081097,1.4472346895813448,3866.296181638026,9.99923566878981,328.2406140748108,5383.6780254281975,2342.373181441041,2.4181801684080577,2.009458947623174,6580.924650623788,2.6557501054567805,49.540561518645774,0.0,0.0,nan,nan,6551.443660386731,9.273417964683127,179.78357003990965,403.47943863509505,271.1610234125705,0.2531842262694348,0.31834906543418,6714.602246381705,0.4999617834394905,nan,2623.953516787807,393.4698197640898,1.6800698522491284,0.47038681228597645,6728.259717124172,3.968598271398893,73.8871692335503,0.0,0.0,nan,nan,3426.0,1.0,26.53754284399528,307.3562167831589,906.0702383534565,0.12467187529059204,1.8118748237202502,3757.225195804494,9.99923566878981,337.7342754526394,354.4025150211908,13063651.98841762,0.14631479156040444,16496.138298289912,4685.763377167092,0.5888343153334333,nan,3267.1181924907332,1017.2575658305252,1.9181630984611218,1.299782358173891,5870.891760854485,9.99923566878981,216.12712798001303
92d55m47pt79458085s-30d37m20pt36092911s,92.92994293912633,-30.622322480307687,0.31834992522107,40.852446618402546,0,0,0,8.123939020534324,0.007145446165493879,8.05730588769214,6.484963397510847e-05,9.732965068262088,0.33631755766919247,64.67764245724003,11.65408025981617,nan,BLANK,6030.6711955505625,74.98614669158293,21.957563053843,0.7457380104959032,5006.839605767212,2.263661232608712,54.73749012096007,2231.3559319323303,89.50406197753188,8.039492177139952,0.894680361507642,4959.132835063275,2.5160565305921274,62.04449745380402,7787.248002048857,224.0304907581498,34.43234003406999,4.989205650105791,3726.230752019819,2.304322795069509,75.01287402440677,10639.430947554902,285.7497991177104,47.134308218238445,6.363707491109945,3728.9897482824053,2.304322795069509,74.95674744320196,6408.748022304724,111.837037138091,55.79047592605836,1.864797222091488,6562.87116758517,2.4587756663692186,45.72339035359393,2742.0940987567083,86.2681091068209,10.740906278937638,0.9692508711398222,4861.20066373177,2.226350868794694,55.34753240863565,0.0,65.91758704515117,nan,nan,4340.46,1.0,20.94654063936261,229.75931552017047,95.31218646206237,0.6521745755641289,1.08058141912384,4102.407270087938,0.4999617834394905,nan,229.9797761670142,152.59888541601939,0.6502629606795209,1.8574497285669378,3970.2848640860598,0.4999617834394905,nan,82.15229142945535,0.0,0.21348077630858073,0.0,3890.1400214992464,0.4999617834394905,nan,0.0,0.0,nan,nan,3835.6460161220057,4.072732791629318,133.17626869958826,406.50835439294065,95.49493324187857,1.2317350694887688,1.0122482359505613,4366.924616804059,1.30695285413844,32.20348903585026,0.0,43.54987970801521,nan,nan,3868.75,1.0,23.500516131444996,0.0,0.0,nan,nan,6581.56004247471,9.99923566878981,192.88987927331783,0.0,0.0,nan,nan,6549.856327227372,9.99923566878981,193.93267853817915,1184.1047132763917,178.77236295230753,6.265896952913848,1.7694598956855516,6716.348453903615,3.1397323042226097,58.015681958167164,896.0301516442853,174.52890646899468,4.994188916765203,1.8155533464897826,6730.930368719074,3.093104932080784,56.98667289152624,0.0,0.0,nan,nan,3426.0,1.0,26.53754284399528,1150.0141637727295,124.30480765041546,3.5956336131558824,1.91023988233302,3761.6514978615887,2.739080348319483,89.66304111289729,292.6799856762232,73.34968121395549,0.9489107202939278,0.7268106321803242,4687.775821239754,1.8288737705473932,45.90675765679468,515.1676024661181,92.36295106854897,2.6798838800998435,1.0445768270202043,5875.689549963976,2.4986350497195304,51.97124855907445
STACK,0.0,0.0,0.3086467701436831,nan,0,0,0,nan,nan,8.039483790239586,0.0002203410814995603,10.460135980892797,0.9311976358944941,117.60083097346146,23.263943543209113,nan,BLANK,5746.044476991701,265.0366136934303,1.3621018099903306,0.17162039751281657,5006.585296630401,3.3240228476404305,82.62534592759836,3462.4023228857573,631.9699444667408,0.8400141450118763,0.424694929513856,4963.961274909133,9.99923566878981,256.08064588829484,11335.03546140017,553.5927868170941,2.743933303347258,0.6751025587964079,3725.9442682081853,2.1470693068668245,69.35221196914793,14007.274331689381,639.2940796544129,3.3972471629880783,0.7796146902121486,3728.6585905339393,2.1470693068668245,69.30032084235879,8070.010558345114,186.6030834166293,2.791052860891138,0.1236196559104582,6562.64494852793,2.357924049651268,43.67867670635765,3303.0886650116017,275.0242666417418,0.714428515036927,0.1706208444055255,4861.232499208229,1.9887935615399106,48.750411334015745,1778.6883885984223,182.39586676572281,0.38502519954958336,0.13983378654971754,4340.458657686948,1.3317898155876124,33.23172769763399,1284.1381757070903,268.33635987499764,0.23961720901589664,0.2001310172788356,4101.09313274321,2.412010374752702,71.64231714845391,11906.193676119758,3906.778707165115,2.7653038686328792,3.929953154832216,3960.08,9.99923566878981,319.8627926142355,0.0,0.0,nan,nan,3889.9375448573624,0.4999617834394905,nan,0.0,0.0,nan,nan,3835.18555205059,6.122253886115798,201.8859882187158,0.0,0.0,nan,nan,4363.264309098888,0.4999617834394905,nan,18208.524974693628,2587.6992365080337,4.684903048605463,3.063087344004424,3862.032557842386,9.99923566878981,328.2406140748108,142.39862790222702,1822368853.190123,0.04764619848668263,1164039.8552182072,6583.898950993374,0.4999617834394905,nan,0.0,0.0,nan,nan,6546.0489742069985,9.99923566878981,193.93267853817915,1687.317771848874,280.4000372780667,0.6041949219204366,0.1878015362104088,6716.445426723306,2.0056560713974325,35.62661257839914,526.4869777937896,309.66018355087317,0.1866699541216943,0.2049041440100482,6731.249980324303,1.9164429189220182,33.74399530394106,0.0,0.0,nan,nan,3426.0,1.0,26.53754284399528,17142.98807940387,666.9489066452766,3.8982146302035696,0.7450247223854526,3762.424889930869,3.853242355342475,128.29631818762286,4075.8897819843537,1156.408602720844,0.8433694353323461,0.7328970193248365,4682.110744983507,9.99923566878981,271.0131455203778,1551.8079962767988,349.9596214766383,0.4458329453609865,0.21852379594701243,5877.080728054295,6.417207055760727,138.21527407509055
110d50m13pt03741408s-73d26m56pt65538492s,110.83695483724578,-73.44907094025476,0.746990069119619,109.02277908661964,0,0,0,7.047282182595049,0.08359460833480507,5.776803617320988,0.012461276049613225,19.046959527664704,12955.206086697252,52.68313081640946,9.656206825036298,nan,BLANK,8106.580410715652,226.4354974110327,170.04872733299035,12.973731290060242,5006.8542684537515,2.2949357401579733,55.57309892200648,2667.9356257983836,212.97900611787915,290.6597256759737,64.37458289034083,4959.113894211478,2.982270899921609,74.42489265912883,2915.4019994105806,186.87259593135832,31.16095202475168,10.061758104966296,3725.986058414641,1.9678598478473108,62.839650536237826,2664.1495142271115,167.47149717510118,28.533962527437886,9.017147140565044,3728.926263193935,1.9678598478473108,62.792632277111316,0.0,0.0,nan,nan,6562.8,1.0,13.853480493619768,858.6182758669859,584007.9982493302,42.011482402882216,81990.40195191058,4860.217872197099,0.4999617834394905,nan,856.0990707427388,157.75569148421977,9.45917249013659,6.1749448007499295,4339.913465811489,1.2497288027658713,30.366068714415597,172.94401902785683,104.60469520632823,3.540807222693214,8.559344207799096,4101.245760002693,0.4999617834394905,nan,785.8160193278978,113.55679352154934,7.118066569099909,4.43096817550816,3969.203856114851,2.0646397240745213,62.286223142974755,780.3473989864698,99.08249162635492,19.794396911483247,11.36305696779264,3889.7061936275786,1.57620426419907,46.230291620307334,0.0,0.0,nan,nan,3835.0802815653374,3.814015722232838,124.4498132249764,12.689685902122504,374.5775389120186,0.17971365430953218,18.572386162436224,4365.245233612661,0.4999617834394905,nan,1069.1654204900615,108.9209463729263,21.273438732539578,9.920913187984953,3869.915132358707,3.1991192256347984,102.72332250030681,0.0,0.0,nan,nan,6583.45,1.0,13.810026928666252,0.0,0.0,nan,nan,6548.05,1.0,13.88468655302385,0.0,0.0,nan,nan,6716.44,1.0,13.536579167464883,0.0,0.0,nan,nan,6730.82,1.0,13.507659064352907,0.0,0.0,nan,nan,3426.2102300663187,4.053218056909438,148.3543849832295,0.0,0.0,nan,nan,3761.0704244226235,2.7364541483624594,89.57106312016461,0.0,0.0,nan,nan,4685.654454169107,4.10810308523339,109.98503551207546,0.0,0.0,nan,nan,5875.62,1.0,15.473706908126772
110d50m17pt95383063s-73d26m57pt65466219s,110.83832050850948,-73.44934851727518,0.7465638307450309,113.84151289128599,0,0,0,10.578014108177758,0.0004392242240581877,8.22029827342607,5.172579505569979e-05,9.901906310543575,0.2587919414129869,42.60196700388492,7.925011801844715,nan,BLANK,47917.37219567994,260.22812213533865,1395.9745698830695,20.707315252544774,5006.851726146486,2.081914062408308,49.855334994656964,16341.557047863213,185.08117245511474,317.3265006739291,9.97160892385227,4958.961211588893,2.010948062503604,48.398298555586464,8563.23576390381,239.1309314728471,85.47376065709946,12.024263291844854,3725.9470795959783,2.1233748349232617,68.49526385916519,12198.10477793534,308.1694794242078,121.9857037549738,15.49574091601025,3728.6575202590557,2.1233748349232617,68.44401392321572,0.0,0.0,nan,nan,6562.8,1.0,13.853480493619768,8586.252699124461,218.55539231518136,117.68681154914434,8.592510764735769,4861.15395254839,2.460245007509571,61.76675893242104,4238.551958067452,182.77573849462334,72.26288027310426,11.03659167716645,4340.405493533772,1.880931491044982,51.20682051146388,3270.3156453135516,84.10074548983187,111.17884761648511,11.424531520763201,4101.612095879438,2.6994902838646047,80.92122730195752,4434.36728963383,175.01097176281064,86.06300762357978,14.63262226500442,3969.096244309957,4.869401478706205,154.52716666051157,1996.6713577878675,193.90966643863914,8.879913368610993,3.9003793905870308,3889.1116698932756,1.7208645950308417,51.46211796890967,0.0,0.0,nan,nan,3833.2957729645636,0.4999617834394905,nan,473.154214038979,0.0,3.2873489067737074,0.0,4362.352476147368,0.4999617834394905,nan,4679.395720526131,116.79496259985424,18.407238572997482,2.10459256053096,3868.8327485108957,1.807504601708669,54.838548562737266,0.0,0.0,nan,nan,6583.45,1.0,13.810026928666252,0.0,0.0,nan,nan,6548.05,1.0,13.88468655302385,0.0,0.0,nan,nan,6716.44,1.0,13.536579167464883,0.0,0.0,nan,nan,6730.82,1.0,13.507659064352907,208.72692106155608,135.14998978173355,1.9284247348677657,7.946699325347155,3426.2073700100436,0.4999617834394905,nan,352.53147626566766,109.47321837253273,5.345044258510832,8.167430362150434,3759.9752830066554,1.7513678453979995,54.35715546952239,203.66300558570796,63.156201264877325,3.0062933372013063,2.848995418553178,4687.980877433839,1.118441511221696,23.700494222296374,0.0,0.0,nan,nan,5875.62,1.0,15.473706908126772
STACK,0.0,0.0,0.7467769499323249,nan,0,0,0,8.725585078409237,0.047746231241400344,8.213400872852509,7.11567772902432e-05,11.083350333576286,0.32784382052218514,59.207074196349495,13.551197690875693,nan,BLANK,56004.225931874615,362.742771214533,735.6409478300682,13.019236326115937,5005.736104037895,2.2992169180282995,55.68739366282389,18413.407475153694,254.98095615218733,299.2493459625201,11.5016325777236,4957.831426596331,2.165120920677149,52.59990568177704,11392.424073861437,420.31984097392836,8331.309352249053,1549.203462056202,3725.2761263524935,2.323694721019106,75.7073059097806,14699.202034245476,524.3911410719805,10769.481219112111,1932.7866353820434,3727.9266833910037,2.323694721019106,75.6506597365976,0.0,0.0,nan,nan,6562.8,1.0,13.853480493619768,9068.490708143456,258.2207821956719,157.88497790972932,12.900416995909657,4860.017310761842,2.3313777704859002,58.237828966722624,5235.1573949626845,285.4594431641981,130.76345100655317,25.264987044720286,4339.427180457117,1.89348578243551,51.60333634597437,3413.001021580676,114.04979511173063,138.3355625522376,18.47955138210856,4100.793187410095,2.4424917109549242,72.63038404569413,5674.174520862126,277.9173928042694,92.43941424547268,19.51485597945875,3968.2293508472853,5.125041600090207,162.806565718523,2948.192154826799,314.7110756443393,11.531603171190435,5.570271717636283,3888.281900203758,2.5925614739131517,81.71659822503685,0.0,0.0,nan,nan,3837.286545267397,8.156147933911383,269.73170911793727,1356.6477802517131,6370.083965908716,22.412173327802652,368.7103485272021,4363.614156323834,0.4999617834394905,nan,5291.416506816594,167.90408165886262,17.19632162270764,2.500957877961105,3867.9732956996336,1.948085166356423,59.8246818378456,0.0,0.0,nan,nan,6583.45,1.0,13.810026928666252,0.0,0.0,nan,nan,6548.05,1.0,13.88468655302385,0.0,0.0,nan,nan,6716.44,1.0,13.536579167464883,0.0,0.0,nan,nan,6730.82,1.0,13.507659064352907,0.0,0.0,nan,nan,3425.480173485463,3.3462825145358037,121.5967101295978,229.85009466479835,129.8135980036756,8.395129784087127,23.34039227362365,3759.364292121078,0.9448840907307705,21.48933962977404,144.4919891742519,0.0,1.6403888800297235,0.0,4683.781176033363,0.4999617834394905,nan,0.0,0.0,nan,nan,5875.62,1.0,15.473706908126772
82d13m14pt38817517s-39d28m16pt76757612s,82.22066338199241,-39.47132432670034,0.283173852195455,14.411123940064858,0,0,0,nan,nan,7.880954100609847,0.0035317670689442335,7.3177620121163764,1.457457145320541,137.69987224124822,21.251124751991583,0.2839,BLANK,4718.594459638665,284.41999005391364,0.8628758727454825,0.14206310921114365,5006.848358832272,5.550717595059268,140.01262575610684,3641.677654542487,972.5664242046573,0.6302675644801287,0.4675950946049641,4955.231904594046,9.99923566878981,256.08064588829484,44436.17748510617,14147.420646239512,8.335695777676293,13.366444122955569,3726.258063273478,5.4021660308873045,183.0238225138653,61326.1366892205,17463.288177806095,11.524222076825987,16.499266648564735,3728.7682576459833,5.4021660308873045,182.88687933483985,24367.950563900788,4573.784931853068,4.111330603503204,1.477966070791403,6563.358799037832,5.699485555831057,109.72586168138685,15595.285293447569,442.5057331872945,2.7371619422073357,0.22273517975105966,4861.626950730627,5.642049981995271,146.61428023447408,3407.206621901621,295.16346790076983,0.5310254363984589,0.16281960427188283,4341.836647681815,2.1615842974990316,59.984967364088334,0.0,0.0,nan,nan,4102.718976508115,0.4999617834394905,nan,0.0,0.0,nan,nan,3970.625640534999,0.4999617834394905,nan,0.0,0.0,nan,nan,3892.0553673120203,0.4999617834394905,nan,0.0,0.0,nan,nan,3837.046849517292,0.4999617834394905,nan,4238.6232835611045,767.5511569583832,0.6547344583909552,0.41594162371345744,4360.822330661136,9.99923566878981,291.0428046557292,13078.853821436172,1520.5023927463417,2.2767666952598047,1.214050687843486,3866.8133413786227,9.99923566878981,328.2406140748108,46063.34078210055,4762.390966650536,8.918062751318663,1.7601774075179957,6583.794248204875,7.16406346774986,137.87507073931837,3028.7134523125737,2608.875442534802,0.5873459728706792,0.9710333303078871,6550.109778227562,2.7860634368229693,52.43030575931232,15500.742587748799,1370.7932409934804,3.8650252722300915,0.6392299932650619,6717.297382230805,7.703432766882142,145.41449060003643,6896.050049029325,1763.615883318197,1.6676065770723225,0.7958999596283538,6731.516932564643,6.2195848428572,116.89292563078756,0.0,0.0,nan,nan,3426.0,1.0,26.53754284399528,1388.734053415429,369.1596107319717,0.2389438987168803,0.31308102635721935,3757.4748941449957,1.1803015951459381,32.17702631739483,3033.017019192842,317.13556460156946,0.49117380787976805,0.15702665881401215,4686.711688705884,7.0730112711257,191.23058120926197,9257.90745072768,2280.9165380520117,2.2833118317115964,1.225424615878065,5866.514510239911,9.99923566878981,216.12712798001303
STACK,0.0,0.0,0.283173852195455,nan,0,0,0,nan,nan,7.88233401138795,0.0032226541592020462,7.3177620121163764,1.457457145320541,137.69987224124822,21.251124751991583,0.2839,BLANK,4718.594459638665,284.41999005391364,0.8628758727454825,0.14206310921114365,5006.848358832272,5.550717595059268,140.01262575610684,3641.677654542487,972.5664242046573,0.6302675644801287,0.4675950946049641,4955.231904594046,9.99923566878981,256.08064588829484,44436.17748510617,14147.420646239512,8.335695777676293,13.366444122955569,3726.258063273478,5.4021660308873045,183.0238225138653,61326.1366892205,17463.288177806095,11.524222076825987,16.499266648564735,3728.7682576459833,5.4021660308873045,182.88687933483985,24367.950563900788,4573.784931853068,4.111330603503204,1.477966070791403,6563.358799037832,5.699485555831057,109.72586168138685,15595.285293447569,442.5057331872945,2.7371619422073357,0.22273517975105966,4861.626950730627,5.642049981995271,146.61428023447408,3407.206621901621,295.16346790076983,0.5310254363984589,0.16281960427188283,4341.836647681815,2.1615842974990316,59.984967364088334,0.0,0.0,nan,nan,4102.718976508115,0.4999617834394905,nan,0.0,0.0,nan,nan,3970.625640534999,0.4999617834394905,nan,0.0,0.0,nan,nan,3892.0553673120203,0.4999617834394905,nan,0.0,0.0,nan,nan,3837.046849517292,0.4999617834394905,nan,4238.6232835611045,767.5511569583832,0.6547344583909552,0.41594162371345744,4360.822330661136,9.99923566878981,291.0428046557292,13078.853821436172,1520.5023927463417,2.2767666952598047,1.214050687843486,3866.8133413786227,9.99923566878981,328.2406140748108,46063.34078210055,4762.390966650536,8.918062751318663,1.7601774075179957,6583.794248204875,7.16406346774986,137.87507073931837,3028.7134523125737,2608.875442534802,0.5873459728706792,0.9710333303078871,6550.109778227562,2.7860634368229693,52.43030575931232,15500.742587748799,1370.7932409934804,3.8650252722300915,0.6392299932650619,6717.297382230805,7.703432766882142,145.41449060003643,6896.050049029325,1763.615883318197,1.6676065770723225,0.7958999596283538,6731.516932564643,6.2195848428572,116.89292563078756,0.0,0.0,nan,nan,3426.0,1.0,26.53754284399528,1388.734053415429,369.1596107319717,0.2389438987168803,0.31308102635721935,3757.4748941449957,1.1803015951459381,32.17702631739483,3033.017019192842,317.13556460156946,0.49117380787976805,0.15702665881401215,4686.711688705884,7.0730112711257,191.23058120926197,9257.90745072768,2280.9165380520117,2.2833118317115964,1.225424615878065,5866.514510239911,9.99923566878981,216.12712798001303
48d13m47pt986321s8d22m22pt30596361s,48.22999620027693,8.372862767668968,0.23855702605325257,25.560772367728262,0,0,0,11.060772347164162,0.040318617906548435,nan,nan,6.647795581563921,0.1250779862959535,61.61898319867464,12.281563361745283,nan,BLANK,56375.2457627931,205.51121603343722,277.0163919169154,2.7582845983887636,5006.841240689889,2.556767104174843,62.527538700897665,19787.108944840442,174.74841450784226,100.94714992621748,2.4735585083058482,4958.911597505368,2.632124981952837,65.1410870870186,0.0,0.0,nan,nan,3726.03,1.0,24.400668213494743,0.0,0.0,nan,nan,3728.82,1.0,24.382410999599827,39359.666883124126,214.82329939297026,258.7357883917961,2.704916288820836,6562.751802522674,2.7395953028864266,51.380637053672125,11456.783496600243,211.70488202594186,75.31150052508231,3.9916593106917158,4861.222758920577,2.8811215014294103,73.19094142746883,3947.640104366247,222.98600717233174,14.004000369239613,2.801638091014642,4340.39965298914,1.6012564053596667,42.24097247069351,2643.6641281314814,183.15250405901466,13.84630679962478,3.833558330112462,4101.3771573917265,1.5671525795999584,43.519514776598136,0.0,109.5594150618995,nan,nan,3970.08,1.0,22.900702702093618,882.0894805329586,299.22645090748466,2.3889694428383614,3.6629613568153228,3890.1102609923614,1.616630904445865,47.702814780905406,702.0719214616455,3.621931373260107e+45,85.6315884850458,2.0681224647680966e+45,3834.909140923827,0.4999617834394905,nan,390.02535155289456,372.83311115805446,1.1765076053295733,3.9438264456980097,4361.733194947115,0.4999617834394905,nan,8588.706664258918,382.578816602653,49.592876006768385,10.112452686235004,3869.927473332713,4.132568268487864,134.02656997811326,0.0,0.0,nan,nan,6583.049383942439,9.99923566878981,192.88987927331783,0.0,0.0,nan,nan,6547.951249111998,9.99923566878981,193.93267853817915,2914.4151111162246,435.3236631026073,28.44078908362014,7.945891348815433,6716.457203104918,3.1146937737448446,57.528719960561844,1600.2929429260273,372.3066220866771,11.278101960360864,4.897260849012795,6730.673594072972,2.2049625326920275,39.548326784467136,0.0,0.0,nan,nan,3426.0,1.0,26.53754284399528,0.0,0.0,nan,nan,3760.0,1.0,24.18021855944889,2264.352961989412,341.28494065253983,8.053632807286453,3.714040462336687,4684.83115917108,5.656051318430082,152.4937161135149,0.0,117.9529274308182,nan,nan,5875.62,1.0,15.473706908126772
STACK,0.0,0.0,0.23855702605325257,nan,0,0,0,11.040096585623392,0.03770312609244355,nan,nan,6.647795581563921,0.1250779862959535,61.61898319867464,12.281563361745283,nan,BLANK,56375.2457627931,205.51121603343722,277.0163919169154,2.7582845983887636,5006.841240689889,2.556767104174843,62.527538700897665,19787.108944840442,174.74841450784226,100.94714992621748,2.4735585083058482,4958.911597505368,2.632124981952837,65.1410870870186,0.0,0.0,nan,nan,3726.03,1.0,24.400668213494743,0.0,0.0,nan,nan,3728.82,1.0,24.382410999599827,39359.666883124126,214.82329939297026,258.7357883917961,2.704916288820836,6562.751802522674,2.7395953028864266,51.380637053672125,11456.783496600243,211.70488202594186,75.31150052508231,3.9916593106917158,4861.222758920577,2.8811215014294103,73.19094142746883,3947.640104366247,222.98600717233174,14.004000369239613,2.801638091014642,4340.39965298914,1.6012564053596667,42.24097247069351,2643.6641281314814,183.15250405901466,13.84630679962478,3.833558330112462,4101.3771573917265,1.5671525795999584,43.519514776598136,0.0,109.5594150618995,nan,nan,3970.08,1.0,22.900702702093618,882.0894805329586,299.22645090748466,2.3889694428383614,3.6629613568153228,3890.1102609923614,1.616630904445865,47.702814780905406,702.0719214616455,3.621931373260107e+45,85.6315884850458,2.0681224647680966e+45,3834.909140923827,0.4999617834394905,nan,390.02535155289456,372.83311115805446,1.1765076053295733,3.9438264456980097,4361.733194947115,0.4999617834394905,nan,8588.706664258918,382.578816602653,49.592876006768385,10.112452686235004,3869.927473332713,4.132568268487864,134.02656997811326,0.0,0.0,nan,nan,6583.049383942439,9.99923566878981,192.88987927331783,0.0,0.0,nan,nan,6547.951249111998,9.99923566878981,193.93267853817915,2914.4151111162246,435.3236631026073,28.44078908362014,7.945891348815433,6716.457203104918,3.1146937737448446,57.528719960561844,1600.2929429260273,372.3066220866771,11.278101960360864,4.897260849012795,6730.673594072972,2.2049625326920275,39.548326784467136,0.0,0.0,nan,nan,3426.0,1.0,26.53754284399528,0.0,0.0,nan,nan,3760.0,1.0,24.18021855944889,2264.352961989412,341.28494065253983,8.053632807286453,3.714040462336687,4684.83115917108,5.656051318430082,152.4937161135149,0.0,117.9529274308182,nan,nan,5875.62,1.0,15.473706908126772
52d46m16pt46385503s-21d00m22pt19638647s,52.77123995973191,-21.006165662909208,0.18872390848635878,30.318335549221494,0,0,0,6.861874045303056,0.018365597283008503,nan,nan,0.625872518352128,0.009886070674401708,97.65952363900618,18.049923777587335,0.19276,BLANK,52785.618289979204,611.3348692762388,4.109029645820762,0.12998475290021466,5006.819446542343,6.889750953357404,174.28082861591983,15053.36858246266,725.8267863955805,1.1140007510846075,0.1490162602820036,4959.24761593883,6.820167310427653,174.1695186321705,0.0,0.0,nan,nan,3726.03,1.0,24.400668213494743,0.0,0.0,nan,nan,3728.82,1.0,24.382410999599827,312311.6707441533,17465.26128820526,21.18884647192008,2.2696434979424227,6562.808094188393,6.514243221546381,125.63649070799072,108391.06189077684,795.1847218910704,8.126931448809293,0.17102002070109348,4861.0789108485515,5.4335719126082385,141.11042379631593,23586.23824221891,1085.6254210940099,1.2420853862865322,0.20248428456689216,4340.406106260014,3.543458468689723,101.88509232288526,0.0,0.0,nan,nan,4101.34798422778,0.4999617834394905,nan,0.0,0.0,nan,nan,3970.08,1.0,22.900702702093618,0.0,0.0,nan,nan,3889.06,1.0,23.37778840736009,0.0,0.0,nan,nan,3835.4,1.0,23.704860453545347,12418.633654479172,3062.999386024618,0.6381393747787426,0.551173630377449,4364.727034552842,9.99923566878981,291.0428046557292,0.0,0.0,nan,nan,3868.75,1.0,23.500516131444996,85503.95153479396,30350.576612134704,4.9080093136818865,3.3258580138718994,6583.775886682417,4.699411360741723,89.86295246764868,0.0,0.0,nan,nan,6547.077148240075,9.99923566878981,193.93267853817915,54411.80733260293,5747.540589283544,6.551589320701842,1.2943692576085295,6716.7254908948435,6.733503651823486,126.94202121311554,36039.73901658651,6539.156366746653,4.191353429024178,1.4193775872957752,6730.864492445625,5.992057278674429,112.56078033517521,0.0,0.0,nan,nan,3426.0,1.0,26.53754284399528,0.0,0.0,nan,nan,3760.0,1.0,24.18021855944889,10056.599715601209,1366.3717660976874,0.6202595732342041,0.25775231575785407,4685.852480323952,9.99923566878981,271.0131455203778,12975.813339310123,612.5259527649821,1.5072120609521225,0.15466577970769838,5876.178522021284,7.099915736222621,153.08807494164537
52d46m11pt32141615s-21d00m33pt79612557s,52.76981150448514,-21.00938781265717,0.1882988743604983,33.87569151054642,0,0,0,nan,nan,nan,nan,0.582225378331627,0.04201003743597873,78.55133074082256,15.861268862874713,0.19276,BLANK,4370.83080368312,247.1266236747364,17.479912004455034,2.699529811634519,5006.792639360528,5.1432090613219845,129.5607198353314,0.0,69.85763176498955,nan,nan,4958.91,1.0,18.334194769319836,0.0,0.0,nan,nan,3726.03,1.0,24.400668213494743,0.0,0.0,nan,nan,3728.82,1.0,24.382410999599827,13918.738966534691,904.9329867286144,25.164522958811474,3.1335381058105445,6563.294949901911,6.725261027980519,129.75305899566865,7507.111449191346,314.4056954051445,33.434119618310376,4.015411097665538,4861.8920295917615,5.622061067213927,146.0867131458067,5418.905123697223,368.2952810315357,21.20627931949767,5.097387930315313,4343.4519652416775,9.399314731384267,274.9259254444356,3037.1189449977046,315.96557742654534,10.452466810933878,4.344911851287407,4101.7046523953295,2.831014018569845,85.14100729607688,0.0,0.0,nan,nan,3970.08,1.0,22.900702702093618,0.0,0.0,nan,nan,3889.06,1.0,23.37778840736009,0.0,0.0,nan,nan,3835.4,1.0,23.704860453545347,0.0,0.0,nan,nan,4363.80291803268,6.901114819303198,200.3228063999756,0.0,0.0,nan,nan,3868.75,1.0,23.500516131444996,1797.0775059301095,3087.033513572475,2.3477290116275515,7.698214107415035,6584.505307574493,9.99923566878981,192.88987927331783,0.0,0.0,nan,nan,6546.175072782807,0.4999617834394905,nan,5804.084085995196,502.4647992998059,17.986206536797003,2.911956304207758,6717.481920490869,7.202052438272678,135.86857703515307,2145.0640121035335,595.0266361792142,5.633033835440051,2.9159644334840324,6731.788129885662,4.665895700710412,87.25428419273858,0.0,0.0,nan,nan,3426.0,1.0,26.53754284399528,0.0,0.0,nan,nan,3760.0,1.0,24.18021855944889,672.0563312666632,299.6953287569884,1.9662761763416525,2.6819649964619234,4685.715169257744,3.7685838013919772,100.6107300864509,486.8250404969298,87.24156277592974,3.2541162807169024,1.2670601248208482,5878.521179142416,1.7349581345633744,34.3966715128389
STACK,0.0,0.0,0.18851139142342854,nan,0,0,0,6.899793500322114,0.013742005636935097,nan,nan,0.6340120729130959,0.010373025232902903,97.90245667778117,17.728718871457946,0.19276,BLANK,58296.65625519564,699.2758560134306,4.463527768211227,0.14624918622297692,5006.671612723598,7.01925959438445,177.59068692513827,15749.178980911103,806.9872280719645,1.1489917890553862,0.1633505599841647,4958.927350268231,7.5860845234013645,193.92669977285445,0.0,0.0,nan,nan,3726.03,1.0,24.400668213494743,0.0,0.0,nan,nan,3728.82,1.0,24.382410999599827,326232.8634592481,18213.70535995451,21.31389696948498,2.279301378246545,6562.738285515966,6.582551674109751,126.96922605827505,116789.3142726577,902.5116521704521,8.624280662814723,0.1911729624414861,4861.025621057251,5.538525714733465,143.88164262216213,26568.74865404492,1158.3433858955336,1.3771522402597567,0.21264778263059647,4340.43488990681,3.866287501810887,111.52802715826193,335.5985686141374,1772.2257011142167,0.01444412731770435,0.30508764767490215,4099.799330083841,0.4999617834394905,nan,0.0,0.0,nan,nan,3970.08,1.0,22.900702702093618,0.0,0.0,nan,nan,3889.06,1.0,23.37778840736009,0.0,0.0,nan,nan,3835.4,1.0,23.704860453545347,8781.705427437213,2819.8297036941594,0.4415876167936773,0.4966552779555735,4364.257129457362,9.114831314464595,265.1679249574455,0.0,0.0,nan,nan,3868.75,1.0,23.500516131444996,88169.26375410102,31575.577041785204,4.869775285485397,3.329374262605236,6583.746048862837,4.712207252151993,90.11318214758836,0.0,0.0,nan,nan,6547.343777339089,9.99923566878981,193.93267853817915,60071.67024930122,6208.26648105472,6.962892484569442,1.3459275171597964,6716.591826446458,6.830061916235817,128.78211214714128,38226.54973922409,7138.447826496735,4.263193926418862,1.4858821513095128,6730.756287713559,5.967212190869221,112.08759430820871,0.0,0.0,nan,nan,3426.0,1.0,26.53754284399528,0.0,0.0,nan,nan,3760.0,1.0,24.18021855944889,10758.955884783176,1957.4315859912335,0.6503942164776237,0.36189430067634665,4685.989025048265,9.99923566878981,271.0131455203778,13381.138382082374,624.1291093107646,1.5280001312853306,0.15492964369717918,5876.180853670375,6.7687843625121955,145.8764184445705
69d17m05pt57736722s0d44m07pt40274998s,69.28488260200629,0.7353896527733936,0.2847550713737754,8.465469924849172,0,0,0,7.560829836258038,0.01974337116224097,7.625251246301512,0.0005016756597666332,5.165575079714391,0.05254143495998341,98.70763319363607,23.091859636781265,0.2842,BLANK,17611.539366998724,158.06104108124023,7.699482724336723,0.18874523590593315,5006.838360481312,2.914175937540558,71.92998573652002,5729.456497345481,147.34381818520788,2.434264577516911,0.17369020845520242,4958.968327790333,2.687249107063626,66.60801270148582,45320.4184576521,450.1906591660456,15.258037563089973,0.7634958145114795,3726.020897100923,2.8993341373927644,96.13318295565381,63477.205633080215,660.2195622126275,21.41210197542176,1.1196919841511472,3728.781236742585,2.8993341373927644,96.0612536105939,48845.380032374655,2086.312968390572,25.692116467835003,2.101740739393214,6563.38816532185,1.9629462544241445,35.57520773448358,25580.62130855381,204.98494817715027,11.566289583958403,0.2658388943304518,4861.291529221461,2.6121560655187586,65.905997804388,610.7170621111578,440.8925683142062,0.20814673412932408,0.5319699068192794,4341.357705007689,0.4999617834394905,nan,1061.9205001836187,249.24375519510977,0.30772611310163434,0.2885961773975674,4101.663405832922,0.4999617834394905,nan,0.0,0.0,nan,nan,3970.2851417749307,0.4999617834394905,nan,0.0,0.0,nan,nan,3888.698033911435,9.423801425375798,307.6401611668616,0.0,0.0,nan,nan,3835.545118445724,0.4999617834394905,nan,4538.017478423087,1322.227725984114,1.558534627738496,1.5888155594445652,4366.635055802931,9.99923566878981,291.0428046557292,8607.238886866835,889.737524606621,2.2071364769270727,1.0461700815992006,3867.2701987355204,9.99923566878981,328.2406140748108,14826.93696426858,5537.778204871372,6.12714916326162,4.3690233606430695,6583.423053843266,2.4939695954218655,46.28948673772998,1412.441713736117,8508.709041497728,0.5448935161480893,6.302315811434998,6547.949667368552,0.4999617834394905,nan,15355.787416260651,1238.1341034203906,10.327880203734418,1.557573085479194,6716.433706355937,3.2058342822246084,59.300303928591276,10180.592636687581,1611.5111318921327,6.554857604196716,1.9365508840189014,6730.836310336601,2.9836131609896874,54.85841796075009,0.0,0.0,nan,nan,3426.0,1.0,26.53754284399528,2511.005986748935,333.4015966890261,0.7441813331184206,0.4848237831915244,3764.1624076033672,2.6668726123479822,87.13178134620294,1421.5465926587096,110.41759034696693,0.5199253669639238,0.1235719475908675,4684.71186213791,2.471860001619526,64.4112993817197,3779.0422908351047,280.13628707788394,2.420360652307612,0.3900825455855061,5875.541702736576,3.715832026357735,79.07134484593327
69d17m43pt5804299s0d43m39pt4027042s,69.29543900830672,0.7276118622764877,0.7039197152966525,43.27166457921432,0,0,0,10.365755179880555,0.011354556550203393,8.223649679625906,2.7563632712483114e-05,9.955084989879184,0.08264690919407663,48.20218739293316,9.19237118614761,0.2842,BLANK,89064.18433955,128.87786454562652,733.2117718366925,2.8979403269170794,5006.853727684922,2.1004349520030137,50.35510212519827,29553.620714494133,170.56194805522782,382.9039735680151,6.131364843446266,4958.9212751605855,2.087581970972659,50.49168920480047,15346.28622378278,246.32160370069118,234.1882914255443,18.932350205369804,3726.2360291576942,1.874349078714573,59.40855040485162,21428.25654222573,301.3684518733973,327.63165217478144,23.163266989160494,3728.9980936754378,1.874349078714573,59.364099383984545,0.0,0.0,nan,nan,6562.8,1.0,13.853480493619768,15609.344167129859,121.66902169684614,238.00208270205562,5.320826612389616,4861.361383987076,2.0008117043526195,49.08652039161156,8030.056900499524,108.57025343651539,54.73153698548607,2.6207075193284304,4340.552708460434,1.8930026173078713,51.58808377465911,5149.5245042576935,76.54242969800912,24.18383999909508,1.4362325099570965,4101.788611213613,1.8310232219873024,52.51456055046683,6797.938479936167,140.83891881636242,37.07321701398442,3.3091540591977706,3968.9437641522068,4.4440373125693355,140.72973175734478,2718.0962861301227,335.1694152928318,5.5543386399729275,3.0979569226697072,3888.97080123914,1.5283525735040329,44.475199180649525,1707.0406741115323,79.56073422674555,5.5148603591632845,1.202984035478137,3835.311434341977,1.3585931259377528,38.649703878633595,1097.2824085314485,289.9037909128009,3.7268530846847105,3.4504908822184284,4363.216869516019,1.3240103754473123,32.79133783527799,10632.86299464437,153.7688184793874,31.875895529635564,2.1117052768277413,3868.8043915352473,1.8696052034658153,57.048622180846834,0.0,0.0,nan,nan,6583.45,1.0,13.810026928666252,0.0,0.0,nan,nan,6548.05,1.0,13.88468655302385,0.0,0.0,nan,nan,6716.44,1.0,13.536579167464883,0.0,0.0,nan,nan,6730.82,1.0,13.507659064352907,0.0,0.0,nan,nan,3426.3669889160333,4.625041056181624,169.88663040731456,0.0,0.0,nan,nan,3758.193724078712,3.61234140042551,119.99215245363557,219.4202006914925,904572.8119965967,1.6448502883900973,20753.451451270157,4684.140920346638,0.4999617834394905,nan,0.0,0.0,nan,nan,5875.62,1.0,15.473706908126772
STACK,0.0,0.0,0.494337393335214,nan,0,0,0,7.682171874251551,0.06022751266331998,7.574102086460092,0.0006191716963641241,4.9526983022262145,0.07460820498476954,95.65835311900202,23.77384267437008,0.2842,BLANK,17576.563717727986,188.17466307469212,7.307208108014659,0.21368179562624592,5006.824501301956,2.955238208815645,73.00511990022363,2988.8736074776925,996.3192354533535,0.9923704615729789,0.91783006212201,4958.909803939531,1.76515042051099,41.60101592064079,42961.39261627139,646.8091269834644,12.005374070551557,0.9104958093386852,3726.0240161210486,2.859312270033697,94.72342738968747,62027.85293674447,966.5033605191009,17.366580016754593,1.360520782334129,3728.762808939083,2.859312270033697,94.65255286036796,46426.885427185756,2795.764522418708,18.266662107164684,2.1067578208544266,6563.372507105789,1.90875227684899,34.44759310448897,25350.763405432008,220.88145031574743,10.882589115741524,0.2719660817189533,4861.286696617368,2.5968864342161897,65.49083608448915,423.6972812319445,483.77528938635834,0.13399173316557364,0.5414061150668983,4342.181021146712,0.4999617834394905,nan,1067.077747963837,292.4703601694375,0.2801944726895294,0.30688690721873924,4101.498011910937,0.4999617834394905,nan,0.0,0.0,nan,nan,3970.910571917197,9.99923566878981,319.8627926142355,0.0,0.0,nan,nan,3889.0988407124482,0.4999617834394905,nan,0.0,0.0,nan,nan,3835.5633074958014,0.4999617834394905,nan,4486.780453080326,1640.0760635086065,1.4413589186066953,1.8443734354331451,4365.485509797704,9.99923566878981,291.0428046557292,10839.566803568223,1059.3226282826233,2.491298463919046,1.1160036544678047,3867.820615450021,9.99923566878981,328.2406140748108,11818.743958709836,5562.620854205969,3.869083160915799,3.4766475848791347,6583.38413360911,2.260845207595759,41.57164467511826,807.4483787858524,8315.29902202382,0.3021222385350348,5.973750562527108,6547.864936034163,0.4999617834394905,nan,15294.276851886323,1294.6399638194712,9.930312839473718,1.5722562329541132,6716.453870049508,3.265975674575819,60.467933951238415,10702.857278684087,1607.5293340625458,6.72202256161264,1.8843757677990225,6730.79047629077,3.0149411590715935,55.46780120548932,0.0,0.0,nan,nan,3426.0,1.0,26.53754284399528,649.7571934347737,354.8667857021258,0.1652284074430303,0.44396561074619273,3760.22432673659,2.426365361576795,78.66134281965005,1034.0146993801043,117.8585625008025,0.35736277810981976,0.12463938017158738,4684.653034045187,1.6966859442390938,41.992824244137246,3804.2694671188237,377.01144489684197,2.293850224426124,0.4942465394057058,5875.471383709405,3.4900695697282345,74.08450979773399
69d45m33pt88085519s5d20m43pt64429647s,69.75941134866486,5.345456749020105,0.21110282526343283,26.461404429567636,0,0,0,nan,nan,nan,nan,nan,nan,109.18177733895219,17.497841788698206,0.208,BLANK,0.0,0.0,nan,nan,5007.597387591714,7.570273114555092,191.66649129086707,0.0,0.0,nan,nan,4959.332386880754,6.396865770627105,163.24054706536913,0.0,0.0,nan,nan,3726.03,1.0,24.400668213494743,0.0,0.0,nan,nan,3728.82,1.0,24.382410999599827,314818.4677825315,27236.859694364066,12.4849576921106,2.0683657100732833,6564.542190409579,7.846416475908174,151.60376849557335,0.0,0.0,nan,nan,4861.803009072779,7.535813908657929,196.49714920484598,0.0,0.0,nan,nan,4340.919992018915,6.0722688472445245,176.918474093765,0.0,0.0,nan,nan,4101.984605719783,5.153355181923573,158.46816017739135,0.0,0.0,nan,nan,3969.334461640201,5.845412886896155,186.09828001547422,0.0,0.0,nan,nan,3889.06,1.0,23.37778840736009,0.0,0.0,nan,nan,3835.4,1.0,23.704860453545347,0.0,0.0,nan,nan,4366.261549936588,9.5729069538299,278.5713852891146,0.0,0.0,nan,nan,3868.75,1.0,23.500516131444996,0.0,0.0,nan,nan,6583.671311642854,7.531860864136382,145.02001795442175,77353.89898535376,23498.41242043397,2.4644061742863026,1.4383284527807605,6543.731245473999,4.260365247215974,81.70621577817491,131313.65684947738,33749.22240745534,11.99956057831186,5.776224127722718,6707.503139609429,9.99923566878981,189.07053077254085,0.0,0.0,nan,nan,6731.040918049405,7.74967572384008,145.98209559143118,0.0,0.0,nan,nan,3426.0,1.0,26.53754284399528,0.0,0.0,nan,nan,3760.0,1.0,24.18021855944889,0.0,0.0,nan,nan,4686.28323652354,6.188839046969734,167.07198011908977,0.0,0.0,nan,nan,5875.5994104328365,0.4999617834394905,nan
69d45m57pt18221633s5d20m24pt44445001s,69.7658839489792,5.340123458337105,0.47765791036589134,16.558592488571115,0,0,0,nan,nan,8.150011967940635,0.000701145538529936,8.14583363706854,0.2528662131537489,81.6648637428039,20.222096457285062,0.208,BLANK,7010.445097787521,82.02115272130824,2372.4135214019375,75.81535363778859,5006.841431593391,1.9771079129485463,47.016035160911215,2461.41027993794,130.3490190760097,128.36565816333766,18.8608489356829,4958.971357533459,2.2293464108887817,54.339426795444005,2788.473110039225,153.36613353050592,107.007694686561,29.6449812890476,3726.127181660786,2.0225049802796202,64.83352444952554,3910.320045658121,192.16845391354482,150.34244546080976,37.14529465841356,3728.8349704751713,2.0225049802796202,64.78501432213561,0.0,0.0,nan,nan,6562.8,1.0,13.853480493619768,1985.143479954763,50.28925348496684,51.00511851026168,3.7060527249665673,4861.285135972517,2.0668584592628556,50.9287620549324,856.5935873013024,61.331217199675436,15.567013087541296,3.946766996743875,4340.843591585572,1.3794663186767415,34.864796336133374,880.3744545666983,101.30875791541655,28.853110566216156,13.278173072023709,4100.08807642578,3.7976054767094594,115.85096083221376,0.0,0.0,nan,nan,3969.7362429762993,4.261249742412159,134.79087135267184,1364.430718420269,117.31132631780565,40.934972595753294,15.920373880085604,3888.8719398578196,4.0928388065392305,132.00681732517546,1447.775073188242,94.36979384712414,270.73260249840837,82.58579790151951,3835.4448278734335,2.5100321863527717,80.01108455301257,0.0,0.0,nan,nan,4364.519599371146,9.99923566878981,291.0428046557292,742.3713854515755,78.96261820377244,9.307049327587048,4.536074144739229,3868.386491251128,1.6967315831167304,50.86172927417711,0.0,0.0,nan,nan,6583.45,1.0,13.810026928666252,0.0,0.0,nan,nan,6548.05,1.0,13.88468655302385,0.0,0.0,nan,nan,6716.44,1.0,13.536579167464883,0.0,0.0,nan,nan,6730.82,1.0,13.507659064352907,0.0,0.0,nan,nan,3425.050039491923,8.259580385322769,305.8217014432866,0.0,0.0,nan,nan,3757.574409447883,9.99923566878981,337.7342754526394,377.14775279976527,67.3313745843045,9.689176180082884,5.295185598120264,4683.593963188245,1.286835220768367,29.337922961247212,0.0,39.3740564957284,nan,nan,5875.62,1.0,15.473706908126772
69d45m31pt269462s5d20m46pt44426403s,69.75868596166585,5.3462345177849375,0.20780195603706564,29.471181706370324,0,0,0,nan,nan,nan,nan,0.3775691391486332,0.04201201071290057,86.68862974950092,17.49849382171383,0.208,BLANK,1190.8853766358288,116.02129488688193,0.6398574574892126,0.17028309010299675,5006.59884867243,3.294620582415077,81.86041893164979,1119.264031142321,169.8724286690178,0.5759175534206049,0.24229041493660397,4961.774627490594,4.080737324843686,103.21193209282313,0.0,0.0,nan,nan,3726.03,1.0,24.400668213494743,0.0,0.0,nan,nan,3728.82,1.0,24.382410999599827,8842.034663486256,1797.33665083108,3.6682434755656614,1.4283531254518433,6562.2772837861785,3.468988790116606,65.90976633218806,6118.48048012404,408.2242876285283,3.4317248243282936,0.6567603994276783,4861.12219720546,4.33680384486877,112.08444184305128,0.0,72.78397555795878,nan,nan,4340.46,1.0,20.94654063936261,2162.2845046143825,231.01308647409516,1.4239907870025474,0.6074954296646228,4102.857444581765,5.742012773283456,176.89219514291656,0.0,0.0,nan,nan,3971.8079608396433,6.1470115166991155,195.83639080189488,0.0,0.0,nan,nan,3889.06,1.0,23.37778840736009,0.0,0.0,nan,nan,3835.4,1.0,23.704860453545347,0.0,0.0,nan,nan,4364.464682118154,9.99923566878981,291.0428046557292,0.0,0.0,nan,nan,3868.75,1.0,23.500516131444996,19714.486416785647,1478.4603565790358,9.503256088202201,1.360674389387517,6583.193527358694,4.556947462447868,87.07592914828619,2765.8848810822997,1122.1939998748878,1.3509250253000735,1.0524923219378752,6547.110493143392,2.797826250712793,52.666549504249254,3908.2103709397506,371.3236322901205,2.273923308005183,0.4041351586426039,6715.904261441818,4.0778318453136215,76.14796169760999,2870.329530249863,501.8290621031241,1.695539212466724,0.5533371615223815,6730.025797291401,3.919279267203491,72.93927433948015,0.0,0.0,nan,nan,3426.0,1.0,26.53754284399528,0.0,0.0,nan,nan,3760.0,1.0,24.18021855944889,1101.7954498252084,344.6474815738336,0.568398771823468,0.544057694583479,4684.616171823281,9.99923566878981,271.0131455203778,2228.590798025965,483.63554477545324,1.346386483285528,0.6357896932291794,5871.57385680408,9.99923566878981,216.12712798001303
69d45m32pt27392228s5d20m39pt24427693s,69.75896497841198,5.344234521368426,0.20782970678658885,27.946755555896313,0,0,0,nan,nan,nan,nan,0.5976425745379095,0.03821150228986903,59.342874354563925,9.435224922210566,0.208,BLANK,2678.548034063203,142.4354165093113,2.958667284886304,0.4296824681170274,5007.223049222113,5.349015947468058,134.8410570612994,1345.566316251028,146.52861250105983,1.377722507680424,0.4161781077336353,4959.58638342652,4.49077021653776,113.88234060722682,0.0,0.0,nan,nan,3726.03,1.0,24.400668213494743,0.0,0.0,nan,nan,3728.82,1.0,24.382410999599827,9561.04126870334,1910.6103597226052,5.610038890235231,2.1474006280807663,6562.565345003946,3.051418954748826,57.615137285945565,6733.312721948618,261.5809086401569,8.009457817471263,0.8924580097800515,4861.33218839737,3.6635908319750787,94.17573261774636,2002.030698321964,108.64951676118575,2.4189369575752884,0.4649981432548869,4340.155511961922,2.1497619438764324,59.61833727057494,156.98449078199673,3.4122111161111092e+97,0.20601948300815592,1.7898237671831718e+95,4101.117676304057,0.4999617834394905,nan,1199.350324212678,179.87963304820963,2.7543592936623456,1.780083338943407,3968.661842779862,2.106777903628213,63.720696504989014,0.0,0.0,nan,nan,3889.06,1.0,23.37778840736009,0.0,0.0,nan,nan,3835.4,1.0,23.704860453545347,704.654539469691,31681308.241861865,0.8203999344775984,129302.2401137654,4362.4683852504295,0.6191066488698898,nan,0.0,0.0,nan,nan,3868.75,1.0,23.500516131444996,22206.439683859022,1609.8942186145282,16.944961340231902,2.345291804837797,6583.479834272946,4.413327675380637,84.26415824027654,3441.011956392172,1253.2058169957518,2.7192923661273203,1.901646359485072,6547.343213027379,2.7990581182996315,52.691286417441084,5079.008696313751,392.3331337479964,5.271300251023376,0.7616118211742965,6716.460645517881,4.566396259123204,85.53301623528054,2670.198343025842,560.9287842627205,2.69806516105418,1.057858796862866,6730.7489691590945,4.049954462229819,75.44998836773776,0.0,0.0,nan,nan,3426.0,1.0,26.53754284399528,0.0,0.0,nan,nan,3760.0,1.0,24.18021855944889,0.0,0.0,nan,nan,4687.235515565528,6.120082244052461,165.1916523215308,1548.2526224136088,119.742931450157,1.8148250560509926,0.30516084722955233,5875.572369286039,4.172798473168601,89.13295290690412
69d45m32pt27386659s5d20m43pt64427689s,69.75896496294158,5.3454567435794,0.20728086165625426,28.05916840046145,0,0,0,7.230347274992155,0.011257522717728506,nan,nan,1.5410571132599398,0.09885736973880734,134.47211351306103,21.613563874741153,0.208,BLANK,22270.643593410892,1260.3887204377318,4.134501826675098,0.6383102675407445,5010.762045651681,9.99923566878981,253.6292103805842,9752.163855878516,1302.0833721779911,1.77713841991326,0.6578445138857718,4961.2274414883805,9.99923566878981,256.08064588829484,0.0,0.0,nan,nan,3726.03,1.0,24.400668213494743,0.0,0.0,nan,nan,3728.82,1.0,24.382410999599827,37782.32488654248,9287.651286586408,4.799171886355886,2.2573224468131676,6569.364154962151,9.99923566878981,193.49681168128302,20779.766806662097,627.7542586415034,3.92802905412896,0.3399095503673313,4865.082095703712,8.293422499552154,216.41589568452684,8454.573346214842,536.8842380271136,1.6493178246348519,0.37036701725099214,4343.745121765708,9.510027640688694,278.18218565534147,0.0,0.0,nan,nan,4102.877668188712,6.121588156309788,188.75650165085014,0.0,0.0,nan,nan,3970.7621463750443,6.151994475704695,195.99722673205918,0.0,0.0,nan,nan,3889.06,1.0,23.37778840736009,0.0,0.0,nan,nan,3835.4,1.0,23.704860453545347,4543.550134479405,802.6945668147824,0.891061054329619,0.5516288945643103,4363.3093709402765,9.98759498381185,290.7023153732985,0.0,0.0,nan,nan,3868.75,1.0,23.500516131444996,52460.67891847688,4703.499288632154,6.309724283221507,1.0793184804342149,6587.64525644604,8.135917417996517,156.748192093564,435.53760814571353,4744.531185483065,0.06361182231370266,1.329705365431585,6551.475787732913,0.4999617834394905,nan,29195.29990795309,9227.094805721652,5.868350860530118,3.4640875066023824,6725.976340549539,9.99923566878981,189.07053077254085,21977.802468277732,7637.583298428477,4.1581713051821945,2.697465540047954,6729.657496936302,9.99923566878981,188.66659273341497,0.0,0.0,nan,nan,3426.0,1.0,26.53754284399528,0.0,0.0,nan,nan,3760.0,1.0,24.18021855944889,1897.6013844598485,261.3375005674081,0.34815685845072547,0.14644034454071805,4689.587079863013,6.092207024692215,164.42925505268354,6051.207965344702,1696.559691740731,1.3406389079172956,0.817392445123377,5874.428439578492,9.99923566878981,216.12712798001303
69d45m31pt06867267s5d20m40pt04426147s,69.75863018685399,5.344456739297194,0.20769624341089954,29.120583580613207,0,0,0,nan,nan,nan,nan,0.5432215647852375,0.05079535268166865,65.33357802620246,12.628258772765562,0.208,BLANK,1415.6517224717306,111.75455574973367,1.1779234728390997,0.25400203293120593,5006.66468366024,3.57385797859106,89.1131837500652,687.7735087557488,114.31193346783232,0.5449845787995622,0.25123240429602833,4959.967625712035,3.481218942695033,87.54791278320864,0.0,0.0,nan,nan,3726.03,1.0,24.400668213494743,0.0,0.0,nan,nan,3728.82,1.0,24.382410999599827,7178.034485100579,1355.7167751768188,4.246694560613322,1.5362283038185003,6563.128009891284,3.1768216550342636,60.11171087622599,3872.1313135995765,210.93177175256025,3.34486180954821,0.5225464585659596,4861.679356426753,3.3701792837708497,86.33459511022234,3517.960586614524,284.16966702367984,3.45110505935678,0.9873260179917199,4340.420312277001,7.155456994631356,208.87018165413926,347.9275473250166,1.1510665317830426e+24,0.3383411979585412,4.4731138844080855e+21,4101.453715423859,0.4999617834394905,nan,0.0,0.0,nan,nan,3975.302134577202,5.626092580838277,179.01226073110453,0.0,0.0,nan,nan,3889.06,1.0,23.37778840736009,0.0,0.0,nan,nan,3835.4,1.0,23.704860453545347,907.8999568135188,5261190.543381531,0.8957719220298066,18192.902214579946,4362.941353543663,0.663486772642498,nan,0.0,0.0,nan,nan,3868.75,1.0,23.500516131444996,13923.488501134747,1096.2547049616699,9.424668915299513,1.4165495552388034,6583.998788044354,4.008663433285199,76.32811861243955,2185.425161039884,855.1860347485188,1.5196229774055898,1.1417166891293942,6547.914460042155,2.2960126988879037,42.514882989158494,3052.9780724982147,244.78295688629566,2.7210983770687776,0.4080552035988175,6716.808987883584,4.479643156366501,83.8685547990363,1608.396473546328,363.63532018103103,1.4438117892897575,0.609197584905094,6731.310868154272,3.8520304503389844,71.64613777096535,0.0,0.0,nan,nan,3426.0,1.0,26.53754284399528,0.0,0.0,nan,nan,3760.0,1.0,24.18021855944889,577.1548892296053,21502021.49313705,0.44797126643700186,51046.96044787536,4685.7240097414615,0.6125735753427993,nan,1521.621880886934,244.13916859357263,1.3707191540637145,0.4782242049675725,5874.854338803367,7.015044666375504,151.24001583859436
69d45m35pt48783484s5d20m44pt44431489s,69.75985773190015,5.345678976358801,0.20724919769297312,24.971270723692584,0,0,0,10.019798288571003,0.04796036866488852,nan,nan,1.558343325356414,0.0227836774444454,92.47252110426476,14.646603681325331,0.208,BLANK,54442.16922843474,421.59114274224044,11.021862583105738,0.23313129930831,5006.819791344155,6.8541385857232155,173.37056946151148,17997.88752404962,244.89451290889448,3.5129722246420165,0.1326327069539622,4958.764479485487,6.6139903750593065,168.84735102316375,0.0,0.0,nan,nan,3726.03,1.0,24.400668213494743,0.0,0.0,nan,nan,3728.82,1.0,24.382410999599827,54907.818224297145,13267.191766373424,4.619376525949529,2.137484242690687,6564.0896450945875,4.152102935906305,79.3927199584525,46485.29985259592,603.3389096697834,9.70146699225268,0.36104511944504114,4862.183860167506,5.778533435674509,150.21572079920915,21381.913240130285,350.81482099395674,4.620750443844204,0.268420248088934,4341.128600101719,5.3348066560371095,155.12247021276258,7916.570290981246,223.01608639821401,1.8430665723422823,0.2073885308897322,4102.295986415672,4.093227639464384,125.17466424534875,0.0,0.0,nan,nan,3969.4298506984887,5.779192558055774,183.95919614398534,0.0,0.0,nan,nan,3889.06,1.0,23.37778840736009,0.0,0.0,nan,nan,3835.4,1.0,23.704860453545347,161.5763103450327,769.274714049877,0.032448645152565465,0.5410716010975625,4364.455079386066,2.4543855266187613,68.63991966657679,0.0,0.0,nan,nan,3868.75,1.0,23.500516131444996,162781.17616596608,11896.192523855885,18.279663288832722,2.549931777831894,6584.6643093205585,6.3554122222514575,122.1526145306471,26264.547078047708,9290.359008355075,3.1576506403866125,2.144084305148338,6549.101091114335,4.051991132883203,77.59616061246459,46409.635293467785,4078.6143834644654,8.139389774659946,1.3376717660504416,6717.790523857843,6.406179831315563,120.70205481809124,23342.953041215074,4949.966944207666,3.848719524766403,1.5229615197495534,6732.058936232567,4.980433042851275,93.26733744075136,0.0,0.0,nan,nan,3426.0,1.0,26.53754284399528,0.0,0.0,nan,nan,3760.0,1.0,24.18021855944889,5143.993728910387,323.95605252906813,1.0314086315988766,0.19864619234359346,4686.137663289873,8.208616907026746,222.21607289622273,11383.341135367904,1334.4949066536922,2.632246443532562,0.6709286323013244,5875.392491738092,9.99923566878981,216.12712798001303
69d45m54pt77167291s5d20m57pt64444538s,69.76521435358696,5.3493456792715826,0.6403313009031022,17.75918099159523,0,0,0,8.500227024969057,0.024496295358705032,7.540802605181394,0.0031093134419439426,5.661257785399077,0.58987592676997,60.74137636412593,18.9010539452846,0.208,BLANK,4594.309069538887,62.57866721240887,929.4269885476537,34.57867600243852,5006.838003195845,2.0316513935830676,48.49614049331055,1521.9935752328743,60.554382398020365,207.43303553952705,22.89911409035595,4958.83673852416,1.9826383383812607,47.62225153199385,1163.256731425658,75.2724584063361,23.382212433022094,7.6246379811597755,3725.468345216309,1.5856514090121665,48.61306888250774,1509.3542466184524,85.33068348520915,30.401933588946076,8.643474439847484,3728.436453650269,1.5856514090121665,48.57669532138594,0.0,0.0,nan,nan,6562.8,1.0,13.853480493619768,1552.4665994689938,159.7673010873981,41.869289655745746,12.357627015806592,4861.553628262633,2.193923613357601,54.45222162558697,561.4251545785315,54.56279871655549,41.45327551798721,14.269729444492713,4340.24134190237,2.5390088343486843,71.58552175120847,117.69085920274696,6869.538690421008,19.535078074382465,4553.460585185948,4102.73242464532,0.4999617834394905,nan,249.51346461253388,63.523051449236384,30.135099856962963,33.01043145647066,3971.160856786092,1.2227419852529653,32.14903318884769,475.26892451280213,66.66489425215816,144.0269716043634,91.34448057982841,3889.570777909028,1.3335590513102873,37.15696894171382,1120.032629148002,891.306764171095,32.0921861955403,119.70751355006011,3832.984840204431,9.99923566878981,331.09476865566154,238.26227611786308,128.8892899850837,22.38158677346873,42.442449759424036,4362.496011007651,9.199520320916552,267.6462402109614,394.6791220815128,73.82347124892371,27.107668537213037,23.232237100084543,3868.4564840720072,1.061380183978312,26.254335632914437,0.0,0.0,nan,nan,6583.45,1.0,13.810026928666252,0.0,0.0,nan,nan,6548.05,1.0,13.88468655302385,0.0,0.0,nan,nan,6716.44,1.0,13.536579167464883,0.0,0.0,nan,nan,6730.82,1.0,13.507659064352907,0.0,0.0,nan,nan,3426.0596442210417,3.2284211001935392,117.11414193117162,29.804874035026113,195.60738437816946,0.4475620159294631,14.473047241176165,3758.003585899395,0.4999617834394905,nan,277.60798510321865,821723.1546038304,12.246945895845682,110899.40250662864,4685.274379885825,0.5028349633540569,nan,0.0,0.0,nan,nan,5875.62,1.0,15.473706908126772
STACK,0.0,0.0,0.29586875026452597,nan,0,0,0,nan,nan,nan,nan,nan,nan,109.36894987505808,19.709711063259025,0.208,BLANK,0.0,0.0,nan,nan,5007.377262827488,7.3464165067559835,185.94919263584336,0.0,0.0,nan,nan,4959.090346027889,6.208631384933739,158.37791426617565,0.0,0.0,nan,nan,3726.03,1.0,24.400668213494743,0.0,0.0,nan,nan,3728.82,1.0,24.382410999599827,566567.5323960365,44882.34979443804,11.847599505701355,1.7972006616886718,6564.558368854773,7.056960940378307,136.2211001035541,0.0,0.0,nan,nan,4861.8927526450525,6.51944665462069,169.74644098810003,0.0,0.0,nan,nan,4340.5571501801,5.513088931309381,160.39578400799246,0.0,0.0,nan,nan,4105.904728384731,6.268511952968243,193.34614283488057,57293.74269873282,9231.19733217958,3.5916246863323016,2.4768406336369444,3980.08,9.99923566878981,319.8627926142355,0.0,0.0,nan,nan,3889.06,1.0,23.37778840736009,0.0,0.0,nan,nan,3835.4,1.0,23.704860453545347,0.0,0.0,nan,nan,4364.691951430176,9.99923566878981,291.0428046557292,0.0,0.0,nan,nan,3868.75,1.0,23.500516131444996,0.0,0.0,nan,nan,6583.613676556179,7.97647824518917,153.65326607131408,156382.88466709666,42428.76083212696,2.6453362097139057,1.37889575882627,6543.875137395027,4.071105511872664,77.97343651772267,185417.4882297037,40969.925219962715,7.118400236033733,2.9456593959512856,6708.10202136054,9.99923566878981,189.07053077254085,0.0,0.0,nan,nan,6731.12640536792,7.79782645954735,146.89655796169865,0.0,0.0,nan,nan,3426.0,1.0,26.53754284399528,0.0,0.0,nan,nan,3760.0,1.0,24.18021855944889,0.0,0.0,nan,nan,4685.405417740863,2.089696636550394,53.49692821260146,0.0,0.0,nan,nan,5875.7753530713935,0.4999617834394905,nan
69d44m49pt03772029s7d16m33pt65144138s,69.74695492230272,7.276014289271198,0.7063428687804651,15.472310757180939,0,0,0,nan,nan,8.124990978349993,0.00020376381872174847,8.193185295550938,0.3838963738274389,51.21583546482407,10.313255592918358,nan,BLANK,10246.88315511484,253.97573348904058,49.54392439922304,3.354120618473222,5006.831922421258,2.7919409183367683,68.72383978023788,5900.29824228978,679.6610833538672,11.639393344161013,3.7179863101382993,4960.567894985408,1.883581082135765,44.89384554049375,7345.889777102095,180.67731670813222,15.03716491926401,1.8634642396252616,3725.722783191514,2.4603986503485493,80.59221255363325,8717.99395239214,201.96408345585223,17.884816870277056,2.0830110501177983,3728.8445773973294,2.4603986503485493,80.53191136638779,0.0,0.0,nan,nan,6562.8,1.0,13.853480493619768,3931.445947449779,158.1047270680518,15.986752455163002,1.842963589468228,4862.939288729484,1.5731293616790167,36.894297729733346,0.0,0.0,nan,nan,4342.549832986923,2.1542520675856585,59.75761112323434,603.9255298553314,121.73581190399489,1.3780021776862386,1.1096842977729575,4101.9995679186295,1.5184509550545118,41.82319006860879,338.5244193033053,48.627480778383706,1.0596567355214672,0.6560694814779683,3968.238145625407,0.9334710937172946,19.803228853297743,1056.3895265804904,120.03636719095364,2.581086694074314,1.326762359095871,3888.7558974127282,2.383028155270087,74.56804749045251,514.4927750780613,135.25134050043494,0.7992868910765484,0.9833784624651379,3835.3637735794955,2.150265214992437,67.48677369336548,0.0,0.0,nan,nan,4363.809442725452,3.9774915906349513,114.2442007433457,2137.5026727695476,148.65728498245227,4.331150971218457,1.3789749321681057,3869.820289575941,2.6591740819395167,84.41994820557836,0.0,0.0,nan,nan,6583.45,1.0,13.810026928666252,0.0,0.0,nan,nan,6548.05,1.0,13.88468655302385,0.0,0.0,nan,nan,6716.44,1.0,13.536579167464883,0.0,0.0,nan,nan,6730.82,1.0,13.507659064352907,0.0,0.0,nan,nan,3426.306655776808,5.97136255503612,220.36587153829583,309.4892919501702,454271.2617710184,0.6221546179363217,4495.461230212214,3759.360730745815,0.4999617834394905,nan,21426.955544010663,933.5663707435583,25.45963889149674,3.3949785492662468,4684.122780372615,1.9200464700980548,48.57726242421027,0.0,0.0,nan,nan,5875.62,1.0,15.473706908126772
69d44m47pt02148888s7d16m31pt65143843s,69.74639485802234,7.275458732897742,0.49455483810204215,13.83683201288634,0,0,0,nan,nan,7.241344276598895,0.036951101793984406,1.7141001806208966,1.9000048553228508,66.64314991126486,15.05371220703265,nan,BLANK,144.43040190626775,128.14083120960333,3.1792388571539547,7.704239785564759,5006.904016239254,0.4999617834394905,nan,778.3527097555233,97.83115585315369,10.099452720924367,3.5299889611527315,4952.130167980178,1.725340421514531,40.4852797379147,509.3896456603494,162.15596869600964,5.672020691040437,9.106014604147779,3724.366405292624,2.613732947412064,86.04310050286448,0.0,0.0,nan,nan,3728.869568335574,4.636582205234483,156.48864277702253,0.0,0.0,nan,nan,6562.8,1.0,13.853480493619768,835.5245355632401,916.4846326069004,397.2656038202035,1248.8085280408561,4863.6992230224305,0.4999617834394905,nan,0.0,0.0,nan,nan,4339.021614616814,6.227545545906632,181.5026960275347,1273.3159810872087,75.96087691315768,21.236685501103228,5.059042879624797,4102.79067190244,1.7264233563644737,48.98267080783467,373.4034046206775,1223.6184823264846,12.862910599291306,181.3807811760061,3970.9932674494094,0.638466350089081,nan,0.0,0.0,nan,nan,3889.90380025079,2.8211515065382393,89.46363425312549,0.0,0.0,nan,nan,3832.008019939755,3.1663085345031874,102.50009595264544,0.0,0.0,nan,nan,4362.284431413635,4.316849963346804,124.29042302740578,111.32291075411575,2.5923912970750804e+112,5.776221145464608,6.162079450621355e+111,3868.7512067319853,0.4999617834394905,nan,0.0,0.0,nan,nan,6583.45,1.0,13.810026928666252,0.0,0.0,nan,nan,6548.05,1.0,13.88468655302385,0.0,0.0,nan,nan,6716.44,1.0,13.536579167464883,0.0,0.0,nan,nan,6730.82,1.0,13.507659064352907,1062.5178837794608,207.4353745937755,15.152411740394173,18.873211219802787,3423.374932300988,5.079555699671377,186.95533987173553,842.0758248808949,1198208.4943429506,10.535669271804435,73698.18176502595,3761.3619435921605,0.5543323178827918,nan,283.3473728565951,37595.453773170826,11.809966086952635,4793.403108254981,4685.4462258637595,0.6354876623760927,nan,576.1481006871152,255.33723887471845,10.949435256250528,10.547716361446588,5876.646877017641,2.306950130669571,47.629233326291605
STACK,0.0,0.0,0.6004488534412536,nan,0,0,0,nan,nan,7.856317165400208,0.004550798065415351,6.687020563512068,0.45657179457345937,68.36079806997654,12.469876885253504,nan,BLANK,11202.739935248776,319.2691547944419,66.81899209035066,5.201503338693088,5006.771919148938,3.0708727907893767,76.0281342505779,5788.628908131879,588.3170824498299,12.591053144247425,3.5484758757472457,4960.671899537974,1.3929004940723335,30.91622635720368,8233.88286563991,335.3148718045365,19.511449452605746,4.0040570509678854,3725.502963099419,2.9348270219972954,97.38239753724733,10379.473521512253,427.1326209518176,24.649298251598314,5.100469816374486,3728.61769518195,2.9348270219972954,97.30953349738246,0.0,0.0,nan,nan,6562.8,1.0,13.853480493619768,5324.4527801830145,339.9214094615013,37.134002085733066,6.7982362559257545,4861.902754675808,3.957161862968387,101.99719125290818,0.0,0.0,nan,nan,4341.897935626163,3.098631165072861,88.53653477931898,995.5950303047057,330.65180362510296,2.460967250513673,3.2600641561719836,4104.892798324909,6.544320677678544,201.95832582482706,0.0,0.0,nan,nan,3969.8117029654527,3.755594759418183,118.32171100345447,1363.4083749459837,159.00211552413552,4.25635941391618,2.2458491237382177,3888.5217668280625,2.3491690588129233,73.40771006798174,881.5204907517194,166.96408097228084,1.2805747737852151,1.1349729610320254,3835.597554125832,1.722396803371197,52.23777841334671,0.0,0.0,nan,nan,4364.030323670459,5.661173227669518,163.91461194793052,2655.0008000188946,232.21957847244394,5.694626727506739,2.2804395143111824,3869.6543982065705,2.6395214071467734,83.74940246653131,0.0,0.0,nan,nan,6583.45,1.0,13.810026928666252,0.0,0.0,nan,nan,6548.05,1.0,13.88468655302385,0.0,0.0,nan,nan,6716.44,1.0,13.536579167464883,0.0,0.0,nan,nan,6730.82,1.0,13.507659064352907,0.0,0.0,nan,nan,3426.6816109709985,4.981409846708072,183.2724062382751,864.2818750583228,1037629.2690492546,1.5609830544911965,9223.77104272087,3759.639978954949,0.503509351155113,nan,22307.33579832259,955.0854221785218,27.309187761138006,3.578450297679887,4684.1729074937675,1.9978071481440416,50.83945478724381,0.0,0.0,nan,nan,5875.62,1.0,15.473706908126772
83d14m19pt60251085s-37d01m34pt11295918s,83.23877847523715,-37.026142488662046,0.3434483003154005,18.107305535198982,0,0,0,8.748332487977944,0.5115851654936517,8.117823722821766,4.1577396611594334e-05,9.11621977918443,0.1619259564243298,57.327734412797476,9.487196412205792,nan,BLANK,17263.4068882666,50.693727740407695,63.68734839973003,0.5108197573468005,5006.83929978648,2.1725023915219315,52.294675156650484,5599.07208857554,56.555697486621646,19.316800875028704,0.5413701350883332,4958.900748923621,2.2316430071782296,54.401524597508455,10164.288259609544,230.7753205642649,32.22586095362416,3.6860561813902555,3725.8903273573255,2.3686221870255952,77.31563889081212,14723.533029819895,310.4646917599879,46.77245707660435,4.958893755914602,3728.6961788113013,2.3686221870255952,77.25778932110768,11693.673274595654,150.9139792774027,112.16826302493875,2.7727787560411046,6562.761165392957,2.433502754853864,45.21172923204749,5237.949657082916,82.37774750000666,23.45023976858379,1.0578312660370013,4861.245721681004,2.1900869496068465,54.346194128185836,2454.6413889532214,105.22734843845265,8.055466200517557,1.2231189659252546,4340.3133359983585,2.4833353807501877,69.88515482853488,266.3573529172389,460.8160164879131,0.6127388882198238,4.235290571690572,4101.871135525206,0.4999617834394905,nan,121.82426530475396,125.43202865060053,0.28186443329214345,1.2500657575905127,3969.306506608848,0.4999617834394905,nan,0.0,55.274012645701724,nan,nan,3889.06,1.0,23.37778840736009,0.0,0.0,nan,nan,3834.765558392329,2.3141372469376256,73.21567261053677,581.5295345074425,290902.773031166,1.6673170631535108,2922.9403056667506,4363.104744049346,0.6710482986301499,nan,2114.94847846894,103.61927890707197,4.268032365272159,0.9579199012181289,3868.7757888379274,2.214265285096312,69.12861202177973,0.0,0.0,nan,nan,6582.644677836341,0.4999617834394905,nan,0.0,0.0,nan,nan,6547.691365063045,9.99923566878981,193.93267853817915,1230.4429855101127,146.6536724937776,10.906671260212603,2.4315547005496394,6716.14647112869,2.306429623338041,41.6562539784633,929.687025816962,191.14160511759107,8.363147050180824,3.2093078406126407,6730.561978419295,3.2881128969841042,60.76735492549242,0.0,0.0,nan,nan,3426.0,1.0,26.53754284399528,840.4943171095501,9764238.682836372,2.399119893902508,137217.3615862459,3759.201469863203,0.5604602167297258,nan,518.5650336014236,102.26426705221375,2.1496439121412734,1.2974359384464509,4684.130846884029,2.327642530424673,60.31456033685145,516.0176844778681,134.39347195225372,4.850489022013517,2.7465603169281665,5875.528622344216,2.5112555413543083,52.25604961284954
83d13m31pt00166154s-37d01m45pt11213223s,83.22527823931703,-37.029197814509274,0.27305110544651545,31.9576448819146,0,0,0,nan,nan,10.299844418454391,0.0069114102477188955,1.5272524380903505,0.015986404420374013,68.89279630299227,16.195840587012153,nan,BLANK,24408.017846764167,133.15302742684435,15.628961847140555,0.23288020415076294,5006.859883659825,2.6699033677517723,65.51344705546371,8305.545451981601,179.04895921526725,5.2844332580330855,0.31607688610212054,4958.9570976238965,2.7381318238791623,67.96012200520983,0.0,111.50863167865684,nan,nan,3726.03,1.0,24.400668213494743,0.0,109.99279262433421,nan,nan,3728.82,1.0,24.382410999599827,57744.0316253322,1452.3522872342312,46.1418502184285,2.222999648120965,6562.576174562485,3.031174700239408,57.21158925932863,21419.87957121891,135.67394344799322,14.371158824590783,0.2610971019985873,4861.17763155577,2.61676508336044,66.03127405126155,7913.5868135160445,151.40787487121392,3.6767237620388973,0.24915890081105185,4340.299273348082,2.1399995831586334,59.31541072196867,2875.069876735931,135.95947220355828,1.1596276417406368,0.21912864039034696,4101.555094471412,1.3496958255043425,35.817531888006556,257.919305390274,595.6902848514399,0.09662403033010952,0.9606593893696834,3970.3576844367635,0.4999617834394905,nan,754.8124673070079,1147422706.0779526,0.25750677066579597,1770690.5052763952,3888.8744128344374,0.4999617834394905,nan,0.0,0.0,nan,nan,3835.554881501961,0.4999617834394905,nan,646.7888021216056,45420923.435730346,0.276566498300216,68070.73124536808,4362.897205063672,0.6125600526678099,nan,8398.951036875247,378.0912273942604,2.9685299206854214,0.6123503110553079,3868.3168973386064,7.0067644456095355,229.42020337938567,5307.88687721539,4708.894547673554,2.412100464203127,4.085620014044218,6583.081255123476,2.141023473197672,39.12752485301228,0.0,0.0,nan,nan,6546.828832326248,0.4999617834394905,nan,11437.292759693455,864.8005012384134,11.06465455637515,1.5649323832177457,6716.07513810578,3.2559291275869686,60.27295641423355,7111.698673167563,1138.503344081912,6.43768812164515,1.9236020347740181,6730.544309189802,2.925965926331685,53.73609681969728,0.0,0.0,nan,nan,3426.0,1.0,26.53754284399528,1758.5113889265856,252.9927627964426,0.6780486997428409,0.47912061109026577,3762.6880536950903,2.8332603217041603,92.95759518059822,2267.014514016302,456.81007743072365,1.2322357051442985,0.7572899002915969,4693.20726130134,9.99923566878981,271.0131455203778,2839.9071765259696,104.45280724417354,2.6511117862571774,0.21200671713369298,5875.360029,3.1422024523275796,66.37281424822702
83d14m26pt36626535s-37d01m32pt91263786s,83.24065729593194,-37.02580906607291,0.5530582613876898,24.89986001007415,0,0,0,nan,nan,8.104126425017865,5.317109902897394e-06,8.894257050699032,0.02139281947499462,52.04204464031068,10.613544266141618,nan,BLANK,140808.81319118355,249.2936623299865,93.53312717100681,0.4523067962314816,5006.843138229107,2.1037822206861976,50.44536552775492,47588.06330421051,128.04883415319,32.031754605051006,0.2391395501587912,4958.940405234394,2.10498785015896,50.96576286065047,101109.12501015485,215.42602558407913,35.48252933378515,0.3808110868286245,3726.080934126994,2.0765144426277233,66.79700438370321,140128.34164173374,268.66021847430875,49.26981203819421,0.47491378772564735,3728.8214785654586,2.0765144426277233,66.74702512961466,0.0,0.0,nan,nan,6562.8,1.0,13.853480493619768,48304.691521538174,104.91369145631695,32.577791086260085,0.20294348401885087,4861.311019785985,2.0863732347005404,51.47159226548523,24327.52852272207,131.162470093997,11.223368554809436,0.21430851043185684,4340.474582103206,1.9454804164042376,53.24121376058726,12750.92153954937,161.6495117658322,4.981031540478675,0.2523037270055692,4101.758232635578,1.7665306040638336,50.34146211128312,6038.545287335714,171.5911355271608,2.0487458720128715,0.2506517807897367,3970.0754289186084,1.680677189861991,48.9978487869502,7603.508616577514,565.027232928509,2.2253920001298257,0.7480630302213336,3888.849720375747,1.59409446060125,46.88303148768568,580.535431218454,240.93698869368694,0.1824531718260145,0.35438422697443756,3835.3903783732417,0.4999617834394905,nan,0.0,0.0,nan,nan,4363.493602821208,0.4999617834394905,nan,16739.801174215307,377.95086393334526,4.9443150262362945,0.5113955068623461,3868.757579783552,1.9962659772790594,61.52062509151006,0.0,0.0,nan,nan,6583.45,1.0,13.810026928666252,0.0,0.0,nan,nan,6548.05,1.0,13.88468655302385,0.0,0.0,nan,nan,6716.44,1.0,13.536579167464883,0.0,0.0,nan,nan,6730.82,1.0,13.507659064352907,0.0,0.0,nan,nan,3426.069669349097,5.970710455257585,220.34147126286172,2998.183111713237,257.7532193289441,1.0289441410269964,0.4347231280721141,3761.8296888574982,4.217179389575642,140.80900189422906,0.0,0.0,nan,nan,4686.078728578263,2.459801330465108,64.06960738246964,5244.971884463539,171.08786053675016,6.634551335266617,0.4705158966105797,5875.564498145638,2.4848263512186404,51.6594932946113
83d14m11pt83589649s-37d01m13pt31319679s,83.23662108235935,-37.02036477688699,0.5534435736532162,28.566757932772447,0,0,0,10.554022214775326,0.04915818793363805,8.068678376479266,3.4188511364572545e-05,8.08381774664371,0.10005926451501375,65.61447634880467,19.4619786215167,nan,BLANK,28606.568143724373,239.8250647145531,34.868233219968396,0.7984406885134828,5006.859893660865,3.187327303900728,79.06627683579967,9194.885213994332,122.89564627683436,10.62375305038897,0.3939676731600983,4958.944898006761,3.0967089368012424,77.44404925989556,32601.843683146904,480.3960365559151,24.178794278966503,1.7947110134768758,3726.0300574286666,2.7442077925097075,90.6616928187732,41127.04850418834,650.4689054544598,30.557920831817707,2.4300860534004203,3728.6815942594094,2.7442077925097075,90.59385738478485,0.0,0.0,nan,nan,6562.8,1.0,13.853480493619768,13796.741717904242,134.3340431659759,16.37790156722881,0.4573991497978229,4861.1993694780385,2.9981358103148232,76.34615134506895,5490.287062112693,96.60366011432443,4.637386377147756,0.28900592536537173,4340.325657646033,2.532999591935452,71.40214023192044,1809.8942744904377,89.4312755322357,1.2918679744450317,0.25504286485045413,4101.812116934221,1.2886491592673441,33.581744979658815,178.70017904031818,120.7122148956562,0.11851711157863526,0.3447258006565858,3969.895299968592,0.4999617834394905,nan,0.0,0.0,nan,nan,3888.691405361058,0.4999617834394905,nan,0.0,0.0,nan,nan,3834.4417991092073,0.4999617834394905,nan,125.85698723867542,284.24694563240877,0.09640608487771445,0.7627977858362578,4363.797354769485,0.4999617834394905,nan,3762.976776377776,161.66181079811219,2.2664306601770754,0.44612126235242583,3868.5072673004333,3.6252580554574076,117.05242522938029,0.0,0.0,nan,nan,6583.45,1.0,13.810026928666252,0.0,0.0,nan,nan,6548.05,1.0,13.88468655302385,0.0,0.0,nan,nan,6716.44,1.0,13.536579167464883,0.0,0.0,nan,nan,6730.82,1.0,13.507659064352907,3168.717622880415,464.8736013479592,1.9394505336764534,1.8132125665839263,3424.693415346885,9.99923566878981,370.65991701749095,582.6766054201844,9314120.250052111,0.40168571023566796,31619.931504455595,3758.8413670004174,0.5119424503568006,nan,259.06349551458726,68.88557622417174,0.25962211696644244,0.21092410241364912,4688.545711847361,1.0769366753327072,22.236197686152085,1420.172856521096,172.01562959700806,2.8878860593181863,0.7606478560271028,5874.588983428839,3.913288030697047,83.42368928243174
STACK,0.0,0.0,0.4307503102007055,nan,0,0,0,nan,nan,8.091721905656042,0.0024796341755438304,7.691405141938847,0.47992627996034853,83.2625392090317,18.7060115569214,nan,BLANK,13951.433570615087,1477.7166819624058,2.8576747742659485,0.8267473941570609,5006.832918399553,1.9308751090147662,45.75687712013649,4963.485097678666,141.04661706092864,1.067991289648072,0.08420679565110543,4958.868146710101,2.223492528873792,54.181111630678984,7880.72014447722,366.99405335452286,0.9430034668476837,0.22124120448842458,3725.8423087301035,2.3875765029872174,77.99328812023677,10953.635150318918,480.66224071681626,1.3132576375963703,0.2897657117772558,3728.627217146598,2.3875765029872174,77.93493151577331,11657.92331282573,310.64978638573297,5.241371529395935,0.26752251142348543,6562.778287379974,2.388640932434841,44.302290137200785,4907.981476265605,224.40248897755566,1.0210460684899771,0.13391866379982242,4860.912574156765,2.2855003429602965,56.97700392965563,1842.515087090148,219.5871208022815,0.3319089064485801,0.1400606264937437,4340.981495818805,2.104175827006304,58.20235900118141,1628.6262028623873,4950147.843787607,0.2563499297010838,3111.733930732685,4102.601440933125,0.6315456158167431,nan,182.34337708500357,1898961.4502244575,0.025504083687277832,1143.8631475171057,3969.6165370818485,0.6155025050681208,nan,0.0,0.0,nan,nan,3888.197041671508,7.375822949927686,240.36107357597925,0.0,0.0,nan,nan,3837.185877551786,0.8691152720528721,17.099017389130257,0.0,0.0,nan,nan,4361.089263487288,9.99923566878981,291.0428046557292,1877.1912425932865,18812265.41903915,0.24896359902941714,11427.089574135434,3869.115819454799,0.5885931059830325,nan,0.0,0.0,nan,nan,6583.36733535768,0.4999617834394905,nan,0.0,0.0,nan,nan,6547.523061658737,7.354861053885633,142.34739201525775,897.9497667147897,61688276.37720855,0.42827147153067585,55033.13379233073,6716.236483874732,0.5788547747788122,nan,3330.2496092719725,629.545436003909,1.6566972931548472,0.5846129633248301,6729.76311003535,6.90844333656606,129.99728093138302,0.0,0.0,nan,nan,3426.0,1.0,26.53754284399528,0.0,0.0,nan,nan,3762.7023794784714,0.4999617834394905,nan,833.2755726123135,532.927214708147,0.1492504038645481,0.29206070077974794,4684.851801589005,2.148634810017228,55.19353367436812,1024.9413478281315,531.2620253445988,0.3618546875307646,0.4075363421347156,5878.426358183453,4.555614989714969,97.53666001283273
135d09m12pt63809763s20d53m40pt88867693s,135.15351058267362,20.89469129914648,0.6479508766382589,14.396512059809865,0,0,0,nan,nan,nan,nan,nan,nan,136.48960284391057,26.158863739404143,nan,BLANK,232.916492043785,4063.1132763891596,0.02789304713465041,1.3289584416590237,5007.053442369124,0.4999617834394905,nan,0.0,0.0,nan,nan,4958.904356874703,8.43918557299341,215.91267139304563,0.0,0.0,nan,nan,3726.8996047655487,5.776441990522291,195.9136001901244,0.0,0.0,nan,nan,3728.865989775701,8.176961222604115,278.1546247192661,0.0,0.0,nan,nan,6562.8,1.0,13.853480493619768,0.0,0.0,nan,nan,4861.403339563166,3.8164562321625706,98.25107135737132,0.0,0.0,nan,nan,4340.762688714848,9.99923566878981,292.5682705754515,0.0,0.0,nan,nan,4103.379846363,3.0354942632691047,91.6767795949731,2427.1970263911626,653.0481800619083,0.24004229136988062,0.2784358192345432,3967.8330980408755,3.184847544853266,99.63239838466944,0.0,0.0,nan,nan,3888.4015097285255,6.836046666607272,222.60476270826112,13391.555685417015,4798.664380670088,1.4656672814147425,2.4567886732312827,3836.119733753921,9.99923566878981,331.09476865566154,264.8809810895299,5.632818115358408e+61,0.030288069161258566,2.2582218796098734e+58,4362.137686911548,0.4999617834394905,nan,9794.491323050706,1658.9463920481855,1.0760958482910714,0.8355547131426426,3867.6391918607737,4.250197820050959,137.95259246056418,0.0,0.0,nan,nan,6583.45,1.0,13.810026928666252,0.0,0.0,nan,nan,6548.05,1.0,13.88468655302385,0.0,0.0,nan,nan,6716.44,1.0,13.536579167464883,0.0,0.0,nan,nan,6730.82,1.0,13.507659064352907,15680.738577559208,741.1706405321719,1.1671044626120075,0.35114220216260295,3426.0086270838337,9.99923566878981,370.65991701749095,3258023.9485883424,7555.247878142333,221.52399364668804,2.537829495624195,3754.172096621126,6.65538603875135,224.0953416356797,0.0,0.0,nan,nan,4682.078155493571,8.262988692575618,223.69872191430878,0.0,0.0,nan,nan,5875.62,1.0,15.473706908126772
135d08m54pt86939303s20d53m54pt88870579s,135.1485748313986,20.898580196052816,0.08090723821249379,25.694587248949727,0,0,0,nan,nan,nan,nan,2.5409826811491825,0.022989524637781485,46.47444815687784,10.518392395983433,nan,BLANK,35912.10448549126,169.4961207160461,25.058385962390325,0.3230420636182452,5006.83732392205,2.605355281385899,63.811113540001244,13147.31551057242,150.07752741699832,9.569044232762362,0.30305885831833657,4959.0324301584415,2.7399378036368223,68.00807950994232,0.0,0.0,nan,nan,3726.03,1.0,24.400668213494743,0.0,0.0,nan,nan,3728.82,1.0,24.382410999599827,49664.9545421089,689.5221395528839,49.99403680431721,1.3294799656039775,6562.779785326087,2.5244519129673293,47.050904034159345,19307.262642922113,150.2529700816414,13.982695898114846,0.31210637238004846,4861.319336077329,2.527689561839729,63.60700844919414,0.0,0.0,nan,nan,4340.46,1.0,20.94654063936261,0.0,0.0,nan,nan,4101.73,1.0,22.16567686891332,0.0,0.0,nan,nan,3970.08,1.0,22.900702702093618,0.0,0.0,nan,nan,3889.06,1.0,23.37778840736009,0.0,0.0,nan,nan,3835.4,1.0,23.704860453545347,0.0,0.0,nan,nan,4363.21,1.0,20.83732430562082,0.0,0.0,nan,nan,3868.75,1.0,23.500516131444996,724.9745758790574,4305.4397746184895,0.3885601999374763,4.405549987741821,6583.346173950802,0.4999617834394905,nan,0.0,0.0,nan,nan,6548.220466296344,9.99923566878981,193.93267853817915,8579.002092396851,741.8949272832222,10.330092392231034,1.670895255882884,6716.468301707932,2.576361858340063,46.99785839071798,5327.662912173912,880.3300820270399,5.87767772879135,1.8126450824167801,6730.947355523652,2.0299250129624533,36.03992996669138,0.0,0.0,nan,nan,3426.0,1.0,26.53754284399528,0.0,0.0,nan,nan,3760.0,1.0,24.18021855944889,2885.2466017731035,305.3339677390868,1.8727091207556021,0.6073459149693797,4680.691199806337,6.989454382248732,188.94900146607304,2245.126005042125,458.4834435152394,2.3122969787040275,1.0266127140973484,5875.636141828898,2.726978945757209,57.10703543147437
135d08m58pt72285054s20d54m01pt88874269s,135.14964523626062,20.900524650747624,0.08155114982747724,31.714126786789254,0,0,0,nan,nan,nan,nan,5.126458567872937,0.1022217836775417,43.532086557520365,10.319832286993824,nan,BLANK,27466.893313240067,145.4676386132956,47.37727013177213,0.6853525397083962,5006.836823755231,2.582611252868995,63.21051341603255,9370.40504156656,144.86855615300206,15.700689412129512,0.6734979515337068,4958.879890382454,2.7578133193835273,68.48264268005327,0.0,0.0,nan,nan,3726.03,1.0,24.400668213494743,0.0,0.0,nan,nan,3728.82,1.0,24.382410999599827,19018.028344774266,205.41814081339814,51.41711976459656,1.063775186024668,6562.7308582734995,2.4128783329636234,44.79382414495813,7185.72048658751,137.57330763598574,14.086319559297342,0.7735434269809641,4861.227343422806,2.455470997501558,61.63633424172505,0.0,0.0,nan,nan,4340.46,1.0,20.94654063936261,0.0,0.0,nan,nan,4101.73,1.0,22.16567686891332,0.0,0.0,nan,nan,3970.08,1.0,22.900702702093618,0.0,0.0,nan,nan,3889.06,1.0,23.37778840736009,0.0,0.0,nan,nan,3835.4,1.0,23.704860453545347,0.0,0.0,nan,nan,4363.21,1.0,20.83732430562082,0.0,0.0,nan,nan,3868.75,1.0,23.500516131444996,0.0,0.0,nan,nan,6583.041588363161,0.4999617834394905,nan,0.0,0.0,nan,nan,6547.769978488443,9.99923566878981,193.93267853817915,2027.7287482488268,241.88973746977803,6.258202238771122,1.3964037873176698,6716.246678106038,2.2022342360743377,39.57846053483619,0.0,125.82693336749298,nan,nan,6730.82,1.0,13.507659064352907,0.0,0.0,nan,nan,3426.0,1.0,26.53754284399528,0.0,0.0,nan,nan,3760.0,1.0,24.18021855944889,0.0,0.0,nan,nan,4685.556049231704,6.622095340301157,178.91458283555187,981.7334752179711,164.22210579703423,2.7960731692731735,1.0168927132546444,5875.544208049868,1.833364941760612,36.714958684879434
135d09m16pt70598875s20d53m56pt48859839s,135.15464055243186,20.899024610664153,0.22901792673583943,29.562631816418286,0,0,0,nan,nan,nan,nan,3.6165965627176786,0.1038369462792718,66.0984422290164,12.169357185477601,nan,BLANK,12891.434756996425,105.07574237184639,29.957692404439353,0.6669548368542627,5006.838874850584,2.3073487170545417,55.90442880552815,4533.954580058914,134.29376902180968,10.746481297437862,0.8831949093011671,4958.811900148667,2.254062736674339,55.00737028839757,0.0,0.0,nan,nan,3726.03,1.0,24.400668213494743,0.0,0.0,nan,nan,3728.82,1.0,24.382410999599827,12686.673731667408,153.37838463382337,51.96859608899871,1.203436138042007,6562.776072654224,2.593620471508475,48.44590309882812,4818.173394480332,130.0531104579251,11.73990778039528,0.9088471715952876,4861.461246152846,2.411261439724757,60.42745605505089,3016.0458631612883,138.7633510878106,5.941052678679072,0.9680666241954606,4340.472572801849,2.22575436850074,61.970994080255686,1158.6861522171082,75172950.21464176,1.5302732184817245,396817.15617240244,4101.105604551481,0.6005326144089776,nan,1926.1259200612703,214.8853311014586,2.5902249812664295,1.2440685605697992,3970.2133076440537,2.1701002578010944,65.86970696949597,0.0,0.0,nan,nan,3889.7487873986342,5.882990666146846,191.21421217731847,0.0,0.0,nan,nan,3835.4,1.0,23.704860453545347,0.0,0.0,nan,nan,4358.965415422446,3.962408091762842,113.79708768885057,10039.095096349385,399.61242029955895,12.1550916176621,2.218413134139496,3867.398320784036,5.263508518977957,171.66931228182224,0.0,0.0,nan,nan,6583.8510369848445,0.4999617834394905,nan,0.0,0.0,nan,nan,6548.4368803533325,9.99923566878981,193.93267853817915,2065.931753787814,189.24413742066747,8.814074871942378,1.5101053985311392,6716.703498790221,2.8273488579302675,51.92391181653211,1194.8742443279536,309.977970394645,5.05462852824313,2.447417924557456,6730.761332105489,2.08450137126615,37.137735222353996,0.0,0.0,nan,nan,3426.0,1.0,26.53754284399528,0.0,0.0,nan,nan,3760.0,1.0,24.18021855944889,0.0,0.0,nan,nan,4685.022443293783,3.609648003476471,96.21249556406858,1071.0952568430375,165.14846538791426,5.567368716356169,1.8667304115195311,5874.499413441748,2.9165955843213167,61.3482931525792
135d08m52pt94267089s20d53m53pt0886783s,135.1480396308023,20.898080188417477,0.08084762004280721,24.687222832949594,0,0,0,nan,nan,nan,nan,2.2204610980830406,0.09022434450689369,50.656790673232805,13.034266364248415,nan,BLANK,8452.960747939926,167.43156828775656,11.786014847116176,0.6376509708429107,5006.833948132245,2.823530165215635,69.55325832579085,3536.387458937847,137.44508109162487,5.496788666938845,0.5926059005601854,4959.673816341196,3.5756076744479515,90.020307805324,0.0,0.0,nan,nan,3726.03,1.0,24.400668213494743,0.0,0.0,nan,nan,3728.82,1.0,24.382410999599827,13533.839204422167,184.44538039355186,31.764226146894917,0.8291841392736615,6562.772300929258,2.510806919210495,46.77534261248364,5399.485817260373,196.51530266403486,7.8063990617937105,0.814896984916585,4861.328374122224,2.5899473478960022,65.30210820686185,0.0,0.0,nan,nan,4340.46,1.0,20.94654063936261,0.0,0.0,nan,nan,4101.73,1.0,22.16567686891332,0.0,0.0,nan,nan,3970.08,1.0,22.900702702093618,0.0,0.0,nan,nan,3889.06,1.0,23.37778840736009,0.0,0.0,nan,nan,3835.4,1.0,23.704860453545347,0.0,0.0,nan,nan,4363.21,1.0,20.83732430562082,0.0,0.0,nan,nan,3868.75,1.0,23.500516131444996,382.92492866876285,1890.2836308464214,0.5529385939876296,5.2111631342939075,6583.384695623448,0.4999617834394905,nan,0.0,0.0,nan,nan,6547.777483287659,9.99923566878981,193.93267853817915,3148.627350102095,282.7557066993019,8.077974568681919,1.3568694341589826,6716.3751814445,2.4820730957414834,45.137933474895874,1619.6196813115723,274358687.5466452,3.489747812392843,1103264.842195188,6731.22720552645,0.6851308825755644,nan,0.0,0.0,nan,nan,3426.0,1.0,26.53754284399528,0.0,0.0,nan,nan,3760.0,1.0,24.18021855944889,2573.1469746436433,409.6807086472137,3.236856425180453,1.5779647887918582,4682.967980584916,9.147188076450542,247.80071281391815,1319.3046992422462,448.8165849005588,2.7682281810801124,2.047187605473574,5876.156865551733,2.3380524690523643,48.33601223555577
135d08m53pt3707574s20d53m57pt68868486s,135.14815854372222,20.899357968017405,0.0811254124963745,28.82472882429325,0,0,0,nan,nan,nan,nan,3.6500774319378024,0.2090576960638172,51.7204248877127,12.652092190652297,nan,BLANK,7438.578570496322,135.19811777690362,9.7744005320654,0.4852444357976078,5006.8183173826665,2.936158416861634,72.50566619299364,2914.613162620139,201.20793924177602,3.5614918267094344,0.6821357821786915,4959.0682358547865,2.9872175780569914,74.55553232706447,0.0,0.0,nan,nan,3726.03,1.0,24.400668213494743,0.0,0.0,nan,nan,3728.82,1.0,24.382410999599827,8644.369764650351,194.3236505470232,17.060616923162407,0.7346196898870782,6562.634084007955,2.7619567459857985,51.82918784910683,2836.4307130931243,148.26118615412994,3.781194284599935,0.5669539645973666,4860.962068182073,1.5020277220577838,34.80278165094547,0.0,0.0,nan,nan,4340.46,1.0,20.94654063936261,0.0,0.0,nan,nan,4101.73,1.0,22.16567686891332,0.0,0.0,nan,nan,3970.08,1.0,22.900702702093618,0.0,0.0,nan,nan,3889.06,1.0,23.37778840736009,0.0,0.0,nan,nan,3835.4,1.0,23.704860453545347,0.0,0.0,nan,nan,4363.21,1.0,20.83732430562082,0.0,0.0,nan,nan,3868.75,1.0,23.500516131444996,565.7816326535973,851.950452263997,0.8698084969914074,2.5005414465419618,6583.377610175445,2.4494290483202192,45.39139380194508,0.0,0.0,nan,nan,6545.010082998805,9.99923566878981,193.93267853817915,2095.399483657893,297.69443308083,4.72785801859802,1.2563913076737974,6716.204085697251,2.718892249452019,49.79928607374152,1854.131112909111,321.62446659406874,4.073865690285705,1.318970310430871,6730.616119040773,3.1782519481644513,58.63888991935447,0.0,0.0,nan,nan,3426.0,1.0,26.53754284399528,0.0,0.0,nan,nan,3760.0,1.0,24.18021855944889,1214.7222835084808,1071.135116925912,1.4468957820290689,3.903146509383564,4685.259355317594,9.99923566878981,271.0131455203778,787.2611554882741,314.9835253697577,1.3909017991154469,1.2095577466185563,5876.923770928039,3.765503614661752,80.16696041880407
135d08m55pt0834287s20d53m58pt28870842s,135.14863428574972,20.899524641227718,0.0812259198003138,28.89224530983413,0,0,0,nan,nan,nan,nan,4.038745524127726,0.49515135618282713,36.11197759909004,6.263667165620894,nan,BLANK,4659.228697766688,188.1744990225038,2.854501612109207,0.314893892345406,5006.836400759311,3.0898522730676943,76.52369545519434,1335.2540672886325,189.10377128407555,0.7502669152522793,0.29480924189658936,4958.968645039896,2.3436127405905003,57.42105913906269,0.0,0.0,nan,nan,3726.03,1.0,24.400668213494743,0.0,0.0,nan,nan,3728.82,1.0,24.382410999599827,8408.619864961396,257.38947757588426,7.380658145155086,0.4327638551472024,6562.4273995120275,2.7595946993239884,51.78181916503459,1484.243740845739,169.55656637457582,0.8945971390479257,0.2931480893675052,4861.050054229131,1.9671085573405278,48.143219996703245,0.0,0.0,nan,nan,4340.46,1.0,20.94654063936261,0.0,0.0,nan,nan,4101.73,1.0,22.16567686891332,0.0,0.0,nan,nan,3970.08,1.0,22.900702702093618,0.0,0.0,nan,nan,3889.06,1.0,23.37778840736009,0.0,0.0,nan,nan,3835.4,1.0,23.704860453545347,0.0,0.0,nan,nan,4363.21,1.0,20.83732430562082,0.0,0.0,nan,nan,3868.75,1.0,23.500516131444996,1164.0081638547863,779.8263175105799,0.9167685493070871,1.1726551258697866,6583.030808524048,2.0424209781664335,37.10401131448789,0.0,0.0,nan,nan,6548.720279063967,0.4999617834394905,nan,3014.0214420421967,341.1730385702749,2.8504900572861596,0.6035251824419154,6716.343931528501,2.9808226799805273,54.921456874661025,1295.0354973187061,326.3679011791362,1.2136838417999378,0.5708938678770845,6730.548765005082,1.3178682058882218,21.119776848360345,0.0,0.0,nan,nan,3426.0,1.0,26.53754284399528,0.0,0.0,nan,nan,3760.0,1.0,24.18021855944889,0.0,0.0,nan,nan,4687.134066930554,5.300402662432797,142.7507746263342,1029.1319700949878,178.02841974854334,0.8160178309420104,0.3068389187499658,5876.58378424586,2.312852941864511,47.763443635263044
135d08m57pt65244372s20d53m59pt08873487s,135.1493479010342,20.89974687079747,0.0814370611887496,29.106952064339666,0,0,0,nan,nan,nan,nan,2.098433047098551,0.12118409791575202,32.2473680460259,4.691860742976434,nan,BLANK,7977.077004861493,203.8944859043018,4.785052173634943,0.3340693145247879,5006.829219972885,3.1425902037741853,77.89984738519216,2554.1506042191463,247.67608767276997,1.396034367695989,0.37558289912687226,4959.086066959517,3.2209095874469558,80.71398719847112,0.0,0.0,nan,nan,3726.03,1.0,24.400668213494743,0.0,0.0,nan,nan,3728.82,1.0,24.382410999599827,15607.845492251796,353.69896603932335,13.577760657666923,0.5893993440514955,6562.415204793075,2.8227250999498232,53.046906680406494,5018.615020213247,246.22358205825722,2.763129063765711,0.3888571094588557,4861.096674352904,2.575675060256773,64.91380772583848,0.0,0.0,nan,nan,4340.46,1.0,20.94654063936261,0.0,0.0,nan,nan,4101.73,1.0,22.16567686891332,0.0,0.0,nan,nan,3970.08,1.0,22.900702702093618,0.0,0.0,nan,nan,3889.06,1.0,23.37778840736009,0.0,0.0,nan,nan,3835.4,1.0,23.704860453545347,0.0,0.0,nan,nan,4363.21,1.0,20.83732430562082,0.0,0.0,nan,nan,3868.75,1.0,23.500516131444996,1705.1218014477056,217012.27435378984,1.2156951894949397,295.40818554872675,6583.027944798632,0.9459579208538205,12.304081752815131,0.0,0.0,nan,nan,6548.299198636282,0.4999617834394905,nan,3493.0293892696327,353.39181848662673,3.1365525222083885,0.5935613808840937,6716.170267439249,2.445547542970434,44.41583257279335,2823.918682072575,427.13100356725806,2.549080653669537,0.7196611427175279,6730.37099477294,2.4365070439944843,44.14244765153357,0.0,0.0,nan,nan,3426.0,1.0,26.53754284399528,0.0,0.0,nan,nan,3760.0,1.0,24.18021855944889,169.4596517753154,511620207966.9996,0.08330100938706174,768586042.4799268,4687.955045383609,0.4999617834394905,nan,591.126302997106,235.4461054831457,0.45281139569612533,0.392161869925699,5875.02271426965,2.096695975266338,42.823567874614014
135d08m56pt79607738s20d54m01pt28872719s,135.14911002149546,20.9003579797741,0.0814856701640434,31.42617057923031,0,0,0,nan,nan,nan,nan,3.0868184158087657,0.16875856835194758,29.026075560638777,3.5741082600423772,nan,BLANK,6790.481929084655,182.79422545417071,6.317688836232907,0.46452132353635234,5006.848200013363,2.87683984309556,70.95160954481082,1668.8546129302954,155.06496759628,1.530032234768712,0.3944843015281211,4958.656361153656,1.6317069496825618,37.84019830162184,0.0,0.0,nan,nan,3726.03,1.0,24.400668213494743,0.0,0.0,nan,nan,3728.82,1.0,24.382410999599827,9871.707976747224,210.9528410638118,15.292252681749572,0.6259433587270976,6562.706529484098,2.4621900195920543,45.79247952615208,2740.4710619489265,128.12821594621772,2.7267244111796787,0.3656366036874181,4861.454612225372,2.0283158362323235,49.85467309541434,0.0,0.0,nan,nan,4340.46,1.0,20.94654063936261,0.0,0.0,nan,nan,4101.73,1.0,22.16567686891332,0.0,0.0,nan,nan,3970.08,1.0,22.900702702093618,0.0,0.0,nan,nan,3889.06,1.0,23.37778840736009,0.0,0.0,nan,nan,3835.4,1.0,23.704860453545347,0.0,0.0,nan,nan,4363.21,1.0,20.83732430562082,0.0,0.0,nan,nan,3868.75,1.0,23.500516131444996,227.0414303269723,0.0,0.2693371118686262,0.0,6583.2930440578775,0.4999617834394905,nan,0.0,0.0,nan,nan,6546.922035330895,0.4999617834394905,nan,2425.3282532555054,284.97948471661056,3.828816478690602,0.8415219261331753,6716.185702646966,2.6970426446285116,49.370554879309495,1707.06998472717,266.3081365580751,2.6298014878430056,0.7657566799240215,6730.384103172373,2.0911234067098685,37.27068294415976,0.0,0.0,nan,nan,3426.0,1.0,26.53754284399528,0.0,0.0,nan,nan,3760.0,1.0,24.18021855944889,853.0004911794705,106952861.12544727,0.6569699947895448,251919.49138277836,4686.081936473005,0.6891130655188729,nan,556.4756199194936,151.9141759103405,0.7358135211435223,0.43668004159870394,5876.032966065873,1.6555361622976412,32.50706279642763
135d09m10pt92541051s20d53m36pt88870194s,135.153034836252,20.893580194983375,0.23548597208323163,10.422978199085462,0,0,0,7.522769878328627,0.007124553172538574,nan,nan,1.9115244983302513,0.03986790362453857,106.06084483551126,17.037962746906974,nan,BLANK,18151.680724706894,313.69037279627787,13.775785583085408,0.6502710850733473,5006.789952200077,6.666383265819749,168.57066310884397,6095.674080205836,190.72843924800455,4.69223658831887,0.40739084950883997,4958.630675539924,6.16388278061904,157.22165678651749,0.0,0.0,nan,nan,3726.03,1.0,24.400668213494743,0.0,0.0,nan,nan,3728.82,1.0,24.382410999599827,21666.922258793908,1684.7261585255642,12.874313566226736,1.9170580249584377,6564.0269083778885,4.933117595488376,94.72800366407888,12684.825554730372,181.95372603973178,9.900812632196349,0.40719778163881215,4862.317633343186,5.081307760578819,131.80224288752865,5700.082773811393,218.34123691648577,4.429254222181255,0.600510267381039,4341.797403017977,3.947334464112254,113.94432399387586,5135.030957999325,255.5216545329437,3.990166909431242,0.7930452515665746,4102.3906022905585,3.8366959541352754,117.08518829650355,0.0,0.0,nan,nan,3971.1138810505504,0.4999617834394905,nan,2328.4487550909107,338.3198858216622,2.0435638726938468,1.3424069243112757,3889.7388304737556,2.8546268957187904,90.59440669599226,0.0,0.0,nan,nan,3845.4,9.99923566878981,331.09476865566154,1614.7924088290902,358.328022966534,1.1850098542967022,0.9225550331367425,4360.715135444617,4.033951353914538,115.91733494248452,6849.618158328115,357.5140519962396,6.795217434688393,1.6240070120889964,3869.5137404968646,3.8864052097390345,125.7995319636811,12919.707152666604,2433.056782783609,7.467523851211379,2.6842996819618317,6584.689961490067,4.670125041857599,89.29018631841525,999.4056018082916,1658.8386087175231,0.5946506601186424,1.894824721194597,6548.676233542321,2.392258294739279,44.47563928508474,6978.314705978496,1037.3267560273052,7.590937134057409,2.1100048215209863,6718.254077844229,5.906405507924524,111.1668881112106,5417.168619554003,919.6084158793664,5.424517152484583,1.7183248445306587,6732.252872938783,4.91710297769214,92.05731384568755,0.0,0.0,nan,nan,3426.0,1.0,26.53754284399528,0.0,0.0,nan,nan,3760.0,1.0,24.18021855944889,2758.2034128626287,322.6979273337441,2.1209258245857563,0.7591610614710528,4685.090272558877,8.639449674883686,233.96246922913033,4155.839305601697,742.4799317387714,4.9971601675733375,1.9413286458728485,5874.881768156186,9.99923566878981,216.12712798001303
135d09m14pt56487688s20d53m44pt28864312s,135.15404579913232,20.895635734199505,0.2353525975037054,18.214623684161502,0,0,0,nan,nan,nan,nan,3.5159518357131057,0.17545301171547842,106.30373949846748,20.23716888399856,nan,BLANK,10116.829413987856,262.99245570691204,10.417398808230466,0.7396642981363489,5006.912662824525,6.4484357779479735,162.99700237117122,4291.98563569458,274.346830604313,4.186787273310026,0.7423842795000215,4959.5444170125875,7.800628048062807,199.45762399228255,0.0,0.0,nan,nan,3726.03,1.0,24.400668213494743,0.0,0.0,nan,nan,3728.82,1.0,24.382410999599827,7388.068568621203,646.362021562585,7.047033266110796,1.1808340002303634,6563.181339329654,3.5710041775077177,67.92907797597229,4098.126403019977,173.60473737037486,4.22049775464898,0.5127522237995857,4861.594544075505,3.8025561312790845,97.88074524907049,3121.461574584238,216.93825186628553,3.5591686963949005,0.8756462700636881,4341.469459506084,5.50948942622909,160.28934480690683,828.2449665610236,146.85953522398907,0.918469360183631,0.6508840834431598,4101.23282031608,1.65043742759335,46.390817089140725,0.0,0.0,nan,nan,3969.166034144695,8.901406125189752,284.560948567684,1274.093670312948,167.895114176205,1.7964601399079454,1.0701382117762828,3889.92150470915,1.4012491709399186,39.73683686609257,0.0,0.0,nan,nan,3825.4,9.99923566878981,331.09476865566154,0.0,0.0,nan,nan,4361.815966712454,1.795484257051697,48.24333813014841,0.0,74.5057005276358,nan,nan,3868.75,1.0,23.500516131444996,5474.962787059952,843.6160798057089,5.298311915575621,1.5585644477172143,6583.688514353402,3.577722406501537,67.84848986439633,1254.3373799194783,784.0106372003916,1.271210090481953,1.5254270358195565,6548.364116854211,2.9289220336502355,55.295176600820085,4368.114563016924,1667.8226684620809,6.9696096985264875,4.970509102329734,6725.7327233654,9.99923566878981,189.07053077254085,2753.084400131014,473.27171631982714,4.094961454489156,1.313834014965843,6730.924911516329,4.498459149331592,84.04967727448991,0.0,0.0,nan,nan,3426.0,1.0,26.53754284399528,0.0,0.0,nan,nan,3760.0,1.0,24.18021855944889,2573.538976365352,410.28342477146475,2.7367403759249638,1.334454341268851,4685.819433750552,9.99923566878981,271.0131455203778,3551.9363941739084,778.0913419843179,5.916156159421866,2.8176647430408206,5875.5907358277045,9.99923566878981,216.12712798001303
135d09m09pt85504789s20d53m38pt48871516s,135.1527375133014,20.894024643099215,0.23562280696017268,10.746935985953895,0,0,0,nan,nan,nan,nan,2.654757230247637,0.0436617742627286,116.88039811711427,19.519166251289406,nan,BLANK,29926.719844983916,236.2116507929588,18.443026515383043,0.3976156977679285,5006.822645336185,7.8122080111624,197.8438727448241,11553.881140523454,272.97429443256317,7.0708092849834925,0.4634701265075499,4959.178901196483,8.64964942758255,221.3341385630556,0.0,0.0,nan,nan,3726.03,1.0,24.400668213494743,0.0,0.0,nan,nan,3728.82,1.0,24.382410999599827,22848.62899206172,1993.9180458337596,10.382104029629543,1.7349685281064329,6564.316105113895,5.233478129464427,100.61071721099324,15625.007255988543,218.05548925801406,9.479611279836401,0.37928183287790407,4862.5380916866225,5.243974280147202,136.1019253046956,8016.780367604704,188.23668349186448,4.95985809952053,0.41220678968654,4341.766025588885,3.7245599281671917,107.29842780324155,5446.426685433526,323.41242475939134,3.4173300224422074,0.8101692231790601,4103.14696208108,6.289036444910262,193.9871815103824,266.7729235017403,4592280710931.131,0.19741757209273772,14629892566.564644,3970.2758610308556,0.4999617834394905,nan,2254.004853439819,288.47131122464606,1.5317056934957047,0.8863267161209332,3889.607550435625,1.6412586731641092,48.59566511604474,0.0,0.0,nan,nan,3825.4,9.99923566878981,331.09476865566154,0.0,0.0,nan,nan,4359.990971193847,9.529030961156398,277.2877152939155,8880.440516731906,406.8922849449893,6.670478016068917,1.4003477312672383,3868.5094317672783,4.155217359147628,134.7827576099979,15960.894890923115,2732.8235392353076,7.365127442315577,2.4069680654452683,6584.9681650258435,5.0403098359272684,96.52448008256789,862.4356720602135,1886.1377201513,0.4095167859985315,1.7188908519162471,6550.326470597308,2.6450183470571673,49.59205387954103,12142.50137560275,2880.9668126536862,9.698332571648647,4.301449907467491,6720.3322717993815,9.99923566878981,189.07053077254085,6441.152853715571,1197.9242647005956,4.527060897204061,1.5710195681091408,6732.470485067218,5.453928507421798,102.30516232561439,0.0,0.0,nan,nan,3426.0,1.0,26.53754284399528,0.0,0.0,nan,nan,3760.0,1.0,24.18021855944889,1000.2198384926551,153.21537555234693,0.5734773129560353,0.2686979018899667,4685.674069949999,2.6453195215502956,69.31139310688592,4237.84088404737,622.9731518031531,3.7582448251342373,1.2012403609954223,5875.202571125801,9.99923566878981,216.12712798001303
STACK,0.0,0.0,0.17933418763778897,nan,0,0,0,nan,nan,nan,nan,nan,nan,117.53360487402584,23.39342131610932,nan,BLANK,6467.314399822148,5917.54286942179,0.35463849937029324,0.8858317893459666,5008.542218560738,4.56878880505347,114.80007512542747,0.0,0.0,nan,nan,4958.823399775467,8.763667752654488,224.27083894359106,0.0,0.0,nan,nan,3726.887666143759,5.671043081159997,192.28511485202517,0.0,0.0,nan,nan,3728.8454528466127,8.201788772956613,279.005405735895,0.0,0.0,nan,nan,6562.8,1.0,13.853480493619768,0.0,0.0,nan,nan,4862.345669690799,3.7480276116220836,96.42753423259023,0.0,0.0,nan,nan,4337.372008255559,9.574857773071745,280.0888568474323,0.0,0.0,nan,nan,4100.690554951693,0.4999617834394905,nan,5374.901587564851,933.506854522427,0.18888127150479858,0.14148181874066673,3967.182377811869,2.404800684319544,73.77638800984465,0.0,0.0,nan,nan,3888.0456825643346,6.583483236488956,214.29160525565186,20117.68774548516,9905.917085677647,0.7130434037754368,1.645007539728981,3833.660186996436,9.99923566878981,331.09476865566154,4680.819420722336,11236467.922273818,0.203072536276639,1708.8774272658147,4362.4772794586215,0.5008697222769205,nan,8100.010265045899,2336.6857657298024,0.2908532199462438,0.3848304062060248,3866.886350518263,3.1768082353532936,101.97076177780603,0.0,0.0,nan,nan,6583.45,1.0,13.810026928666252,0.0,0.0,nan,nan,6548.05,1.0,13.88468655302385,0.0,0.0,nan,nan,6716.44,1.0,13.536579167464883,0.0,0.0,nan,nan,6730.82,1.0,13.507659064352907,15494.854303086955,725.8759575779868,0.37570611334178766,0.11232633809860239,3423.0025753106956,5.441284561549637,200.51794340357452,3346800.200152028,7211.004207220139,92.11954849918428,0.9805433320498732,3754.1660322748744,6.633774081267348,223.35948585020068,0.0,0.0,nan,nan,4685.0219685445645,2.046539455442004,52.25078454958799,0.0,0.0,nan,nan,5875.62,1.0,15.473706908126772
